Employee_ID,Employee_Name,Department_ID,Department,Business_Unit,Position_ID,Position_Title,Designation,Job_Level,Role_Band,Performance_Template_ID,Performance_Cycle_ID,Latest_Performance_Month,Latest_Performance_Score,Latest_Performance_Band,Average_12M_Performance_Score,Lowest_12M_Performance_Score,Highest_12M_Performance_Score,Three_Month_Change_Points,Performance_Trend,Strongest_KPI_1,Strongest_KPI_1_Score,Strongest_KPI_2,Strongest_KPI_2_Score,Development_KPI_1,Development_KPI_1_Score,Development_KPI_2,Development_KPI_2_Score,Average_Evidence_Quality,Existing_Performance_Score_Reference,Existing_Performance_Band_Reference,Review_Status,Data_As_Of_Date
EMP001,Sonia Hassan,DEPARTMENT-001,HR,Corporate Services,POS-001,HR Manager,HR Manager,Lead/Manager,Manager/Head,PT-HR-MANAGER,PC-2025-2026-ANNUAL,2026-08-01,80.07,Strong,80.23,79.17,81.48,1.06,Stable,Attendance and Punctuality,97.37,Responsibility and Deadline Discipline,91.33,Team Leadership and Development,63.38,Teamwork and Professional Communication,59.39,0.92,85.9,Strong,Calculated - Pending Manager Review,2026-08-01
EMP002,Bilal Aziz,DEPARTMENT-003,Sales,Commercial Services,POS-002,Account Manager,Senior Sales Executive,Mid,Professional/Mid-level,PT-SAL-PROFESSIONAL,PC-2025-2026-ANNUAL,2026-08-01,87.79,Strong,86.77,85.9,88.26,1.27,Stable,Sales Target Achievement,96.42,Attendance and Punctuality,95.68,Teamwork and Professional Communication,73.21,Collection Achievement,70.1,0.91,89.5,Exceptional,Calculated - Pending Manager Review,2026-08-01
EMP003,Kamran Ali,DEPARTMENT-002,Finance,Corporate Services,POS-003,Financial Analyst,Financial Analyst,Mid,Professional/Mid-level,PT-FIN-PROFESSIONAL,PC-2025-2026-ANNUAL,2026-08-01,90.85,Exceptional,90.2,89.51,90.85,0.41,Stable,Reporting and Reconciliation Target Achievement,100.0,Attendance and Punctuality,99.14,Financial Transaction and Reconciliation Accuracy,83.78,Teamwork and Professional Communication,62.81,0.9,87.3,Strong,Calculated - Pending Manager Review,2026-08-01
EMP004,Ali Masood,DEPARTMENT-002,Finance,Corporate Services,POS-004,Financial Analyst,Financial Analyst,Mid,Professional/Mid-level,PT-FIN-PROFESSIONAL,PC-2025-2026-ANNUAL,2026-08-01,90.78,Exceptional,90.79,90.26,91.41,-0.46,Stable,Reporting and Reconciliation Target Achievement,100.0,Attendance and Punctuality,96.07,Learning and Adaptability,76.33,Teamwork and Professional Communication,59.45,0.91,87.5,Strong,Calculated - Pending Manager Review,2026-08-01
EMP005,Farhan Shah,DEPARTMENT-005,Engineering,Technology and Innovation,POS-005,Software Engineer I,Junior Software Engineer,Junior,Junior/Assistant,PT-ENG-JUNIOR,PC-2025-2026-ANNUAL,2026-08-01,74.56,Meets Expectations,73.77,72.99,74.81,0.03,Stable,Attendance and Punctuality,98.23,Production Change Success Rate,81.59,Escaped Defects per Release,61.83,Teamwork and Professional Communication,54.85,0.87,68.0,Meets Expectations,Calculated - Pending Manager Review,2026-08-01
EMP006,Sehrish Tariq,DEPARTMENT-005,Engineering,Technology and Innovation,POS-006,Software Engineer II,Software Engineer,Mid,Professional/Mid-level,PT-ENG-PROFESSIONAL,PC-2025-2026-ANNUAL,2026-08-01,86.35,Strong,85.28,83.62,86.35,0.53,Stable,Attendance and Punctuality,97.15,Sprint Delivery Achievement,96.83,Learning and Adaptability,68.59,Teamwork and Professional Communication,55.24,0.9,79.6,Strong,Calculated - Pending Manager Review,2026-08-01
EMP007,Sonia Ahmad,DEPARTMENT-004,Customer Support,Commercial Services,POS-007,Customer Support Representative,Support Executive,Junior,Junior/Assistant,PT-CS-JUNIOR,PC-2025-2026-ANNUAL,2026-08-01,82.59,Strong,83.34,82.19,84.39,0.61,Stable,Attendance and Punctuality,98.99,Support SLA Compliance,89.77,First Contact Resolution and Case Quality,75.17,Teamwork and Professional Communication,62.17,0.88,80.8,Strong,Calculated - Pending Manager Review,2026-08-01
EMP008,Iqra Bashir,DEPARTMENT-002,Finance,Corporate Services,POS-008,Finance Manager,Finance Manager,Lead/Manager,Manager/Head,PT-FIN-MANAGER,PC-2025-2026-ANNUAL,2026-08-01,78.32,Meets Expectations,78.35,77.55,79.12,0.2,Stable,Attendance and Punctuality,97.53,Financial Reporting Turnaround Time,87.63,Teamwork and Professional Communication,65.6,Team Leadership and Development,61.7,0.91,81.2,Strong,Calculated - Pending Manager Review,2026-08-01
EMP009,Hassan Dar,DEPARTMENT-004,Customer Support,Commercial Services,POS-009,Customer Support Manager,Customer Support Manager,Lead/Manager,Manager/Head,PT-CS-MANAGER,PC-2025-2026-ANNUAL,2026-08-01,82.75,Strong,82.69,81.64,83.5,-0.15,Stable,Attendance and Punctuality,97.56,Responsibility and Deadline Discipline,95.22,Team Leadership and Development,67.67,Teamwork and Professional Communication,53.76,0.92,90.7,Exceptional,Calculated - Pending Manager Review,2026-08-01
EMP010,Salman Shah,DEPARTMENT-005,Engineering,Technology and Innovation,POS-010,Senior Software Engineer,Senior Software Engineer,Senior,Senior/Lead,PT-ENG-SENIOR,PC-2025-2026-ANNUAL,2026-08-01,85.75,Strong,85.69,84.62,86.63,-0.78,Stable,Attendance and Punctuality,95.68,Sprint Delivery Achievement,94.85,Mentoring and Knowledge Transfer,74.78,Teamwork and Professional Communication,63.38,0.9,83.9,Strong,Calculated - Pending Manager Review,2026-08-01
EMP011,Khurram Iqbal,DEPARTMENT-003,Sales,Commercial Services,POS-011,Sales Manager,Sales Manager,Lead/Manager,Manager/Head,PT-SAL-MANAGER,PC-2025-2026-ANNUAL,2026-08-01,79.51,Meets Expectations,78.82,77.29,79.82,0.81,Stable,Attendance and Punctuality,98.88,Learning and Adaptability,94.12,Teamwork and Professional Communication,69.99,Team Leadership and Development,65.73,0.91,84.0,Strong,Calculated - Pending Manager Review,2026-08-01
EMP012,Danish Masood,DEPARTMENT-001,HR,Corporate Services,POS-012,HR Manager,HR Manager,Lead/Manager,Manager/Head,PT-HR-MANAGER,PC-2025-2026-ANNUAL,2026-08-01,79.3,Meets Expectations,79.48,78.28,81.03,-0.03,Stable,Attendance and Punctuality,94.76,HR Service and Recruitment Target Achievement,90.78,Team Leadership and Development,61.74,Teamwork and Professional Communication,53.87,0.92,84.3,Strong,Calculated - Pending Manager Review,2026-08-01
EMP013,Anum Ahmad,DEPARTMENT-001,HR,Corporate Services,POS-013,HR Generalist,HR Specialist,Mid,Professional/Mid-level,PT-HR-PROFESSIONAL,PC-2025-2026-ANNUAL,2026-08-01,91.92,Exceptional,92.08,90.75,92.81,0.15,Stable,Employee Case Resolution Time,97.14,HR Service and Recruitment Target Achievement,96.82,Learning and Adaptability,85.03,Teamwork and Professional Communication,71.29,0.91,88.4,Exceptional,Calculated - Pending Manager Review,2026-08-01
EMP014,Shahid Ali,DEPARTMENT-005,Engineering,Technology and Innovation,POS-014,Software Engineer II,Software Engineer,Mid,Professional/Mid-level,PT-ENG-PROFESSIONAL,PC-2025-2026-ANNUAL,2026-08-01,86.94,Strong,86.01,84.39,87.62,-0.35,Stable,Attendance and Punctuality,98.97,Production Change Success Rate,91.63,Escaped Defects per Release,79.75,Teamwork and Professional Communication,70.8,0.9,83.0,Strong,Calculated - Pending Manager Review,2026-08-01
EMP015,Anum Rehman,DEPARTMENT-005,Engineering,Technology and Innovation,POS-015,Engineering Lead,Engineering Manager,Lead/Manager,Manager/Head,PT-ENG-MANAGER,PC-2025-2026-ANNUAL,2026-08-01,80.17,Strong,79.07,78.01,80.59,1.67,Stable,Attendance and Punctuality,96.72,Production Change Success Rate,87.76,Teamwork and Professional Communication,69.97,Team Leadership and Development,64.89,0.91,82.1,Strong,Calculated - Pending Manager Review,2026-08-01
EMP016,Khurram Gill,DEPARTMENT-003,Sales,Commercial Services,POS-016,Account Manager,Senior Sales Executive,Mid,Professional/Mid-level,PT-SAL-PROFESSIONAL,PC-2025-2026-ANNUAL,2026-08-01,70.48,Meets Expectations,71.08,69.73,72.57,-1.19,Stable,Attendance and Punctuality,93.49,Lead Conversion and Customer Retention Score,78.52,Teamwork and Professional Communication,56.6,Collection Achievement,55.68,0.88,69.6,Meets Expectations,Calculated - Pending Manager Review,2026-08-01
EMP017,Amir Haider,DEPARTMENT-004,Customer Support,Commercial Services,POS-017,Customer Support Representative,Support Executive,Junior,Junior/Assistant,PT-CS-JUNIOR,PC-2025-2026-ANNUAL,2026-08-01,89.98,Strong,89.58,88.78,90.26,0.63,Stable,Ticket Resolution Target Achievement,100.0,Support SLA Compliance,99.65,First Contact Resolution and Case Quality,84.99,Teamwork and Professional Communication,54.51,0.89,90.5,Exceptional,Calculated - Pending Manager Review,2026-08-01
EMP018,Sidra Tariq,DEPARTMENT-005,Engineering,Technology and Innovation,POS-018,Software Engineer II,Software Engineer,Mid,Professional/Mid-level,PT-ENG-PROFESSIONAL,PC-2025-2026-ANNUAL,2026-08-01,81.8,Strong,80.46,79.14,81.8,0.37,Stable,Attendance and Punctuality,95.43,Sprint Delivery Achievement,89.68,Learning and Adaptability,65.46,Teamwork and Professional Communication,45.66,0.88,74.1,Meets Expectations,Calculated - Pending Manager Review,2026-08-01
EMP019,Hina Hussain,DEPARTMENT-007,IT,Technology and Innovation,POS-019,Systems Administrator,IT Engineer,Mid,Professional/Mid-level,PT-IT-PROFESSIONAL,PC-2025-2026-ANNUAL,2026-08-01,91.88,Exceptional,91.92,90.89,92.53,-0.47,Stable,IT Service Delivery Target Achievement,100.0,Incident Resolution within SLA,97.16,Learning and Adaptability,82.6,Teamwork and Professional Communication,58.36,0.9,88.6,Exceptional,Calculated - Pending Manager Review,2026-08-01
EMP020,Waqas Khan,DEPARTMENT-004,Customer Support,Commercial Services,POS-020,Customer Support Representative,Support Executive,Junior,Junior/Assistant,PT-CS-JUNIOR,PC-2025-2026-ANNUAL,2026-08-01,84.82,Strong,83.61,82.56,84.82,0.73,Stable,Attendance and Punctuality,98.05,Ticket Resolution Target Achievement,96.85,Learning and Adaptability,69.12,Teamwork and Professional Communication,58.79,0.88,81.8,Strong,Calculated - Pending Manager Review,2026-08-01
EMP021,Usman Khan,DEPARTMENT-004,Customer Support,Commercial Services,POS-021,Customer Support Representative,Support Executive,Junior,Junior/Assistant,PT-CS-JUNIOR,PC-2025-2026-ANNUAL,2026-08-01,76.36,Meets Expectations,76.05,75.07,77.32,1.22,Stable,Attendance and Punctuality,98.79,Support SLA Compliance,80.46,First Contact Resolution and Case Quality,68.53,Teamwork and Professional Communication,65.91,0.87,74.3,Meets Expectations,Calculated - Pending Manager Review,2026-08-01
EMP022,Laiba Raza,DEPARTMENT-003,Sales,Commercial Services,POS-022,Account Manager,Senior Sales Executive,Mid,Professional/Mid-level,PT-SAL-PROFESSIONAL,PC-2025-2026-ANNUAL,2026-08-01,82.96,Strong,81.32,79.72,82.96,0.16,Stable,Attendance and Punctuality,96.49,Sales Target Achievement,89.54,Teamwork and Professional Communication,72.25,Collection Achievement,67.68,0.89,82.8,Strong,Calculated - Pending Manager Review,2026-08-01
EMP023,Fatima Masood,DEPARTMENT-006,Operations,Enterprise Operations,POS-023,Operations Officer,Operations Officer,Junior,Junior/Assistant,PT-OPS-JUNIOR,PC-2025-2026-ANNUAL,2026-08-01,77.24,Meets Expectations,76.48,75.46,77.24,-0.58,Stable,Attendance and Punctuality,95.62,Operational SLA Compliance,86.19,Learning and Adaptability,65.8,Teamwork and Professional Communication,52.07,0.87,73.0,Meets Expectations,Calculated - Pending Manager Review,2026-08-01
EMP024,Fatima Arif,DEPARTMENT-007,IT,Technology and Innovation,POS-024,Systems Administrator,IT Engineer,Mid,Professional/Mid-level,PT-IT-PROFESSIONAL,PC-2025-2026-ANNUAL,2026-08-01,85.41,Strong,85.07,83.75,86.26,1.07,Stable,Attendance and Punctuality,98.55,Incident Resolution within SLA,89.92,Learning and Adaptability,76.19,Teamwork and Professional Communication,63.59,0.89,81.1,Strong,Calculated - Pending Manager Review,2026-08-01
EMP025,Raza Mughal,DEPARTMENT-002,Finance,Corporate Services,POS-025,Financial Analyst,Financial Analyst,Mid,Professional/Mid-level,PT-FIN-PROFESSIONAL,PC-2025-2026-ANNUAL,2026-08-01,87.94,Strong,88.43,86.94,89.95,-0.38,Stable,Reporting and Reconciliation Target Achievement,97.45,Attendance and Punctuality,96.05,Learning and Adaptability,73.79,Teamwork and Professional Communication,58.02,0.89,82.6,Strong,Calculated - Pending Manager Review,2026-08-01
EMP026,Anum Qureshi,DEPARTMENT-006,Operations,Enterprise Operations,POS-026,Operations Manager,Operations Manager,Lead/Manager,Manager/Head,PT-OPS-MANAGER,PC-2025-2026-ANNUAL,2026-08-01,68.59,Partially Meets Expectations,67.45,66.64,68.59,1.21,Stable,Attendance and Punctuality,92.88,Operational Throughput Target Achievement,82.79,Team Leadership and Development,50.35,Teamwork and Professional Communication,41.67,0.89,66.0,Needs Improvement,Calculated - Pending Manager Review,2026-08-01
EMP027,Akbar Hassan,DEPARTMENT-004,Customer Support,Commercial Services,POS-027,Senior Support Executive,Senior Support Executive,Mid,Professional/Mid-level,PT-CS-PROFESSIONAL,PC-2025-2026-ANNUAL,2026-08-01,76.9,Meets Expectations,75.72,74.51,77.15,0.16,Stable,Attendance and Punctuality,90.83,Ticket Resolution Target Achievement,83.16,Learning and Adaptability,66.74,Teamwork and Professional Communication,40.0,0.89,70.3,Meets Expectations,Calculated - Pending Manager Review,2026-08-01
EMP028,Salman Aziz,DEPARTMENT-003,Sales,Commercial Services,POS-028,Senior Account Manager,Senior Account Manager,Senior,Senior/Lead,PT-SAL-SENIOR,PC-2025-2026-ANNUAL,2026-08-01,85.55,Strong,85.46,84.39,86.22,0.51,Stable,Sales Target Achievement,95.68,Lead Conversion and Customer Retention Score,93.61,Mentoring and Knowledge Transfer,72.28,Teamwork and Professional Communication,56.93,0.92,87.2,Strong,Calculated - Pending Manager Review,2026-08-01
EMP029,Ali Saleem,DEPARTMENT-005,Engineering,Technology and Innovation,POS-029,Software Engineer II,Software Engineer,Mid,Professional/Mid-level,PT-ENG-PROFESSIONAL,PC-2025-2026-ANNUAL,2026-08-01,85.44,Strong,84.94,83.34,85.74,-0.25,Stable,Attendance and Punctuality,96.06,Sprint Delivery Achievement,91.32,Escaped Defects per Release,77.25,Teamwork and Professional Communication,67.8,0.89,82.3,Strong,Calculated - Pending Manager Review,2026-08-01
EMP030,Hamza Ahmad,DEPARTMENT-002,Finance,Corporate Services,POS-030,Senior Financial Analyst,Senior Financial Analyst,Senior,Senior/Lead,PT-FIN-SENIOR,PC-2025-2026-ANNUAL,2026-08-01,89.84,Strong,89.9,89.09,90.63,0.78,Stable,Reporting and Reconciliation Target Achievement,100.0,Attendance and Punctuality,95.97,Mentoring and Knowledge Transfer,77.66,Teamwork and Professional Communication,70.81,0.92,87.4,Strong,Calculated - Pending Manager Review,2026-08-01
EMP031,Sadia Haider,DEPARTMENT-005,Engineering,Technology and Innovation,POS-031,Senior Software Engineer,Senior Software Engineer,Senior,Senior/Lead,PT-ENG-SENIOR,PC-2025-2026-ANNUAL,2026-08-01,89.26,Strong,88.81,87.82,89.75,0.09,Stable,Attendance and Punctuality,97.86,Sprint Delivery Achievement,96.55,Mentoring and Knowledge Transfer,76.76,Teamwork and Professional Communication,70.63,0.92,88.6,Exceptional,Calculated - Pending Manager Review,2026-08-01
EMP032,Laiba Mahmood,DEPARTMENT-003,Sales,Commercial Services,POS-032,Sales Executive,Sales Executive,Junior,Junior/Assistant,PT-SAL-JUNIOR,PC-2025-2026-ANNUAL,2026-08-01,75.81,Meets Expectations,75.57,74.71,76.68,0.37,Stable,Attendance and Punctuality,99.67,Lead Conversion and Customer Retention Score,83.78,Teamwork and Professional Communication,63.43,Collection Achievement,56.55,0.88,76.1,Meets Expectations,Calculated - Pending Manager Review,2026-08-01
EMP033,Ali Chaudhry,DEPARTMENT-007,IT,Technology and Innovation,POS-033,IT Support Engineer,Junior IT Engineer,Junior,Junior/Assistant,PT-IT-JUNIOR,PC-2025-2026-ANNUAL,2026-08-01,89.46,Strong,89.68,89.12,90.63,0.17,Stable,IT Service Delivery Target Achievement,100.0,Responsibility and Deadline Discipline,97.55,System Availability and Change Success,81.07,Teamwork and Professional Communication,59.85,0.89,92.2,Exceptional,Calculated - Pending Manager Review,2026-08-01
EMP034,Nida Sheikh,DEPARTMENT-003,Sales,Commercial Services,POS-034,Sales Executive,Sales Executive,Junior,Junior/Assistant,PT-SAL-JUNIOR,PC-2025-2026-ANNUAL,2026-08-01,76.88,Meets Expectations,76.55,75.61,77.52,-0.1,Stable,Attendance and Punctuality,95.54,Sales Target Achievement,90.61,Collection Achievement,56.26,Teamwork and Professional Communication,53.03,0.87,78.2,Strong,Calculated - Pending Manager Review,2026-08-01
EMP035,Shahbaz Malik,DEPARTMENT-005,Engineering,Technology and Innovation,POS-035,Software Engineer II,Software Engineer,Mid,Professional/Mid-level,PT-ENG-PROFESSIONAL,PC-2025-2026-ANNUAL,2026-08-01,81.75,Strong,81.23,80.02,82.65,0.29,Stable,Attendance and Punctuality,96.26,Sprint Delivery Achievement,87.5,Escaped Defects per Release,72.5,Teamwork and Professional Communication,58.01,0.89,77.6,Meets Expectations,Calculated - Pending Manager Review,2026-08-01
EMP036,Zoya Chaudhry,DEPARTMENT-003,Sales,Commercial Services,POS-036,Sales Executive,Sales Executive,Junior,Junior/Assistant,PT-SAL-JUNIOR,PC-2025-2026-ANNUAL,2026-08-01,82.28,Strong,81.48,81.06,82.28,0.3,Stable,Attendance and Punctuality,97.05,Lead Conversion and Customer Retention Score,92.04,Teamwork and Professional Communication,72.08,Collection Achievement,60.13,0.88,83.8,Strong,Calculated - Pending Manager Review,2026-08-01
EMP037,Zara Mahmood,DEPARTMENT-007,IT,Technology and Innovation,POS-037,Systems Administrator,IT Engineer,Mid,Professional/Mid-level,PT-IT-PROFESSIONAL,PC-2025-2026-ANNUAL,2026-08-01,78.52,Meets Expectations,78.05,77.18,79.07,0.79,Stable,Attendance and Punctuality,98.52,Incident Resolution within SLA,85.26,System Availability and Change Success,72.76,Teamwork and Professional Communication,58.43,0.89,72.7,Meets Expectations,Calculated - Pending Manager Review,2026-08-01
EMP038,Ali Mahmood,DEPARTMENT-004,Customer Support,Commercial Services,POS-038,Senior Support Executive,Senior Support Executive,Mid,Professional/Mid-level,PT-CS-PROFESSIONAL,PC-2025-2026-ANNUAL,2026-08-01,86.54,Strong,87.25,86.31,88.2,-0.62,Stable,Ticket Resolution Target Achievement,97.88,Attendance and Punctuality,96.16,Learning and Adaptability,74.9,Teamwork and Professional Communication,50.38,0.9,82.6,Strong,Calculated - Pending Manager Review,2026-08-01
EMP039,Kamran Hussain,DEPARTMENT-006,Operations,Enterprise Operations,POS-039,Operations Officer,Operations Officer,Junior,Junior/Assistant,PT-OPS-JUNIOR,PC-2025-2026-ANNUAL,2026-08-01,81.27,Strong,81.44,80.09,83.12,-0.39,Stable,Attendance and Punctuality,97.55,Operational SLA Compliance,89.16,Process Accuracy,74.43,Teamwork and Professional Communication,58.79,0.88,79.7,Strong,Calculated - Pending Manager Review,2026-08-01
EMP040,Ahmad Sheikh,DEPARTMENT-004,Customer Support,Commercial Services,POS-040,Customer Support Representative,Support Executive,Junior,Junior/Assistant,PT-CS-JUNIOR,PC-2025-2026-ANNUAL,2026-08-01,80.15,Strong,80.47,79.18,81.76,0.35,Stable,Attendance and Punctuality,96.66,Ticket Resolution Target Achievement,88.64,Learning and Adaptability,70.99,Teamwork and Professional Communication,52.95,0.88,77.7,Meets Expectations,Calculated - Pending Manager Review,2026-08-01
EMP041,Omer Nawaz,DEPARTMENT-006,Operations,Enterprise Operations,POS-041,Operations Officer,Operations Officer,Junior,Junior/Assistant,PT-OPS-JUNIOR,PC-2025-2026-ANNUAL,2026-08-01,75.38,Meets Expectations,74.84,74.19,75.67,-0.18,Stable,Attendance and Punctuality,96.02,Operational SLA Compliance,82.91,Process Accuracy,66.57,Teamwork and Professional Communication,58.39,0.86,73.0,Meets Expectations,Calculated - Pending Manager Review,2026-08-01
EMP042,Amna Aslam,DEPARTMENT-004,Customer Support,Commercial Services,POS-042,Senior Support Executive,Senior Support Executive,Mid,Professional/Mid-level,PT-CS-PROFESSIONAL,PC-2025-2026-ANNUAL,2026-08-01,82.64,Strong,81.97,80.54,83.83,1.7,Stable,Attendance and Punctuality,94.4,Ticket Resolution Target Achievement,87.62,Learning and Adaptability,77.07,Teamwork and Professional Communication,53.85,0.89,77.1,Meets Expectations,Calculated - Pending Manager Review,2026-08-01
EMP043,Amir Javed,DEPARTMENT-006,Operations,Enterprise Operations,POS-043,Operations Analyst,Operations Specialist,Mid,Professional/Mid-level,PT-OPS-PROFESSIONAL,PC-2025-2026-ANNUAL,2026-08-01,80.03,Strong,79.67,78.23,80.75,-0.32,Stable,Attendance and Punctuality,94.46,Operational SLA Compliance,86.51,Process Accuracy,72.35,Teamwork and Professional Communication,58.36,0.89,75.0,Meets Expectations,Calculated - Pending Manager Review,2026-08-01
EMP044,Hafsa Khan,DEPARTMENT-002,Finance,Corporate Services,POS-044,Financial Analyst,Financial Analyst,Mid,Professional/Mid-level,PT-FIN-PROFESSIONAL,PC-2025-2026-ANNUAL,2026-08-01,89.27,Strong,88.9,88.14,89.45,-0.07,Stable,Attendance and Punctuality,99.15,Reporting and Reconciliation Target Achievement,99.08,Learning and Adaptability,73.07,Teamwork and Professional Communication,56.34,0.9,82.6,Strong,Calculated - Pending Manager Review,2026-08-01
EMP045,Saad Ahmad,DEPARTMENT-006,Operations,Enterprise Operations,POS-045,Operations Officer,Operations Officer,Junior,Junior/Assistant,PT-OPS-JUNIOR,PC-2025-2026-ANNUAL,2026-08-01,92.34,Exceptional,91.81,91.02,92.43,0.6,Stable,Operational Throughput Target Achievement,100.0,Operational SLA Compliance,99.72,Learning and Adaptability,86.87,Teamwork and Professional Communication,70.1,0.89,95.1,Exceptional,Calculated - Pending Manager Review,2026-08-01
EMP046,Salman Iqbal,DEPARTMENT-004,Customer Support,Commercial Services,POS-046,Customer Support Representative,Support Executive,Junior,Junior/Assistant,PT-CS-JUNIOR,PC-2025-2026-ANNUAL,2026-08-01,81.88,Strong,81.77,80.57,83.18,0.62,Stable,Attendance and Punctuality,98.54,Support SLA Compliance,93.4,Learning and Adaptability,63.31,Teamwork and Professional Communication,51.31,0.88,78.9,Strong,Calculated - Pending Manager Review,2026-08-01
EMP047,Mahnoor Iqbal,DEPARTMENT-002,Finance,Corporate Services,POS-047,Senior Financial Analyst,Senior Financial Analyst,Senior,Senior/Lead,PT-FIN-SENIOR,PC-2025-2026-ANNUAL,2026-08-01,83.3,Strong,82.76,81.32,83.55,0.56,Stable,Attendance and Punctuality,96.63,Reporting and Reconciliation Target Achievement,89.43,Mentoring and Knowledge Transfer,71.11,Teamwork and Professional Communication,65.32,0.92,80.7,Strong,Calculated - Pending Manager Review,2026-08-01
EMP048,Sehrish Shah,DEPARTMENT-006,Operations,Enterprise Operations,POS-048,Operations Officer,Operations Officer,Junior,Junior/Assistant,PT-OPS-JUNIOR,PC-2025-2026-ANNUAL,2026-08-01,79.04,Meets Expectations,79.13,78.51,80.42,-0.07,Stable,Attendance and Punctuality,95.17,Operational Throughput Target Achievement,86.82,Learning and Adaptability,67.26,Teamwork and Professional Communication,62.54,0.87,77.4,Meets Expectations,Calculated - Pending Manager Review,2026-08-01
EMP049,Sara Aslam,DEPARTMENT-003,Sales,Commercial Services,POS-049,Sales Executive,Sales Executive,Junior,Junior/Assistant,PT-SAL-JUNIOR,PC-2025-2026-ANNUAL,2026-08-01,80.78,Strong,79.96,79.01,80.82,0.32,Stable,Attendance and Punctuality,93.39,Sales Target Achievement,92.06,Teamwork and Professional Communication,64.43,Collection Achievement,59.49,0.88,82.4,Strong,Calculated - Pending Manager Review,2026-08-01
EMP050,Mohsin Butt,DEPARTMENT-002,Finance,Corporate Services,POS-050,Finance Officer,Finance Officer,Junior,Junior/Assistant,PT-FIN-JUNIOR,PC-2025-2026-ANNUAL,2026-08-01,74.72,Meets Expectations,74.46,72.85,75.59,-0.15,Stable,Attendance and Punctuality,97.11,Financial Reporting Turnaround Time,80.6,Financial Transaction and Reconciliation Accuracy,66.14,Teamwork and Professional Communication,61.99,0.87,72.1,Meets Expectations,Calculated - Pending Manager Review,2026-08-01
EMP051,Asad Ahmad,DEPARTMENT-007,IT,Technology and Innovation,POS-051,Senior Systems Engineer,Senior IT Engineer,Senior,Senior/Lead,PT-IT-SENIOR,PC-2025-2026-ANNUAL,2026-08-01,88.25,Strong,87.68,86.51,88.59,1.11,Stable,Attendance and Punctuality,98.11,Learning and Adaptability,97.48,Mentoring and Knowledge Transfer,80.9,Teamwork and Professional Communication,72.23,0.91,85.7,Strong,Calculated - Pending Manager Review,2026-08-01
EMP052,Raza Hassan,DEPARTMENT-004,Customer Support,Commercial Services,POS-052,Customer Support Representative,Support Executive,Junior,Junior/Assistant,PT-CS-JUNIOR,PC-2025-2026-ANNUAL,2026-08-01,77.58,Meets Expectations,78.66,77.58,79.64,-0.21,Stable,Attendance and Punctuality,96.68,Support SLA Compliance,86.64,Learning and Adaptability,60.5,Teamwork and Professional Communication,55.6,0.87,77.2,Meets Expectations,Calculated - Pending Manager Review,2026-08-01
EMP053,Zeeshan Abbasi,DEPARTMENT-001,HR,Corporate Services,POS-053,HR Officer,HR Officer,Junior,Junior/Assistant,PT-HR-JUNIOR,PC-2025-2026-ANNUAL,2026-08-01,78.26,Meets Expectations,78.89,77.8,80.23,-0.08,Stable,Attendance and Punctuality,96.98,Learning and Adaptability,85.3,Teamwork and Professional Communication,71.06,HR Data and Payroll Accuracy,66.06,0.88,76.7,Meets Expectations,Calculated - Pending Manager Review,2026-08-01
EMP054,Waqas Aslam,DEPARTMENT-005,Engineering,Technology and Innovation,POS-054,Software Engineer I,Junior Software Engineer,Junior,Junior/Assistant,PT-ENG-JUNIOR,PC-2025-2026-ANNUAL,2026-08-01,88.8,Strong,88.33,87.48,89.09,0.56,Stable,Sprint Delivery Achievement,100.0,Production Change Success Rate,93.49,Escaped Defects per Release,79.75,Teamwork and Professional Communication,63.14,0.89,89.0,Exceptional,Calculated - Pending Manager Review,2026-08-01
EMP055,Sadia Mahmood,DEPARTMENT-005,Engineering,Technology and Innovation,POS-055,Software Engineer II,Software Engineer,Mid,Professional/Mid-level,PT-ENG-PROFESSIONAL,PC-2025-2026-ANNUAL,2026-08-01,79.81,Meets Expectations,79.89,78.98,81.05,0.58,Stable,Attendance and Punctuality,95.95,Sprint Delivery Achievement,86.96,Learning and Adaptability,67.24,Teamwork and Professional Communication,60.62,0.88,74.8,Meets Expectations,Calculated - Pending Manager Review,2026-08-01
EMP056,Saba Hassan,DEPARTMENT-006,Operations,Enterprise Operations,POS-056,Operations Analyst,Operations Specialist,Mid,Professional/Mid-level,PT-OPS-PROFESSIONAL,PC-2025-2026-ANNUAL,2026-08-01,89.11,Strong,89.14,87.7,90.18,0.23,Stable,Operational Throughput Target Achievement,100.0,Attendance and Punctuality,99.5,Learning and Adaptability,67.67,Teamwork and Professional Communication,56.03,0.9,83.0,Strong,Calculated - Pending Manager Review,2026-08-01
EMP057,Raza Haider,DEPARTMENT-007,IT,Technology and Innovation,POS-057,IT Support Engineer,Junior IT Engineer,Junior,Junior/Assistant,PT-IT-JUNIOR,PC-2025-2026-ANNUAL,2026-08-01,76.62,Meets Expectations,76.41,75.52,77.3,0.19,Stable,Attendance and Punctuality,95.1,Incident Resolution within SLA,83.71,System Availability and Change Success,69.87,Teamwork and Professional Communication,55.8,0.87,74.6,Meets Expectations,Calculated - Pending Manager Review,2026-08-01
EMP058,Shahid Malik,DEPARTMENT-005,Engineering,Technology and Innovation,POS-058,Senior Software Engineer,Senior Software Engineer,Senior,Senior/Lead,PT-ENG-SENIOR,PC-2025-2026-ANNUAL,2026-08-01,79.63,Meets Expectations,79.0,77.99,79.72,0.26,Stable,Attendance and Punctuality,94.51,Sprint Delivery Achievement,90.65,Mentoring and Knowledge Transfer,59.69,Teamwork and Professional Communication,45.24,0.9,77.3,Meets Expectations,Calculated - Pending Manager Review,2026-08-01
EMP059,Anum Masood,DEPARTMENT-003,Sales,Commercial Services,POS-059,Senior Account Manager,Senior Account Manager,Senior,Senior/Lead,PT-SAL-SENIOR,PC-2025-2026-ANNUAL,2026-08-01,83.24,Strong,84.22,83.2,85.8,-0.32,Stable,Attendance and Punctuality,98.52,Sales Target Achievement,94.43,Collection Achievement,71.97,Teamwork and Professional Communication,60.55,0.92,86.3,Strong,Calculated - Pending Manager Review,2026-08-01
EMP060,Mohsin Yousaf,DEPARTMENT-003,Sales,Commercial Services,POS-060,Sales Executive,Sales Executive,Junior,Junior/Assistant,PT-SAL-JUNIOR,PC-2025-2026-ANNUAL,2026-08-01,82.05,Strong,81.94,81.21,82.81,-0.13,Stable,Sales Target Achievement,98.22,Attendance and Punctuality,97.53,Collection Achievement,62.66,Teamwork and Professional Communication,53.22,0.88,84.9,Strong,Calculated - Pending Manager Review,2026-08-01
EMP061,Asad Bashir,DEPARTMENT-003,Sales,Commercial Services,POS-061,Sales Executive,Sales Executive,Junior,Junior/Assistant,PT-SAL-JUNIOR,PC-2025-2026-ANNUAL,2026-08-01,76.62,Meets Expectations,76.51,75.7,77.36,0.73,Stable,Attendance and Punctuality,97.15,Lead Conversion and Customer Retention Score,85.77,Teamwork and Professional Communication,65.08,Collection Achievement,57.9,0.88,76.7,Meets Expectations,Calculated - Pending Manager Review,2026-08-01
EMP062,Fahad Dar,DEPARTMENT-003,Sales,Commercial Services,POS-062,Account Manager,Senior Sales Executive,Mid,Professional/Mid-level,PT-SAL-PROFESSIONAL,PC-2025-2026-ANNUAL,2026-08-01,91.02,Exceptional,90.87,89.91,91.56,-0.64,Stable,Attendance and Punctuality,99.75,Sales Target Achievement,97.79,Collection Achievement,79.12,Teamwork and Professional Communication,69.09,0.91,91.8,Exceptional,Calculated - Pending Manager Review,2026-08-01
EMP063,Ahmad Tariq,DEPARTMENT-003,Sales,Commercial Services,POS-063,Sales Executive,Sales Executive,Junior,Junior/Assistant,PT-SAL-JUNIOR,PC-2025-2026-ANNUAL,2026-08-01,70.5,Meets Expectations,70.0,69.32,71.18,1.13,Stable,Attendance and Punctuality,96.73,Lead Conversion and Customer Retention Score,80.41,Teamwork and Professional Communication,57.15,Collection Achievement,47.18,0.87,68.7,Meets Expectations,Calculated - Pending Manager Review,2026-08-01
EMP064,Hassan Sheikh,DEPARTMENT-003,Sales,Commercial Services,POS-064,Sales Executive,Sales Executive,Junior,Junior/Assistant,PT-SAL-JUNIOR,PC-2025-2026-ANNUAL,2026-08-01,83.46,Strong,83.71,83.12,84.74,0.56,Stable,Sales Target Achievement,99.44,Attendance and Punctuality,97.12,Collection Achievement,64.79,Teamwork and Professional Communication,54.87,0.89,86.8,Strong,Calculated - Pending Manager Review,2026-08-01
EMP065,Amna Gill,DEPARTMENT-003,Sales,Commercial Services,POS-065,Account Manager,Senior Sales Executive,Mid,Professional/Mid-level,PT-SAL-PROFESSIONAL,PC-2025-2026-ANNUAL,2026-08-01,75.11,Meets Expectations,74.91,74.01,76.0,0.87,Stable,Attendance and Punctuality,90.67,Sales Target Achievement,83.8,Collection Achievement,59.67,Teamwork and Professional Communication,47.78,0.88,72.9,Meets Expectations,Calculated - Pending Manager Review,2026-08-01
EMP066,Ali Gill,DEPARTMENT-001,HR,Corporate Services,POS-066,Senior HR Specialist,Senior HR Specialist,Senior,Senior/Lead,PT-HR-SENIOR,PC-2025-2026-ANNUAL,2026-08-01,71.91,Meets Expectations,70.76,69.5,71.91,0.96,Stable,Attendance and Punctuality,94.67,Employee Case Resolution Time,79.82,Mentoring and Knowledge Transfer,61.37,Teamwork and Professional Communication,50.04,0.89,67.7,Needs Improvement,Calculated - Pending Manager Review,2026-08-01
EMP067,Nida Hameed,DEPARTMENT-006,Operations,Enterprise Operations,POS-067,Operations Manager,Operations Manager,Lead/Manager,Manager/Head,PT-OPS-MANAGER,PC-2025-2026-ANNUAL,2026-08-01,76.1,Meets Expectations,75.02,74.14,76.3,0.24,Stable,Operational Throughput Target Achievement,89.48,Attendance and Punctuality,88.68,Team Leadership and Development,55.41,Teamwork and Professional Communication,55.41,0.9,78.5,Strong,Calculated - Pending Manager Review,2026-08-01
EMP068,Sidra Hussain,DEPARTMENT-004,Customer Support,Commercial Services,POS-068,Customer Support Manager,Customer Support Manager,Lead/Manager,Manager/Head,PT-CS-MANAGER,PC-2025-2026-ANNUAL,2026-08-01,77.81,Meets Expectations,76.31,74.93,77.81,0.59,Stable,Attendance and Punctuality,97.3,Support SLA Compliance,87.15,Teamwork and Professional Communication,67.77,Team Leadership and Development,62.56,0.91,77.8,Meets Expectations,Calculated - Pending Manager Review,2026-08-01
EMP069,Mehwish Hussain,DEPARTMENT-006,Operations,Enterprise Operations,POS-069,Operations Officer,Operations Officer,Junior,Junior/Assistant,PT-OPS-JUNIOR,PC-2025-2026-ANNUAL,2026-08-01,85.11,Strong,85.05,84.14,85.5,0.53,Stable,Operational Throughput Target Achievement,100.0,Operational SLA Compliance,95.58,Learning and Adaptability,70.68,Teamwork and Professional Communication,47.63,0.88,84.2,Strong,Calculated - Pending Manager Review,2026-08-01
EMP070,Bilal Saeed,DEPARTMENT-005,Engineering,Technology and Innovation,POS-070,Engineering Lead,Engineering Manager,Lead/Manager,Manager/Head,PT-ENG-MANAGER,PC-2025-2026-ANNUAL,2026-08-01,73.2,Meets Expectations,72.48,71.62,73.44,0.65,Stable,Attendance and Punctuality,94.46,Production Change Success Rate,84.05,Teamwork and Professional Communication,58.71,Team Leadership and Development,55.35,0.9,70.9,Meets Expectations,Calculated - Pending Manager Review,2026-08-01
EMP071,Eman Abbasi,DEPARTMENT-002,Finance,Corporate Services,POS-071,Financial Analyst,Financial Analyst,Mid,Professional/Mid-level,PT-FIN-PROFESSIONAL,PC-2025-2026-ANNUAL,2026-08-01,76.45,Meets Expectations,76.4,75.36,77.5,-0.55,Stable,Attendance and Punctuality,97.58,Financial Reporting Turnaround Time,81.48,Learning and Adaptability,67.97,Teamwork and Professional Communication,53.38,0.88,70.5,Meets Expectations,Calculated - Pending Manager Review,2026-08-01
EMP072,Fahad Hassan,DEPARTMENT-004,Customer Support,Commercial Services,POS-072,Support Team Lead,Team Lead - Customer Support,Senior,Senior/Lead,PT-CS-SENIOR,PC-2025-2026-ANNUAL,2026-08-01,85.39,Strong,84.48,83.82,85.39,0.03,Stable,Attendance and Punctuality,98.21,Ticket Resolution Target Achievement,93.69,Mentoring and Knowledge Transfer,73.43,Teamwork and Professional Communication,65.91,0.91,82.9,Strong,Calculated - Pending Manager Review,2026-08-01
EMP073,Ali Yousaf,DEPARTMENT-004,Customer Support,Commercial Services,POS-073,Customer Support Representative,Support Executive,Junior,Junior/Assistant,PT-CS-JUNIOR,PC-2025-2026-ANNUAL,2026-08-01,66.57,Partially Meets Expectations,65.78,65.13,66.57,-0.13,Stable,Attendance and Punctuality,94.37,Support SLA Compliance,70.13,Teamwork and Professional Communication,60.01,First Contact Resolution and Case Quality,59.68,0.86,62.0,Needs Improvement,Calculated - Pending Manager Review,2026-08-01
EMP074,Omer Hameed,DEPARTMENT-003,Sales,Commercial Services,POS-074,Sales Executive,Sales Executive,Junior,Junior/Assistant,PT-SAL-JUNIOR,PC-2025-2026-ANNUAL,2026-08-01,76.66,Meets Expectations,76.46,75.83,77.43,0.01,Stable,Attendance and Punctuality,93.42,Lead Conversion and Customer Retention Score,89.37,Collection Achievement,57.35,Teamwork and Professional Communication,55.02,0.87,76.9,Meets Expectations,Calculated - Pending Manager Review,2026-08-01
EMP075,Asad Raza,DEPARTMENT-006,Operations,Enterprise Operations,POS-075,Operations Analyst,Operations Specialist,Mid,Professional/Mid-level,PT-OPS-PROFESSIONAL,PC-2025-2026-ANNUAL,2026-08-01,79.67,Meets Expectations,79.82,78.87,81.17,0.99,Stable,Attendance and Punctuality,98.14,Operational SLA Compliance,84.91,Process Accuracy,72.5,Teamwork and Professional Communication,67.53,0.89,76.6,Meets Expectations,Calculated - Pending Manager Review,2026-08-01
EMP076,Fahad Shah,DEPARTMENT-005,Engineering,Technology and Innovation,POS-076,Software Engineer II,Software Engineer,Mid,Professional/Mid-level,PT-ENG-PROFESSIONAL,PC-2025-2026-ANNUAL,2026-08-01,80.23,Strong,79.69,78.36,80.91,0.48,Stable,Attendance and Punctuality,95.48,Learning and Adaptability,85.04,Escaped Defects per Release,73.0,Teamwork and Professional Communication,71.29,0.89,76.7,Meets Expectations,Calculated - Pending Manager Review,2026-08-01
EMP077,Ahmad Awan,DEPARTMENT-004,Customer Support,Commercial Services,POS-077,Support Team Lead,Team Lead - Customer Support,Senior,Senior/Lead,PT-CS-SENIOR,PC-2025-2026-ANNUAL,2026-08-01,90.25,Exceptional,90.58,89.04,91.34,0.46,Stable,Attendance and Punctuality,98.28,Support SLA Compliance,96.22,Mentoring and Knowledge Transfer,80.96,Teamwork and Professional Communication,71.49,0.93,89.7,Exceptional,Calculated - Pending Manager Review,2026-08-01
EMP078,Ahmad Nawaz,DEPARTMENT-005,Engineering,Technology and Innovation,POS-078,Software Engineer II,Software Engineer,Mid,Professional/Mid-level,PT-ENG-PROFESSIONAL,PC-2025-2026-ANNUAL,2026-08-01,81.82,Strong,80.93,79.7,81.82,1.08,Stable,Attendance and Punctuality,94.89,Production Change Success Rate,85.44,Learning and Adaptability,75.03,Teamwork and Professional Communication,59.68,0.88,78.1,Strong,Calculated - Pending Manager Review,2026-08-01
EMP079,Hina Aslam,DEPARTMENT-004,Customer Support,Commercial Services,POS-079,Customer Support Representative,Support Executive,Junior,Junior/Assistant,PT-CS-JUNIOR,PC-2025-2026-ANNUAL,2026-08-01,80.56,Strong,80.37,78.9,81.65,1.02,Stable,Attendance and Punctuality,97.83,Support SLA Compliance,87.37,Teamwork and Professional Communication,67.23,First Contact Resolution and Case Quality,66.51,0.88,77.9,Meets Expectations,Calculated - Pending Manager Review,2026-08-01
EMP080,Ali Mughal,DEPARTMENT-005,Engineering,Technology and Innovation,POS-080,Engineering Lead,Engineering Manager,Lead/Manager,Manager/Head,PT-ENG-MANAGER,PC-2025-2026-ANNUAL,2026-08-01,85.42,Strong,84.78,83.62,85.9,1.92,Stable,Attendance and Punctuality,98.33,Responsibility and Deadline Discipline,96.62,Team Leadership and Development,72.6,Teamwork and Professional Communication,71.69,0.93,91.7,Exceptional,Calculated - Pending Manager Review,2026-08-01
EMP081,Sonia Arif,DEPARTMENT-001,HR,Corporate Services,POS-081,Senior HR Specialist,Senior HR Specialist,Senior,Senior/Lead,PT-HR-SENIOR,PC-2025-2026-ANNUAL,2026-08-01,88.38,Strong,88.34,87.35,89.9,0.64,Stable,HR Service and Recruitment Target Achievement,95.35,Attendance and Punctuality,95.09,Mentoring and Knowledge Transfer,80.53,Teamwork and Professional Communication,71.62,0.92,86.5,Strong,Calculated - Pending Manager Review,2026-08-01
EMP082,Ali Dar,DEPARTMENT-005,Engineering,Technology and Innovation,POS-082,Software Engineer I,Junior Software Engineer,Junior,Junior/Assistant,PT-ENG-JUNIOR,PC-2025-2026-ANNUAL,2026-08-01,77.5,Meets Expectations,77.47,76.6,78.29,-0.32,Stable,Attendance and Punctuality,99.53,Sprint Delivery Achievement,85.39,Learning and Adaptability,65.41,Teamwork and Professional Communication,54.64,0.87,74.0,Meets Expectations,Calculated - Pending Manager Review,2026-08-01
EMP083,Raza Aziz,DEPARTMENT-004,Customer Support,Commercial Services,POS-083,Customer Support Representative,Support Executive,Junior,Junior/Assistant,PT-CS-JUNIOR,PC-2025-2026-ANNUAL,2026-08-01,77.76,Meets Expectations,77.09,76.3,77.79,-0.53,Stable,Attendance and Punctuality,98.27,Support SLA Compliance,84.5,Teamwork and Professional Communication,69.69,First Contact Resolution and Case Quality,67.53,0.87,74.8,Meets Expectations,Calculated - Pending Manager Review,2026-08-01
EMP084,Zara Ullah,DEPARTMENT-001,HR,Corporate Services,POS-084,HR Generalist,HR Specialist,Mid,Professional/Mid-level,PT-HR-PROFESSIONAL,PC-2025-2026-ANNUAL,2026-08-01,81.84,Strong,81.18,80.35,82.0,0.54,Stable,HR Service and Recruitment Target Achievement,91.19,Attendance and Punctuality,89.71,Learning and Adaptability,63.72,Teamwork and Professional Communication,55.08,0.89,78.5,Strong,Calculated - Pending Manager Review,2026-08-01
EMP085,Sara Yousaf,DEPARTMENT-001,HR,Corporate Services,POS-085,Senior HR Specialist,Senior HR Specialist,Senior,Senior/Lead,PT-HR-SENIOR,PC-2025-2026-ANNUAL,2026-08-01,81.9,Strong,81.98,80.94,82.96,0.1,Stable,Attendance and Punctuality,99.07,Learning and Adaptability,89.5,Mentoring and Knowledge Transfer,72.2,Teamwork and Professional Communication,63.14,0.91,80.6,Strong,Calculated - Pending Manager Review,2026-08-01
EMP086,Hina Tariq,DEPARTMENT-006,Operations,Enterprise Operations,POS-086,Operations Officer,Operations Officer,Junior,Junior/Assistant,PT-OPS-JUNIOR,PC-2025-2026-ANNUAL,2026-08-01,86.12,Strong,85.91,85.35,86.22,0.29,Stable,Operational Throughput Target Achievement,100.0,Attendance and Punctuality,99.6,Learning and Adaptability,65.76,Teamwork and Professional Communication,61.8,0.89,84.3,Strong,Calculated - Pending Manager Review,2026-08-01
EMP087,Kashif Hameed,DEPARTMENT-001,HR,Corporate Services,POS-087,HR Manager,HR Manager,Lead/Manager,Manager/Head,PT-HR-MANAGER,PC-2025-2026-ANNUAL,2026-08-01,82.96,Strong,82.93,81.67,83.69,0.24,Stable,Learning and Adaptability,95.74,Attendance and Punctuality,94.55,Teamwork and Professional Communication,69.43,Team Leadership and Development,65.12,0.92,88.9,Exceptional,Calculated - Pending Manager Review,2026-08-01
EMP088,Sana Mughal,DEPARTMENT-006,Operations,Enterprise Operations,POS-088,Operations Analyst,Operations Specialist,Mid,Professional/Mid-level,PT-OPS-PROFESSIONAL,PC-2025-2026-ANNUAL,2026-08-01,91.02,Exceptional,91.12,90.7,91.94,0.2,Stable,Operational Throughput Target Achievement,100.0,Attendance and Punctuality,99.21,Learning and Adaptability,80.05,Teamwork and Professional Communication,60.7,0.91,87.6,Strong,Calculated - Pending Manager Review,2026-08-01
EMP089,Muneeb Haider,DEPARTMENT-001,HR,Corporate Services,POS-089,HR Officer,HR Officer,Junior,Junior/Assistant,PT-HR-JUNIOR,PC-2025-2026-ANNUAL,2026-08-01,87.64,Strong,87.66,87.11,88.53,-0.74,Stable,HR Service and Recruitment Target Achievement,100.0,Employee Case Resolution Time,97.95,Learning and Adaptability,66.77,Teamwork and Professional Communication,55.08,0.89,89.9,Exceptional,Calculated - Pending Manager Review,2026-08-01
EMP090,Noman Ahmad,DEPARTMENT-002,Finance,Corporate Services,POS-090,Financial Analyst,Financial Analyst,Mid,Professional/Mid-level,PT-FIN-PROFESSIONAL,PC-2025-2026-ANNUAL,2026-08-01,82.57,Strong,83.93,82.36,86.2,0.17,Stable,Attendance and Punctuality,96.31,Reporting and Reconciliation Target Achievement,87.81,Learning and Adaptability,71.66,Teamwork and Professional Communication,49.34,0.9,77.7,Meets Expectations,Calculated - Pending Manager Review,2026-08-01
EMP091,Nida Mughal,DEPARTMENT-002,Finance,Corporate Services,POS-091,Senior Financial Analyst,Senior Financial Analyst,Senior,Senior/Lead,PT-FIN-SENIOR,PC-2025-2026-ANNUAL,2026-08-01,85.82,Strong,85.96,85.17,86.58,0.21,Stable,Attendance and Punctuality,100.0,Reporting and Reconciliation Target Achievement,99.17,Mentoring and Knowledge Transfer,71.96,Teamwork and Professional Communication,65.91,0.91,83.0,Strong,Calculated - Pending Manager Review,2026-08-01
EMP092,Mahnoor Ali,DEPARTMENT-005,Engineering,Technology and Innovation,POS-092,Senior Software Engineer,Senior Software Engineer,Senior,Senior/Lead,PT-ENG-SENIOR,PC-2025-2026-ANNUAL,2026-08-01,84.72,Strong,83.68,82.42,84.72,0.51,Stable,Attendance and Punctuality,98.15,Sprint Delivery Achievement,93.34,Mentoring and Knowledge Transfer,74.77,Teamwork and Professional Communication,61.35,0.91,83.4,Strong,Calculated - Pending Manager Review,2026-08-01
EMP093,Danish Siddiqui,DEPARTMENT-003,Sales,Commercial Services,POS-093,Senior Account Manager,Senior Account Manager,Senior,Senior/Lead,PT-SAL-SENIOR,PC-2025-2026-ANNUAL,2026-08-01,75.26,Meets Expectations,75.08,74.27,76.02,0.54,Stable,Attendance and Punctuality,99.71,Lead Conversion and Customer Retention Score,86.31,Collection Achievement,64.58,Teamwork and Professional Communication,58.19,0.91,75.3,Meets Expectations,Calculated - Pending Manager Review,2026-08-01
EMP094,Akbar Abbasi,DEPARTMENT-007,IT,Technology and Innovation,POS-094,Senior Systems Engineer,Senior IT Engineer,Senior,Senior/Lead,PT-IT-SENIOR,PC-2025-2026-ANNUAL,2026-08-01,70.87,Meets Expectations,71.19,70.61,71.96,-0.37,Stable,Attendance and Punctuality,98.29,Incident Resolution within SLA,81.68,Teamwork and Professional Communication,61.26,Learning and Adaptability,57.8,0.89,67.0,Needs Improvement,Calculated - Pending Manager Review,2026-08-01
EMP095,Haris Mahmood,DEPARTMENT-007,IT,Technology and Innovation,POS-095,IT Operations Manager,IT Manager,Lead/Manager,Manager/Head,PT-IT-MANAGER,PC-2025-2026-ANNUAL,2026-08-01,86.08,Strong,84.61,83.87,86.08,0.8,Stable,Attendance and Punctuality,100.0,IT Service Delivery Target Achievement,97.16,Team Leadership and Development,68.56,Teamwork and Professional Communication,67.74,0.92,89.8,Exceptional,Calculated - Pending Manager Review,2026-08-01
EMP096,Ayesha Abbasi,DEPARTMENT-003,Sales,Commercial Services,POS-096,Account Manager,Senior Sales Executive,Mid,Professional/Mid-level,PT-SAL-PROFESSIONAL,PC-2025-2026-ANNUAL,2026-08-01,77.87,Meets Expectations,77.95,76.86,79.35,-0.64,Stable,Attendance and Punctuality,95.72,Lead Conversion and Customer Retention Score,87.51,Teamwork and Professional Communication,69.33,Collection Achievement,58.98,0.89,78.7,Strong,Calculated - Pending Manager Review,2026-08-01
EMP097,Sana Arif,DEPARTMENT-003,Sales,Commercial Services,POS-097,Sales Executive,Sales Executive,Junior,Junior/Assistant,PT-SAL-JUNIOR,PC-2025-2026-ANNUAL,2026-08-01,79.57,Meets Expectations,79.38,78.36,80.39,-1.33,Stable,Attendance and Punctuality,97.71,Sales Target Achievement,91.28,Teamwork and Professional Communication,65.17,Collection Achievement,60.97,0.88,80.9,Strong,Calculated - Pending Manager Review,2026-08-01
EMP098,Sidra Zafar,DEPARTMENT-004,Customer Support,Commercial Services,POS-098,Senior Support Executive,Senior Support Executive,Mid,Professional/Mid-level,PT-CS-PROFESSIONAL,PC-2025-2026-ANNUAL,2026-08-01,73.68,Meets Expectations,74.4,73.68,75.32,-0.23,Stable,Attendance and Punctuality,93.44,Support SLA Compliance,76.76,Learning and Adaptability,63.91,Teamwork and Professional Communication,50.19,0.88,69.4,Meets Expectations,Calculated - Pending Manager Review,2026-08-01
EMP099,Bilal Aslam,DEPARTMENT-002,Finance,Corporate Services,POS-099,Financial Analyst,Financial Analyst,Mid,Professional/Mid-level,PT-FIN-PROFESSIONAL,PC-2025-2026-ANNUAL,2026-08-01,91.21,Exceptional,90.6,88.94,91.52,1.11,Stable,Reporting and Reconciliation Target Achievement,100.0,Attendance and Punctuality,98.19,Learning and Adaptability,74.43,Teamwork and Professional Communication,64.27,0.89,85.0,Strong,Calculated - Pending Manager Review,2026-08-01
EMP100,Rabia Javed,DEPARTMENT-005,Engineering,Technology and Innovation,POS-100,Senior Software Engineer,Senior Software Engineer,Senior,Senior/Lead,PT-ENG-SENIOR,PC-2025-2026-ANNUAL,2026-08-01,80.88,Strong,79.89,78.98,80.88,0.4,Stable,Attendance and Punctuality,93.35,Sprint Delivery Achievement,87.78,Mentoring and Knowledge Transfer,69.52,Teamwork and Professional Communication,60.2,0.9,76.6,Meets Expectations,Calculated - Pending Manager Review,2026-08-01
EMP101,Talha Dar,DEPARTMENT-007,IT,Technology and Innovation,POS-101,Systems Administrator,IT Engineer,Mid,Professional/Mid-level,PT-IT-PROFESSIONAL,PC-2025-2026-ANNUAL,2026-08-01,90.36,Exceptional,90.49,89.98,91.14,-0.21,Stable,IT Service Delivery Target Achievement,100.0,Attendance and Punctuality,100.0,Learning and Adaptability,74.68,Teamwork and Professional Communication,50.59,0.9,85.8,Strong,Calculated - Pending Manager Review,2026-08-01
EMP102,Akbar Gill,DEPARTMENT-003,Sales,Commercial Services,POS-102,Sales Executive,Sales Executive,Junior,Junior/Assistant,PT-SAL-JUNIOR,PC-2025-2026-ANNUAL,2026-08-01,77.55,Meets Expectations,77.53,76.02,78.74,-0.07,Stable,Attendance and Punctuality,99.1,Sales Target Achievement,87.78,Collection Achievement,62.3,Teamwork and Professional Communication,57.49,0.88,78.8,Strong,Calculated - Pending Manager Review,2026-08-01
EMP103,Noor Masood,DEPARTMENT-004,Customer Support,Commercial Services,POS-103,Customer Support Representative,Support Executive,Junior,Junior/Assistant,PT-CS-JUNIOR,PC-2025-2026-ANNUAL,2026-08-01,83.38,Strong,83.15,81.98,84.34,-0.66,Stable,Attendance and Punctuality,99.47,Support SLA Compliance,90.03,First Contact Resolution and Case Quality,72.6,Teamwork and Professional Communication,71.07,0.88,80.2,Strong,Calculated - Pending Manager Review,2026-08-01
EMP104,Rabia Ali,DEPARTMENT-007,IT,Technology and Innovation,POS-104,Senior Systems Engineer,Senior IT Engineer,Senior,Senior/Lead,PT-IT-SENIOR,PC-2025-2026-ANNUAL,2026-08-01,86.06,Strong,85.94,85.14,86.41,-0.1,Stable,IT Service Delivery Target Achievement,100.0,Attendance and Punctuality,91.99,Mentoring and Knowledge Transfer,74.34,Teamwork and Professional Communication,58.83,0.92,84.4,Strong,Calculated - Pending Manager Review,2026-08-01
EMP105,Areeba Raza,DEPARTMENT-003,Sales,Commercial Services,POS-105,Sales Manager,Sales Manager,Lead/Manager,Manager/Head,PT-SAL-MANAGER,PC-2025-2026-ANNUAL,2026-08-01,84.04,Strong,83.27,82.54,84.11,-0.2,Stable,Responsibility and Deadline Discipline,98.76,Attendance and Punctuality,95.97,Team Leadership and Development,72.13,Teamwork and Professional Communication,72.1,0.93,93.1,Exceptional,Calculated - Pending Manager Review,2026-08-01
EMP106,Hina Saleem,DEPARTMENT-001,HR,Corporate Services,POS-106,Senior HR Specialist,Senior HR Specialist,Senior,Senior/Lead,PT-HR-SENIOR,PC-2025-2026-ANNUAL,2026-08-01,91.77,Exceptional,91.28,90.67,91.77,0.39,Stable,HR Service and Recruitment Target Achievement,100.0,Employee Case Resolution Time,98.83,Mentoring and Knowledge Transfer,78.79,Teamwork and Professional Communication,71.32,0.93,92.3,Exceptional,Calculated - Pending Manager Review,2026-08-01
EMP107,Zoya Mahmood,DEPARTMENT-005,Engineering,Technology and Innovation,POS-107,Software Engineer II,Software Engineer,Mid,Professional/Mid-level,PT-ENG-PROFESSIONAL,PC-2025-2026-ANNUAL,2026-08-01,80.45,Strong,81.14,79.45,82.82,-1.1,Stable,Attendance and Punctuality,98.78,Production Change Success Rate,86.63,Learning and Adaptability,70.61,Teamwork and Professional Communication,54.43,0.89,74.9,Meets Expectations,Calculated - Pending Manager Review,2026-08-01
EMP108,Ayesha Ahmad,DEPARTMENT-001,HR,Corporate Services,POS-108,HR Generalist,HR Specialist,Mid,Professional/Mid-level,PT-HR-PROFESSIONAL,PC-2025-2026-ANNUAL,2026-08-01,91.07,Exceptional,91.0,90.45,91.47,-0.25,Stable,HR Service and Recruitment Target Achievement,100.0,Attendance and Punctuality,99.15,Learning and Adaptability,75.01,Teamwork and Professional Communication,61.29,0.9,87.9,Strong,Calculated - Pending Manager Review,2026-08-01
EMP109,Ali Farooq,DEPARTMENT-003,Sales,Commercial Services,POS-109,Sales Executive,Sales Executive,Junior,Junior/Assistant,PT-SAL-JUNIOR,PC-2025-2026-ANNUAL,2026-08-01,78.06,Meets Expectations,77.28,76.14,78.3,-0.52,Stable,Sales Target Achievement,93.44,Attendance and Punctuality,91.56,Collection Achievement,55.83,Teamwork and Professional Communication,52.01,0.87,78.8,Strong,Calculated - Pending Manager Review,2026-08-01
EMP110,Arslan Masood,DEPARTMENT-007,IT,Technology and Innovation,POS-110,IT Support Engineer,Junior IT Engineer,Junior,Junior/Assistant,PT-IT-JUNIOR,PC-2025-2026-ANNUAL,2026-08-01,86.8,Strong,87.23,86.25,88.1,0.85,Stable,Attendance and Punctuality,98.17,Incident Resolution within SLA,94.35,System Availability and Change Success,75.51,Teamwork and Professional Communication,70.77,0.88,85.8,Strong,Calculated - Pending Manager Review,2026-08-01
EMP111,Sadia Bashir,DEPARTMENT-003,Sales,Commercial Services,POS-111,Account Manager,Senior Sales Executive,Mid,Professional/Mid-level,PT-SAL-PROFESSIONAL,PC-2025-2026-ANNUAL,2026-08-01,82.65,Strong,82.04,81.1,82.65,0.77,Stable,Attendance and Punctuality,97.32,Lead Conversion and Customer Retention Score,91.64,Teamwork and Professional Communication,70.95,Collection Achievement,66.48,0.89,82.6,Strong,Calculated - Pending Manager Review,2026-08-01
EMP112,Sara Javed,DEPARTMENT-003,Sales,Commercial Services,POS-112,Sales Executive,Sales Executive,Junior,Junior/Assistant,PT-SAL-JUNIOR,PC-2025-2026-ANNUAL,2026-08-01,83.79,Strong,83.9,82.66,84.79,-0.39,Stable,Attendance and Punctuality,99.31,Sales Target Achievement,95.72,Collection Achievement,66.61,Teamwork and Professional Communication,61.54,0.88,87.5,Strong,Calculated - Pending Manager Review,2026-08-01
EMP113,Shahbaz Gill,DEPARTMENT-007,IT,Technology and Innovation,POS-113,IT Support Engineer,Junior IT Engineer,Junior,Junior/Assistant,PT-IT-JUNIOR,PC-2025-2026-ANNUAL,2026-08-01,83.31,Strong,82.42,81.51,83.31,0.19,Stable,Attendance and Punctuality,96.98,Incident Resolution within SLA,92.9,Teamwork and Professional Communication,69.24,System Availability and Change Success,68.66,0.88,80.2,Strong,Calculated - Pending Manager Review,2026-08-01
EMP114,Hamza Hussain,DEPARTMENT-001,HR,Corporate Services,POS-114,HR Generalist,HR Specialist,Mid,Professional/Mid-level,PT-HR-PROFESSIONAL,PC-2025-2026-ANNUAL,2026-08-01,86.56,Strong,85.47,84.07,87.14,1.6,Stable,Attendance and Punctuality,96.97,HR Service and Recruitment Target Achievement,95.81,Learning and Adaptability,73.07,Teamwork and Professional Communication,58.62,0.89,81.5,Strong,Calculated - Pending Manager Review,2026-08-01
EMP115,Hafsa Abbasi,DEPARTMENT-005,Engineering,Technology and Innovation,POS-115,Software Engineer II,Software Engineer,Mid,Professional/Mid-level,PT-ENG-PROFESSIONAL,PC-2025-2026-ANNUAL,2026-08-01,91.25,Exceptional,91.21,90.61,92.0,0.02,Stable,Sprint Delivery Achievement,100.0,Attendance and Punctuality,98.83,Escaped Defects per Release,81.58,Teamwork and Professional Communication,65.95,0.91,89.2,Exceptional,Calculated - Pending Manager Review,2026-08-01
EMP116,Ali Abbasi,DEPARTMENT-005,Engineering,Technology and Innovation,POS-116,Software Engineer I,Junior Software Engineer,Junior,Junior/Assistant,PT-ENG-JUNIOR,PC-2025-2026-ANNUAL,2026-08-01,92.65,Exceptional,92.17,91.51,92.75,0.73,Stable,Sprint Delivery Achievement,100.0,Production Change Success Rate,99.09,Escaped Defects per Release,88.9,Teamwork and Professional Communication,72.19,0.89,91.7,Exceptional,Calculated - Pending Manager Review,2026-08-01
EMP117,Saad Ullah,DEPARTMENT-005,Engineering,Technology and Innovation,POS-117,Software Engineer I,Junior Software Engineer,Junior,Junior/Assistant,PT-ENG-JUNIOR,PC-2025-2026-ANNUAL,2026-08-01,78.24,Meets Expectations,78.42,77.79,79.04,-0.1,Stable,Attendance and Punctuality,94.56,Sprint Delivery Achievement,84.75,Teamwork and Professional Communication,68.67,Escaped Defects per Release,66.42,0.87,77.0,Meets Expectations,Calculated - Pending Manager Review,2026-08-01
EMP118,Zoya Ali,DEPARTMENT-004,Customer Support,Commercial Services,POS-118,Senior Support Executive,Senior Support Executive,Mid,Professional/Mid-level,PT-CS-PROFESSIONAL,PC-2025-2026-ANNUAL,2026-08-01,83.0,Strong,82.34,80.83,83.73,-0.93,Stable,Attendance and Punctuality,96.3,Support SLA Compliance,88.37,First Contact Resolution and Case Quality,74.01,Teamwork and Professional Communication,63.75,0.89,79.1,Strong,Calculated - Pending Manager Review,2026-08-01
EMP119,Ayesha Nawaz,DEPARTMENT-004,Customer Support,Commercial Services,POS-119,Support Team Lead,Team Lead - Customer Support,Senior,Senior/Lead,PT-CS-SENIOR,PC-2025-2026-ANNUAL,2026-08-01,80.03,Strong,79.56,78.1,80.73,-1.22,Stable,Attendance and Punctuality,96.63,Support SLA Compliance,88.76,Mentoring and Knowledge Transfer,63.88,Teamwork and Professional Communication,53.47,0.9,76.7,Meets Expectations,Calculated - Pending Manager Review,2026-08-01
EMP120,Ahmad Aziz,DEPARTMENT-006,Operations,Enterprise Operations,POS-120,Operations Analyst,Operations Specialist,Mid,Professional/Mid-level,PT-OPS-PROFESSIONAL,PC-2025-2026-ANNUAL,2026-08-01,89.1,Strong,88.0,86.12,89.34,1.66,Stable,Attendance and Punctuality,98.18,Operational Throughput Target Achievement,96.47,Process Accuracy,80.51,Teamwork and Professional Communication,70.36,0.9,85.8,Strong,Calculated - Pending Manager Review,2026-08-01
EMP121,Mehwish Tariq,DEPARTMENT-006,Operations,Enterprise Operations,POS-121,Operations Officer,Operations Officer,Junior,Junior/Assistant,PT-OPS-JUNIOR,PC-2025-2026-ANNUAL,2026-08-01,83.12,Strong,83.5,82.64,84.44,-0.52,Stable,Attendance and Punctuality,100.0,Operational Throughput Target Achievement,93.3,Learning and Adaptability,67.45,Teamwork and Professional Communication,61.88,0.88,80.2,Strong,Calculated - Pending Manager Review,2026-08-01
EMP122,Hafsa Ullah,DEPARTMENT-006,Operations,Enterprise Operations,POS-122,Operations Officer,Operations Officer,Junior,Junior/Assistant,PT-OPS-JUNIOR,PC-2025-2026-ANNUAL,2026-08-01,86.69,Strong,86.67,85.59,87.43,-0.59,Stable,Operational Throughput Target Achievement,100.0,Attendance and Punctuality,100.0,Learning and Adaptability,70.41,Teamwork and Professional Communication,56.2,0.88,87.4,Strong,Calculated - Pending Manager Review,2026-08-01
EMP123,Sehrish Ullah,DEPARTMENT-002,Finance,Corporate Services,POS-123,Senior Financial Analyst,Senior Financial Analyst,Senior,Senior/Lead,PT-FIN-SENIOR,PC-2025-2026-ANNUAL,2026-08-01,88.44,Strong,88.24,87.7,88.66,-0.04,Stable,Reporting and Reconciliation Target Achievement,100.0,Attendance and Punctuality,97.33,Mentoring and Knowledge Transfer,74.43,Teamwork and Professional Communication,57.9,0.91,88.2,Exceptional,Calculated - Pending Manager Review,2026-08-01
EMP124,Fahad Javed,DEPARTMENT-003,Sales,Commercial Services,POS-124,Account Manager,Senior Sales Executive,Mid,Professional/Mid-level,PT-SAL-PROFESSIONAL,PC-2025-2026-ANNUAL,2026-08-01,71.04,Meets Expectations,70.74,69.47,71.5,0.68,Stable,Attendance and Punctuality,99.48,Lead Conversion and Customer Retention Score,77.96,Collection Achievement,55.61,Teamwork and Professional Communication,53.75,0.88,66.9,Needs Improvement,Calculated - Pending Manager Review,2026-08-01
EMP125,Fatima Zafar,DEPARTMENT-003,Sales,Commercial Services,POS-125,Senior Account Manager,Senior Account Manager,Senior,Senior/Lead,PT-SAL-SENIOR,PC-2025-2026-ANNUAL,2026-08-01,86.49,Strong,85.78,84.18,86.72,1.32,Stable,Attendance and Punctuality,96.98,Lead Conversion and Customer Retention Score,96.19,Collection Achievement,70.21,Teamwork and Professional Communication,68.83,0.92,87.8,Strong,Calculated - Pending Manager Review,2026-08-01
EMP126,Laiba Sheikh,DEPARTMENT-004,Customer Support,Commercial Services,POS-126,Support Team Lead,Team Lead - Customer Support,Senior,Senior/Lead,PT-CS-SENIOR,PC-2025-2026-ANNUAL,2026-08-01,86.41,Strong,86.13,85.02,86.86,1.03,Stable,Ticket Resolution Target Achievement,100.0,Support SLA Compliance,95.31,Mentoring and Knowledge Transfer,67.28,Teamwork and Professional Communication,56.5,0.9,85.6,Strong,Calculated - Pending Manager Review,2026-08-01
EMP127,Khurram Yousaf,DEPARTMENT-001,HR,Corporate Services,POS-127,HR Generalist,HR Specialist,Mid,Professional/Mid-level,PT-HR-PROFESSIONAL,PC-2025-2026-ANNUAL,2026-08-01,86.13,Strong,85.38,84.39,87.2,1.67,Stable,Attendance and Punctuality,98.87,Employee Case Resolution Time,90.53,HR Data and Payroll Accuracy,76.45,Teamwork and Professional Communication,71.7,0.89,83.4,Strong,Calculated - Pending Manager Review,2026-08-01
EMP128,Zoya Farooq,DEPARTMENT-004,Customer Support,Commercial Services,POS-128,Customer Support Manager,Customer Support Manager,Lead/Manager,Manager/Head,PT-CS-MANAGER,PC-2025-2026-ANNUAL,2026-08-01,78.45,Meets Expectations,77.66,76.1,78.48,-0.47,Stable,Attendance and Punctuality,95.74,Ticket Resolution Target Achievement,91.88,Team Leadership and Development,60.98,Teamwork and Professional Communication,49.76,0.91,82.7,Strong,Calculated - Pending Manager Review,2026-08-01
EMP129,Danish Dar,DEPARTMENT-005,Engineering,Technology and Innovation,POS-129,Engineering Lead,Engineering Manager,Lead/Manager,Manager/Head,PT-ENG-MANAGER,PC-2025-2026-ANNUAL,2026-08-01,80.0,Meets Expectations,79.43,78.44,80.69,1.03,Stable,Attendance and Punctuality,99.01,Learning and Adaptability,91.76,Teamwork and Professional Communication,69.65,Team Leadership and Development,65.11,0.92,82.0,Strong,Calculated - Pending Manager Review,2026-08-01
EMP130,Waqas Siddiqui,DEPARTMENT-001,HR,Corporate Services,POS-130,Senior HR Specialist,Senior HR Specialist,Senior,Senior/Lead,PT-HR-SENIOR,PC-2025-2026-ANNUAL,2026-08-01,92.44,Exceptional,92.03,91.0,93.27,0.95,Stable,HR Service and Recruitment Target Achievement,100.0,Learning and Adaptability,100.0,Mentoring and Knowledge Transfer,80.03,Teamwork and Professional Communication,70.65,0.93,92.1,Exceptional,Calculated - Pending Manager Review,2026-08-01
EMP131,Ahmad Yousaf,DEPARTMENT-007,IT,Technology and Innovation,POS-131,Systems Administrator,IT Engineer,Mid,Professional/Mid-level,PT-IT-PROFESSIONAL,PC-2025-2026-ANNUAL,2026-08-01,78.14,Meets Expectations,77.06,76.33,78.14,-0.09,Stable,Attendance and Punctuality,99.33,Incident Resolution within SLA,82.51,System Availability and Change Success,68.33,Teamwork and Professional Communication,64.13,0.89,74.0,Meets Expectations,Calculated - Pending Manager Review,2026-08-01
EMP132,Arham Qureshi,DEPARTMENT-007,IT,Technology and Innovation,POS-132,IT Support Engineer,Junior IT Engineer,Junior,Junior/Assistant,PT-IT-JUNIOR,PC-2025-2026-ANNUAL,2026-08-01,86.39,Strong,85.47,84.64,86.39,0.38,Stable,IT Service Delivery Target Achievement,99.8,Attendance and Punctuality,92.08,System Availability and Change Success,76.15,Teamwork and Professional Communication,64.27,0.88,84.7,Strong,Calculated - Pending Manager Review,2026-08-01
EMP133,Usman Raza,DEPARTMENT-005,Engineering,Technology and Innovation,POS-133,Software Engineer II,Software Engineer,Mid,Professional/Mid-level,PT-ENG-PROFESSIONAL,PC-2025-2026-ANNUAL,2026-08-01,92.01,Exceptional,91.15,90.31,92.01,0.28,Stable,Sprint Delivery Achievement,100.0,Attendance and Punctuality,96.27,Learning and Adaptability,76.11,Teamwork and Professional Communication,68.89,0.9,88.2,Exceptional,Calculated - Pending Manager Review,2026-08-01
EMP134,Talha Awan,DEPARTMENT-007,IT,Technology and Innovation,POS-134,Systems Administrator,IT Engineer,Mid,Professional/Mid-level,PT-IT-PROFESSIONAL,PC-2025-2026-ANNUAL,2026-08-01,88.49,Strong,88.43,87.32,89.27,0.89,Stable,IT Service Delivery Target Achievement,100.0,Attendance and Punctuality,89.75,Learning and Adaptability,75.29,Teamwork and Professional Communication,47.38,0.9,83.6,Strong,Calculated - Pending Manager Review,2026-08-01
EMP135,Eman Butt,DEPARTMENT-004,Customer Support,Commercial Services,POS-135,Senior Support Executive,Senior Support Executive,Mid,Professional/Mid-level,PT-CS-PROFESSIONAL,PC-2025-2026-ANNUAL,2026-08-01,86.6,Strong,85.33,84.76,86.6,0.77,Stable,Attendance and Punctuality,97.27,Support SLA Compliance,90.32,Learning and Adaptability,79.64,Teamwork and Professional Communication,70.6,0.9,81.6,Strong,Calculated - Pending Manager Review,2026-08-01
EMP136,Fatima Saleem,DEPARTMENT-001,HR,Corporate Services,POS-136,HR Generalist,HR Specialist,Mid,Professional/Mid-level,PT-HR-PROFESSIONAL,PC-2025-2026-ANNUAL,2026-08-01,89.07,Strong,88.44,86.59,89.97,1.45,Stable,HR Service and Recruitment Target Achievement,100.0,Attendance and Punctuality,99.26,Learning and Adaptability,75.42,Teamwork and Professional Communication,52.7,0.9,82.9,Strong,Calculated - Pending Manager Review,2026-08-01
EMP137,Areeba Farooq,DEPARTMENT-004,Customer Support,Commercial Services,POS-137,Customer Support Representative,Support Executive,Junior,Junior/Assistant,PT-CS-JUNIOR,PC-2025-2026-ANNUAL,2026-08-01,85.02,Strong,84.52,83.84,85.58,-0.19,Stable,Attendance and Punctuality,95.95,Ticket Resolution Target Achievement,91.14,First Contact Resolution and Case Quality,74.82,Teamwork and Professional Communication,72.59,0.89,83.7,Strong,Calculated - Pending Manager Review,2026-08-01
EMP138,Amir Saleem,DEPARTMENT-005,Engineering,Technology and Innovation,POS-138,Software Engineer II,Software Engineer,Mid,Professional/Mid-level,PT-ENG-PROFESSIONAL,PC-2025-2026-ANNUAL,2026-08-01,72.07,Meets Expectations,72.2,71.05,73.09,0.23,Stable,Attendance and Punctuality,92.69,Production Change Success Rate,76.1,Learning and Adaptability,65.2,Teamwork and Professional Communication,48.21,0.87,65.8,Needs Improvement,Calculated - Pending Manager Review,2026-08-01
EMP139,Iqra Saeed,DEPARTMENT-006,Operations,Enterprise Operations,POS-139,Operations Officer,Operations Officer,Junior,Junior/Assistant,PT-OPS-JUNIOR,PC-2025-2026-ANNUAL,2026-08-01,85.03,Strong,84.27,82.57,85.03,-0.77,Stable,Operational Throughput Target Achievement,97.69,Attendance and Punctuality,96.68,Learning and Adaptability,74.49,Teamwork and Professional Communication,60.56,0.88,82.3,Strong,Calculated - Pending Manager Review,2026-08-01
EMP140,Noman Rehman,DEPARTMENT-002,Finance,Corporate Services,POS-140,Senior Financial Analyst,Senior Financial Analyst,Senior,Senior/Lead,PT-FIN-SENIOR,PC-2025-2026-ANNUAL,2026-08-01,88.43,Strong,88.41,87.56,89.06,-0.06,Stable,Reporting and Reconciliation Target Achievement,100.0,Financial Reporting Turnaround Time,97.45,Mentoring and Knowledge Transfer,70.28,Teamwork and Professional Communication,53.97,0.92,87.6,Strong,Calculated - Pending Manager Review,2026-08-01
EMP141,Asad Zafar,DEPARTMENT-006,Operations,Enterprise Operations,POS-141,Operations Manager,Operations Manager,Lead/Manager,Manager/Head,PT-OPS-MANAGER,PC-2025-2026-ANNUAL,2026-08-01,72.7,Meets Expectations,71.34,70.44,72.7,1.17,Stable,Attendance and Punctuality,97.29,Operational SLA Compliance,85.07,Teamwork and Professional Communication,59.22,Team Leadership and Development,54.13,0.9,70.1,Meets Expectations,Calculated - Pending Manager Review,2026-08-01
EMP142,Fahad Farooq,DEPARTMENT-005,Engineering,Technology and Innovation,POS-142,Engineering Lead,Engineering Manager,Lead/Manager,Manager/Head,PT-ENG-MANAGER,PC-2025-2026-ANNUAL,2026-08-01,79.38,Meets Expectations,78.86,77.86,79.68,0.76,Stable,Attendance and Punctuality,96.69,Learning and Adaptability,91.04,Teamwork and Professional Communication,63.44,Team Leadership and Development,61.16,0.92,82.4,Strong,Calculated - Pending Manager Review,2026-08-01
EMP143,Hamza Awan,DEPARTMENT-002,Finance,Corporate Services,POS-143,Financial Analyst,Financial Analyst,Mid,Professional/Mid-level,PT-FIN-PROFESSIONAL,PC-2025-2026-ANNUAL,2026-08-01,86.79,Strong,85.98,84.81,86.88,0.57,Stable,Attendance and Punctuality,95.85,Financial Reporting Turnaround Time,91.89,Financial Transaction and Reconciliation Accuracy,80.41,Teamwork and Professional Communication,70.41,0.9,83.1,Strong,Calculated - Pending Manager Review,2026-08-01
EMP144,Imran Ullah,DEPARTMENT-004,Customer Support,Commercial Services,POS-144,Customer Support Manager,Customer Support Manager,Lead/Manager,Manager/Head,PT-CS-MANAGER,PC-2025-2026-ANNUAL,2026-08-01,72.9,Meets Expectations,72.49,71.35,73.81,0.4,Stable,Attendance and Punctuality,95.83,Support SLA Compliance,85.53,Team Leadership and Development,53.74,Teamwork and Professional Communication,53.04,0.9,73.3,Meets Expectations,Calculated - Pending Manager Review,2026-08-01
EMP145,Ahsan Anwar,DEPARTMENT-003,Sales,Commercial Services,POS-145,Account Manager,Senior Sales Executive,Mid,Professional/Mid-level,PT-SAL-PROFESSIONAL,PC-2025-2026-ANNUAL,2026-08-01,79.71,Meets Expectations,79.17,78.01,80.48,-0.34,Stable,Attendance and Punctuality,100.0,Lead Conversion and Customer Retention Score,88.64,Teamwork and Professional Communication,65.57,Collection Achievement,61.4,0.9,80.4,Strong,Calculated - Pending Manager Review,2026-08-01
EMP146,Talha Khan,DEPARTMENT-002,Finance,Corporate Services,POS-146,Financial Analyst,Financial Analyst,Mid,Professional/Mid-level,PT-FIN-PROFESSIONAL,PC-2025-2026-ANNUAL,2026-08-01,87.11,Strong,86.23,84.59,87.96,0.19,Stable,Attendance and Punctuality,96.67,Learning and Adaptability,92.41,Financial Transaction and Reconciliation Accuracy,76.37,Teamwork and Professional Communication,72.42,0.9,83.7,Strong,Calculated - Pending Manager Review,2026-08-01
EMP147,Hassan Javed,DEPARTMENT-004,Customer Support,Commercial Services,POS-147,Customer Support Manager,Customer Support Manager,Lead/Manager,Manager/Head,PT-CS-MANAGER,PC-2025-2026-ANNUAL,2026-08-01,71.67,Meets Expectations,70.82,69.68,71.78,0.97,Stable,Attendance and Punctuality,93.74,Support SLA Compliance,82.68,Teamwork and Professional Communication,56.95,Team Leadership and Development,55.3,0.9,69.4,Meets Expectations,Calculated - Pending Manager Review,2026-08-01
EMP148,Sadia Malik,DEPARTMENT-003,Sales,Commercial Services,POS-148,Sales Executive,Sales Executive,Junior,Junior/Assistant,PT-SAL-JUNIOR,PC-2025-2026-ANNUAL,2026-08-01,77.59,Meets Expectations,77.9,76.8,78.53,0.46,Stable,Attendance and Punctuality,98.63,Lead Conversion and Customer Retention Score,90.55,Teamwork and Professional Communication,58.01,Collection Achievement,53.44,0.87,78.0,Strong,Calculated - Pending Manager Review,2026-08-01
EMP149,Muneeb Hameed,DEPARTMENT-006,Operations,Enterprise Operations,POS-149,Operations Analyst,Operations Specialist,Mid,Professional/Mid-level,PT-OPS-PROFESSIONAL,PC-2025-2026-ANNUAL,2026-08-01,83.02,Strong,81.77,80.44,83.02,0.0,Stable,Attendance and Punctuality,95.86,Operational Throughput Target Achievement,88.52,Learning and Adaptability,73.35,Teamwork and Professional Communication,64.11,0.89,79.2,Strong,Calculated - Pending Manager Review,2026-08-01
EMP150,Sana Nawaz,DEPARTMENT-004,Customer Support,Commercial Services,POS-150,Customer Support Representative,Support Executive,Junior,Junior/Assistant,PT-CS-JUNIOR,PC-2025-2026-ANNUAL,2026-08-01,74.25,Meets Expectations,74.37,73.3,75.18,-0.37,Stable,Attendance and Punctuality,96.32,Support SLA Compliance,80.25,First Contact Resolution and Case Quality,66.64,Teamwork and Professional Communication,58.34,0.87,71.3,Meets Expectations,Calculated - Pending Manager Review,2026-08-01
EMP151,Farhan Rehman,DEPARTMENT-005,Engineering,Technology and Innovation,POS-151,Software Engineer I,Junior Software Engineer,Junior,Junior/Assistant,PT-ENG-JUNIOR,PC-2025-2026-ANNUAL,2026-08-01,84.34,Strong,84.24,83.14,85.13,0.92,Stable,Attendance and Punctuality,94.97,Sprint Delivery Achievement,94.76,Learning and Adaptability,75.0,Teamwork and Professional Communication,62.65,0.88,84.5,Strong,Calculated - Pending Manager Review,2026-08-01
EMP152,Mahnoor Tariq,DEPARTMENT-007,IT,Technology and Innovation,POS-152,Senior Systems Engineer,Senior IT Engineer,Senior,Senior/Lead,PT-IT-SENIOR,PC-2025-2026-ANNUAL,2026-08-01,86.18,Strong,86.27,85.87,86.81,0.38,Stable,IT Service Delivery Target Achievement,100.0,Attendance and Punctuality,96.07,Mentoring and Knowledge Transfer,71.48,Teamwork and Professional Communication,57.09,0.91,84.9,Strong,Calculated - Pending Manager Review,2026-08-01
EMP153,Kashif Abbasi,DEPARTMENT-005,Engineering,Technology and Innovation,POS-153,Software Engineer II,Software Engineer,Mid,Professional/Mid-level,PT-ENG-PROFESSIONAL,PC-2025-2026-ANNUAL,2026-08-01,79.47,Meets Expectations,78.4,76.82,79.64,-0.15,Stable,Attendance and Punctuality,93.64,Production Change Success Rate,85.29,Learning and Adaptability,68.89,Teamwork and Professional Communication,55.51,0.88,73.9,Meets Expectations,Calculated - Pending Manager Review,2026-08-01
EMP154,Hina Abbasi,DEPARTMENT-005,Engineering,Technology and Innovation,POS-154,Software Engineer I,Junior Software Engineer,Junior,Junior/Assistant,PT-ENG-JUNIOR,PC-2025-2026-ANNUAL,2026-08-01,78.34,Meets Expectations,77.39,76.21,78.34,-0.04,Stable,Attendance and Punctuality,96.51,Production Change Success Rate,84.52,Learning and Adaptability,69.29,Teamwork and Professional Communication,63.2,0.87,75.5,Meets Expectations,Calculated - Pending Manager Review,2026-08-01
EMP155,Noman Malik,DEPARTMENT-004,Customer Support,Commercial Services,POS-155,Senior Support Executive,Senior Support Executive,Mid,Professional/Mid-level,PT-CS-PROFESSIONAL,PC-2025-2026-ANNUAL,2026-08-01,88.76,Strong,89.2,88.15,90.34,-1.17,Stable,Ticket Resolution Target Achievement,98.28,Attendance and Punctuality,95.28,Learning and Adaptability,63.04,Teamwork and Professional Communication,58.75,0.9,84.6,Strong,Calculated - Pending Manager Review,2026-08-01
EMP156,Asad Malik,DEPARTMENT-005,Engineering,Technology and Innovation,POS-156,Software Engineer II,Software Engineer,Mid,Professional/Mid-level,PT-ENG-PROFESSIONAL,PC-2025-2026-ANNUAL,2026-08-01,94.68,Exceptional,94.39,93.68,94.95,0.54,Stable,Sprint Delivery Achievement,100.0,Production Change Success Rate,100.0,Escaped Defects per Release,88.0,Teamwork and Professional Communication,70.9,0.91,92.2,Exceptional,Calculated - Pending Manager Review,2026-08-01
EMP157,Saba Qureshi,DEPARTMENT-006,Operations,Enterprise Operations,POS-157,Operations Officer,Operations Officer,Junior,Junior/Assistant,PT-OPS-JUNIOR,PC-2025-2026-ANNUAL,2026-08-01,85.99,Strong,84.94,83.54,86.13,1.81,Stable,Operational Throughput Target Achievement,96.33,Attendance and Punctuality,96.25,Process Accuracy,72.32,Teamwork and Professional Communication,64.65,0.88,83.5,Strong,Calculated - Pending Manager Review,2026-08-01
EMP158,Imran Zafar,DEPARTMENT-006,Operations,Enterprise Operations,POS-158,Operations Officer,Operations Officer,Junior,Junior/Assistant,PT-OPS-JUNIOR,PC-2025-2026-ANNUAL,2026-08-01,85.05,Strong,83.03,81.98,85.05,-0.21,Stable,Attendance and Punctuality,97.55,Operational Throughput Target Achievement,94.97,Learning and Adaptability,69.35,Teamwork and Professional Communication,68.7,0.88,81.9,Strong,Calculated - Pending Manager Review,2026-08-01
EMP159,Raza Ahmad,DEPARTMENT-005,Engineering,Technology and Innovation,POS-159,Senior Software Engineer,Senior Software Engineer,Senior,Senior/Lead,PT-ENG-SENIOR,PC-2025-2026-ANNUAL,2026-08-01,76.8,Meets Expectations,76.63,75.74,77.47,0.0,Stable,Attendance and Punctuality,94.88,Sprint Delivery Achievement,82.56,Mentoring and Knowledge Transfer,65.74,Teamwork and Professional Communication,51.09,0.9,73.8,Meets Expectations,Calculated - Pending Manager Review,2026-08-01
EMP160,Rabia Ullah,DEPARTMENT-002,Finance,Corporate Services,POS-160,Senior Financial Analyst,Senior Financial Analyst,Senior,Senior/Lead,PT-FIN-SENIOR,PC-2025-2026-ANNUAL,2026-08-01,86.77,Strong,86.61,85.57,87.22,0.74,Stable,Attendance and Punctuality,96.31,Reporting and Reconciliation Target Achievement,96.1,Mentoring and Knowledge Transfer,76.03,Teamwork and Professional Communication,68.85,0.91,84.7,Strong,Calculated - Pending Manager Review,2026-08-01
EMP161,Iqra Yousaf,DEPARTMENT-002,Finance,Corporate Services,POS-161,Financial Analyst,Financial Analyst,Mid,Professional/Mid-level,PT-FIN-PROFESSIONAL,PC-2025-2026-ANNUAL,2026-08-01,91.93,Exceptional,91.88,90.75,92.51,0.8,Stable,Reporting and Reconciliation Target Achievement,98.42,Attendance and Punctuality,95.87,Learning and Adaptability,84.84,Teamwork and Professional Communication,72.36,0.9,88.4,Exceptional,Calculated - Pending Manager Review,2026-08-01
EMP162,Bilal Shah,DEPARTMENT-004,Customer Support,Commercial Services,POS-162,Customer Support Representative,Support Executive,Junior,Junior/Assistant,PT-CS-JUNIOR,PC-2025-2026-ANNUAL,2026-08-01,85.87,Strong,86.18,85.63,86.97,-0.34,Stable,Ticket Resolution Target Achievement,100.0,Attendance and Punctuality,96.35,Learning and Adaptability,69.95,Teamwork and Professional Communication,53.23,0.88,85.8,Strong,Calculated - Pending Manager Review,2026-08-01
EMP163,Sidra Sheikh,DEPARTMENT-005,Engineering,Technology and Innovation,POS-163,Software Engineer II,Software Engineer,Mid,Professional/Mid-level,PT-ENG-PROFESSIONAL,PC-2025-2026-ANNUAL,2026-08-01,76.56,Meets Expectations,75.85,75.19,76.56,0.09,Stable,Attendance and Punctuality,96.59,Production Change Success Rate,79.93,Learning and Adaptability,64.88,Teamwork and Professional Communication,60.8,0.88,70.2,Meets Expectations,Calculated - Pending Manager Review,2026-08-01
EMP164,Zoya Saleem,DEPARTMENT-003,Sales,Commercial Services,POS-164,Sales Executive,Sales Executive,Junior,Junior/Assistant,PT-SAL-JUNIOR,PC-2025-2026-ANNUAL,2026-08-01,75.49,Meets Expectations,74.77,73.77,75.49,0.54,Stable,Attendance and Punctuality,96.46,Sales Target Achievement,88.0,Teamwork and Professional Communication,55.09,Collection Achievement,54.55,0.87,76.0,Meets Expectations,Calculated - Pending Manager Review,2026-08-01
EMP165,Waqas Butt,DEPARTMENT-003,Sales,Commercial Services,POS-165,Sales Executive,Sales Executive,Junior,Junior/Assistant,PT-SAL-JUNIOR,PC-2025-2026-ANNUAL,2026-08-01,72.7,Meets Expectations,73.14,72.17,73.98,-0.19,Stable,Attendance and Punctuality,94.81,Lead Conversion and Customer Retention Score,84.03,Teamwork and Professional Communication,58.18,Collection Achievement,52.69,0.87,72.9,Meets Expectations,Calculated - Pending Manager Review,2026-08-01
EMP166,Arslan Siddiqui,DEPARTMENT-003,Sales,Commercial Services,POS-166,Sales Manager,Sales Manager,Lead/Manager,Manager/Head,PT-SAL-MANAGER,PC-2025-2026-ANNUAL,2026-08-01,70.41,Meets Expectations,70.52,69.91,71.07,-0.13,Stable,Attendance and Punctuality,96.55,Lead Conversion and Customer Retention Score,83.44,Team Leadership and Development,57.2,Teamwork and Professional Communication,53.46,0.91,70.9,Meets Expectations,Calculated - Pending Manager Review,2026-08-01
EMP167,Bilal Raza,DEPARTMENT-003,Sales,Commercial Services,POS-167,Account Manager,Senior Sales Executive,Mid,Professional/Mid-level,PT-SAL-PROFESSIONAL,PC-2025-2026-ANNUAL,2026-08-01,82.99,Strong,83.11,82.43,83.55,-0.25,Stable,Lead Conversion and Customer Retention Score,93.26,Responsibility and Deadline Discipline,93.01,Teamwork and Professional Communication,70.6,Collection Achievement,61.36,0.9,85.8,Strong,Calculated - Pending Manager Review,2026-08-01
EMP168,Akbar Saleem,DEPARTMENT-004,Customer Support,Commercial Services,POS-168,Support Team Lead,Team Lead - Customer Support,Senior,Senior/Lead,PT-CS-SENIOR,PC-2025-2026-ANNUAL,2026-08-01,71.88,Meets Expectations,71.95,70.87,73.15,-0.79,Stable,Attendance and Punctuality,94.31,Support SLA Compliance,76.7,Mentoring and Knowledge Transfer,60.26,Teamwork and Professional Communication,50.54,0.89,68.9,Meets Expectations,Calculated - Pending Manager Review,2026-08-01
EMP169,Iqra Qureshi,DEPARTMENT-007,IT,Technology and Innovation,POS-169,IT Operations Manager,IT Manager,Lead/Manager,Manager/Head,PT-IT-MANAGER,PC-2025-2026-ANNUAL,2026-08-01,84.01,Strong,83.68,81.48,84.66,-0.32,Stable,Learning and Adaptability,99.13,Attendance and Punctuality,96.35,Teamwork and Professional Communication,72.48,Team Leadership and Development,68.16,0.92,88.2,Exceptional,Calculated - Pending Manager Review,2026-08-01
EMP170,Hina Ahmad,DEPARTMENT-004,Customer Support,Commercial Services,POS-170,Senior Support Executive,Senior Support Executive,Mid,Professional/Mid-level,PT-CS-PROFESSIONAL,PC-2025-2026-ANNUAL,2026-08-01,80.16,Strong,80.47,78.77,81.8,0.57,Stable,Attendance and Punctuality,99.07,Support SLA Compliance,85.43,Learning and Adaptability,68.97,Teamwork and Professional Communication,56.8,0.88,76.8,Meets Expectations,Calculated - Pending Manager Review,2026-08-01
EMP171,Usman Ullah,DEPARTMENT-007,IT,Technology and Innovation,POS-171,IT Operations Manager,IT Manager,Lead/Manager,Manager/Head,PT-IT-MANAGER,PC-2025-2026-ANNUAL,2026-08-01,77.1,Meets Expectations,77.22,75.97,78.43,0.23,Stable,Attendance and Punctuality,98.71,Learning and Adaptability,88.17,Teamwork and Professional Communication,66.55,Team Leadership and Development,60.1,0.91,77.6,Meets Expectations,Calculated - Pending Manager Review,2026-08-01
EMP172,Zoya Hassan,DEPARTMENT-006,Operations,Enterprise Operations,POS-172,Operations Analyst,Operations Specialist,Mid,Professional/Mid-level,PT-OPS-PROFESSIONAL,PC-2025-2026-ANNUAL,2026-08-01,80.88,Strong,81.6,80.88,82.46,-0.35,Stable,Attendance and Punctuality,95.65,Operational SLA Compliance,87.44,Learning and Adaptability,68.21,Teamwork and Professional Communication,56.56,0.88,77.3,Meets Expectations,Calculated - Pending Manager Review,2026-08-01
EMP173,Sidra Abbasi,DEPARTMENT-002,Finance,Corporate Services,POS-173,Senior Financial Analyst,Senior Financial Analyst,Senior,Senior/Lead,PT-FIN-SENIOR,PC-2025-2026-ANNUAL,2026-08-01,74.63,Meets Expectations,73.89,72.98,74.63,0.32,Stable,Attendance and Punctuality,97.56,Financial Reporting Turnaround Time,80.74,Mentoring and Knowledge Transfer,69.32,Teamwork and Professional Communication,61.0,0.9,71.5,Meets Expectations,Calculated - Pending Manager Review,2026-08-01
EMP174,Hassan Aslam,DEPARTMENT-003,Sales,Commercial Services,POS-174,Account Manager,Senior Sales Executive,Mid,Professional/Mid-level,PT-SAL-PROFESSIONAL,PC-2025-2026-ANNUAL,2026-08-01,73.99,Meets Expectations,73.68,72.11,75.05,0.41,Stable,Attendance and Punctuality,95.1,Lead Conversion and Customer Retention Score,79.42,Teamwork and Professional Communication,64.58,Collection Achievement,58.54,0.89,73.9,Meets Expectations,Calculated - Pending Manager Review,2026-08-01
EMP175,Hassan Arif,DEPARTMENT-006,Operations,Enterprise Operations,POS-175,Operations Analyst,Operations Specialist,Mid,Professional/Mid-level,PT-OPS-PROFESSIONAL,PC-2025-2026-ANNUAL,2026-08-01,79.82,Meets Expectations,81.09,79.34,82.49,0.62,Stable,Attendance and Punctuality,98.84,Operational SLA Compliance,84.6,Process Accuracy,69.31,Teamwork and Professional Communication,62.91,0.89,77.7,Meets Expectations,Calculated - Pending Manager Review,2026-08-01
EMP176,Ahsan Aziz,DEPARTMENT-003,Sales,Commercial Services,POS-176,Senior Account Manager,Senior Account Manager,Senior,Senior/Lead,PT-SAL-SENIOR,PC-2025-2026-ANNUAL,2026-08-01,83.29,Strong,82.97,81.68,83.58,-0.27,Stable,Attendance and Punctuality,96.99,Learning and Adaptability,93.26,Teamwork and Professional Communication,71.21,Collection Achievement,70.27,0.92,84.1,Strong,Calculated - Pending Manager Review,2026-08-01
EMP177,Danish Anwar,DEPARTMENT-001,HR,Corporate Services,POS-177,HR Generalist,HR Specialist,Mid,Professional/Mid-level,PT-HR-PROFESSIONAL,PC-2025-2026-ANNUAL,2026-08-01,77.79,Meets Expectations,77.55,76.39,79.28,-0.2,Stable,Attendance and Punctuality,92.57,Employee Case Resolution Time,81.33,Learning and Adaptability,62.42,Teamwork and Professional Communication,50.31,0.88,73.3,Meets Expectations,Calculated - Pending Manager Review,2026-08-01
EMP178,Fatima Rehman,DEPARTMENT-003,Sales,Commercial Services,POS-178,Sales Executive,Sales Executive,Junior,Junior/Assistant,PT-SAL-JUNIOR,PC-2025-2026-ANNUAL,2026-08-01,80.07,Strong,79.97,79.08,81.6,0.75,Stable,Attendance and Punctuality,92.99,Lead Conversion and Customer Retention Score,90.14,Teamwork and Professional Communication,63.19,Collection Achievement,59.49,0.88,82.4,Strong,Calculated - Pending Manager Review,2026-08-01
EMP179,Muneeb Javed,DEPARTMENT-006,Operations,Enterprise Operations,POS-179,Operations Officer,Operations Officer,Junior,Junior/Assistant,PT-OPS-JUNIOR,PC-2025-2026-ANNUAL,2026-08-01,80.9,Strong,80.76,79.81,82.29,0.78,Stable,Attendance and Punctuality,96.16,Operational SLA Compliance,86.71,Process Accuracy,75.1,Teamwork and Professional Communication,63.89,0.88,79.0,Strong,Calculated - Pending Manager Review,2026-08-01
EMP180,Arham Hussain,DEPARTMENT-004,Customer Support,Commercial Services,POS-180,Customer Support Representative,Support Executive,Junior,Junior/Assistant,PT-CS-JUNIOR,PC-2025-2026-ANNUAL,2026-08-01,77.03,Meets Expectations,76.23,74.72,77.76,-0.87,Stable,Attendance and Punctuality,95.47,Support SLA Compliance,85.92,Learning and Adaptability,66.2,Teamwork and Professional Communication,59.36,0.87,73.6,Meets Expectations,Calculated - Pending Manager Review,2026-08-01
EMP181,Saad Yousaf,DEPARTMENT-006,Operations,Enterprise Operations,POS-181,Operations Officer,Operations Officer,Junior,Junior/Assistant,PT-OPS-JUNIOR,PC-2025-2026-ANNUAL,2026-08-01,83.97,Strong,82.62,81.79,83.97,0.9,Stable,Attendance and Punctuality,96.56,Operational SLA Compliance,91.51,Process Accuracy,76.8,Teamwork and Professional Communication,70.69,0.88,80.7,Strong,Calculated - Pending Manager Review,2026-08-01
EMP182,Waqas Ahmad,DEPARTMENT-003,Sales,Commercial Services,POS-182,Account Manager,Senior Sales Executive,Mid,Professional/Mid-level,PT-SAL-PROFESSIONAL,PC-2025-2026-ANNUAL,2026-08-01,88.64,Strong,88.08,86.76,89.0,-0.01,Stable,Sales Target Achievement,97.83,Attendance and Punctuality,97.81,Collection Achievement,74.2,Teamwork and Professional Communication,72.8,0.91,89.4,Exceptional,Calculated - Pending Manager Review,2026-08-01
EMP183,Zain Saleem,DEPARTMENT-007,IT,Technology and Innovation,POS-183,IT Support Engineer,Junior IT Engineer,Junior,Junior/Assistant,PT-IT-JUNIOR,PC-2025-2026-ANNUAL,2026-08-01,83.66,Strong,83.14,82.2,84.44,0.61,Stable,Attendance and Punctuality,96.64,IT Service Delivery Target Achievement,95.23,Learning and Adaptability,72.93,Teamwork and Professional Communication,59.16,0.88,81.3,Strong,Calculated - Pending Manager Review,2026-08-01
EMP184,Iqra Hassan,DEPARTMENT-006,Operations,Enterprise Operations,POS-184,Operations Officer,Operations Officer,Junior,Junior/Assistant,PT-OPS-JUNIOR,PC-2025-2026-ANNUAL,2026-08-01,70.32,Meets Expectations,70.54,69.23,72.0,1.51,Stable,Attendance and Punctuality,95.99,Operational SLA Compliance,78.79,Teamwork and Professional Communication,59.0,Process Accuracy,58.73,0.87,66.7,Needs Improvement,Calculated - Pending Manager Review,2026-08-01
EMP185,Salman Hameed,DEPARTMENT-002,Finance,Corporate Services,POS-185,Senior Financial Analyst,Senior Financial Analyst,Senior,Senior/Lead,PT-FIN-SENIOR,PC-2025-2026-ANNUAL,2026-08-01,74.44,Meets Expectations,73.63,72.74,74.75,0.95,Stable,Attendance and Punctuality,99.86,Financial Reporting Turnaround Time,82.07,Mentoring and Knowledge Transfer,60.57,Teamwork and Professional Communication,58.56,0.9,70.7,Meets Expectations,Calculated - Pending Manager Review,2026-08-01
EMP186,Zara Masood,DEPARTMENT-007,IT,Technology and Innovation,POS-186,Systems Administrator,IT Engineer,Mid,Professional/Mid-level,PT-IT-PROFESSIONAL,PC-2025-2026-ANNUAL,2026-08-01,82.82,Strong,82.77,81.09,84.54,0.68,Stable,Attendance and Punctuality,95.45,Learning and Adaptability,88.38,System Availability and Change Success,73.64,Teamwork and Professional Communication,65.32,0.9,79.7,Strong,Calculated - Pending Manager Review,2026-08-01
EMP187,Nida Mahmood,DEPARTMENT-006,Operations,Enterprise Operations,POS-187,Operations Officer,Operations Officer,Junior,Junior/Assistant,PT-OPS-JUNIOR,PC-2025-2026-ANNUAL,2026-08-01,80.05,Strong,78.87,77.17,80.05,1.63,Stable,Attendance and Punctuality,97.44,Operational Throughput Target Achievement,89.72,Learning and Adaptability,69.92,Teamwork and Professional Communication,52.15,0.87,75.3,Meets Expectations,Calculated - Pending Manager Review,2026-08-01
EMP188,Areeba Ahmad,DEPARTMENT-007,IT,Technology and Innovation,POS-188,Senior Systems Engineer,Senior IT Engineer,Senior,Senior/Lead,PT-IT-SENIOR,PC-2025-2026-ANNUAL,2026-08-01,72.04,Meets Expectations,72.07,70.82,73.44,0.07,Stable,Attendance and Punctuality,96.85,Learning and Adaptability,78.9,Mentoring and Knowledge Transfer,66.22,Teamwork and Professional Communication,63.2,0.89,68.6,Meets Expectations,Calculated - Pending Manager Review,2026-08-01
EMP189,Omer Masood,DEPARTMENT-005,Engineering,Technology and Innovation,POS-189,Engineering Lead,Engineering Manager,Lead/Manager,Manager/Head,PT-ENG-MANAGER,PC-2025-2026-ANNUAL,2026-08-01,75.87,Meets Expectations,76.6,75.26,78.25,-0.83,Stable,Attendance and Punctuality,94.61,Sprint Delivery Achievement,83.85,Teamwork and Professional Communication,62.33,Team Leadership and Development,61.76,0.91,77.8,Meets Expectations,Calculated - Pending Manager Review,2026-08-01
EMP190,Noor Saeed,DEPARTMENT-001,HR,Corporate Services,POS-190,HR Officer,HR Officer,Junior,Junior/Assistant,PT-HR-JUNIOR,PC-2025-2026-ANNUAL,2026-08-01,75.93,Meets Expectations,75.25,74.28,76.56,0.08,Stable,Attendance and Punctuality,97.31,Employee Case Resolution Time,82.8,HR Data and Payroll Accuracy,68.76,Teamwork and Professional Communication,62.69,0.87,72.5,Meets Expectations,Calculated - Pending Manager Review,2026-08-01
EMP191,Danish Yousaf,DEPARTMENT-006,Operations,Enterprise Operations,POS-191,Operations Analyst,Operations Specialist,Mid,Professional/Mid-level,PT-OPS-PROFESSIONAL,PC-2025-2026-ANNUAL,2026-08-01,88.3,Strong,88.32,87.68,88.89,-0.24,Stable,Operational Throughput Target Achievement,100.0,Attendance and Punctuality,94.61,Learning and Adaptability,69.5,Teamwork and Professional Communication,54.93,0.9,82.7,Strong,Calculated - Pending Manager Review,2026-08-01
EMP192,Kashif Hussain,DEPARTMENT-003,Sales,Commercial Services,POS-192,Sales Executive,Sales Executive,Junior,Junior/Assistant,PT-SAL-JUNIOR,PC-2025-2026-ANNUAL,2026-08-01,82.16,Strong,81.49,80.72,82.48,0.49,Stable,Attendance and Punctuality,99.65,Lead Conversion and Customer Retention Score,92.85,Teamwork and Professional Communication,66.53,Collection Achievement,59.73,0.88,82.3,Strong,Calculated - Pending Manager Review,2026-08-01
EMP193,Zain Qureshi,DEPARTMENT-006,Operations,Enterprise Operations,POS-193,Operations Officer,Operations Officer,Junior,Junior/Assistant,PT-OPS-JUNIOR,PC-2025-2026-ANNUAL,2026-08-01,89.54,Strong,89.31,88.55,90.01,0.7,Stable,Operational Throughput Target Achievement,100.0,Operational SLA Compliance,95.61,Process Accuracy,82.02,Teamwork and Professional Communication,67.6,0.89,88.9,Exceptional,Calculated - Pending Manager Review,2026-08-01
EMP194,Shahid Ahmad,DEPARTMENT-004,Customer Support,Commercial Services,POS-194,Senior Support Executive,Senior Support Executive,Mid,Professional/Mid-level,PT-CS-PROFESSIONAL,PC-2025-2026-ANNUAL,2026-08-01,72.92,Meets Expectations,73.24,72.85,73.92,-0.1,Stable,Attendance and Punctuality,99.48,Support SLA Compliance,80.15,First Contact Resolution and Case Quality,62.91,Teamwork and Professional Communication,44.5,0.88,67.1,Needs Improvement,Calculated - Pending Manager Review,2026-08-01
EMP195,Mohsin Khan,DEPARTMENT-005,Engineering,Technology and Innovation,POS-195,Engineering Lead,Engineering Manager,Lead/Manager,Manager/Head,PT-ENG-MANAGER,PC-2025-2026-ANNUAL,2026-08-01,82.28,Strong,81.58,80.32,82.32,1.53,Stable,Attendance and Punctuality,96.67,Learning and Adaptability,91.99,Teamwork and Professional Communication,71.09,Team Leadership and Development,67.85,0.93,85.4,Strong,Calculated - Pending Manager Review,2026-08-01
EMP196,Mohsin Abbasi,DEPARTMENT-005,Engineering,Technology and Innovation,POS-196,Software Engineer II,Software Engineer,Mid,Professional/Mid-level,PT-ENG-PROFESSIONAL,PC-2025-2026-ANNUAL,2026-08-01,90.49,Exceptional,90.03,88.68,91.05,1.07,Stable,Sprint Delivery Achievement,100.0,Attendance and Punctuality,97.66,Escaped Defects per Release,79.83,Teamwork and Professional Communication,63.63,0.9,85.9,Strong,Calculated - Pending Manager Review,2026-08-01
EMP197,Zeeshan Qureshi,DEPARTMENT-001,HR,Corporate Services,POS-197,HR Manager,HR Manager,Lead/Manager,Manager/Head,PT-HR-MANAGER,PC-2025-2026-ANNUAL,2026-08-01,74.48,Meets Expectations,73.95,73.12,75.06,0.08,Stable,Attendance and Punctuality,92.82,Employee Case Resolution Time,85.64,Teamwork and Professional Communication,57.39,Team Leadership and Development,56.97,0.9,73.6,Meets Expectations,Calculated - Pending Manager Review,2026-08-01
EMP198,Ali Tariq,DEPARTMENT-006,Operations,Enterprise Operations,POS-198,Operations Officer,Operations Officer,Junior,Junior/Assistant,PT-OPS-JUNIOR,PC-2025-2026-ANNUAL,2026-08-01,69.47,Partially Meets Expectations,67.95,67.16,69.47,0.36,Stable,Attendance and Punctuality,97.08,Operational SLA Compliance,76.73,Learning and Adaptability,60.29,Teamwork and Professional Communication,47.35,0.86,65.5,Needs Improvement,Calculated - Pending Manager Review,2026-08-01
EMP199,Zara Tariq,DEPARTMENT-004,Customer Support,Commercial Services,POS-199,Customer Support Representative,Support Executive,Junior,Junior/Assistant,PT-CS-JUNIOR,PC-2025-2026-ANNUAL,2026-08-01,89.28,Strong,89.09,88.17,89.59,0.82,Stable,Ticket Resolution Target Achievement,100.0,Support SLA Compliance,97.11,Learning and Adaptability,79.36,Teamwork and Professional Communication,63.76,0.89,89.1,Exceptional,Calculated - Pending Manager Review,2026-08-01
EMP200,Ahmad Abbasi,DEPARTMENT-004,Customer Support,Commercial Services,POS-200,Senior Support Executive,Senior Support Executive,Mid,Professional/Mid-level,PT-CS-PROFESSIONAL,PC-2025-2026-ANNUAL,2026-08-01,83.23,Strong,83.17,82.6,84.19,-0.04,Stable,Attendance and Punctuality,92.29,Ticket Resolution Target Achievement,91.51,Learning and Adaptability,59.52,Teamwork and Professional Communication,54.11,0.88,79.8,Strong,Calculated - Pending Manager Review,2026-08-01
EMP201,Taha Saeed,DEPARTMENT-001,HR,Corporate Services,EXEC-HR-HEAD,Head of HR,Head of HR,Executive,Manager/Head,PT-HR-MANAGER,PC-2025-2026-ANNUAL,2026-08-01,77.94,Meets Expectations,77.46,76.29,78.07,0.69,Stable,Attendance and Punctuality,96.26,Learning and Adaptability,94.97,Team Leadership and Development,60.0,Teamwork and Professional Communication,53.33,0.92,83.9,Strong,Calculated - Pending Manager Review,2026-08-01
EMP202,Usman Hashmi,DEPARTMENT-001,HR,Corporate Services,POS-201,HR Manager,HR Manager,Lead/Manager,Manager/Head,PT-HR-MANAGER,PC-2025-2026-ANNUAL,2026-08-01,77.56,Meets Expectations,76.23,74.85,77.56,1.09,Stable,Attendance and Punctuality,97.72,HR Service and Recruitment Target Achievement,84.72,Team Leadership and Development,67.81,Teamwork and Professional Communication,47.87,0.92,78.4,Effective,Calculated - Pending Manager Review,2026-08-01
EMP203,Zainab Awan,DEPARTMENT-001,HR,Corporate Services,POS-202,HR Manager,HR Manager,Lead/Manager,Manager/Head,PT-HR-MANAGER,PC-2025-2026-ANNUAL,2026-08-01,80.2,Strong,78.0,75.36,80.2,4.19,Improving,Attendance and Punctuality,97.04,HR Service and Recruitment Target Achievement,87.24,Team Leadership and Development,68.44,Teamwork and Professional Communication,63.72,0.91,87.0,Strong,Calculated - Pending Manager Review,2026-08-01
EMP204,Mahnoor Khan,DEPARTMENT-001,HR,Corporate Services,POS-203,Senior HR Business Partner,Senior HR Business Partner,Senior,Senior/Lead,PT-HR-SENIOR,PC-2025-2026-ANNUAL,2026-08-01,84.03,Strong,84.67,83.39,85.95,-1.6,Stable,Employee Case Resolution Time,92.13,HR Service and Recruitment Target Achievement,92.05,Learning and Adaptability,69.01,Teamwork and Professional Communication,68.59,0.91,86.8,Strong,Calculated - Pending Manager Review,2026-08-01
EMP205,Farhan Nadeem,DEPARTMENT-001,HR,Corporate Services,POS-204,Senior HR Business Partner,Senior HR Business Partner,Senior,Senior/Lead,PT-HR-SENIOR,PC-2025-2026-ANNUAL,2026-08-01,83.27,Strong,81.74,79.35,83.27,2.87,Stable,Attendance and Punctuality,91.47,Employee Case Resolution Time,90.65,Mentoring and Knowledge Transfer,72.41,Teamwork and Professional Communication,55.05,0.91,87.2,Strong,Calculated - Pending Manager Review,2026-08-01
EMP206,Minal Abbasi,DEPARTMENT-001,HR,Corporate Services,POS-205,Senior HR Business Partner,Senior HR Business Partner,Senior,Senior/Lead,PT-HR-SENIOR,PC-2025-2026-ANNUAL,2026-08-01,89.93,Strong,90.27,89.35,91.25,-0.77,Stable,HR Service and Recruitment Target Achievement,100.0,Employee Case Resolution Time,98.88,Mentoring and Knowledge Transfer,76.07,Teamwork and Professional Communication,64.48,0.91,93.9,Exceptional,Calculated - Pending Manager Review,2026-08-01
EMP207,Nida Sultan,DEPARTMENT-001,HR,Corporate Services,POS-206,HR Officer,HR Officer,Mid,Professional/Mid-level,PT-HR-PROFESSIONAL,PC-2025-2026-ANNUAL,2026-08-01,82.99,Strong,84.14,82.07,85.77,-2.23,Stable,HR Service and Recruitment Target Achievement,90.86,Attendance and Punctuality,87.63,HR Data and Payroll Accuracy,76.41,Teamwork and Professional Communication,50.13,0.9,82.5,Strong,Calculated - Pending Manager Review,2026-08-01
EMP208,Omar Rauf,DEPARTMENT-001,HR,Corporate Services,POS-207,HR Officer,HR Officer,Mid,Professional/Mid-level,PT-HR-PROFESSIONAL,PC-2025-2026-ANNUAL,2026-08-01,90.72,Exceptional,88.71,86.67,90.72,3.26,Improving,HR Service and Recruitment Target Achievement,97.13,Responsibility and Deadline Discipline,95.16,HR Data and Payroll Accuracy,87.03,Teamwork and Professional Communication,60.79,0.91,91.5,Strong,Calculated - Pending Manager Review,2026-08-01
EMP209,Adnan Aziz,DEPARTMENT-001,HR,Corporate Services,POS-208,HR Officer,HR Officer,Mid,Professional/Mid-level,PT-HR-PROFESSIONAL,PC-2025-2026-ANNUAL,2026-08-01,84.36,Strong,86.82,84.36,88.42,-2.59,Stable,Attendance and Punctuality,94.3,HR Data and Payroll Accuracy,89.55,Learning and Adaptability,77.54,Teamwork and Professional Communication,70.1,0.91,85.1,Strong,Calculated - Pending Manager Review,2026-08-01
EMP210,Maha Latif,DEPARTMENT-001,HR,Corporate Services,POS-209,HR Officer,HR Officer,Mid,Professional/Mid-level,PT-HR-PROFESSIONAL,PC-2025-2026-ANNUAL,2026-08-01,87.71,Strong,86.73,85.73,87.89,1.13,Stable,Attendance and Punctuality,97.53,Learning and Adaptability,95.48,Responsibility and Deadline Discipline,83.7,Teamwork and Professional Communication,51.02,0.92,83.9,Strong,Calculated - Pending Manager Review,2026-08-01
EMP211,Adnan Abbasi,DEPARTMENT-001,HR,Corporate Services,POS-210,HR Officer,HR Officer,Mid,Professional/Mid-level,PT-HR-PROFESSIONAL,PC-2025-2026-ANNUAL,2026-08-01,85.89,Strong,84.77,83.31,85.89,0.97,Stable,Attendance and Punctuality,97.35,HR Data and Payroll Accuracy,87.8,Responsibility and Deadline Discipline,79.51,Teamwork and Professional Communication,63.29,0.91,85.3,Strong,Calculated - Pending Manager Review,2026-08-01
EMP212,Talha Saleem,DEPARTMENT-001,HR,Corporate Services,POS-211,HR Officer,HR Officer,Mid,Professional/Mid-level,PT-HR-PROFESSIONAL,PC-2025-2026-ANNUAL,2026-08-01,81.14,Strong,81.05,80.42,82.81,-1.11,Stable,Attendance and Punctuality,94.79,Employee Case Resolution Time,87.95,HR Data and Payroll Accuracy,73.17,Teamwork and Professional Communication,46.62,0.91,79.5,Effective,Calculated - Pending Manager Review,2026-08-01
EMP213,Talha Khalid,DEPARTMENT-001,HR,Corporate Services,POS-212,HR Officer,HR Officer,Mid,Professional/Mid-level,PT-HR-PROFESSIONAL,PC-2025-2026-ANNUAL,2026-08-01,89.15,Strong,88.31,87.19,89.65,1.11,Stable,HR Service and Recruitment Target Achievement,98.39,Attendance and Punctuality,97.36,Learning and Adaptability,79.43,Teamwork and Professional Communication,53.17,0.9,88.5,Strong,Calculated - Pending Manager Review,2026-08-01
EMP214,Talha Ejaz,DEPARTMENT-001,HR,Corporate Services,POS-213,HR Assistant,HR Assistant,Junior,Junior/Assistant,PT-HR-JUNIOR,PC-2025-2026-ANNUAL,2026-08-01,88.02,Strong,85.75,83.29,88.02,2.89,Stable,Employee Case Resolution Time,97.39,Responsibility and Deadline Discipline,96.54,Learning and Adaptability,73.47,Teamwork and Professional Communication,59.59,0.89,90.1,Strong,Calculated - Pending Manager Review,2026-08-01
EMP215,Mehwish Baig,DEPARTMENT-001,HR,Corporate Services,POS-214,HR Assistant,HR Assistant,Junior,Junior/Assistant,PT-HR-JUNIOR,PC-2025-2026-ANNUAL,2026-08-01,85.68,Strong,84.34,82.05,86.23,2.47,Stable,Attendance and Punctuality,97.83,Learning and Adaptability,92.61,HR Data and Payroll Accuracy,84.02,Teamwork and Professional Communication,54.18,0.9,87.4,Strong,Calculated - Pending Manager Review,2026-08-01
EMP216,Sana Mahmood,DEPARTMENT-001,HR,Corporate Services,POS-215,HR Assistant,HR Assistant,Junior,Junior/Assistant,PT-HR-JUNIOR,PC-2025-2026-ANNUAL,2026-08-01,82.0,Strong,79.91,77.59,82.0,3.14,Improving,Attendance and Punctuality,94.68,Employee Case Resolution Time,86.24,Learning and Adaptability,79.42,Teamwork and Professional Communication,59.19,0.9,83.1,Strong,Calculated - Pending Manager Review,2026-08-01
EMP217,Laiba Qureshi,DEPARTMENT-001,HR,Corporate Services,POS-216,HR Assistant,HR Assistant,Junior,Junior/Assistant,PT-HR-JUNIOR,PC-2025-2026-ANNUAL,2026-08-01,81.27,Strong,80.85,79.33,82.06,0.8,Stable,HR Service and Recruitment Target Achievement,89.16,Attendance and Punctuality,86.05,HR Data and Payroll Accuracy,75.3,Teamwork and Professional Communication,64.53,0.89,83.3,Strong,Calculated - Pending Manager Review,2026-08-01
EMP218,Laiba Zafar,DEPARTMENT-001,HR,Corporate Services,POS-217,HR Assistant,HR Assistant,Junior,Junior/Assistant,PT-HR-JUNIOR,PC-2025-2026-ANNUAL,2026-08-01,83.35,Strong,80.86,78.11,83.35,3.9,Improving,Attendance and Punctuality,98.96,HR Service and Recruitment Target Achievement,91.86,HR Data and Payroll Accuracy,73.96,Teamwork and Professional Communication,59.41,0.9,84.3,Strong,Calculated - Pending Manager Review,2026-08-01
EMP219,Komal Yousaf,DEPARTMENT-001,HR,Corporate Services,POS-218,HR Assistant,HR Assistant,Junior,Junior/Assistant,PT-HR-JUNIOR,PC-2025-2026-ANNUAL,2026-08-01,82.23,Strong,81.01,78.95,82.23,1.9,Stable,Attendance and Punctuality,97.98,Employee Case Resolution Time,85.19,HR Data and Payroll Accuracy,78.52,Teamwork and Professional Communication,66.35,0.9,83.7,Strong,Calculated - Pending Manager Review,2026-08-01
EMP220,Taha Saleem,DEPARTMENT-001,HR,Corporate Services,POS-219,HR Assistant,HR Assistant,Junior,Junior/Assistant,PT-HR-JUNIOR,PC-2025-2026-ANNUAL,2026-08-01,83.41,Strong,79.73,76.38,83.41,5.38,Improving,Attendance and Punctuality,97.49,Employee Case Resolution Time,90.74,Learning and Adaptability,79.02,Teamwork and Professional Communication,59.37,0.9,83.4,Strong,Calculated - Pending Manager Review,2026-08-01
EMP221,Anam Akhtar,DEPARTMENT-001,HR,Corporate Services,POS-220,HR Assistant,HR Assistant,Junior,Junior/Assistant,PT-HR-JUNIOR,PC-2025-2026-ANNUAL,2026-08-01,87.41,Strong,89.47,87.41,91.27,-3.43,Declining,HR Service and Recruitment Target Achievement,97.91,Responsibility and Deadline Discipline,97.77,Teamwork and Professional Communication,66.05,Learning and Adaptability,60.19,0.91,87.5,Strong,Calculated - Pending Manager Review,2026-08-01
EMP222,Farhan Khan,DEPARTMENT-001,HR,Corporate Services,POS-221,HR Assistant,HR Assistant,Junior,Junior/Assistant,PT-HR-JUNIOR,PC-2025-2026-ANNUAL,2026-08-01,80.79,Strong,79.79,79.04,80.79,1.12,Stable,Attendance and Punctuality,99.51,Employee Case Resolution Time,86.54,Responsibility and Deadline Discipline,79.12,Teamwork and Professional Communication,52.93,0.91,78.6,Effective,Calculated - Pending Manager Review,2026-08-01
EMP223,Talha Mahmood,DEPARTMENT-001,HR,Corporate Services,POS-222,HR Assistant,HR Assistant,Junior,Junior/Assistant,PT-HR-JUNIOR,PC-2025-2026-ANNUAL,2026-08-01,77.46,Meets Expectations,75.76,74.62,77.46,1.83,Stable,Attendance and Punctuality,94.45,Learning and Adaptability,84.73,HR Service and Recruitment Target Achievement,74.19,Teamwork and Professional Communication,66.88,0.9,76.7,Effective,Calculated - Pending Manager Review,2026-08-01
EMP224,Laiba Ali,DEPARTMENT-001,HR,Corporate Services,POS-223,HR Intern,HR Intern,Intern,Intern/Trainee,PT-HR-INTERN,PC-2025-2026-ANNUAL,2026-08-01,77.55,Meets Expectations,74.94,73.2,77.55,3.08,Improving,Attendance and Punctuality,96.7,Employee Case Resolution Time,82.27,Responsibility and Deadline Discipline,71.18,Teamwork and Professional Communication,57.9,0.9,75.5,Effective,Calculated - Pending Manager Review,2026-08-01
EMP225,Noor Rauf,DEPARTMENT-001,HR,Corporate Services,POS-224,HR Intern,HR Intern,Intern,Intern/Trainee,PT-HR-INTERN,PC-2025-2026-ANNUAL,2026-08-01,83.27,Strong,80.12,77.64,83.27,4.66,Improving,Attendance and Punctuality,96.03,Employee Case Resolution Time,91.3,Learning and Adaptability,71.25,Teamwork and Professional Communication,61.78,0.9,86.9,Strong,Calculated - Pending Manager Review,2026-08-01
EMP226,Taha Raza,DEPARTMENT-001,HR,Corporate Services,POS-225,HR Intern,HR Intern,Intern,Intern/Trainee,PT-HR-INTERN,PC-2025-2026-ANNUAL,2026-08-01,81.86,Strong,81.03,80.28,81.86,0.67,Stable,Attendance and Punctuality,99.32,Learning and Adaptability,86.83,Responsibility and Deadline Discipline,77.64,Teamwork and Professional Communication,60.51,0.89,81.7,Effective,Calculated - Pending Manager Review,2026-08-01
EMP227,Fahad Sheikh,DEPARTMENT-002,Finance,Corporate Services,EXEC-FIN-HEAD,Head of Finance,Head of Finance,Executive,Manager/Head,PT-FIN-MANAGER,PC-2025-2026-ANNUAL,2026-08-01,83.75,Strong,80.95,77.22,84.78,6.01,Improving,Attendance and Punctuality,99.41,Responsibility and Deadline Discipline,98.61,Teamwork and Professional Communication,63.86,Team Leadership and Development,60.91,0.92,99.6,Exceptional,Calculated - Pending Manager Review,2026-08-01
EMP228,Ahmed Farooq,DEPARTMENT-002,Finance,Corporate Services,POS-226,Finance Manager,Finance Manager,Lead/Manager,Manager/Head,PT-FIN-MANAGER,PC-2025-2026-ANNUAL,2026-08-01,80.06,Strong,78.24,75.87,80.06,2.89,Stable,Attendance and Punctuality,96.7,Responsibility and Deadline Discipline,91.41,Team Leadership and Development,64.47,Teamwork and Professional Communication,45.02,0.91,87.5,Strong,Calculated - Pending Manager Review,2026-08-01
EMP229,Danish Sultan,DEPARTMENT-002,Finance,Corporate Services,POS-227,Finance Manager,Finance Manager,Lead/Manager,Manager/Head,PT-FIN-MANAGER,PC-2025-2026-ANNUAL,2026-08-01,80.44,Strong,80.24,79.1,81.4,-1.02,Stable,Attendance and Punctuality,100.0,Reporting and Reconciliation Target Achievement,90.58,Team Leadership and Development,65.07,Teamwork and Professional Communication,61.78,0.92,85.8,Strong,Calculated - Pending Manager Review,2026-08-01
EMP230,Saba Nadeem,DEPARTMENT-002,Finance,Corporate Services,POS-228,Finance Manager,Finance Manager,Lead/Manager,Manager/Head,PT-FIN-MANAGER,PC-2025-2026-ANNUAL,2026-08-01,79.34,Meets Expectations,81.29,79.34,83.14,-2.41,Stable,Attendance and Punctuality,96.06,Financial Reporting Turnaround Time,89.32,Team Leadership and Development,61.45,Teamwork and Professional Communication,57.9,0.92,86.0,Strong,Calculated - Pending Manager Review,2026-08-01
EMP231,Ayesha Aziz,DEPARTMENT-002,Finance,Corporate Services,POS-229,Finance Manager,Finance Manager,Lead/Manager,Manager/Head,PT-FIN-MANAGER,PC-2025-2026-ANNUAL,2026-08-01,75.48,Meets Expectations,71.74,68.53,75.55,6.04,Improving,Attendance and Punctuality,96.62,Learning and Adaptability,90.16,Team Leadership and Development,63.72,Teamwork and Professional Communication,53.27,0.91,77.3,Effective,Calculated - Pending Manager Review,2026-08-01
EMP232,Raza Iqbal,DEPARTMENT-002,Finance,Corporate Services,POS-230,Finance Manager,Finance Manager,Lead/Manager,Manager/Head,PT-FIN-MANAGER,PC-2025-2026-ANNUAL,2026-08-01,73.67,Meets Expectations,71.63,69.02,74.43,3.78,Improving,Attendance and Punctuality,96.32,Financial Transaction and Reconciliation Accuracy,84.43,Team Leadership and Development,59.57,Teamwork and Professional Communication,52.85,0.92,75.5,Effective,Calculated - Pending Manager Review,2026-08-01
EMP233,Eman Akhtar,DEPARTMENT-002,Finance,Corporate Services,POS-231,Financial Analyst,Financial Analyst,Mid,Professional/Mid-level,PT-FIN-PROFESSIONAL,PC-2025-2026-ANNUAL,2026-08-01,85.46,Strong,83.17,81.17,85.75,3.55,Improving,Attendance and Punctuality,99.1,Financial Transaction and Reconciliation Accuracy,90.53,Responsibility and Deadline Discipline,82.83,Teamwork and Professional Communication,62.21,0.91,84.7,Strong,Calculated - Pending Manager Review,2026-08-01
EMP234,Hira Qureshi,DEPARTMENT-002,Finance,Corporate Services,POS-232,Financial Analyst,Financial Analyst,Mid,Professional/Mid-level,PT-FIN-PROFESSIONAL,PC-2025-2026-ANNUAL,2026-08-01,83.02,Strong,85.39,82.62,88.18,-5.05,Declining,Attendance and Punctuality,96.4,Reporting and Reconciliation Target Achievement,91.37,Financial Transaction and Reconciliation Accuracy,66.28,Teamwork and Professional Communication,63.88,0.91,82.1,Strong,Calculated - Pending Manager Review,2026-08-01
EMP235,Farhan Munir,DEPARTMENT-002,Finance,Corporate Services,POS-233,Financial Analyst,Financial Analyst,Mid,Professional/Mid-level,PT-FIN-PROFESSIONAL,PC-2025-2026-ANNUAL,2026-08-01,79.4,Meets Expectations,77.7,75.92,79.4,1.36,Stable,Attendance and Punctuality,96.84,Learning and Adaptability,87.1,Responsibility and Deadline Discipline,75.55,Teamwork and Professional Communication,50.19,0.91,75.4,Effective,Calculated - Pending Manager Review,2026-08-01
EMP236,Anam Nadeem,DEPARTMENT-002,Finance,Corporate Services,POS-234,Financial Analyst,Financial Analyst,Mid,Professional/Mid-level,PT-FIN-PROFESSIONAL,PC-2025-2026-ANNUAL,2026-08-01,92.02,Exceptional,90.83,89.3,92.11,2.2,Stable,Reporting and Reconciliation Target Achievement,100.0,Financial Reporting Turnaround Time,100.0,Financial Transaction and Reconciliation Accuracy,83.37,Teamwork and Professional Communication,51.52,0.91,91.5,Strong,Calculated - Pending Manager Review,2026-08-01
EMP237,Areeba Munir,DEPARTMENT-002,Finance,Corporate Services,POS-235,Accounts Assistant,Accounts Assistant,Junior,Junior/Assistant,PT-FIN-JUNIOR,PC-2025-2026-ANNUAL,2026-08-01,86.32,Strong,86.24,84.79,87.92,-1.42,Stable,Reporting and Reconciliation Target Achievement,97.03,Attendance and Punctuality,94.91,Learning and Adaptability,66.94,Teamwork and Professional Communication,65.3,0.9,86.3,Strong,Calculated - Pending Manager Review,2026-08-01
EMP238,Kinza Ali,DEPARTMENT-002,Finance,Corporate Services,POS-236,Accounts Assistant,Accounts Assistant,Junior,Junior/Assistant,PT-FIN-JUNIOR,PC-2025-2026-ANNUAL,2026-08-01,79.69,Meets Expectations,77.5,75.51,79.69,2.76,Stable,Attendance and Punctuality,95.47,Learning and Adaptability,82.86,Responsibility and Deadline Discipline,78.3,Teamwork and Professional Communication,57.07,0.9,79.9,Effective,Calculated - Pending Manager Review,2026-08-01
EMP239,Komal Sultan,DEPARTMENT-002,Finance,Corporate Services,POS-237,Accounts Assistant,Accounts Assistant,Junior,Junior/Assistant,PT-FIN-JUNIOR,PC-2025-2026-ANNUAL,2026-08-01,83.9,Strong,85.83,83.66,90.19,-4.0,Declining,Attendance and Punctuality,95.3,Learning and Adaptability,93.68,Financial Transaction and Reconciliation Accuracy,82.88,Teamwork and Professional Communication,51.87,0.9,83.6,Strong,Calculated - Pending Manager Review,2026-08-01
EMP240,Eman Latif,DEPARTMENT-002,Finance,Corporate Services,POS-238,Accounts Assistant,Accounts Assistant,Junior,Junior/Assistant,PT-FIN-JUNIOR,PC-2025-2026-ANNUAL,2026-08-01,85.77,Strong,78.2,71.4,85.77,11.37,Improving,Attendance and Punctuality,99.3,Reporting and Reconciliation Target Achievement,91.27,Learning and Adaptability,73.66,Teamwork and Professional Communication,62.72,0.91,84.8,Strong,Calculated - Pending Manager Review,2026-08-01
EMP241,Mahnoor Hameed,DEPARTMENT-002,Finance,Corporate Services,POS-239,Accounts Assistant,Accounts Assistant,Junior,Junior/Assistant,PT-FIN-JUNIOR,PC-2025-2026-ANNUAL,2026-08-01,82.27,Strong,83.58,82.19,85.6,-2.22,Stable,Attendance and Punctuality,98.34,Learning and Adaptability,91.49,Reporting and Reconciliation Target Achievement,78.91,Teamwork and Professional Communication,69.93,0.91,85.2,Strong,Calculated - Pending Manager Review,2026-08-01
EMP242,Mehwish Dar,DEPARTMENT-002,Finance,Corporate Services,POS-240,Accounts Assistant,Accounts Assistant,Junior,Junior/Assistant,PT-FIN-JUNIOR,PC-2025-2026-ANNUAL,2026-08-01,75.19,Meets Expectations,76.12,74.59,77.6,-0.88,Stable,Attendance and Punctuality,93.01,Financial Transaction and Reconciliation Accuracy,77.21,Learning and Adaptability,69.2,Teamwork and Professional Communication,53.63,0.9,75.3,Effective,Calculated - Pending Manager Review,2026-08-01
EMP243,Mehwish Khalid,DEPARTMENT-002,Finance,Corporate Services,POS-241,Accounts Assistant,Accounts Assistant,Junior,Junior/Assistant,PT-FIN-JUNIOR,PC-2025-2026-ANNUAL,2026-08-01,74.03,Meets Expectations,69.75,66.14,74.03,6.45,Improving,Attendance and Punctuality,93.07,Learning and Adaptability,91.93,Reporting and Reconciliation Target Achievement,64.96,Teamwork and Professional Communication,63.38,0.91,75.2,Effective,Calculated - Pending Manager Review,2026-08-01
EMP244,Saad Rauf,DEPARTMENT-002,Finance,Corporate Services,POS-242,Accounts Assistant,Accounts Assistant,Junior,Junior/Assistant,PT-FIN-JUNIOR,PC-2025-2026-ANNUAL,2026-08-01,89.57,Strong,89.98,89.11,90.75,-0.29,Stable,Reporting and Reconciliation Target Achievement,100.0,Financial Reporting Turnaround Time,100.0,Learning and Adaptability,74.06,Teamwork and Professional Communication,54.71,0.9,94.3,Exceptional,Calculated - Pending Manager Review,2026-08-01
EMP245,Ayesha Habib,DEPARTMENT-002,Finance,Corporate Services,POS-243,Accounts Assistant,Accounts Assistant,Junior,Junior/Assistant,PT-FIN-JUNIOR,PC-2025-2026-ANNUAL,2026-08-01,84.02,Strong,82.81,80.47,85.39,3.73,Improving,Reporting and Reconciliation Target Achievement,93.37,Attendance and Punctuality,93.35,Financial Transaction and Reconciliation Accuracy,74.87,Teamwork and Professional Communication,52.94,0.89,85.7,Strong,Calculated - Pending Manager Review,2026-08-01
EMP246,Ahmed Zafar,DEPARTMENT-002,Finance,Corporate Services,POS-244,Accounts Assistant,Accounts Assistant,Junior,Junior/Assistant,PT-FIN-JUNIOR,PC-2025-2026-ANNUAL,2026-08-01,82.14,Strong,78.63,75.18,82.14,5.01,Improving,Attendance and Punctuality,96.93,Reporting and Reconciliation Target Achievement,89.84,Learning and Adaptability,67.72,Teamwork and Professional Communication,54.47,0.9,80.7,Effective,Calculated - Pending Manager Review,2026-08-01
EMP247,Maha Aslam,DEPARTMENT-002,Finance,Corporate Services,POS-245,Accounts Assistant,Accounts Assistant,Junior,Junior/Assistant,PT-FIN-JUNIOR,PC-2025-2026-ANNUAL,2026-08-01,89.66,Strong,88.89,88.12,89.85,0.1,Stable,Reporting and Reconciliation Target Achievement,100.0,Attendance and Punctuality,100.0,Learning and Adaptability,68.92,Teamwork and Professional Communication,65.29,0.9,89.3,Strong,Calculated - Pending Manager Review,2026-08-01
EMP248,Anam Zafar,DEPARTMENT-002,Finance,Corporate Services,POS-246,Accounts Assistant,Accounts Assistant,Junior,Junior/Assistant,PT-FIN-JUNIOR,PC-2025-2026-ANNUAL,2026-08-01,87.27,Strong,87.41,86.66,88.13,-0.32,Stable,Reporting and Reconciliation Target Achievement,100.0,Financial Reporting Turnaround Time,100.0,Financial Transaction and Reconciliation Accuracy,72.18,Teamwork and Professional Communication,59.36,0.9,96.2,Exceptional,Calculated - Pending Manager Review,2026-08-01
EMP249,Noor Qureshi,DEPARTMENT-002,Finance,Corporate Services,POS-247,Finance Intern,Finance Intern,Intern,Intern/Trainee,PT-FIN-INTERN,PC-2025-2026-ANNUAL,2026-08-01,79.11,Meets Expectations,81.86,79.11,85.01,-4.09,Declining,Attendance and Punctuality,96.18,Learning and Adaptability,79.75,Reporting and Reconciliation Target Achievement,75.15,Teamwork and Professional Communication,69.87,0.89,82.6,Strong,Calculated - Pending Manager Review,2026-08-01
EMP250,Taha Malik,DEPARTMENT-002,Finance,Corporate Services,POS-248,Finance Intern,Finance Intern,Intern,Intern/Trainee,PT-FIN-INTERN,PC-2025-2026-ANNUAL,2026-08-01,85.57,Strong,80.8,75.56,85.57,7.84,Improving,Attendance and Punctuality,99.11,Financial Reporting Turnaround Time,93.06,Financial Transaction and Reconciliation Accuracy,82.9,Teamwork and Professional Communication,50.89,0.89,86.0,Strong,Calculated - Pending Manager Review,2026-08-01
EMP251,Mahnoor Javed,DEPARTMENT-002,Finance,Corporate Services,POS-249,Finance Intern,Finance Intern,Intern,Intern/Trainee,PT-FIN-INTERN,PC-2025-2026-ANNUAL,2026-08-01,71.33,Meets Expectations,70.52,70.0,71.33,0.3,Stable,Attendance and Punctuality,94.05,Financial Transaction and Reconciliation Accuracy,89.56,Reporting and Reconciliation Target Achievement,56.29,Teamwork and Professional Communication,52.04,0.89,68.2,Development Required,Calculated - Pending Manager Review,2026-08-01
EMP252,Iqra Ismail,DEPARTMENT-003,Sales,Commercial Services,EXEC-SAL-HEAD,Head of Sales,Head of Sales,Executive,Manager/Head,PT-SAL-MANAGER,PC-2025-2026-ANNUAL,2026-08-01,79.49,Meets Expectations,79.9,78.38,80.82,-1.41,Stable,Attendance and Punctuality,99.53,Responsibility and Deadline Discipline,96.95,Teamwork and Professional Communication,61.73,Team Leadership and Development,60.61,0.92,92.1,Exceptional,Calculated - Pending Manager Review,2026-08-01
EMP253,Hassan Nawaz,DEPARTMENT-003,Sales,Commercial Services,POS-250,Senior Account Manager,Senior Account Manager,Senior,Senior/Lead,PT-SAL-SENIOR,PC-2025-2026-ANNUAL,2026-08-01,82.39,Strong,80.79,79.39,82.39,1.73,Stable,Attendance and Punctuality,96.97,Lead Conversion and Customer Retention Score,94.56,Mentoring and Knowledge Transfer,66.66,Teamwork and Professional Communication,55.91,0.91,86.3,Strong,Calculated - Pending Manager Review,2026-08-01
EMP254,Farhan Awan,DEPARTMENT-003,Sales,Commercial Services,POS-251,Senior Account Manager,Senior Account Manager,Senior,Senior/Lead,PT-SAL-SENIOR,PC-2025-2026-ANNUAL,2026-08-01,83.83,Strong,86.07,83.83,88.19,-2.63,Stable,Responsibility and Deadline Discipline,94.87,Lead Conversion and Customer Retention Score,94.61,Mentoring and Knowledge Transfer,70.21,Teamwork and Professional Communication,57.21,0.91,90.5,Strong,Calculated - Pending Manager Review,2026-08-01
EMP255,Rabia Rashid,DEPARTMENT-003,Sales,Commercial Services,POS-252,Senior Account Manager,Senior Account Manager,Senior,Senior/Lead,PT-SAL-SENIOR,PC-2025-2026-ANNUAL,2026-08-01,85.78,Strong,85.71,85.18,86.45,-0.38,Stable,Sales Target Achievement,100.0,Lead Conversion and Customer Retention Score,100.0,Collection Achievement,64.08,Teamwork and Professional Communication,60.66,0.91,93.9,Exceptional,Calculated - Pending Manager Review,2026-08-01
EMP256,Omar Farooq,DEPARTMENT-003,Sales,Commercial Services,POS-253,Sales Intern,Sales Intern,Intern,Intern/Trainee,PT-SAL-INTERN,PC-2025-2026-ANNUAL,2026-08-01,80.9,Strong,79.28,77.39,80.92,2.5,Stable,Attendance and Punctuality,98.38,Lead Conversion and Customer Retention Score,92.22,Collection Achievement,65.24,Teamwork and Professional Communication,60.81,0.89,85.7,Strong,Calculated - Pending Manager Review,2026-08-01
EMP257,Adnan Baig,DEPARTMENT-003,Sales,Commercial Services,POS-254,Sales Intern,Sales Intern,Intern,Intern/Trainee,PT-SAL-INTERN,PC-2025-2026-ANNUAL,2026-08-01,80.15,Strong,77.53,74.31,81.13,5.22,Improving,Attendance and Punctuality,96.52,Lead Conversion and Customer Retention Score,90.51,Teamwork and Professional Communication,65.25,Collection Achievement,56.28,0.89,85.8,Strong,Calculated - Pending Manager Review,2026-08-01
EMP258,Ayesha Khalid,DEPARTMENT-003,Sales,Commercial Services,POS-255,Sales Intern,Sales Intern,Intern,Intern/Trainee,PT-SAL-INTERN,PC-2025-2026-ANNUAL,2026-08-01,72.66,Meets Expectations,72.67,71.73,73.64,0.51,Stable,Attendance and Punctuality,95.03,Learning and Adaptability,75.1,Collection Achievement,61.84,Teamwork and Professional Communication,52.74,0.89,74.3,Effective,Calculated - Pending Manager Review,2026-08-01
EMP259,Usman Nasir,DEPARTMENT-004,Customer Support,Commercial Services,EXEC-CS-HEAD,Head of Customer Support,Head of Customer Support,Executive,Manager/Head,PT-CS-MANAGER,PC-2025-2026-ANNUAL,2026-08-01,74.46,Meets Expectations,76.25,74.18,78.48,-2.96,Stable,Attendance and Punctuality,93.42,Learning and Adaptability,84.08,Teamwork and Professional Communication,65.15,Team Leadership and Development,63.62,0.92,76.2,Effective,Calculated - Pending Manager Review,2026-08-01
EMP260,Rabia Farooq,DEPARTMENT-004,Customer Support,Commercial Services,POS-256,Senior Customer Support Specialist,Senior Customer Support Specialist,Senior,Senior/Lead,PT-CS-SENIOR,PC-2025-2026-ANNUAL,2026-08-01,80.64,Strong,83.31,79.71,87.4,-5.38,Declining,Attendance and Punctuality,93.57,Ticket Resolution Target Achievement,83.51,Mentoring and Knowledge Transfer,78.17,Teamwork and Professional Communication,59.27,0.91,82.2,Strong,Calculated - Pending Manager Review,2026-08-01
EMP261,Anam Ahmed,DEPARTMENT-004,Customer Support,Commercial Services,POS-257,Senior Customer Support Specialist,Senior Customer Support Specialist,Senior,Senior/Lead,PT-CS-SENIOR,PC-2025-2026-ANNUAL,2026-08-01,89.27,Strong,88.19,86.14,89.82,2.82,Stable,Ticket Resolution Target Achievement,100.0,Support SLA Compliance,99.68,Mentoring and Knowledge Transfer,71.73,Teamwork and Professional Communication,59.6,0.91,95.1,Exceptional,Calculated - Pending Manager Review,2026-08-01
EMP262,Omar Riaz,DEPARTMENT-004,Customer Support,Commercial Services,POS-258,Senior Customer Support Specialist,Senior Customer Support Specialist,Senior,Senior/Lead,PT-CS-SENIOR,PC-2025-2026-ANNUAL,2026-08-01,86.71,Strong,86.86,86.54,87.71,-0.25,Stable,Ticket Resolution Target Achievement,100.0,Support SLA Compliance,100.0,Mentoring and Knowledge Transfer,66.75,Teamwork and Professional Communication,59.68,0.91,88.5,Strong,Calculated - Pending Manager Review,2026-08-01
EMP263,Anusha Rauf,DEPARTMENT-004,Customer Support,Commercial Services,POS-259,Customer Support Specialist,Customer Support Specialist,Mid,Professional/Mid-level,PT-CS-PROFESSIONAL,PC-2025-2026-ANNUAL,2026-08-01,89.59,Strong,88.83,88.03,89.59,1.26,Stable,Ticket Resolution Target Achievement,100.0,Responsibility and Deadline Discipline,100.0,First Contact Resolution and Case Quality,72.74,Teamwork and Professional Communication,59.15,0.91,93.4,Exceptional,Calculated - Pending Manager Review,2026-08-01
EMP264,Areeba Rauf,DEPARTMENT-004,Customer Support,Commercial Services,POS-260,Customer Support Specialist,Customer Support Specialist,Mid,Professional/Mid-level,PT-CS-PROFESSIONAL,PC-2025-2026-ANNUAL,2026-08-01,90.34,Exceptional,85.32,81.1,90.34,6.99,Improving,Ticket Resolution Target Achievement,99.29,Learning and Adaptability,95.6,First Contact Resolution and Case Quality,82.88,Teamwork and Professional Communication,51.79,0.91,89.6,Strong,Calculated - Pending Manager Review,2026-08-01
EMP265,Danish Saleem,DEPARTMENT-004,Customer Support,Commercial Services,POS-261,Customer Support Intern,Customer Support Intern,Intern,Intern/Trainee,PT-CS-INTERN,PC-2025-2026-ANNUAL,2026-08-01,81.02,Strong,82.06,80.36,83.66,-2.54,Stable,Attendance and Punctuality,95.81,Ticket Resolution Target Achievement,88.77,Learning and Adaptability,71.21,Teamwork and Professional Communication,63.1,0.89,85.0,Strong,Calculated - Pending Manager Review,2026-08-01
EMP266,Maryam Khalid,DEPARTMENT-004,Customer Support,Commercial Services,POS-262,Customer Support Intern,Customer Support Intern,Intern,Intern/Trainee,PT-CS-INTERN,PC-2025-2026-ANNUAL,2026-08-01,82.27,Strong,84.55,82.27,86.71,-3.27,Declining,Ticket Resolution Target Achievement,100.0,Attendance and Punctuality,96.83,Learning and Adaptability,68.35,Teamwork and Professional Communication,49.35,0.89,86.5,Strong,Calculated - Pending Manager Review,2026-08-01
EMP267,Haris Awan,DEPARTMENT-004,Customer Support,Commercial Services,POS-263,Customer Support Intern,Customer Support Intern,Intern,Intern/Trainee,PT-CS-INTERN,PC-2025-2026-ANNUAL,2026-08-01,84.54,Strong,82.62,80.32,84.54,3.21,Improving,Attendance and Punctuality,97.78,Ticket Resolution Target Achievement,92.74,Learning and Adaptability,75.14,Teamwork and Professional Communication,63.93,0.9,88.7,Strong,Calculated - Pending Manager Review,2026-08-01
EMP268,Fatima Mughal,DEPARTMENT-005,Engineering,Technology and Innovation,EXEC-ENG-HEAD,Head of Engineering,Head of Engineering,Executive,Manager/Head,PT-ENG-MANAGER,PC-2025-2026-ANNUAL,2026-08-01,79.01,Meets Expectations,79.33,78.02,81.2,0.87,Stable,Attendance and Punctuality,94.74,Responsibility and Deadline Discipline,88.24,Team Leadership and Development,66.53,Teamwork and Professional Communication,58.88,0.92,85.4,Strong,Calculated - Pending Manager Review,2026-08-01
EMP269,Noor Bukhari,DEPARTMENT-005,Engineering,Technology and Innovation,POS-264,Senior Software Engineer,Senior Software Engineer,Senior,Senior/Lead,PT-ENG-SENIOR,PC-2025-2026-ANNUAL,2026-08-01,88.57,Strong,85.54,82.67,88.57,4.33,Improving,Sprint Delivery Achievement,99.56,Attendance and Punctuality,96.05,Mentoring and Knowledge Transfer,78.88,Teamwork and Professional Communication,64.81,0.91,92.5,Exceptional,Calculated - Pending Manager Review,2026-08-01
EMP270,Laiba Saeed,DEPARTMENT-005,Engineering,Technology and Innovation,POS-265,Senior Software Engineer,Senior Software Engineer,Senior,Senior/Lead,PT-ENG-SENIOR,PC-2025-2026-ANNUAL,2026-08-01,83.97,Strong,86.34,83.97,88.82,-3.83,Declining,Attendance and Punctuality,96.0,Learning and Adaptability,93.06,Mentoring and Knowledge Transfer,73.55,Teamwork and Professional Communication,65.59,0.91,86.8,Strong,Calculated - Pending Manager Review,2026-08-01
EMP271,Minal Khalid,DEPARTMENT-005,Engineering,Technology and Innovation,POS-266,Junior Software Engineer,Junior Software Engineer,Junior,Junior/Assistant,PT-ENG-JUNIOR,PC-2025-2026-ANNUAL,2026-08-01,84.6,Strong,84.18,83.01,85.97,-0.9,Stable,Attendance and Punctuality,99.49,Sprint Delivery Achievement,93.06,Learning and Adaptability,64.4,Teamwork and Professional Communication,50.72,0.91,82.5,Strong,Calculated - Pending Manager Review,2026-08-01
EMP272,Ali Siddiqui,DEPARTMENT-005,Engineering,Technology and Innovation,POS-267,Junior Software Engineer,Junior Software Engineer,Junior,Junior/Assistant,PT-ENG-JUNIOR,PC-2025-2026-ANNUAL,2026-08-01,80.86,Strong,80.8,79.84,81.56,-0.65,Stable,Attendance and Punctuality,97.64,Learning and Adaptability,87.57,Escaped Defects per Release,77.33,Teamwork and Professional Communication,50.06,0.9,81.1,Effective,Calculated - Pending Manager Review,2026-08-01
EMP273,Haris Ejaz,DEPARTMENT-005,Engineering,Technology and Innovation,POS-268,Junior Software Engineer,Junior Software Engineer,Junior,Junior/Assistant,PT-ENG-JUNIOR,PC-2025-2026-ANNUAL,2026-08-01,87.4,Strong,85.98,83.95,87.4,3.17,Improving,Attendance and Punctuality,98.94,Production Change Success Rate,97.37,Learning and Adaptability,74.38,Teamwork and Professional Communication,63.92,0.91,88.7,Strong,Calculated - Pending Manager Review,2026-08-01
EMP274,Adnan Awan,DEPARTMENT-005,Engineering,Technology and Innovation,POS-269,Engineering Intern,Engineering Intern,Intern,Intern/Trainee,PT-ENG-INTERN,PC-2025-2026-ANNUAL,2026-08-01,86.91,Strong,84.75,81.1,87.58,5.22,Improving,Attendance and Punctuality,98.9,Production Change Success Rate,96.97,Learning and Adaptability,75.85,Teamwork and Professional Communication,62.42,0.89,90.6,Strong,Calculated - Pending Manager Review,2026-08-01
EMP275,Fatima Saeed,DEPARTMENT-005,Engineering,Technology and Innovation,POS-270,Engineering Intern,Engineering Intern,Intern,Intern/Trainee,PT-ENG-INTERN,PC-2025-2026-ANNUAL,2026-08-01,81.13,Strong,79.72,78.05,81.13,1.33,Stable,Attendance and Punctuality,95.12,Learning and Adaptability,85.98,Responsibility and Deadline Discipline,76.41,Teamwork and Professional Communication,53.69,0.89,80.8,Effective,Calculated - Pending Manager Review,2026-08-01
EMP276,Ali Riaz,DEPARTMENT-005,Engineering,Technology and Innovation,POS-271,Engineering Intern,Engineering Intern,Intern,Intern/Trainee,PT-ENG-INTERN,PC-2025-2026-ANNUAL,2026-08-01,74.67,Meets Expectations,75.0,74.24,76.22,-0.98,Stable,Attendance and Punctuality,94.56,Sprint Delivery Achievement,81.1,Escaped Defects per Release,67.0,Teamwork and Professional Communication,50.97,0.89,74.3,Effective,Calculated - Pending Manager Review,2026-08-01
EMP277,Amna Chaudhry,DEPARTMENT-006,Operations,Enterprise Operations,EXEC-OPS-HEAD,Head of Operations,Head of Operations,Executive,Manager/Head,PT-OPS-MANAGER,PC-2025-2026-ANNUAL,2026-08-01,80.9,Strong,83.01,80.71,85.84,-3.91,Declining,Attendance and Punctuality,95.27,Operational SLA Compliance,89.06,Teamwork and Professional Communication,69.99,Team Leadership and Development,66.92,0.92,89.7,Strong,Calculated - Pending Manager Review,2026-08-01
EMP278,Kinza Mirza,DEPARTMENT-006,Operations,Enterprise Operations,POS-272,Operations Manager,Operations Manager,Lead/Manager,Manager/Head,PT-OPS-MANAGER,PC-2025-2026-ANNUAL,2026-08-01,79.69,Meets Expectations,79.58,78.48,80.65,0.7,Stable,Attendance and Punctuality,100.0,Responsibility and Deadline Discipline,92.16,Team Leadership and Development,64.42,Teamwork and Professional Communication,56.12,0.92,88.0,Strong,Calculated - Pending Manager Review,2026-08-01
EMP279,Minal Ali,DEPARTMENT-006,Operations,Enterprise Operations,POS-273,Senior Operations Officer,Senior Operations Officer,Senior,Senior/Lead,PT-OPS-SENIOR,PC-2025-2026-ANNUAL,2026-08-01,89.65,Strong,87.67,85.77,89.65,3.0,Improving,Operational Throughput Target Achievement,100.0,Operational SLA Compliance,99.69,Mentoring and Knowledge Transfer,72.99,Teamwork and Professional Communication,55.2,0.92,89.8,Strong,Calculated - Pending Manager Review,2026-08-01
EMP280,Noman Waheed,DEPARTMENT-006,Operations,Enterprise Operations,POS-274,Senior Operations Officer,Senior Operations Officer,Senior,Senior/Lead,PT-OPS-SENIOR,PC-2025-2026-ANNUAL,2026-08-01,78.59,Meets Expectations,74.33,70.14,78.65,7.23,Improving,Attendance and Punctuality,97.59,Operational SLA Compliance,82.21,Mentoring and Knowledge Transfer,69.36,Teamwork and Professional Communication,60.13,0.92,80.6,Effective,Calculated - Pending Manager Review,2026-08-01
EMP281,Noman Shah,DEPARTMENT-006,Operations,Enterprise Operations,POS-275,Senior Operations Officer,Senior Operations Officer,Senior,Senior/Lead,PT-OPS-SENIOR,PC-2025-2026-ANNUAL,2026-08-01,85.51,Strong,80.12,73.7,85.51,9.74,Improving,Operational Throughput Target Achievement,100.0,Operational SLA Compliance,96.7,Mentoring and Knowledge Transfer,62.81,Teamwork and Professional Communication,50.22,0.91,87.9,Strong,Calculated - Pending Manager Review,2026-08-01
EMP282,Sana Latif,DEPARTMENT-006,Operations,Enterprise Operations,POS-276,Senior Operations Officer,Senior Operations Officer,Senior,Senior/Lead,PT-OPS-SENIOR,PC-2025-2026-ANNUAL,2026-08-01,76.17,Meets Expectations,73.04,70.05,76.17,4.56,Improving,Attendance and Punctuality,98.71,Process Accuracy,87.01,Operational Throughput Target Achievement,67.57,Teamwork and Professional Communication,58.49,0.92,74.4,Effective,Calculated - Pending Manager Review,2026-08-01
EMP283,Komal Baig,DEPARTMENT-006,Operations,Enterprise Operations,POS-277,Senior Operations Officer,Senior Operations Officer,Senior,Senior/Lead,PT-OPS-SENIOR,PC-2025-2026-ANNUAL,2026-08-01,74.6,Meets Expectations,73.01,71.5,74.6,1.56,Stable,Attendance and Punctuality,95.55,Learning and Adaptability,88.75,Mentoring and Knowledge Transfer,69.66,Teamwork and Professional Communication,63.84,0.91,76.3,Effective,Calculated - Pending Manager Review,2026-08-01
EMP284,Hamza Aziz,DEPARTMENT-006,Operations,Enterprise Operations,POS-278,Senior Operations Officer,Senior Operations Officer,Senior,Senior/Lead,PT-OPS-SENIOR,PC-2025-2026-ANNUAL,2026-08-01,77.99,Meets Expectations,77.66,76.18,79.0,1.84,Stable,Attendance and Punctuality,99.11,Operational SLA Compliance,86.39,Mentoring and Knowledge Transfer,67.67,Teamwork and Professional Communication,60.68,0.91,79.6,Effective,Calculated - Pending Manager Review,2026-08-01
EMP285,Maryam Baig,DEPARTMENT-006,Operations,Enterprise Operations,POS-279,Senior Operations Officer,Senior Operations Officer,Senior,Senior/Lead,PT-OPS-SENIOR,PC-2025-2026-ANNUAL,2026-08-01,85.62,Strong,85.98,84.77,86.8,-1.01,Stable,Operational Throughput Target Achievement,100.0,Operational SLA Compliance,96.41,Learning and Adaptability,68.29,Teamwork and Professional Communication,64.34,0.92,87.7,Strong,Calculated - Pending Manager Review,2026-08-01
EMP286,Taha Munir,DEPARTMENT-006,Operations,Enterprise Operations,POS-280,Senior Operations Officer,Senior Operations Officer,Senior,Senior/Lead,PT-OPS-SENIOR,PC-2025-2026-ANNUAL,2026-08-01,88.17,Strong,88.52,87.92,89.31,-0.34,Stable,Operational Throughput Target Achievement,100.0,Attendance and Punctuality,96.98,Mentoring and Knowledge Transfer,70.47,Teamwork and Professional Communication,55.46,0.92,91.7,Strong,Calculated - Pending Manager Review,2026-08-01
EMP287,Komal Waheed,DEPARTMENT-006,Operations,Enterprise Operations,POS-281,Operations Officer,Operations Officer,Mid,Professional/Mid-level,PT-OPS-PROFESSIONAL,PC-2025-2026-ANNUAL,2026-08-01,85.61,Strong,81.59,78.72,85.61,4.03,Improving,Attendance and Punctuality,98.28,Operational Throughput Target Achievement,89.13,Process Accuracy,81.96,Teamwork and Professional Communication,50.81,0.91,82.3,Strong,Calculated - Pending Manager Review,2026-08-01
EMP288,Hira Chaudhry,DEPARTMENT-006,Operations,Enterprise Operations,POS-282,Operations Officer,Operations Officer,Mid,Professional/Mid-level,PT-OPS-PROFESSIONAL,PC-2025-2026-ANNUAL,2026-08-01,89.49,Strong,88.31,86.86,89.91,2.44,Stable,Operational Throughput Target Achievement,100.0,Responsibility and Deadline Discipline,100.0,Process Accuracy,74.48,Teamwork and Professional Communication,47.48,0.9,90.2,Strong,Calculated - Pending Manager Review,2026-08-01
EMP289,Ali Javed,DEPARTMENT-006,Operations,Enterprise Operations,POS-283,Operations Intern,Operations Intern,Intern,Intern/Trainee,PT-OPS-INTERN,PC-2025-2026-ANNUAL,2026-08-01,78.33,Meets Expectations,77.89,76.54,78.33,0.74,Stable,Attendance and Punctuality,98.73,Operational SLA Compliance,82.28,Operational Throughput Target Achievement,73.75,Teamwork and Professional Communication,52.37,0.89,78.3,Effective,Calculated - Pending Manager Review,2026-08-01
EMP290,Sara Shah,DEPARTMENT-006,Operations,Enterprise Operations,POS-284,Operations Intern,Operations Intern,Intern,Intern/Trainee,PT-OPS-INTERN,PC-2025-2026-ANNUAL,2026-08-01,74.99,Meets Expectations,75.23,73.99,76.56,-0.8,Stable,Attendance and Punctuality,97.87,Process Accuracy,77.11,Learning and Adaptability,67.45,Teamwork and Professional Communication,62.34,0.89,76.8,Effective,Calculated - Pending Manager Review,2026-08-01
EMP291,Raza Khan,DEPARTMENT-006,Operations,Enterprise Operations,POS-285,Operations Intern,Operations Intern,Intern,Intern/Trainee,PT-OPS-INTERN,PC-2025-2026-ANNUAL,2026-08-01,84.92,Strong,87.46,84.92,89.6,-3.74,Declining,Operational Throughput Target Achievement,100.0,Operational SLA Compliance,96.66,Learning and Adaptability,69.28,Teamwork and Professional Communication,54.78,0.89,86.9,Strong,Calculated - Pending Manager Review,2026-08-01
EMP292,Imran Mughal,DEPARTMENT-007,IT,Technology and Innovation,EXEC-IT-HEAD,Head of IT,Head of IT,Executive,Manager/Head,PT-IT-MANAGER,PC-2025-2026-ANNUAL,2026-08-01,82.65,Strong,79.13,75.6,82.65,5.0,Improving,Attendance and Punctuality,100.0,System Availability and Change Success,88.0,Team Leadership and Development,74.06,Teamwork and Professional Communication,68.08,0.91,88.1,Strong,Calculated - Pending Manager Review,2026-08-01
EMP293,Asad Akhtar,DEPARTMENT-007,IT,Technology and Innovation,POS-286,IT Manager,IT Manager,Lead/Manager,Manager/Head,PT-IT-MANAGER,PC-2025-2026-ANNUAL,2026-08-01,79.31,Meets Expectations,75.72,71.85,79.31,5.53,Improving,Attendance and Punctuality,89.68,IT Service Delivery Target Achievement,89.6,Team Leadership and Development,65.62,Teamwork and Professional Communication,53.13,0.91,84.5,Strong,Calculated - Pending Manager Review,2026-08-01
EMP294,Sara Mirza,DEPARTMENT-007,IT,Technology and Innovation,POS-287,IT Manager,IT Manager,Lead/Manager,Manager/Head,PT-IT-MANAGER,PC-2025-2026-ANNUAL,2026-08-01,82.31,Strong,83.85,82.31,85.9,-2.75,Stable,IT Service Delivery Target Achievement,98.2,Attendance and Punctuality,96.88,Team Leadership and Development,60.22,Teamwork and Professional Communication,58.3,0.91,93.4,Exceptional,Calculated - Pending Manager Review,2026-08-01
EMP295,Raza Rehman,DEPARTMENT-007,IT,Technology and Innovation,POS-288,IT Manager,IT Manager,Lead/Manager,Manager/Head,PT-IT-MANAGER,PC-2025-2026-ANNUAL,2026-08-01,76.35,Meets Expectations,80.4,76.35,84.45,-6.87,Declining,Attendance and Punctuality,95.83,IT Service Delivery Target Achievement,89.47,Teamwork and Professional Communication,57.81,Team Leadership and Development,56.01,0.92,81.6,Effective,Calculated - Pending Manager Review,2026-08-01
EMP296,Fahad Aziz,DEPARTMENT-007,IT,Technology and Innovation,POS-289,Senior Systems Engineer,Senior Systems Engineer,Senior,Senior/Lead,PT-IT-SENIOR,PC-2025-2026-ANNUAL,2026-08-01,87.75,Strong,88.05,87.36,88.53,0.16,Stable,IT Service Delivery Target Achievement,100.0,Incident Resolution within SLA,100.0,Mentoring and Knowledge Transfer,70.13,Teamwork and Professional Communication,57.51,0.91,93.8,Exceptional,Calculated - Pending Manager Review,2026-08-01
EMP297,Usman Mughal,DEPARTMENT-007,IT,Technology and Innovation,POS-290,Senior Systems Engineer,Senior Systems Engineer,Senior,Senior/Lead,PT-IT-SENIOR,PC-2025-2026-ANNUAL,2026-08-01,86.35,Strong,85.36,84.64,86.35,1.18,Stable,IT Service Delivery Target Achievement,100.0,Incident Resolution within SLA,99.43,Mentoring and Knowledge Transfer,66.76,Teamwork and Professional Communication,52.95,0.91,88.0,Strong,Calculated - Pending Manager Review,2026-08-01
EMP298,Ayesha Mughal,DEPARTMENT-007,IT,Technology and Innovation,POS-291,Senior Systems Engineer,Senior Systems Engineer,Senior,Senior/Lead,PT-IT-SENIOR,PC-2025-2026-ANNUAL,2026-08-01,78.61,Meets Expectations,76.69,74.57,78.91,3.45,Improving,Attendance and Punctuality,97.97,Incident Resolution within SLA,82.25,Mentoring and Knowledge Transfer,72.37,Teamwork and Professional Communication,58.91,0.92,79.3,Effective,Calculated - Pending Manager Review,2026-08-01
EMP299,Noor Nadeem,DEPARTMENT-007,IT,Technology and Innovation,POS-292,Systems Administrator,Systems Administrator,Mid,Professional/Mid-level,PT-IT-PROFESSIONAL,PC-2025-2026-ANNUAL,2026-08-01,80.49,Strong,79.3,77.96,80.49,1.14,Stable,Attendance and Punctuality,93.99,IT Service Delivery Target Achievement,84.81,Learning and Adaptability,76.96,Teamwork and Professional Communication,48.38,0.91,78.4,Effective,Calculated - Pending Manager Review,2026-08-01
EMP300,Talha Akhtar,DEPARTMENT-007,IT,Technology and Innovation,POS-293,Systems Administrator,Systems Administrator,Mid,Professional/Mid-level,PT-IT-PROFESSIONAL,PC-2025-2026-ANNUAL,2026-08-01,90.0,Exceptional,92.65,90.0,94.82,-3.58,Declining,Learning and Adaptability,96.24,IT Service Delivery Target Achievement,93.62,System Availability and Change Success,87.87,Teamwork and Professional Communication,59.34,0.91,90.4,Strong,Calculated - Pending Manager Review,2026-08-01
EMP301,Talha Ali,DEPARTMENT-007,IT,Technology and Innovation,POS-294,Systems Administrator,Systems Administrator,Mid,Professional/Mid-level,PT-IT-PROFESSIONAL,PC-2025-2026-ANNUAL,2026-08-01,86.36,Strong,88.92,86.36,90.68,-2.94,Stable,Attendance and Punctuality,99.8,Incident Resolution within SLA,93.36,Learning and Adaptability,64.71,Teamwork and Professional Communication,56.98,0.91,84.2,Strong,Calculated - Pending Manager Review,2026-08-01
EMP302,Zainab Mahmood,DEPARTMENT-007,IT,Technology and Innovation,POS-295,Systems Administrator,Systems Administrator,Mid,Professional/Mid-level,PT-IT-PROFESSIONAL,PC-2025-2026-ANNUAL,2026-08-01,91.73,Exceptional,86.13,81.72,91.73,8.55,Improving,IT Service Delivery Target Achievement,97.99,Attendance and Punctuality,97.85,Learning and Adaptability,84.04,Teamwork and Professional Communication,60.46,0.91,92.5,Exceptional,Calculated - Pending Manager Review,2026-08-01
EMP303,Saba Hameed,DEPARTMENT-007,IT,Technology and Innovation,POS-296,Systems Administrator,Systems Administrator,Mid,Professional/Mid-level,PT-IT-PROFESSIONAL,PC-2025-2026-ANNUAL,2026-08-01,86.8,Strong,86.63,85.35,87.85,1.25,Stable,Attendance and Punctuality,95.22,Incident Resolution within SLA,90.82,Learning and Adaptability,75.48,Teamwork and Professional Communication,51.97,0.91,84.9,Strong,Calculated - Pending Manager Review,2026-08-01
EMP304,Sana Akhtar,DEPARTMENT-007,IT,Technology and Innovation,POS-297,Systems Administrator,Systems Administrator,Mid,Professional/Mid-level,PT-IT-PROFESSIONAL,PC-2025-2026-ANNUAL,2026-08-01,79.76,Meets Expectations,83.36,79.76,86.55,-4.85,Declining,Attendance and Punctuality,95.51,System Availability and Change Success,81.36,Learning and Adaptability,73.55,Teamwork and Professional Communication,62.27,0.9,82.9,Strong,Calculated - Pending Manager Review,2026-08-01
EMP305,Talha Habib,DEPARTMENT-007,IT,Technology and Innovation,POS-298,Systems Administrator,Systems Administrator,Mid,Professional/Mid-level,PT-IT-PROFESSIONAL,PC-2025-2026-ANNUAL,2026-08-01,88.17,Strong,84.91,81.31,88.75,6.17,Improving,Attendance and Punctuality,99.29,IT Service Delivery Target Achievement,96.89,System Availability and Change Success,76.26,Teamwork and Professional Communication,53.76,0.92,87.0,Strong,Calculated - Pending Manager Review,2026-08-01
EMP306,Imran Hameed,DEPARTMENT-007,IT,Technology and Innovation,POS-299,IT Support Technician,IT Support Technician,Junior,Junior/Assistant,PT-IT-JUNIOR,PC-2025-2026-ANNUAL,2026-08-01,85.36,Strong,80.86,77.43,85.36,5.72,Improving,IT Service Delivery Target Achievement,97.95,Attendance and Punctuality,94.85,Learning and Adaptability,70.9,Teamwork and Professional Communication,57.44,0.9,85.9,Strong,Calculated - Pending Manager Review,2026-08-01
EMP307,Omar Habib,DEPARTMENT-007,IT,Technology and Innovation,POS-300,IT Support Technician,IT Support Technician,Junior,Junior/Assistant,PT-IT-JUNIOR,PC-2025-2026-ANNUAL,2026-08-01,86.33,Strong,84.36,82.62,86.33,2.05,Stable,IT Service Delivery Target Achievement,100.0,Attendance and Punctuality,99.99,Teamwork and Professional Communication,68.31,Learning and Adaptability,65.05,0.91,84.9,Strong,Calculated - Pending Manager Review,2026-08-01
EMP308,Adnan Riaz,DEPARTMENT-007,IT,Technology and Innovation,POS-301,IT Support Technician,IT Support Technician,Junior,Junior/Assistant,PT-IT-JUNIOR,PC-2025-2026-ANNUAL,2026-08-01,86.67,Strong,84.53,82.8,86.72,2.57,Stable,Attendance and Punctuality,98.94,System Availability and Change Success,92.82,IT Service Delivery Target Achievement,84.28,Teamwork and Professional Communication,61.59,0.9,88.4,Strong,Calculated - Pending Manager Review,2026-08-01
EMP309,Shahzaib Hashmi,DEPARTMENT-007,IT,Technology and Innovation,POS-302,IT Support Technician,IT Support Technician,Junior,Junior/Assistant,PT-IT-JUNIOR,PC-2025-2026-ANNUAL,2026-08-01,84.57,Strong,84.01,83.52,84.59,0.01,Stable,Attendance and Punctuality,97.44,Learning and Adaptability,91.63,System Availability and Change Success,82.47,Teamwork and Professional Communication,60.71,0.91,85.0,Strong,Calculated - Pending Manager Review,2026-08-01
EMP310,Maryam Chaudhry,DEPARTMENT-007,IT,Technology and Innovation,POS-303,IT Support Technician,IT Support Technician,Junior,Junior/Assistant,PT-IT-JUNIOR,PC-2025-2026-ANNUAL,2026-08-01,89.1,Strong,86.32,82.97,89.1,4.8,Improving,IT Service Delivery Target Achievement,100.0,Incident Resolution within SLA,95.0,System Availability and Change Success,77.77,Teamwork and Professional Communication,71.29,0.9,91.2,Strong,Calculated - Pending Manager Review,2026-08-01
EMP311,Junaid Zafar,DEPARTMENT-007,IT,Technology and Innovation,POS-304,IT Support Technician,IT Support Technician,Junior,Junior/Assistant,PT-IT-JUNIOR,PC-2025-2026-ANNUAL,2026-08-01,81.69,Strong,80.94,79.44,81.96,1.17,Stable,Attendance and Punctuality,96.31,Learning and Adaptability,93.81,IT Service Delivery Target Achievement,76.09,Teamwork and Professional Communication,50.59,0.91,82.0,Strong,Calculated - Pending Manager Review,2026-08-01
EMP312,Areeba Tariq,DEPARTMENT-007,IT,Technology and Innovation,POS-305,IT Support Technician,IT Support Technician,Junior,Junior/Assistant,PT-IT-JUNIOR,PC-2025-2026-ANNUAL,2026-08-01,85.45,Strong,81.02,77.27,85.45,6.19,Improving,Attendance and Punctuality,94.96,IT Service Delivery Target Achievement,93.2,Learning and Adaptability,71.18,Teamwork and Professional Communication,66.47,0.9,85.9,Strong,Calculated - Pending Manager Review,2026-08-01
EMP313,Kamran Mughal,DEPARTMENT-007,IT,Technology and Innovation,POS-306,IT Intern,IT Intern,Intern,Intern/Trainee,PT-IT-INTERN,PC-2025-2026-ANNUAL,2026-08-01,76.98,Meets Expectations,71.99,66.96,76.98,8.21,Improving,Attendance and Punctuality,94.89,Learning and Adaptability,82.76,Responsibility and Deadline Discipline,73.25,Teamwork and Professional Communication,47.56,0.9,76.4,Effective,Calculated - Pending Manager Review,2026-08-01
EMP314,Anam Hameed,DEPARTMENT-007,IT,Technology and Innovation,POS-307,IT Intern,IT Intern,Intern,Intern/Trainee,PT-IT-INTERN,PC-2025-2026-ANNUAL,2026-08-01,81.71,Strong,81.36,80.13,82.14,0.26,Stable,Attendance and Punctuality,94.57,Learning and Adaptability,90.62,IT Service Delivery Target Achievement,77.88,Teamwork and Professional Communication,54.37,0.9,80.9,Effective,Calculated - Pending Manager Review,2026-08-01
EMP315,Maha Abbasi,DEPARTMENT-007,IT,Technology and Innovation,POS-308,IT Intern,IT Intern,Intern,Intern/Trainee,PT-IT-INTERN,PC-2025-2026-ANNUAL,2026-08-01,83.72,Strong,77.39,70.84,83.72,10.18,Improving,Attendance and Punctuality,98.42,Incident Resolution within SLA,96.01,System Availability and Change Success,74.97,Teamwork and Professional Communication,50.45,0.89,83.8,Strong,Calculated - Pending Manager Review,2026-08-01
EMP316,Imran Abbasi,DEPARTMENT-008,Medical Care,Healthcare Services,EXEC-MED-HEAD,Head of Medical Care,Head of Medical Care,Executive,Manager/Head,PT-MED-MANAGER,PC-2025-2026-ANNUAL,2026-08-01,82.74,Strong,81.78,80.11,83.66,0.75,Stable,Planned Clinical Service Completion,100.0,Attendance and Punctuality,96.52,Teamwork and Professional Communication,65.25,Team Leadership and Development,61.3,0.92,89.8,Strong,Calculated - Pending Manager Review,2026-08-01
EMP317,Anam Khan,DEPARTMENT-008,Medical Care,Healthcare Services,POS-309,Medical Care Manager,Medical Care Manager,Lead/Manager,Manager/Head,PT-MED-MANAGER,PC-2025-2026-ANNUAL,2026-08-01,78.26,Meets Expectations,78.45,76.57,80.11,2.0,Stable,Attendance and Punctuality,99.93,Planned Clinical Service Completion,90.89,Team Leadership and Development,59.32,Teamwork and Professional Communication,47.13,0.92,83.9,Strong,Calculated - Pending Manager Review,2026-08-01
EMP318,Haris Khalid,DEPARTMENT-008,Medical Care,Healthcare Services,POS-310,Medical Care Manager,Medical Care Manager,Lead/Manager,Manager/Head,PT-MED-MANAGER,PC-2025-2026-ANNUAL,2026-08-01,76.69,Meets Expectations,76.82,75.2,78.4,1.25,Stable,Attendance and Punctuality,96.76,Patient Safety and Care Timeliness Score,84.99,Team Leadership and Development,63.9,Teamwork and Professional Communication,55.46,0.92,82.4,Strong,Calculated - Pending Manager Review,2026-08-01
EMP319,Anusha Baig,DEPARTMENT-008,Medical Care,Healthcare Services,POS-311,Medical Care Manager,Medical Care Manager,Lead/Manager,Manager/Head,PT-MED-MANAGER,PC-2025-2026-ANNUAL,2026-08-01,77.14,Meets Expectations,76.71,75.27,78.06,-0.71,Stable,Attendance and Punctuality,93.97,Planned Clinical Service Completion,87.78,Team Leadership and Development,61.03,Teamwork and Professional Communication,60.15,0.91,83.4,Strong,Calculated - Pending Manager Review,2026-08-01
EMP320,Shahzaib Iqbal,DEPARTMENT-008,Medical Care,Healthcare Services,POS-312,Medical Care Manager,Medical Care Manager,Lead/Manager,Manager/Head,PT-MED-MANAGER,PC-2025-2026-ANNUAL,2026-08-01,82.89,Strong,83.8,81.55,85.18,-2.14,Stable,Planned Clinical Service Completion,99.89,Attendance and Punctuality,96.56,Team Leadership and Development,63.92,Teamwork and Professional Communication,55.97,0.91,90.0,Strong,Calculated - Pending Manager Review,2026-08-01
EMP321,Hira Awan,DEPARTMENT-008,Medical Care,Healthcare Services,POS-313,Medical Care Manager,Medical Care Manager,Lead/Manager,Manager/Head,PT-MED-MANAGER,PC-2025-2026-ANNUAL,2026-08-01,84.56,Strong,78.64,74.81,84.56,7.8,Improving,Planned Clinical Service Completion,99.77,Responsibility and Deadline Discipline,95.9,Team Leadership and Development,69.48,Teamwork and Professional Communication,60.93,0.91,91.9,Strong,Calculated - Pending Manager Review,2026-08-01
EMP322,Kinza Butt,DEPARTMENT-008,Medical Care,Healthcare Services,POS-314,Medical Care Manager,Medical Care Manager,Lead/Manager,Manager/Head,PT-MED-MANAGER,PC-2025-2026-ANNUAL,2026-08-01,78.39,Meets Expectations,77.21,76.18,78.39,1.57,Stable,Attendance and Punctuality,95.62,Clinical Protocol and Documentation Compliance,85.83,Team Leadership and Development,67.2,Teamwork and Professional Communication,62.34,0.92,80.9,Effective,Calculated - Pending Manager Review,2026-08-01
EMP323,Rabia Bukhari,DEPARTMENT-008,Medical Care,Healthcare Services,POS-315,Senior Medical Officer,Senior Medical Officer,Senior,Senior/Lead,PT-MED-SENIOR,PC-2025-2026-ANNUAL,2026-08-01,83.92,Strong,80.44,77.0,83.92,5.44,Improving,Planned Clinical Service Completion,96.34,Attendance and Punctuality,93.44,Mentoring and Knowledge Transfer,69.75,Teamwork and Professional Communication,58.87,0.91,84.7,Strong,Calculated - Pending Manager Review,2026-08-01
EMP324,Waqas Farooq,DEPARTMENT-008,Medical Care,Healthcare Services,POS-316,Senior Medical Officer,Senior Medical Officer,Senior,Senior/Lead,PT-MED-SENIOR,PC-2025-2026-ANNUAL,2026-08-01,81.73,Strong,79.15,76.63,81.73,4.05,Improving,Attendance and Punctuality,95.64,Clinical Protocol and Documentation Compliance,91.58,Mentoring and Knowledge Transfer,74.96,Teamwork and Professional Communication,54.62,0.91,85.1,Strong,Calculated - Pending Manager Review,2026-08-01
EMP325,Eman Iqbal,DEPARTMENT-008,Medical Care,Healthcare Services,POS-317,Senior Medical Officer,Senior Medical Officer,Senior,Senior/Lead,PT-MED-SENIOR,PC-2025-2026-ANNUAL,2026-08-01,75.82,Meets Expectations,75.74,74.62,76.61,0.18,Stable,Attendance and Punctuality,100.0,Learning and Adaptability,94.24,Mentoring and Knowledge Transfer,67.78,Teamwork and Professional Communication,56.99,0.91,77.7,Effective,Calculated - Pending Manager Review,2026-08-01
EMP326,Hira Yousaf,DEPARTMENT-008,Medical Care,Healthcare Services,POS-318,Senior Medical Officer,Senior Medical Officer,Senior,Senior/Lead,PT-MED-SENIOR,PC-2025-2026-ANNUAL,2026-08-01,85.16,Strong,82.38,79.03,86.07,5.01,Improving,Planned Clinical Service Completion,95.28,Attendance and Punctuality,92.77,Learning and Adaptability,70.78,Teamwork and Professional Communication,64.23,0.91,85.1,Strong,Calculated - Pending Manager Review,2026-08-01
EMP327,Sidra Yousaf,DEPARTMENT-008,Medical Care,Healthcare Services,POS-319,Senior Medical Officer,Senior Medical Officer,Senior,Senior/Lead,PT-MED-SENIOR,PC-2025-2026-ANNUAL,2026-08-01,75.47,Meets Expectations,73.98,72.22,75.47,2.33,Stable,Attendance and Punctuality,92.94,Clinical Protocol and Documentation Compliance,91.28,Teamwork and Professional Communication,63.58,Planned Clinical Service Completion,63.3,0.91,77.5,Effective,Calculated - Pending Manager Review,2026-08-01
EMP328,Raza Javed,DEPARTMENT-008,Medical Care,Healthcare Services,POS-320,Senior Medical Officer,Senior Medical Officer,Senior,Senior/Lead,PT-MED-SENIOR,PC-2025-2026-ANNUAL,2026-08-01,84.82,Strong,82.06,79.57,84.82,4.49,Improving,Patient Safety and Care Timeliness Score,93.35,Attendance and Punctuality,89.71,Mentoring and Knowledge Transfer,78.8,Teamwork and Professional Communication,66.75,0.91,85.6,Strong,Calculated - Pending Manager Review,2026-08-01
EMP329,Ali Aziz,DEPARTMENT-008,Medical Care,Healthcare Services,POS-321,Senior Medical Officer,Senior Medical Officer,Senior,Senior/Lead,PT-MED-SENIOR,PC-2025-2026-ANNUAL,2026-08-01,85.35,Strong,86.42,84.71,88.1,-2.45,Stable,Planned Clinical Service Completion,100.0,Patient Safety and Care Timeliness Score,98.83,Mentoring and Knowledge Transfer,62.46,Teamwork and Professional Communication,55.06,0.91,85.1,Strong,Calculated - Pending Manager Review,2026-08-01
EMP330,Farhan Khalid,DEPARTMENT-008,Medical Care,Healthcare Services,POS-322,Senior Medical Officer,Senior Medical Officer,Senior,Senior/Lead,PT-MED-SENIOR,PC-2025-2026-ANNUAL,2026-08-01,83.77,Strong,79.43,74.68,83.77,6.92,Improving,Planned Clinical Service Completion,100.0,Attendance and Punctuality,94.82,Mentoring and Knowledge Transfer,64.33,Teamwork and Professional Communication,52.37,0.91,84.9,Strong,Calculated - Pending Manager Review,2026-08-01
EMP331,Iqra Saleem,DEPARTMENT-008,Medical Care,Healthcare Services,POS-323,Medical Officer,Medical Officer,Mid,Professional/Mid-level,PT-MED-PROFESSIONAL,PC-2025-2026-ANNUAL,2026-08-01,80.87,Strong,80.19,78.75,81.49,0.89,Stable,Attendance and Punctuality,97.47,Planned Clinical Service Completion,86.51,Learning and Adaptability,66.42,Teamwork and Professional Communication,60.97,0.9,81.5,Effective,Calculated - Pending Manager Review,2026-08-01
EMP332,Maryam Ismail,DEPARTMENT-008,Medical Care,Healthcare Services,POS-324,Medical Officer,Medical Officer,Mid,Professional/Mid-level,PT-MED-PROFESSIONAL,PC-2025-2026-ANNUAL,2026-08-01,85.94,Strong,84.47,82.19,86.05,0.63,Stable,Attendance and Punctuality,96.02,Patient Safety and Care Timeliness Score,89.07,Responsibility and Deadline Discipline,84.12,Teamwork and Professional Communication,54.14,0.91,82.8,Strong,Calculated - Pending Manager Review,2026-08-01
EMP333,Bilal Zafar,DEPARTMENT-008,Medical Care,Healthcare Services,POS-325,Medical Officer,Medical Officer,Mid,Professional/Mid-level,PT-MED-PROFESSIONAL,PC-2025-2026-ANNUAL,2026-08-01,85.38,Strong,83.78,81.49,85.74,2.66,Stable,Attendance and Punctuality,95.53,Planned Clinical Service Completion,94.63,Clinical Protocol and Documentation Compliance,71.95,Teamwork and Professional Communication,62.88,0.9,85.3,Strong,Calculated - Pending Manager Review,2026-08-01
EMP334,Fahad Hashmi,DEPARTMENT-008,Medical Care,Healthcare Services,POS-326,Medical Officer,Medical Officer,Mid,Professional/Mid-level,PT-MED-PROFESSIONAL,PC-2025-2026-ANNUAL,2026-08-01,87.01,Strong,81.89,79.09,87.01,5.94,Improving,Attendance and Punctuality,94.55,Planned Clinical Service Completion,91.96,Clinical Protocol and Documentation Compliance,82.82,Teamwork and Professional Communication,68.29,0.9,87.2,Strong,Calculated - Pending Manager Review,2026-08-01
EMP335,Haris Rauf,DEPARTMENT-008,Medical Care,Healthcare Services,POS-327,Medical Officer,Medical Officer,Mid,Professional/Mid-level,PT-MED-PROFESSIONAL,PC-2025-2026-ANNUAL,2026-08-01,88.47,Strong,90.67,88.28,92.69,-3.39,Declining,Attendance and Punctuality,99.85,Planned Clinical Service Completion,91.44,Responsibility and Deadline Discipline,86.9,Teamwork and Professional Communication,55.41,0.92,88.2,Strong,Calculated - Pending Manager Review,2026-08-01
EMP336,Kinza Faisal,DEPARTMENT-008,Medical Care,Healthcare Services,POS-328,Medical Officer,Medical Officer,Mid,Professional/Mid-level,PT-MED-PROFESSIONAL,PC-2025-2026-ANNUAL,2026-08-01,87.21,Strong,90.32,85.52,93.48,-6.11,Declining,Attendance and Punctuality,95.96,Planned Clinical Service Completion,92.03,Clinical Protocol and Documentation Compliance,80.28,Teamwork and Professional Communication,66.37,0.9,85.9,Strong,Calculated - Pending Manager Review,2026-08-01
EMP337,Junaid Mahmood,DEPARTMENT-008,Medical Care,Healthcare Services,POS-329,Medical Officer,Medical Officer,Mid,Professional/Mid-level,PT-MED-PROFESSIONAL,PC-2025-2026-ANNUAL,2026-08-01,90.56,Exceptional,89.51,88.0,90.56,0.46,Stable,Planned Clinical Service Completion,100.0,Attendance and Punctuality,97.95,Clinical Protocol and Documentation Compliance,78.13,Teamwork and Professional Communication,65.08,0.91,89.4,Strong,Calculated - Pending Manager Review,2026-08-01
EMP338,Imran Malik,DEPARTMENT-008,Medical Care,Healthcare Services,POS-330,Medical Officer,Medical Officer,Mid,Professional/Mid-level,PT-MED-PROFESSIONAL,PC-2025-2026-ANNUAL,2026-08-01,84.27,Strong,81.33,78.3,86.13,4.9,Improving,Attendance and Punctuality,95.34,Planned Clinical Service Completion,92.15,Clinical Protocol and Documentation Compliance,75.57,Teamwork and Professional Communication,55.65,0.92,81.9,Effective,Calculated - Pending Manager Review,2026-08-01
EMP339,Saba Saleem,DEPARTMENT-008,Medical Care,Healthcare Services,POS-331,Medical Officer,Medical Officer,Mid,Professional/Mid-level,PT-MED-PROFESSIONAL,PC-2025-2026-ANNUAL,2026-08-01,91.39,Exceptional,91.62,91.03,92.24,-0.42,Stable,Planned Clinical Service Completion,100.0,Attendance and Punctuality,95.2,Learning and Adaptability,73.85,Teamwork and Professional Communication,66.76,0.91,88.5,Strong,Calculated - Pending Manager Review,2026-08-01
EMP340,Eman Raza,DEPARTMENT-008,Medical Care,Healthcare Services,POS-332,Medical Officer,Medical Officer,Mid,Professional/Mid-level,PT-MED-PROFESSIONAL,PC-2025-2026-ANNUAL,2026-08-01,92.58,Exceptional,93.86,92.19,95.59,-2.82,Stable,Planned Clinical Service Completion,100.0,Attendance and Punctuality,98.55,Learning and Adaptability,85.95,Teamwork and Professional Communication,58.34,0.91,89.0,Strong,Calculated - Pending Manager Review,2026-08-01
EMP341,Kashif Latif,DEPARTMENT-008,Medical Care,Healthcare Services,POS-333,Medical Officer,Medical Officer,Mid,Professional/Mid-level,PT-MED-PROFESSIONAL,PC-2025-2026-ANNUAL,2026-08-01,93.52,Exceptional,94.0,93.38,94.49,-0.75,Stable,Planned Clinical Service Completion,100.0,Patient Safety and Care Timeliness Score,99.38,Learning and Adaptability,77.45,Teamwork and Professional Communication,65.73,0.91,92.5,Exceptional,Calculated - Pending Manager Review,2026-08-01
EMP342,Maha Mughal,DEPARTMENT-008,Medical Care,Healthcare Services,POS-334,Medical Officer,Medical Officer,Mid,Professional/Mid-level,PT-MED-PROFESSIONAL,PC-2025-2026-ANNUAL,2026-08-01,90.84,Exceptional,91.66,90.84,92.63,-0.97,Stable,Planned Clinical Service Completion,100.0,Patient Safety and Care Timeliness Score,94.23,Learning and Adaptability,80.58,Teamwork and Professional Communication,64.91,0.91,89.7,Strong,Calculated - Pending Manager Review,2026-08-01
EMP343,Taha Butt,DEPARTMENT-008,Medical Care,Healthcare Services,POS-335,Medical Officer,Medical Officer,Mid,Professional/Mid-level,PT-MED-PROFESSIONAL,PC-2025-2026-ANNUAL,2026-08-01,81.75,Strong,80.75,79.0,82.11,1.85,Stable,Attendance and Punctuality,93.71,Patient Safety and Care Timeliness Score,84.56,Learning and Adaptability,70.68,Teamwork and Professional Communication,50.49,0.9,81.5,Effective,Calculated - Pending Manager Review,2026-08-01
EMP344,Saba Latif,DEPARTMENT-008,Medical Care,Healthcare Services,POS-336,Medical Officer,Medical Officer,Mid,Professional/Mid-level,PT-MED-PROFESSIONAL,PC-2025-2026-ANNUAL,2026-08-01,75.71,Meets Expectations,70.34,66.04,75.71,8.13,Improving,Attendance and Punctuality,98.3,Clinical Protocol and Documentation Compliance,77.91,Planned Clinical Service Completion,69.2,Teamwork and Professional Communication,61.08,0.91,75.8,Effective,Calculated - Pending Manager Review,2026-08-01
EMP345,Sana Chaudhry,DEPARTMENT-008,Medical Care,Healthcare Services,POS-337,Junior Medical Officer,Junior Medical Officer,Junior,Junior/Assistant,PT-MED-JUNIOR,PC-2025-2026-ANNUAL,2026-08-01,83.43,Strong,83.63,82.43,86.05,2.12,Stable,Attendance and Punctuality,99.29,Planned Clinical Service Completion,89.28,Teamwork and Professional Communication,68.18,Learning and Adaptability,61.67,0.9,84.7,Strong,Calculated - Pending Manager Review,2026-08-01
EMP346,Hira Hashmi,DEPARTMENT-008,Medical Care,Healthcare Services,POS-338,Junior Medical Officer,Junior Medical Officer,Junior,Junior/Assistant,PT-MED-JUNIOR,PC-2025-2026-ANNUAL,2026-08-01,86.12,Strong,82.38,78.89,86.12,5.37,Improving,Attendance and Punctuality,98.97,Planned Clinical Service Completion,98.82,Clinical Protocol and Documentation Compliance,76.18,Teamwork and Professional Communication,51.64,0.9,85.0,Strong,Calculated - Pending Manager Review,2026-08-01
EMP347,Maryam Tariq,DEPARTMENT-008,Medical Care,Healthcare Services,POS-339,Junior Medical Officer,Junior Medical Officer,Junior,Junior/Assistant,PT-MED-JUNIOR,PC-2025-2026-ANNUAL,2026-08-01,84.91,Strong,78.85,73.16,84.91,8.81,Improving,Attendance and Punctuality,96.61,Planned Clinical Service Completion,96.22,Learning and Adaptability,72.7,Teamwork and Professional Communication,59.57,0.91,83.0,Strong,Calculated - Pending Manager Review,2026-08-01
EMP348,Anusha Latif,DEPARTMENT-008,Medical Care,Healthcare Services,POS-340,Junior Medical Officer,Junior Medical Officer,Junior,Junior/Assistant,PT-MED-JUNIOR,PC-2025-2026-ANNUAL,2026-08-01,79.15,Meets Expectations,74.75,71.05,79.15,5.71,Improving,Attendance and Punctuality,94.26,Learning and Adaptability,92.12,Planned Clinical Service Completion,76.77,Teamwork and Professional Communication,56.25,0.91,78.5,Effective,Calculated - Pending Manager Review,2026-08-01
EMP349,Iqra Nawaz,DEPARTMENT-008,Medical Care,Healthcare Services,POS-341,Junior Medical Officer,Junior Medical Officer,Junior,Junior/Assistant,PT-MED-JUNIOR,PC-2025-2026-ANNUAL,2026-08-01,85.78,Strong,84.15,82.69,85.78,2.08,Stable,Planned Clinical Service Completion,100.0,Attendance and Punctuality,95.37,Learning and Adaptability,69.19,Teamwork and Professional Communication,53.98,0.9,85.3,Strong,Calculated - Pending Manager Review,2026-08-01
EMP350,Noor Abbasi,DEPARTMENT-008,Medical Care,Healthcare Services,POS-342,Junior Medical Officer,Junior Medical Officer,Junior,Junior/Assistant,PT-MED-JUNIOR,PC-2025-2026-ANNUAL,2026-08-01,82.17,Strong,78.61,76.11,82.17,3.46,Improving,Attendance and Punctuality,94.51,Planned Clinical Service Completion,89.2,Learning and Adaptability,72.52,Teamwork and Professional Communication,63.55,0.9,81.1,Effective,Calculated - Pending Manager Review,2026-08-01
EMP351,Talha Shah,DEPARTMENT-008,Medical Care,Healthcare Services,POS-343,Junior Medical Officer,Junior Medical Officer,Junior,Junior/Assistant,PT-MED-JUNIOR,PC-2025-2026-ANNUAL,2026-08-01,77.08,Meets Expectations,80.66,77.08,84.78,-5.1,Declining,Attendance and Punctuality,98.8,Clinical Protocol and Documentation Compliance,79.75,Planned Clinical Service Completion,73.25,Teamwork and Professional Communication,58.48,0.91,76.5,Effective,Calculated - Pending Manager Review,2026-08-01
EMP352,Bilal Mughal,DEPARTMENT-008,Medical Care,Healthcare Services,POS-344,Junior Medical Officer,Junior Medical Officer,Junior,Junior/Assistant,PT-MED-JUNIOR,PC-2025-2026-ANNUAL,2026-08-01,79.53,Meets Expectations,81.25,79.53,83.02,-2.95,Stable,Attendance and Punctuality,98.18,Planned Clinical Service Completion,81.18,Clinical Protocol and Documentation Compliance,78.48,Teamwork and Professional Communication,54.96,0.9,79.1,Effective,Calculated - Pending Manager Review,2026-08-01
EMP353,Nida Latif,DEPARTMENT-008,Medical Care,Healthcare Services,POS-345,Junior Medical Officer,Junior Medical Officer,Junior,Junior/Assistant,PT-MED-JUNIOR,PC-2025-2026-ANNUAL,2026-08-01,88.87,Strong,85.87,84.16,88.87,3.08,Improving,Planned Clinical Service Completion,99.95,Attendance and Punctuality,99.73,Clinical Protocol and Documentation Compliance,78.43,Teamwork and Professional Communication,65.87,0.9,88.9,Strong,Calculated - Pending Manager Review,2026-08-01
EMP354,Anam Khalid,DEPARTMENT-008,Medical Care,Healthcare Services,POS-346,Junior Medical Officer,Junior Medical Officer,Junior,Junior/Assistant,PT-MED-JUNIOR,PC-2025-2026-ANNUAL,2026-08-01,77.35,Meets Expectations,77.13,76.21,78.72,-0.76,Stable,Attendance and Punctuality,96.73,Patient Safety and Care Timeliness Score,80.01,Clinical Protocol and Documentation Compliance,75.83,Teamwork and Professional Communication,53.76,0.91,78.6,Effective,Calculated - Pending Manager Review,2026-08-01
EMP355,Saad Shah,DEPARTMENT-008,Medical Care,Healthcare Services,POS-347,Junior Medical Officer,Junior Medical Officer,Junior,Junior/Assistant,PT-MED-JUNIOR,PC-2025-2026-ANNUAL,2026-08-01,83.73,Strong,82.97,81.55,83.91,-1.25,Stable,Attendance and Punctuality,98.26,Planned Clinical Service Completion,87.84,Learning and Adaptability,78.16,Teamwork and Professional Communication,61.79,0.91,83.8,Strong,Calculated - Pending Manager Review,2026-08-01
EMP356,Hira Mirza,DEPARTMENT-008,Medical Care,Healthcare Services,POS-348,Junior Medical Officer,Junior Medical Officer,Junior,Junior/Assistant,PT-MED-JUNIOR,PC-2025-2026-ANNUAL,2026-08-01,87.57,Strong,86.82,83.48,89.73,3.58,Improving,Attendance and Punctuality,99.41,Responsibility and Deadline Discipline,97.23,Learning and Adaptability,81.29,Teamwork and Professional Communication,55.4,0.91,87.4,Strong,Calculated - Pending Manager Review,2026-08-01
EMP357,Kamran Ismail,DEPARTMENT-008,Medical Care,Healthcare Services,POS-349,Junior Medical Officer,Junior Medical Officer,Junior,Junior/Assistant,PT-MED-JUNIOR,PC-2025-2026-ANNUAL,2026-08-01,89.64,Strong,87.02,84.25,89.64,4.04,Improving,Planned Clinical Service Completion,100.0,Patient Safety and Care Timeliness Score,100.0,Clinical Protocol and Documentation Compliance,75.92,Teamwork and Professional Communication,67.33,0.9,93.6,Exceptional,Calculated - Pending Manager Review,2026-08-01
EMP358,Junaid Saeed,DEPARTMENT-008,Medical Care,Healthcare Services,POS-350,Clinical Intern,Clinical Intern,Intern,Intern/Trainee,PT-MED-INTERN,PC-2025-2026-ANNUAL,2026-08-01,81.32,Strong,79.78,77.52,81.78,3.54,Improving,Attendance and Punctuality,91.32,Patient Safety and Care Timeliness Score,89.22,Learning and Adaptability,76.46,Teamwork and Professional Communication,56.11,0.89,83.8,Strong,Calculated - Pending Manager Review,2026-08-01
EMP359,Saba Mahmood,DEPARTMENT-008,Medical Care,Healthcare Services,POS-351,Clinical Intern,Clinical Intern,Intern,Intern/Trainee,PT-MED-INTERN,PC-2025-2026-ANNUAL,2026-08-01,83.84,Strong,80.19,78.19,83.84,3.66,Improving,Attendance and Punctuality,97.71,Planned Clinical Service Completion,97.26,Learning and Adaptability,65.14,Teamwork and Professional Communication,65.06,0.89,85.9,Strong,Calculated - Pending Manager Review,2026-08-01
EMP360,Omar Qureshi,DEPARTMENT-008,Medical Care,Healthcare Services,POS-352,Clinical Intern,Clinical Intern,Intern,Intern/Trainee,PT-MED-INTERN,PC-2025-2026-ANNUAL,2026-08-01,87.63,Strong,88.13,87.43,88.91,-0.15,Stable,Planned Clinical Service Completion,100.0,Patient Safety and Care Timeliness Score,100.0,Learning and Adaptability,80.42,Teamwork and Professional Communication,54.22,0.9,91.8,Strong,Calculated - Pending Manager Review,2026-08-01
EMP361,Hira Siddiqui,DEPARTMENT-009,Training & Development,Learning Services,EXEC-TRN-HEAD,Head of Training and Development,Head of Training and Development,Executive,Manager/Head,PT-TRN-MANAGER,PC-2025-2026-ANNUAL,2026-08-01,75.51,Meets Expectations,73.41,72.02,75.51,1.51,Stable,Attendance and Punctuality,96.39,Learning and Adaptability,96.23,Team Leadership and Development,55.19,Teamwork and Professional Communication,54.41,0.92,79.3,Effective,Calculated - Pending Manager Review,2026-08-01
EMP362,Iqra Mahmood,DEPARTMENT-009,Training & Development,Learning Services,POS-353,Training Manager,Training Manager,Lead/Manager,Manager/Head,PT-TRN-MANAGER,PC-2025-2026-ANNUAL,2026-08-01,80.96,Strong,81.19,79.85,82.24,-0.27,Stable,Attendance and Punctuality,94.77,Responsibility and Deadline Discipline,90.25,Team Leadership and Development,68.59,Teamwork and Professional Communication,58.49,0.91,87.7,Strong,Calculated - Pending Manager Review,2026-08-01
EMP363,Shahzaib Rauf,DEPARTMENT-009,Training & Development,Learning Services,POS-354,Training Manager,Training Manager,Lead/Manager,Manager/Head,PT-TRN-MANAGER,PC-2025-2026-ANNUAL,2026-08-01,78.55,Meets Expectations,76.46,72.77,79.82,5.31,Improving,Attendance and Punctuality,94.44,Training Delivery Target Achievement,92.78,Team Leadership and Development,59.81,Teamwork and Professional Communication,56.13,0.92,86.2,Strong,Calculated - Pending Manager Review,2026-08-01
EMP364,Iqra Malik,DEPARTMENT-009,Training & Development,Learning Services,POS-355,Training Manager,Training Manager,Lead/Manager,Manager/Head,PT-TRN-MANAGER,PC-2025-2026-ANNUAL,2026-08-01,78.63,Meets Expectations,77.82,76.68,79.44,1.8,Stable,Attendance and Punctuality,93.79,Training Delivery Target Achievement,93.29,Team Leadership and Development,58.43,Teamwork and Professional Communication,58.27,0.91,85.7,Strong,Calculated - Pending Manager Review,2026-08-01
EMP365,Noor Raza,DEPARTMENT-009,Training & Development,Learning Services,POS-356,Training Manager,Training Manager,Lead/Manager,Manager/Head,PT-TRN-MANAGER,PC-2025-2026-ANNUAL,2026-08-01,80.14,Strong,77.78,76.14,80.14,3.09,Improving,Responsibility and Deadline Discipline,97.37,Attendance and Punctuality,94.11,Team Leadership and Development,65.49,Teamwork and Professional Communication,53.84,0.91,88.3,Strong,Calculated - Pending Manager Review,2026-08-01
EMP366,Saad Khan,DEPARTMENT-009,Training & Development,Learning Services,POS-357,Training Manager,Training Manager,Lead/Manager,Manager/Head,PT-TRN-MANAGER,PC-2025-2026-ANNUAL,2026-08-01,80.8,Strong,77.49,74.46,80.8,4.53,Improving,Responsibility and Deadline Discipline,96.62,Training Delivery Target Achievement,95.78,Team Leadership and Development,61.27,Teamwork and Professional Communication,43.99,0.91,88.8,Strong,Calculated - Pending Manager Review,2026-08-01
EMP367,Laiba Siddiqui,DEPARTMENT-009,Training & Development,Learning Services,POS-358,Training Manager,Training Manager,Lead/Manager,Manager/Head,PT-TRN-MANAGER,PC-2025-2026-ANNUAL,2026-08-01,74.78,Meets Expectations,72.13,69.38,75.56,4.91,Improving,Attendance and Punctuality,94.19,Learning and Adaptability,87.43,Team Leadership and Development,60.99,Teamwork and Professional Communication,49.8,0.91,77.8,Effective,Calculated - Pending Manager Review,2026-08-01
EMP368,Saba Hashmi,DEPARTMENT-009,Training & Development,Learning Services,POS-359,Senior Trainer,Senior Trainer,Senior,Senior/Lead,PT-TRN-SENIOR,PC-2025-2026-ANNUAL,2026-08-01,77.11,Meets Expectations,76.34,75.33,77.22,0.37,Stable,Attendance and Punctuality,96.58,Mentoring and Knowledge Transfer,83.43,Teamwork and Professional Communication,71.86,Training Delivery Target Achievement,67.81,0.91,78.5,Effective,Calculated - Pending Manager Review,2026-08-01
EMP369,Maha Rauf,DEPARTMENT-009,Training & Development,Learning Services,POS-360,Senior Trainer,Senior Trainer,Senior,Senior/Lead,PT-TRN-SENIOR,PC-2025-2026-ANNUAL,2026-08-01,76.33,Meets Expectations,69.42,61.72,76.33,11.93,Improving,Attendance and Punctuality,98.55,Learner Knowledge Improvement,81.91,Mentoring and Knowledge Transfer,71.91,Teamwork and Professional Communication,55.9,0.92,76.4,Effective,Calculated - Pending Manager Review,2026-08-01
EMP370,Anusha Mahmood,DEPARTMENT-009,Training & Development,Learning Services,POS-361,Senior Trainer,Senior Trainer,Senior,Senior/Lead,PT-TRN-SENIOR,PC-2025-2026-ANNUAL,2026-08-01,81.04,Strong,81.81,80.8,82.45,0.4,Stable,Attendance and Punctuality,94.67,Learning and Adaptability,88.53,Mentoring and Knowledge Transfer,76.79,Teamwork and Professional Communication,61.95,0.91,85.7,Strong,Calculated - Pending Manager Review,2026-08-01
EMP371,Omar Tariq,DEPARTMENT-009,Training & Development,Learning Services,POS-362,Senior Trainer,Senior Trainer,Senior,Senior/Lead,PT-TRN-SENIOR,PC-2025-2026-ANNUAL,2026-08-01,82.63,Strong,80.93,79.99,82.63,1.06,Stable,Attendance and Punctuality,99.23,Learner Satisfaction and Application Score,91.11,Mentoring and Knowledge Transfer,72.63,Teamwork and Professional Communication,63.87,0.91,83.4,Strong,Calculated - Pending Manager Review,2026-08-01
EMP372,Hassan Nadeem,DEPARTMENT-009,Training & Development,Learning Services,POS-363,Senior Trainer,Senior Trainer,Senior,Senior/Lead,PT-TRN-SENIOR,PC-2025-2026-ANNUAL,2026-08-01,85.74,Strong,86.48,84.82,88.72,-1.86,Stable,Training Delivery Target Achievement,97.32,Attendance and Punctuality,94.06,Learning and Adaptability,72.26,Teamwork and Professional Communication,58.03,0.91,86.5,Strong,Calculated - Pending Manager Review,2026-08-01
EMP373,Noman Nawaz,DEPARTMENT-009,Training & Development,Learning Services,POS-364,Senior Trainer,Senior Trainer,Senior,Senior/Lead,PT-TRN-SENIOR,PC-2025-2026-ANNUAL,2026-08-01,79.92,Meets Expectations,77.05,74.85,79.92,3.51,Improving,Attendance and Punctuality,100.0,Training Delivery Target Achievement,93.18,Mentoring and Knowledge Transfer,65.99,Teamwork and Professional Communication,53.18,0.91,82.3,Strong,Calculated - Pending Manager Review,2026-08-01
EMP374,Iqra Habib,DEPARTMENT-009,Training & Development,Learning Services,POS-365,Senior Trainer,Senior Trainer,Senior,Senior/Lead,PT-TRN-SENIOR,PC-2025-2026-ANNUAL,2026-08-01,83.76,Strong,82.53,81.49,83.76,0.11,Stable,Attendance and Punctuality,96.49,Training Delivery Target Achievement,96.16,Mentoring and Knowledge Transfer,68.97,Teamwork and Professional Communication,57.6,0.91,84.7,Strong,Calculated - Pending Manager Review,2026-08-01
EMP375,Sana Mirza,DEPARTMENT-009,Training & Development,Learning Services,POS-366,Senior Trainer,Senior Trainer,Senior,Senior/Lead,PT-TRN-SENIOR,PC-2025-2026-ANNUAL,2026-08-01,80.68,Strong,70.26,59.81,80.68,17.13,Improving,Learner Satisfaction and Application Score,90.44,Attendance and Punctuality,89.89,Teamwork and Professional Communication,66.53,Learner Knowledge Improvement,66.49,0.91,83.9,Strong,Calculated - Pending Manager Review,2026-08-01
EMP376,Amna Nasir,DEPARTMENT-009,Training & Development,Learning Services,POS-367,Learning and Development Specialist,Learning and Development Specialist,Mid,Professional/Mid-level,PT-TRN-PROFESSIONAL,PC-2025-2026-ANNUAL,2026-08-01,80.07,Strong,80.83,79.1,82.68,-2.12,Stable,Attendance and Punctuality,97.72,Learning and Adaptability,84.24,Responsibility and Deadline Discipline,75.46,Teamwork and Professional Communication,55.42,0.91,79.1,Effective,Calculated - Pending Manager Review,2026-08-01
EMP377,Anam Mirza,DEPARTMENT-009,Training & Development,Learning Services,POS-368,Learning and Development Specialist,Learning and Development Specialist,Mid,Professional/Mid-level,PT-TRN-PROFESSIONAL,PC-2025-2026-ANNUAL,2026-08-01,92.65,Exceptional,91.64,90.78,92.65,1.15,Stable,Training Delivery Target Achievement,100.0,Responsibility and Deadline Discipline,100.0,Learning and Adaptability,80.06,Teamwork and Professional Communication,65.39,0.91,95.9,Exceptional,Calculated - Pending Manager Review,2026-08-01
EMP378,Anam Qureshi,DEPARTMENT-009,Training & Development,Learning Services,POS-369,Learning and Development Specialist,Learning and Development Specialist,Mid,Professional/Mid-level,PT-TRN-PROFESSIONAL,PC-2025-2026-ANNUAL,2026-08-01,83.78,Strong,80.64,77.7,83.87,5.56,Improving,Attendance and Punctuality,95.12,Learner Satisfaction and Application Score,87.36,Learning and Adaptability,78.79,Teamwork and Professional Communication,63.36,0.91,83.5,Strong,Calculated - Pending Manager Review,2026-08-01
EMP379,Anusha Qureshi,DEPARTMENT-009,Training & Development,Learning Services,POS-370,Learning and Development Specialist,Learning and Development Specialist,Mid,Professional/Mid-level,PT-TRN-PROFESSIONAL,PC-2025-2026-ANNUAL,2026-08-01,73.47,Meets Expectations,68.43,64.9,73.47,6.65,Improving,Attendance and Punctuality,93.72,Learner Knowledge Improvement,78.4,Responsibility and Deadline Discipline,66.35,Teamwork and Professional Communication,54.67,0.91,71.3,Effective,Calculated - Pending Manager Review,2026-08-01
EMP380,Maha Waheed,DEPARTMENT-009,Training & Development,Learning Services,POS-371,Learning and Development Specialist,Learning and Development Specialist,Mid,Professional/Mid-level,PT-TRN-PROFESSIONAL,PC-2025-2026-ANNUAL,2026-08-01,87.6,Strong,84.51,82.04,87.6,3.2,Improving,Attendance and Punctuality,98.38,Training Delivery Target Achievement,98.01,Learning and Adaptability,72.61,Teamwork and Professional Communication,60.77,0.9,85.9,Strong,Calculated - Pending Manager Review,2026-08-01
EMP381,Iqra Latif,DEPARTMENT-009,Training & Development,Learning Services,POS-372,Learning and Development Specialist,Learning and Development Specialist,Mid,Professional/Mid-level,PT-TRN-PROFESSIONAL,PC-2025-2026-ANNUAL,2026-08-01,92.92,Exceptional,94.33,92.92,95.4,-1.75,Stable,Training Delivery Target Achievement,100.0,Learner Satisfaction and Application Score,98.41,Learning and Adaptability,82.42,Teamwork and Professional Communication,60.14,0.9,93.6,Exceptional,Calculated - Pending Manager Review,2026-08-01
EMP382,Fahad Ahmed,DEPARTMENT-009,Training & Development,Learning Services,POS-373,Learning and Development Specialist,Learning and Development Specialist,Mid,Professional/Mid-level,PT-TRN-PROFESSIONAL,PC-2025-2026-ANNUAL,2026-08-01,89.77,Strong,86.19,82.81,89.77,5.49,Improving,Training Delivery Target Achievement,100.0,Attendance and Punctuality,98.09,Learner Knowledge Improvement,77.33,Teamwork and Professional Communication,61.02,0.91,91.7,Strong,Calculated - Pending Manager Review,2026-08-01
EMP383,Rabia Awan,DEPARTMENT-009,Training & Development,Learning Services,POS-374,Learning and Development Specialist,Learning and Development Specialist,Mid,Professional/Mid-level,PT-TRN-PROFESSIONAL,PC-2025-2026-ANNUAL,2026-08-01,81.97,Strong,81.71,80.24,82.92,-0.03,Stable,Attendance and Punctuality,96.73,Learning and Adaptability,86.5,Learner Knowledge Improvement,77.6,Teamwork and Professional Communication,63.37,0.91,81.5,Effective,Calculated - Pending Manager Review,2026-08-01
EMP384,Ayesha Farooq,DEPARTMENT-009,Training & Development,Learning Services,POS-375,Learning and Development Specialist,Learning and Development Specialist,Mid,Professional/Mid-level,PT-TRN-PROFESSIONAL,PC-2025-2026-ANNUAL,2026-08-01,83.57,Strong,83.12,81.93,84.29,0.37,Stable,Attendance and Punctuality,96.87,Learning and Adaptability,92.29,Learner Knowledge Improvement,75.99,Teamwork and Professional Communication,66.53,0.91,86.2,Strong,Calculated - Pending Manager Review,2026-08-01
EMP385,Waqas Raza,DEPARTMENT-009,Training & Development,Learning Services,POS-376,Learning and Development Specialist,Learning and Development Specialist,Mid,Professional/Mid-level,PT-TRN-PROFESSIONAL,PC-2025-2026-ANNUAL,2026-08-01,86.55,Strong,81.55,76.25,86.55,8.42,Improving,Training Delivery Target Achievement,95.21,Attendance and Punctuality,94.32,Learner Knowledge Improvement,72.84,Teamwork and Professional Communication,58.97,0.9,87.2,Strong,Calculated - Pending Manager Review,2026-08-01
EMP386,Areeba Nasir,DEPARTMENT-009,Training & Development,Learning Services,POS-377,Learning and Development Specialist,Learning and Development Specialist,Mid,Professional/Mid-level,PT-TRN-PROFESSIONAL,PC-2025-2026-ANNUAL,2026-08-01,88.93,Strong,88.31,87.22,89.02,1.11,Stable,Training Delivery Target Achievement,100.0,Learner Satisfaction and Application Score,96.13,Learner Knowledge Improvement,74.22,Teamwork and Professional Communication,56.39,0.91,89.6,Strong,Calculated - Pending Manager Review,2026-08-01
EMP387,Usman Rashid,DEPARTMENT-009,Training & Development,Learning Services,POS-378,Learning and Development Specialist,Learning and Development Specialist,Mid,Professional/Mid-level,PT-TRN-PROFESSIONAL,PC-2025-2026-ANNUAL,2026-08-01,93.6,Exceptional,92.57,90.83,93.93,2.07,Stable,Training Delivery Target Achievement,100.0,Learner Satisfaction and Application Score,100.0,Learning and Adaptability,84.63,Teamwork and Professional Communication,63.66,0.91,97.5,Exceptional,Calculated - Pending Manager Review,2026-08-01
EMP388,Kashif Mughal,DEPARTMENT-009,Training & Development,Learning Services,POS-379,Learning and Development Specialist,Learning and Development Specialist,Mid,Professional/Mid-level,PT-TRN-PROFESSIONAL,PC-2025-2026-ANNUAL,2026-08-01,86.98,Strong,83.62,81.32,86.98,3.29,Improving,Attendance and Punctuality,94.05,Training Delivery Target Achievement,92.68,Learning and Adaptability,76.07,Teamwork and Professional Communication,62.62,0.9,85.8,Strong,Calculated - Pending Manager Review,2026-08-01
EMP389,Amna Latif,DEPARTMENT-009,Training & Development,Learning Services,POS-380,Learning and Development Specialist,Learning and Development Specialist,Mid,Professional/Mid-level,PT-TRN-PROFESSIONAL,PC-2025-2026-ANNUAL,2026-08-01,85.09,Strong,83.81,81.73,85.35,2.29,Stable,Attendance and Punctuality,97.06,Training Delivery Target Achievement,94.63,Learning and Adaptability,68.27,Teamwork and Professional Communication,48.12,0.91,83.4,Strong,Calculated - Pending Manager Review,2026-08-01
EMP390,Nida Ali,DEPARTMENT-009,Training & Development,Learning Services,POS-381,Training Coordinator,Training Coordinator,Junior,Junior/Assistant,PT-TRN-JUNIOR,PC-2025-2026-ANNUAL,2026-08-01,71.31,Meets Expectations,70.78,70.21,72.07,0.15,Stable,Attendance and Punctuality,93.62,Learning and Adaptability,88.99,Training Delivery Target Achievement,57.3,Teamwork and Professional Communication,52.22,0.9,70.4,Effective,Calculated - Pending Manager Review,2026-08-01
EMP391,Zainab Aslam,DEPARTMENT-009,Training & Development,Learning Services,POS-382,Training Coordinator,Training Coordinator,Junior,Junior/Assistant,PT-TRN-JUNIOR,PC-2025-2026-ANNUAL,2026-08-01,70.98,Meets Expectations,69.97,68.94,71.51,1.46,Stable,Attendance and Punctuality,97.01,Learning and Adaptability,79.63,Responsibility and Deadline Discipline,60.62,Training Delivery Target Achievement,59.6,0.9,72.0,Effective,Calculated - Pending Manager Review,2026-08-01
EMP392,Danish Zafar,DEPARTMENT-009,Training & Development,Learning Services,POS-383,Training Coordinator,Training Coordinator,Junior,Junior/Assistant,PT-TRN-JUNIOR,PC-2025-2026-ANNUAL,2026-08-01,83.86,Strong,82.75,80.92,83.93,1.29,Stable,Training Delivery Target Achievement,98.71,Attendance and Punctuality,93.93,Learner Knowledge Improvement,70.41,Teamwork and Professional Communication,48.2,0.9,85.5,Strong,Calculated - Pending Manager Review,2026-08-01
EMP393,Nida Awan,DEPARTMENT-009,Training & Development,Learning Services,POS-384,Training Coordinator,Training Coordinator,Junior,Junior/Assistant,PT-TRN-JUNIOR,PC-2025-2026-ANNUAL,2026-08-01,83.93,Strong,83.71,82.27,85.12,0.37,Stable,Training Delivery Target Achievement,99.74,Attendance and Punctuality,96.59,Learner Knowledge Improvement,64.95,Teamwork and Professional Communication,56.21,0.9,86.1,Strong,Calculated - Pending Manager Review,2026-08-01
EMP394,Usman Ansari,DEPARTMENT-009,Training & Development,Learning Services,POS-385,Training Coordinator,Training Coordinator,Junior,Junior/Assistant,PT-TRN-JUNIOR,PC-2025-2026-ANNUAL,2026-08-01,87.18,Strong,86.56,84.28,87.77,-1.56,Stable,Attendance and Punctuality,97.26,Training Delivery Target Achievement,96.75,Learning and Adaptability,70.66,Teamwork and Professional Communication,52.08,0.91,85.2,Strong,Calculated - Pending Manager Review,2026-08-01
EMP395,Ayesha Raza,DEPARTMENT-009,Training & Development,Learning Services,POS-386,Training Coordinator,Training Coordinator,Junior,Junior/Assistant,PT-TRN-JUNIOR,PC-2025-2026-ANNUAL,2026-08-01,80.97,Strong,81.22,80.34,82.61,-0.52,Stable,Attendance and Punctuality,97.09,Learner Knowledge Improvement,89.25,Learning and Adaptability,69.99,Teamwork and Professional Communication,55.54,0.9,81.0,Effective,Calculated - Pending Manager Review,2026-08-01
EMP396,Minal Ahmed,DEPARTMENT-009,Training & Development,Learning Services,POS-387,Training Coordinator,Training Coordinator,Junior,Junior/Assistant,PT-TRN-JUNIOR,PC-2025-2026-ANNUAL,2026-08-01,80.7,Strong,76.23,72.72,80.7,6.73,Improving,Attendance and Punctuality,97.23,Learner Satisfaction and Application Score,90.19,Learning and Adaptability,68.46,Teamwork and Professional Communication,60.36,0.9,82.2,Strong,Calculated - Pending Manager Review,2026-08-01
EMP397,Maryam Ahmed,DEPARTMENT-009,Training & Development,Learning Services,POS-388,Training Coordinator,Training Coordinator,Junior,Junior/Assistant,PT-TRN-JUNIOR,PC-2025-2026-ANNUAL,2026-08-01,85.8,Strong,86.27,84.38,88.82,-2.42,Stable,Training Delivery Target Achievement,94.13,Attendance and Punctuality,93.68,Learning and Adaptability,80.58,Teamwork and Professional Communication,48.2,0.89,86.7,Strong,Calculated - Pending Manager Review,2026-08-01
EMP398,Hassan Chaudhry,DEPARTMENT-009,Training & Development,Learning Services,POS-389,Training Coordinator,Training Coordinator,Junior,Junior/Assistant,PT-TRN-JUNIOR,PC-2025-2026-ANNUAL,2026-08-01,90.93,Exceptional,86.21,81.38,90.93,7.58,Improving,Training Delivery Target Achievement,97.72,Attendance and Punctuality,95.86,Responsibility and Deadline Discipline,89.01,Teamwork and Professional Communication,69.04,0.91,93.9,Exceptional,Calculated - Pending Manager Review,2026-08-01
EMP399,Nida Khalid,DEPARTMENT-009,Training & Development,Learning Services,POS-390,Training Coordinator,Training Coordinator,Junior,Junior/Assistant,PT-TRN-JUNIOR,PC-2025-2026-ANNUAL,2026-08-01,86.23,Strong,84.82,82.56,86.23,1.65,Stable,Training Delivery Target Achievement,100.0,Attendance and Punctuality,97.82,Learner Knowledge Improvement,70.78,Teamwork and Professional Communication,57.45,0.91,85.8,Strong,Calculated - Pending Manager Review,2026-08-01
EMP400,Hassan Shah,DEPARTMENT-009,Training & Development,Learning Services,POS-391,Training Coordinator,Training Coordinator,Junior,Junior/Assistant,PT-TRN-JUNIOR,PC-2025-2026-ANNUAL,2026-08-01,84.7,Strong,80.31,75.21,84.7,7.53,Improving,Attendance and Punctuality,96.99,Learning and Adaptability,94.04,Learner Knowledge Improvement,78.34,Teamwork and Professional Communication,68.06,0.91,86.0,Strong,Calculated - Pending Manager Review,2026-08-01
EMP401,Ahmed Malik,DEPARTMENT-009,Training & Development,Learning Services,POS-392,Training Coordinator,Training Coordinator,Junior,Junior/Assistant,PT-TRN-JUNIOR,PC-2025-2026-ANNUAL,2026-08-01,88.04,Strong,86.6,84.82,88.12,2.16,Stable,Training Delivery Target Achievement,100.0,Learner Satisfaction and Application Score,100.0,Learner Knowledge Improvement,77.48,Teamwork and Professional Communication,63.32,0.91,90.6,Strong,Calculated - Pending Manager Review,2026-08-01
EMP402,Asad Habib,DEPARTMENT-009,Training & Development,Learning Services,POS-393,Training Coordinator,Training Coordinator,Junior,Junior/Assistant,PT-TRN-JUNIOR,PC-2025-2026-ANNUAL,2026-08-01,83.77,Strong,82.23,80.97,83.77,1.25,Stable,Attendance and Punctuality,100.0,Learner Satisfaction and Application Score,87.88,Learning and Adaptability,75.84,Teamwork and Professional Communication,62.34,0.9,83.6,Strong,Calculated - Pending Manager Review,2026-08-01
EMP403,Ayesha Khan,DEPARTMENT-009,Training & Development,Learning Services,POS-394,Training Intern,Training Intern,Intern,Intern/Trainee,PT-TRN-INTERN,PC-2025-2026-ANNUAL,2026-08-01,83.81,Strong,82.72,81.88,83.95,0.31,Stable,Attendance and Punctuality,100.0,Learner Knowledge Improvement,90.27,Training Delivery Target Achievement,78.39,Teamwork and Professional Communication,61.66,0.89,84.7,Strong,Calculated - Pending Manager Review,2026-08-01
EMP404,Adnan Aslam,DEPARTMENT-009,Training & Development,Learning Services,POS-395,Training Intern,Training Intern,Intern,Intern/Trainee,PT-TRN-INTERN,PC-2025-2026-ANNUAL,2026-08-01,87.09,Strong,87.71,87.09,88.06,-0.07,Stable,Training Delivery Target Achievement,100.0,Responsibility and Deadline Discipline,100.0,Teamwork and Professional Communication,67.52,Learner Knowledge Improvement,65.39,0.89,91.1,Strong,Calculated - Pending Manager Review,2026-08-01
EMP405,Kinza Yousaf,DEPARTMENT-009,Training & Development,Learning Services,POS-396,Training Intern,Training Intern,Intern,Intern/Trainee,PT-TRN-INTERN,PC-2025-2026-ANNUAL,2026-08-01,82.22,Strong,80.94,79.45,82.22,1.96,Stable,Training Delivery Target Achievement,95.57,Attendance and Punctuality,91.76,Learning and Adaptability,73.13,Teamwork and Professional Communication,43.2,0.89,87.3,Strong,Calculated - Pending Manager Review,2026-08-01
EMP406,Taha Ejaz,DEPARTMENT-010,Administration & Facilities,Corporate Services,EXEC-ADM-HEAD,Head of Administration and Facilities,Head of Administration and Facilities,Executive,Manager/Head,PT-ADM-MANAGER,PC-2025-2026-ANNUAL,2026-08-01,79.59,Meets Expectations,78.82,77.66,80.02,0.45,Stable,Attendance and Punctuality,96.39,Administrative Cost Variance,86.75,Team Leadership and Development,70.6,Teamwork and Professional Communication,68.93,0.91,81.1,Effective,Calculated - Pending Manager Review,2026-08-01
EMP407,Rabia Raza,DEPARTMENT-010,Administration & Facilities,Corporate Services,POS-397,Administration Manager,Administration Manager,Lead/Manager,Manager/Head,PT-ADM-MANAGER,PC-2025-2026-ANNUAL,2026-08-01,77.56,Meets Expectations,78.66,76.6,80.67,-1.94,Stable,Attendance and Punctuality,95.91,Facility and Maintenance Reliability,87.03,Team Leadership and Development,68.26,Teamwork and Professional Communication,57.66,0.91,79.5,Effective,Calculated - Pending Manager Review,2026-08-01
EMP408,Anam Yousaf,DEPARTMENT-010,Administration & Facilities,Corporate Services,POS-398,Administration Manager,Administration Manager,Lead/Manager,Manager/Head,PT-ADM-MANAGER,PC-2025-2026-ANNUAL,2026-08-01,80.84,Strong,78.64,77.31,80.84,2.67,Stable,Attendance and Punctuality,96.15,Learning and Adaptability,90.91,Team Leadership and Development,69.61,Teamwork and Professional Communication,57.75,0.91,86.9,Strong,Calculated - Pending Manager Review,2026-08-01
EMP409,Waqas Akhtar,DEPARTMENT-010,Administration & Facilities,Corporate Services,POS-399,Administration Manager,Administration Manager,Lead/Manager,Manager/Head,PT-ADM-MANAGER,PC-2025-2026-ANNUAL,2026-08-01,84.22,Strong,82.98,80.85,85.73,3.66,Improving,Responsibility and Deadline Discipline,100.0,Attendance and Punctuality,98.99,Team Leadership and Development,68.39,Teamwork and Professional Communication,64.6,0.92,96.5,Exceptional,Calculated - Pending Manager Review,2026-08-01
EMP410,Asad Rehman,DEPARTMENT-010,Administration & Facilities,Corporate Services,POS-400,Administration Manager,Administration Manager,Lead/Manager,Manager/Head,PT-ADM-MANAGER,PC-2025-2026-ANNUAL,2026-08-01,84.09,Strong,87.24,84.09,89.25,-3.3,Declining,Attendance and Punctuality,99.73,Responsibility and Deadline Discipline,98.45,Team Leadership and Development,69.29,Teamwork and Professional Communication,67.2,0.91,94.4,Exceptional,Calculated - Pending Manager Review,2026-08-01
EMP411,Hamza Habib,DEPARTMENT-010,Administration & Facilities,Corporate Services,POS-401,Administration Manager,Administration Manager,Lead/Manager,Manager/Head,PT-ADM-MANAGER,PC-2025-2026-ANNUAL,2026-08-01,84.14,Strong,84.08,82.59,85.33,-0.68,Stable,Responsibility and Deadline Discipline,96.86,Attendance and Punctuality,95.81,Team Leadership and Development,69.42,Teamwork and Professional Communication,61.03,0.92,90.6,Strong,Calculated - Pending Manager Review,2026-08-01
EMP412,Noor Mahmood,DEPARTMENT-010,Administration & Facilities,Corporate Services,POS-402,Administration Manager,Administration Manager,Lead/Manager,Manager/Head,PT-ADM-MANAGER,PC-2025-2026-ANNUAL,2026-08-01,83.14,Strong,83.25,81.82,84.48,1.12,Stable,Attendance and Punctuality,97.45,Facility and Maintenance Reliability,90.51,Team Leadership and Development,71.3,Teamwork and Professional Communication,68.83,0.92,92.4,Exceptional,Calculated - Pending Manager Review,2026-08-01
EMP413,Ali Akhtar,DEPARTMENT-010,Administration & Facilities,Corporate Services,POS-403,Senior Administration Officer,Senior Administration Officer,Senior,Senior/Lead,PT-ADM-SENIOR,PC-2025-2026-ANNUAL,2026-08-01,74.7,Meets Expectations,74.76,74.24,76.14,-0.73,Stable,Attendance and Punctuality,98.13,Administrative Cost Variance,80.19,Mentoring and Knowledge Transfer,70.26,Teamwork and Professional Communication,61.45,0.91,76.0,Effective,Calculated - Pending Manager Review,2026-08-01
EMP414,Zainab Tariq,DEPARTMENT-010,Administration & Facilities,Corporate Services,POS-404,Senior Administration Officer,Senior Administration Officer,Senior,Senior/Lead,PT-ADM-SENIOR,PC-2025-2026-ANNUAL,2026-08-01,88.92,Strong,88.96,88.47,89.27,-0.02,Stable,Administration Service Target Achievement,100.0,Attendance and Punctuality,95.95,Mentoring and Knowledge Transfer,73.03,Teamwork and Professional Communication,65.44,0.91,91.9,Strong,Calculated - Pending Manager Review,2026-08-01
EMP415,Mahnoor Aziz,DEPARTMENT-010,Administration & Facilities,Corporate Services,POS-405,Senior Administration Officer,Senior Administration Officer,Senior,Senior/Lead,PT-ADM-SENIOR,PC-2025-2026-ANNUAL,2026-08-01,85.82,Strong,84.87,83.14,85.91,1.63,Stable,Administration Service Target Achievement,100.0,Attendance and Punctuality,97.74,Mentoring and Knowledge Transfer,69.8,Teamwork and Professional Communication,49.66,0.91,88.9,Strong,Calculated - Pending Manager Review,2026-08-01
EMP416,Nida Raza,DEPARTMENT-010,Administration & Facilities,Corporate Services,POS-406,Senior Administration Officer,Senior Administration Officer,Senior,Senior/Lead,PT-ADM-SENIOR,PC-2025-2026-ANNUAL,2026-08-01,86.03,Strong,86.91,85.97,88.36,-1.81,Stable,Administration Service Target Achievement,98.35,Attendance and Punctuality,97.34,Mentoring and Knowledge Transfer,68.24,Teamwork and Professional Communication,55.84,0.92,87.8,Strong,Calculated - Pending Manager Review,2026-08-01
EMP417,Saba Ali,DEPARTMENT-010,Administration & Facilities,Corporate Services,POS-407,Senior Administration Officer,Senior Administration Officer,Senior,Senior/Lead,PT-ADM-SENIOR,PC-2025-2026-ANNUAL,2026-08-01,84.92,Strong,82.77,80.17,84.92,4.02,Improving,Administration Service Target Achievement,100.0,Administrative Cost Variance,100.0,Learning and Adaptability,67.57,Teamwork and Professional Communication,55.79,0.91,92.5,Exceptional,Calculated - Pending Manager Review,2026-08-01
EMP418,Imran Raza,DEPARTMENT-010,Administration & Facilities,Corporate Services,POS-408,Senior Administration Officer,Senior Administration Officer,Senior,Senior/Lead,PT-ADM-SENIOR,PC-2025-2026-ANNUAL,2026-08-01,82.74,Strong,84.81,82.56,87.74,-4.54,Declining,Attendance and Punctuality,96.41,Administrative Cost Variance,88.17,Mentoring and Knowledge Transfer,75.41,Teamwork and Professional Communication,65.45,0.92,83.0,Strong,Calculated - Pending Manager Review,2026-08-01
EMP419,Anam Baig,DEPARTMENT-010,Administration & Facilities,Corporate Services,POS-409,Senior Administration Officer,Senior Administration Officer,Senior,Senior/Lead,PT-ADM-SENIOR,PC-2025-2026-ANNUAL,2026-08-01,84.58,Strong,85.5,83.98,86.79,-2.01,Stable,Administration Service Target Achievement,100.0,Attendance and Punctuality,99.15,Mentoring and Knowledge Transfer,66.1,Teamwork and Professional Communication,54.83,0.91,84.7,Strong,Calculated - Pending Manager Review,2026-08-01
EMP420,Imran Faisal,DEPARTMENT-010,Administration & Facilities,Corporate Services,POS-410,Senior Administration Officer,Senior Administration Officer,Senior,Senior/Lead,PT-ADM-SENIOR,PC-2025-2026-ANNUAL,2026-08-01,80.04,Strong,75.9,71.82,80.04,7.75,Improving,Attendance and Punctuality,97.26,Learning and Adaptability,92.82,Mentoring and Knowledge Transfer,69.9,Teamwork and Professional Communication,55.65,0.91,83.7,Strong,Calculated - Pending Manager Review,2026-08-01
EMP421,Amna Mirza,DEPARTMENT-010,Administration & Facilities,Corporate Services,POS-411,Administration Officer,Administration Officer,Mid,Professional/Mid-level,PT-ADM-PROFESSIONAL,PC-2025-2026-ANNUAL,2026-08-01,83.01,Strong,86.38,83.01,90.48,-6.12,Declining,Attendance and Punctuality,92.83,Learning and Adaptability,85.93,Facility and Maintenance Reliability,79.53,Teamwork and Professional Communication,63.09,0.91,82.3,Strong,Calculated - Pending Manager Review,2026-08-01
EMP422,Farhan Ismail,DEPARTMENT-010,Administration & Facilities,Corporate Services,POS-412,Administration Officer,Administration Officer,Mid,Professional/Mid-level,PT-ADM-PROFESSIONAL,PC-2025-2026-ANNUAL,2026-08-01,79.91,Meets Expectations,78.12,75.41,80.65,3.35,Improving,Attendance and Punctuality,91.63,Administrative Cost Variance,84.84,Learning and Adaptability,69.02,Teamwork and Professional Communication,65.14,0.91,78.2,Effective,Calculated - Pending Manager Review,2026-08-01
EMP423,Danish Latif,DEPARTMENT-010,Administration & Facilities,Corporate Services,POS-413,Administration Officer,Administration Officer,Mid,Professional/Mid-level,PT-ADM-PROFESSIONAL,PC-2025-2026-ANNUAL,2026-08-01,71.29,Meets Expectations,67.54,64.07,71.29,5.37,Improving,Attendance and Punctuality,91.84,Learning and Adaptability,78.38,Teamwork and Professional Communication,64.27,Administration Service Target Achievement,62.51,0.91,72.1,Effective,Calculated - Pending Manager Review,2026-08-01
EMP424,Omar Hameed,DEPARTMENT-010,Administration & Facilities,Corporate Services,POS-414,Administration Officer,Administration Officer,Mid,Professional/Mid-level,PT-ADM-PROFESSIONAL,PC-2025-2026-ANNUAL,2026-08-01,92.45,Exceptional,86.66,81.86,92.45,9.49,Improving,Administration Service Target Achievement,100.0,Administrative Cost Variance,95.04,Facility and Maintenance Reliability,88.71,Teamwork and Professional Communication,62.53,0.9,91.1,Strong,Calculated - Pending Manager Review,2026-08-01
EMP425,Saad Awan,DEPARTMENT-010,Administration & Facilities,Corporate Services,POS-415,Administration Officer,Administration Officer,Mid,Professional/Mid-level,PT-ADM-PROFESSIONAL,PC-2025-2026-ANNUAL,2026-08-01,75.77,Meets Expectations,72.4,70.6,75.77,2.7,Stable,Attendance and Punctuality,97.46,Learning and Adaptability,85.21,Administration Service Target Achievement,69.52,Teamwork and Professional Communication,63.39,0.91,74.2,Effective,Calculated - Pending Manager Review,2026-08-01
EMP426,Hassan Khan,DEPARTMENT-010,Administration & Facilities,Corporate Services,POS-416,Administration Officer,Administration Officer,Mid,Professional/Mid-level,PT-ADM-PROFESSIONAL,PC-2025-2026-ANNUAL,2026-08-01,85.15,Strong,81.53,75.62,87.1,8.63,Improving,Attendance and Punctuality,99.38,Facility and Maintenance Reliability,91.95,Learning and Adaptability,80.61,Teamwork and Professional Communication,55.57,0.91,84.6,Strong,Calculated - Pending Manager Review,2026-08-01
EMP427,Zainab Ahmed,DEPARTMENT-010,Administration & Facilities,Corporate Services,POS-417,Administration Officer,Administration Officer,Mid,Professional/Mid-level,PT-ADM-PROFESSIONAL,PC-2025-2026-ANNUAL,2026-08-01,85.29,Strong,83.87,81.67,85.29,1.27,Stable,Attendance and Punctuality,99.14,Facility and Maintenance Reliability,89.1,Learning and Adaptability,75.65,Teamwork and Professional Communication,52.12,0.91,83.5,Strong,Calculated - Pending Manager Review,2026-08-01
EMP428,Kinza Munir,DEPARTMENT-010,Administration & Facilities,Corporate Services,POS-418,Administration Officer,Administration Officer,Mid,Professional/Mid-level,PT-ADM-PROFESSIONAL,PC-2025-2026-ANNUAL,2026-08-01,90.04,Exceptional,87.59,86.14,90.04,2.8,Stable,Attendance and Punctuality,97.43,Administration Service Target Achievement,97.21,Facility and Maintenance Reliability,79.63,Teamwork and Professional Communication,63.37,0.9,89.3,Strong,Calculated - Pending Manager Review,2026-08-01
EMP429,Komal Latif,DEPARTMENT-010,Administration & Facilities,Corporate Services,POS-419,Administration Officer,Administration Officer,Mid,Professional/Mid-level,PT-ADM-PROFESSIONAL,PC-2025-2026-ANNUAL,2026-08-01,85.09,Strong,80.92,76.84,85.09,6.16,Improving,Attendance and Punctuality,95.19,Administrative Cost Variance,88.53,Learning and Adaptability,75.6,Teamwork and Professional Communication,55.85,0.9,83.1,Strong,Calculated - Pending Manager Review,2026-08-01
EMP430,Saad Raza,DEPARTMENT-010,Administration & Facilities,Corporate Services,POS-420,Administration Officer,Administration Officer,Mid,Professional/Mid-level,PT-ADM-PROFESSIONAL,PC-2025-2026-ANNUAL,2026-08-01,91.3,Exceptional,92.73,90.7,94.76,-2.94,Stable,Administration Service Target Achievement,100.0,Attendance and Punctuality,97.89,Learning and Adaptability,75.14,Teamwork and Professional Communication,65.86,0.91,90.2,Strong,Calculated - Pending Manager Review,2026-08-01
EMP431,Noman Iqbal,DEPARTMENT-010,Administration & Facilities,Corporate Services,POS-421,Administration Officer,Administration Officer,Mid,Professional/Mid-level,PT-ADM-PROFESSIONAL,PC-2025-2026-ANNUAL,2026-08-01,83.74,Strong,84.39,81.28,87.61,-3.73,Declining,Attendance and Punctuality,98.14,Facility and Maintenance Reliability,89.74,Responsibility and Deadline Discipline,76.04,Teamwork and Professional Communication,60.37,0.9,83.4,Strong,Calculated - Pending Manager Review,2026-08-01
EMP432,Kinza Hashmi,DEPARTMENT-010,Administration & Facilities,Corporate Services,POS-422,Administration Officer,Administration Officer,Mid,Professional/Mid-level,PT-ADM-PROFESSIONAL,PC-2025-2026-ANNUAL,2026-08-01,84.67,Strong,82.98,82.08,84.67,0.67,Stable,Attendance and Punctuality,96.95,Facility and Maintenance Reliability,93.21,Learning and Adaptability,77.62,Teamwork and Professional Communication,57.72,0.91,82.3,Strong,Calculated - Pending Manager Review,2026-08-01
EMP433,Amna Mahmood,DEPARTMENT-010,Administration & Facilities,Corporate Services,POS-423,Administration Officer,Administration Officer,Mid,Professional/Mid-level,PT-ADM-PROFESSIONAL,PC-2025-2026-ANNUAL,2026-08-01,76.56,Meets Expectations,74.24,71.87,76.56,2.76,Stable,Attendance and Punctuality,91.56,Facility and Maintenance Reliability,82.89,Learning and Adaptability,68.59,Teamwork and Professional Communication,66.08,0.9,76.0,Effective,Calculated - Pending Manager Review,2026-08-01
EMP434,Ayesha Awan,DEPARTMENT-010,Administration & Facilities,Corporate Services,POS-424,Administration Officer,Administration Officer,Mid,Professional/Mid-level,PT-ADM-PROFESSIONAL,PC-2025-2026-ANNUAL,2026-08-01,92.5,Exceptional,93.74,92.5,94.9,-1.85,Stable,Administration Service Target Achievement,100.0,Responsibility and Deadline Discipline,98.98,Facility and Maintenance Reliability,84.74,Teamwork and Professional Communication,58.96,0.92,92.6,Exceptional,Calculated - Pending Manager Review,2026-08-01
EMP435,Kamran Sultan,DEPARTMENT-010,Administration & Facilities,Corporate Services,POS-425,Administrative Assistant,Administrative Assistant,Junior,Junior/Assistant,PT-ADM-JUNIOR,PC-2025-2026-ANNUAL,2026-08-01,79.64,Meets Expectations,81.23,79.64,83.65,-3.04,Declining,Attendance and Punctuality,97.59,Facility and Maintenance Reliability,88.05,Learning and Adaptability,73.06,Teamwork and Professional Communication,66.36,0.91,78.9,Effective,Calculated - Pending Manager Review,2026-08-01
EMP436,Anusha Chaudhry,DEPARTMENT-010,Administration & Facilities,Corporate Services,POS-426,Administrative Assistant,Administrative Assistant,Junior,Junior/Assistant,PT-ADM-JUNIOR,PC-2025-2026-ANNUAL,2026-08-01,84.12,Strong,80.47,77.24,84.12,4.57,Improving,Administration Service Target Achievement,94.06,Attendance and Punctuality,93.22,Learning and Adaptability,74.55,Teamwork and Professional Communication,59.61,0.9,85.6,Strong,Calculated - Pending Manager Review,2026-08-01
EMP437,Ali Ismail,DEPARTMENT-010,Administration & Facilities,Corporate Services,POS-427,Administrative Assistant,Administrative Assistant,Junior,Junior/Assistant,PT-ADM-JUNIOR,PC-2025-2026-ANNUAL,2026-08-01,88.73,Strong,89.77,88.73,90.25,-0.65,Stable,Administration Service Target Achievement,98.39,Administrative Cost Variance,96.96,Learning and Adaptability,81.3,Teamwork and Professional Communication,56.68,0.9,91.1,Strong,Calculated - Pending Manager Review,2026-08-01
EMP438,Fahad Habib,DEPARTMENT-010,Administration & Facilities,Corporate Services,POS-428,Administrative Assistant,Administrative Assistant,Junior,Junior/Assistant,PT-ADM-JUNIOR,PC-2025-2026-ANNUAL,2026-08-01,85.22,Strong,89.02,85.22,91.4,-4.19,Declining,Attendance and Punctuality,98.54,Responsibility and Deadline Discipline,92.81,Facility and Maintenance Reliability,76.73,Teamwork and Professional Communication,61.8,0.9,86.6,Strong,Calculated - Pending Manager Review,2026-08-01
EMP439,Imran Shah,DEPARTMENT-010,Administration & Facilities,Corporate Services,POS-429,Administrative Assistant,Administrative Assistant,Junior,Junior/Assistant,PT-ADM-JUNIOR,PC-2025-2026-ANNUAL,2026-08-01,81.23,Strong,81.2,79.3,83.28,-1.79,Stable,Attendance and Punctuality,93.5,Administration Service Target Achievement,87.61,Facility and Maintenance Reliability,74.48,Teamwork and Professional Communication,55.25,0.9,83.7,Strong,Calculated - Pending Manager Review,2026-08-01
EMP440,Iqra Zafar,DEPARTMENT-010,Administration & Facilities,Corporate Services,POS-430,Administrative Assistant,Administrative Assistant,Junior,Junior/Assistant,PT-ADM-JUNIOR,PC-2025-2026-ANNUAL,2026-08-01,85.51,Strong,85.57,83.77,86.81,0.29,Stable,Administration Service Target Achievement,95.57,Administrative Cost Variance,94.51,Facility and Maintenance Reliability,77.03,Teamwork and Professional Communication,54.09,0.9,86.8,Strong,Calculated - Pending Manager Review,2026-08-01
EMP441,Mahnoor Waheed,DEPARTMENT-010,Administration & Facilities,Corporate Services,POS-431,Administrative Assistant,Administrative Assistant,Junior,Junior/Assistant,PT-ADM-JUNIOR,PC-2025-2026-ANNUAL,2026-08-01,77.9,Meets Expectations,75.01,73.01,77.9,3.33,Improving,Attendance and Punctuality,95.65,Administrative Cost Variance,81.34,Learning and Adaptability,69.21,Teamwork and Professional Communication,53.14,0.9,75.5,Effective,Calculated - Pending Manager Review,2026-08-01
EMP442,Usman Riaz,DEPARTMENT-010,Administration & Facilities,Corporate Services,POS-432,Administrative Assistant,Administrative Assistant,Junior,Junior/Assistant,PT-ADM-JUNIOR,PC-2025-2026-ANNUAL,2026-08-01,86.27,Strong,87.19,85.77,88.98,-1.65,Stable,Administration Service Target Achievement,94.75,Attendance and Punctuality,93.05,Learning and Adaptability,82.03,Teamwork and Professional Communication,57.98,0.9,85.7,Strong,Calculated - Pending Manager Review,2026-08-01
EMP443,Noman Ismail,DEPARTMENT-010,Administration & Facilities,Corporate Services,POS-433,Administrative Assistant,Administrative Assistant,Junior,Junior/Assistant,PT-ADM-JUNIOR,PC-2025-2026-ANNUAL,2026-08-01,73.45,Meets Expectations,77.64,73.45,82.0,-6.84,Declining,Attendance and Punctuality,93.73,Facility and Maintenance Reliability,82.44,Teamwork and Professional Communication,67.19,Administration Service Target Achievement,64.46,0.9,74.7,Effective,Calculated - Pending Manager Review,2026-08-01
EMP444,Ahmed Latif,DEPARTMENT-010,Administration & Facilities,Corporate Services,POS-434,Administrative Assistant,Administrative Assistant,Junior,Junior/Assistant,PT-ADM-JUNIOR,PC-2025-2026-ANNUAL,2026-08-01,88.65,Strong,86.22,82.94,89.23,4.79,Improving,Administrative Cost Variance,94.67,Attendance and Punctuality,92.08,Learning and Adaptability,77.65,Teamwork and Professional Communication,72.21,0.9,91.6,Strong,Calculated - Pending Manager Review,2026-08-01
EMP445,Areeba Baig,DEPARTMENT-010,Administration & Facilities,Corporate Services,POS-435,Administrative Assistant,Administrative Assistant,Junior,Junior/Assistant,PT-ADM-JUNIOR,PC-2025-2026-ANNUAL,2026-08-01,85.45,Strong,86.37,85.17,87.49,-1.95,Stable,Administration Service Target Achievement,94.55,Attendance and Punctuality,92.65,Facility and Maintenance Reliability,80.96,Teamwork and Professional Communication,51.62,0.91,83.7,Strong,Calculated - Pending Manager Review,2026-08-01
EMP446,Nida Khan,DEPARTMENT-010,Administration & Facilities,Corporate Services,POS-436,Administrative Assistant,Administrative Assistant,Junior,Junior/Assistant,PT-ADM-JUNIOR,PC-2025-2026-ANNUAL,2026-08-01,80.28,Strong,84.27,80.28,88.15,-6.59,Declining,Attendance and Punctuality,96.73,Learning and Adaptability,93.93,Responsibility and Deadline Discipline,75.95,Teamwork and Professional Communication,69.41,0.91,81.5,Effective,Calculated - Pending Manager Review,2026-08-01
EMP447,Junaid Qureshi,DEPARTMENT-010,Administration & Facilities,Corporate Services,POS-437,Administrative Assistant,Administrative Assistant,Junior,Junior/Assistant,PT-ADM-JUNIOR,PC-2025-2026-ANNUAL,2026-08-01,84.19,Strong,86.78,84.19,88.97,-3.73,Declining,Attendance and Punctuality,95.79,Learning and Adaptability,89.93,Responsibility and Deadline Discipline,80.1,Teamwork and Professional Communication,62.47,0.9,85.6,Strong,Calculated - Pending Manager Review,2026-08-01
EMP448,Kashif Siddiqui,DEPARTMENT-010,Administration & Facilities,Corporate Services,POS-438,Administration Intern,Administration Intern,Intern,Intern/Trainee,PT-ADM-INTERN,PC-2025-2026-ANNUAL,2026-08-01,82.0,Strong,76.52,72.43,82.0,7.44,Improving,Attendance and Punctuality,93.13,Administrative Cost Variance,86.0,Learning and Adaptability,75.35,Teamwork and Professional Communication,65.23,0.9,83.4,Strong,Calculated - Pending Manager Review,2026-08-01
EMP449,Rabia Mahmood,DEPARTMENT-010,Administration & Facilities,Corporate Services,POS-439,Administration Intern,Administration Intern,Intern,Intern/Trainee,PT-ADM-INTERN,PC-2025-2026-ANNUAL,2026-08-01,81.0,Strong,78.89,77.58,81.1,2.61,Stable,Attendance and Punctuality,98.81,Administration Service Target Achievement,84.82,Facility and Maintenance Reliability,72.25,Teamwork and Professional Communication,57.23,0.9,80.7,Effective,Calculated - Pending Manager Review,2026-08-01
EMP450,Sana Baig,DEPARTMENT-010,Administration & Facilities,Corporate Services,POS-440,Administration Intern,Administration Intern,Intern,Intern/Trainee,PT-ADM-INTERN,PC-2025-2026-ANNUAL,2026-08-01,79.46,Meets Expectations,80.26,77.77,82.27,-3.49,Declining,Attendance and Punctuality,95.29,Administrative Cost Variance,83.42,Administration Service Target Achievement,77.12,Teamwork and Professional Communication,59.14,0.89,80.1,Effective,Calculated - Pending Manager Review,2026-08-01
EMP451,Nida Farooq,DEPARTMENT-011,Legal & Compliance,Corporate Services,EXEC-LGL-HEAD,Head of Legal and Compliance,Head of Legal and Compliance,Executive,Manager/Head,PT-LGL-MANAGER,PC-2025-2026-ANNUAL,2026-08-01,78.21,Meets Expectations,74.17,70.47,78.21,5.52,Improving,Attendance and Punctuality,97.9,Contract and Case Milestone Achievement,87.46,Team Leadership and Development,64.98,Teamwork and Professional Communication,47.47,0.92,81.1,Effective,Calculated - Pending Manager Review,2026-08-01
EMP452,Iqra Chaudhry,DEPARTMENT-011,Legal & Compliance,Corporate Services,POS-441,Legal and Compliance Manager,Legal and Compliance Manager,Lead/Manager,Manager/Head,PT-LGL-MANAGER,PC-2025-2026-ANNUAL,2026-08-01,81.39,Strong,82.0,80.68,83.65,-1.01,Stable,Attendance and Punctuality,100.0,Learning and Adaptability,89.85,Team Leadership and Development,73.84,Teamwork and Professional Communication,68.11,0.91,86.3,Strong,Calculated - Pending Manager Review,2026-08-01
EMP453,Arham Baig,DEPARTMENT-011,Legal & Compliance,Corporate Services,POS-442,Legal and Compliance Manager,Legal and Compliance Manager,Lead/Manager,Manager/Head,PT-LGL-MANAGER,PC-2025-2026-ANNUAL,2026-08-01,79.35,Meets Expectations,76.49,74.12,79.35,3.65,Improving,Attendance and Punctuality,97.52,Contract and Case Milestone Achievement,86.53,Teamwork and Professional Communication,66.8,Team Leadership and Development,64.54,0.91,84.5,Strong,Calculated - Pending Manager Review,2026-08-01
EMP454,Arham Rashid,DEPARTMENT-011,Legal & Compliance,Corporate Services,POS-443,Legal and Compliance Manager,Legal and Compliance Manager,Lead/Manager,Manager/Head,PT-LGL-MANAGER,PC-2025-2026-ANNUAL,2026-08-01,75.22,Meets Expectations,74.94,73.65,75.66,0.09,Stable,Attendance and Punctuality,99.6,Learning and Adaptability,85.7,Team Leadership and Development,68.3,Teamwork and Professional Communication,54.68,0.91,75.1,Effective,Calculated - Pending Manager Review,2026-08-01
EMP455,Adnan Saeed,DEPARTMENT-011,Legal & Compliance,Corporate Services,POS-444,Legal and Compliance Manager,Legal and Compliance Manager,Lead/Manager,Manager/Head,PT-LGL-MANAGER,PC-2025-2026-ANNUAL,2026-08-01,72.3,Meets Expectations,72.94,71.15,75.09,-2.02,Stable,Attendance and Punctuality,95.02,Regulatory and Policy Compliance Accuracy,82.95,Team Leadership and Development,57.46,Teamwork and Professional Communication,51.27,0.91,71.2,Effective,Calculated - Pending Manager Review,2026-08-01
EMP456,Areeba Saleem,DEPARTMENT-011,Legal & Compliance,Corporate Services,POS-445,Legal and Compliance Manager,Legal and Compliance Manager,Lead/Manager,Manager/Head,PT-LGL-MANAGER,PC-2025-2026-ANNUAL,2026-08-01,80.75,Strong,81.86,80.75,84.04,-1.39,Stable,Attendance and Punctuality,93.18,Responsibility and Deadline Discipline,90.01,Teamwork and Professional Communication,71.0,Team Leadership and Development,68.73,0.91,86.0,Strong,Calculated - Pending Manager Review,2026-08-01
EMP457,Saba Abbasi,DEPARTMENT-011,Legal & Compliance,Corporate Services,POS-446,Legal and Compliance Manager,Legal and Compliance Manager,Lead/Manager,Manager/Head,PT-LGL-MANAGER,PC-2025-2026-ANNUAL,2026-08-01,80.6,Strong,77.81,75.92,80.6,2.12,Stable,Contract and Case Milestone Achievement,98.15,Responsibility and Deadline Discipline,95.94,Team Leadership and Development,55.52,Teamwork and Professional Communication,47.75,0.92,89.4,Strong,Calculated - Pending Manager Review,2026-08-01
EMP458,Taha Ansari,DEPARTMENT-011,Legal & Compliance,Corporate Services,POS-447,Senior Legal Counsel,Senior Legal Counsel,Senior,Senior/Lead,PT-LGL-SENIOR,PC-2025-2026-ANNUAL,2026-08-01,80.58,Strong,79.88,79.07,80.58,0.07,Stable,Regulatory and Policy Compliance Accuracy,92.54,Attendance and Punctuality,90.01,Mentoring and Knowledge Transfer,76.01,Teamwork and Professional Communication,58.51,0.91,81.9,Effective,Calculated - Pending Manager Review,2026-08-01
EMP459,Minal Iqbal,DEPARTMENT-011,Legal & Compliance,Corporate Services,POS-448,Senior Legal Counsel,Senior Legal Counsel,Senior,Senior/Lead,PT-LGL-SENIOR,PC-2025-2026-ANNUAL,2026-08-01,76.12,Meets Expectations,73.1,70.29,76.87,4.87,Improving,Learning and Adaptability,91.78,Attendance and Punctuality,91.08,Mentoring and Knowledge Transfer,65.7,Teamwork and Professional Communication,57.37,0.91,77.8,Effective,Calculated - Pending Manager Review,2026-08-01
EMP460,Ayesha Javed,DEPARTMENT-011,Legal & Compliance,Corporate Services,POS-449,Senior Legal Counsel,Senior Legal Counsel,Senior,Senior/Lead,PT-LGL-SENIOR,PC-2025-2026-ANNUAL,2026-08-01,78.17,Meets Expectations,73.35,68.81,78.17,7.81,Improving,Attendance and Punctuality,96.4,Learning and Adaptability,82.68,Mentoring and Knowledge Transfer,70.13,Teamwork and Professional Communication,60.71,0.91,80.2,Effective,Calculated - Pending Manager Review,2026-08-01
EMP461,Taha Qureshi,DEPARTMENT-011,Legal & Compliance,Corporate Services,POS-450,Senior Legal Counsel,Senior Legal Counsel,Senior,Senior/Lead,PT-LGL-SENIOR,PC-2025-2026-ANNUAL,2026-08-01,82.58,Strong,83.99,82.38,85.21,-1.61,Stable,Attendance and Punctuality,96.3,Regulatory and Policy Compliance Accuracy,90.44,Learning and Adaptability,72.12,Teamwork and Professional Communication,58.85,0.92,83.5,Strong,Calculated - Pending Manager Review,2026-08-01
EMP462,Waqas Ali,DEPARTMENT-011,Legal & Compliance,Corporate Services,POS-451,Senior Legal Counsel,Senior Legal Counsel,Senior,Senior/Lead,PT-LGL-SENIOR,PC-2025-2026-ANNUAL,2026-08-01,76.4,Meets Expectations,73.1,70.3,76.4,4.77,Improving,Attendance and Punctuality,95.15,Learning and Adaptability,94.24,Mentoring and Knowledge Transfer,70.27,Teamwork and Professional Communication,56.97,0.92,77.9,Effective,Calculated - Pending Manager Review,2026-08-01
EMP463,Talha Ansari,DEPARTMENT-011,Legal & Compliance,Corporate Services,POS-452,Senior Legal Counsel,Senior Legal Counsel,Senior,Senior/Lead,PT-LGL-SENIOR,PC-2025-2026-ANNUAL,2026-08-01,76.81,Meets Expectations,77.12,75.98,78.5,1.58,Stable,Attendance and Punctuality,95.39,Legal Advisory Turnaround Time,84.48,Mentoring and Knowledge Transfer,63.41,Teamwork and Professional Communication,53.35,0.91,79.2,Effective,Calculated - Pending Manager Review,2026-08-01
EMP464,Nida Ismail,DEPARTMENT-011,Legal & Compliance,Corporate Services,POS-453,Senior Legal Counsel,Senior Legal Counsel,Senior,Senior/Lead,PT-LGL-SENIOR,PC-2025-2026-ANNUAL,2026-08-01,85.86,Strong,86.07,85.31,86.95,-1.27,Stable,Contract and Case Milestone Achievement,100.0,Legal Advisory Turnaround Time,100.0,Mentoring and Knowledge Transfer,65.25,Teamwork and Professional Communication,58.2,0.91,86.9,Strong,Calculated - Pending Manager Review,2026-08-01
EMP465,Amna Habib,DEPARTMENT-011,Legal & Compliance,Corporate Services,POS-454,Senior Legal Counsel,Senior Legal Counsel,Senior,Senior/Lead,PT-LGL-SENIOR,PC-2025-2026-ANNUAL,2026-08-01,86.12,Strong,83.37,80.78,86.12,3.54,Improving,Attendance and Punctuality,97.6,Contract and Case Milestone Achievement,96.41,Mentoring and Knowledge Transfer,70.97,Teamwork and Professional Communication,58.11,0.92,86.7,Strong,Calculated - Pending Manager Review,2026-08-01
EMP466,Kashif Saleem,DEPARTMENT-011,Legal & Compliance,Corporate Services,POS-455,Compliance Analyst,Compliance Analyst,Mid,Professional/Mid-level,PT-LGL-PROFESSIONAL,PC-2025-2026-ANNUAL,2026-08-01,88.0,Strong,87.5,85.65,89.02,-0.62,Stable,Contract and Case Milestone Achievement,99.16,Attendance and Punctuality,96.67,Regulatory and Policy Compliance Accuracy,77.29,Teamwork and Professional Communication,60.08,0.9,85.9,Strong,Calculated - Pending Manager Review,2026-08-01
EMP467,Maryam Dar,DEPARTMENT-011,Legal & Compliance,Corporate Services,POS-456,Compliance Analyst,Compliance Analyst,Mid,Professional/Mid-level,PT-LGL-PROFESSIONAL,PC-2025-2026-ANNUAL,2026-08-01,90.49,Exceptional,89.79,88.82,91.07,-0.87,Stable,Contract and Case Milestone Achievement,100.0,Attendance and Punctuality,99.75,Regulatory and Policy Compliance Accuracy,77.8,Teamwork and Professional Communication,64.44,0.91,91.6,Strong,Calculated - Pending Manager Review,2026-08-01
EMP468,Eman Mirza,DEPARTMENT-011,Legal & Compliance,Corporate Services,POS-457,Compliance Analyst,Compliance Analyst,Mid,Professional/Mid-level,PT-LGL-PROFESSIONAL,PC-2025-2026-ANNUAL,2026-08-01,84.51,Strong,80.99,77.52,84.58,5.63,Improving,Attendance and Punctuality,94.56,Contract and Case Milestone Achievement,91.85,Regulatory and Policy Compliance Accuracy,72.58,Teamwork and Professional Communication,59.13,0.91,83.3,Strong,Calculated - Pending Manager Review,2026-08-01
EMP469,Sidra Mughal,DEPARTMENT-011,Legal & Compliance,Corporate Services,POS-458,Compliance Analyst,Compliance Analyst,Mid,Professional/Mid-level,PT-LGL-PROFESSIONAL,PC-2025-2026-ANNUAL,2026-08-01,87.92,Strong,87.14,85.45,87.92,1.09,Stable,Attendance and Punctuality,96.55,Contract and Case Milestone Achievement,93.24,Learning and Adaptability,81.12,Teamwork and Professional Communication,62.67,0.91,87.0,Strong,Calculated - Pending Manager Review,2026-08-01
EMP470,Anam Javed,DEPARTMENT-011,Legal & Compliance,Corporate Services,POS-459,Compliance Analyst,Compliance Analyst,Mid,Professional/Mid-level,PT-LGL-PROFESSIONAL,PC-2025-2026-ANNUAL,2026-08-01,86.44,Strong,83.0,79.9,86.44,4.8,Improving,Contract and Case Milestone Achievement,95.2,Attendance and Punctuality,93.29,Learning and Adaptability,77.01,Teamwork and Professional Communication,52.17,0.91,82.8,Strong,Calculated - Pending Manager Review,2026-08-01
EMP471,Anusha Iqbal,DEPARTMENT-011,Legal & Compliance,Corporate Services,POS-460,Compliance Analyst,Compliance Analyst,Mid,Professional/Mid-level,PT-LGL-PROFESSIONAL,PC-2025-2026-ANNUAL,2026-08-01,85.42,Strong,84.31,82.81,85.42,1.22,Stable,Attendance and Punctuality,100.0,Legal Advisory Turnaround Time,88.24,Regulatory and Policy Compliance Accuracy,83.14,Teamwork and Professional Communication,45.73,0.91,81.9,Effective,Calculated - Pending Manager Review,2026-08-01
EMP472,Sidra Iqbal,DEPARTMENT-011,Legal & Compliance,Corporate Services,POS-461,Compliance Analyst,Compliance Analyst,Mid,Professional/Mid-level,PT-LGL-PROFESSIONAL,PC-2025-2026-ANNUAL,2026-08-01,93.56,Exceptional,95.44,93.56,97.06,-2.65,Stable,Contract and Case Milestone Achievement,100.0,Attendance and Punctuality,96.97,Learning and Adaptability,75.92,Teamwork and Professional Communication,53.64,0.91,89.9,Strong,Calculated - Pending Manager Review,2026-08-01
EMP473,Areeba Saeed,DEPARTMENT-011,Legal & Compliance,Corporate Services,POS-462,Compliance Analyst,Compliance Analyst,Mid,Professional/Mid-level,PT-LGL-PROFESSIONAL,PC-2025-2026-ANNUAL,2026-08-01,91.41,Exceptional,86.65,82.19,91.41,6.83,Improving,Contract and Case Milestone Achievement,95.76,Legal Advisory Turnaround Time,94.98,Learning and Adaptability,87.04,Teamwork and Professional Communication,68.14,0.91,89.9,Strong,Calculated - Pending Manager Review,2026-08-01
EMP474,Mehwish Riaz,DEPARTMENT-011,Legal & Compliance,Corporate Services,POS-463,Compliance Analyst,Compliance Analyst,Mid,Professional/Mid-level,PT-LGL-PROFESSIONAL,PC-2025-2026-ANNUAL,2026-08-01,91.22,Exceptional,92.31,91.21,93.83,-1.06,Stable,Legal Advisory Turnaround Time,98.89,Contract and Case Milestone Achievement,96.43,Learning and Adaptability,83.45,Teamwork and Professional Communication,58.78,0.91,89.3,Strong,Calculated - Pending Manager Review,2026-08-01
EMP475,Amna Akhtar,DEPARTMENT-011,Legal & Compliance,Corporate Services,POS-464,Compliance Analyst,Compliance Analyst,Mid,Professional/Mid-level,PT-LGL-PROFESSIONAL,PC-2025-2026-ANNUAL,2026-08-01,83.08,Strong,83.95,82.82,85.05,-1.43,Stable,Attendance and Punctuality,95.66,Legal Advisory Turnaround Time,88.96,Contract and Case Milestone Achievement,78.67,Teamwork and Professional Communication,49.71,0.9,79.3,Effective,Calculated - Pending Manager Review,2026-08-01
EMP476,Shahzaib Mahmood,DEPARTMENT-011,Legal & Compliance,Corporate Services,POS-465,Compliance Analyst,Compliance Analyst,Mid,Professional/Mid-level,PT-LGL-PROFESSIONAL,PC-2025-2026-ANNUAL,2026-08-01,85.73,Strong,81.6,78.54,85.73,5.39,Improving,Attendance and Punctuality,94.6,Regulatory and Policy Compliance Accuracy,89.68,Responsibility and Deadline Discipline,81.61,Teamwork and Professional Communication,62.4,0.91,84.1,Strong,Calculated - Pending Manager Review,2026-08-01
EMP477,Farhan Faisal,DEPARTMENT-011,Legal & Compliance,Corporate Services,POS-466,Compliance Analyst,Compliance Analyst,Mid,Professional/Mid-level,PT-LGL-PROFESSIONAL,PC-2025-2026-ANNUAL,2026-08-01,81.52,Strong,80.16,78.16,81.52,2.39,Stable,Attendance and Punctuality,94.87,Regulatory and Policy Compliance Accuracy,94.71,Contract and Case Milestone Achievement,73.5,Teamwork and Professional Communication,55.55,0.92,80.7,Effective,Calculated - Pending Manager Review,2026-08-01
EMP478,Kinza Iqbal,DEPARTMENT-011,Legal & Compliance,Corporate Services,POS-467,Compliance Analyst,Compliance Analyst,Mid,Professional/Mid-level,PT-LGL-PROFESSIONAL,PC-2025-2026-ANNUAL,2026-08-01,83.69,Strong,82.12,80.51,83.69,2.27,Stable,Attendance and Punctuality,99.38,Regulatory and Policy Compliance Accuracy,86.55,Learning and Adaptability,69.12,Teamwork and Professional Communication,62.93,0.91,82.8,Strong,Calculated - Pending Manager Review,2026-08-01
EMP479,Noman Latif,DEPARTMENT-011,Legal & Compliance,Corporate Services,POS-468,Compliance Analyst,Compliance Analyst,Mid,Professional/Mid-level,PT-LGL-PROFESSIONAL,PC-2025-2026-ANNUAL,2026-08-01,85.63,Strong,88.95,84.93,92.1,-5.94,Declining,Attendance and Punctuality,95.37,Contract and Case Milestone Achievement,93.6,Regulatory and Policy Compliance Accuracy,73.78,Teamwork and Professional Communication,56.03,0.9,82.7,Strong,Calculated - Pending Manager Review,2026-08-01
EMP480,Ahmed Saeed,DEPARTMENT-011,Legal & Compliance,Corporate Services,POS-469,Legal Assistant,Legal Assistant,Junior,Junior/Assistant,PT-LGL-JUNIOR,PC-2025-2026-ANNUAL,2026-08-01,85.48,Strong,87.04,85.48,88.44,-0.77,Stable,Attendance and Punctuality,96.36,Legal Advisory Turnaround Time,91.88,Learning and Adaptability,81.07,Teamwork and Professional Communication,47.48,0.9,86.8,Strong,Calculated - Pending Manager Review,2026-08-01
EMP481,Rabia Rehman,DEPARTMENT-011,Legal & Compliance,Corporate Services,POS-470,Legal Assistant,Legal Assistant,Junior,Junior/Assistant,PT-LGL-JUNIOR,PC-2025-2026-ANNUAL,2026-08-01,88.24,Strong,86.85,85.42,88.24,2.39,Stable,Contract and Case Milestone Achievement,100.0,Attendance and Punctuality,97.67,Regulatory and Policy Compliance Accuracy,80.18,Teamwork and Professional Communication,57.22,0.91,88.1,Strong,Calculated - Pending Manager Review,2026-08-01
EMP482,Danish Malik,DEPARTMENT-011,Legal & Compliance,Corporate Services,POS-471,Legal Assistant,Legal Assistant,Junior,Junior/Assistant,PT-LGL-JUNIOR,PC-2025-2026-ANNUAL,2026-08-01,83.77,Strong,79.52,76.19,83.77,5.76,Improving,Attendance and Punctuality,92.01,Learning and Adaptability,87.7,Regulatory and Policy Compliance Accuracy,81.94,Teamwork and Professional Communication,71.81,0.9,83.9,Strong,Calculated - Pending Manager Review,2026-08-01
EMP483,Bilal Mahmood,DEPARTMENT-011,Legal & Compliance,Corporate Services,POS-472,Legal Assistant,Legal Assistant,Junior,Junior/Assistant,PT-LGL-JUNIOR,PC-2025-2026-ANNUAL,2026-08-01,90.74,Exceptional,91.44,90.46,92.47,-1.21,Stable,Contract and Case Milestone Achievement,100.0,Legal Advisory Turnaround Time,100.0,Learning and Adaptability,79.46,Teamwork and Professional Communication,61.99,0.91,91.2,Strong,Calculated - Pending Manager Review,2026-08-01
EMP484,Saba Mughal,DEPARTMENT-011,Legal & Compliance,Corporate Services,POS-473,Legal Assistant,Legal Assistant,Junior,Junior/Assistant,PT-LGL-JUNIOR,PC-2025-2026-ANNUAL,2026-08-01,89.23,Strong,84.22,78.28,89.53,10.17,Improving,Contract and Case Milestone Achievement,100.0,Legal Advisory Turnaround Time,95.33,Learning and Adaptability,79.77,Teamwork and Professional Communication,63.44,0.9,90.2,Strong,Calculated - Pending Manager Review,2026-08-01
EMP485,Sana Nadeem,DEPARTMENT-011,Legal & Compliance,Corporate Services,POS-474,Legal Assistant,Legal Assistant,Junior,Junior/Assistant,PT-LGL-JUNIOR,PC-2025-2026-ANNUAL,2026-08-01,85.03,Strong,80.71,77.19,85.03,6.31,Improving,Contract and Case Milestone Achievement,100.0,Attendance and Punctuality,98.96,Learning and Adaptability,72.58,Teamwork and Professional Communication,42.09,0.9,83.4,Strong,Calculated - Pending Manager Review,2026-08-01
EMP486,Junaid Nadeem,DEPARTMENT-011,Legal & Compliance,Corporate Services,POS-475,Legal Assistant,Legal Assistant,Junior,Junior/Assistant,PT-LGL-JUNIOR,PC-2025-2026-ANNUAL,2026-08-01,80.37,Strong,76.68,72.19,80.57,6.31,Improving,Attendance and Punctuality,97.09,Legal Advisory Turnaround Time,86.13,Learning and Adaptability,69.83,Teamwork and Professional Communication,57.99,0.9,79.6,Effective,Calculated - Pending Manager Review,2026-08-01
EMP487,Talha Hashmi,DEPARTMENT-011,Legal & Compliance,Corporate Services,POS-476,Legal Assistant,Legal Assistant,Junior,Junior/Assistant,PT-LGL-JUNIOR,PC-2025-2026-ANNUAL,2026-08-01,80.12,Strong,81.6,79.79,83.88,-2.87,Stable,Attendance and Punctuality,92.06,Regulatory and Policy Compliance Accuracy,85.31,Responsibility and Deadline Discipline,76.76,Teamwork and Professional Communication,52.79,0.9,81.0,Effective,Calculated - Pending Manager Review,2026-08-01
EMP488,Omar Akhtar,DEPARTMENT-011,Legal & Compliance,Corporate Services,POS-477,Legal Assistant,Legal Assistant,Junior,Junior/Assistant,PT-LGL-JUNIOR,PC-2025-2026-ANNUAL,2026-08-01,82.74,Strong,84.16,82.68,87.17,-3.3,Declining,Contract and Case Milestone Achievement,92.96,Attendance and Punctuality,92.22,Regulatory and Policy Compliance Accuracy,72.36,Teamwork and Professional Communication,56.37,0.9,83.2,Strong,Calculated - Pending Manager Review,2026-08-01
EMP489,Sara Zafar,DEPARTMENT-011,Legal & Compliance,Corporate Services,POS-478,Legal Assistant,Legal Assistant,Junior,Junior/Assistant,PT-LGL-JUNIOR,PC-2025-2026-ANNUAL,2026-08-01,80.49,Strong,80.87,79.31,81.8,0.37,Stable,Attendance and Punctuality,93.93,Regulatory and Policy Compliance Accuracy,84.49,Learning and Adaptability,75.06,Teamwork and Professional Communication,55.78,0.9,81.6,Effective,Calculated - Pending Manager Review,2026-08-01
EMP490,Farhan Hameed,DEPARTMENT-011,Legal & Compliance,Corporate Services,POS-479,Legal Assistant,Legal Assistant,Junior,Junior/Assistant,PT-LGL-JUNIOR,PC-2025-2026-ANNUAL,2026-08-01,82.13,Strong,80.38,79.4,82.13,1.07,Stable,Attendance and Punctuality,98.81,Regulatory and Policy Compliance Accuracy,89.06,Learning and Adaptability,78.62,Teamwork and Professional Communication,48.88,0.91,78.9,Effective,Calculated - Pending Manager Review,2026-08-01
EMP491,Zainab Chaudhry,DEPARTMENT-011,Legal & Compliance,Corporate Services,POS-480,Legal Assistant,Legal Assistant,Junior,Junior/Assistant,PT-LGL-JUNIOR,PC-2025-2026-ANNUAL,2026-08-01,85.26,Strong,83.69,81.56,86.15,3.6,Improving,Attendance and Punctuality,95.62,Legal Advisory Turnaround Time,90.72,Regulatory and Policy Compliance Accuracy,78.24,Teamwork and Professional Communication,62.91,0.9,86.3,Strong,Calculated - Pending Manager Review,2026-08-01
EMP492,Hamza Javed,DEPARTMENT-011,Legal & Compliance,Corporate Services,POS-481,Legal Assistant,Legal Assistant,Junior,Junior/Assistant,PT-LGL-JUNIOR,PC-2025-2026-ANNUAL,2026-08-01,82.46,Strong,85.14,81.81,88.24,-4.66,Declining,Attendance and Punctuality,93.13,Contract and Case Milestone Achievement,92.95,Learning and Adaptability,70.91,Teamwork and Professional Communication,63.73,0.9,83.5,Strong,Calculated - Pending Manager Review,2026-08-01
EMP493,Komal Rehman,DEPARTMENT-011,Legal & Compliance,Corporate Services,POS-482,Legal Intern,Legal Intern,Intern,Intern/Trainee,PT-LGL-INTERN,PC-2025-2026-ANNUAL,2026-08-01,79.97,Meets Expectations,79.67,78.83,81.02,1.63,Stable,Attendance and Punctuality,95.51,Legal Advisory Turnaround Time,88.83,Teamwork and Professional Communication,70.73,Learning and Adaptability,69.01,0.89,83.2,Strong,Calculated - Pending Manager Review,2026-08-01
EMP494,Anam Mahmood,DEPARTMENT-011,Legal & Compliance,Corporate Services,POS-483,Legal Intern,Legal Intern,Intern,Intern/Trainee,PT-LGL-INTERN,PC-2025-2026-ANNUAL,2026-08-01,84.66,Strong,85.13,83.23,86.59,-1.2,Stable,Attendance and Punctuality,95.03,Contract and Case Milestone Achievement,90.94,Regulatory and Policy Compliance Accuracy,81.7,Teamwork and Professional Communication,51.94,0.9,86.5,Strong,Calculated - Pending Manager Review,2026-08-01
EMP495,Junaid Chaudhry,DEPARTMENT-011,Legal & Compliance,Corporate Services,POS-484,Legal Intern,Legal Intern,Intern,Intern/Trainee,PT-LGL-INTERN,PC-2025-2026-ANNUAL,2026-08-01,77.53,Meets Expectations,75.49,73.04,77.53,3.2,Improving,Attendance and Punctuality,98.48,Contract and Case Milestone Achievement,86.26,Learning and Adaptability,62.87,Teamwork and Professional Communication,54.21,0.88,81.3,Effective,Calculated - Pending Manager Review,2026-08-01
EMP496,Ali Nadeem,DEPARTMENT-012,Procurement & Supply Chain,Enterprise Operations,EXEC-PRC-HEAD,Head of Procurement and Supply Chain,Head of Procurement and Supply Chain,Executive,Manager/Head,PT-PRC-MANAGER,PC-2025-2026-ANNUAL,2026-08-01,76.33,Meets Expectations,75.44,74.03,77.04,1.55,Stable,Attendance and Punctuality,98.97,Verified Procurement Savings,85.49,Team Leadership and Development,60.58,Teamwork and Professional Communication,55.04,0.92,82.0,Strong,Calculated - Pending Manager Review,2026-08-01
EMP497,Talha Riaz,DEPARTMENT-012,Procurement & Supply Chain,Enterprise Operations,POS-485,Procurement Manager,Procurement Manager,Lead/Manager,Manager/Head,PT-PRC-MANAGER,PC-2025-2026-ANNUAL,2026-08-01,81.98,Strong,80.37,79.17,81.98,1.69,Stable,Responsibility and Deadline Discipline,97.9,Attendance and Punctuality,96.34,Teamwork and Professional Communication,70.97,Team Leadership and Development,67.06,0.91,88.9,Strong,Calculated - Pending Manager Review,2026-08-01
EMP498,Usman Faisal,DEPARTMENT-012,Procurement & Supply Chain,Enterprise Operations,POS-486,Procurement Manager,Procurement Manager,Lead/Manager,Manager/Head,PT-PRC-MANAGER,PC-2025-2026-ANNUAL,2026-08-01,81.65,Strong,81.56,80.14,83.45,-1.05,Stable,Procurement Cycle Target Achievement,95.56,Attendance and Punctuality,95.43,Teamwork and Professional Communication,71.63,Team Leadership and Development,63.4,0.91,88.2,Strong,Calculated - Pending Manager Review,2026-08-01
EMP499,Rabia Dar,DEPARTMENT-012,Procurement & Supply Chain,Enterprise Operations,POS-487,Procurement Manager,Procurement Manager,Lead/Manager,Manager/Head,PT-PRC-MANAGER,PC-2025-2026-ANNUAL,2026-08-01,79.74,Meets Expectations,80.25,79.25,81.49,-1.26,Stable,Attendance and Punctuality,99.62,Learning and Adaptability,89.21,Teamwork and Professional Communication,69.58,Team Leadership and Development,67.9,0.91,87.5,Strong,Calculated - Pending Manager Review,2026-08-01
EMP500,Kashif Nasir,DEPARTMENT-012,Procurement & Supply Chain,Enterprise Operations,POS-488,Procurement Manager,Procurement Manager,Lead/Manager,Manager/Head,PT-PRC-MANAGER,PC-2025-2026-ANNUAL,2026-08-01,74.03,Meets Expectations,70.37,65.8,74.06,6.91,Improving,Attendance and Punctuality,95.73,Learning and Adaptability,84.59,Team Leadership and Development,61.96,Teamwork and Professional Communication,53.19,0.92,77.9,Effective,Calculated - Pending Manager Review,2026-08-01
EMP501,Kinza Mahmood,DEPARTMENT-012,Procurement & Supply Chain,Enterprise Operations,POS-489,Procurement Manager,Procurement Manager,Lead/Manager,Manager/Head,PT-PRC-MANAGER,PC-2025-2026-ANNUAL,2026-08-01,75.22,Meets Expectations,73.49,71.62,75.22,2.59,Stable,Attendance and Punctuality,94.79,Verified Procurement Savings,83.38,Team Leadership and Development,63.29,Teamwork and Professional Communication,60.82,0.92,74.4,Effective,Calculated - Pending Manager Review,2026-08-01
EMP502,Talha Rehman,DEPARTMENT-012,Procurement & Supply Chain,Enterprise Operations,POS-490,Procurement Manager,Procurement Manager,Lead/Manager,Manager/Head,PT-PRC-MANAGER,PC-2025-2026-ANNUAL,2026-08-01,77.96,Meets Expectations,74.0,70.72,77.96,6.21,Improving,Attendance and Punctuality,98.61,Learning and Adaptability,86.99,Team Leadership and Development,64.94,Teamwork and Professional Communication,56.93,0.91,82.9,Strong,Calculated - Pending Manager Review,2026-08-01
EMP503,Sara Khan,DEPARTMENT-012,Procurement & Supply Chain,Enterprise Operations,POS-491,Senior Procurement Specialist,Senior Procurement Specialist,Senior,Senior/Lead,PT-PRC-SENIOR,PC-2025-2026-ANNUAL,2026-08-01,81.26,Strong,83.5,81.26,85.77,-3.53,Declining,Attendance and Punctuality,97.7,Verified Procurement Savings,90.56,Mentoring and Knowledge Transfer,72.99,Teamwork and Professional Communication,54.11,0.91,83.7,Strong,Calculated - Pending Manager Review,2026-08-01
EMP504,Omar Siddiqui,DEPARTMENT-012,Procurement & Supply Chain,Enterprise Operations,POS-492,Senior Procurement Specialist,Senior Procurement Specialist,Senior,Senior/Lead,PT-PRC-SENIOR,PC-2025-2026-ANNUAL,2026-08-01,78.27,Meets Expectations,78.26,76.17,79.96,-2.02,Stable,Attendance and Punctuality,93.93,Learning and Adaptability,87.85,Mentoring and Knowledge Transfer,73.84,Teamwork and Professional Communication,62.99,0.91,80.2,Effective,Calculated - Pending Manager Review,2026-08-01
EMP505,Minal Butt,DEPARTMENT-012,Procurement & Supply Chain,Enterprise Operations,POS-493,Senior Procurement Specialist,Senior Procurement Specialist,Senior,Senior/Lead,PT-PRC-SENIOR,PC-2025-2026-ANNUAL,2026-08-01,88.06,Strong,84.59,81.92,88.06,4.27,Improving,Procurement Cycle Target Achievement,98.06,Attendance and Punctuality,95.05,Mentoring and Knowledge Transfer,75.5,Teamwork and Professional Communication,58.55,0.92,89.5,Strong,Calculated - Pending Manager Review,2026-08-01
EMP506,Komal Munir,DEPARTMENT-012,Procurement & Supply Chain,Enterprise Operations,POS-494,Senior Procurement Specialist,Senior Procurement Specialist,Senior,Senior/Lead,PT-PRC-SENIOR,PC-2025-2026-ANNUAL,2026-08-01,80.93,Strong,80.55,79.49,81.99,0.05,Stable,Attendance and Punctuality,96.56,Supplier On-Time and Quality Score,91.09,Mentoring and Knowledge Transfer,65.47,Teamwork and Professional Communication,54.4,0.91,82.2,Strong,Calculated - Pending Manager Review,2026-08-01
EMP507,Minal Malik,DEPARTMENT-012,Procurement & Supply Chain,Enterprise Operations,POS-495,Senior Procurement Specialist,Senior Procurement Specialist,Senior,Senior/Lead,PT-PRC-SENIOR,PC-2025-2026-ANNUAL,2026-08-01,86.02,Strong,84.4,82.4,86.02,2.4,Stable,Procurement Cycle Target Achievement,100.0,Responsibility and Deadline Discipline,97.58,Mentoring and Knowledge Transfer,74.37,Teamwork and Professional Communication,54.94,0.92,89.6,Strong,Calculated - Pending Manager Review,2026-08-01
EMP508,Kinza Siddiqui,DEPARTMENT-012,Procurement & Supply Chain,Enterprise Operations,POS-496,Senior Procurement Specialist,Senior Procurement Specialist,Senior,Senior/Lead,PT-PRC-SENIOR,PC-2025-2026-ANNUAL,2026-08-01,87.8,Strong,86.92,85.74,87.8,1.01,Stable,Procurement Cycle Target Achievement,100.0,Attendance and Punctuality,100.0,Mentoring and Knowledge Transfer,75.45,Teamwork and Professional Communication,58.53,0.92,93.0,Exceptional,Calculated - Pending Manager Review,2026-08-01
EMP509,Iqra Abbasi,DEPARTMENT-012,Procurement & Supply Chain,Enterprise Operations,POS-497,Senior Procurement Specialist,Senior Procurement Specialist,Senior,Senior/Lead,PT-PRC-SENIOR,PC-2025-2026-ANNUAL,2026-08-01,86.18,Strong,88.51,85.64,91.6,-5.28,Declining,Attendance and Punctuality,99.56,Procurement Cycle Target Achievement,91.61,Learning and Adaptability,82.18,Teamwork and Professional Communication,70.18,0.92,87.1,Strong,Calculated - Pending Manager Review,2026-08-01
EMP510,Laiba Butt,DEPARTMENT-012,Procurement & Supply Chain,Enterprise Operations,POS-498,Senior Procurement Specialist,Senior Procurement Specialist,Senior,Senior/Lead,PT-PRC-SENIOR,PC-2025-2026-ANNUAL,2026-08-01,85.93,Strong,88.44,84.64,91.07,-4.47,Declining,Procurement Cycle Target Achievement,96.38,Supplier On-Time and Quality Score,94.79,Mentoring and Knowledge Transfer,72.47,Teamwork and Professional Communication,63.3,0.91,86.2,Strong,Calculated - Pending Manager Review,2026-08-01
EMP511,Asad Mirza,DEPARTMENT-012,Procurement & Supply Chain,Enterprise Operations,POS-499,Procurement Officer,Procurement Officer,Mid,Professional/Mid-level,PT-PRC-PROFESSIONAL,PC-2025-2026-ANNUAL,2026-08-01,90.21,Exceptional,89.42,88.57,90.25,0.88,Stable,Procurement Cycle Target Achievement,100.0,Responsibility and Deadline Discipline,98.25,Verified Procurement Savings,77.43,Teamwork and Professional Communication,55.22,0.89,90.2,Strong,Calculated - Pending Manager Review,2026-08-01
EMP512,Asad Butt,DEPARTMENT-012,Procurement & Supply Chain,Enterprise Operations,POS-500,Procurement Officer,Procurement Officer,Mid,Professional/Mid-level,PT-PRC-PROFESSIONAL,PC-2025-2026-ANNUAL,2026-08-01,89.92,Strong,84.36,78.38,89.92,9.72,Improving,Procurement Cycle Target Achievement,98.84,Supplier On-Time and Quality Score,93.78,Learning and Adaptability,72.59,Teamwork and Professional Communication,60.19,0.91,88.1,Strong,Calculated - Pending Manager Review,2026-08-01
EMP513,Noor Iqbal,DEPARTMENT-012,Procurement & Supply Chain,Enterprise Operations,POS-501,Procurement Officer,Procurement Officer,Mid,Professional/Mid-level,PT-PRC-PROFESSIONAL,PC-2025-2026-ANNUAL,2026-08-01,89.01,Strong,89.92,88.46,91.34,-2.26,Stable,Procurement Cycle Target Achievement,100.0,Supplier On-Time and Quality Score,98.4,Verified Procurement Savings,73.25,Teamwork and Professional Communication,52.14,0.9,87.8,Strong,Calculated - Pending Manager Review,2026-08-01
EMP514,Sana Saleem,DEPARTMENT-012,Procurement & Supply Chain,Enterprise Operations,POS-502,Procurement Officer,Procurement Officer,Mid,Professional/Mid-level,PT-PRC-PROFESSIONAL,PC-2025-2026-ANNUAL,2026-08-01,80.43,Strong,78.63,77.33,80.67,2.26,Stable,Attendance and Punctuality,91.11,Verified Procurement Savings,84.52,Learning and Adaptability,77.36,Teamwork and Professional Communication,62.86,0.91,81.3,Effective,Calculated - Pending Manager Review,2026-08-01
EMP515,Mehwish Ali,DEPARTMENT-012,Procurement & Supply Chain,Enterprise Operations,POS-503,Procurement Officer,Procurement Officer,Mid,Professional/Mid-level,PT-PRC-PROFESSIONAL,PC-2025-2026-ANNUAL,2026-08-01,85.7,Strong,86.79,84.72,88.54,-2.11,Stable,Attendance and Punctuality,94.23,Supplier On-Time and Quality Score,89.03,Responsibility and Deadline Discipline,80.98,Teamwork and Professional Communication,59.77,0.91,83.7,Strong,Calculated - Pending Manager Review,2026-08-01
EMP516,Maryam Yousaf,DEPARTMENT-012,Procurement & Supply Chain,Enterprise Operations,POS-504,Procurement Officer,Procurement Officer,Mid,Professional/Mid-level,PT-PRC-PROFESSIONAL,PC-2025-2026-ANNUAL,2026-08-01,82.87,Strong,82.53,81.2,85.21,2.09,Stable,Attendance and Punctuality,99.29,Procurement Cycle Target Achievement,92.51,Verified Procurement Savings,66.66,Teamwork and Professional Communication,51.67,0.9,82.0,Strong,Calculated - Pending Manager Review,2026-08-01
EMP517,Anam Rehman,DEPARTMENT-012,Procurement & Supply Chain,Enterprise Operations,POS-505,Procurement Officer,Procurement Officer,Mid,Professional/Mid-level,PT-PRC-PROFESSIONAL,PC-2025-2026-ANNUAL,2026-08-01,86.36,Strong,83.65,81.71,86.36,3.88,Improving,Attendance and Punctuality,93.5,Verified Procurement Savings,92.38,Procurement Cycle Target Achievement,82.27,Teamwork and Professional Communication,67.37,0.91,87.1,Strong,Calculated - Pending Manager Review,2026-08-01
EMP518,Maryam Mughal,DEPARTMENT-012,Procurement & Supply Chain,Enterprise Operations,POS-506,Procurement Officer,Procurement Officer,Mid,Professional/Mid-level,PT-PRC-PROFESSIONAL,PC-2025-2026-ANNUAL,2026-08-01,84.78,Strong,81.24,77.5,84.78,6.08,Improving,Attendance and Punctuality,96.33,Supplier On-Time and Quality Score,89.35,Learning and Adaptability,77.8,Teamwork and Professional Communication,51.57,0.91,83.2,Strong,Calculated - Pending Manager Review,2026-08-01
EMP519,Areeba Hameed,DEPARTMENT-012,Procurement & Supply Chain,Enterprise Operations,POS-507,Procurement Officer,Procurement Officer,Mid,Professional/Mid-level,PT-PRC-PROFESSIONAL,PC-2025-2026-ANNUAL,2026-08-01,88.29,Strong,86.8,84.52,88.81,3.04,Improving,Attendance and Punctuality,97.96,Procurement Cycle Target Achievement,97.01,Learning and Adaptability,78.53,Teamwork and Professional Communication,54.66,0.91,85.9,Strong,Calculated - Pending Manager Review,2026-08-01
EMP520,Maryam Munir,DEPARTMENT-012,Procurement & Supply Chain,Enterprise Operations,POS-508,Procurement Officer,Procurement Officer,Mid,Professional/Mid-level,PT-PRC-PROFESSIONAL,PC-2025-2026-ANNUAL,2026-08-01,89.62,Strong,83.65,78.99,89.62,8.18,Improving,Procurement Cycle Target Achievement,100.0,Attendance and Punctuality,97.46,Learning and Adaptability,67.58,Teamwork and Professional Communication,50.18,0.91,84.6,Strong,Calculated - Pending Manager Review,2026-08-01
EMP521,Noman Zafar,DEPARTMENT-012,Procurement & Supply Chain,Enterprise Operations,POS-509,Procurement Officer,Procurement Officer,Mid,Professional/Mid-level,PT-PRC-PROFESSIONAL,PC-2025-2026-ANNUAL,2026-08-01,92.92,Exceptional,93.81,92.92,94.59,-0.82,Stable,Procurement Cycle Target Achievement,100.0,Supplier On-Time and Quality Score,100.0,Learning and Adaptability,79.7,Teamwork and Professional Communication,62.86,0.91,95.4,Exceptional,Calculated - Pending Manager Review,2026-08-01
EMP522,Nida Riaz,DEPARTMENT-012,Procurement & Supply Chain,Enterprise Operations,POS-510,Procurement Officer,Procurement Officer,Mid,Professional/Mid-level,PT-PRC-PROFESSIONAL,PC-2025-2026-ANNUAL,2026-08-01,81.32,Strong,79.29,75.78,81.71,4.46,Improving,Attendance and Punctuality,97.1,Verified Procurement Savings,83.73,Responsibility and Deadline Discipline,76.35,Teamwork and Professional Communication,51.01,0.9,79.7,Effective,Calculated - Pending Manager Review,2026-08-01
EMP523,Noor Siddiqui,DEPARTMENT-012,Procurement & Supply Chain,Enterprise Operations,POS-511,Procurement Officer,Procurement Officer,Mid,Professional/Mid-level,PT-PRC-PROFESSIONAL,PC-2025-2026-ANNUAL,2026-08-01,90.58,Exceptional,88.8,86.53,90.93,3.34,Improving,Procurement Cycle Target Achievement,100.0,Attendance and Punctuality,96.76,Verified Procurement Savings,83.91,Teamwork and Professional Communication,51.78,0.9,90.8,Strong,Calculated - Pending Manager Review,2026-08-01
EMP524,Sidra Siddiqui,DEPARTMENT-012,Procurement & Supply Chain,Enterprise Operations,POS-512,Procurement Officer,Procurement Officer,Mid,Professional/Mid-level,PT-PRC-PROFESSIONAL,PC-2025-2026-ANNUAL,2026-08-01,87.74,Strong,89.01,86.69,91.79,-3.21,Declining,Attendance and Punctuality,98.44,Procurement Cycle Target Achievement,94.37,Learning and Adaptability,76.97,Teamwork and Professional Communication,46.5,0.91,81.7,Effective,Calculated - Pending Manager Review,2026-08-01
EMP525,Imran Nasir,DEPARTMENT-012,Procurement & Supply Chain,Enterprise Operations,POS-513,Procurement Assistant,Procurement Assistant,Junior,Junior/Assistant,PT-PRC-JUNIOR,PC-2025-2026-ANNUAL,2026-08-01,81.37,Strong,79.97,78.2,81.52,2.01,Stable,Attendance and Punctuality,98.43,Supplier On-Time and Quality Score,91.06,Teamwork and Professional Communication,65.78,Verified Procurement Savings,65.24,0.91,80.7,Effective,Calculated - Pending Manager Review,2026-08-01
EMP526,Adnan Chaudhry,DEPARTMENT-012,Procurement & Supply Chain,Enterprise Operations,POS-514,Procurement Assistant,Procurement Assistant,Junior,Junior/Assistant,PT-PRC-JUNIOR,PC-2025-2026-ANNUAL,2026-08-01,75.77,Meets Expectations,72.35,68.61,75.77,5.73,Improving,Attendance and Punctuality,96.82,Learning and Adaptability,82.9,Procurement Cycle Target Achievement,71.72,Teamwork and Professional Communication,49.38,0.91,75.3,Effective,Calculated - Pending Manager Review,2026-08-01
EMP527,Mehwish Nasir,DEPARTMENT-012,Procurement & Supply Chain,Enterprise Operations,POS-515,Procurement Assistant,Procurement Assistant,Junior,Junior/Assistant,PT-PRC-JUNIOR,PC-2025-2026-ANNUAL,2026-08-01,88.92,Strong,83.34,79.59,88.92,7.05,Improving,Procurement Cycle Target Achievement,97.07,Attendance and Punctuality,94.9,Verified Procurement Savings,80.89,Teamwork and Professional Communication,72.49,0.91,88.1,Strong,Calculated - Pending Manager Review,2026-08-01
EMP528,Minal Aslam,DEPARTMENT-012,Procurement & Supply Chain,Enterprise Operations,POS-516,Procurement Assistant,Procurement Assistant,Junior,Junior/Assistant,PT-PRC-JUNIOR,PC-2025-2026-ANNUAL,2026-08-01,88.47,Strong,90.2,87.97,91.9,-3.09,Declining,Procurement Cycle Target Achievement,100.0,Supplier On-Time and Quality Score,96.85,Learning and Adaptability,75.73,Teamwork and Professional Communication,56.38,0.9,90.7,Strong,Calculated - Pending Manager Review,2026-08-01
EMP529,Ayesha Waheed,DEPARTMENT-012,Procurement & Supply Chain,Enterprise Operations,POS-517,Procurement Assistant,Procurement Assistant,Junior,Junior/Assistant,PT-PRC-JUNIOR,PC-2025-2026-ANNUAL,2026-08-01,84.7,Strong,82.91,81.13,84.7,2.37,Stable,Attendance and Punctuality,95.03,Supplier On-Time and Quality Score,90.41,Verified Procurement Savings,80.49,Teamwork and Professional Communication,71.38,0.9,86.6,Strong,Calculated - Pending Manager Review,2026-08-01
EMP530,Kamran Rauf,DEPARTMENT-012,Procurement & Supply Chain,Enterprise Operations,POS-518,Procurement Assistant,Procurement Assistant,Junior,Junior/Assistant,PT-PRC-JUNIOR,PC-2025-2026-ANNUAL,2026-08-01,74.58,Meets Expectations,71.59,69.35,74.58,4.23,Improving,Attendance and Punctuality,95.88,Learning and Adaptability,82.02,Responsibility and Deadline Discipline,67.56,Teamwork and Professional Communication,56.77,0.9,74.3,Effective,Calculated - Pending Manager Review,2026-08-01
EMP531,Kamran Iqbal,DEPARTMENT-012,Procurement & Supply Chain,Enterprise Operations,POS-519,Procurement Assistant,Procurement Assistant,Junior,Junior/Assistant,PT-PRC-JUNIOR,PC-2025-2026-ANNUAL,2026-08-01,78.11,Meets Expectations,81.41,78.11,84.52,-5.44,Declining,Attendance and Punctuality,98.7,Verified Procurement Savings,85.42,Responsibility and Deadline Discipline,69.84,Teamwork and Professional Communication,62.03,0.9,78.4,Effective,Calculated - Pending Manager Review,2026-08-01
EMP532,Nida Habib,DEPARTMENT-012,Procurement & Supply Chain,Enterprise Operations,POS-520,Procurement Assistant,Procurement Assistant,Junior,Junior/Assistant,PT-PRC-JUNIOR,PC-2025-2026-ANNUAL,2026-08-01,88.86,Strong,89.07,87.47,90.63,-1.81,Stable,Procurement Cycle Target Achievement,100.0,Attendance and Punctuality,97.93,Learning and Adaptability,70.87,Teamwork and Professional Communication,60.72,0.9,86.4,Strong,Calculated - Pending Manager Review,2026-08-01
EMP533,Nida Nadeem,DEPARTMENT-012,Procurement & Supply Chain,Enterprise Operations,POS-521,Procurement Assistant,Procurement Assistant,Junior,Junior/Assistant,PT-PRC-JUNIOR,PC-2025-2026-ANNUAL,2026-08-01,76.89,Meets Expectations,77.09,75.85,77.62,-0.32,Stable,Attendance and Punctuality,94.2,Supplier On-Time and Quality Score,83.1,Verified Procurement Savings,70.76,Teamwork and Professional Communication,60.25,0.9,75.2,Effective,Calculated - Pending Manager Review,2026-08-01
EMP534,Hassan Siddiqui,DEPARTMENT-012,Procurement & Supply Chain,Enterprise Operations,POS-522,Procurement Assistant,Procurement Assistant,Junior,Junior/Assistant,PT-PRC-JUNIOR,PC-2025-2026-ANNUAL,2026-08-01,87.17,Strong,85.78,84.62,87.17,1.18,Stable,Procurement Cycle Target Achievement,98.71,Responsibility and Deadline Discipline,96.14,Verified Procurement Savings,72.44,Teamwork and Professional Communication,59.7,0.89,87.2,Strong,Calculated - Pending Manager Review,2026-08-01
EMP535,Komal Zafar,DEPARTMENT-012,Procurement & Supply Chain,Enterprise Operations,POS-523,Procurement Assistant,Procurement Assistant,Junior,Junior/Assistant,PT-PRC-JUNIOR,PC-2025-2026-ANNUAL,2026-08-01,71.41,Meets Expectations,69.86,67.84,71.41,2.25,Stable,Attendance and Punctuality,96.54,Supplier On-Time and Quality Score,73.92,Responsibility and Deadline Discipline,66.66,Teamwork and Professional Communication,53.74,0.9,71.5,Effective,Calculated - Pending Manager Review,2026-08-01
EMP536,Anusha Butt,DEPARTMENT-012,Procurement & Supply Chain,Enterprise Operations,POS-524,Procurement Assistant,Procurement Assistant,Junior,Junior/Assistant,PT-PRC-JUNIOR,PC-2025-2026-ANNUAL,2026-08-01,87.53,Strong,86.13,85.63,87.53,1.04,Stable,Procurement Cycle Target Achievement,100.0,Attendance and Punctuality,98.37,Teamwork and Professional Communication,72.32,Verified Procurement Savings,68.66,0.91,90.1,Strong,Calculated - Pending Manager Review,2026-08-01
EMP537,Maryam Bukhari,DEPARTMENT-012,Procurement & Supply Chain,Enterprise Operations,POS-525,Procurement Assistant,Procurement Assistant,Junior,Junior/Assistant,PT-PRC-JUNIOR,PC-2025-2026-ANNUAL,2026-08-01,90.29,Exceptional,85.91,80.36,90.29,7.92,Improving,Procurement Cycle Target Achievement,100.0,Supplier On-Time and Quality Score,97.58,Verified Procurement Savings,83.15,Teamwork and Professional Communication,56.91,0.9,93.9,Exceptional,Calculated - Pending Manager Review,2026-08-01
EMP538,Saba Tariq,DEPARTMENT-012,Procurement & Supply Chain,Enterprise Operations,POS-526,Procurement Intern,Procurement Intern,Intern,Intern/Trainee,PT-PRC-INTERN,PC-2025-2026-ANNUAL,2026-08-01,81.64,Strong,80.23,77.99,81.98,3.36,Improving,Attendance and Punctuality,94.31,Procurement Cycle Target Achievement,89.53,Verified Procurement Savings,78.28,Teamwork and Professional Communication,47.92,0.9,83.9,Strong,Calculated - Pending Manager Review,2026-08-01
EMP539,Noman Ali,DEPARTMENT-012,Procurement & Supply Chain,Enterprise Operations,POS-527,Procurement Intern,Procurement Intern,Intern,Intern/Trainee,PT-PRC-INTERN,PC-2025-2026-ANNUAL,2026-08-01,81.19,Strong,82.25,80.14,84.24,-2.81,Stable,Procurement Cycle Target Achievement,94.5,Attendance and Punctuality,92.32,Learning and Adaptability,72.42,Teamwork and Professional Communication,58.39,0.89,84.3,Strong,Calculated - Pending Manager Review,2026-08-01
EMP540,Haris Hussain,DEPARTMENT-012,Procurement & Supply Chain,Enterprise Operations,POS-528,Procurement Intern,Procurement Intern,Intern,Intern/Trainee,PT-PRC-INTERN,PC-2025-2026-ANNUAL,2026-08-01,82.2,Strong,79.83,76.38,82.2,4.55,Improving,Attendance and Punctuality,96.64,Supplier On-Time and Quality Score,96.59,Learning and Adaptability,71.95,Teamwork and Professional Communication,54.21,0.9,82.7,Strong,Calculated - Pending Manager Review,2026-08-01
EMP541,Asad Hashmi,DEPARTMENT-013,Logistics & Warehouse,Enterprise Operations,EXEC-LOG-HEAD,Head of Logistics and Warehouse,Head of Logistics and Warehouse,Executive,Manager/Head,PT-LOG-MANAGER,PC-2025-2026-ANNUAL,2026-08-01,80.02,Strong,80.54,79.65,82.25,1.48,Stable,Responsibility and Deadline Discipline,95.99,Attendance and Punctuality,93.21,Team Leadership and Development,64.53,Teamwork and Professional Communication,60.8,0.92,89.4,Strong,Calculated - Pending Manager Review,2026-08-01
EMP542,Kashif Chaudhry,DEPARTMENT-013,Logistics & Warehouse,Enterprise Operations,POS-529,Logistics Manager,Logistics Manager,Lead/Manager,Manager/Head,PT-LOG-MANAGER,PC-2025-2026-ANNUAL,2026-08-01,78.0,Meets Expectations,79.28,77.1,81.2,-2.84,Stable,Attendance and Punctuality,96.8,Learning and Adaptability,88.73,Teamwork and Professional Communication,65.16,Team Leadership and Development,64.34,0.92,82.3,Strong,Calculated - Pending Manager Review,2026-08-01
EMP543,Kamran Chaudhry,DEPARTMENT-013,Logistics & Warehouse,Enterprise Operations,POS-530,Logistics Manager,Logistics Manager,Lead/Manager,Manager/Head,PT-LOG-MANAGER,PC-2025-2026-ANNUAL,2026-08-01,77.97,Meets Expectations,75.82,74.05,77.97,3.0,Improving,Attendance and Punctuality,95.35,Damage and Loss Rate,86.08,Learning and Adaptability,68.7,Teamwork and Professional Communication,54.37,0.91,80.7,Effective,Calculated - Pending Manager Review,2026-08-01
EMP544,Bilal Ansari,DEPARTMENT-013,Logistics & Warehouse,Enterprise Operations,POS-531,Logistics Manager,Logistics Manager,Lead/Manager,Manager/Head,PT-LOG-MANAGER,PC-2025-2026-ANNUAL,2026-08-01,79.38,Meets Expectations,79.04,77.65,79.86,-0.21,Stable,Attendance and Punctuality,100.0,Inventory and Order Accuracy,90.18,Team Leadership and Development,70.9,Teamwork and Professional Communication,53.52,0.92,82.4,Strong,Calculated - Pending Manager Review,2026-08-01
EMP545,Junaid Aslam,DEPARTMENT-013,Logistics & Warehouse,Enterprise Operations,POS-532,Logistics Manager,Logistics Manager,Lead/Manager,Manager/Head,PT-LOG-MANAGER,PC-2025-2026-ANNUAL,2026-08-01,80.13,Strong,78.36,76.31,80.36,2.69,Stable,Attendance and Punctuality,98.19,On-Time Dispatch Target Achievement,87.94,Team Leadership and Development,65.91,Teamwork and Professional Communication,60.11,0.91,87.9,Strong,Calculated - Pending Manager Review,2026-08-01
EMP546,Sara Baig,DEPARTMENT-013,Logistics & Warehouse,Enterprise Operations,POS-533,Logistics Manager,Logistics Manager,Lead/Manager,Manager/Head,PT-LOG-MANAGER,PC-2025-2026-ANNUAL,2026-08-01,83.98,Strong,80.89,78.19,83.98,4.51,Improving,Responsibility and Deadline Discipline,100.0,Attendance and Punctuality,95.96,Team Leadership and Development,66.86,Teamwork and Professional Communication,63.68,0.92,96.5,Exceptional,Calculated - Pending Manager Review,2026-08-01
EMP547,Usman Ali,DEPARTMENT-013,Logistics & Warehouse,Enterprise Operations,POS-534,Logistics Manager,Logistics Manager,Lead/Manager,Manager/Head,PT-LOG-MANAGER,PC-2025-2026-ANNUAL,2026-08-01,80.23,Strong,78.72,77.08,80.23,2.02,Stable,Attendance and Punctuality,91.58,Responsibility and Deadline Discipline,90.28,Team Leadership and Development,70.38,Teamwork and Professional Communication,58.1,0.92,85.7,Strong,Calculated - Pending Manager Review,2026-08-01
EMP548,Maryam Faisal,DEPARTMENT-013,Logistics & Warehouse,Enterprise Operations,POS-535,Senior Logistics Officer,Senior Logistics Officer,Senior,Senior/Lead,PT-LOG-SENIOR,PC-2025-2026-ANNUAL,2026-08-01,84.91,Strong,80.79,76.5,84.91,6.21,Improving,Attendance and Punctuality,98.59,Damage and Loss Rate,93.33,Mentoring and Knowledge Transfer,73.99,Teamwork and Professional Communication,62.99,0.92,86.8,Strong,Calculated - Pending Manager Review,2026-08-01
EMP549,Saba Saeed,DEPARTMENT-013,Logistics & Warehouse,Enterprise Operations,POS-536,Senior Logistics Officer,Senior Logistics Officer,Senior,Senior/Lead,PT-LOG-SENIOR,PC-2025-2026-ANNUAL,2026-08-01,85.61,Strong,84.58,82.73,85.86,2.28,Stable,Damage and Loss Rate,99.99,Attendance and Punctuality,99.69,Mentoring and Knowledge Transfer,65.5,Teamwork and Professional Communication,54.85,0.91,88.7,Strong,Calculated - Pending Manager Review,2026-08-01
EMP550,Hira Faisal,DEPARTMENT-013,Logistics & Warehouse,Enterprise Operations,POS-537,Senior Logistics Officer,Senior Logistics Officer,Senior,Senior/Lead,PT-LOG-SENIOR,PC-2025-2026-ANNUAL,2026-08-01,80.82,Strong,83.34,80.58,86.01,-4.2,Declining,Attendance and Punctuality,91.94,Learning and Adaptability,87.59,Mentoring and Knowledge Transfer,74.31,Teamwork and Professional Communication,66.78,0.91,83.2,Strong,Calculated - Pending Manager Review,2026-08-01
EMP551,Saba Rehman,DEPARTMENT-013,Logistics & Warehouse,Enterprise Operations,POS-538,Senior Logistics Officer,Senior Logistics Officer,Senior,Senior/Lead,PT-LOG-SENIOR,PC-2025-2026-ANNUAL,2026-08-01,70.21,Meets Expectations,72.14,70.03,73.65,-2.06,Stable,Attendance and Punctuality,99.27,Learning and Adaptability,82.56,Mentoring and Knowledge Transfer,61.65,Teamwork and Professional Communication,52.6,0.92,69.5,Development Required,Calculated - Pending Manager Review,2026-08-01
EMP552,Anam Rauf,DEPARTMENT-013,Logistics & Warehouse,Enterprise Operations,POS-539,Senior Logistics Officer,Senior Logistics Officer,Senior,Senior/Lead,PT-LOG-SENIOR,PC-2025-2026-ANNUAL,2026-08-01,85.18,Strong,86.04,83.77,88.52,-2.55,Stable,Attendance and Punctuality,95.74,Inventory and Order Accuracy,92.79,Learning and Adaptability,79.51,Teamwork and Professional Communication,66.24,0.92,84.8,Strong,Calculated - Pending Manager Review,2026-08-01
EMP553,Iqra Mughal,DEPARTMENT-013,Logistics & Warehouse,Enterprise Operations,POS-540,Senior Logistics Officer,Senior Logistics Officer,Senior,Senior/Lead,PT-LOG-SENIOR,PC-2025-2026-ANNUAL,2026-08-01,83.6,Strong,82.35,80.82,83.6,1.57,Stable,Attendance and Punctuality,98.63,Damage and Loss Rate,93.4,Mentoring and Knowledge Transfer,70.84,Teamwork and Professional Communication,56.06,0.9,86.4,Strong,Calculated - Pending Manager Review,2026-08-01
EMP554,Sana Rauf,DEPARTMENT-013,Logistics & Warehouse,Enterprise Operations,POS-541,Senior Logistics Officer,Senior Logistics Officer,Senior,Senior/Lead,PT-LOG-SENIOR,PC-2025-2026-ANNUAL,2026-08-01,83.7,Strong,86.01,83.7,88.68,-3.67,Declining,Attendance and Punctuality,98.87,On-Time Dispatch Target Achievement,95.28,Mentoring and Knowledge Transfer,65.21,Teamwork and Professional Communication,54.18,0.9,85.8,Strong,Calculated - Pending Manager Review,2026-08-01
EMP555,Danish Hashmi,DEPARTMENT-013,Logistics & Warehouse,Enterprise Operations,POS-542,Senior Logistics Officer,Senior Logistics Officer,Senior,Senior/Lead,PT-LOG-SENIOR,PC-2025-2026-ANNUAL,2026-08-01,87.24,Strong,84.14,81.16,87.24,5.01,Improving,On-Time Dispatch Target Achievement,100.0,Damage and Loss Rate,100.0,Mentoring and Knowledge Transfer,64.79,Teamwork and Professional Communication,51.89,0.92,91.9,Strong,Calculated - Pending Manager Review,2026-08-01
EMP556,Kinza Farooq,DEPARTMENT-013,Logistics & Warehouse,Enterprise Operations,POS-543,Logistics Coordinator,Logistics Coordinator,Mid,Professional/Mid-level,PT-LOG-PROFESSIONAL,PC-2025-2026-ANNUAL,2026-08-01,84.22,Strong,84.09,82.99,85.25,-0.28,Stable,Attendance and Punctuality,92.89,Damage and Loss Rate,88.34,Learning and Adaptability,77.75,Teamwork and Professional Communication,55.7,0.91,81.2,Effective,Calculated - Pending Manager Review,2026-08-01
EMP557,Ali Rashid,DEPARTMENT-013,Logistics & Warehouse,Enterprise Operations,POS-544,Logistics Coordinator,Logistics Coordinator,Mid,Professional/Mid-level,PT-LOG-PROFESSIONAL,PC-2025-2026-ANNUAL,2026-08-01,74.34,Meets Expectations,74.27,73.5,75.23,-0.26,Stable,Attendance and Punctuality,93.72,Learning and Adaptability,84.7,On-Time Dispatch Target Achievement,69.01,Teamwork and Professional Communication,54.24,0.91,72.2,Effective,Calculated - Pending Manager Review,2026-08-01
EMP558,Waqas Latif,DEPARTMENT-013,Logistics & Warehouse,Enterprise Operations,POS-545,Logistics Coordinator,Logistics Coordinator,Mid,Professional/Mid-level,PT-LOG-PROFESSIONAL,PC-2025-2026-ANNUAL,2026-08-01,93.45,Exceptional,92.07,90.83,93.45,2.1,Stable,On-Time Dispatch Target Achievement,100.0,Damage and Loss Rate,100.0,Learning and Adaptability,75.28,Teamwork and Professional Communication,67.95,0.91,101.1,Exceptional,Calculated - Pending Manager Review,2026-08-01
EMP559,Minal Qureshi,DEPARTMENT-013,Logistics & Warehouse,Enterprise Operations,POS-546,Logistics Coordinator,Logistics Coordinator,Mid,Professional/Mid-level,PT-LOG-PROFESSIONAL,PC-2025-2026-ANNUAL,2026-08-01,83.8,Strong,81.36,79.03,83.8,3.59,Improving,Attendance and Punctuality,94.82,Damage and Loss Rate,91.35,Inventory and Order Accuracy,77.75,Teamwork and Professional Communication,69.01,0.9,82.8,Strong,Calculated - Pending Manager Review,2026-08-01
EMP560,Fahad Ali,DEPARTMENT-013,Logistics & Warehouse,Enterprise Operations,POS-547,Logistics Coordinator,Logistics Coordinator,Mid,Professional/Mid-level,PT-LOG-PROFESSIONAL,PC-2025-2026-ANNUAL,2026-08-01,83.72,Strong,83.61,82.45,84.87,1.23,Stable,Attendance and Punctuality,90.7,Damage and Loss Rate,88.26,Learning and Adaptability,74.48,Teamwork and Professional Communication,52.74,0.91,83.7,Strong,Calculated - Pending Manager Review,2026-08-01
EMP561,Maryam Waheed,DEPARTMENT-013,Logistics & Warehouse,Enterprise Operations,POS-548,Logistics Coordinator,Logistics Coordinator,Mid,Professional/Mid-level,PT-LOG-PROFESSIONAL,PC-2025-2026-ANNUAL,2026-08-01,88.9,Strong,90.99,88.9,93.61,-3.41,Declining,Attendance and Punctuality,98.7,On-Time Dispatch Target Achievement,96.95,Learning and Adaptability,74.22,Teamwork and Professional Communication,49.13,0.91,88.1,Strong,Calculated - Pending Manager Review,2026-08-01
EMP562,Komal Khan,DEPARTMENT-013,Logistics & Warehouse,Enterprise Operations,POS-549,Logistics Coordinator,Logistics Coordinator,Mid,Professional/Mid-level,PT-LOG-PROFESSIONAL,PC-2025-2026-ANNUAL,2026-08-01,89.2,Strong,87.38,86.42,89.2,1.35,Stable,Attendance and Punctuality,97.69,Responsibility and Deadline Discipline,95.09,Inventory and Order Accuracy,82.65,Teamwork and Professional Communication,59.95,0.91,89.3,Strong,Calculated - Pending Manager Review,2026-08-01
EMP563,Hira Ali,DEPARTMENT-013,Logistics & Warehouse,Enterprise Operations,POS-550,Logistics Coordinator,Logistics Coordinator,Mid,Professional/Mid-level,PT-LOG-PROFESSIONAL,PC-2025-2026-ANNUAL,2026-08-01,83.5,Strong,81.43,79.84,83.99,2.9,Stable,Attendance and Punctuality,98.69,Inventory and Order Accuracy,85.36,Responsibility and Deadline Discipline,78.66,Teamwork and Professional Communication,59.92,0.9,81.0,Effective,Calculated - Pending Manager Review,2026-08-01
EMP564,Adnan Zafar,DEPARTMENT-013,Logistics & Warehouse,Enterprise Operations,POS-551,Logistics Coordinator,Logistics Coordinator,Mid,Professional/Mid-level,PT-LOG-PROFESSIONAL,PC-2025-2026-ANNUAL,2026-08-01,92.07,Exceptional,93.02,91.74,93.92,-0.67,Stable,Attendance and Punctuality,97.5,Responsibility and Deadline Discipline,96.83,Learning and Adaptability,85.42,Teamwork and Professional Communication,66.07,0.91,92.3,Exceptional,Calculated - Pending Manager Review,2026-08-01
EMP565,Rabia Tariq,DEPARTMENT-013,Logistics & Warehouse,Enterprise Operations,POS-552,Logistics Coordinator,Logistics Coordinator,Mid,Professional/Mid-level,PT-LOG-PROFESSIONAL,PC-2025-2026-ANNUAL,2026-08-01,91.98,Exceptional,90.82,89.98,91.98,1.26,Stable,Damage and Loss Rate,99.85,On-Time Dispatch Target Achievement,99.66,Learning and Adaptability,71.78,Teamwork and Professional Communication,52.12,0.9,87.9,Strong,Calculated - Pending Manager Review,2026-08-01
EMP566,Talha Ismail,DEPARTMENT-013,Logistics & Warehouse,Enterprise Operations,POS-553,Logistics Coordinator,Logistics Coordinator,Mid,Professional/Mid-level,PT-LOG-PROFESSIONAL,PC-2025-2026-ANNUAL,2026-08-01,85.56,Strong,85.62,83.39,87.45,-2.32,Stable,Attendance and Punctuality,92.95,On-Time Dispatch Target Achievement,90.17,Learning and Adaptability,79.96,Teamwork and Professional Communication,60.22,0.91,84.6,Strong,Calculated - Pending Manager Review,2026-08-01
EMP567,Hira Javed,DEPARTMENT-013,Logistics & Warehouse,Enterprise Operations,POS-554,Logistics Coordinator,Logistics Coordinator,Mid,Professional/Mid-level,PT-LOG-PROFESSIONAL,PC-2025-2026-ANNUAL,2026-08-01,84.67,Strong,81.85,80.18,84.67,2.49,Stable,Attendance and Punctuality,92.58,Learning and Adaptability,88.78,Responsibility and Deadline Discipline,80.31,Teamwork and Professional Communication,69.15,0.91,85.0,Strong,Calculated - Pending Manager Review,2026-08-01
EMP568,Mehwish Javed,DEPARTMENT-013,Logistics & Warehouse,Enterprise Operations,POS-555,Logistics Coordinator,Logistics Coordinator,Mid,Professional/Mid-level,PT-LOG-PROFESSIONAL,PC-2025-2026-ANNUAL,2026-08-01,83.05,Strong,84.4,82.14,86.89,-3.54,Declining,Attendance and Punctuality,98.53,Learning and Adaptability,91.23,Inventory and Order Accuracy,77.13,Teamwork and Professional Communication,61.29,0.91,83.0,Strong,Calculated - Pending Manager Review,2026-08-01
EMP569,Bilal Rauf,DEPARTMENT-013,Logistics & Warehouse,Enterprise Operations,POS-556,Logistics Coordinator,Logistics Coordinator,Mid,Professional/Mid-level,PT-LOG-PROFESSIONAL,PC-2025-2026-ANNUAL,2026-08-01,83.27,Strong,82.83,81.95,83.68,0.96,Stable,Attendance and Punctuality,96.19,Damage and Loss Rate,87.75,Inventory and Order Accuracy,76.95,Teamwork and Professional Communication,55.89,0.91,81.5,Effective,Calculated - Pending Manager Review,2026-08-01
EMP570,Komal Farooq,DEPARTMENT-013,Logistics & Warehouse,Enterprise Operations,POS-557,Warehouse Assistant,Warehouse Assistant,Junior,Junior/Assistant,PT-LOG-JUNIOR,PC-2025-2026-ANNUAL,2026-08-01,72.91,Meets Expectations,74.43,72.39,76.33,-3.15,Declining,Attendance and Punctuality,92.12,Inventory and Order Accuracy,78.89,Learning and Adaptability,69.31,Teamwork and Professional Communication,43.62,0.9,70.0,Effective,Calculated - Pending Manager Review,2026-08-01
EMP571,Minal Saeed,DEPARTMENT-013,Logistics & Warehouse,Enterprise Operations,POS-558,Warehouse Assistant,Warehouse Assistant,Junior,Junior/Assistant,PT-LOG-JUNIOR,PC-2025-2026-ANNUAL,2026-08-01,86.34,Strong,85.31,84.45,86.34,0.76,Stable,Attendance and Punctuality,99.17,On-Time Dispatch Target Achievement,99.0,Learning and Adaptability,69.35,Teamwork and Professional Communication,62.0,0.9,88.0,Strong,Calculated - Pending Manager Review,2026-08-01
EMP572,Farhan Iqbal,DEPARTMENT-013,Logistics & Warehouse,Enterprise Operations,POS-559,Warehouse Assistant,Warehouse Assistant,Junior,Junior/Assistant,PT-LOG-JUNIOR,PC-2025-2026-ANNUAL,2026-08-01,83.99,Strong,84.06,83.42,84.96,0.45,Stable,Attendance and Punctuality,95.74,On-Time Dispatch Target Achievement,92.23,Learning and Adaptability,76.41,Teamwork and Professional Communication,48.34,0.91,85.4,Strong,Calculated - Pending Manager Review,2026-08-01
EMP573,Junaid Javed,DEPARTMENT-013,Logistics & Warehouse,Enterprise Operations,POS-560,Warehouse Assistant,Warehouse Assistant,Junior,Junior/Assistant,PT-LOG-JUNIOR,PC-2025-2026-ANNUAL,2026-08-01,84.45,Strong,84.77,83.68,86.36,-0.12,Stable,Attendance and Punctuality,95.12,Damage and Loss Rate,88.59,Learning and Adaptability,78.58,Teamwork and Professional Communication,62.85,0.91,84.6,Strong,Calculated - Pending Manager Review,2026-08-01
EMP574,Ahmed Javed,DEPARTMENT-013,Logistics & Warehouse,Enterprise Operations,POS-561,Warehouse Assistant,Warehouse Assistant,Junior,Junior/Assistant,PT-LOG-JUNIOR,PC-2025-2026-ANNUAL,2026-08-01,85.54,Strong,86.69,85.54,87.55,-1.04,Stable,On-Time Dispatch Target Achievement,95.45,Damage and Loss Rate,95.39,Learning and Adaptability,70.09,Teamwork and Professional Communication,56.71,0.9,89.7,Strong,Calculated - Pending Manager Review,2026-08-01
EMP575,Komal Hameed,DEPARTMENT-013,Logistics & Warehouse,Enterprise Operations,POS-562,Warehouse Assistant,Warehouse Assistant,Junior,Junior/Assistant,PT-LOG-JUNIOR,PC-2025-2026-ANNUAL,2026-08-01,82.84,Strong,83.81,82.64,85.46,-1.71,Stable,Damage and Loss Rate,92.18,Attendance and Punctuality,91.77,Learning and Adaptability,70.85,Teamwork and Professional Communication,61.91,0.9,82.1,Strong,Calculated - Pending Manager Review,2026-08-01
EMP576,Fatima Sultan,DEPARTMENT-013,Logistics & Warehouse,Enterprise Operations,POS-563,Warehouse Assistant,Warehouse Assistant,Junior,Junior/Assistant,PT-LOG-JUNIOR,PC-2025-2026-ANNUAL,2026-08-01,84.87,Strong,83.25,81.61,84.87,2.05,Stable,On-Time Dispatch Target Achievement,94.67,Attendance and Punctuality,94.49,Inventory and Order Accuracy,70.13,Teamwork and Professional Communication,60.6,0.9,87.5,Strong,Calculated - Pending Manager Review,2026-08-01
EMP577,Iqra Hussain,DEPARTMENT-013,Logistics & Warehouse,Enterprise Operations,POS-564,Warehouse Assistant,Warehouse Assistant,Junior,Junior/Assistant,PT-LOG-JUNIOR,PC-2025-2026-ANNUAL,2026-08-01,87.46,Strong,83.89,81.32,87.46,4.92,Improving,On-Time Dispatch Target Achievement,97.13,Damage and Loss Rate,94.64,Inventory and Order Accuracy,76.73,Teamwork and Professional Communication,69.97,0.91,87.3,Strong,Calculated - Pending Manager Review,2026-08-01
EMP578,Maryam Rauf,DEPARTMENT-013,Logistics & Warehouse,Enterprise Operations,POS-565,Warehouse Assistant,Warehouse Assistant,Junior,Junior/Assistant,PT-LOG-JUNIOR,PC-2025-2026-ANNUAL,2026-08-01,85.01,Strong,81.96,79.24,85.01,5.02,Improving,Damage and Loss Rate,96.84,On-Time Dispatch Target Achievement,95.41,Learning and Adaptability,71.63,Teamwork and Professional Communication,55.36,0.9,84.8,Strong,Calculated - Pending Manager Review,2026-08-01
EMP579,Farhan Aziz,DEPARTMENT-013,Logistics & Warehouse,Enterprise Operations,POS-566,Warehouse Assistant,Warehouse Assistant,Junior,Junior/Assistant,PT-LOG-JUNIOR,PC-2025-2026-ANNUAL,2026-08-01,77.06,Meets Expectations,77.87,76.62,79.09,-1.33,Stable,Attendance and Punctuality,94.26,Responsibility and Deadline Discipline,80.18,Learning and Adaptability,70.23,Teamwork and Professional Communication,60.8,0.9,76.0,Effective,Calculated - Pending Manager Review,2026-08-01
EMP580,Minal Bukhari,DEPARTMENT-013,Logistics & Warehouse,Enterprise Operations,POS-567,Warehouse Assistant,Warehouse Assistant,Junior,Junior/Assistant,PT-LOG-JUNIOR,PC-2025-2026-ANNUAL,2026-08-01,82.57,Strong,82.62,81.67,83.35,0.67,Stable,Attendance and Punctuality,98.66,On-Time Dispatch Target Achievement,92.04,Learning and Adaptability,68.47,Teamwork and Professional Communication,62.76,0.91,85.7,Strong,Calculated - Pending Manager Review,2026-08-01
EMP581,Noor Khalid,DEPARTMENT-013,Logistics & Warehouse,Enterprise Operations,POS-568,Warehouse Assistant,Warehouse Assistant,Junior,Junior/Assistant,PT-LOG-JUNIOR,PC-2025-2026-ANNUAL,2026-08-01,77.3,Meets Expectations,78.61,77.3,79.53,-0.92,Stable,Attendance and Punctuality,97.14,Inventory and Order Accuracy,82.6,Responsibility and Deadline Discipline,69.56,Teamwork and Professional Communication,55.65,0.9,77.8,Effective,Calculated - Pending Manager Review,2026-08-01
EMP582,Noor Sheikh,DEPARTMENT-013,Logistics & Warehouse,Enterprise Operations,POS-569,Warehouse Assistant,Warehouse Assistant,Junior,Junior/Assistant,PT-LOG-JUNIOR,PC-2025-2026-ANNUAL,2026-08-01,75.41,Meets Expectations,75.71,74.79,76.66,0.17,Stable,Attendance and Punctuality,94.55,Inventory and Order Accuracy,84.0,Responsibility and Deadline Discipline,66.03,Teamwork and Professional Communication,63.97,0.9,74.2,Effective,Calculated - Pending Manager Review,2026-08-01
EMP583,Noman Aziz,DEPARTMENT-013,Logistics & Warehouse,Enterprise Operations,POS-570,Logistics Intern,Logistics Intern,Intern,Intern/Trainee,PT-LOG-INTERN,PC-2025-2026-ANNUAL,2026-08-01,75.43,Meets Expectations,74.08,72.82,75.43,1.56,Stable,Attendance and Punctuality,98.81,Damage and Loss Rate,79.73,Inventory and Order Accuracy,68.16,Teamwork and Professional Communication,58.05,0.89,74.0,Effective,Calculated - Pending Manager Review,2026-08-01
EMP584,Zainab Munir,DEPARTMENT-013,Logistics & Warehouse,Enterprise Operations,POS-571,Logistics Intern,Logistics Intern,Intern,Intern/Trainee,PT-LOG-INTERN,PC-2025-2026-ANNUAL,2026-08-01,79.64,Meets Expectations,73.53,67.34,79.64,9.55,Improving,Attendance and Punctuality,100.0,Damage and Loss Rate,81.43,Responsibility and Deadline Discipline,75.39,Teamwork and Professional Communication,60.4,0.89,79.1,Effective,Calculated - Pending Manager Review,2026-08-01
EMP585,Bilal Abbasi,DEPARTMENT-013,Logistics & Warehouse,Enterprise Operations,POS-572,Logistics Intern,Logistics Intern,Intern,Intern/Trainee,PT-LOG-INTERN,PC-2025-2026-ANNUAL,2026-08-01,85.36,Strong,84.15,82.27,85.75,3.03,Improving,Attendance and Punctuality,99.18,On-Time Dispatch Target Achievement,98.02,Learning and Adaptability,70.23,Teamwork and Professional Communication,48.46,0.89,88.5,Strong,Calculated - Pending Manager Review,2026-08-01
EMP586,Fahad Akhtar,DEPARTMENT-014,Production & Manufacturing,Industrial Operations,EXEC-PRD-HEAD,Head of Production and Manufacturing,Head of Production and Manufacturing,Executive,Manager/Head,PT-PRD-MANAGER,PC-2025-2026-ANNUAL,2026-08-01,77.09,Meets Expectations,79.05,77.09,80.75,-2.54,Stable,Attendance and Punctuality,98.61,Responsibility and Deadline Discipline,83.8,Team Leadership and Development,63.05,Teamwork and Professional Communication,61.95,0.92,81.4,Effective,Calculated - Pending Manager Review,2026-08-01
EMP587,Noman Baig,DEPARTMENT-014,Production & Manufacturing,Industrial Operations,POS-573,Production Manager,Production Manager,Lead/Manager,Manager/Head,PT-PRD-MANAGER,PC-2025-2026-ANNUAL,2026-08-01,78.22,Meets Expectations,76.18,74.56,78.22,1.8,Stable,Attendance and Punctuality,98.56,Production Target Achievement,87.51,Team Leadership and Development,64.6,Teamwork and Professional Communication,61.35,0.92,81.9,Effective,Calculated - Pending Manager Review,2026-08-01
EMP588,Rabia Sultan,DEPARTMENT-014,Production & Manufacturing,Industrial Operations,POS-574,Production Manager,Production Manager,Lead/Manager,Manager/Head,PT-PRD-MANAGER,PC-2025-2026-ANNUAL,2026-08-01,82.72,Strong,83.16,81.86,84.07,0.25,Stable,Responsibility and Deadline Discipline,100.0,Attendance and Punctuality,98.36,Team Leadership and Development,64.69,Teamwork and Professional Communication,62.37,0.91,94.0,Exceptional,Calculated - Pending Manager Review,2026-08-01
EMP589,Adnan Nawaz,DEPARTMENT-014,Production & Manufacturing,Industrial Operations,POS-575,Production Manager,Production Manager,Lead/Manager,Manager/Head,PT-PRD-MANAGER,PC-2025-2026-ANNUAL,2026-08-01,82.83,Strong,82.03,79.87,83.39,2.61,Stable,Attendance and Punctuality,98.78,Responsibility and Deadline Discipline,98.78,Team Leadership and Development,61.46,Teamwork and Professional Communication,59.67,0.92,94.8,Exceptional,Calculated - Pending Manager Review,2026-08-01
EMP590,Taha Ali,DEPARTMENT-014,Production & Manufacturing,Industrial Operations,POS-576,Production Manager,Production Manager,Lead/Manager,Manager/Head,PT-PRD-MANAGER,PC-2025-2026-ANNUAL,2026-08-01,82.84,Strong,82.09,80.54,82.84,0.56,Stable,Responsibility and Deadline Discipline,100.0,Production Target Achievement,96.63,Team Leadership and Development,66.32,Teamwork and Professional Communication,59.3,0.91,91.4,Strong,Calculated - Pending Manager Review,2026-08-01
EMP591,Adnan Hameed,DEPARTMENT-014,Production & Manufacturing,Industrial Operations,POS-577,Production Manager,Production Manager,Lead/Manager,Manager/Head,PT-PRD-MANAGER,PC-2025-2026-ANNUAL,2026-08-01,78.39,Meets Expectations,77.7,76.8,79.12,1.82,Stable,Learning and Adaptability,97.15,Attendance and Punctuality,95.67,Team Leadership and Development,65.88,Teamwork and Professional Communication,61.56,0.92,83.8,Strong,Calculated - Pending Manager Review,2026-08-01
EMP592,Hamza Qureshi,DEPARTMENT-014,Production & Manufacturing,Industrial Operations,POS-578,Production Manager,Production Manager,Lead/Manager,Manager/Head,PT-PRD-MANAGER,PC-2025-2026-ANNUAL,2026-08-01,79.79,Meets Expectations,80.17,79.19,81.49,-0.63,Stable,Learning and Adaptability,96.37,Attendance and Punctuality,96.26,Team Leadership and Development,63.08,Teamwork and Professional Communication,48.69,0.92,88.1,Strong,Calculated - Pending Manager Review,2026-08-01
EMP593,Maha Saeed,DEPARTMENT-014,Production & Manufacturing,Industrial Operations,POS-579,Senior Production Supervisor,Senior Production Supervisor,Senior,Senior/Lead,PT-PRD-SENIOR,PC-2025-2026-ANNUAL,2026-08-01,85.28,Strong,82.77,80.99,85.28,1.62,Stable,Production Target Achievement,97.55,Attendance and Punctuality,96.69,Mentoring and Knowledge Transfer,70.4,Teamwork and Professional Communication,52.47,0.92,85.9,Strong,Calculated - Pending Manager Review,2026-08-01
EMP594,Raza Mirza,DEPARTMENT-014,Production & Manufacturing,Industrial Operations,POS-580,Senior Production Supervisor,Senior Production Supervisor,Senior,Senior/Lead,PT-PRD-SENIOR,PC-2025-2026-ANNUAL,2026-08-01,72.34,Meets Expectations,71.58,69.42,73.59,2.28,Stable,Attendance and Punctuality,97.8,Unplanned Downtime,76.78,Mentoring and Knowledge Transfer,69.28,Teamwork and Professional Communication,51.94,0.91,73.8,Effective,Calculated - Pending Manager Review,2026-08-01
EMP595,Noman Dar,DEPARTMENT-014,Production & Manufacturing,Industrial Operations,POS-581,Senior Production Supervisor,Senior Production Supervisor,Senior,Senior/Lead,PT-PRD-SENIOR,PC-2025-2026-ANNUAL,2026-08-01,83.97,Strong,83.02,81.58,84.37,0.07,Stable,Attendance and Punctuality,93.72,Unplanned Downtime,91.03,Mentoring and Knowledge Transfer,74.56,Teamwork and Professional Communication,61.05,0.91,84.1,Strong,Calculated - Pending Manager Review,2026-08-01
EMP596,Laiba Yousaf,DEPARTMENT-014,Production & Manufacturing,Industrial Operations,POS-582,Senior Production Supervisor,Senior Production Supervisor,Senior,Senior/Lead,PT-PRD-SENIOR,PC-2025-2026-ANNUAL,2026-08-01,81.64,Strong,84.17,81.64,88.09,-4.19,Declining,Attendance and Punctuality,94.56,First Pass Yield,89.93,Mentoring and Knowledge Transfer,71.41,Teamwork and Professional Communication,50.65,0.91,83.6,Strong,Calculated - Pending Manager Review,2026-08-01
EMP597,Raza Ali,DEPARTMENT-014,Production & Manufacturing,Industrial Operations,POS-583,Senior Production Supervisor,Senior Production Supervisor,Senior,Senior/Lead,PT-PRD-SENIOR,PC-2025-2026-ANNUAL,2026-08-01,81.38,Strong,79.42,77.42,81.38,2.34,Stable,Attendance and Punctuality,96.52,Learning and Adaptability,91.53,First Pass Yield,79.17,Teamwork and Professional Communication,71.36,0.91,83.3,Strong,Calculated - Pending Manager Review,2026-08-01
EMP598,Asad Riaz,DEPARTMENT-014,Production & Manufacturing,Industrial Operations,POS-584,Senior Production Supervisor,Senior Production Supervisor,Senior,Senior/Lead,PT-PRD-SENIOR,PC-2025-2026-ANNUAL,2026-08-01,75.27,Meets Expectations,75.09,73.93,76.49,1.48,Stable,Attendance and Punctuality,93.33,First Pass Yield,86.67,Mentoring and Knowledge Transfer,62.82,Teamwork and Professional Communication,55.76,0.91,77.7,Effective,Calculated - Pending Manager Review,2026-08-01
EMP599,Maryam Nawaz,DEPARTMENT-014,Production & Manufacturing,Industrial Operations,POS-585,Senior Production Supervisor,Senior Production Supervisor,Senior,Senior/Lead,PT-PRD-SENIOR,PC-2025-2026-ANNUAL,2026-08-01,88.57,Strong,89.33,88.33,90.33,-1.76,Stable,Production Target Achievement,100.0,Unplanned Downtime,97.1,Mentoring and Knowledge Transfer,74.89,Teamwork and Professional Communication,63.44,0.91,91.3,Strong,Calculated - Pending Manager Review,2026-08-01
EMP600,Usman Saleem,DEPARTMENT-014,Production & Manufacturing,Industrial Operations,POS-586,Senior Production Supervisor,Senior Production Supervisor,Senior,Senior/Lead,PT-PRD-SENIOR,PC-2025-2026-ANNUAL,2026-08-01,80.6,Strong,79.76,78.32,80.87,0.85,Stable,Attendance and Punctuality,97.6,First Pass Yield,85.89,Learning and Adaptability,70.47,Teamwork and Professional Communication,69.43,0.91,80.2,Effective,Calculated - Pending Manager Review,2026-08-01
EMP601,Danish Javed,DEPARTMENT-014,Production & Manufacturing,Industrial Operations,POS-587,Production Technician,Production Technician,Mid,Professional/Mid-level,PT-PRD-PROFESSIONAL,PC-2025-2026-ANNUAL,2026-08-01,82.26,Strong,79.48,76.35,82.26,4.68,Improving,Attendance and Punctuality,94.06,Unplanned Downtime,85.49,Learning and Adaptability,69.05,Teamwork and Professional Communication,46.95,0.9,80.5,Effective,Calculated - Pending Manager Review,2026-08-01
EMP602,Noor Baig,DEPARTMENT-014,Production & Manufacturing,Industrial Operations,POS-588,Production Technician,Production Technician,Mid,Professional/Mid-level,PT-PRD-PROFESSIONAL,PC-2025-2026-ANNUAL,2026-08-01,71.36,Meets Expectations,70.78,69.86,71.52,0.19,Stable,Attendance and Punctuality,99.8,Learning and Adaptability,80.92,Production Target Achievement,60.86,Teamwork and Professional Communication,59.23,0.91,70.2,Effective,Calculated - Pending Manager Review,2026-08-01
EMP603,Ayesha Qureshi,DEPARTMENT-014,Production & Manufacturing,Industrial Operations,POS-589,Production Technician,Production Technician,Mid,Professional/Mid-level,PT-PRD-PROFESSIONAL,PC-2025-2026-ANNUAL,2026-08-01,89.62,Strong,86.84,83.01,90.21,6.36,Improving,Production Target Achievement,100.0,Attendance and Punctuality,94.97,First Pass Yield,74.48,Teamwork and Professional Communication,67.39,0.91,92.3,Exceptional,Calculated - Pending Manager Review,2026-08-01
EMP604,Saba Shah,DEPARTMENT-014,Production & Manufacturing,Industrial Operations,POS-590,Production Technician,Production Technician,Mid,Professional/Mid-level,PT-PRD-PROFESSIONAL,PC-2025-2026-ANNUAL,2026-08-01,81.71,Strong,84.14,80.69,88.01,-5.44,Declining,Attendance and Punctuality,95.02,First Pass Yield,86.34,Learning and Adaptability,68.23,Teamwork and Professional Communication,58.89,0.9,78.2,Effective,Calculated - Pending Manager Review,2026-08-01
EMP605,Areeba Riaz,DEPARTMENT-014,Production & Manufacturing,Industrial Operations,POS-591,Production Technician,Production Technician,Mid,Professional/Mid-level,PT-PRD-PROFESSIONAL,PC-2025-2026-ANNUAL,2026-08-01,91.33,Exceptional,89.23,85.98,92.29,3.79,Improving,Production Target Achievement,100.0,Attendance and Punctuality,97.25,Learning and Adaptability,84.73,Teamwork and Professional Communication,62.2,0.91,91.4,Strong,Calculated - Pending Manager Review,2026-08-01
EMP606,Mahnoor Saeed,DEPARTMENT-014,Production & Manufacturing,Industrial Operations,POS-592,Production Technician,Production Technician,Mid,Professional/Mid-level,PT-PRD-PROFESSIONAL,PC-2025-2026-ANNUAL,2026-08-01,86.5,Strong,88.44,86.39,91.8,-3.91,Declining,Attendance and Punctuality,99.38,First Pass Yield,88.36,Learning and Adaptability,76.43,Teamwork and Professional Communication,60.77,0.91,84.7,Strong,Calculated - Pending Manager Review,2026-08-01
EMP607,Maryam Saeed,DEPARTMENT-014,Production & Manufacturing,Industrial Operations,POS-593,Production Technician,Production Technician,Mid,Professional/Mid-level,PT-PRD-PROFESSIONAL,PC-2025-2026-ANNUAL,2026-08-01,80.55,Strong,78.77,77.42,80.55,1.79,Stable,Attendance and Punctuality,96.78,First Pass Yield,89.69,Responsibility and Deadline Discipline,74.24,Teamwork and Professional Communication,55.36,0.91,78.3,Effective,Calculated - Pending Manager Review,2026-08-01
EMP608,Sidra Khan,DEPARTMENT-014,Production & Manufacturing,Industrial Operations,POS-594,Production Technician,Production Technician,Mid,Professional/Mid-level,PT-PRD-PROFESSIONAL,PC-2025-2026-ANNUAL,2026-08-01,81.47,Strong,79.1,75.4,81.97,5.44,Improving,Attendance and Punctuality,98.08,Unplanned Downtime,87.03,Learning and Adaptability,69.96,Teamwork and Professional Communication,59.3,0.9,82.4,Strong,Calculated - Pending Manager Review,2026-08-01
EMP609,Laiba Iqbal,DEPARTMENT-014,Production & Manufacturing,Industrial Operations,POS-595,Production Technician,Production Technician,Mid,Professional/Mid-level,PT-PRD-PROFESSIONAL,PC-2025-2026-ANNUAL,2026-08-01,81.11,Strong,80.39,78.3,81.85,1.67,Stable,Attendance and Punctuality,97.02,First Pass Yield,88.09,Learning and Adaptability,69.91,Teamwork and Professional Communication,51.33,0.91,78.6,Effective,Calculated - Pending Manager Review,2026-08-01
EMP610,Junaid Latif,DEPARTMENT-014,Production & Manufacturing,Industrial Operations,POS-596,Production Technician,Production Technician,Mid,Professional/Mid-level,PT-PRD-PROFESSIONAL,PC-2025-2026-ANNUAL,2026-08-01,75.66,Meets Expectations,71.24,66.44,76.3,8.57,Improving,Attendance and Punctuality,97.43,Learning and Adaptability,89.9,Responsibility and Deadline Discipline,70.03,Teamwork and Professional Communication,56.57,0.9,75.8,Effective,Calculated - Pending Manager Review,2026-08-01
EMP611,Omar Mahmood,DEPARTMENT-014,Production & Manufacturing,Industrial Operations,POS-597,Production Technician,Production Technician,Mid,Professional/Mid-level,PT-PRD-PROFESSIONAL,PC-2025-2026-ANNUAL,2026-08-01,82.25,Strong,83.32,81.56,84.71,-0.41,Stable,Attendance and Punctuality,94.08,Responsibility and Deadline Discipline,83.93,Learning and Adaptability,80.85,Teamwork and Professional Communication,56.59,0.91,83.9,Strong,Calculated - Pending Manager Review,2026-08-01
EMP612,Hassan Khalid,DEPARTMENT-014,Production & Manufacturing,Industrial Operations,POS-598,Production Technician,Production Technician,Mid,Professional/Mid-level,PT-PRD-PROFESSIONAL,PC-2025-2026-ANNUAL,2026-08-01,90.39,Exceptional,87.12,83.17,90.39,5.65,Improving,Production Target Achievement,100.0,Attendance and Punctuality,98.87,First Pass Yield,74.03,Teamwork and Professional Communication,65.08,0.91,89.9,Strong,Calculated - Pending Manager Review,2026-08-01
EMP613,Sidra Saeed,DEPARTMENT-014,Production & Manufacturing,Industrial Operations,POS-599,Production Technician,Production Technician,Mid,Professional/Mid-level,PT-PRD-PROFESSIONAL,PC-2025-2026-ANNUAL,2026-08-01,78.98,Meets Expectations,80.41,78.98,82.21,1.37,Stable,Attendance and Punctuality,96.66,First Pass Yield,86.41,Production Target Achievement,70.16,Teamwork and Professional Communication,59.72,0.92,78.1,Effective,Calculated - Pending Manager Review,2026-08-01
EMP614,Asad Rashid,DEPARTMENT-014,Production & Manufacturing,Industrial Operations,POS-600,Production Technician,Production Technician,Mid,Professional/Mid-level,PT-PRD-PROFESSIONAL,PC-2025-2026-ANNUAL,2026-08-01,78.7,Meets Expectations,77.53,76.54,78.7,0.62,Stable,Attendance and Punctuality,93.18,Learning and Adaptability,85.99,First Pass Yield,76.58,Teamwork and Professional Communication,61.49,0.91,79.6,Effective,Calculated - Pending Manager Review,2026-08-01
EMP615,Waqas Munir,DEPARTMENT-014,Production & Manufacturing,Industrial Operations,POS-601,Production Operator,Production Operator,Junior,Junior/Assistant,PT-PRD-JUNIOR,PC-2025-2026-ANNUAL,2026-08-01,84.88,Strong,85.13,84.12,86.6,0.22,Stable,Production Target Achievement,98.67,Attendance and Punctuality,94.6,First Pass Yield,75.6,Teamwork and Professional Communication,56.14,0.9,86.5,Strong,Calculated - Pending Manager Review,2026-08-01
EMP616,Rabia Sheikh,DEPARTMENT-014,Production & Manufacturing,Industrial Operations,POS-602,Production Operator,Production Operator,Junior,Junior/Assistant,PT-PRD-JUNIOR,PC-2025-2026-ANNUAL,2026-08-01,90.65,Exceptional,90.81,90.15,91.36,-0.55,Stable,Production Target Achievement,100.0,Unplanned Downtime,100.0,Learning and Adaptability,75.16,Teamwork and Professional Communication,60.81,0.9,93.6,Exceptional,Calculated - Pending Manager Review,2026-08-01
EMP617,Anusha Hussain,DEPARTMENT-014,Production & Manufacturing,Industrial Operations,POS-603,Production Operator,Production Operator,Junior,Junior/Assistant,PT-PRD-JUNIOR,PC-2025-2026-ANNUAL,2026-08-01,81.2,Strong,82.44,81.09,83.51,-1.36,Stable,Attendance and Punctuality,95.12,Learning and Adaptability,92.66,Responsibility and Deadline Discipline,76.7,Teamwork and Professional Communication,63.79,0.9,82.8,Strong,Calculated - Pending Manager Review,2026-08-01
EMP618,Ali Malik,DEPARTMENT-014,Production & Manufacturing,Industrial Operations,POS-604,Production Operator,Production Operator,Junior,Junior/Assistant,PT-PRD-JUNIOR,PC-2025-2026-ANNUAL,2026-08-01,80.16,Strong,80.13,78.92,81.58,-0.47,Stable,Attendance and Punctuality,95.4,First Pass Yield,85.7,Responsibility and Deadline Discipline,78.46,Teamwork and Professional Communication,53.88,0.9,81.3,Effective,Calculated - Pending Manager Review,2026-08-01
EMP619,Kashif Ansari,DEPARTMENT-014,Production & Manufacturing,Industrial Operations,POS-605,Production Operator,Production Operator,Junior,Junior/Assistant,PT-PRD-JUNIOR,PC-2025-2026-ANNUAL,2026-08-01,80.06,Strong,81.94,80.06,83.66,-2.61,Stable,Attendance and Punctuality,98.88,Learning and Adaptability,84.01,First Pass Yield,75.27,Teamwork and Professional Communication,59.3,0.91,81.8,Effective,Calculated - Pending Manager Review,2026-08-01
EMP620,Iqra Ansari,DEPARTMENT-014,Production & Manufacturing,Industrial Operations,POS-606,Production Operator,Production Operator,Junior,Junior/Assistant,PT-PRD-JUNIOR,PC-2025-2026-ANNUAL,2026-08-01,86.82,Strong,82.28,77.0,86.82,8.09,Improving,Unplanned Downtime,95.04,Production Target Achievement,94.12,First Pass Yield,82.29,Teamwork and Professional Communication,55.64,0.9,86.4,Strong,Calculated - Pending Manager Review,2026-08-01
EMP621,Usman Malik,DEPARTMENT-014,Production & Manufacturing,Industrial Operations,POS-607,Production Operator,Production Operator,Junior,Junior/Assistant,PT-PRD-JUNIOR,PC-2025-2026-ANNUAL,2026-08-01,83.06,Strong,82.17,80.86,83.06,0.98,Stable,Attendance and Punctuality,95.56,Unplanned Downtime,88.83,Production Target Achievement,81.68,Teamwork and Professional Communication,51.94,0.9,83.5,Strong,Calculated - Pending Manager Review,2026-08-01
EMP622,Omar Latif,DEPARTMENT-014,Production & Manufacturing,Industrial Operations,POS-608,Production Operator,Production Operator,Junior,Junior/Assistant,PT-PRD-JUNIOR,PC-2025-2026-ANNUAL,2026-08-01,89.36,Strong,87.89,86.83,89.36,1.66,Stable,Production Target Achievement,100.0,Unplanned Downtime,100.0,Learning and Adaptability,78.32,Teamwork and Professional Communication,58.48,0.89,96.3,Exceptional,Calculated - Pending Manager Review,2026-08-01
EMP623,Ayesha Hussain,DEPARTMENT-014,Production & Manufacturing,Industrial Operations,POS-609,Production Operator,Production Operator,Junior,Junior/Assistant,PT-PRD-JUNIOR,PC-2025-2026-ANNUAL,2026-08-01,75.83,Meets Expectations,78.42,75.44,81.57,-4.97,Declining,Attendance and Punctuality,94.99,First Pass Yield,83.41,Responsibility and Deadline Discipline,69.18,Teamwork and Professional Communication,51.86,0.9,74.7,Effective,Calculated - Pending Manager Review,2026-08-01
EMP624,Eman Sheikh,DEPARTMENT-014,Production & Manufacturing,Industrial Operations,POS-610,Production Operator,Production Operator,Junior,Junior/Assistant,PT-PRD-JUNIOR,PC-2025-2026-ANNUAL,2026-08-01,81.49,Strong,78.27,75.06,81.75,5.45,Improving,Attendance and Punctuality,93.58,Learning and Adaptability,92.39,Production Target Achievement,75.02,Teamwork and Professional Communication,66.32,0.9,83.8,Strong,Calculated - Pending Manager Review,2026-08-01
EMP625,Arham Ahmed,DEPARTMENT-014,Production & Manufacturing,Industrial Operations,POS-611,Production Operator,Production Operator,Junior,Junior/Assistant,PT-PRD-JUNIOR,PC-2025-2026-ANNUAL,2026-08-01,79.65,Meets Expectations,76.14,72.01,80.09,6.65,Improving,Attendance and Punctuality,95.76,Unplanned Downtime,84.05,Learning and Adaptability,75.8,Teamwork and Professional Communication,61.53,0.9,80.8,Effective,Calculated - Pending Manager Review,2026-08-01
EMP626,Shahzaib Mughal,DEPARTMENT-014,Production & Manufacturing,Industrial Operations,POS-612,Production Operator,Production Operator,Junior,Junior/Assistant,PT-PRD-JUNIOR,PC-2025-2026-ANNUAL,2026-08-01,89.91,Strong,87.84,85.89,89.91,2.96,Stable,Production Target Achievement,100.0,Unplanned Downtime,99.71,First Pass Yield,80.86,Teamwork and Professional Communication,57.9,0.9,92.9,Exceptional,Calculated - Pending Manager Review,2026-08-01
EMP627,Mahnoor Ismail,DEPARTMENT-014,Production & Manufacturing,Industrial Operations,POS-613,Production Operator,Production Operator,Junior,Junior/Assistant,PT-PRD-JUNIOR,PC-2025-2026-ANNUAL,2026-08-01,81.44,Strong,81.42,80.94,82.19,-0.51,Stable,Attendance and Punctuality,97.32,Unplanned Downtime,84.05,Responsibility and Deadline Discipline,77.43,Teamwork and Professional Communication,67.32,0.91,80.5,Effective,Calculated - Pending Manager Review,2026-08-01
EMP628,Raza Hameed,DEPARTMENT-014,Production & Manufacturing,Industrial Operations,POS-614,Production Intern,Production Intern,Intern,Intern/Trainee,PT-PRD-INTERN,PC-2025-2026-ANNUAL,2026-08-01,86.38,Strong,85.85,84.91,87.5,-0.46,Stable,Attendance and Punctuality,95.08,Unplanned Downtime,87.57,First Pass Yield,85.5,Teamwork and Professional Communication,72.31,0.89,87.0,Strong,Calculated - Pending Manager Review,2026-08-01
EMP629,Bilal Malik,DEPARTMENT-014,Production & Manufacturing,Industrial Operations,POS-615,Production Intern,Production Intern,Intern,Intern/Trainee,PT-PRD-INTERN,PC-2025-2026-ANNUAL,2026-08-01,83.75,Strong,85.28,83.19,87.31,-2.27,Stable,Production Target Achievement,100.0,Unplanned Downtime,98.78,First Pass Yield,70.3,Teamwork and Professional Communication,47.07,0.9,86.2,Strong,Calculated - Pending Manager Review,2026-08-01
EMP630,Saba Dar,DEPARTMENT-014,Production & Manufacturing,Industrial Operations,POS-616,Production Intern,Production Intern,Intern,Intern/Trainee,PT-PRD-INTERN,PC-2025-2026-ANNUAL,2026-08-01,80.57,Strong,83.75,79.74,88.09,-6.97,Declining,Attendance and Punctuality,100.0,First Pass Yield,87.54,Learning and Adaptability,68.63,Teamwork and Professional Communication,62.47,0.9,80.4,Effective,Calculated - Pending Manager Review,2026-08-01
EMP631,Noman Tariq,DEPARTMENT-015,Quality Assurance,Industrial Operations,EXEC-QAS-HEAD,Head of Quality Assurance,Head of Quality Assurance,Executive,Manager/Head,PT-QAS-MANAGER,PC-2025-2026-ANNUAL,2026-08-01,81.17,Strong,77.24,74.97,81.17,4.65,Improving,Test and Inspection Plan Achievement,94.24,Attendance and Punctuality,93.68,Team Leadership and Development,61.13,Teamwork and Professional Communication,58.72,0.92,86.6,Strong,Calculated - Pending Manager Review,2026-08-01
EMP632,Junaid Sultan,DEPARTMENT-015,Quality Assurance,Industrial Operations,POS-617,Quality Assurance Manager,Quality Assurance Manager,Lead/Manager,Manager/Head,PT-QAS-MANAGER,PC-2025-2026-ANNUAL,2026-08-01,81.37,Strong,79.48,77.91,81.37,2.26,Stable,Attendance and Punctuality,95.26,Responsibility and Deadline Discipline,92.35,Team Leadership and Development,66.12,Teamwork and Professional Communication,53.1,0.9,86.0,Strong,Calculated - Pending Manager Review,2026-08-01
EMP633,Sara Tariq,DEPARTMENT-015,Quality Assurance,Industrial Operations,POS-618,Quality Assurance Manager,Quality Assurance Manager,Lead/Manager,Manager/Head,PT-QAS-MANAGER,PC-2025-2026-ANNUAL,2026-08-01,79.67,Meets Expectations,75.63,72.14,79.67,5.96,Improving,Attendance and Punctuality,97.39,Responsibility and Deadline Discipline,94.01,Team Leadership and Development,65.04,Teamwork and Professional Communication,52.27,0.91,84.9,Strong,Calculated - Pending Manager Review,2026-08-01
EMP634,Hira Nadeem,DEPARTMENT-015,Quality Assurance,Industrial Operations,POS-619,Quality Assurance Manager,Quality Assurance Manager,Lead/Manager,Manager/Head,PT-QAS-MANAGER,PC-2025-2026-ANNUAL,2026-08-01,81.24,Strong,82.78,80.61,84.78,-3.18,Declining,Attendance and Punctuality,93.72,Test and Inspection Plan Achievement,90.31,Team Leadership and Development,68.06,Teamwork and Professional Communication,65.96,0.91,85.4,Strong,Calculated - Pending Manager Review,2026-08-01
EMP635,Ahmed Rashid,DEPARTMENT-015,Quality Assurance,Industrial Operations,POS-620,Quality Assurance Manager,Quality Assurance Manager,Lead/Manager,Manager/Head,PT-QAS-MANAGER,PC-2025-2026-ANNUAL,2026-08-01,76.47,Meets Expectations,76.41,75.35,77.45,0.0,Stable,Attendance and Punctuality,98.28,Escaped Defect Rate,86.15,Team Leadership and Development,64.96,Teamwork and Professional Communication,56.35,0.91,78.5,Effective,Calculated - Pending Manager Review,2026-08-01
EMP636,Zainab Ejaz,DEPARTMENT-015,Quality Assurance,Industrial Operations,POS-621,Quality Assurance Manager,Quality Assurance Manager,Lead/Manager,Manager/Head,PT-QAS-MANAGER,PC-2025-2026-ANNUAL,2026-08-01,82.95,Strong,86.34,82.65,88.95,-5.46,Declining,Attendance and Punctuality,98.26,Test and Inspection Plan Achievement,92.47,Teamwork and Professional Communication,71.38,Team Leadership and Development,66.36,0.91,89.8,Strong,Calculated - Pending Manager Review,2026-08-01
EMP637,Kamran Sheikh,DEPARTMENT-015,Quality Assurance,Industrial Operations,POS-622,Quality Assurance Manager,Quality Assurance Manager,Lead/Manager,Manager/Head,PT-QAS-MANAGER,PC-2025-2026-ANNUAL,2026-08-01,83.08,Strong,82.38,81.37,83.38,0.91,Stable,Attendance and Punctuality,96.64,Responsibility and Deadline Discipline,96.29,Team Leadership and Development,63.44,Teamwork and Professional Communication,62.18,0.92,92.3,Exceptional,Calculated - Pending Manager Review,2026-08-01
EMP638,Laiba Hashmi,DEPARTMENT-015,Quality Assurance,Industrial Operations,POS-623,Senior Quality Engineer,Senior Quality Engineer,Senior,Senior/Lead,PT-QAS-SENIOR,PC-2025-2026-ANNUAL,2026-08-01,90.37,Exceptional,91.8,90.37,92.88,-1.68,Stable,Test and Inspection Plan Achievement,100.0,CAPA and Audit Closure within SLA,100.0,Mentoring and Knowledge Transfer,74.25,Teamwork and Professional Communication,59.87,0.92,95.0,Exceptional,Calculated - Pending Manager Review,2026-08-01
EMP639,Sana Saeed,DEPARTMENT-015,Quality Assurance,Industrial Operations,POS-624,Senior Quality Engineer,Senior Quality Engineer,Senior,Senior/Lead,PT-QAS-SENIOR,PC-2025-2026-ANNUAL,2026-08-01,81.49,Strong,84.16,81.25,87.01,-5.25,Declining,Attendance and Punctuality,97.06,Test and Inspection Plan Achievement,87.82,Learning and Adaptability,71.98,Teamwork and Professional Communication,62.21,0.91,81.7,Effective,Calculated - Pending Manager Review,2026-08-01
EMP640,Hamza Yousaf,DEPARTMENT-015,Quality Assurance,Industrial Operations,POS-625,Senior Quality Engineer,Senior Quality Engineer,Senior,Senior/Lead,PT-QAS-SENIOR,PC-2025-2026-ANNUAL,2026-08-01,85.68,Strong,82.27,77.3,86.37,7.36,Improving,Test and Inspection Plan Achievement,100.0,CAPA and Audit Closure within SLA,99.29,Mentoring and Knowledge Transfer,65.8,Teamwork and Professional Communication,58.11,0.91,90.4,Strong,Calculated - Pending Manager Review,2026-08-01
EMP641,Ahmed Awan,DEPARTMENT-015,Quality Assurance,Industrial Operations,POS-626,Senior Quality Engineer,Senior Quality Engineer,Senior,Senior/Lead,PT-QAS-SENIOR,PC-2025-2026-ANNUAL,2026-08-01,89.09,Strong,88.04,85.46,89.5,2.75,Stable,Test and Inspection Plan Achievement,100.0,CAPA and Audit Closure within SLA,100.0,Mentoring and Knowledge Transfer,74.31,Teamwork and Professional Communication,65.97,0.91,95.8,Exceptional,Calculated - Pending Manager Review,2026-08-01
EMP642,Taha Zafar,DEPARTMENT-015,Quality Assurance,Industrial Operations,POS-627,Senior Quality Engineer,Senior Quality Engineer,Senior,Senior/Lead,PT-QAS-SENIOR,PC-2025-2026-ANNUAL,2026-08-01,86.19,Strong,80.84,74.59,86.19,9.54,Improving,Test and Inspection Plan Achievement,100.0,CAPA and Audit Closure within SLA,99.06,Mentoring and Knowledge Transfer,68.19,Teamwork and Professional Communication,51.97,0.91,88.9,Strong,Calculated - Pending Manager Review,2026-08-01
EMP643,Bilal Khan,DEPARTMENT-015,Quality Assurance,Industrial Operations,POS-628,Senior Quality Engineer,Senior Quality Engineer,Senior,Senior/Lead,PT-QAS-SENIOR,PC-2025-2026-ANNUAL,2026-08-01,88.0,Strong,86.85,85.36,88.2,1.24,Stable,Test and Inspection Plan Achievement,100.0,Attendance and Punctuality,99.57,Mentoring and Knowledge Transfer,71.65,Teamwork and Professional Communication,46.12,0.91,91.0,Strong,Calculated - Pending Manager Review,2026-08-01
EMP644,Imran Hussain,DEPARTMENT-015,Quality Assurance,Industrial Operations,POS-629,Senior Quality Engineer,Senior Quality Engineer,Senior,Senior/Lead,PT-QAS-SENIOR,PC-2025-2026-ANNUAL,2026-08-01,77.66,Meets Expectations,77.59,76.79,78.48,0.41,Stable,Attendance and Punctuality,98.48,Escaped Defect Rate,89.98,Test and Inspection Plan Achievement,68.16,Teamwork and Professional Communication,67.73,0.91,79.7,Effective,Calculated - Pending Manager Review,2026-08-01
EMP645,Kinza Rehman,DEPARTMENT-015,Quality Assurance,Industrial Operations,POS-630,Senior Quality Engineer,Senior Quality Engineer,Senior,Senior/Lead,PT-QAS-SENIOR,PC-2025-2026-ANNUAL,2026-08-01,84.64,Strong,82.33,79.77,84.64,3.55,Improving,Attendance and Punctuality,97.92,Test and Inspection Plan Achievement,95.63,Mentoring and Knowledge Transfer,71.68,Teamwork and Professional Communication,57.89,0.91,87.5,Strong,Calculated - Pending Manager Review,2026-08-01
EMP646,Junaid Yousaf,DEPARTMENT-015,Quality Assurance,Industrial Operations,POS-631,Quality Analyst,Quality Analyst,Mid,Professional/Mid-level,PT-QAS-PROFESSIONAL,PC-2025-2026-ANNUAL,2026-08-01,88.14,Strong,85.57,82.75,89.1,5.5,Improving,Attendance and Punctuality,97.24,Test and Inspection Plan Achievement,96.13,Escaped Defect Rate,80.13,Teamwork and Professional Communication,60.51,0.91,86.1,Strong,Calculated - Pending Manager Review,2026-08-01
EMP647,Amna Iqbal,DEPARTMENT-015,Quality Assurance,Industrial Operations,POS-632,Quality Analyst,Quality Analyst,Mid,Professional/Mid-level,PT-QAS-PROFESSIONAL,PC-2025-2026-ANNUAL,2026-08-01,84.42,Strong,84.04,82.0,85.57,1.5,Stable,Test and Inspection Plan Achievement,95.82,Attendance and Punctuality,94.69,Learning and Adaptability,65.44,Teamwork and Professional Communication,59.67,0.91,82.0,Strong,Calculated - Pending Manager Review,2026-08-01
EMP648,Kashif Hashmi,DEPARTMENT-015,Quality Assurance,Industrial Operations,POS-633,Quality Analyst,Quality Analyst,Mid,Professional/Mid-level,PT-QAS-PROFESSIONAL,PC-2025-2026-ANNUAL,2026-08-01,83.21,Strong,79.98,77.16,83.21,4.8,Improving,Attendance and Punctuality,99.67,Learning and Adaptability,89.24,Escaped Defect Rate,74.74,Teamwork and Professional Communication,56.58,0.91,80.0,Effective,Calculated - Pending Manager Review,2026-08-01
EMP649,Fatima Raza,DEPARTMENT-015,Quality Assurance,Industrial Operations,POS-634,Quality Analyst,Quality Analyst,Mid,Professional/Mid-level,PT-QAS-PROFESSIONAL,PC-2025-2026-ANNUAL,2026-08-01,87.78,Strong,86.69,84.52,88.28,1.61,Stable,Attendance and Punctuality,98.11,Test and Inspection Plan Achievement,94.17,Learning and Adaptability,75.31,Teamwork and Professional Communication,60.19,0.9,85.4,Strong,Calculated - Pending Manager Review,2026-08-01
EMP650,Hassan Akhtar,DEPARTMENT-015,Quality Assurance,Industrial Operations,POS-635,Quality Analyst,Quality Analyst,Mid,Professional/Mid-level,PT-QAS-PROFESSIONAL,PC-2025-2026-ANNUAL,2026-08-01,82.8,Strong,82.8,81.5,84.28,1.36,Stable,Attendance and Punctuality,97.63,Escaped Defect Rate,91.33,Test and Inspection Plan Achievement,77.0,Teamwork and Professional Communication,60.86,0.92,81.5,Effective,Calculated - Pending Manager Review,2026-08-01
EMP651,Sana Habib,DEPARTMENT-015,Quality Assurance,Industrial Operations,POS-636,Quality Analyst,Quality Analyst,Mid,Professional/Mid-level,PT-QAS-PROFESSIONAL,PC-2025-2026-ANNUAL,2026-08-01,94.09,Exceptional,92.57,89.98,94.73,4.16,Improving,Test and Inspection Plan Achievement,100.0,CAPA and Audit Closure within SLA,100.0,Learning and Adaptability,85.38,Teamwork and Professional Communication,67.86,0.9,98.2,Exceptional,Calculated - Pending Manager Review,2026-08-01
EMP652,Kinza Waheed,DEPARTMENT-015,Quality Assurance,Industrial Operations,POS-637,Quality Analyst,Quality Analyst,Mid,Professional/Mid-level,PT-QAS-PROFESSIONAL,PC-2025-2026-ANNUAL,2026-08-01,91.22,Exceptional,88.52,85.24,91.22,4.24,Improving,Test and Inspection Plan Achievement,100.0,CAPA and Audit Closure within SLA,97.54,Learning and Adaptability,75.83,Teamwork and Professional Communication,51.53,0.91,87.3,Strong,Calculated - Pending Manager Review,2026-08-01
EMP653,Laiba Hussain,DEPARTMENT-015,Quality Assurance,Industrial Operations,POS-638,Quality Analyst,Quality Analyst,Mid,Professional/Mid-level,PT-QAS-PROFESSIONAL,PC-2025-2026-ANNUAL,2026-08-01,75.6,Meets Expectations,77.4,75.6,79.33,-2.27,Stable,Attendance and Punctuality,97.88,CAPA and Audit Closure within SLA,79.18,Learning and Adaptability,69.13,Teamwork and Professional Communication,55.85,0.91,76.9,Effective,Calculated - Pending Manager Review,2026-08-01
EMP654,Kinza Javed,DEPARTMENT-015,Quality Assurance,Industrial Operations,POS-639,Quality Analyst,Quality Analyst,Mid,Professional/Mid-level,PT-QAS-PROFESSIONAL,PC-2025-2026-ANNUAL,2026-08-01,83.22,Strong,82.62,81.33,84.49,0.56,Stable,Attendance and Punctuality,93.19,Learning and Adaptability,87.5,Escaped Defect Rate,78.72,Teamwork and Professional Communication,54.49,0.91,83.8,Strong,Calculated - Pending Manager Review,2026-08-01
EMP655,Taha Aslam,DEPARTMENT-015,Quality Assurance,Industrial Operations,POS-640,Quality Analyst,Quality Analyst,Mid,Professional/Mid-level,PT-QAS-PROFESSIONAL,PC-2025-2026-ANNUAL,2026-08-01,90.89,Exceptional,87.38,83.98,90.89,4.9,Improving,Test and Inspection Plan Achievement,100.0,Attendance and Punctuality,99.57,Learning and Adaptability,66.69,Teamwork and Professional Communication,62.43,0.9,88.9,Strong,Calculated - Pending Manager Review,2026-08-01
EMP656,Sara Hussain,DEPARTMENT-015,Quality Assurance,Industrial Operations,POS-641,Quality Analyst,Quality Analyst,Mid,Professional/Mid-level,PT-QAS-PROFESSIONAL,PC-2025-2026-ANNUAL,2026-08-01,85.58,Strong,89.72,85.58,92.82,-4.91,Declining,Attendance and Punctuality,94.71,Learning and Adaptability,89.46,Escaped Defect Rate,80.63,Teamwork and Professional Communication,62.71,0.91,86.5,Strong,Calculated - Pending Manager Review,2026-08-01
EMP657,Mehwish Chaudhry,DEPARTMENT-015,Quality Assurance,Industrial Operations,POS-642,Quality Analyst,Quality Analyst,Mid,Professional/Mid-level,PT-QAS-PROFESSIONAL,PC-2025-2026-ANNUAL,2026-08-01,89.44,Strong,86.8,84.11,89.44,3.4,Improving,Test and Inspection Plan Achievement,100.0,Attendance and Punctuality,96.54,Escaped Defect Rate,74.86,Teamwork and Professional Communication,60.52,0.91,89.9,Strong,Calculated - Pending Manager Review,2026-08-01
EMP658,Kinza Latif,DEPARTMENT-015,Quality Assurance,Industrial Operations,POS-643,Quality Analyst,Quality Analyst,Mid,Professional/Mid-level,PT-QAS-PROFESSIONAL,PC-2025-2026-ANNUAL,2026-08-01,92.63,Exceptional,90.5,87.55,92.63,3.99,Improving,Test and Inspection Plan Achievement,100.0,Responsibility and Deadline Discipline,97.24,Learning and Adaptability,82.76,Teamwork and Professional Communication,65.44,0.91,91.1,Strong,Calculated - Pending Manager Review,2026-08-01
EMP659,Fahad Sultan,DEPARTMENT-015,Quality Assurance,Industrial Operations,POS-644,Quality Analyst,Quality Analyst,Mid,Professional/Mid-level,PT-QAS-PROFESSIONAL,PC-2025-2026-ANNUAL,2026-08-01,92.19,Exceptional,92.88,91.6,93.64,-1.56,Stable,Test and Inspection Plan Achievement,100.0,Attendance and Punctuality,98.71,Escaped Defect Rate,85.46,Teamwork and Professional Communication,53.89,0.92,88.8,Strong,Calculated - Pending Manager Review,2026-08-01
EMP660,Shahzaib Saleem,DEPARTMENT-015,Quality Assurance,Industrial Operations,POS-645,Quality Inspector,Quality Inspector,Junior,Junior/Assistant,PT-QAS-JUNIOR,PC-2025-2026-ANNUAL,2026-08-01,89.11,Strong,89.13,88.71,89.74,-0.12,Stable,Test and Inspection Plan Achievement,100.0,CAPA and Audit Closure within SLA,97.6,Escaped Defect Rate,81.07,Teamwork and Professional Communication,57.14,0.9,91.0,Strong,Calculated - Pending Manager Review,2026-08-01
EMP661,Fatima Sheikh,DEPARTMENT-015,Quality Assurance,Industrial Operations,POS-646,Quality Inspector,Quality Inspector,Junior,Junior/Assistant,PT-QAS-JUNIOR,PC-2025-2026-ANNUAL,2026-08-01,86.93,Strong,84.04,81.81,86.93,3.23,Improving,Test and Inspection Plan Achievement,99.34,CAPA and Audit Closure within SLA,94.34,Learning and Adaptability,78.09,Teamwork and Professional Communication,56.38,0.9,87.2,Strong,Calculated - Pending Manager Review,2026-08-01
EMP662,Areeba Awan,DEPARTMENT-015,Quality Assurance,Industrial Operations,POS-647,Quality Inspector,Quality Inspector,Junior,Junior/Assistant,PT-QAS-JUNIOR,PC-2025-2026-ANNUAL,2026-08-01,86.85,Strong,84.19,81.01,87.19,5.25,Improving,Test and Inspection Plan Achievement,100.0,Attendance and Punctuality,95.04,Escaped Defect Rate,76.95,Teamwork and Professional Communication,57.58,0.91,84.6,Strong,Calculated - Pending Manager Review,2026-08-01
EMP663,Eman Saleem,DEPARTMENT-015,Quality Assurance,Industrial Operations,POS-648,Quality Inspector,Quality Inspector,Junior,Junior/Assistant,PT-QAS-JUNIOR,PC-2025-2026-ANNUAL,2026-08-01,85.3,Strong,84.49,83.74,85.3,0.16,Stable,Test and Inspection Plan Achievement,100.0,CAPA and Audit Closure within SLA,97.62,Learning and Adaptability,70.69,Teamwork and Professional Communication,54.38,0.89,89.5,Strong,Calculated - Pending Manager Review,2026-08-01
EMP664,Komal Shah,DEPARTMENT-015,Quality Assurance,Industrial Operations,POS-649,Quality Inspector,Quality Inspector,Junior,Junior/Assistant,PT-QAS-JUNIOR,PC-2025-2026-ANNUAL,2026-08-01,83.87,Strong,79.89,75.63,84.38,7.98,Improving,Attendance and Punctuality,93.37,CAPA and Audit Closure within SLA,92.58,Learning and Adaptability,77.49,Teamwork and Professional Communication,51.96,0.9,83.4,Strong,Calculated - Pending Manager Review,2026-08-01
EMP665,Taha Waheed,DEPARTMENT-015,Quality Assurance,Industrial Operations,POS-650,Quality Inspector,Quality Inspector,Junior,Junior/Assistant,PT-QAS-JUNIOR,PC-2025-2026-ANNUAL,2026-08-01,85.28,Strong,87.0,84.65,89.62,-3.75,Declining,Attendance and Punctuality,94.04,Test and Inspection Plan Achievement,90.76,Learning and Adaptability,75.68,Teamwork and Professional Communication,59.35,0.9,84.6,Strong,Calculated - Pending Manager Review,2026-08-01
EMP666,Saad Hashmi,DEPARTMENT-015,Quality Assurance,Industrial Operations,POS-651,Quality Inspector,Quality Inspector,Junior,Junior/Assistant,PT-QAS-JUNIOR,PC-2025-2026-ANNUAL,2026-08-01,81.66,Strong,77.81,74.87,81.66,4.84,Improving,Attendance and Punctuality,95.39,CAPA and Audit Closure within SLA,88.51,Learning and Adaptability,77.64,Teamwork and Professional Communication,51.18,0.9,80.1,Effective,Calculated - Pending Manager Review,2026-08-01
EMP667,Nida Munir,DEPARTMENT-015,Quality Assurance,Industrial Operations,POS-652,Quality Inspector,Quality Inspector,Junior,Junior/Assistant,PT-QAS-JUNIOR,PC-2025-2026-ANNUAL,2026-08-01,75.68,Meets Expectations,75.08,73.74,76.19,-0.1,Stable,Attendance and Punctuality,95.83,Escaped Defect Rate,82.26,Responsibility and Deadline Discipline,71.71,Teamwork and Professional Communication,48.55,0.9,75.6,Effective,Calculated - Pending Manager Review,2026-08-01
EMP668,Talha Nawaz,DEPARTMENT-015,Quality Assurance,Industrial Operations,POS-653,Quality Inspector,Quality Inspector,Junior,Junior/Assistant,PT-QAS-JUNIOR,PC-2025-2026-ANNUAL,2026-08-01,82.12,Strong,79.72,76.5,82.12,4.87,Improving,Attendance and Punctuality,97.82,CAPA and Audit Closure within SLA,88.07,Escaped Defect Rate,78.1,Teamwork and Professional Communication,54.95,0.9,83.9,Strong,Calculated - Pending Manager Review,2026-08-01
EMP669,Saad Riaz,DEPARTMENT-015,Quality Assurance,Industrial Operations,POS-654,Quality Inspector,Quality Inspector,Junior,Junior/Assistant,PT-QAS-JUNIOR,PC-2025-2026-ANNUAL,2026-08-01,88.63,Strong,87.21,85.43,88.63,2.21,Stable,Test and Inspection Plan Achievement,100.0,Responsibility and Deadline Discipline,94.37,Escaped Defect Rate,85.59,Teamwork and Professional Communication,48.39,0.9,88.3,Strong,Calculated - Pending Manager Review,2026-08-01
EMP670,Kinza Aziz,DEPARTMENT-015,Quality Assurance,Industrial Operations,POS-655,Quality Inspector,Quality Inspector,Junior,Junior/Assistant,PT-QAS-JUNIOR,PC-2025-2026-ANNUAL,2026-08-01,83.62,Strong,81.65,79.44,83.62,0.91,Stable,Attendance and Punctuality,97.05,Escaped Defect Rate,89.05,Learning and Adaptability,70.48,Teamwork and Professional Communication,55.91,0.9,83.8,Strong,Calculated - Pending Manager Review,2026-08-01
EMP671,Kashif Waheed,DEPARTMENT-015,Quality Assurance,Industrial Operations,POS-656,Quality Inspector,Quality Inspector,Junior,Junior/Assistant,PT-QAS-JUNIOR,PC-2025-2026-ANNUAL,2026-08-01,91.52,Exceptional,90.41,89.48,91.52,1.57,Stable,Test and Inspection Plan Achievement,100.0,Responsibility and Deadline Discipline,98.29,Escaped Defect Rate,86.38,Teamwork and Professional Communication,60.93,0.9,93.6,Exceptional,Calculated - Pending Manager Review,2026-08-01
EMP672,Taha Nawaz,DEPARTMENT-015,Quality Assurance,Industrial Operations,POS-657,Quality Inspector,Quality Inspector,Junior,Junior/Assistant,PT-QAS-JUNIOR,PC-2025-2026-ANNUAL,2026-08-01,83.32,Strong,80.86,78.13,83.32,4.02,Improving,Attendance and Punctuality,98.1,CAPA and Audit Closure within SLA,89.35,Learning and Adaptability,80.9,Teamwork and Professional Communication,56.52,0.91,84.3,Strong,Calculated - Pending Manager Review,2026-08-01
EMP673,Noman Javed,DEPARTMENT-015,Quality Assurance,Industrial Operations,POS-658,Quality Assurance Intern,Quality Assurance Intern,Intern,Intern/Trainee,PT-QAS-INTERN,PC-2025-2026-ANNUAL,2026-08-01,87.26,Strong,83.6,80.11,87.26,5.99,Improving,Test and Inspection Plan Achievement,100.0,CAPA and Audit Closure within SLA,100.0,Learning and Adaptability,77.29,Teamwork and Professional Communication,49.85,0.89,91.3,Strong,Calculated - Pending Manager Review,2026-08-01
EMP674,Rabia Ismail,DEPARTMENT-015,Quality Assurance,Industrial Operations,POS-659,Quality Assurance Intern,Quality Assurance Intern,Intern,Intern/Trainee,PT-QAS-INTERN,PC-2025-2026-ANNUAL,2026-08-01,79.39,Meets Expectations,78.81,76.84,80.45,2.63,Stable,Attendance and Punctuality,95.79,Escaped Defect Rate,83.96,Learning and Adaptability,72.75,Teamwork and Professional Communication,62.5,0.9,85.1,Strong,Calculated - Pending Manager Review,2026-08-01
EMP675,Hira Munir,DEPARTMENT-015,Quality Assurance,Industrial Operations,POS-660,Quality Assurance Intern,Quality Assurance Intern,Intern,Intern/Trainee,PT-QAS-INTERN,PC-2025-2026-ANNUAL,2026-08-01,80.12,Strong,80.73,80.06,81.98,-1.61,Stable,Attendance and Punctuality,91.42,Test and Inspection Plan Achievement,86.59,Escaped Defect Rate,68.61,Teamwork and Professional Communication,60.99,0.89,81.8,Effective,Calculated - Pending Manager Review,2026-08-01
EMP676,Fahad Bukhari,DEPARTMENT-016,Research & Development,Technology and Innovation,EXEC-RND-HEAD,Head of Research and Development,Head of Research and Development,Executive,Manager/Head,PT-RND-MANAGER,PC-2025-2026-ANNUAL,2026-08-01,79.5,Meets Expectations,76.47,73.62,79.5,3.66,Improving,Attendance and Punctuality,96.29,Responsibility and Deadline Discipline,89.55,Teamwork and Professional Communication,61.91,Team Leadership and Development,61.42,0.92,85.2,Strong,Calculated - Pending Manager Review,2026-08-01
EMP677,Eman Chaudhry,DEPARTMENT-016,Research & Development,Technology and Innovation,POS-661,Research and Development Manager,Research and Development Manager,Lead/Manager,Manager/Head,PT-RND-MANAGER,PC-2025-2026-ANNUAL,2026-08-01,77.4,Meets Expectations,78.31,77.4,79.8,-1.1,Stable,Attendance and Punctuality,96.51,Innovation and Knowledge Transfer Completion,83.67,Teamwork and Professional Communication,72.01,Team Leadership and Development,67.89,0.91,79.9,Effective,Calculated - Pending Manager Review,2026-08-01
EMP678,Imran Akhtar,DEPARTMENT-016,Research & Development,Technology and Innovation,POS-662,Research and Development Manager,Research and Development Manager,Lead/Manager,Manager/Head,PT-RND-MANAGER,PC-2025-2026-ANNUAL,2026-08-01,76.21,Meets Expectations,73.0,71.75,76.21,2.68,Stable,Attendance and Punctuality,96.51,Experiment Validation Success,85.75,Team Leadership and Development,60.47,Teamwork and Professional Communication,59.82,0.91,78.0,Effective,Calculated - Pending Manager Review,2026-08-01
EMP679,Rabia Latif,DEPARTMENT-016,Research & Development,Technology and Innovation,POS-663,Research and Development Manager,Research and Development Manager,Lead/Manager,Manager/Head,PT-RND-MANAGER,PC-2025-2026-ANNUAL,2026-08-01,77.3,Meets Expectations,79.88,77.3,82.02,-3.1,Declining,Attendance and Punctuality,91.86,Research Milestone Target Achievement,89.23,Team Leadership and Development,58.51,Teamwork and Professional Communication,54.51,0.91,85.0,Strong,Calculated - Pending Manager Review,2026-08-01
EMP680,Ayesha Dar,DEPARTMENT-016,Research & Development,Technology and Innovation,POS-664,Research and Development Manager,Research and Development Manager,Lead/Manager,Manager/Head,PT-RND-MANAGER,PC-2025-2026-ANNUAL,2026-08-01,76.79,Meets Expectations,74.69,72.29,76.79,3.48,Improving,Attendance and Punctuality,93.37,Research Milestone Target Achievement,85.3,Team Leadership and Development,61.44,Teamwork and Professional Communication,58.89,0.91,80.3,Effective,Calculated - Pending Manager Review,2026-08-01
EMP681,Kashif Ejaz,DEPARTMENT-016,Research & Development,Technology and Innovation,POS-665,Research and Development Manager,Research and Development Manager,Lead/Manager,Manager/Head,PT-RND-MANAGER,PC-2025-2026-ANNUAL,2026-08-01,82.05,Strong,81.59,80.13,83.13,-0.78,Stable,Attendance and Punctuality,94.9,Responsibility and Deadline Discipline,93.04,Team Leadership and Development,71.92,Teamwork and Professional Communication,56.08,0.91,85.7,Strong,Calculated - Pending Manager Review,2026-08-01
EMP682,Hira Iqbal,DEPARTMENT-016,Research & Development,Technology and Innovation,POS-666,Research and Development Manager,Research and Development Manager,Lead/Manager,Manager/Head,PT-RND-MANAGER,PC-2025-2026-ANNUAL,2026-08-01,75.89,Meets Expectations,78.52,75.89,82.11,-5.13,Declining,Attendance and Punctuality,94.99,Learning and Adaptability,89.94,Team Leadership and Development,60.82,Teamwork and Professional Communication,58.18,0.92,79.5,Effective,Calculated - Pending Manager Review,2026-08-01
EMP683,Farhan Qureshi,DEPARTMENT-016,Research & Development,Technology and Innovation,POS-667,Senior Research Scientist,Senior Research Scientist,Senior,Senior/Lead,PT-RND-SENIOR,PC-2025-2026-ANNUAL,2026-08-01,80.34,Strong,84.92,80.34,87.99,-5.75,Declining,Attendance and Punctuality,95.87,Innovation and Knowledge Transfer Completion,91.27,Mentoring and Knowledge Transfer,65.18,Teamwork and Professional Communication,54.99,0.92,81.8,Effective,Calculated - Pending Manager Review,2026-08-01
EMP684,Kamran Mirza,DEPARTMENT-016,Research & Development,Technology and Innovation,POS-668,Senior Research Scientist,Senior Research Scientist,Senior,Senior/Lead,PT-RND-SENIOR,PC-2025-2026-ANNUAL,2026-08-01,75.56,Meets Expectations,75.83,73.82,77.55,1.8,Stable,Attendance and Punctuality,95.72,Experiment Validation Success,84.12,Mentoring and Knowledge Transfer,69.7,Teamwork and Professional Communication,65.87,0.91,76.0,Effective,Calculated - Pending Manager Review,2026-08-01
EMP685,Kinza Dar,DEPARTMENT-016,Research & Development,Technology and Innovation,POS-669,Senior Research Scientist,Senior Research Scientist,Senior,Senior/Lead,PT-RND-SENIOR,PC-2025-2026-ANNUAL,2026-08-01,84.85,Strong,82.52,78.77,84.85,3.9,Improving,Research Milestone Target Achievement,100.0,Innovation and Knowledge Transfer Completion,100.0,Mentoring and Knowledge Transfer,61.06,Teamwork and Professional Communication,48.77,0.91,87.7,Strong,Calculated - Pending Manager Review,2026-08-01
EMP686,Usman Hussain,DEPARTMENT-016,Research & Development,Technology and Innovation,POS-670,Senior Research Scientist,Senior Research Scientist,Senior,Senior/Lead,PT-RND-SENIOR,PC-2025-2026-ANNUAL,2026-08-01,79.49,Meets Expectations,78.54,76.72,79.91,2.18,Stable,Attendance and Punctuality,97.93,Innovation and Knowledge Transfer Completion,87.06,Mentoring and Knowledge Transfer,65.84,Teamwork and Professional Communication,48.34,0.91,81.6,Effective,Calculated - Pending Manager Review,2026-08-01
EMP687,Arham Khan,DEPARTMENT-016,Research & Development,Technology and Innovation,POS-671,Senior Research Scientist,Senior Research Scientist,Senior,Senior/Lead,PT-RND-SENIOR,PC-2025-2026-ANNUAL,2026-08-01,74.27,Meets Expectations,76.55,73.38,80.79,-5.67,Declining,Attendance and Punctuality,96.2,Research Milestone Target Achievement,83.81,Experiment Validation Success,62.51,Teamwork and Professional Communication,52.33,0.91,75.4,Effective,Calculated - Pending Manager Review,2026-08-01
EMP688,Hamza Saeed,DEPARTMENT-016,Research & Development,Technology and Innovation,POS-672,Senior Research Scientist,Senior Research Scientist,Senior,Senior/Lead,PT-RND-SENIOR,PC-2025-2026-ANNUAL,2026-08-01,86.61,Strong,82.96,78.43,86.61,6.29,Improving,Research Milestone Target Achievement,100.0,Attendance and Punctuality,97.68,Experiment Validation Success,73.52,Teamwork and Professional Communication,69.17,0.92,88.7,Strong,Calculated - Pending Manager Review,2026-08-01
EMP689,Areeba Latif,DEPARTMENT-016,Research & Development,Technology and Innovation,POS-673,Senior Research Scientist,Senior Research Scientist,Senior,Senior/Lead,PT-RND-SENIOR,PC-2025-2026-ANNUAL,2026-08-01,86.8,Strong,87.21,86.03,88.14,-1.37,Stable,Research Milestone Target Achievement,98.8,Responsibility and Deadline Discipline,95.98,Mentoring and Knowledge Transfer,69.62,Teamwork and Professional Communication,50.44,0.92,87.1,Strong,Calculated - Pending Manager Review,2026-08-01
EMP690,Imran Dar,DEPARTMENT-016,Research & Development,Technology and Innovation,POS-674,Senior Research Scientist,Senior Research Scientist,Senior,Senior/Lead,PT-RND-SENIOR,PC-2025-2026-ANNUAL,2026-08-01,85.62,Strong,85.52,84.88,86.31,-0.2,Stable,Research Milestone Target Achievement,100.0,Innovation and Knowledge Transfer Completion,97.37,Experiment Validation Success,69.56,Teamwork and Professional Communication,68.08,0.91,89.9,Strong,Calculated - Pending Manager Review,2026-08-01
EMP691,Raza Bukhari,DEPARTMENT-016,Research & Development,Technology and Innovation,POS-675,Research Analyst,Research Analyst,Mid,Professional/Mid-level,PT-RND-PROFESSIONAL,PC-2025-2026-ANNUAL,2026-08-01,82.0,Strong,82.05,81.06,82.81,-0.44,Stable,Attendance and Punctuality,91.55,Learning and Adaptability,85.64,Responsibility and Deadline Discipline,78.25,Teamwork and Professional Communication,64.18,0.91,82.8,Strong,Calculated - Pending Manager Review,2026-08-01
EMP692,Amna Yousaf,DEPARTMENT-016,Research & Development,Technology and Innovation,POS-676,Research Analyst,Research Analyst,Mid,Professional/Mid-level,PT-RND-PROFESSIONAL,PC-2025-2026-ANNUAL,2026-08-01,80.9,Strong,78.61,76.58,80.9,3.4,Improving,Attendance and Punctuality,97.74,Learning and Adaptability,85.57,Responsibility and Deadline Discipline,74.75,Teamwork and Professional Communication,57.5,0.9,78.8,Effective,Calculated - Pending Manager Review,2026-08-01
EMP693,Waqas Bukhari,DEPARTMENT-016,Research & Development,Technology and Innovation,POS-677,Research Analyst,Research Analyst,Mid,Professional/Mid-level,PT-RND-PROFESSIONAL,PC-2025-2026-ANNUAL,2026-08-01,88.12,Strong,87.82,85.99,90.1,-1.69,Stable,Research Milestone Target Achievement,94.62,Attendance and Punctuality,92.27,Learning and Adaptability,72.55,Teamwork and Professional Communication,58.12,0.9,86.4,Strong,Calculated - Pending Manager Review,2026-08-01
EMP694,Omar Khan,DEPARTMENT-016,Research & Development,Technology and Innovation,POS-678,Research Analyst,Research Analyst,Mid,Professional/Mid-level,PT-RND-PROFESSIONAL,PC-2025-2026-ANNUAL,2026-08-01,94.23,Exceptional,89.66,84.13,94.23,7.64,Improving,Research Milestone Target Achievement,100.0,Attendance and Punctuality,99.63,Learning and Adaptability,76.4,Teamwork and Professional Communication,67.86,0.91,91.9,Strong,Calculated - Pending Manager Review,2026-08-01
EMP695,Noman Hameed,DEPARTMENT-016,Research & Development,Technology and Innovation,POS-679,Research Analyst,Research Analyst,Mid,Professional/Mid-level,PT-RND-PROFESSIONAL,PC-2025-2026-ANNUAL,2026-08-01,83.27,Strong,79.61,76.87,83.27,4.54,Improving,Attendance and Punctuality,92.43,Learning and Adaptability,91.41,Experiment Validation Success,77.07,Teamwork and Professional Communication,50.52,0.91,83.1,Strong,Calculated - Pending Manager Review,2026-08-01
EMP696,Taha Baig,DEPARTMENT-016,Research & Development,Technology and Innovation,POS-680,Research Analyst,Research Analyst,Mid,Professional/Mid-level,PT-RND-PROFESSIONAL,PC-2025-2026-ANNUAL,2026-08-01,90.08,Exceptional,89.19,88.53,90.08,0.35,Stable,Research Milestone Target Achievement,100.0,Innovation and Knowledge Transfer Completion,100.0,Learning and Adaptability,72.42,Teamwork and Professional Communication,48.69,0.91,88.3,Strong,Calculated - Pending Manager Review,2026-08-01
EMP697,Fahad Khalid,DEPARTMENT-016,Research & Development,Technology and Innovation,POS-681,Research Analyst,Research Analyst,Mid,Professional/Mid-level,PT-RND-PROFESSIONAL,PC-2025-2026-ANNUAL,2026-08-01,74.5,Meets Expectations,69.9,65.29,74.5,7.76,Improving,Attendance and Punctuality,97.12,Innovation and Knowledge Transfer Completion,77.4,Responsibility and Deadline Discipline,69.85,Teamwork and Professional Communication,59.86,0.91,73.0,Effective,Calculated - Pending Manager Review,2026-08-01
EMP698,Amna Siddiqui,DEPARTMENT-016,Research & Development,Technology and Innovation,POS-682,Research Analyst,Research Analyst,Mid,Professional/Mid-level,PT-RND-PROFESSIONAL,PC-2025-2026-ANNUAL,2026-08-01,90.16,Exceptional,89.09,87.18,90.16,1.93,Stable,Research Milestone Target Achievement,100.0,Responsibility and Deadline Discipline,98.16,Learning and Adaptability,62.75,Teamwork and Professional Communication,46.71,0.91,87.3,Strong,Calculated - Pending Manager Review,2026-08-01
EMP699,Maha Shah,DEPARTMENT-016,Research & Development,Technology and Innovation,POS-683,Research Analyst,Research Analyst,Mid,Professional/Mid-level,PT-RND-PROFESSIONAL,PC-2025-2026-ANNUAL,2026-08-01,87.25,Strong,88.12,85.51,91.08,-3.04,Declining,Attendance and Punctuality,95.91,Innovation and Knowledge Transfer Completion,91.46,Experiment Validation Success,82.96,Teamwork and Professional Communication,63.16,0.9,85.4,Strong,Calculated - Pending Manager Review,2026-08-01
EMP700,Eman Ismail,DEPARTMENT-016,Research & Development,Technology and Innovation,POS-684,Research Analyst,Research Analyst,Mid,Professional/Mid-level,PT-RND-PROFESSIONAL,PC-2025-2026-ANNUAL,2026-08-01,84.39,Strong,84.18,82.56,85.91,-1.2,Stable,Attendance and Punctuality,97.89,Research Milestone Target Achievement,95.35,Experiment Validation Success,64.74,Teamwork and Professional Communication,64.28,0.91,84.4,Strong,Calculated - Pending Manager Review,2026-08-01
EMP701,Zainab Faisal,DEPARTMENT-016,Research & Development,Technology and Innovation,POS-685,Research Analyst,Research Analyst,Mid,Professional/Mid-level,PT-RND-PROFESSIONAL,PC-2025-2026-ANNUAL,2026-08-01,76.36,Meets Expectations,74.54,72.1,76.36,2.98,Stable,Attendance and Punctuality,96.36,Experiment Validation Success,82.27,Responsibility and Deadline Discipline,67.72,Teamwork and Professional Communication,58.35,0.92,75.3,Effective,Calculated - Pending Manager Review,2026-08-01
EMP702,Laiba Sultan,DEPARTMENT-016,Research & Development,Technology and Innovation,POS-686,Research Analyst,Research Analyst,Mid,Professional/Mid-level,PT-RND-PROFESSIONAL,PC-2025-2026-ANNUAL,2026-08-01,73.35,Meets Expectations,77.36,73.35,80.37,-4.96,Declining,Attendance and Punctuality,92.96,Experiment Validation Success,78.74,Research Milestone Target Achievement,66.38,Teamwork and Professional Communication,55.97,0.91,73.7,Effective,Calculated - Pending Manager Review,2026-08-01
EMP703,Laiba Baig,DEPARTMENT-016,Research & Development,Technology and Innovation,POS-687,Research Analyst,Research Analyst,Mid,Professional/Mid-level,PT-RND-PROFESSIONAL,PC-2025-2026-ANNUAL,2026-08-01,81.38,Strong,79.0,77.24,81.38,2.34,Stable,Attendance and Punctuality,96.28,Research Milestone Target Achievement,84.32,Responsibility and Deadline Discipline,78.53,Teamwork and Professional Communication,47.55,0.91,78.6,Effective,Calculated - Pending Manager Review,2026-08-01
EMP704,Minal Sultan,DEPARTMENT-016,Research & Development,Technology and Innovation,POS-688,Research Analyst,Research Analyst,Mid,Professional/Mid-level,PT-RND-PROFESSIONAL,PC-2025-2026-ANNUAL,2026-08-01,87.6,Strong,86.09,83.78,88.94,2.7,Stable,Attendance and Punctuality,98.59,Research Milestone Target Achievement,93.17,Learning and Adaptability,77.19,Teamwork and Professional Communication,53.12,0.91,83.4,Strong,Calculated - Pending Manager Review,2026-08-01
EMP705,Taha Akhtar,DEPARTMENT-016,Research & Development,Technology and Innovation,POS-689,Research Associate,Research Associate,Junior,Junior/Assistant,PT-RND-JUNIOR,PC-2025-2026-ANNUAL,2026-08-01,83.5,Strong,82.68,80.87,84.36,1.55,Stable,Research Milestone Target Achievement,95.33,Attendance and Punctuality,93.52,Experiment Validation Success,70.97,Teamwork and Professional Communication,65.39,0.9,85.7,Strong,Calculated - Pending Manager Review,2026-08-01
EMP706,Sidra Mahmood,DEPARTMENT-016,Research & Development,Technology and Innovation,POS-690,Research Associate,Research Associate,Junior,Junior/Assistant,PT-RND-JUNIOR,PC-2025-2026-ANNUAL,2026-08-01,91.85,Exceptional,88.32,84.43,91.85,6.29,Improving,Research Milestone Target Achievement,100.0,Innovation and Knowledge Transfer Completion,98.46,Learning and Adaptability,81.76,Teamwork and Professional Communication,69.26,0.9,94.3,Exceptional,Calculated - Pending Manager Review,2026-08-01
EMP707,Laiba Munir,DEPARTMENT-016,Research & Development,Technology and Innovation,POS-691,Research Associate,Research Associate,Junior,Junior/Assistant,PT-RND-JUNIOR,PC-2025-2026-ANNUAL,2026-08-01,78.39,Meets Expectations,77.28,75.47,78.39,1.17,Stable,Attendance and Punctuality,95.53,Innovation and Knowledge Transfer Completion,81.86,Learning and Adaptability,73.52,Teamwork and Professional Communication,62.35,0.9,79.1,Effective,Calculated - Pending Manager Review,2026-08-01
EMP708,Maryam Akhtar,DEPARTMENT-016,Research & Development,Technology and Innovation,POS-692,Research Associate,Research Associate,Junior,Junior/Assistant,PT-RND-JUNIOR,PC-2025-2026-ANNUAL,2026-08-01,82.25,Strong,79.01,76.4,82.25,3.4,Improving,Research Milestone Target Achievement,90.95,Attendance and Punctuality,90.15,Experiment Validation Success,80.5,Teamwork and Professional Communication,46.18,0.91,80.6,Effective,Calculated - Pending Manager Review,2026-08-01
EMP709,Ayesha Tariq,DEPARTMENT-016,Research & Development,Technology and Innovation,POS-693,Research Associate,Research Associate,Junior,Junior/Assistant,PT-RND-JUNIOR,PC-2025-2026-ANNUAL,2026-08-01,85.93,Strong,83.04,80.52,85.93,3.1,Improving,Attendance and Punctuality,98.8,Research Milestone Target Achievement,95.39,Experiment Validation Success,79.81,Teamwork and Professional Communication,51.55,0.91,82.4,Strong,Calculated - Pending Manager Review,2026-08-01
EMP710,Sara Hameed,DEPARTMENT-016,Research & Development,Technology and Innovation,POS-694,Research Associate,Research Associate,Junior,Junior/Assistant,PT-RND-JUNIOR,PC-2025-2026-ANNUAL,2026-08-01,87.54,Strong,88.68,87.54,89.67,-1.11,Stable,Research Milestone Target Achievement,99.43,Innovation and Knowledge Transfer Completion,96.05,Learning and Adaptability,68.56,Teamwork and Professional Communication,61.09,0.91,87.0,Strong,Calculated - Pending Manager Review,2026-08-01
EMP711,Shahzaib Siddiqui,DEPARTMENT-016,Research & Development,Technology and Innovation,POS-695,Research Associate,Research Associate,Junior,Junior/Assistant,PT-RND-JUNIOR,PC-2025-2026-ANNUAL,2026-08-01,88.0,Strong,86.92,86.06,88.0,1.12,Stable,Research Milestone Target Achievement,100.0,Innovation and Knowledge Transfer Completion,100.0,Learning and Adaptability,73.87,Teamwork and Professional Communication,51.76,0.9,90.3,Strong,Calculated - Pending Manager Review,2026-08-01
EMP712,Minal Hussain,DEPARTMENT-016,Research & Development,Technology and Innovation,POS-696,Research Associate,Research Associate,Junior,Junior/Assistant,PT-RND-JUNIOR,PC-2025-2026-ANNUAL,2026-08-01,82.23,Strong,82.94,81.96,83.6,-0.72,Stable,Attendance and Punctuality,94.5,Innovation and Knowledge Transfer Completion,86.74,Learning and Adaptability,76.83,Teamwork and Professional Communication,72.01,0.9,85.7,Strong,Calculated - Pending Manager Review,2026-08-01
EMP713,Kashif Qureshi,DEPARTMENT-016,Research & Development,Technology and Innovation,POS-697,Research Associate,Research Associate,Junior,Junior/Assistant,PT-RND-JUNIOR,PC-2025-2026-ANNUAL,2026-08-01,91.84,Exceptional,90.9,89.65,91.97,1.94,Stable,Research Milestone Target Achievement,100.0,Innovation and Knowledge Transfer Completion,100.0,Experiment Validation Success,87.12,Teamwork and Professional Communication,62.07,0.9,95.6,Exceptional,Calculated - Pending Manager Review,2026-08-01
EMP714,Maryam Ejaz,DEPARTMENT-016,Research & Development,Technology and Innovation,POS-698,Research Associate,Research Associate,Junior,Junior/Assistant,PT-RND-JUNIOR,PC-2025-2026-ANNUAL,2026-08-01,83.81,Strong,81.6,79.1,84.61,4.59,Improving,Attendance and Punctuality,94.17,Innovation and Knowledge Transfer Completion,92.52,Learning and Adaptability,80.06,Teamwork and Professional Communication,63.0,0.9,86.5,Strong,Calculated - Pending Manager Review,2026-08-01
EMP715,Ali Munir,DEPARTMENT-016,Research & Development,Technology and Innovation,POS-699,Research Associate,Research Associate,Junior,Junior/Assistant,PT-RND-JUNIOR,PC-2025-2026-ANNUAL,2026-08-01,87.54,Strong,86.77,85.21,87.73,-0.19,Stable,Research Milestone Target Achievement,100.0,Attendance and Punctuality,95.54,Learning and Adaptability,76.76,Teamwork and Professional Communication,59.59,0.91,89.2,Strong,Calculated - Pending Manager Review,2026-08-01
EMP716,Saba Awan,DEPARTMENT-016,Research & Development,Technology and Innovation,POS-700,Research Associate,Research Associate,Junior,Junior/Assistant,PT-RND-JUNIOR,PC-2025-2026-ANNUAL,2026-08-01,88.33,Strong,85.52,82.82,88.33,4.15,Improving,Research Milestone Target Achievement,98.47,Attendance and Punctuality,97.74,Experiment Validation Success,80.5,Teamwork and Professional Communication,60.26,0.9,88.0,Strong,Calculated - Pending Manager Review,2026-08-01
EMP717,Minal Hameed,DEPARTMENT-016,Research & Development,Technology and Innovation,POS-701,Research Associate,Research Associate,Junior,Junior/Assistant,PT-RND-JUNIOR,PC-2025-2026-ANNUAL,2026-08-01,81.43,Strong,83.5,81.26,85.72,-3.67,Declining,Attendance and Punctuality,96.81,Learning and Adaptability,94.37,Experiment Validation Success,76.38,Teamwork and Professional Communication,60.52,0.9,82.0,Strong,Calculated - Pending Manager Review,2026-08-01
EMP718,Laiba Ansari,DEPARTMENT-016,Research & Development,Technology and Innovation,POS-702,Research Intern,Research Intern,Intern,Intern/Trainee,PT-RND-INTERN,PC-2025-2026-ANNUAL,2026-08-01,83.72,Strong,84.01,83.01,84.67,-0.64,Stable,Research Milestone Target Achievement,100.0,Responsibility and Deadline Discipline,94.36,Learning and Adaptability,74.2,Teamwork and Professional Communication,50.0,0.9,85.7,Strong,Calculated - Pending Manager Review,2026-08-01
EMP719,Mahnoor Sultan,DEPARTMENT-016,Research & Development,Technology and Innovation,POS-703,Research Intern,Research Intern,Intern,Intern/Trainee,PT-RND-INTERN,PC-2025-2026-ANNUAL,2026-08-01,87.57,Strong,87.04,85.99,87.7,-0.25,Stable,Research Milestone Target Achievement,100.0,Innovation and Knowledge Transfer Completion,97.23,Experiment Validation Success,72.71,Teamwork and Professional Communication,67.0,0.88,91.2,Strong,Calculated - Pending Manager Review,2026-08-01
EMP720,Fahad Awan,DEPARTMENT-016,Research & Development,Technology and Innovation,POS-704,Research Intern,Research Intern,Intern,Intern/Trainee,PT-RND-INTERN,PC-2025-2026-ANNUAL,2026-08-01,78.76,Meets Expectations,78.94,78.35,80.16,-0.59,Stable,Attendance and Punctuality,96.81,Innovation and Knowledge Transfer Completion,81.07,Experiment Validation Success,75.19,Teamwork and Professional Communication,57.53,0.89,80.2,Effective,Calculated - Pending Manager Review,2026-08-01
