Learning_Record_ID,Employee_ID,Employee_Name,Department_ID,Department,Position_ID,Position_Title,Role_Band,Course_ID,Course_Name,Course_Level,Skill_ID,Skill_Name,Current_Proficiency_Level,Current_Skill_Score,Certification_Status,Learning_Status,Completion_Date,Position_Required_Skill,History_Basis,Record_Source,Is_Actual_LMS_Record,Data_As_Of_Date
LEARN-EMP631-COURSE-S095-ADV,EMP631,Noman Tariq,DEPARTMENT-015,Quality Assurance,EXEC-QAS-HEAD,Head of Quality Assurance,Manager/Head,COURSE-S095-ADV,Advanced Statistical Process Control and Continuous Improvement,Advanced,S095,Statistical Process Control,5,93.9,Certified,Completed,2025-02-15,Yes,"Derived from actual role=Manager/Head, skill proficiency=5/5, skill score=93.9, certification=Certified, skill status=Current.",DERIVED_DEMO_FROM_EXISTING_EMPLOYEE_DATA,No,2026-08-01
LEARN-EMP631-COURSE-S092-ADV,EMP631,Noman Tariq,DEPARTMENT-015,Quality Assurance,EXEC-QAS-HEAD,Head of Quality Assurance,Manager/Head,COURSE-S092-ADV,Advanced Quality Auditing and Continuous Improvement,Advanced,S092,Quality Auditing,5,100.0,Planned,Completed,2025-02-15,Yes,"Derived from actual role=Manager/Head, skill proficiency=5/5, skill score=100.0, certification=Planned, skill status=Current.",DERIVED_DEMO_FROM_EXISTING_EMPLOYEE_DATA,No,2026-08-01
LEARN-EMP631-COURSE-S022-PRC,EMP631,Noman Tariq,DEPARTMENT-015,Quality Assurance,EXEC-QAS-HEAD,Head of Quality Assurance,Manager/Head,COURSE-S022-PRC,Applied Quality Control,Practitioner,S022,Quality Control,4,76.0,Not Required,Completed,2024-03-15,Yes,"Derived from actual role=Manager/Head, skill proficiency=4/5, skill score=76.0, certification=Not Required, skill status=Current.",DERIVED_DEMO_FROM_EXISTING_EMPLOYEE_DATA,No,2026-08-01
LEARN-EMP411-COURSE-S067-ADV,EMP411,Hamza Habib,DEPARTMENT-010,Administration & Facilities,POS-401,Administration Manager,Manager/Head,COURSE-S067-ADV,Advanced Facilities Management and Decision Practice,Advanced,S067,Facilities Management,5,94.2,Not Required,Completed,2026-03-15,Yes,"Derived from actual role=Manager/Head, skill proficiency=5/5, skill score=94.2, certification=Not Required, skill status=Current.",DERIVED_DEMO_FROM_EXISTING_EMPLOYEE_DATA,No,2026-08-01
LEARN-EMP411-COURSE-S066-ADV,EMP411,Hamza Habib,DEPARTMENT-010,Administration & Facilities,POS-401,Administration Manager,Manager/Head,COURSE-S066-ADV,Advanced Office Administration and Decision Practice,Advanced,S066,Office Administration,5,90.5,Not Required,Completed,2024-08-15,Yes,"Derived from actual role=Manager/Head, skill proficiency=5/5, skill score=90.5, certification=Not Required, skill status=Current.",DERIVED_DEMO_FROM_EXISTING_EMPLOYEE_DATA,No,2026-08-01
LEARN-EMP411-COURSE-S046-ADV,EMP411,Hamza Habib,DEPARTMENT-010,Administration & Facilities,POS-401,Administration Manager,Manager/Head,COURSE-S046-ADV,Advanced Leadership for Professional Growth,Advanced,S046,Leadership,5,92.3,Certified,Completed,2025-08-15,No,"Derived from actual role=Manager/Head, skill proficiency=5/5, skill score=92.3, certification=Certified, skill status=Current.",DERIVED_DEMO_FROM_EXISTING_EMPLOYEE_DATA,No,2026-08-01
LEARN-EMP702-COURSE-S045-ADV,EMP702,Laiba Sultan,DEPARTMENT-016,Research & Development,POS-686,Research Analyst,Professional/Mid-level,COURSE-S045-ADV,Advanced Stakeholder Management for Professional Growth,Advanced,S045,Stakeholder Management,5,100.0,Certified,Completed,2024-03-15,No,"Derived from actual role=Professional/Mid-level, skill proficiency=5/5, skill score=100.0, certification=Certified, skill status=Current.",DERIVED_DEMO_FROM_EXISTING_EMPLOYEE_DATA,No,2026-08-01
LEARN-EMP702-COURSE-S049-ADV,EMP702,Laiba Sultan,DEPARTMENT-016,Research & Development,POS-686,Research Analyst,Professional/Mid-level,COURSE-S049-ADV,Advanced Data Analysis and Decision Practice,Advanced,S049,Data Analysis,4,84.8,Planned,Completed,2024-01-15,Yes,"Derived from actual role=Professional/Mid-level, skill proficiency=4/5, skill score=84.8, certification=Planned, skill status=Current.",DERIVED_DEMO_FROM_EXISTING_EMPLOYEE_DATA,No,2026-08-01
LEARN-EMP688-COURSE-S097-ADV,EMP688,Hamza Saeed,DEPARTMENT-016,Research & Development,POS-672,Senior Research Scientist,Senior/Lead,COURSE-S097-ADV,Advanced Experimental Design and Innovation Practice,Advanced,S097,Experimental Design,5,97.0,Not Required,Completed,2025-08-15,Yes,"Derived from actual role=Senior/Lead, skill proficiency=5/5, skill score=97.0, certification=Not Required, skill status=Current.",DERIVED_DEMO_FROM_EXISTING_EMPLOYEE_DATA,No,2026-08-01
LEARN-EMP688-COURSE-S049-ADV,EMP688,Hamza Saeed,DEPARTMENT-016,Research & Development,POS-672,Senior Research Scientist,Senior/Lead,COURSE-S049-ADV,Advanced Data Analysis and Decision Practice,Advanced,S049,Data Analysis,5,96.7,Not Required,Completed,2025-01-15,Yes,"Derived from actual role=Senior/Lead, skill proficiency=5/5, skill score=96.7, certification=Not Required, skill status=Current.",DERIVED_DEMO_FROM_EXISTING_EMPLOYEE_DATA,No,2026-08-01
LEARN-EMP333-COURSE-S054-PRC,EMP333,Bilal Zafar,DEPARTMENT-008,Medical Care,POS-325,Medical Officer,Professional/Mid-level,COURSE-S054-PRC,Applied Clinical Assessment in Clinical Practice,Practitioner,S054,Clinical Assessment,3,78.9,Certified,Completed,2025-04-15,Yes,"Derived from actual role=Professional/Mid-level, skill proficiency=3/5, skill score=78.9, certification=Certified, skill status=Current.",DERIVED_DEMO_FROM_EXISTING_EMPLOYEE_DATA,No,2026-08-01
LEARN-EMP333-COURSE-S058-ADV,EMP333,Bilal Zafar,DEPARTMENT-008,Medical Care,POS-325,Medical Officer,Professional/Mid-level,COURSE-S058-ADV,Advanced Infection Prevention and Patient Safety,Advanced,S058,Infection Prevention,4,93.4,Planned,Completed,2025-01-15,Yes,"Derived from actual role=Professional/Mid-level, skill proficiency=4/5, skill score=93.4, certification=Planned, skill status=Current.",DERIVED_DEMO_FROM_EXISTING_EMPLOYEE_DATA,No,2026-08-01
LEARN-EMP283-COURSE-S021-ADV,EMP283,Komal Baig,DEPARTMENT-006,Operations,POS-277,Senior Operations Officer,Senior/Lead,COURSE-S021-ADV,Advanced Process Improvement and Decision Practice,Advanced,S021,Process Improvement,5,100.0,Certified,Completed,2024-04-15,Yes,"Derived from actual role=Senior/Lead, skill proficiency=5/5, skill score=100.0, certification=Certified, skill status=Current.",DERIVED_DEMO_FROM_EXISTING_EMPLOYEE_DATA,No,2026-08-01
LEARN-EMP283-COURSE-S019-FND,EMP283,Komal Baig,DEPARTMENT-006,Operations,POS-277,Senior Operations Officer,Senior/Lead,COURSE-S019-FND,Process Management Fundamentals,Foundation,S019,Process Management,3,66.3,Certified,Completed,2026-06-15,Yes,"Derived from actual role=Senior/Lead, skill proficiency=3/5, skill score=66.3, certification=Certified, skill status=Current.",DERIVED_DEMO_FROM_EXISTING_EMPLOYEE_DATA,No,2026-08-01
LEARN-EMP044-COURSE-S026-PRC,EMP044,Hafsa Khan,DEPARTMENT-002,Finance,POS-044,Financial Analyst,Professional/Mid-level,COURSE-S026-PRC,Applied Accounting & Reconciliation,Practitioner,S026,Accounting & Reconciliation,4,75.9,Not Required,Completed,2026-02-15,Yes,"Derived from actual role=Professional/Mid-level, skill proficiency=4/5, skill score=75.9, certification=Not Required, skill status=Verified.",DERIVED_DEMO_FROM_EXISTING_EMPLOYEE_DATA,No,2026-08-01
LEARN-EMP044-COURSE-S025-PRC,EMP044,Hafsa Khan,DEPARTMENT-002,Finance,POS-044,Financial Analyst,Professional/Mid-level,COURSE-S025-PRC,Applied Financial Analysis,Practitioner,S025,Financial Analysis,4,70.7,Certification Planned,Completed,2024-08-15,Yes,"Derived from actual role=Professional/Mid-level, skill proficiency=4/5, skill score=70.7, certification=Certification Planned, skill status=Verified.",DERIVED_DEMO_FROM_EXISTING_EMPLOYEE_DATA,No,2026-08-01
LEARN-EMP171-COURSE-S050-ADV,EMP171,Usman Ullah,DEPARTMENT-007,IT,POS-171,IT Operations Manager,Manager/Head,COURSE-S050-ADV,Advanced Project Management for Professional Growth,Advanced,S050,Project Management,5,87.7,Certified,Completed,2025-02-15,Yes,"Derived from actual role=Manager/Head, skill proficiency=5/5, skill score=87.7, certification=Certified, skill status=Developing.",DERIVED_DEMO_FROM_EXISTING_EMPLOYEE_DATA,No,2026-08-01
LEARN-EMP171-COURSE-S045-ADV,EMP171,Usman Ullah,DEPARTMENT-007,IT,POS-171,IT Operations Manager,Manager/Head,COURSE-S045-ADV,Advanced Stakeholder Management for Professional Growth,Advanced,S045,Stakeholder Management,5,89.6,Not Required,Completed,2026-07-15,Yes,"Derived from actual role=Manager/Head, skill proficiency=5/5, skill score=89.6, certification=Not Required, skill status=Verified.",DERIVED_DEMO_FROM_EXISTING_EMPLOYEE_DATA,No,2026-08-01
LEARN-EMP171-COURSE-S046-ADV,EMP171,Usman Ullah,DEPARTMENT-007,IT,POS-171,IT Operations Manager,Manager/Head,COURSE-S046-ADV,Advanced Leadership for Professional Growth,Advanced,S046,Leadership,5,88.6,Not Required,Completed,2024-02-15,Yes,"Derived from actual role=Manager/Head, skill proficiency=5/5, skill score=88.6, certification=Not Required, skill status=Developing.",DERIVED_DEMO_FROM_EXISTING_EMPLOYEE_DATA,No,2026-08-01
LEARN-EMP564-COURSE-S083-PRC,EMP564,Adnan Zafar,DEPARTMENT-013,Logistics & Warehouse,POS-551,Logistics Coordinator,Professional/Mid-level,COURSE-S083-PRC,Applied Inventory Control,Practitioner,S083,Inventory Control,4,77.4,Certified,Completed,2025-05-15,Yes,"Derived from actual role=Professional/Mid-level, skill proficiency=4/5, skill score=77.4, certification=Certified, skill status=Current.",DERIVED_DEMO_FROM_EXISTING_EMPLOYEE_DATA,No,2026-08-01
LEARN-EMP564-COURSE-S086-ADV,EMP564,Adnan Zafar,DEPARTMENT-013,Logistics & Warehouse,POS-551,Logistics Coordinator,Professional/Mid-level,COURSE-S086-ADV,Advanced Dispatch Coordination and Decision Practice,Advanced,S086,Dispatch Coordination,5,99.7,Not Required,Completed,2026-08-15,Yes,"Derived from actual role=Professional/Mid-level, skill proficiency=5/5, skill score=99.7, certification=Not Required, skill status=Current.",DERIVED_DEMO_FROM_EXISTING_EMPLOYEE_DATA,No,2026-08-01
LEARN-EMP210-COURSE-S031-ADV,EMP210,Maha Latif,DEPARTMENT-001,HR,POS-209,HR Officer,Professional/Mid-level,COURSE-S031-ADV,Advanced Recruitment & Selection and Decision Practice,Advanced,S031,Recruitment & Selection,5,100.0,Not Required,Completed,2025-05-15,Yes,"Derived from actual role=Professional/Mid-level, skill proficiency=5/5, skill score=100.0, certification=Not Required, skill status=Current.",DERIVED_DEMO_FROM_EXISTING_EMPLOYEE_DATA,No,2026-08-01
LEARN-EMP210-COURSE-S032-ADV,EMP210,Maha Latif,DEPARTMENT-001,HR,POS-209,HR Officer,Professional/Mid-level,COURSE-S032-ADV,Advanced HRIS & Employee Data and Decision Practice,Advanced,S032,HRIS & Employee Data,5,94.9,Not Required,Completed,2024-08-15,Yes,"Derived from actual role=Professional/Mid-level, skill proficiency=5/5, skill score=94.9, certification=Not Required, skill status=Current.",DERIVED_DEMO_FROM_EXISTING_EMPLOYEE_DATA,No,2026-08-01
LEARN-EMP587-COURSE-S046-ADV,EMP587,Noman Baig,DEPARTMENT-014,Production & Manufacturing,POS-573,Production Manager,Manager/Head,COURSE-S046-ADV,Advanced Leadership for Professional Growth,Advanced,S046,Leadership,5,99.3,Certified,Completed,2025-04-15,No,"Derived from actual role=Manager/Head, skill proficiency=5/5, skill score=99.3, certification=Certified, skill status=Current.",DERIVED_DEMO_FROM_EXISTING_EMPLOYEE_DATA,No,2026-08-01
LEARN-EMP587-COURSE-S043-ADV,EMP587,Noman Baig,DEPARTMENT-014,Production & Manufacturing,POS-573,Production Manager,Manager/Head,COURSE-S043-ADV,Advanced Teamwork for Professional Growth,Advanced,S043,Teamwork,5,100.0,Not Required,Completed,2025-05-15,No,"Derived from actual role=Manager/Head, skill proficiency=5/5, skill score=100.0, certification=Not Required, skill status=Current.",DERIVED_DEMO_FROM_EXISTING_EMPLOYEE_DATA,No,2026-08-01
LEARN-EMP587-COURSE-S091-PRC,EMP587,Noman Baig,DEPARTMENT-014,Production & Manufacturing,POS-573,Production Manager,Manager/Head,COURSE-S091-PRC,Applied Lean Manufacturing in Operations,Practitioner,S091,Lean Manufacturing,3,89.0,Not Required,Completed,2026-08-15,Yes,"Derived from actual role=Manager/Head, skill proficiency=3/5, skill score=89.0, certification=Not Required, skill status=Current.",DERIVED_DEMO_FROM_EXISTING_EMPLOYEE_DATA,No,2026-08-01
LEARN-EMP365-COURSE-S045-ADV,EMP365,Noor Raza,DEPARTMENT-009,Training & Development,POS-356,Training Manager,Manager/Head,COURSE-S045-ADV,Advanced Stakeholder Management for Professional Growth,Advanced,S045,Stakeholder Management,5,93.9,Certified,Completed,2025-03-15,No,"Derived from actual role=Manager/Head, skill proficiency=5/5, skill score=93.9, certification=Certified, skill status=Current.",DERIVED_DEMO_FROM_EXISTING_EMPLOYEE_DATA,No,2026-08-01
LEARN-EMP365-COURSE-S047-ADV,EMP365,Noor Raza,DEPARTMENT-009,Training & Development,POS-356,Training Manager,Manager/Head,COURSE-S047-ADV,Advanced Coaching & Mentoring for Professional Growth,Advanced,S047,Coaching & Mentoring,5,89.9,Not Required,Completed,2024-05-15,No,"Derived from actual role=Manager/Head, skill proficiency=5/5, skill score=89.9, certification=Not Required, skill status=Current.",DERIVED_DEMO_FROM_EXISTING_EMPLOYEE_DATA,No,2026-08-01
LEARN-EMP365-COURSE-S063-PRC,EMP365,Noor Raza,DEPARTMENT-009,Training & Development,POS-356,Training Manager,Manager/Head,COURSE-S063-PRC,Applied Facilitation for Learning Delivery,Practitioner,S063,Facilitation,3,78.3,Not Required,Completed,2025-01-15,Yes,"Derived from actual role=Manager/Head, skill proficiency=3/5, skill score=78.3, certification=Not Required, skill status=Current.",DERIVED_DEMO_FROM_EXISTING_EMPLOYEE_DATA,No,2026-08-01
LEARN-EMP507-COURSE-S078-ADV,EMP507,Minal Malik,DEPARTMENT-012,Procurement & Supply Chain,POS-495,Senior Procurement Specialist,Senior/Lead,COURSE-S078-ADV,Advanced Supplier Management and Decision Practice,Advanced,S078,Supplier Management,5,100.0,Not Required,Completed,2025-05-15,Yes,"Derived from actual role=Senior/Lead, skill proficiency=5/5, skill score=100.0, certification=Not Required, skill status=Current.",DERIVED_DEMO_FROM_EXISTING_EMPLOYEE_DATA,No,2026-08-01
LEARN-EMP507-COURSE-S076-PRC,EMP507,Minal Malik,DEPARTMENT-012,Procurement & Supply Chain,POS-495,Senior Procurement Specialist,Senior/Lead,COURSE-S076-PRC,Applied Strategic Sourcing,Practitioner,S076,Strategic Sourcing,4,81.6,Not Required,Completed,2025-02-15,Yes,"Derived from actual role=Senior/Lead, skill proficiency=4/5, skill score=81.6, certification=Not Required, skill status=Current.",DERIVED_DEMO_FROM_EXISTING_EMPLOYEE_DATA,No,2026-08-01
LEARN-EMP682-COURSE-S049-ADV,EMP682,Hira Iqbal,DEPARTMENT-016,Research & Development,POS-666,Research and Development Manager,Manager/Head,COURSE-S049-ADV,Advanced Data Analysis and Decision Practice,Advanced,S049,Data Analysis,5,93.5,Certified,Completed,2026-06-15,Yes,"Derived from actual role=Manager/Head, skill proficiency=5/5, skill score=93.5, certification=Certified, skill status=Current.",DERIVED_DEMO_FROM_EXISTING_EMPLOYEE_DATA,No,2026-08-01
LEARN-EMP682-COURSE-S099-PRC,EMP682,Hira Iqbal,DEPARTMENT-016,Research & Development,POS-666,Research and Development Manager,Manager/Head,COURSE-S099-PRC,Applied Innovation Management for R&D,Practitioner,S099,Innovation Management,3,81.0,Planned,Completed,2026-05-15,Yes,"Derived from actual role=Manager/Head, skill proficiency=3/5, skill score=81.0, certification=Planned, skill status=Current.",DERIVED_DEMO_FROM_EXISTING_EMPLOYEE_DATA,No,2026-08-01
LEARN-EMP682-COURSE-S044-ADV,EMP682,Hira Iqbal,DEPARTMENT-016,Research & Development,POS-666,Research and Development Manager,Manager/Head,COURSE-S044-ADV,Advanced Problem Solving for Professional Growth,Advanced,S044,Problem Solving,5,100.0,Not Required,Completed,2025-02-15,No,"Derived from actual role=Manager/Head, skill proficiency=5/5, skill score=100.0, certification=Not Required, skill status=Current.",DERIVED_DEMO_FROM_EXISTING_EMPLOYEE_DATA,No,2026-08-01
LEARN-EMP146-COURSE-S029-ADV,EMP146,Talha Khan,DEPARTMENT-002,Finance,POS-146,Financial Analyst,Professional/Mid-level,COURSE-S029-ADV,Advanced Advanced Excel and Decision Practice,Advanced,S029,Advanced Excel,4,83.6,Certified,Completed,2024-05-15,Yes,"Derived from actual role=Professional/Mid-level, skill proficiency=4/5, skill score=83.6, certification=Certified, skill status=Verified.",DERIVED_DEMO_FROM_EXISTING_EMPLOYEE_DATA,No,2026-08-01
LEARN-EMP146-COURSE-S026-PRC,EMP146,Talha Khan,DEPARTMENT-002,Finance,POS-146,Financial Analyst,Professional/Mid-level,COURSE-S026-PRC,Applied Accounting & Reconciliation,Practitioner,S026,Accounting & Reconciliation,4,73.7,Not Required,Completed,2025-04-15,Yes,"Derived from actual role=Professional/Mid-level, skill proficiency=4/5, skill score=73.7, certification=Not Required, skill status=Verified.",DERIVED_DEMO_FROM_EXISTING_EMPLOYEE_DATA,No,2026-08-01
LEARN-EMP368-COURSE-S061-PRC,EMP368,Saba Hashmi,DEPARTMENT-009,Training & Development,POS-359,Senior Trainer,Senior/Lead,COURSE-S061-PRC,Applied Training Needs Analysis for Learning Delivery,Practitioner,S061,Training Needs Analysis,5,76.4,Certified,Completed,2026-02-15,Yes,"Derived from actual role=Senior/Lead, skill proficiency=5/5, skill score=76.4, certification=Certified, skill status=Current.",DERIVED_DEMO_FROM_EXISTING_EMPLOYEE_DATA,No,2026-08-01
LEARN-EMP368-COURSE-S064-ADV,EMP368,Saba Hashmi,DEPARTMENT-009,Training & Development,POS-359,Senior Trainer,Senior/Lead,COURSE-S064-ADV,Advanced Learning Evaluation and Learning Impact,Advanced,S064,Learning Evaluation,4,88.5,Not Required,Completed,2026-08-15,Yes,"Derived from actual role=Senior/Lead, skill proficiency=4/5, skill score=88.5, certification=Not Required, skill status=Current.",DERIVED_DEMO_FROM_EXISTING_EMPLOYEE_DATA,No,2026-08-01
LEARN-EMP230-COURSE-S026-ADV,EMP230,Saba Nadeem,DEPARTMENT-002,Finance,POS-228,Finance Manager,Manager/Head,COURSE-S026-ADV,Advanced Accounting & Reconciliation and Decision Practice,Advanced,S026,Accounting & Reconciliation,5,99.1,Not Required,Completed,2025-01-15,Yes,"Derived from actual role=Manager/Head, skill proficiency=5/5, skill score=99.1, certification=Not Required, skill status=Current.",DERIVED_DEMO_FROM_EXISTING_EMPLOYEE_DATA,No,2026-08-01
LEARN-EMP230-COURSE-S027-ADV,EMP230,Saba Nadeem,DEPARTMENT-002,Finance,POS-228,Finance Manager,Manager/Head,COURSE-S027-ADV,Advanced Budgeting & Forecasting and Decision Practice,Advanced,S027,Budgeting & Forecasting,5,100.0,Not Required,Completed,2025-04-15,Yes,"Derived from actual role=Manager/Head, skill proficiency=5/5, skill score=100.0, certification=Not Required, skill status=Current.",DERIVED_DEMO_FROM_EXISTING_EMPLOYEE_DATA,No,2026-08-01
LEARN-EMP230-COURSE-S028-ADV,EMP230,Saba Nadeem,DEPARTMENT-002,Finance,POS-228,Finance Manager,Manager/Head,COURSE-S028-ADV,Advanced Regulatory Reporting and Decision Practice,Advanced,S028,Regulatory Reporting,5,97.4,Not Required,Completed,2025-02-15,Yes,"Derived from actual role=Manager/Head, skill proficiency=5/5, skill score=97.4, certification=Not Required, skill status=Current.",DERIVED_DEMO_FROM_EXISTING_EMPLOYEE_DATA,No,2026-08-01
LEARN-EMP278-COURSE-S023-ADV,EMP278,Kinza Mirza,DEPARTMENT-006,Operations,POS-272,Operations Manager,Manager/Head,COURSE-S023-ADV,Advanced Risk & Controls and Decision Practice,Advanced,S023,Risk & Controls,5,92.6,Certified,Completed,2024-07-15,Yes,"Derived from actual role=Manager/Head, skill proficiency=5/5, skill score=92.6, certification=Certified, skill status=Current.",DERIVED_DEMO_FROM_EXISTING_EMPLOYEE_DATA,No,2026-08-01
LEARN-EMP278-COURSE-S021-ADV,EMP278,Kinza Mirza,DEPARTMENT-006,Operations,POS-272,Operations Manager,Manager/Head,COURSE-S021-ADV,Advanced Process Improvement and Decision Practice,Advanced,S021,Process Improvement,4,85.6,Not Required,Completed,2025-03-15,Yes,"Derived from actual role=Manager/Head, skill proficiency=4/5, skill score=85.6, certification=Not Required, skill status=Current.",DERIVED_DEMO_FROM_EXISTING_EMPLOYEE_DATA,No,2026-08-01
LEARN-EMP278-COURSE-S044-ADV,EMP278,Kinza Mirza,DEPARTMENT-006,Operations,POS-272,Operations Manager,Manager/Head,COURSE-S044-ADV,Advanced Problem Solving for Professional Growth,Advanced,S044,Problem Solving,5,93.5,Planned,Completed,2024-02-15,No,"Derived from actual role=Manager/Head, skill proficiency=5/5, skill score=93.5, certification=Planned, skill status=Current.",DERIVED_DEMO_FROM_EXISTING_EMPLOYEE_DATA,No,2026-08-01
LEARN-EMP680-COURSE-S096-ADV,EMP680,Ayesha Dar,DEPARTMENT-016,Research & Development,POS-664,Research and Development Manager,Manager/Head,COURSE-S096-ADV,Advanced Research Methodology and Innovation Practice,Advanced,S096,Research Methodology,4,83.7,Not Required,Completed,2025-04-15,Yes,"Derived from actual role=Manager/Head, skill proficiency=4/5, skill score=83.7, certification=Not Required, skill status=Current.",DERIVED_DEMO_FROM_EXISTING_EMPLOYEE_DATA,No,2026-08-01
LEARN-EMP680-COURSE-S044-ADV,EMP680,Ayesha Dar,DEPARTMENT-016,Research & Development,POS-664,Research and Development Manager,Manager/Head,COURSE-S044-ADV,Advanced Problem Solving for Professional Growth,Advanced,S044,Problem Solving,5,98.2,Planned,Completed,2024-07-15,No,"Derived from actual role=Manager/Head, skill proficiency=5/5, skill score=98.2, certification=Planned, skill status=Current.",DERIVED_DEMO_FROM_EXISTING_EMPLOYEE_DATA,No,2026-08-01
LEARN-EMP680-COURSE-S046-ADV,EMP680,Ayesha Dar,DEPARTMENT-016,Research & Development,POS-664,Research and Development Manager,Manager/Head,COURSE-S046-ADV,Advanced Leadership for Professional Growth,Advanced,S046,Leadership,5,88.2,Not Required,Completed,2025-01-15,No,"Derived from actual role=Manager/Head, skill proficiency=5/5, skill score=88.2, certification=Not Required, skill status=Current.",DERIVED_DEMO_FROM_EXISTING_EMPLOYEE_DATA,No,2026-08-01
LEARN-EMP532-COURSE-S078-FND,EMP532,Nida Habib,DEPARTMENT-012,Procurement & Supply Chain,POS-520,Procurement Assistant,Junior/Assistant,COURSE-S078-FND,Supplier Management Fundamentals,Foundation,S078,Supplier Management,2,60.6,Certified,Completed,2025-01-15,Yes,"Derived from actual role=Junior/Assistant, skill proficiency=2/5, skill score=60.6, certification=Certified, skill status=Developing.",DERIVED_DEMO_FROM_EXISTING_EMPLOYEE_DATA,No,2026-08-01
LEARN-EMP455-COURSE-S071-ADV,EMP455,Adnan Saeed,DEPARTMENT-011,Legal & Compliance,POS-444,Legal and Compliance Manager,Manager/Head,COURSE-S071-ADV,Advanced Contract Review and Decision Practice,Advanced,S071,Contract Review,5,98.7,Certified,Completed,2025-03-15,Yes,"Derived from actual role=Manager/Head, skill proficiency=5/5, skill score=98.7, certification=Certified, skill status=Current.",DERIVED_DEMO_FROM_EXISTING_EMPLOYEE_DATA,No,2026-08-01
LEARN-EMP455-COURSE-S075-PRC,EMP455,Adnan Saeed,DEPARTMENT-011,Legal & Compliance,POS-444,Legal and Compliance Manager,Manager/Head,COURSE-S075-PRC,Applied Case Management,Practitioner,S075,Case Management,3,73.6,Certified,Completed,2026-05-15,Yes,"Derived from actual role=Manager/Head, skill proficiency=3/5, skill score=73.6, certification=Certified, skill status=Current.",DERIVED_DEMO_FROM_EXISTING_EMPLOYEE_DATA,No,2026-08-01
LEARN-EMP455-COURSE-S042-ADV,EMP455,Adnan Saeed,DEPARTMENT-011,Legal & Compliance,POS-444,Legal and Compliance Manager,Manager/Head,COURSE-S042-ADV,Advanced Communication for Professional Growth,Advanced,S042,Communication,5,93.2,Not Required,Completed,2025-01-15,No,"Derived from actual role=Manager/Head, skill proficiency=5/5, skill score=93.2, certification=Not Required, skill status=Current.",DERIVED_DEMO_FROM_EXISTING_EMPLOYEE_DATA,No,2026-08-01
LEARN-EMP533-COURSE-S077-PRC,EMP533,Nida Nadeem,DEPARTMENT-012,Procurement & Supply Chain,POS-521,Procurement Assistant,Junior/Assistant,COURSE-S077-PRC,Applied Purchase Order Management,Practitioner,S077,Purchase Order Management,4,79.5,Planned,Completed,2024-03-15,Yes,"Derived from actual role=Junior/Assistant, skill proficiency=4/5, skill score=79.5, certification=Planned, skill status=Current.",DERIVED_DEMO_FROM_EXISTING_EMPLOYEE_DATA,No,2026-08-01
LEARN-EMP597-COURSE-S090-ADV,EMP597,Raza Ali,DEPARTMENT-014,Production & Manufacturing,POS-583,Senior Production Supervisor,Senior/Lead,COURSE-S090-ADV,Advanced Preventive Maintenance and Continuous Improvement,Advanced,S090,Preventive Maintenance,4,86.0,Certified,Completed,2026-04-15,Yes,"Derived from actual role=Senior/Lead, skill proficiency=4/5, skill score=86.0, certification=Certified, skill status=Current.",DERIVED_DEMO_FROM_EXISTING_EMPLOYEE_DATA,No,2026-08-01
LEARN-EMP597-COURSE-S088-ADV,EMP597,Raza Ali,DEPARTMENT-014,Production & Manufacturing,POS-583,Senior Production Supervisor,Senior/Lead,COURSE-S088-ADV,Advanced Production Planning and Continuous Improvement,Advanced,S088,Production Planning,5,97.4,Not Required,Completed,2025-08-15,Yes,"Derived from actual role=Senior/Lead, skill proficiency=5/5, skill score=97.4, certification=Not Required, skill status=Current.",DERIVED_DEMO_FROM_EXISTING_EMPLOYEE_DATA,No,2026-08-01
LEARN-EMP410-COURSE-S067-ADV,EMP410,Asad Rehman,DEPARTMENT-010,Administration & Facilities,POS-400,Administration Manager,Manager/Head,COURSE-S067-ADV,Advanced Facilities Management and Decision Practice,Advanced,S067,Facilities Management,5,93.4,Not Required,Completed,2026-02-15,Yes,"Derived from actual role=Manager/Head, skill proficiency=5/5, skill score=93.4, certification=Not Required, skill status=Current.",DERIVED_DEMO_FROM_EXISTING_EMPLOYEE_DATA,No,2026-08-01
LEARN-EMP410-COURSE-S070-PRC,EMP410,Asad Rehman,DEPARTMENT-010,Administration & Facilities,POS-400,Administration Manager,Manager/Head,COURSE-S070-PRC,Applied Records Management,Practitioner,S070,Records Management,4,68.9,Not Required,Completed,2025-03-15,Yes,"Derived from actual role=Manager/Head, skill proficiency=4/5, skill score=68.9, certification=Not Required, skill status=Current.",DERIVED_DEMO_FROM_EXISTING_EMPLOYEE_DATA,No,2026-08-01
LEARN-EMP410-COURSE-S053-ADV,EMP410,Asad Rehman,DEPARTMENT-010,Administration & Facilities,POS-400,Administration Manager,Manager/Head,COURSE-S053-ADV,Advanced Documentation for Professional Growth,Advanced,S053,Documentation,5,82.9,Not Required,Completed,2025-02-15,No,"Derived from actual role=Manager/Head, skill proficiency=5/5, skill score=82.9, certification=Not Required, skill status=Current.",DERIVED_DEMO_FROM_EXISTING_EMPLOYEE_DATA,No,2026-08-01
LEARN-EMP616-COURSE-S089-PRC,EMP616,Rabia Sheikh,DEPARTMENT-014,Production & Manufacturing,POS-602,Production Operator,Junior/Assistant,COURSE-S089-PRC,Applied Machine Operation in Operations,Practitioner,S089,Machine Operation,4,79.3,Not Required,Completed,2025-04-15,Yes,"Derived from actual role=Junior/Assistant, skill proficiency=4/5, skill score=79.3, certification=Not Required, skill status=Current.",DERIVED_DEMO_FROM_EXISTING_EMPLOYEE_DATA,No,2026-08-01
LEARN-EMP115-COURSE-S001-ADV,EMP115,Hafsa Abbasi,DEPARTMENT-005,Engineering,POS-115,Software Engineer II,Professional/Mid-level,COURSE-S001-ADV,Advanced Python Programming and Decision Practice,Advanced,S001,Python Programming,4,83.6,Not Required,Completed,2024-02-15,Yes,"Derived from actual role=Professional/Mid-level, skill proficiency=4/5, skill score=83.6, certification=Not Required, skill status=Verified.",DERIVED_DEMO_FROM_EXISTING_EMPLOYEE_DATA,No,2026-08-01
LEARN-EMP115-COURSE-S002-PRC,EMP115,Hafsa Abbasi,DEPARTMENT-005,Engineering,POS-115,Software Engineer II,Professional/Mid-level,COURSE-S002-PRC,Applied SQL & Databases,Practitioner,S002,SQL & Databases,4,75.2,Not Required,Completed,2025-03-15,Yes,"Derived from actual role=Professional/Mid-level, skill proficiency=4/5, skill score=75.2, certification=Not Required, skill status=Verified.",DERIVED_DEMO_FROM_EXISTING_EMPLOYEE_DATA,No,2026-08-01
LEARN-EMP623-COURSE-S087-PRC,EMP623,Ayesha Hussain,DEPARTMENT-014,Production & Manufacturing,POS-609,Production Operator,Junior/Assistant,COURSE-S087-PRC,Applied Health and Safety in Operations,Practitioner,S087,Health and Safety,3,72.2,Not Required,Completed,2025-08-15,Yes,"Derived from actual role=Junior/Assistant, skill proficiency=3/5, skill score=72.2, certification=Not Required, skill status=Current.",DERIVED_DEMO_FROM_EXISTING_EMPLOYEE_DATA,No,2026-08-01
LEARN-EMP067-COURSE-S046-ADV,EMP067,Nida Hameed,DEPARTMENT-006,Operations,POS-067,Operations Manager,Manager/Head,COURSE-S046-ADV,Advanced Leadership for Professional Growth,Advanced,S046,Leadership,5,92.1,Not Required,Completed,2025-04-15,Yes,"Derived from actual role=Manager/Head, skill proficiency=5/5, skill score=92.1, certification=Not Required, skill status=Verified.",DERIVED_DEMO_FROM_EXISTING_EMPLOYEE_DATA,No,2026-08-01
LEARN-EMP067-COURSE-S019-ADV,EMP067,Nida Hameed,DEPARTMENT-006,Operations,POS-067,Operations Manager,Manager/Head,COURSE-S019-ADV,Advanced Process Management and Decision Practice,Advanced,S019,Process Management,5,89.3,Not Required,Completed,2026-07-15,Yes,"Derived from actual role=Manager/Head, skill proficiency=5/5, skill score=89.3, certification=Not Required, skill status=Verified.",DERIVED_DEMO_FROM_EXISTING_EMPLOYEE_DATA,No,2026-08-01
LEARN-EMP067-COURSE-S023-ADV,EMP067,Nida Hameed,DEPARTMENT-006,Operations,POS-067,Operations Manager,Manager/Head,COURSE-S023-ADV,Advanced Risk & Controls and Decision Practice,Advanced,S023,Risk & Controls,5,82.9,Not Required,Completed,2025-08-15,Yes,"Derived from actual role=Manager/Head, skill proficiency=5/5, skill score=82.9, certification=Not Required, skill status=Verified.",DERIVED_DEMO_FROM_EXISTING_EMPLOYEE_DATA,No,2026-08-01
LEARN-EMP221-COURSE-S034-ADV,EMP221,Anam Akhtar,DEPARTMENT-001,HR,POS-220,HR Assistant,Junior/Assistant,COURSE-S034-ADV,Advanced Employee Relations for Professional Growth,Advanced,S034,Employee Relations,4,86.2,Not Required,Completed,2025-01-15,Yes,"Derived from actual role=Junior/Assistant, skill proficiency=4/5, skill score=86.2, certification=Not Required, skill status=Current.",DERIVED_DEMO_FROM_EXISTING_EMPLOYEE_DATA,No,2026-08-01
LEARN-EMP485-COURSE-S073-PRC,EMP485,Sana Nadeem,DEPARTMENT-011,Legal & Compliance,POS-474,Legal Assistant,Junior/Assistant,COURSE-S073-PRC,Applied Policy Interpretation,Practitioner,S073,Policy Interpretation,4,74.9,Not Required,Completed,2025-04-15,Yes,"Derived from actual role=Junior/Assistant, skill proficiency=4/5, skill score=74.9, certification=Not Required, skill status=Current.",DERIVED_DEMO_FROM_EXISTING_EMPLOYEE_DATA,No,2026-08-01
LEARN-EMP319-COURSE-S056-PRC,EMP319,Anusha Baig,DEPARTMENT-008,Medical Care,POS-311,Medical Care Manager,Manager/Head,COURSE-S056-PRC,Applied Clinical Documentation in Clinical Practice,Practitioner,S056,Clinical Documentation,4,81.7,Planned,Completed,2025-02-15,Yes,"Derived from actual role=Manager/Head, skill proficiency=4/5, skill score=81.7, certification=Planned, skill status=Current.",DERIVED_DEMO_FROM_EXISTING_EMPLOYEE_DATA,No,2026-08-01
LEARN-EMP319-COURSE-S058-PRC,EMP319,Anusha Baig,DEPARTMENT-008,Medical Care,POS-311,Medical Care Manager,Manager/Head,COURSE-S058-PRC,Applied Infection Prevention in Clinical Practice,Practitioner,S058,Infection Prevention,4,80.1,Not Required,Completed,2026-05-15,Yes,"Derived from actual role=Manager/Head, skill proficiency=4/5, skill score=80.1, certification=Not Required, skill status=Current.",DERIVED_DEMO_FROM_EXISTING_EMPLOYEE_DATA,No,2026-08-01
LEARN-EMP319-COURSE-S051-ADV,EMP319,Anusha Baig,DEPARTMENT-008,Medical Care,POS-311,Medical Care Manager,Manager/Head,COURSE-S051-ADV,Advanced Empathy & Active Listening for Professional Growth,Advanced,S051,Empathy & Active Listening,4,83.2,Certified,Completed,2025-03-15,No,"Derived from actual role=Manager/Head, skill proficiency=4/5, skill score=83.2, certification=Certified, skill status=Current.",DERIVED_DEMO_FROM_EXISTING_EMPLOYEE_DATA,No,2026-08-01
LEARN-EMP712-COURSE-S053-ADV,EMP712,Minal Hussain,DEPARTMENT-016,Research & Development,POS-696,Research Associate,Junior/Assistant,COURSE-S053-ADV,Advanced Documentation for Professional Growth,Advanced,S053,Documentation,4,100.0,Certified,Completed,2026-03-15,No,"Derived from actual role=Junior/Assistant, skill proficiency=4/5, skill score=100.0, certification=Certified, skill status=Current.",DERIVED_DEMO_FROM_EXISTING_EMPLOYEE_DATA,No,2026-08-01
LEARN-EMP028-COURSE-S016-ADV,EMP028,Salman Aziz,DEPARTMENT-003,Sales,POS-028,Senior Account Manager,Senior/Lead,COURSE-S016-ADV,Advanced Account Management and Decision Practice,Advanced,S016,Account Management,5,98.3,Not Required,Completed,2026-04-15,Yes,"Derived from actual role=Senior/Lead, skill proficiency=5/5, skill score=98.3, certification=Not Required, skill status=Verified.",DERIVED_DEMO_FROM_EXISTING_EMPLOYEE_DATA,No,2026-08-01
LEARN-EMP028-COURSE-S014-ADV,EMP028,Salman Aziz,DEPARTMENT-003,Sales,POS-028,Senior Account Manager,Senior/Lead,COURSE-S014-ADV,Advanced Negotiation for Professional Growth,Advanced,S014,Negotiation,5,88.6,Not Required,Completed,2026-08-15,Yes,"Derived from actual role=Senior/Lead, skill proficiency=5/5, skill score=88.6, certification=Not Required, skill status=Verified.",DERIVED_DEMO_FROM_EXISTING_EMPLOYEE_DATA,No,2026-08-01
LEARN-EMP332-COURSE-S056-PRC,EMP332,Maryam Ismail,DEPARTMENT-008,Medical Care,POS-324,Medical Officer,Professional/Mid-level,COURSE-S056-PRC,Applied Clinical Documentation in Clinical Practice,Practitioner,S056,Clinical Documentation,4,79.7,Certified,Completed,2024-08-15,Yes,"Derived from actual role=Professional/Mid-level, skill proficiency=4/5, skill score=79.7, certification=Certified, skill status=Current.",DERIVED_DEMO_FROM_EXISTING_EMPLOYEE_DATA,No,2026-08-01
LEARN-EMP332-COURSE-S058-FND,EMP332,Maryam Ismail,DEPARTMENT-008,Medical Care,POS-324,Medical Officer,Professional/Mid-level,COURSE-S058-FND,Infection Prevention Foundations,Foundation,S058,Infection Prevention,2,61.8,Not Required,Completed,2024-06-15,Yes,"Derived from actual role=Professional/Mid-level, skill proficiency=2/5, skill score=61.8, certification=Not Required, skill status=Developing.",DERIVED_DEMO_FROM_EXISTING_EMPLOYEE_DATA,No,2026-08-01
LEARN-EMP072-COURSE-S040-ADV,EMP072,Fahad Hassan,DEPARTMENT-004,Customer Support,POS-072,Support Team Lead,Senior/Lead,COURSE-S040-ADV,Advanced SLA Management and Decision Practice,Advanced,S040,SLA Management,5,97.9,Not Required,Completed,2024-07-15,Yes,"Derived from actual role=Senior/Lead, skill proficiency=5/5, skill score=97.9, certification=Not Required, skill status=Verified.",DERIVED_DEMO_FROM_EXISTING_EMPLOYEE_DATA,No,2026-08-01
LEARN-EMP072-COURSE-S047-ADV,EMP072,Fahad Hassan,DEPARTMENT-004,Customer Support,POS-072,Support Team Lead,Senior/Lead,COURSE-S047-ADV,Advanced Coaching & Mentoring for Professional Growth,Advanced,S047,Coaching & Mentoring,5,92.8,Not Required,Completed,2025-05-15,Yes,"Derived from actual role=Senior/Lead, skill proficiency=5/5, skill score=92.8, certification=Not Required, skill status=Verified.",DERIVED_DEMO_FROM_EXISTING_EMPLOYEE_DATA,No,2026-08-01
LEARN-EMP058-COURSE-S005-PRC,EMP058,Shahid Malik,DEPARTMENT-005,Engineering,POS-058,Senior Software Engineer,Senior/Lead,COURSE-S005-PRC,Applied System Design,Practitioner,S005,System Design,4,70.8,Not Required,Completed,2024-07-15,Yes,"Derived from actual role=Senior/Lead, skill proficiency=4/5, skill score=70.8, certification=Not Required, skill status=Verified.",DERIVED_DEMO_FROM_EXISTING_EMPLOYEE_DATA,No,2026-08-01
LEARN-EMP058-COURSE-S047-PRC,EMP058,Shahid Malik,DEPARTMENT-005,Engineering,POS-058,Senior Software Engineer,Senior/Lead,COURSE-S047-PRC,Coaching & Mentoring in Practice,Practitioner,S047,Coaching & Mentoring,4,72.5,Not Required,Completed,2025-01-15,Yes,"Derived from actual role=Senior/Lead, skill proficiency=4/5, skill score=72.5, certification=Not Required, skill status=Verified.",DERIVED_DEMO_FROM_EXISTING_EMPLOYEE_DATA,No,2026-08-01
LEARN-EMP665-COURSE-S093-ADV,EMP665,Taha Waheed,DEPARTMENT-015,Quality Assurance,POS-650,Quality Inspector,Junior/Assistant,COURSE-S093-ADV,Advanced Root Cause Analysis and Continuous Improvement,Advanced,S093,Root Cause Analysis,4,86.7,Planned,Completed,2026-03-15,Yes,"Derived from actual role=Junior/Assistant, skill proficiency=4/5, skill score=86.7, certification=Planned, skill status=Current.",DERIVED_DEMO_FROM_EXISTING_EMPLOYEE_DATA,No,2026-08-01
LEARN-EMP527-COURSE-S080-PRC,EMP527,Mehwish Nasir,DEPARTMENT-012,Procurement & Supply Chain,POS-515,Procurement Assistant,Junior/Assistant,COURSE-S080-PRC,Applied Inventory Planning,Practitioner,S080,Inventory Planning,3,70.3,Certified,Completed,2025-02-15,Yes,"Derived from actual role=Junior/Assistant, skill proficiency=3/5, skill score=70.3, certification=Certified, skill status=Current.",DERIVED_DEMO_FROM_EXISTING_EMPLOYEE_DATA,No,2026-08-01
LEARN-EMP080-COURSE-S050-ADV,EMP080,Ali Mughal,DEPARTMENT-005,Engineering,POS-080,Engineering Lead,Manager/Head,COURSE-S050-ADV,Advanced Project Management for Professional Growth,Advanced,S050,Project Management,5,100.0,Certified,Completed,2026-04-15,Yes,"Derived from actual role=Manager/Head, skill proficiency=5/5, skill score=100.0, certification=Certified, skill status=Verified.",DERIVED_DEMO_FROM_EXISTING_EMPLOYEE_DATA,No,2026-08-01
LEARN-EMP080-COURSE-S006-ADV,EMP080,Ali Mughal,DEPARTMENT-005,Engineering,POS-080,Engineering Lead,Manager/Head,COURSE-S006-ADV,Advanced DevOps & CI/CD and Decision Practice,Advanced,S006,DevOps & CI/CD,5,99.8,Certification Planned,Completed,2025-04-15,Yes,"Derived from actual role=Manager/Head, skill proficiency=5/5, skill score=99.8, certification=Certification Planned, skill status=Verified.",DERIVED_DEMO_FROM_EXISTING_EMPLOYEE_DATA,No,2026-08-01
LEARN-EMP080-COURSE-S005-ADV,EMP080,Ali Mughal,DEPARTMENT-005,Engineering,POS-080,Engineering Lead,Manager/Head,COURSE-S005-ADV,Advanced System Design and Decision Practice,Advanced,S005,System Design,5,100.0,Not Required,Completed,2025-03-15,Yes,"Derived from actual role=Manager/Head, skill proficiency=5/5, skill score=100.0, certification=Not Required, skill status=Developing.",DERIVED_DEMO_FROM_EXISTING_EMPLOYEE_DATA,No,2026-08-01
LEARN-EMP011-COURSE-S045-ADV,EMP011,Khurram Iqbal,DEPARTMENT-003,Sales,POS-011,Sales Manager,Manager/Head,COURSE-S045-ADV,Advanced Stakeholder Management for Professional Growth,Advanced,S045,Stakeholder Management,5,91.0,Not Required,Completed,2025-01-15,Yes,"Derived from actual role=Manager/Head, skill proficiency=5/5, skill score=91.0, certification=Not Required, skill status=Verified.",DERIVED_DEMO_FROM_EXISTING_EMPLOYEE_DATA,No,2026-08-01
LEARN-EMP011-COURSE-S046-ADV,EMP011,Khurram Iqbal,DEPARTMENT-003,Sales,POS-011,Sales Manager,Manager/Head,COURSE-S046-ADV,Advanced Leadership for Professional Growth,Advanced,S046,Leadership,5,94.7,Not Required,Completed,2025-04-15,Yes,"Derived from actual role=Manager/Head, skill proficiency=5/5, skill score=94.7, certification=Not Required, skill status=Developing.",DERIVED_DEMO_FROM_EXISTING_EMPLOYEE_DATA,No,2026-08-01
LEARN-EMP011-COURSE-S047-ADV,EMP011,Khurram Iqbal,DEPARTMENT-003,Sales,POS-011,Sales Manager,Manager/Head,COURSE-S047-ADV,Advanced Coaching & Mentoring for Professional Growth,Advanced,S047,Coaching & Mentoring,5,82.1,Not Required,Completed,2026-01-15,Yes,"Derived from actual role=Manager/Head, skill proficiency=5/5, skill score=82.1, certification=Not Required, skill status=Verified.",DERIVED_DEMO_FROM_EXISTING_EMPLOYEE_DATA,No,2026-08-01
LEARN-EMP056-COURSE-S019-PRC,EMP056,Saba Hassan,DEPARTMENT-006,Operations,POS-056,Operations Analyst,Professional/Mid-level,COURSE-S019-PRC,Applied Process Management,Practitioner,S019,Process Management,4,74.7,Not Required,Completed,2024-01-15,Yes,"Derived from actual role=Professional/Mid-level, skill proficiency=4/5, skill score=74.7, certification=Not Required, skill status=Verified.",DERIVED_DEMO_FROM_EXISTING_EMPLOYEE_DATA,No,2026-08-01
LEARN-EMP056-COURSE-S021-PRC,EMP056,Saba Hassan,DEPARTMENT-006,Operations,POS-056,Operations Analyst,Professional/Mid-level,COURSE-S021-PRC,Applied Process Improvement,Practitioner,S021,Process Improvement,4,71.2,Not Required,Completed,2026-05-15,Yes,"Derived from actual role=Professional/Mid-level, skill proficiency=4/5, skill score=71.2, certification=Not Required, skill status=Verified.",DERIVED_DEMO_FROM_EXISTING_EMPLOYEE_DATA,No,2026-08-01
LEARN-EMP505-COURSE-S078-ADV,EMP505,Minal Butt,DEPARTMENT-012,Procurement & Supply Chain,POS-493,Senior Procurement Specialist,Senior/Lead,COURSE-S078-ADV,Advanced Supplier Management and Decision Practice,Advanced,S078,Supplier Management,5,100.0,Certified,Completed,2024-01-15,Yes,"Derived from actual role=Senior/Lead, skill proficiency=5/5, skill score=100.0, certification=Certified, skill status=Current.",DERIVED_DEMO_FROM_EXISTING_EMPLOYEE_DATA,No,2026-08-01
LEARN-EMP505-COURSE-S077-ADV,EMP505,Minal Butt,DEPARTMENT-012,Procurement & Supply Chain,POS-493,Senior Procurement Specialist,Senior/Lead,COURSE-S077-ADV,Advanced Purchase Order Management and Decision Practice,Advanced,S077,Purchase Order Management,5,99.1,Not Required,Completed,2026-02-15,Yes,"Derived from actual role=Senior/Lead, skill proficiency=5/5, skill score=99.1, certification=Not Required, skill status=Current.",DERIVED_DEMO_FROM_EXISTING_EMPLOYEE_DATA,No,2026-08-01
LEARN-EMP401-COURSE-S065-ADV,EMP401,Ahmed Malik,DEPARTMENT-009,Training & Development,POS-392,Training Coordinator,Junior/Assistant,COURSE-S065-ADV,Advanced Learning Management Systems and Learning Impact,Advanced,S065,Learning Management Systems,4,86.4,Not Required,Completed,2026-05-15,Yes,"Derived from actual role=Junior/Assistant, skill proficiency=4/5, skill score=86.4, certification=Not Required, skill status=Current.",DERIVED_DEMO_FROM_EXISTING_EMPLOYEE_DATA,No,2026-08-01
LEARN-EMP676-COURSE-S099-ADV,EMP676,Fahad Bukhari,DEPARTMENT-016,Research & Development,EXEC-RND-HEAD,Head of Research and Development,Manager/Head,COURSE-S099-ADV,Advanced Innovation Management and Innovation Practice,Advanced,S099,Innovation Management,5,90.5,Not Required,Completed,2025-04-15,Yes,"Derived from actual role=Manager/Head, skill proficiency=5/5, skill score=90.5, certification=Not Required, skill status=Current.",DERIVED_DEMO_FROM_EXISTING_EMPLOYEE_DATA,No,2026-08-01
LEARN-EMP676-COURSE-S049-ADV,EMP676,Fahad Bukhari,DEPARTMENT-016,Research & Development,EXEC-RND-HEAD,Head of Research and Development,Manager/Head,COURSE-S049-ADV,Advanced Data Analysis and Decision Practice,Advanced,S049,Data Analysis,5,93.6,Not Required,Completed,2025-03-15,Yes,"Derived from actual role=Manager/Head, skill proficiency=5/5, skill score=93.6, certification=Not Required, skill status=Current.",DERIVED_DEMO_FROM_EXISTING_EMPLOYEE_DATA,No,2026-08-01
LEARN-EMP676-COURSE-S098-ADV,EMP676,Fahad Bukhari,DEPARTMENT-016,Research & Development,EXEC-RND-HEAD,Head of Research and Development,Manager/Head,COURSE-S098-ADV,Advanced Technical Writing and Innovation Practice,Advanced,S098,Technical Writing,4,91.4,Not Required,Completed,2025-03-15,Yes,"Derived from actual role=Manager/Head, skill proficiency=4/5, skill score=91.4, certification=Not Required, skill status=Current.",DERIVED_DEMO_FROM_EXISTING_EMPLOYEE_DATA,No,2026-08-01
LEARN-EMP568-COURSE-S086-ADV,EMP568,Mehwish Javed,DEPARTMENT-013,Logistics & Warehouse,POS-555,Logistics Coordinator,Professional/Mid-level,COURSE-S086-ADV,Advanced Dispatch Coordination and Decision Practice,Advanced,S086,Dispatch Coordination,5,95.3,Certified,Completed,2024-02-15,Yes,"Derived from actual role=Professional/Mid-level, skill proficiency=5/5, skill score=95.3, certification=Certified, skill status=Current.",DERIVED_DEMO_FROM_EXISTING_EMPLOYEE_DATA,No,2026-08-01
LEARN-EMP568-COURSE-S020-ADV,EMP568,Mehwish Javed,DEPARTMENT-013,Logistics & Warehouse,POS-555,Logistics Coordinator,Professional/Mid-level,COURSE-S020-ADV,Advanced SOP Compliance and Decision Practice,Advanced,S020,SOP Compliance,5,94.6,Certified,Completed,2025-02-15,No,"Derived from actual role=Professional/Mid-level, skill proficiency=5/5, skill score=94.6, certification=Certified, skill status=Current.",DERIVED_DEMO_FROM_EXISTING_EMPLOYEE_DATA,No,2026-08-01
LEARN-EMP408-COURSE-S070-ADV,EMP408,Anam Yousaf,DEPARTMENT-010,Administration & Facilities,POS-398,Administration Manager,Manager/Head,COURSE-S070-ADV,Advanced Records Management and Decision Practice,Advanced,S070,Records Management,5,100.0,Not Required,Completed,2026-07-15,Yes,"Derived from actual role=Manager/Head, skill proficiency=5/5, skill score=100.0, certification=Not Required, skill status=Current.",DERIVED_DEMO_FROM_EXISTING_EMPLOYEE_DATA,No,2026-08-01
LEARN-EMP408-COURSE-S067-ADV,EMP408,Anam Yousaf,DEPARTMENT-010,Administration & Facilities,POS-398,Administration Manager,Manager/Head,COURSE-S067-ADV,Advanced Facilities Management and Decision Practice,Advanced,S067,Facilities Management,4,85.6,Planned,Completed,2026-06-15,Yes,"Derived from actual role=Manager/Head, skill proficiency=4/5, skill score=85.6, certification=Planned, skill status=Current.",DERIVED_DEMO_FROM_EXISTING_EMPLOYEE_DATA,No,2026-08-01
LEARN-EMP408-COURSE-S066-PRC,EMP408,Anam Yousaf,DEPARTMENT-010,Administration & Facilities,POS-398,Administration Manager,Manager/Head,COURSE-S066-PRC,Applied Office Administration,Practitioner,S066,Office Administration,4,78.7,Not Required,Completed,2026-01-15,Yes,"Derived from actual role=Manager/Head, skill proficiency=4/5, skill score=78.7, certification=Not Required, skill status=Current.",DERIVED_DEMO_FROM_EXISTING_EMPLOYEE_DATA,No,2026-08-01
LEARN-EMP418-COURSE-S069-ADV,EMP418,Imran Raza,DEPARTMENT-010,Administration & Facilities,POS-408,Senior Administration Officer,Senior/Lead,COURSE-S069-ADV,Advanced Asset Management and Decision Practice,Advanced,S069,Asset Management,5,94.9,Certified,Completed,2025-03-15,Yes,"Derived from actual role=Senior/Lead, skill proficiency=5/5, skill score=94.9, certification=Certified, skill status=Current.",DERIVED_DEMO_FROM_EXISTING_EMPLOYEE_DATA,No,2026-08-01
LEARN-EMP418-COURSE-S068-ADV,EMP418,Imran Raza,DEPARTMENT-010,Administration & Facilities,POS-408,Senior Administration Officer,Senior/Lead,COURSE-S068-ADV,Advanced Vendor Coordination and Decision Practice,Advanced,S068,Vendor Coordination,4,89.9,Planned,Completed,2026-08-15,Yes,"Derived from actual role=Senior/Lead, skill proficiency=4/5, skill score=89.9, certification=Planned, skill status=Current.",DERIVED_DEMO_FROM_EXISTING_EMPLOYEE_DATA,No,2026-08-01
LEARN-EMP366-COURSE-S064-ADV,EMP366,Saad Khan,DEPARTMENT-009,Training & Development,POS-357,Training Manager,Manager/Head,COURSE-S064-ADV,Advanced Learning Evaluation and Learning Impact,Advanced,S064,Learning Evaluation,5,89.5,Certified,Completed,2024-03-15,Yes,"Derived from actual role=Manager/Head, skill proficiency=5/5, skill score=89.5, certification=Certified, skill status=Current.",DERIVED_DEMO_FROM_EXISTING_EMPLOYEE_DATA,No,2026-08-01
LEARN-EMP366-COURSE-S065-PRC,EMP366,Saad Khan,DEPARTMENT-009,Training & Development,POS-357,Training Manager,Manager/Head,COURSE-S065-PRC,Applied Learning Management Systems for Learning Delivery,Practitioner,S065,Learning Management Systems,4,78.6,Planned,Completed,2024-06-15,Yes,"Derived from actual role=Manager/Head, skill proficiency=4/5, skill score=78.6, certification=Planned, skill status=Current.",DERIVED_DEMO_FROM_EXISTING_EMPLOYEE_DATA,No,2026-08-01
LEARN-EMP366-COURSE-S047-PRC,EMP366,Saad Khan,DEPARTMENT-009,Training & Development,POS-357,Training Manager,Manager/Head,COURSE-S047-PRC,Coaching & Mentoring in Practice,Practitioner,S047,Coaching & Mentoring,3,77.3,Certified,Completed,2024-08-15,No,"Derived from actual role=Manager/Head, skill proficiency=3/5, skill score=77.3, certification=Certified, skill status=Current.",DERIVED_DEMO_FROM_EXISTING_EMPLOYEE_DATA,No,2026-08-01
LEARN-EMP562-COURSE-S082-ADV,EMP562,Komal Khan,DEPARTMENT-013,Logistics & Warehouse,POS-549,Logistics Coordinator,Professional/Mid-level,COURSE-S082-ADV,Advanced Warehouse Operations and Decision Practice,Advanced,S082,Warehouse Operations,5,90.2,Not Required,Completed,2025-01-15,Yes,"Derived from actual role=Professional/Mid-level, skill proficiency=5/5, skill score=90.2, certification=Not Required, skill status=Current.",DERIVED_DEMO_FROM_EXISTING_EMPLOYEE_DATA,No,2026-08-01
LEARN-EMP562-COURSE-S083-ADV,EMP562,Komal Khan,DEPARTMENT-013,Logistics & Warehouse,POS-549,Logistics Coordinator,Professional/Mid-level,COURSE-S083-ADV,Advanced Inventory Control and Decision Practice,Advanced,S083,Inventory Control,4,84.2,Certified,Completed,2026-08-15,Yes,"Derived from actual role=Professional/Mid-level, skill proficiency=4/5, skill score=84.2, certification=Certified, skill status=Current.",DERIVED_DEMO_FROM_EXISTING_EMPLOYEE_DATA,No,2026-08-01
LEARN-EMP070-COURSE-S050-ADV,EMP070,Bilal Saeed,DEPARTMENT-005,Engineering,POS-070,Engineering Lead,Manager/Head,COURSE-S050-ADV,Advanced Project Management for Professional Growth,Advanced,S050,Project Management,5,84.1,Certification Planned,Completed,2025-02-15,Yes,"Derived from actual role=Manager/Head, skill proficiency=5/5, skill score=84.1, certification=Certification Planned, skill status=Verified.",DERIVED_DEMO_FROM_EXISTING_EMPLOYEE_DATA,No,2026-08-01
LEARN-EMP070-COURSE-S046-PRC,EMP070,Bilal Saeed,DEPARTMENT-005,Engineering,POS-070,Engineering Lead,Manager/Head,COURSE-S046-PRC,Leadership in Practice,Practitioner,S046,Leadership,4,73.3,Not Required,Completed,2025-03-15,Yes,"Derived from actual role=Manager/Head, skill proficiency=4/5, skill score=73.3, certification=Not Required, skill status=Verified.",DERIVED_DEMO_FROM_EXISTING_EMPLOYEE_DATA,No,2026-08-01
LEARN-EMP070-COURSE-S005-FND,EMP070,Bilal Saeed,DEPARTMENT-005,Engineering,POS-070,Engineering Lead,Manager/Head,COURSE-S005-FND,System Design Fundamentals,Foundation,S005,System Design,4,66.4,Not Required,Completed,2025-01-15,Yes,"Derived from actual role=Manager/Head, skill proficiency=4/5, skill score=66.4, certification=Not Required, skill status=Developing.",DERIVED_DEMO_FROM_EXISTING_EMPLOYEE_DATA,No,2026-08-01
LEARN-EMP231-COURSE-S028-ADV,EMP231,Ayesha Aziz,DEPARTMENT-002,Finance,POS-229,Finance Manager,Manager/Head,COURSE-S028-ADV,Advanced Regulatory Reporting and Decision Practice,Advanced,S028,Regulatory Reporting,4,84.1,Not Required,Completed,2025-04-15,Yes,"Derived from actual role=Manager/Head, skill proficiency=4/5, skill score=84.1, certification=Not Required, skill status=Current.",DERIVED_DEMO_FROM_EXISTING_EMPLOYEE_DATA,No,2026-08-01
LEARN-EMP231-COURSE-S053-ADV,EMP231,Ayesha Aziz,DEPARTMENT-002,Finance,POS-229,Finance Manager,Manager/Head,COURSE-S053-ADV,Advanced Documentation for Professional Growth,Advanced,S053,Documentation,5,94.8,Certified,Completed,2025-01-15,No,"Derived from actual role=Manager/Head, skill proficiency=5/5, skill score=94.8, certification=Certified, skill status=Current.",DERIVED_DEMO_FROM_EXISTING_EMPLOYEE_DATA,No,2026-08-01
LEARN-EMP231-COURSE-S027-PRC,EMP231,Ayesha Aziz,DEPARTMENT-002,Finance,POS-229,Finance Manager,Manager/Head,COURSE-S027-PRC,Applied Budgeting & Forecasting,Practitioner,S027,Budgeting & Forecasting,3,74.1,Not Required,Completed,2026-03-15,Yes,"Derived from actual role=Manager/Head, skill proficiency=3/5, skill score=74.1, certification=Not Required, skill status=Current.",DERIVED_DEMO_FROM_EXISTING_EMPLOYEE_DATA,No,2026-08-01
LEARN-EMP521-COURSE-S078-ADV,EMP521,Noman Zafar,DEPARTMENT-012,Procurement & Supply Chain,POS-509,Procurement Officer,Professional/Mid-level,COURSE-S078-ADV,Advanced Supplier Management and Decision Practice,Advanced,S078,Supplier Management,5,94.4,Certified,Completed,2026-05-15,Yes,"Derived from actual role=Professional/Mid-level, skill proficiency=5/5, skill score=94.4, certification=Certified, skill status=Current.",DERIVED_DEMO_FROM_EXISTING_EMPLOYEE_DATA,No,2026-08-01
LEARN-EMP521-COURSE-S080-PRC,EMP521,Noman Zafar,DEPARTMENT-012,Procurement & Supply Chain,POS-509,Procurement Officer,Professional/Mid-level,COURSE-S080-PRC,Applied Inventory Planning,Practitioner,S080,Inventory Planning,3,79.9,Certified,Completed,2025-04-15,Yes,"Derived from actual role=Professional/Mid-level, skill proficiency=3/5, skill score=79.9, certification=Certified, skill status=Current.",DERIVED_DEMO_FROM_EXISTING_EMPLOYEE_DATA,No,2026-08-01
LEARN-EMP582-COURSE-S086-PRC,EMP582,Noor Sheikh,DEPARTMENT-013,Logistics & Warehouse,POS-569,Warehouse Assistant,Junior/Assistant,COURSE-S086-PRC,Applied Dispatch Coordination,Practitioner,S086,Dispatch Coordination,3,70.0,Certified,Completed,2026-07-15,Yes,"Derived from actual role=Junior/Assistant, skill proficiency=3/5, skill score=70.0, certification=Certified, skill status=Current.",DERIVED_DEMO_FROM_EXISTING_EMPLOYEE_DATA,No,2026-08-01
LEARN-EMP684-COURSE-S049-ADV,EMP684,Kamran Mirza,DEPARTMENT-016,Research & Development,POS-668,Senior Research Scientist,Senior/Lead,COURSE-S049-ADV,Advanced Data Analysis and Decision Practice,Advanced,S049,Data Analysis,5,96.3,Certified,Completed,2024-08-15,Yes,"Derived from actual role=Senior/Lead, skill proficiency=5/5, skill score=96.3, certification=Certified, skill status=Current.",DERIVED_DEMO_FROM_EXISTING_EMPLOYEE_DATA,No,2026-08-01
LEARN-EMP684-COURSE-S096-ADV,EMP684,Kamran Mirza,DEPARTMENT-016,Research & Development,POS-668,Senior Research Scientist,Senior/Lead,COURSE-S096-ADV,Advanced Research Methodology and Innovation Practice,Advanced,S096,Research Methodology,5,87.8,Not Required,Completed,2024-04-15,Yes,"Derived from actual role=Senior/Lead, skill proficiency=5/5, skill score=87.8, certification=Not Required, skill status=Current.",DERIVED_DEMO_FROM_EXISTING_EMPLOYEE_DATA,No,2026-08-01
LEARN-EMP414-COURSE-S068-PRC,EMP414,Zainab Tariq,DEPARTMENT-010,Administration & Facilities,POS-404,Senior Administration Officer,Senior/Lead,COURSE-S068-PRC,Applied Vendor Coordination,Practitioner,S068,Vendor Coordination,4,80.3,Certified,Completed,2024-08-15,Yes,"Derived from actual role=Senior/Lead, skill proficiency=4/5, skill score=80.3, certification=Certified, skill status=Current.",DERIVED_DEMO_FROM_EXISTING_EMPLOYEE_DATA,No,2026-08-01
LEARN-EMP414-COURSE-S069-PRC,EMP414,Zainab Tariq,DEPARTMENT-010,Administration & Facilities,POS-404,Senior Administration Officer,Senior/Lead,COURSE-S069-PRC,Applied Asset Management,Practitioner,S069,Asset Management,4,74.6,Planned,Completed,2025-04-15,Yes,"Derived from actual role=Senior/Lead, skill proficiency=4/5, skill score=74.6, certification=Planned, skill status=Current.",DERIVED_DEMO_FROM_EXISTING_EMPLOYEE_DATA,No,2026-08-01
LEARN-EMP632-COURSE-S022-PRC,EMP632,Junaid Sultan,DEPARTMENT-015,Quality Assurance,POS-617,Quality Assurance Manager,Manager/Head,COURSE-S022-PRC,Applied Quality Control,Practitioner,S022,Quality Control,4,74.7,Certified,Completed,2025-06-15,Yes,"Derived from actual role=Manager/Head, skill proficiency=4/5, skill score=74.7, certification=Certified, skill status=Current.",DERIVED_DEMO_FROM_EXISTING_EMPLOYEE_DATA,No,2026-08-01
LEARN-EMP632-COURSE-S095-ADV,EMP632,Junaid Sultan,DEPARTMENT-015,Quality Assurance,POS-617,Quality Assurance Manager,Manager/Head,COURSE-S095-ADV,Advanced Statistical Process Control and Continuous Improvement,Advanced,S095,Statistical Process Control,5,86.2,Planned,Completed,2024-04-15,Yes,"Derived from actual role=Manager/Head, skill proficiency=5/5, skill score=86.2, certification=Planned, skill status=Current.",DERIVED_DEMO_FROM_EXISTING_EMPLOYEE_DATA,No,2026-08-01
LEARN-EMP632-COURSE-S093-PRC,EMP632,Junaid Sultan,DEPARTMENT-015,Quality Assurance,POS-617,Quality Assurance Manager,Manager/Head,COURSE-S093-PRC,Applied Root Cause Analysis in Operations,Practitioner,S093,Root Cause Analysis,3,71.6,Not Required,Completed,2025-01-15,Yes,"Derived from actual role=Manager/Head, skill proficiency=3/5, skill score=71.6, certification=Not Required, skill status=Current.",DERIVED_DEMO_FROM_EXISTING_EMPLOYEE_DATA,No,2026-08-01
LEARN-EMP578-COURSE-S086-ADV,EMP578,Maryam Rauf,DEPARTMENT-013,Logistics & Warehouse,POS-565,Warehouse Assistant,Junior/Assistant,COURSE-S086-ADV,Advanced Dispatch Coordination and Decision Practice,Advanced,S086,Dispatch Coordination,4,89.2,Not Required,Completed,2025-08-15,Yes,"Derived from actual role=Junior/Assistant, skill proficiency=4/5, skill score=89.2, certification=Not Required, skill status=Current.",DERIVED_DEMO_FROM_EXISTING_EMPLOYEE_DATA,No,2026-08-01
LEARN-EMP331-COURSE-S055-ADV,EMP331,Iqra Saleem,DEPARTMENT-008,Medical Care,POS-323,Medical Officer,Professional/Mid-level,COURSE-S055-ADV,Advanced Patient Care and Patient Safety,Advanced,S055,Patient Care,4,88.2,Not Required,Completed,2026-04-15,Yes,"Derived from actual role=Professional/Mid-level, skill proficiency=4/5, skill score=88.2, certification=Not Required, skill status=Current.",DERIVED_DEMO_FROM_EXISTING_EMPLOYEE_DATA,No,2026-08-01
LEARN-EMP331-COURSE-S058-PRC,EMP331,Iqra Saleem,DEPARTMENT-008,Medical Care,POS-323,Medical Officer,Professional/Mid-level,COURSE-S058-PRC,Applied Infection Prevention in Clinical Practice,Practitioner,S058,Infection Prevention,4,81.6,Not Required,Completed,2026-05-15,Yes,"Derived from actual role=Professional/Mid-level, skill proficiency=4/5, skill score=81.6, certification=Not Required, skill status=Current.",DERIVED_DEMO_FROM_EXISTING_EMPLOYEE_DATA,No,2026-08-01
LEARN-EMP643-COURSE-S094-ADV,EMP643,Bilal Khan,DEPARTMENT-015,Quality Assurance,POS-628,Senior Quality Engineer,Senior/Lead,COURSE-S094-ADV,Advanced Corrective Action Management and Continuous Improvement,Advanced,S094,Corrective Action Management,5,89.1,Certified,Completed,2024-03-15,Yes,"Derived from actual role=Senior/Lead, skill proficiency=5/5, skill score=89.1, certification=Certified, skill status=Current.",DERIVED_DEMO_FROM_EXISTING_EMPLOYEE_DATA,No,2026-08-01
LEARN-EMP643-COURSE-S092-PRC,EMP643,Bilal Khan,DEPARTMENT-015,Quality Assurance,POS-628,Senior Quality Engineer,Senior/Lead,COURSE-S092-PRC,Applied Quality Auditing in Operations,Practitioner,S092,Quality Auditing,3,76.1,Not Required,Completed,2024-03-15,Yes,"Derived from actual role=Senior/Lead, skill proficiency=3/5, skill score=76.1, certification=Not Required, skill status=Current.",DERIVED_DEMO_FROM_EXISTING_EMPLOYEE_DATA,No,2026-08-01
LEARN-EMP526-COURSE-S078-PRC,EMP526,Adnan Chaudhry,DEPARTMENT-012,Procurement & Supply Chain,POS-514,Procurement Assistant,Junior/Assistant,COURSE-S078-PRC,Applied Supplier Management,Practitioner,S078,Supplier Management,3,78.7,Certified,Completed,2025-06-15,Yes,"Derived from actual role=Junior/Assistant, skill proficiency=3/5, skill score=78.7, certification=Certified, skill status=Current.",DERIVED_DEMO_FROM_EXISTING_EMPLOYEE_DATA,No,2026-08-01
LEARN-EMP471-COURSE-S072-ADV,EMP471,Anusha Iqbal,DEPARTMENT-011,Legal & Compliance,POS-460,Compliance Analyst,Professional/Mid-level,COURSE-S072-ADV,Advanced Regulatory Compliance and Decision Practice,Advanced,S072,Regulatory Compliance,5,96.3,Not Required,Completed,2026-06-15,Yes,"Derived from actual role=Professional/Mid-level, skill proficiency=5/5, skill score=96.3, certification=Not Required, skill status=Current.",DERIVED_DEMO_FROM_EXISTING_EMPLOYEE_DATA,No,2026-08-01
LEARN-EMP471-COURSE-S075-PRC,EMP471,Anusha Iqbal,DEPARTMENT-011,Legal & Compliance,POS-460,Compliance Analyst,Professional/Mid-level,COURSE-S075-PRC,Applied Case Management,Practitioner,S075,Case Management,5,77.8,Not Required,Completed,2024-07-15,Yes,"Derived from actual role=Professional/Mid-level, skill proficiency=5/5, skill score=77.8, certification=Not Required, skill status=Current.",DERIVED_DEMO_FROM_EXISTING_EMPLOYEE_DATA,No,2026-08-01
LEARN-EMP646-COURSE-S046-ADV,EMP646,Junaid Yousaf,DEPARTMENT-015,Quality Assurance,POS-631,Quality Analyst,Professional/Mid-level,COURSE-S046-ADV,Advanced Leadership for Professional Growth,Advanced,S046,Leadership,4,94.5,Certified,Completed,2024-04-15,No,"Derived from actual role=Professional/Mid-level, skill proficiency=4/5, skill score=94.5, certification=Certified, skill status=Current.",DERIVED_DEMO_FROM_EXISTING_EMPLOYEE_DATA,No,2026-08-01
LEARN-EMP646-COURSE-S044-ADV,EMP646,Junaid Yousaf,DEPARTMENT-015,Quality Assurance,POS-631,Quality Analyst,Professional/Mid-level,COURSE-S044-ADV,Advanced Problem Solving for Professional Growth,Advanced,S044,Problem Solving,5,97.3,Not Required,Completed,2026-05-15,No,"Derived from actual role=Professional/Mid-level, skill proficiency=5/5, skill score=97.3, certification=Not Required, skill status=Current.",DERIVED_DEMO_FROM_EXISTING_EMPLOYEE_DATA,No,2026-08-01
LEARN-EMP217-COURSE-S032-ADV,EMP217,Laiba Qureshi,DEPARTMENT-001,HR,POS-216,HR Assistant,Junior/Assistant,COURSE-S032-ADV,Advanced HRIS & Employee Data and Decision Practice,Advanced,S032,HRIS & Employee Data,4,82.7,Not Required,Completed,2025-01-15,Yes,"Derived from actual role=Junior/Assistant, skill proficiency=4/5, skill score=82.7, certification=Not Required, skill status=Current.",DERIVED_DEMO_FROM_EXISTING_EMPLOYEE_DATA,No,2026-08-01
LEARN-EMP134-COURSE-S009-ADV,EMP134,Talha Awan,DEPARTMENT-007,IT,POS-134,Systems Administrator,Professional/Mid-level,COURSE-S009-ADV,Advanced Network Administration and Decision Practice,Advanced,S009,Network Administration,5,88.0,Certification Planned,Completed,2026-06-15,Yes,"Derived from actual role=Professional/Mid-level, skill proficiency=5/5, skill score=88.0, certification=Certification Planned, skill status=Verified.",DERIVED_DEMO_FROM_EXISTING_EMPLOYEE_DATA,No,2026-08-01
LEARN-EMP134-COURSE-S008-PRC,EMP134,Talha Awan,DEPARTMENT-007,IT,POS-134,Systems Administrator,Professional/Mid-level,COURSE-S008-PRC,Applied Cybersecurity,Practitioner,S008,Cybersecurity,4,79.1,Certification Planned,Completed,2026-05-15,Yes,"Derived from actual role=Professional/Mid-level, skill proficiency=4/5, skill score=79.1, certification=Certification Planned, skill status=Verified.",DERIVED_DEMO_FROM_EXISTING_EMPLOYEE_DATA,No,2026-08-01
LEARN-EMP670-COURSE-S092-PRC,EMP670,Kinza Aziz,DEPARTMENT-015,Quality Assurance,POS-655,Quality Inspector,Junior/Assistant,COURSE-S092-PRC,Applied Quality Auditing in Operations,Practitioner,S092,Quality Auditing,3,69.0,Certified,Completed,2025-08-15,Yes,"Derived from actual role=Junior/Assistant, skill proficiency=3/5, skill score=69.0, certification=Certified, skill status=Current.",DERIVED_DEMO_FROM_EXISTING_EMPLOYEE_DATA,No,2026-08-01
LEARN-EMP316-COURSE-S056-ADV,EMP316,Imran Abbasi,DEPARTMENT-008,Medical Care,EXEC-MED-HEAD,Head of Medical Care,Manager/Head,COURSE-S056-ADV,Advanced Clinical Documentation and Patient Safety,Advanced,S056,Clinical Documentation,5,88.6,Not Required,Completed,2025-08-15,Yes,"Derived from actual role=Manager/Head, skill proficiency=5/5, skill score=88.6, certification=Not Required, skill status=Current.",DERIVED_DEMO_FROM_EXISTING_EMPLOYEE_DATA,No,2026-08-01
LEARN-EMP316-COURSE-S058-PRC,EMP316,Imran Abbasi,DEPARTMENT-008,Medical Care,EXEC-MED-HEAD,Head of Medical Care,Manager/Head,COURSE-S058-PRC,Applied Infection Prevention in Clinical Practice,Practitioner,S058,Infection Prevention,4,77.7,Certified,Completed,2024-01-15,Yes,"Derived from actual role=Manager/Head, skill proficiency=4/5, skill score=77.7, certification=Certified, skill status=Current.",DERIVED_DEMO_FROM_EXISTING_EMPLOYEE_DATA,No,2026-08-01
LEARN-EMP316-COURSE-S060-ADV,EMP316,Imran Abbasi,DEPARTMENT-008,Medical Care,EXEC-MED-HEAD,Head of Medical Care,Manager/Head,COURSE-S060-ADV,Advanced Care Coordination and Patient Safety,Advanced,S060,Care Coordination,5,97.0,Certified,Completed,2024-05-15,No,"Derived from actual role=Manager/Head, skill proficiency=5/5, skill score=97.0, certification=Certified, skill status=Current.",DERIVED_DEMO_FROM_EXISTING_EMPLOYEE_DATA,No,2026-08-01
LEARN-EMP566-COURSE-S049-ADV,EMP566,Talha Ismail,DEPARTMENT-013,Logistics & Warehouse,POS-553,Logistics Coordinator,Professional/Mid-level,COURSE-S049-ADV,Advanced Data Analysis and Decision Practice,Advanced,S049,Data Analysis,5,100.0,Certified,Completed,2026-02-15,No,"Derived from actual role=Professional/Mid-level, skill proficiency=5/5, skill score=100.0, certification=Certified, skill status=Current.",DERIVED_DEMO_FROM_EXISTING_EMPLOYEE_DATA,No,2026-08-01
LEARN-EMP566-COURSE-S084-PRC,EMP566,Talha Ismail,DEPARTMENT-013,Logistics & Warehouse,POS-553,Logistics Coordinator,Professional/Mid-level,COURSE-S084-PRC,Applied Transport Planning,Practitioner,S084,Transport Planning,4,77.4,Not Required,Completed,2025-02-15,Yes,"Derived from actual role=Professional/Mid-level, skill proficiency=4/5, skill score=77.4, certification=Not Required, skill status=Current.",DERIVED_DEMO_FROM_EXISTING_EMPLOYEE_DATA,No,2026-08-01
LEARN-EMP452-COURSE-S074-ADV,EMP452,Iqra Chaudhry,DEPARTMENT-011,Legal & Compliance,POS-441,Legal and Compliance Manager,Manager/Head,COURSE-S074-ADV,Advanced Legal Research and Decision Practice,Advanced,S074,Legal Research,5,94.6,Not Required,Completed,2025-03-15,Yes,"Derived from actual role=Manager/Head, skill proficiency=5/5, skill score=94.6, certification=Not Required, skill status=Current.",DERIVED_DEMO_FROM_EXISTING_EMPLOYEE_DATA,No,2026-08-01
LEARN-EMP452-COURSE-S053-ADV,EMP452,Iqra Chaudhry,DEPARTMENT-011,Legal & Compliance,POS-441,Legal and Compliance Manager,Manager/Head,COURSE-S053-ADV,Advanced Documentation for Professional Growth,Advanced,S053,Documentation,5,100.0,Not Required,Completed,2025-03-15,No,"Derived from actual role=Manager/Head, skill proficiency=5/5, skill score=100.0, certification=Not Required, skill status=Current.",DERIVED_DEMO_FROM_EXISTING_EMPLOYEE_DATA,No,2026-08-01
LEARN-EMP452-COURSE-S045-PRC,EMP452,Iqra Chaudhry,DEPARTMENT-011,Legal & Compliance,POS-441,Legal and Compliance Manager,Manager/Head,COURSE-S045-PRC,Stakeholder Management in Practice,Practitioner,S045,Stakeholder Management,3,76.2,Certified,Completed,2026-07-15,No,"Derived from actual role=Manager/Head, skill proficiency=3/5, skill score=76.2, certification=Certified, skill status=Current.",DERIVED_DEMO_FROM_EXISTING_EMPLOYEE_DATA,No,2026-08-01
LEARN-EMP423-COURSE-S068-FND,EMP423,Danish Latif,DEPARTMENT-010,Administration & Facilities,POS-413,Administration Officer,Professional/Mid-level,COURSE-S068-FND,Vendor Coordination Fundamentals,Foundation,S068,Vendor Coordination,2,71.8,Certified,Completed,2025-03-15,Yes,"Derived from actual role=Professional/Mid-level, skill proficiency=2/5, skill score=71.8, certification=Certified, skill status=Developing.",DERIVED_DEMO_FROM_EXISTING_EMPLOYEE_DATA,No,2026-08-01
LEARN-EMP423-COURSE-S052-PRC,EMP423,Danish Latif,DEPARTMENT-010,Administration & Facilities,POS-413,Administration Officer,Professional/Mid-level,COURSE-S052-PRC,Time Management in Practice,Practitioner,S052,Time Management,4,77.8,Certified,Completed,2025-05-15,No,"Derived from actual role=Professional/Mid-level, skill proficiency=4/5, skill score=77.8, certification=Certified, skill status=Current.",DERIVED_DEMO_FROM_EXISTING_EMPLOYEE_DATA,No,2026-08-01
LEARN-EMP280-COURSE-S023-ADV,EMP280,Noman Waheed,DEPARTMENT-006,Operations,POS-274,Senior Operations Officer,Senior/Lead,COURSE-S023-ADV,Advanced Risk & Controls and Decision Practice,Advanced,S023,Risk & Controls,4,91.5,Certified,Completed,2025-01-15,Yes,"Derived from actual role=Senior/Lead, skill proficiency=4/5, skill score=91.5, certification=Certified, skill status=Current.",DERIVED_DEMO_FROM_EXISTING_EMPLOYEE_DATA,No,2026-08-01
LEARN-EMP280-COURSE-S044-ADV,EMP280,Noman Waheed,DEPARTMENT-006,Operations,POS-274,Senior Operations Officer,Senior/Lead,COURSE-S044-ADV,Advanced Problem Solving for Professional Growth,Advanced,S044,Problem Solving,5,97.8,Not Required,Completed,2026-01-15,No,"Derived from actual role=Senior/Lead, skill proficiency=5/5, skill score=97.8, certification=Not Required, skill status=Current.",DERIVED_DEMO_FROM_EXISTING_EMPLOYEE_DATA,No,2026-08-01
LEARN-EMP384-COURSE-S064-PRC,EMP384,Ayesha Farooq,DEPARTMENT-009,Training & Development,POS-375,Learning and Development Specialist,Professional/Mid-level,COURSE-S064-PRC,Applied Learning Evaluation for Learning Delivery,Practitioner,S064,Learning Evaluation,3,85.4,Certified,Completed,2026-07-15,Yes,"Derived from actual role=Professional/Mid-level, skill proficiency=3/5, skill score=85.4, certification=Certified, skill status=Current.",DERIVED_DEMO_FROM_EXISTING_EMPLOYEE_DATA,No,2026-08-01
LEARN-EMP384-COURSE-S061-ADV,EMP384,Ayesha Farooq,DEPARTMENT-009,Training & Development,POS-375,Learning and Development Specialist,Professional/Mid-level,COURSE-S061-ADV,Advanced Training Needs Analysis and Learning Impact,Advanced,S061,Training Needs Analysis,4,88.1,Not Required,Completed,2026-04-15,Yes,"Derived from actual role=Professional/Mid-level, skill proficiency=4/5, skill score=88.1, certification=Not Required, skill status=Current.",DERIVED_DEMO_FROM_EXISTING_EMPLOYEE_DATA,No,2026-08-01
LEARN-EMP656-COURSE-S095-ADV,EMP656,Sara Hussain,DEPARTMENT-015,Quality Assurance,POS-641,Quality Analyst,Professional/Mid-level,COURSE-S095-ADV,Advanced Statistical Process Control and Continuous Improvement,Advanced,S095,Statistical Process Control,5,100.0,Planned,Completed,2025-03-15,Yes,"Derived from actual role=Professional/Mid-level, skill proficiency=5/5, skill score=100.0, certification=Planned, skill status=Current.",DERIVED_DEMO_FROM_EXISTING_EMPLOYEE_DATA,No,2026-08-01
LEARN-EMP656-COURSE-S020-ADV,EMP656,Sara Hussain,DEPARTMENT-015,Quality Assurance,POS-641,Quality Analyst,Professional/Mid-level,COURSE-S020-ADV,Advanced SOP Compliance and Decision Practice,Advanced,S020,SOP Compliance,5,100.0,Not Required,Completed,2025-03-15,No,"Derived from actual role=Professional/Mid-level, skill proficiency=5/5, skill score=100.0, certification=Not Required, skill status=Current.",DERIVED_DEMO_FROM_EXISTING_EMPLOYEE_DATA,No,2026-08-01
LEARN-EMP488-COURSE-S074-ADV,EMP488,Omar Akhtar,DEPARTMENT-011,Legal & Compliance,POS-477,Legal Assistant,Junior/Assistant,COURSE-S074-ADV,Advanced Legal Research and Decision Practice,Advanced,S074,Legal Research,4,90.3,Certified,Completed,2025-06-15,Yes,"Derived from actual role=Junior/Assistant, skill proficiency=4/5, skill score=90.3, certification=Certified, skill status=Current.",DERIVED_DEMO_FROM_EXISTING_EMPLOYEE_DATA,No,2026-08-01
LEARN-EMP312-COURSE-S007-PRC,EMP312,Areeba Tariq,DEPARTMENT-007,IT,POS-305,IT Support Technician,Junior/Assistant,COURSE-S007-PRC,Applied Cloud Platforms,Practitioner,S007,Cloud Platforms,3,74.6,Certified,Completed,2024-06-15,Yes,"Derived from actual role=Junior/Assistant, skill proficiency=3/5, skill score=74.6, certification=Certified, skill status=Current.",DERIVED_DEMO_FROM_EXISTING_EMPLOYEE_DATA,No,2026-08-01
LEARN-EMP186-COURSE-S009-PRC,EMP186,Zara Masood,DEPARTMENT-007,IT,POS-186,Systems Administrator,Professional/Mid-level,COURSE-S009-PRC,Applied Network Administration,Practitioner,S009,Network Administration,4,75.6,Certification Planned,Completed,2026-03-15,Yes,"Derived from actual role=Professional/Mid-level, skill proficiency=4/5, skill score=75.6, certification=Certification Planned, skill status=Verified.",DERIVED_DEMO_FROM_EXISTING_EMPLOYEE_DATA,No,2026-08-01
LEARN-EMP186-COURSE-S007-PRC,EMP186,Zara Masood,DEPARTMENT-007,IT,POS-186,Systems Administrator,Professional/Mid-level,COURSE-S007-PRC,Applied Cloud Platforms,Practitioner,S007,Cloud Platforms,4,75.5,Certification Planned,Completed,2025-03-15,Yes,"Derived from actual role=Professional/Mid-level, skill proficiency=4/5, skill score=75.5, certification=Certification Planned, skill status=Verified.",DERIVED_DEMO_FROM_EXISTING_EMPLOYEE_DATA,No,2026-08-01
LEARN-EMP406-COURSE-S070-ADV,EMP406,Taha Ejaz,DEPARTMENT-010,Administration & Facilities,EXEC-ADM-HEAD,Head of Administration and Facilities,Manager/Head,COURSE-S070-ADV,Advanced Records Management and Decision Practice,Advanced,S070,Records Management,5,93.0,Planned,Completed,2026-04-15,Yes,"Derived from actual role=Manager/Head, skill proficiency=5/5, skill score=93.0, certification=Planned, skill status=Current.",DERIVED_DEMO_FROM_EXISTING_EMPLOYEE_DATA,No,2026-08-01
LEARN-EMP406-COURSE-S046-ADV,EMP406,Taha Ejaz,DEPARTMENT-010,Administration & Facilities,EXEC-ADM-HEAD,Head of Administration and Facilities,Manager/Head,COURSE-S046-ADV,Advanced Leadership for Professional Growth,Advanced,S046,Leadership,5,91.1,Certified,Completed,2024-03-15,No,"Derived from actual role=Manager/Head, skill proficiency=5/5, skill score=91.1, certification=Certified, skill status=Current.",DERIVED_DEMO_FROM_EXISTING_EMPLOYEE_DATA,No,2026-08-01
LEARN-EMP406-COURSE-S067-PRC,EMP406,Taha Ejaz,DEPARTMENT-010,Administration & Facilities,EXEC-ADM-HEAD,Head of Administration and Facilities,Manager/Head,COURSE-S067-PRC,Applied Facilities Management,Practitioner,S067,Facilities Management,4,78.3,Planned,Completed,2026-03-15,Yes,"Derived from actual role=Manager/Head, skill proficiency=4/5, skill score=78.3, certification=Planned, skill status=Current.",DERIVED_DEMO_FROM_EXISTING_EMPLOYEE_DATA,No,2026-08-01
LEARN-EMP425-COURSE-S066-ADV,EMP425,Saad Awan,DEPARTMENT-010,Administration & Facilities,POS-415,Administration Officer,Professional/Mid-level,COURSE-S066-ADV,Advanced Office Administration and Decision Practice,Advanced,S066,Office Administration,5,95.6,Certified,Completed,2025-03-15,Yes,"Derived from actual role=Professional/Mid-level, skill proficiency=5/5, skill score=95.6, certification=Certified, skill status=Current.",DERIVED_DEMO_FROM_EXISTING_EMPLOYEE_DATA,No,2026-08-01
LEARN-EMP425-COURSE-S068-ADV,EMP425,Saad Awan,DEPARTMENT-010,Administration & Facilities,POS-415,Administration Officer,Professional/Mid-level,COURSE-S068-ADV,Advanced Vendor Coordination and Decision Practice,Advanced,S068,Vendor Coordination,5,94.3,Not Required,Completed,2024-04-15,Yes,"Derived from actual role=Professional/Mid-level, skill proficiency=5/5, skill score=94.3, certification=Not Required, skill status=Current.",DERIVED_DEMO_FROM_EXISTING_EMPLOYEE_DATA,No,2026-08-01
LEARN-EMP152-COURSE-S008-ADV,EMP152,Mahnoor Tariq,DEPARTMENT-007,IT,POS-152,Senior Systems Engineer,Senior/Lead,COURSE-S008-ADV,Advanced Cybersecurity and Decision Practice,Advanced,S008,Cybersecurity,5,91.5,Certified,Completed,2025-03-15,Yes,"Derived from actual role=Senior/Lead, skill proficiency=5/5, skill score=91.5, certification=Certified, skill status=Verified.",DERIVED_DEMO_FROM_EXISTING_EMPLOYEE_DATA,No,2026-08-01
LEARN-EMP152-COURSE-S050-ADV,EMP152,Mahnoor Tariq,DEPARTMENT-007,IT,POS-152,Senior Systems Engineer,Senior/Lead,COURSE-S050-ADV,Advanced Project Management for Professional Growth,Advanced,S050,Project Management,5,92.0,Certified,Completed,2024-08-15,Yes,"Derived from actual role=Senior/Lead, skill proficiency=5/5, skill score=92.0, certification=Certified, skill status=Verified.",DERIVED_DEMO_FROM_EXISTING_EMPLOYEE_DATA,No,2026-08-01
LEARN-EMP437-COURSE-S070-PRC,EMP437,Ali Ismail,DEPARTMENT-010,Administration & Facilities,POS-427,Administrative Assistant,Junior/Assistant,COURSE-S070-PRC,Applied Records Management,Practitioner,S070,Records Management,4,80.9,Not Required,Completed,2024-03-15,Yes,"Derived from actual role=Junior/Assistant, skill proficiency=4/5, skill score=80.9, certification=Not Required, skill status=Current.",DERIVED_DEMO_FROM_EXISTING_EMPLOYEE_DATA,No,2026-08-01
LEARN-EMP546-COURSE-S086-ADV,EMP546,Sara Baig,DEPARTMENT-013,Logistics & Warehouse,POS-533,Logistics Manager,Manager/Head,COURSE-S086-ADV,Advanced Dispatch Coordination and Decision Practice,Advanced,S086,Dispatch Coordination,5,95.4,Not Required,Completed,2024-06-15,Yes,"Derived from actual role=Manager/Head, skill proficiency=5/5, skill score=95.4, certification=Not Required, skill status=Current.",DERIVED_DEMO_FROM_EXISTING_EMPLOYEE_DATA,No,2026-08-01
LEARN-EMP546-COURSE-S085-ADV,EMP546,Sara Baig,DEPARTMENT-013,Logistics & Warehouse,POS-533,Logistics Manager,Manager/Head,COURSE-S085-ADV,Advanced Route Optimization and Decision Practice,Advanced,S085,Route Optimization,4,82.4,Not Required,Completed,2024-07-15,Yes,"Derived from actual role=Manager/Head, skill proficiency=4/5, skill score=82.4, certification=Not Required, skill status=Current.",DERIVED_DEMO_FROM_EXISTING_EMPLOYEE_DATA,No,2026-08-01
LEARN-EMP546-COURSE-S046-ADV,EMP546,Sara Baig,DEPARTMENT-013,Logistics & Warehouse,POS-533,Logistics Manager,Manager/Head,COURSE-S046-ADV,Advanced Leadership for Professional Growth,Advanced,S046,Leadership,4,86.6,Certified,Completed,2025-05-15,No,"Derived from actual role=Manager/Head, skill proficiency=4/5, skill score=86.6, certification=Certified, skill status=Current.",DERIVED_DEMO_FROM_EXISTING_EMPLOYEE_DATA,No,2026-08-01
LEARN-EMP161-COURSE-S025-PRC,EMP161,Iqra Yousaf,DEPARTMENT-002,Finance,POS-161,Financial Analyst,Professional/Mid-level,COURSE-S025-PRC,Applied Financial Analysis,Practitioner,S025,Financial Analysis,4,78.8,Certified,Completed,2025-06-15,Yes,"Derived from actual role=Professional/Mid-level, skill proficiency=4/5, skill score=78.8, certification=Certified, skill status=Developing.",DERIVED_DEMO_FROM_EXISTING_EMPLOYEE_DATA,No,2026-08-01
LEARN-EMP161-COURSE-S026-PRC,EMP161,Iqra Yousaf,DEPARTMENT-002,Finance,POS-161,Financial Analyst,Professional/Mid-level,COURSE-S026-PRC,Applied Accounting & Reconciliation,Practitioner,S026,Accounting & Reconciliation,4,78.4,Not Required,Completed,2024-01-15,Yes,"Derived from actual role=Professional/Mid-level, skill proficiency=4/5, skill score=78.4, certification=Not Required, skill status=Verified.",DERIVED_DEMO_FROM_EXISTING_EMPLOYEE_DATA,No,2026-08-01
LEARN-EMP447-COURSE-S069-ADV,EMP447,Junaid Qureshi,DEPARTMENT-010,Administration & Facilities,POS-437,Administrative Assistant,Junior/Assistant,COURSE-S069-ADV,Advanced Asset Management and Decision Practice,Advanced,S069,Asset Management,4,85.6,Certified,Completed,2024-01-15,Yes,"Derived from actual role=Junior/Assistant, skill proficiency=4/5, skill score=85.6, certification=Certified, skill status=Current.",DERIVED_DEMO_FROM_EXISTING_EMPLOYEE_DATA,No,2026-08-01
LEARN-EMP590-COURSE-S046-ADV,EMP590,Taha Ali,DEPARTMENT-014,Production & Manufacturing,POS-576,Production Manager,Manager/Head,COURSE-S046-ADV,Advanced Leadership for Professional Growth,Advanced,S046,Leadership,5,90.8,Certified,Completed,2026-03-15,No,"Derived from actual role=Manager/Head, skill proficiency=5/5, skill score=90.8, certification=Certified, skill status=Current.",DERIVED_DEMO_FROM_EXISTING_EMPLOYEE_DATA,No,2026-08-01
LEARN-EMP590-COURSE-S090-PRC,EMP590,Taha Ali,DEPARTMENT-014,Production & Manufacturing,POS-576,Production Manager,Manager/Head,COURSE-S090-PRC,Applied Preventive Maintenance in Operations,Practitioner,S090,Preventive Maintenance,3,80.0,Not Required,Completed,2024-03-15,Yes,"Derived from actual role=Manager/Head, skill proficiency=3/5, skill score=80.0, certification=Not Required, skill status=Current.",DERIVED_DEMO_FROM_EXISTING_EMPLOYEE_DATA,No,2026-08-01
LEARN-EMP590-COURSE-S044-ADV,EMP590,Taha Ali,DEPARTMENT-014,Production & Manufacturing,POS-576,Production Manager,Manager/Head,COURSE-S044-ADV,Advanced Problem Solving for Professional Growth,Advanced,S044,Problem Solving,4,95.8,Planned,Completed,2026-01-15,No,"Derived from actual role=Manager/Head, skill proficiency=4/5, skill score=95.8, certification=Planned, skill status=Current.",DERIVED_DEMO_FROM_EXISTING_EMPLOYEE_DATA,No,2026-08-01
LEARN-EMP563-COURSE-S085-ADV,EMP563,Hira Ali,DEPARTMENT-013,Logistics & Warehouse,POS-550,Logistics Coordinator,Professional/Mid-level,COURSE-S085-ADV,Advanced Route Optimization and Decision Practice,Advanced,S085,Route Optimization,5,89.6,Not Required,Completed,2026-05-15,Yes,"Derived from actual role=Professional/Mid-level, skill proficiency=5/5, skill score=89.6, certification=Not Required, skill status=Current.",DERIVED_DEMO_FROM_EXISTING_EMPLOYEE_DATA,No,2026-08-01
LEARN-EMP563-COURSE-S046-ADV,EMP563,Hira Ali,DEPARTMENT-013,Logistics & Warehouse,POS-550,Logistics Coordinator,Professional/Mid-level,COURSE-S046-ADV,Advanced Leadership for Professional Growth,Advanced,S046,Leadership,4,87.7,Not Required,Completed,2025-05-15,No,"Derived from actual role=Professional/Mid-level, skill proficiency=4/5, skill score=87.7, certification=Not Required, skill status=Current.",DERIVED_DEMO_FROM_EXISTING_EMPLOYEE_DATA,No,2026-08-01
LEARN-EMP002-COURSE-S014-ADV,EMP002,Bilal Aziz,DEPARTMENT-003,Sales,POS-002,Account Manager,Professional/Mid-level,COURSE-S014-ADV,Advanced Negotiation for Professional Growth,Advanced,S014,Negotiation,4,90.3,Not Required,Completed,2025-03-15,Yes,"Derived from actual role=Professional/Mid-level, skill proficiency=4/5, skill score=90.3, certification=Not Required, skill status=Verified.",DERIVED_DEMO_FROM_EXISTING_EMPLOYEE_DATA,No,2026-08-01
LEARN-EMP002-COURSE-S016-PRC,EMP002,Bilal Aziz,DEPARTMENT-003,Sales,POS-002,Account Manager,Professional/Mid-level,COURSE-S016-PRC,Applied Account Management,Practitioner,S016,Account Management,4,78.3,Not Required,Completed,2026-03-15,Yes,"Derived from actual role=Professional/Mid-level, skill proficiency=4/5, skill score=78.3, certification=Not Required, skill status=Verified.",DERIVED_DEMO_FROM_EXISTING_EMPLOYEE_DATA,No,2026-08-01
LEARN-EMP518-COURSE-S079-ADV,EMP518,Maryam Mughal,DEPARTMENT-012,Procurement & Supply Chain,POS-506,Procurement Officer,Professional/Mid-level,COURSE-S079-ADV,Advanced Contract Negotiation and Decision Practice,Advanced,S079,Contract Negotiation,5,89.2,Not Required,Completed,2026-02-15,Yes,"Derived from actual role=Professional/Mid-level, skill proficiency=5/5, skill score=89.2, certification=Not Required, skill status=Current.",DERIVED_DEMO_FROM_EXISTING_EMPLOYEE_DATA,No,2026-08-01
LEARN-EMP518-COURSE-S080-FND,EMP518,Maryam Mughal,DEPARTMENT-012,Procurement & Supply Chain,POS-506,Procurement Officer,Professional/Mid-level,COURSE-S080-FND,Inventory Planning Fundamentals,Foundation,S080,Inventory Planning,3,66.8,Not Required,Completed,2025-01-15,Yes,"Derived from actual role=Professional/Mid-level, skill proficiency=3/5, skill score=66.8, certification=Not Required, skill status=Current.",DERIVED_DEMO_FROM_EXISTING_EMPLOYEE_DATA,No,2026-08-01
LEARN-EMP340-COURSE-S056-ADV,EMP340,Eman Raza,DEPARTMENT-008,Medical Care,POS-332,Medical Officer,Professional/Mid-level,COURSE-S056-ADV,Advanced Clinical Documentation and Patient Safety,Advanced,S056,Clinical Documentation,4,87.4,Certified,Completed,2025-07-15,Yes,"Derived from actual role=Professional/Mid-level, skill proficiency=4/5, skill score=87.4, certification=Certified, skill status=Current.",DERIVED_DEMO_FROM_EXISTING_EMPLOYEE_DATA,No,2026-08-01
LEARN-EMP340-COURSE-S057-ADV,EMP340,Eman Raza,DEPARTMENT-008,Medical Care,POS-332,Medical Officer,Professional/Mid-level,COURSE-S057-ADV,Advanced Medication Safety and Patient Safety,Advanced,S057,Medication Safety,4,87.6,Planned,Completed,2026-05-15,Yes,"Derived from actual role=Professional/Mid-level, skill proficiency=4/5, skill score=87.6, certification=Planned, skill status=Current.",DERIVED_DEMO_FROM_EXISTING_EMPLOYEE_DATA,No,2026-08-01
LEARN-EMP254-COURSE-S016-ADV,EMP254,Farhan Awan,DEPARTMENT-003,Sales,POS-251,Senior Account Manager,Senior/Lead,COURSE-S016-ADV,Advanced Account Management and Decision Practice,Advanced,S016,Account Management,5,96.5,Not Required,Completed,2024-06-15,Yes,"Derived from actual role=Senior/Lead, skill proficiency=5/5, skill score=96.5, certification=Not Required, skill status=Current.",DERIVED_DEMO_FROM_EXISTING_EMPLOYEE_DATA,No,2026-08-01
LEARN-EMP254-COURSE-S012-PRC,EMP254,Farhan Awan,DEPARTMENT-003,Sales,POS-251,Senior Account Manager,Senior/Lead,COURSE-S012-PRC,Applied B2B Sales,Practitioner,S012,B2B Sales,3,72.0,Certified,Completed,2026-04-15,Yes,"Derived from actual role=Senior/Lead, skill proficiency=3/5, skill score=72.0, certification=Certified, skill status=Current.",DERIVED_DEMO_FROM_EXISTING_EMPLOYEE_DATA,No,2026-08-01
LEARN-EMP335-COURSE-S056-ADV,EMP335,Haris Rauf,DEPARTMENT-008,Medical Care,POS-327,Medical Officer,Professional/Mid-level,COURSE-S056-ADV,Advanced Clinical Documentation and Patient Safety,Advanced,S056,Clinical Documentation,5,96.3,Certified,Completed,2026-08-15,Yes,"Derived from actual role=Professional/Mid-level, skill proficiency=5/5, skill score=96.3, certification=Certified, skill status=Current.",DERIVED_DEMO_FROM_EXISTING_EMPLOYEE_DATA,No,2026-08-01
LEARN-EMP335-COURSE-S058-ADV,EMP335,Haris Rauf,DEPARTMENT-008,Medical Care,POS-327,Medical Officer,Professional/Mid-level,COURSE-S058-ADV,Advanced Infection Prevention and Patient Safety,Advanced,S058,Infection Prevention,5,100.0,Not Required,Completed,2025-04-15,Yes,"Derived from actual role=Professional/Mid-level, skill proficiency=5/5, skill score=100.0, certification=Not Required, skill status=Current.",DERIVED_DEMO_FROM_EXISTING_EMPLOYEE_DATA,No,2026-08-01
LEARN-EMP377-COURSE-S064-ADV,EMP377,Anam Mirza,DEPARTMENT-009,Training & Development,POS-368,Learning and Development Specialist,Professional/Mid-level,COURSE-S064-ADV,Advanced Learning Evaluation and Learning Impact,Advanced,S064,Learning Evaluation,4,94.0,Not Required,Completed,2024-07-15,Yes,"Derived from actual role=Professional/Mid-level, skill proficiency=4/5, skill score=94.0, certification=Not Required, skill status=Current.",DERIVED_DEMO_FROM_EXISTING_EMPLOYEE_DATA,No,2026-08-01
LEARN-EMP377-COURSE-S061-PRC,EMP377,Anam Mirza,DEPARTMENT-009,Training & Development,POS-368,Learning and Development Specialist,Professional/Mid-level,COURSE-S061-PRC,Applied Training Needs Analysis for Learning Delivery,Practitioner,S061,Training Needs Analysis,3,76.6,Certified,Completed,2024-06-15,Yes,"Derived from actual role=Professional/Mid-level, skill proficiency=3/5, skill score=76.6, certification=Certified, skill status=Current.",DERIVED_DEMO_FROM_EXISTING_EMPLOYEE_DATA,No,2026-08-01
LEARN-EMP317-COURSE-S054-PRC,EMP317,Anam Khan,DEPARTMENT-008,Medical Care,POS-309,Medical Care Manager,Manager/Head,COURSE-S054-PRC,Applied Clinical Assessment in Clinical Practice,Practitioner,S054,Clinical Assessment,4,81.8,Certified,Completed,2025-01-15,Yes,"Derived from actual role=Manager/Head, skill proficiency=4/5, skill score=81.8, certification=Certified, skill status=Current.",DERIVED_DEMO_FROM_EXISTING_EMPLOYEE_DATA,No,2026-08-01
LEARN-EMP317-COURSE-S056-ADV,EMP317,Anam Khan,DEPARTMENT-008,Medical Care,POS-309,Medical Care Manager,Manager/Head,COURSE-S056-ADV,Advanced Clinical Documentation and Patient Safety,Advanced,S056,Clinical Documentation,4,83.8,Not Required,Completed,2026-01-15,Yes,"Derived from actual role=Manager/Head, skill proficiency=4/5, skill score=83.8, certification=Not Required, skill status=Current.",DERIVED_DEMO_FROM_EXISTING_EMPLOYEE_DATA,No,2026-08-01
LEARN-EMP317-COURSE-S051-ADV,EMP317,Anam Khan,DEPARTMENT-008,Medical Care,POS-309,Medical Care Manager,Manager/Head,COURSE-S051-ADV,Advanced Empathy & Active Listening for Professional Growth,Advanced,S051,Empathy & Active Listening,5,98.2,Certified,Completed,2024-04-15,No,"Derived from actual role=Manager/Head, skill proficiency=5/5, skill score=98.2, certification=Certified, skill status=Current.",DERIVED_DEMO_FROM_EXISTING_EMPLOYEE_DATA,No,2026-08-01
LEARN-EMP229-COURSE-S049-ADV,EMP229,Danish Sultan,DEPARTMENT-002,Finance,POS-227,Finance Manager,Manager/Head,COURSE-S049-ADV,Advanced Data Analysis and Decision Practice,Advanced,S049,Data Analysis,5,100.0,Certified,Completed,2025-07-15,No,"Derived from actual role=Manager/Head, skill proficiency=5/5, skill score=100.0, certification=Certified, skill status=Current.",DERIVED_DEMO_FROM_EXISTING_EMPLOYEE_DATA,No,2026-08-01
LEARN-EMP229-COURSE-S030-PRC,EMP229,Danish Sultan,DEPARTMENT-002,Finance,POS-227,Finance Manager,Manager/Head,COURSE-S030-PRC,Applied Risk Analysis,Practitioner,S030,Risk Analysis,5,81.8,Not Required,Completed,2025-01-15,No,"Derived from actual role=Manager/Head, skill proficiency=5/5, skill score=81.8, certification=Not Required, skill status=Current.",DERIVED_DEMO_FROM_EXISTING_EMPLOYEE_DATA,No,2026-08-01
LEARN-EMP229-COURSE-S025-PRC,EMP229,Danish Sultan,DEPARTMENT-002,Finance,POS-227,Finance Manager,Manager/Head,COURSE-S025-PRC,Applied Financial Analysis,Practitioner,S025,Financial Analysis,3,80.5,Not Required,Completed,2025-01-15,Yes,"Derived from actual role=Manager/Head, skill proficiency=3/5, skill score=80.5, certification=Not Required, skill status=Current.",DERIVED_DEMO_FROM_EXISTING_EMPLOYEE_DATA,No,2026-08-01
LEARN-EMP363-COURSE-S062-ADV,EMP363,Shahzaib Rauf,DEPARTMENT-009,Training & Development,POS-354,Training Manager,Manager/Head,COURSE-S062-ADV,Advanced Curriculum Design and Learning Impact,Advanced,S062,Curriculum Design,5,97.3,Certified,Completed,2024-04-15,Yes,"Derived from actual role=Manager/Head, skill proficiency=5/5, skill score=97.3, certification=Certified, skill status=Current.",DERIVED_DEMO_FROM_EXISTING_EMPLOYEE_DATA,No,2026-08-01
LEARN-EMP363-COURSE-S064-ADV,EMP363,Shahzaib Rauf,DEPARTMENT-009,Training & Development,POS-354,Training Manager,Manager/Head,COURSE-S064-ADV,Advanced Learning Evaluation and Learning Impact,Advanced,S064,Learning Evaluation,5,89.5,Not Required,Completed,2024-01-15,Yes,"Derived from actual role=Manager/Head, skill proficiency=5/5, skill score=89.5, certification=Not Required, skill status=Current.",DERIVED_DEMO_FROM_EXISTING_EMPLOYEE_DATA,No,2026-08-01
LEARN-EMP363-COURSE-S065-PRC,EMP363,Shahzaib Rauf,DEPARTMENT-009,Training & Development,POS-354,Training Manager,Manager/Head,COURSE-S065-PRC,Applied Learning Management Systems for Learning Delivery,Practitioner,S065,Learning Management Systems,3,69.6,Not Required,Completed,2026-05-15,Yes,"Derived from actual role=Manager/Head, skill proficiency=3/5, skill score=69.6, certification=Not Required, skill status=Current.",DERIVED_DEMO_FROM_EXISTING_EMPLOYEE_DATA,No,2026-08-01
LEARN-EMP006-COURSE-S002-PRC,EMP006,Sehrish Tariq,DEPARTMENT-005,Engineering,POS-006,Software Engineer II,Professional/Mid-level,COURSE-S002-PRC,Applied SQL & Databases,Practitioner,S002,SQL & Databases,4,74.5,Not Required,Completed,2026-03-15,Yes,"Derived from actual role=Professional/Mid-level, skill proficiency=4/5, skill score=74.5, certification=Not Required, skill status=Verified.",DERIVED_DEMO_FROM_EXISTING_EMPLOYEE_DATA,No,2026-08-01
LEARN-EMP006-COURSE-S001-PRC,EMP006,Sehrish Tariq,DEPARTMENT-005,Engineering,POS-006,Software Engineer II,Professional/Mid-level,COURSE-S001-PRC,Applied Python Programming,Practitioner,S001,Python Programming,4,73.3,Not Required,Completed,2026-04-15,Yes,"Derived from actual role=Professional/Mid-level, skill proficiency=4/5, skill score=73.3, certification=Not Required, skill status=Verified.",DERIVED_DEMO_FROM_EXISTING_EMPLOYEE_DATA,No,2026-08-01
LEARN-EMP473-COURSE-S073-ADV,EMP473,Areeba Saeed,DEPARTMENT-011,Legal & Compliance,POS-462,Compliance Analyst,Professional/Mid-level,COURSE-S073-ADV,Advanced Policy Interpretation and Decision Practice,Advanced,S073,Policy Interpretation,5,95.2,Not Required,Completed,2024-03-15,Yes,"Derived from actual role=Professional/Mid-level, skill proficiency=5/5, skill score=95.2, certification=Not Required, skill status=Current.",DERIVED_DEMO_FROM_EXISTING_EMPLOYEE_DATA,No,2026-08-01
LEARN-EMP473-COURSE-S071-PRC,EMP473,Areeba Saeed,DEPARTMENT-011,Legal & Compliance,POS-462,Compliance Analyst,Professional/Mid-level,COURSE-S071-PRC,Applied Contract Review,Practitioner,S071,Contract Review,3,75.3,Certified,Completed,2024-08-15,Yes,"Derived from actual role=Professional/Mid-level, skill proficiency=3/5, skill score=75.3, certification=Certified, skill status=Current.",DERIVED_DEMO_FROM_EXISTING_EMPLOYEE_DATA,No,2026-08-01
LEARN-EMP223-COURSE-S032-PRC,EMP223,Talha Mahmood,DEPARTMENT-001,HR,POS-222,HR Assistant,Junior/Assistant,COURSE-S032-PRC,Applied HRIS & Employee Data,Practitioner,S032,HRIS & Employee Data,4,72.7,Certified,Completed,2025-02-15,Yes,"Derived from actual role=Junior/Assistant, skill proficiency=4/5, skill score=72.7, certification=Certified, skill status=Current.",DERIVED_DEMO_FROM_EXISTING_EMPLOYEE_DATA,No,2026-08-01
LEARN-EMP460-COURSE-S074-ADV,EMP460,Ayesha Javed,DEPARTMENT-011,Legal & Compliance,POS-449,Senior Legal Counsel,Senior/Lead,COURSE-S074-ADV,Advanced Legal Research and Decision Practice,Advanced,S074,Legal Research,4,83.5,Certified,Completed,2024-04-15,Yes,"Derived from actual role=Senior/Lead, skill proficiency=4/5, skill score=83.5, certification=Certified, skill status=Current.",DERIVED_DEMO_FROM_EXISTING_EMPLOYEE_DATA,No,2026-08-01
LEARN-EMP460-COURSE-S071-PRC,EMP460,Ayesha Javed,DEPARTMENT-011,Legal & Compliance,POS-449,Senior Legal Counsel,Senior/Lead,COURSE-S071-PRC,Applied Contract Review,Practitioner,S071,Contract Review,4,80.9,Planned,Completed,2026-08-15,Yes,"Derived from actual role=Senior/Lead, skill proficiency=4/5, skill score=80.9, certification=Planned, skill status=Current.",DERIVED_DEMO_FROM_EXISTING_EMPLOYEE_DATA,No,2026-08-01
LEARN-EMP417-COURSE-S070-PRC,EMP417,Saba Ali,DEPARTMENT-010,Administration & Facilities,POS-407,Senior Administration Officer,Senior/Lead,COURSE-S070-PRC,Applied Records Management,Practitioner,S070,Records Management,3,82.3,Certified,Completed,2025-01-15,Yes,"Derived from actual role=Senior/Lead, skill proficiency=3/5, skill score=82.3, certification=Certified, skill status=Current.",DERIVED_DEMO_FROM_EXISTING_EMPLOYEE_DATA,No,2026-08-01
LEARN-EMP417-COURSE-S069-ADV,EMP417,Saba Ali,DEPARTMENT-010,Administration & Facilities,POS-407,Senior Administration Officer,Senior/Lead,COURSE-S069-ADV,Advanced Asset Management and Decision Practice,Advanced,S069,Asset Management,4,88.8,Planned,Completed,2026-01-15,Yes,"Derived from actual role=Senior/Lead, skill proficiency=4/5, skill score=88.8, certification=Planned, skill status=Current.",DERIVED_DEMO_FROM_EXISTING_EMPLOYEE_DATA,No,2026-08-01
LEARN-EMP567-COURSE-S085-ADV,EMP567,Hira Javed,DEPARTMENT-013,Logistics & Warehouse,POS-554,Logistics Coordinator,Professional/Mid-level,COURSE-S085-ADV,Advanced Route Optimization and Decision Practice,Advanced,S085,Route Optimization,4,86.6,Not Required,Completed,2024-02-15,Yes,"Derived from actual role=Professional/Mid-level, skill proficiency=4/5, skill score=86.6, certification=Not Required, skill status=Current.",DERIVED_DEMO_FROM_EXISTING_EMPLOYEE_DATA,No,2026-08-01
LEARN-EMP567-COURSE-S020-ADV,EMP567,Hira Javed,DEPARTMENT-013,Logistics & Warehouse,POS-554,Logistics Coordinator,Professional/Mid-level,COURSE-S020-ADV,Advanced SOP Compliance and Decision Practice,Advanced,S020,SOP Compliance,5,95.0,Certified,Completed,2025-08-15,No,"Derived from actual role=Professional/Mid-level, skill proficiency=5/5, skill score=95.0, certification=Certified, skill status=Current.",DERIVED_DEMO_FROM_EXISTING_EMPLOYEE_DATA,No,2026-08-01
LEARN-EMP010-COURSE-S050-ADV,EMP010,Salman Shah,DEPARTMENT-005,Engineering,POS-010,Senior Software Engineer,Senior/Lead,COURSE-S050-ADV,Advanced Project Management for Professional Growth,Advanced,S050,Project Management,4,84.0,Certified,Completed,2025-03-15,Yes,"Derived from actual role=Senior/Lead, skill proficiency=4/5, skill score=84.0, certification=Certified, skill status=Verified.",DERIVED_DEMO_FROM_EXISTING_EMPLOYEE_DATA,No,2026-08-01
LEARN-EMP010-COURSE-S003-PRC,EMP010,Salman Shah,DEPARTMENT-005,Engineering,POS-010,Senior Software Engineer,Senior/Lead,COURSE-S003-PRC,Applied API Development,Practitioner,S003,API Development,4,79.1,Not Required,Completed,2024-04-15,Yes,"Derived from actual role=Senior/Lead, skill proficiency=4/5, skill score=79.1, certification=Not Required, skill status=Verified.",DERIVED_DEMO_FROM_EXISTING_EMPLOYEE_DATA,No,2026-08-01
LEARN-EMP009-COURSE-S047-ADV,EMP009,Hassan Dar,DEPARTMENT-004,Customer Support,POS-009,Customer Support Manager,Manager/Head,COURSE-S047-ADV,Advanced Coaching & Mentoring for Professional Growth,Advanced,S047,Coaching & Mentoring,5,89.6,Not Required,Completed,2026-05-15,Yes,"Derived from actual role=Manager/Head, skill proficiency=5/5, skill score=89.6, certification=Not Required, skill status=Verified.",DERIVED_DEMO_FROM_EXISTING_EMPLOYEE_DATA,No,2026-08-01
LEARN-EMP009-COURSE-S046-ADV,EMP009,Hassan Dar,DEPARTMENT-004,Customer Support,POS-009,Customer Support Manager,Manager/Head,COURSE-S046-ADV,Advanced Leadership for Professional Growth,Advanced,S046,Leadership,5,86.3,Not Required,Completed,2025-06-15,Yes,"Derived from actual role=Manager/Head, skill proficiency=5/5, skill score=86.3, certification=Not Required, skill status=Verified.",DERIVED_DEMO_FROM_EXISTING_EMPLOYEE_DATA,No,2026-08-01
LEARN-EMP009-COURSE-S021-ADV,EMP009,Hassan Dar,DEPARTMENT-004,Customer Support,POS-009,Customer Support Manager,Manager/Head,COURSE-S021-ADV,Advanced Process Improvement and Decision Practice,Advanced,S021,Process Improvement,5,94.6,Not Required,Completed,2026-05-15,Yes,"Derived from actual role=Manager/Head, skill proficiency=5/5, skill score=94.6, certification=Not Required, skill status=Verified.",DERIVED_DEMO_FROM_EXISTING_EMPLOYEE_DATA,No,2026-08-01
LEARN-EMP225-COURSE-S034-FND,EMP225,Noor Rauf,DEPARTMENT-001,HR,POS-224,HR Intern,Intern/Trainee,COURSE-S034-FND,Employee Relations Essentials,Foundation,S034,Employee Relations,3,65.3,Certified,Completed,2024-08-15,Yes,"Derived from actual role=Intern/Trainee, skill proficiency=3/5, skill score=65.3, certification=Certified, skill status=Current.",DERIVED_DEMO_FROM_EXISTING_EMPLOYEE_DATA,No,2026-08-01
LEARN-EMP672-COURSE-S094-PRC,EMP672,Taha Nawaz,DEPARTMENT-015,Quality Assurance,POS-657,Quality Inspector,Junior/Assistant,COURSE-S094-PRC,Applied Corrective Action Management in Operations,Practitioner,S094,Corrective Action Management,3,76.8,Certified,Completed,2024-06-15,Yes,"Derived from actual role=Junior/Assistant, skill proficiency=3/5, skill score=76.8, certification=Certified, skill status=Current.",DERIVED_DEMO_FROM_EXISTING_EMPLOYEE_DATA,No,2026-08-01
LEARN-EMP415-COURSE-S067-PRC,EMP415,Mahnoor Aziz,DEPARTMENT-010,Administration & Facilities,POS-405,Senior Administration Officer,Senior/Lead,COURSE-S067-PRC,Applied Facilities Management,Practitioner,S067,Facilities Management,4,80.0,Certified,Completed,2026-01-15,Yes,"Derived from actual role=Senior/Lead, skill proficiency=4/5, skill score=80.0, certification=Certified, skill status=Current.",DERIVED_DEMO_FROM_EXISTING_EMPLOYEE_DATA,No,2026-08-01
LEARN-EMP415-COURSE-S052-ADV,EMP415,Mahnoor Aziz,DEPARTMENT-010,Administration & Facilities,POS-405,Senior Administration Officer,Senior/Lead,COURSE-S052-ADV,Advanced Time Management for Professional Growth,Advanced,S052,Time Management,5,100.0,Not Required,Completed,2024-06-15,No,"Derived from actual role=Senior/Lead, skill proficiency=5/5, skill score=100.0, certification=Not Required, skill status=Current.",DERIVED_DEMO_FROM_EXISTING_EMPLOYEE_DATA,No,2026-08-01
LEARN-EMP717-COURSE-S098-PRC,EMP717,Minal Hameed,DEPARTMENT-016,Research & Development,POS-701,Research Associate,Junior/Assistant,COURSE-S098-PRC,Applied Technical Writing for R&D,Practitioner,S098,Technical Writing,3,71.9,Planned,Completed,2025-05-15,Yes,"Derived from actual role=Junior/Assistant, skill proficiency=3/5, skill score=71.9, certification=Planned, skill status=Current.",DERIVED_DEMO_FROM_EXISTING_EMPLOYEE_DATA,No,2026-08-01
LEARN-EMP541-COURSE-S083-ADV,EMP541,Asad Hashmi,DEPARTMENT-013,Logistics & Warehouse,EXEC-LOG-HEAD,Head of Logistics and Warehouse,Manager/Head,COURSE-S083-ADV,Advanced Inventory Control and Decision Practice,Advanced,S083,Inventory Control,4,93.4,Certified,Completed,2025-08-15,Yes,"Derived from actual role=Manager/Head, skill proficiency=4/5, skill score=93.4, certification=Certified, skill status=Current.",DERIVED_DEMO_FROM_EXISTING_EMPLOYEE_DATA,No,2026-08-01
LEARN-EMP541-COURSE-S044-ADV,EMP541,Asad Hashmi,DEPARTMENT-013,Logistics & Warehouse,EXEC-LOG-HEAD,Head of Logistics and Warehouse,Manager/Head,COURSE-S044-ADV,Advanced Problem Solving for Professional Growth,Advanced,S044,Problem Solving,5,96.6,Certified,Completed,2024-02-15,No,"Derived from actual role=Manager/Head, skill proficiency=5/5, skill score=96.6, certification=Certified, skill status=Current.",DERIVED_DEMO_FROM_EXISTING_EMPLOYEE_DATA,No,2026-08-01
LEARN-EMP541-COURSE-S084-ADV,EMP541,Asad Hashmi,DEPARTMENT-013,Logistics & Warehouse,EXEC-LOG-HEAD,Head of Logistics and Warehouse,Manager/Head,COURSE-S084-ADV,Advanced Transport Planning and Decision Practice,Advanced,S084,Transport Planning,4,88.0,Not Required,Completed,2025-01-15,Yes,"Derived from actual role=Manager/Head, skill proficiency=4/5, skill score=88.0, certification=Not Required, skill status=Current.",DERIVED_DEMO_FROM_EXISTING_EMPLOYEE_DATA,No,2026-08-01
LEARN-EMP542-COURSE-S085-ADV,EMP542,Kashif Chaudhry,DEPARTMENT-013,Logistics & Warehouse,POS-529,Logistics Manager,Manager/Head,COURSE-S085-ADV,Advanced Route Optimization and Decision Practice,Advanced,S085,Route Optimization,5,96.7,Certified,Completed,2024-08-15,Yes,"Derived from actual role=Manager/Head, skill proficiency=5/5, skill score=96.7, certification=Certified, skill status=Current.",DERIVED_DEMO_FROM_EXISTING_EMPLOYEE_DATA,No,2026-08-01
LEARN-EMP542-COURSE-S086-ADV,EMP542,Kashif Chaudhry,DEPARTMENT-013,Logistics & Warehouse,POS-529,Logistics Manager,Manager/Head,COURSE-S086-ADV,Advanced Dispatch Coordination and Decision Practice,Advanced,S086,Dispatch Coordination,5,93.5,Certified,Completed,2026-07-15,Yes,"Derived from actual role=Manager/Head, skill proficiency=5/5, skill score=93.5, certification=Certified, skill status=Current.",DERIVED_DEMO_FROM_EXISTING_EMPLOYEE_DATA,No,2026-08-01
LEARN-EMP542-COURSE-S084-PRC,EMP542,Kashif Chaudhry,DEPARTMENT-013,Logistics & Warehouse,POS-529,Logistics Manager,Manager/Head,COURSE-S084-PRC,Applied Transport Planning,Practitioner,S084,Transport Planning,4,79.0,Certified,Completed,2025-03-15,Yes,"Derived from actual role=Manager/Head, skill proficiency=4/5, skill score=79.0, certification=Certified, skill status=Current.",DERIVED_DEMO_FROM_EXISTING_EMPLOYEE_DATA,No,2026-08-01
LEARN-EMP372-COURSE-S064-ADV,EMP372,Hassan Nadeem,DEPARTMENT-009,Training & Development,POS-363,Senior Trainer,Senior/Lead,COURSE-S064-ADV,Advanced Learning Evaluation and Learning Impact,Advanced,S064,Learning Evaluation,4,83.4,Certified,Completed,2025-01-15,Yes,"Derived from actual role=Senior/Lead, skill proficiency=4/5, skill score=83.4, certification=Certified, skill status=Current.",DERIVED_DEMO_FROM_EXISTING_EMPLOYEE_DATA,No,2026-08-01
LEARN-EMP372-COURSE-S063-ADV,EMP372,Hassan Nadeem,DEPARTMENT-009,Training & Development,POS-363,Senior Trainer,Senior/Lead,COURSE-S063-ADV,Advanced Facilitation and Learning Impact,Advanced,S063,Facilitation,5,96.8,Planned,Completed,2024-03-15,Yes,"Derived from actual role=Senior/Lead, skill proficiency=5/5, skill score=96.8, certification=Planned, skill status=Current.",DERIVED_DEMO_FROM_EXISTING_EMPLOYEE_DATA,No,2026-08-01
LEARN-EMP119-COURSE-S041-PRC,EMP119,Ayesha Nawaz,DEPARTMENT-004,Customer Support,POS-119,Support Team Lead,Senior/Lead,COURSE-S041-PRC,Applied Knowledge Base Management,Practitioner,S041,Knowledge Base Management,4,71.5,Not Required,Completed,2026-02-15,Yes,"Derived from actual role=Senior/Lead, skill proficiency=4/5, skill score=71.5, certification=Not Required, skill status=Verified.",DERIVED_DEMO_FROM_EXISTING_EMPLOYEE_DATA,No,2026-08-01
LEARN-EMP119-COURSE-S047-PRC,EMP119,Ayesha Nawaz,DEPARTMENT-004,Customer Support,POS-119,Support Team Lead,Senior/Lead,COURSE-S047-PRC,Coaching & Mentoring in Practice,Practitioner,S047,Coaching & Mentoring,4,72.7,Not Required,Completed,2025-07-15,Yes,"Derived from actual role=Senior/Lead, skill proficiency=4/5, skill score=72.7, certification=Not Required, skill status=Verified.",DERIVED_DEMO_FROM_EXISTING_EMPLOYEE_DATA,No,2026-08-01
LEARN-EMP286-COURSE-S023-ADV,EMP286,Taha Munir,DEPARTMENT-006,Operations,POS-280,Senior Operations Officer,Senior/Lead,COURSE-S023-ADV,Advanced Risk & Controls and Decision Practice,Advanced,S023,Risk & Controls,4,86.5,Not Required,Completed,2024-05-15,Yes,"Derived from actual role=Senior/Lead, skill proficiency=4/5, skill score=86.5, certification=Not Required, skill status=Current.",DERIVED_DEMO_FROM_EXISTING_EMPLOYEE_DATA,No,2026-08-01
LEARN-EMP286-COURSE-S024-ADV,EMP286,Taha Munir,DEPARTMENT-006,Operations,POS-280,Senior Operations Officer,Senior/Lead,COURSE-S024-ADV,Advanced Workflow Coordination and Decision Practice,Advanced,S024,Workflow Coordination,5,99.5,Not Required,Completed,2024-06-15,No,"Derived from actual role=Senior/Lead, skill proficiency=5/5, skill score=99.5, certification=Not Required, skill status=Current.",DERIVED_DEMO_FROM_EXISTING_EMPLOYEE_DATA,No,2026-08-01
LEARN-EMP351-COURSE-S054-ADV,EMP351,Talha Shah,DEPARTMENT-008,Medical Care,POS-343,Junior Medical Officer,Junior/Assistant,COURSE-S054-ADV,Advanced Clinical Assessment and Patient Safety,Advanced,S054,Clinical Assessment,4,86.4,Not Required,Completed,2026-01-15,Yes,"Derived from actual role=Junior/Assistant, skill proficiency=4/5, skill score=86.4, certification=Not Required, skill status=Current.",DERIVED_DEMO_FROM_EXISTING_EMPLOYEE_DATA,No,2026-08-01
LEARN-EMP393-COURSE-S064-ADV,EMP393,Nida Awan,DEPARTMENT-009,Training & Development,POS-384,Training Coordinator,Junior/Assistant,COURSE-S064-ADV,Advanced Learning Evaluation and Learning Impact,Advanced,S064,Learning Evaluation,4,82.8,Certified,Completed,2025-07-15,Yes,"Derived from actual role=Junior/Assistant, skill proficiency=4/5, skill score=82.8, certification=Certified, skill status=Current.",DERIVED_DEMO_FROM_EXISTING_EMPLOYEE_DATA,No,2026-08-01
LEARN-EMP130-COURSE-S033-ADV,EMP130,Waqas Siddiqui,DEPARTMENT-001,HR,POS-130,Senior HR Specialist,Senior/Lead,COURSE-S033-ADV,Advanced Performance Management and Decision Practice,Advanced,S033,Performance Management,5,98.2,Not Required,Completed,2026-02-15,Yes,"Derived from actual role=Senior/Lead, skill proficiency=5/5, skill score=98.2, certification=Not Required, skill status=Verified.",DERIVED_DEMO_FROM_EXISTING_EMPLOYEE_DATA,No,2026-08-01
LEARN-EMP130-COURSE-S034-ADV,EMP130,Waqas Siddiqui,DEPARTMENT-001,HR,POS-130,Senior HR Specialist,Senior/Lead,COURSE-S034-ADV,Advanced Employee Relations for Professional Growth,Advanced,S034,Employee Relations,5,96.6,Not Required,Completed,2025-03-15,Yes,"Derived from actual role=Senior/Lead, skill proficiency=5/5, skill score=96.6, certification=Not Required, skill status=Verified.",DERIVED_DEMO_FROM_EXISTING_EMPLOYEE_DATA,No,2026-08-01
LEARN-EMP469-COURSE-S073-ADV,EMP469,Sidra Mughal,DEPARTMENT-011,Legal & Compliance,POS-458,Compliance Analyst,Professional/Mid-level,COURSE-S073-ADV,Advanced Policy Interpretation and Decision Practice,Advanced,S073,Policy Interpretation,5,93.9,Certified,Completed,2024-03-15,Yes,"Derived from actual role=Professional/Mid-level, skill proficiency=5/5, skill score=93.9, certification=Certified, skill status=Current.",DERIVED_DEMO_FROM_EXISTING_EMPLOYEE_DATA,No,2026-08-01
LEARN-EMP469-COURSE-S042-ADV,EMP469,Sidra Mughal,DEPARTMENT-011,Legal & Compliance,POS-458,Compliance Analyst,Professional/Mid-level,COURSE-S042-ADV,Advanced Communication for Professional Growth,Advanced,S042,Communication,5,89.2,Not Required,Completed,2024-08-15,No,"Derived from actual role=Professional/Mid-level, skill proficiency=5/5, skill score=89.2, certification=Not Required, skill status=Current.",DERIVED_DEMO_FROM_EXISTING_EMPLOYEE_DATA,No,2026-08-01
LEARN-EMP233-COURSE-S026-ADV,EMP233,Eman Akhtar,DEPARTMENT-002,Finance,POS-231,Financial Analyst,Professional/Mid-level,COURSE-S026-ADV,Advanced Accounting & Reconciliation and Decision Practice,Advanced,S026,Accounting & Reconciliation,5,96.7,Certified,Completed,2024-05-15,Yes,"Derived from actual role=Professional/Mid-level, skill proficiency=5/5, skill score=96.7, certification=Certified, skill status=Current.",DERIVED_DEMO_FROM_EXISTING_EMPLOYEE_DATA,No,2026-08-01
LEARN-EMP233-COURSE-S029-FND,EMP233,Eman Akhtar,DEPARTMENT-002,Finance,POS-231,Financial Analyst,Professional/Mid-level,COURSE-S029-FND,Advanced Excel Fundamentals,Foundation,S029,Advanced Excel,3,61.3,Certified,Completed,2025-03-15,Yes,"Derived from actual role=Professional/Mid-level, skill proficiency=3/5, skill score=61.3, certification=Certified, skill status=Current.",DERIVED_DEMO_FROM_EXISTING_EMPLOYEE_DATA,No,2026-08-01
LEARN-EMP640-COURSE-S094-ADV,EMP640,Hamza Yousaf,DEPARTMENT-015,Quality Assurance,POS-625,Senior Quality Engineer,Senior/Lead,COURSE-S094-ADV,Advanced Corrective Action Management and Continuous Improvement,Advanced,S094,Corrective Action Management,5,100.0,Not Required,Completed,2026-08-15,Yes,"Derived from actual role=Senior/Lead, skill proficiency=5/5, skill score=100.0, certification=Not Required, skill status=Current.",DERIVED_DEMO_FROM_EXISTING_EMPLOYEE_DATA,No,2026-08-01
LEARN-EMP640-COURSE-S053-ADV,EMP640,Hamza Yousaf,DEPARTMENT-015,Quality Assurance,POS-625,Senior Quality Engineer,Senior/Lead,COURSE-S053-ADV,Advanced Documentation for Professional Growth,Advanced,S053,Documentation,5,89.5,Not Required,Completed,2025-01-15,No,"Derived from actual role=Senior/Lead, skill proficiency=5/5, skill score=89.5, certification=Not Required, skill status=Current.",DERIVED_DEMO_FROM_EXISTING_EMPLOYEE_DATA,No,2026-08-01
LEARN-EMP269-COURSE-S005-ADV,EMP269,Noor Bukhari,DEPARTMENT-005,Engineering,POS-264,Senior Software Engineer,Senior/Lead,COURSE-S005-ADV,Advanced System Design and Decision Practice,Advanced,S005,System Design,5,92.6,Planned,Completed,2026-02-15,Yes,"Derived from actual role=Senior/Lead, skill proficiency=5/5, skill score=92.6, certification=Planned, skill status=Current.",DERIVED_DEMO_FROM_EXISTING_EMPLOYEE_DATA,No,2026-08-01
LEARN-EMP269-COURSE-S007-PRC,EMP269,Noor Bukhari,DEPARTMENT-005,Engineering,POS-264,Senior Software Engineer,Senior/Lead,COURSE-S007-PRC,Applied Cloud Platforms,Practitioner,S007,Cloud Platforms,3,83.5,Certified,Completed,2026-02-15,No,"Derived from actual role=Senior/Lead, skill proficiency=3/5, skill score=83.5, certification=Certified, skill status=Current.",DERIVED_DEMO_FROM_EXISTING_EMPLOYEE_DATA,No,2026-08-01
LEARN-EMP571-COURSE-S084-PRC,EMP571,Minal Saeed,DEPARTMENT-013,Logistics & Warehouse,POS-558,Warehouse Assistant,Junior/Assistant,COURSE-S084-PRC,Applied Transport Planning,Practitioner,S084,Transport Planning,3,73.5,Planned,Completed,2026-08-15,Yes,"Derived from actual role=Junior/Assistant, skill proficiency=3/5, skill score=73.5, certification=Planned, skill status=Current.",DERIVED_DEMO_FROM_EXISTING_EMPLOYEE_DATA,No,2026-08-01
LEARN-EMP205-COURSE-S032-ADV,EMP205,Farhan Nadeem,DEPARTMENT-001,HR,POS-204,Senior HR Business Partner,Senior/Lead,COURSE-S032-ADV,Advanced HRIS & Employee Data and Decision Practice,Advanced,S032,HRIS & Employee Data,4,89.6,Certified,Completed,2024-06-15,Yes,"Derived from actual role=Senior/Lead, skill proficiency=4/5, skill score=89.6, certification=Certified, skill status=Current.",DERIVED_DEMO_FROM_EXISTING_EMPLOYEE_DATA,No,2026-08-01
LEARN-EMP205-COURSE-S035-ADV,EMP205,Farhan Nadeem,DEPARTMENT-001,HR,POS-204,Senior HR Business Partner,Senior/Lead,COURSE-S035-ADV,Advanced Learning & Development and Decision Practice,Advanced,S035,Learning & Development,5,95.8,Not Required,Completed,2026-04-15,Yes,"Derived from actual role=Senior/Lead, skill proficiency=5/5, skill score=95.8, certification=Not Required, skill status=Current.",DERIVED_DEMO_FROM_EXISTING_EMPLOYEE_DATA,No,2026-08-01
LEARN-EMP379-COURSE-S065-ADV,EMP379,Anusha Qureshi,DEPARTMENT-009,Training & Development,POS-370,Learning and Development Specialist,Professional/Mid-level,COURSE-S065-ADV,Advanced Learning Management Systems and Learning Impact,Advanced,S065,Learning Management Systems,4,82.9,Not Required,Completed,2026-02-15,Yes,"Derived from actual role=Professional/Mid-level, skill proficiency=4/5, skill score=82.9, certification=Not Required, skill status=Current.",DERIVED_DEMO_FROM_EXISTING_EMPLOYEE_DATA,No,2026-08-01
LEARN-EMP379-COURSE-S064-PRC,EMP379,Anusha Qureshi,DEPARTMENT-009,Training & Development,POS-370,Learning and Development Specialist,Professional/Mid-level,COURSE-S064-PRC,Applied Learning Evaluation for Learning Delivery,Practitioner,S064,Learning Evaluation,4,73.1,Planned,Completed,2026-08-15,Yes,"Derived from actual role=Professional/Mid-level, skill proficiency=4/5, skill score=73.1, certification=Planned, skill status=Current.",DERIVED_DEMO_FROM_EXISTING_EMPLOYEE_DATA,No,2026-08-01
LEARN-EMP347-COURSE-S058-ADV,EMP347,Maryam Tariq,DEPARTMENT-008,Medical Care,POS-339,Junior Medical Officer,Junior/Assistant,COURSE-S058-ADV,Advanced Infection Prevention and Patient Safety,Advanced,S058,Infection Prevention,4,85.6,Planned,Completed,2024-01-15,Yes,"Derived from actual role=Junior/Assistant, skill proficiency=4/5, skill score=85.6, certification=Planned, skill status=Current.",DERIVED_DEMO_FROM_EXISTING_EMPLOYEE_DATA,No,2026-08-01
LEARN-EMP545-COURSE-S049-ADV,EMP545,Junaid Aslam,DEPARTMENT-013,Logistics & Warehouse,POS-532,Logistics Manager,Manager/Head,COURSE-S049-ADV,Advanced Data Analysis and Decision Practice,Advanced,S049,Data Analysis,5,94.9,Certified,Completed,2024-08-15,No,"Derived from actual role=Manager/Head, skill proficiency=5/5, skill score=94.9, certification=Certified, skill status=Current.",DERIVED_DEMO_FROM_EXISTING_EMPLOYEE_DATA,No,2026-08-01
LEARN-EMP545-COURSE-S044-ADV,EMP545,Junaid Aslam,DEPARTMENT-013,Logistics & Warehouse,POS-532,Logistics Manager,Manager/Head,COURSE-S044-ADV,Advanced Problem Solving for Professional Growth,Advanced,S044,Problem Solving,4,85.2,Certified,Completed,2026-03-15,No,"Derived from actual role=Manager/Head, skill proficiency=4/5, skill score=85.2, certification=Certified, skill status=Current.",DERIVED_DEMO_FROM_EXISTING_EMPLOYEE_DATA,No,2026-08-01
LEARN-EMP545-COURSE-S083-PRC,EMP545,Junaid Aslam,DEPARTMENT-013,Logistics & Warehouse,POS-532,Logistics Manager,Manager/Head,COURSE-S083-PRC,Applied Inventory Control,Practitioner,S083,Inventory Control,3,76.1,Not Required,Completed,2026-07-15,Yes,"Derived from actual role=Manager/Head, skill proficiency=3/5, skill score=76.1, certification=Not Required, skill status=Current.",DERIVED_DEMO_FROM_EXISTING_EMPLOYEE_DATA,No,2026-08-01
LEARN-EMP136-COURSE-S031-PRC,EMP136,Fatima Saleem,DEPARTMENT-001,HR,POS-136,HR Generalist,Professional/Mid-level,COURSE-S031-PRC,Applied Recruitment & Selection,Practitioner,S031,Recruitment & Selection,4,74.7,Not Required,Completed,2025-05-15,Yes,"Derived from actual role=Professional/Mid-level, skill proficiency=4/5, skill score=74.7, certification=Not Required, skill status=Verified.",DERIVED_DEMO_FROM_EXISTING_EMPLOYEE_DATA,No,2026-08-01
LEARN-EMP136-COURSE-S035-PRC,EMP136,Fatima Saleem,DEPARTMENT-001,HR,POS-136,HR Generalist,Professional/Mid-level,COURSE-S035-PRC,Applied Learning & Development,Practitioner,S035,Learning & Development,4,72.4,Not Required,Completed,2024-04-15,Yes,"Derived from actual role=Professional/Mid-level, skill proficiency=4/5, skill score=72.4, certification=Not Required, skill status=Verified.",DERIVED_DEMO_FROM_EXISTING_EMPLOYEE_DATA,No,2026-08-01
LEARN-EMP588-COURSE-S091-ADV,EMP588,Rabia Sultan,DEPARTMENT-014,Production & Manufacturing,POS-574,Production Manager,Manager/Head,COURSE-S091-ADV,Advanced Lean Manufacturing and Continuous Improvement,Advanced,S091,Lean Manufacturing,4,85.6,Certified,Completed,2026-05-15,Yes,"Derived from actual role=Manager/Head, skill proficiency=4/5, skill score=85.6, certification=Certified, skill status=Current.",DERIVED_DEMO_FROM_EXISTING_EMPLOYEE_DATA,No,2026-08-01
LEARN-EMP588-COURSE-S089-ADV,EMP588,Rabia Sultan,DEPARTMENT-014,Production & Manufacturing,POS-574,Production Manager,Manager/Head,COURSE-S089-ADV,Advanced Machine Operation and Continuous Improvement,Advanced,S089,Machine Operation,5,95.9,Not Required,Completed,2025-03-15,Yes,"Derived from actual role=Manager/Head, skill proficiency=5/5, skill score=95.9, certification=Not Required, skill status=Current.",DERIVED_DEMO_FROM_EXISTING_EMPLOYEE_DATA,No,2026-08-01
LEARN-EMP588-COURSE-S090-PRC,EMP588,Rabia Sultan,DEPARTMENT-014,Production & Manufacturing,POS-574,Production Manager,Manager/Head,COURSE-S090-PRC,Applied Preventive Maintenance in Operations,Practitioner,S090,Preventive Maintenance,3,84.6,Not Required,Completed,2025-04-15,Yes,"Derived from actual role=Manager/Head, skill proficiency=3/5, skill score=84.6, certification=Not Required, skill status=Current.",DERIVED_DEMO_FROM_EXISTING_EMPLOYEE_DATA,No,2026-08-01
LEARN-EMP658-COURSE-S092-ADV,EMP658,Kinza Latif,DEPARTMENT-015,Quality Assurance,POS-643,Quality Analyst,Professional/Mid-level,COURSE-S092-ADV,Advanced Quality Auditing and Continuous Improvement,Advanced,S092,Quality Auditing,4,84.2,Planned,Completed,2025-03-15,Yes,"Derived from actual role=Professional/Mid-level, skill proficiency=4/5, skill score=84.2, certification=Planned, skill status=Current.",DERIVED_DEMO_FROM_EXISTING_EMPLOYEE_DATA,No,2026-08-01
LEARN-EMP658-COURSE-S093-PRC,EMP658,Kinza Latif,DEPARTMENT-015,Quality Assurance,POS-643,Quality Analyst,Professional/Mid-level,COURSE-S093-PRC,Applied Root Cause Analysis in Operations,Practitioner,S093,Root Cause Analysis,4,72.4,Not Required,Completed,2026-03-15,Yes,"Derived from actual role=Professional/Mid-level, skill proficiency=4/5, skill score=72.4, certification=Not Required, skill status=Current.",DERIVED_DEMO_FROM_EXISTING_EMPLOYEE_DATA,No,2026-08-01
LEARN-EMP277-COURSE-S019-ADV,EMP277,Amna Chaudhry,DEPARTMENT-006,Operations,EXEC-OPS-HEAD,Head of Operations,Manager/Head,COURSE-S019-ADV,Advanced Process Management and Decision Practice,Advanced,S019,Process Management,5,85.2,Not Required,Completed,2024-05-15,Yes,"Derived from actual role=Manager/Head, skill proficiency=5/5, skill score=85.2, certification=Not Required, skill status=Current.",DERIVED_DEMO_FROM_EXISTING_EMPLOYEE_DATA,No,2026-08-01
LEARN-EMP277-COURSE-S023-PRC,EMP277,Amna Chaudhry,DEPARTMENT-006,Operations,EXEC-OPS-HEAD,Head of Operations,Manager/Head,COURSE-S023-PRC,Applied Risk & Controls,Practitioner,S023,Risk & Controls,4,81.8,Not Required,Completed,2024-08-15,Yes,"Derived from actual role=Manager/Head, skill proficiency=4/5, skill score=81.8, certification=Not Required, skill status=Current.",DERIVED_DEMO_FROM_EXISTING_EMPLOYEE_DATA,No,2026-08-01
LEARN-EMP277-COURSE-S046-ADV,EMP277,Amna Chaudhry,DEPARTMENT-006,Operations,EXEC-OPS-HEAD,Head of Operations,Manager/Head,COURSE-S046-ADV,Advanced Leadership for Professional Growth,Advanced,S046,Leadership,5,94.5,Not Required,Completed,2024-07-15,No,"Derived from actual role=Manager/Head, skill proficiency=5/5, skill score=94.5, certification=Not Required, skill status=Current.",DERIVED_DEMO_FROM_EXISTING_EMPLOYEE_DATA,No,2026-08-01
LEARN-EMP530-COURSE-S080-PRC,EMP530,Kamran Rauf,DEPARTMENT-012,Procurement & Supply Chain,POS-518,Procurement Assistant,Junior/Assistant,COURSE-S080-PRC,Applied Inventory Planning,Practitioner,S080,Inventory Planning,3,79.6,Certified,Completed,2026-05-15,Yes,"Derived from actual role=Junior/Assistant, skill proficiency=3/5, skill score=79.6, certification=Certified, skill status=Current.",DERIVED_DEMO_FROM_EXISTING_EMPLOYEE_DATA,No,2026-08-01
LEARN-EMP711-COURSE-S097-ADV,EMP711,Shahzaib Siddiqui,DEPARTMENT-016,Research & Development,POS-695,Research Associate,Junior/Assistant,COURSE-S097-ADV,Advanced Experimental Design and Innovation Practice,Advanced,S097,Experimental Design,4,99.2,Certified,Completed,2025-03-15,Yes,"Derived from actual role=Junior/Assistant, skill proficiency=4/5, skill score=99.2, certification=Certified, skill status=Current.",DERIVED_DEMO_FROM_EXISTING_EMPLOYEE_DATA,No,2026-08-01
LEARN-EMP387-COURSE-S064-PRC,EMP387,Usman Rashid,DEPARTMENT-009,Training & Development,POS-378,Learning and Development Specialist,Professional/Mid-level,COURSE-S064-PRC,Applied Learning Evaluation for Learning Delivery,Practitioner,S064,Learning Evaluation,4,81.4,Not Required,Completed,2025-01-15,Yes,"Derived from actual role=Professional/Mid-level, skill proficiency=4/5, skill score=81.4, certification=Not Required, skill status=Current.",DERIVED_DEMO_FROM_EXISTING_EMPLOYEE_DATA,No,2026-08-01
LEARN-EMP387-COURSE-S046-ADV,EMP387,Usman Rashid,DEPARTMENT-009,Training & Development,POS-378,Learning and Development Specialist,Professional/Mid-level,COURSE-S046-ADV,Advanced Leadership for Professional Growth,Advanced,S046,Leadership,4,84.5,Not Required,Completed,2026-05-15,No,"Derived from actual role=Professional/Mid-level, skill proficiency=4/5, skill score=84.5, certification=Not Required, skill status=Current.",DERIVED_DEMO_FROM_EXISTING_EMPLOYEE_DATA,No,2026-08-01
LEARN-EMP395-COURSE-S062-ADV,EMP395,Ayesha Raza,DEPARTMENT-009,Training & Development,POS-386,Training Coordinator,Junior/Assistant,COURSE-S062-ADV,Advanced Curriculum Design and Learning Impact,Advanced,S062,Curriculum Design,4,82.9,Planned,Completed,2026-05-15,Yes,"Derived from actual role=Junior/Assistant, skill proficiency=4/5, skill score=82.9, certification=Planned, skill status=Current.",DERIVED_DEMO_FROM_EXISTING_EMPLOYEE_DATA,No,2026-08-01
LEARN-EMP260-COURSE-S038-ADV,EMP260,Rabia Farooq,DEPARTMENT-004,Customer Support,POS-256,Senior Customer Support Specialist,Senior/Lead,COURSE-S038-ADV,Advanced Complaint Resolution for Professional Growth,Advanced,S038,Complaint Resolution,5,95.1,Not Required,Completed,2026-08-15,Yes,"Derived from actual role=Senior/Lead, skill proficiency=5/5, skill score=95.1, certification=Not Required, skill status=Current.",DERIVED_DEMO_FROM_EXISTING_EMPLOYEE_DATA,No,2026-08-01
LEARN-EMP260-COURSE-S041-ADV,EMP260,Rabia Farooq,DEPARTMENT-004,Customer Support,POS-256,Senior Customer Support Specialist,Senior/Lead,COURSE-S041-ADV,Advanced Knowledge Base Management and Decision Practice,Advanced,S041,Knowledge Base Management,4,86.3,Not Required,Completed,2025-04-15,Yes,"Derived from actual role=Senior/Lead, skill proficiency=4/5, skill score=86.3, certification=Not Required, skill status=Current.",DERIVED_DEMO_FROM_EXISTING_EMPLOYEE_DATA,No,2026-08-01
LEARN-EMP451-COURSE-S073-ADV,EMP451,Nida Farooq,DEPARTMENT-011,Legal & Compliance,EXEC-LGL-HEAD,Head of Legal and Compliance,Manager/Head,COURSE-S073-ADV,Advanced Policy Interpretation and Decision Practice,Advanced,S073,Policy Interpretation,5,98.3,Not Required,Completed,2025-07-15,Yes,"Derived from actual role=Manager/Head, skill proficiency=5/5, skill score=98.3, certification=Not Required, skill status=Current.",DERIVED_DEMO_FROM_EXISTING_EMPLOYEE_DATA,No,2026-08-01
LEARN-EMP451-COURSE-S074-ADV,EMP451,Nida Farooq,DEPARTMENT-011,Legal & Compliance,EXEC-LGL-HEAD,Head of Legal and Compliance,Manager/Head,COURSE-S074-ADV,Advanced Legal Research and Decision Practice,Advanced,S074,Legal Research,5,83.4,Planned,Completed,2025-03-15,Yes,"Derived from actual role=Manager/Head, skill proficiency=5/5, skill score=83.4, certification=Planned, skill status=Current.",DERIVED_DEMO_FROM_EXISTING_EMPLOYEE_DATA,No,2026-08-01
LEARN-EMP451-COURSE-S072-ADV,EMP451,Nida Farooq,DEPARTMENT-011,Legal & Compliance,EXEC-LGL-HEAD,Head of Legal and Compliance,Manager/Head,COURSE-S072-ADV,Advanced Regulatory Compliance and Decision Practice,Advanced,S072,Regulatory Compliance,4,87.0,Not Required,Completed,2025-02-15,Yes,"Derived from actual role=Manager/Head, skill proficiency=4/5, skill score=87.0, certification=Not Required, skill status=Current.",DERIVED_DEMO_FROM_EXISTING_EMPLOYEE_DATA,No,2026-08-01
LEARN-EMP627-COURSE-S022-ADV,EMP627,Mahnoor Ismail,DEPARTMENT-014,Production & Manufacturing,POS-613,Production Operator,Junior/Assistant,COURSE-S022-ADV,Advanced Quality Control and Decision Practice,Advanced,S022,Quality Control,4,94.0,Certified,Completed,2024-08-15,No,"Derived from actual role=Junior/Assistant, skill proficiency=4/5, skill score=94.0, certification=Certified, skill status=Current.",DERIVED_DEMO_FROM_EXISTING_EMPLOYEE_DATA,No,2026-08-01
LEARN-EMP664-COURSE-S022-FND,EMP664,Komal Shah,DEPARTMENT-015,Quality Assurance,POS-649,Quality Inspector,Junior/Assistant,COURSE-S022-FND,Quality Control Fundamentals,Foundation,S022,Quality Control,3,63.8,Certified,Completed,2026-01-15,Yes,"Derived from actual role=Junior/Assistant, skill proficiency=3/5, skill score=63.8, certification=Certified, skill status=Current.",DERIVED_DEMO_FROM_EXISTING_EMPLOYEE_DATA,No,2026-08-01
LEARN-EMP095-COURSE-S046-ADV,EMP095,Haris Mahmood,DEPARTMENT-007,IT,POS-095,IT Operations Manager,Manager/Head,COURSE-S046-ADV,Advanced Leadership for Professional Growth,Advanced,S046,Leadership,5,99.1,Not Required,Completed,2024-08-15,Yes,"Derived from actual role=Manager/Head, skill proficiency=5/5, skill score=99.1, certification=Not Required, skill status=Verified.",DERIVED_DEMO_FROM_EXISTING_EMPLOYEE_DATA,No,2026-08-01
LEARN-EMP095-COURSE-S010-ADV,EMP095,Haris Mahmood,DEPARTMENT-007,IT,POS-095,IT Operations Manager,Manager/Head,COURSE-S010-ADV,Advanced IT Service Management and Decision Practice,Advanced,S010,IT Service Management,5,90.3,Certification Planned,Completed,2026-08-15,Yes,"Derived from actual role=Manager/Head, skill proficiency=5/5, skill score=90.3, certification=Certification Planned, skill status=Verified.",DERIVED_DEMO_FROM_EXISTING_EMPLOYEE_DATA,No,2026-08-01
LEARN-EMP095-COURSE-S008-ADV,EMP095,Haris Mahmood,DEPARTMENT-007,IT,POS-095,IT Operations Manager,Manager/Head,COURSE-S008-ADV,Advanced Cybersecurity and Decision Practice,Advanced,S008,Cybersecurity,5,95.1,Certification Planned,Completed,2024-06-15,Yes,"Derived from actual role=Manager/Head, skill proficiency=5/5, skill score=95.1, certification=Certification Planned, skill status=Verified.",DERIVED_DEMO_FROM_EXISTING_EMPLOYEE_DATA,No,2026-08-01
LEARN-EMP378-COURSE-S045-ADV,EMP378,Anam Qureshi,DEPARTMENT-009,Training & Development,POS-369,Learning and Development Specialist,Professional/Mid-level,COURSE-S045-ADV,Advanced Stakeholder Management for Professional Growth,Advanced,S045,Stakeholder Management,5,91.8,Planned,Completed,2026-08-15,No,"Derived from actual role=Professional/Mid-level, skill proficiency=5/5, skill score=91.8, certification=Planned, skill status=Current.",DERIVED_DEMO_FROM_EXISTING_EMPLOYEE_DATA,No,2026-08-01
LEARN-EMP378-COURSE-S063-PRC,EMP378,Anam Qureshi,DEPARTMENT-009,Training & Development,POS-369,Learning and Development Specialist,Professional/Mid-level,COURSE-S063-PRC,Applied Facilitation for Learning Delivery,Practitioner,S063,Facilitation,3,80.9,Not Required,Completed,2024-05-15,Yes,"Derived from actual role=Professional/Mid-level, skill proficiency=3/5, skill score=80.9, certification=Not Required, skill status=Current.",DERIVED_DEMO_FROM_EXISTING_EMPLOYEE_DATA,No,2026-08-01
LEARN-EMP432-COURSE-S067-ADV,EMP432,Kinza Hashmi,DEPARTMENT-010,Administration & Facilities,POS-422,Administration Officer,Professional/Mid-level,COURSE-S067-ADV,Advanced Facilities Management and Decision Practice,Advanced,S067,Facilities Management,5,93.2,Planned,Completed,2025-01-15,Yes,"Derived from actual role=Professional/Mid-level, skill proficiency=5/5, skill score=93.2, certification=Planned, skill status=Current.",DERIVED_DEMO_FROM_EXISTING_EMPLOYEE_DATA,No,2026-08-01
LEARN-EMP432-COURSE-S020-PRC,EMP432,Kinza Hashmi,DEPARTMENT-010,Administration & Facilities,POS-422,Administration Officer,Professional/Mid-level,COURSE-S020-PRC,Applied SOP Compliance,Practitioner,S020,SOP Compliance,3,78.4,Certified,Completed,2025-05-15,No,"Derived from actual role=Professional/Mid-level, skill proficiency=3/5, skill score=78.4, certification=Certified, skill status=Current.",DERIVED_DEMO_FROM_EXISTING_EMPLOYEE_DATA,No,2026-08-01
LEARN-EMP322-COURSE-S051-ADV,EMP322,Kinza Butt,DEPARTMENT-008,Medical Care,POS-314,Medical Care Manager,Manager/Head,COURSE-S051-ADV,Advanced Empathy & Active Listening for Professional Growth,Advanced,S051,Empathy & Active Listening,5,90.5,Certified,Completed,2024-01-15,No,"Derived from actual role=Manager/Head, skill proficiency=5/5, skill score=90.5, certification=Certified, skill status=Current.",DERIVED_DEMO_FROM_EXISTING_EMPLOYEE_DATA,No,2026-08-01
LEARN-EMP322-COURSE-S057-ADV,EMP322,Kinza Butt,DEPARTMENT-008,Medical Care,POS-314,Medical Care Manager,Manager/Head,COURSE-S057-ADV,Advanced Medication Safety and Patient Safety,Advanced,S057,Medication Safety,4,86.5,Planned,Completed,2026-01-15,Yes,"Derived from actual role=Manager/Head, skill proficiency=4/5, skill score=86.5, certification=Planned, skill status=Current.",DERIVED_DEMO_FROM_EXISTING_EMPLOYEE_DATA,No,2026-08-01
LEARN-EMP322-COURSE-S060-ADV,EMP322,Kinza Butt,DEPARTMENT-008,Medical Care,POS-314,Medical Care Manager,Manager/Head,COURSE-S060-ADV,Advanced Care Coordination and Patient Safety,Advanced,S060,Care Coordination,5,97.5,Planned,Completed,2024-06-15,No,"Derived from actual role=Manager/Head, skill proficiency=5/5, skill score=97.5, certification=Planned, skill status=Current.",DERIVED_DEMO_FROM_EXISTING_EMPLOYEE_DATA,No,2026-08-01
LEARN-EMP416-COURSE-S066-ADV,EMP416,Nida Raza,DEPARTMENT-010,Administration & Facilities,POS-406,Senior Administration Officer,Senior/Lead,COURSE-S066-ADV,Advanced Office Administration and Decision Practice,Advanced,S066,Office Administration,5,93.6,Certified,Completed,2024-07-15,Yes,"Derived from actual role=Senior/Lead, skill proficiency=5/5, skill score=93.6, certification=Certified, skill status=Current.",DERIVED_DEMO_FROM_EXISTING_EMPLOYEE_DATA,No,2026-08-01
LEARN-EMP416-COURSE-S068-ADV,EMP416,Nida Raza,DEPARTMENT-010,Administration & Facilities,POS-406,Senior Administration Officer,Senior/Lead,COURSE-S068-ADV,Advanced Vendor Coordination and Decision Practice,Advanced,S068,Vendor Coordination,5,94.7,Not Required,Completed,2025-08-15,Yes,"Derived from actual role=Senior/Lead, skill proficiency=5/5, skill score=94.7, certification=Not Required, skill status=Current.",DERIVED_DEMO_FROM_EXISTING_EMPLOYEE_DATA,No,2026-08-01
LEARN-EMP120-COURSE-S019-ADV,EMP120,Ahmad Aziz,DEPARTMENT-006,Operations,POS-120,Operations Analyst,Professional/Mid-level,COURSE-S019-ADV,Advanced Process Management and Decision Practice,Advanced,S019,Process Management,4,83.0,Not Required,Completed,2026-08-15,Yes,"Derived from actual role=Professional/Mid-level, skill proficiency=4/5, skill score=83.0, certification=Not Required, skill status=Verified.",DERIVED_DEMO_FROM_EXISTING_EMPLOYEE_DATA,No,2026-08-01
LEARN-EMP120-COURSE-S021-PRC,EMP120,Ahmad Aziz,DEPARTMENT-006,Operations,POS-120,Operations Analyst,Professional/Mid-level,COURSE-S021-PRC,Applied Process Improvement,Practitioner,S021,Process Improvement,4,80.5,Not Required,Completed,2025-01-15,Yes,"Derived from actual role=Professional/Mid-level, skill proficiency=4/5, skill score=80.5, certification=Not Required, skill status=Verified.",DERIVED_DEMO_FROM_EXISTING_EMPLOYEE_DATA,No,2026-08-01
LEARN-EMP140-COURSE-S025-ADV,EMP140,Noman Rehman,DEPARTMENT-002,Finance,POS-140,Senior Financial Analyst,Senior/Lead,COURSE-S025-ADV,Advanced Financial Analysis and Decision Practice,Advanced,S025,Financial Analysis,5,97.2,Certified,Completed,2026-04-15,Yes,"Derived from actual role=Senior/Lead, skill proficiency=5/5, skill score=97.2, certification=Certified, skill status=Verified.",DERIVED_DEMO_FROM_EXISTING_EMPLOYEE_DATA,No,2026-08-01
LEARN-EMP140-COURSE-S045-ADV,EMP140,Noman Rehman,DEPARTMENT-002,Finance,POS-140,Senior Financial Analyst,Senior/Lead,COURSE-S045-ADV,Advanced Stakeholder Management for Professional Growth,Advanced,S045,Stakeholder Management,5,100.0,Not Required,Completed,2024-05-15,Yes,"Derived from actual role=Senior/Lead, skill proficiency=5/5, skill score=100.0, certification=Not Required, skill status=Verified.",DERIVED_DEMO_FROM_EXISTING_EMPLOYEE_DATA,No,2026-08-01
LEARN-EMP635-COURSE-S093-PRC,EMP635,Ahmed Rashid,DEPARTMENT-015,Quality Assurance,POS-620,Quality Assurance Manager,Manager/Head,COURSE-S093-PRC,Applied Root Cause Analysis in Operations,Practitioner,S093,Root Cause Analysis,4,72.3,Not Required,Completed,2025-03-15,Yes,"Derived from actual role=Manager/Head, skill proficiency=4/5, skill score=72.3, certification=Not Required, skill status=Current.",DERIVED_DEMO_FROM_EXISTING_EMPLOYEE_DATA,No,2026-08-01
LEARN-EMP635-COURSE-S046-ADV,EMP635,Ahmed Rashid,DEPARTMENT-015,Quality Assurance,POS-620,Quality Assurance Manager,Manager/Head,COURSE-S046-ADV,Advanced Leadership for Professional Growth,Advanced,S046,Leadership,4,94.9,Certified,Completed,2024-08-15,No,"Derived from actual role=Manager/Head, skill proficiency=4/5, skill score=94.9, certification=Certified, skill status=Current.",DERIVED_DEMO_FROM_EXISTING_EMPLOYEE_DATA,No,2026-08-01
LEARN-EMP635-COURSE-S044-ADV,EMP635,Ahmed Rashid,DEPARTMENT-015,Quality Assurance,POS-620,Quality Assurance Manager,Manager/Head,COURSE-S044-ADV,Advanced Problem Solving for Professional Growth,Advanced,S044,Problem Solving,4,89.9,Not Required,Completed,2024-02-15,No,"Derived from actual role=Manager/Head, skill proficiency=4/5, skill score=89.9, certification=Not Required, skill status=Current.",DERIVED_DEMO_FROM_EXISTING_EMPLOYEE_DATA,No,2026-08-01
LEARN-EMP352-COURSE-S056-PRC,EMP352,Bilal Mughal,DEPARTMENT-008,Medical Care,POS-344,Junior Medical Officer,Junior/Assistant,COURSE-S056-PRC,Applied Clinical Documentation in Clinical Practice,Practitioner,S056,Clinical Documentation,3,74.1,Certified,Completed,2025-02-15,Yes,"Derived from actual role=Junior/Assistant, skill proficiency=3/5, skill score=74.1, certification=Certified, skill status=Current.",DERIVED_DEMO_FROM_EXISTING_EMPLOYEE_DATA,No,2026-08-01
LEARN-EMP573-COURSE-S083-ADV,EMP573,Junaid Javed,DEPARTMENT-013,Logistics & Warehouse,POS-560,Warehouse Assistant,Junior/Assistant,COURSE-S083-ADV,Advanced Inventory Control and Decision Practice,Advanced,S083,Inventory Control,4,92.4,Not Required,Completed,2025-03-15,Yes,"Derived from actual role=Junior/Assistant, skill proficiency=4/5, skill score=92.4, certification=Not Required, skill status=Current.",DERIVED_DEMO_FROM_EXISTING_EMPLOYEE_DATA,No,2026-08-01
LEARN-EMP490-COURSE-S053-ADV,EMP490,Farhan Hameed,DEPARTMENT-011,Legal & Compliance,POS-479,Legal Assistant,Junior/Assistant,COURSE-S053-ADV,Advanced Documentation for Professional Growth,Advanced,S053,Documentation,4,88.3,Certified,Completed,2026-06-15,No,"Derived from actual role=Junior/Assistant, skill proficiency=4/5, skill score=88.3, certification=Certified, skill status=Current.",DERIVED_DEMO_FROM_EXISTING_EMPLOYEE_DATA,No,2026-08-01
LEARN-EMP707-COURSE-S099-PRC,EMP707,Laiba Munir,DEPARTMENT-016,Research & Development,POS-691,Research Associate,Junior/Assistant,COURSE-S099-PRC,Applied Innovation Management for R&D,Practitioner,S099,Innovation Management,3,69.9,Certified,Completed,2026-03-15,Yes,"Derived from actual role=Junior/Assistant, skill proficiency=3/5, skill score=69.9, certification=Certified, skill status=Current.",DERIVED_DEMO_FROM_EXISTING_EMPLOYEE_DATA,No,2026-08-01
LEARN-EMP686-COURSE-S098-ADV,EMP686,Usman Hussain,DEPARTMENT-016,Research & Development,POS-670,Senior Research Scientist,Senior/Lead,COURSE-S098-ADV,Advanced Technical Writing and Innovation Practice,Advanced,S098,Technical Writing,4,88.8,Not Required,Completed,2024-01-15,Yes,"Derived from actual role=Senior/Lead, skill proficiency=4/5, skill score=88.8, certification=Not Required, skill status=Current.",DERIVED_DEMO_FROM_EXISTING_EMPLOYEE_DATA,No,2026-08-01
LEARN-EMP686-COURSE-S044-ADV,EMP686,Usman Hussain,DEPARTMENT-016,Research & Development,POS-670,Senior Research Scientist,Senior/Lead,COURSE-S044-ADV,Advanced Problem Solving for Professional Growth,Advanced,S044,Problem Solving,5,100.0,Not Required,Completed,2025-02-15,No,"Derived from actual role=Senior/Lead, skill proficiency=5/5, skill score=100.0, certification=Not Required, skill status=Current.",DERIVED_DEMO_FROM_EXISTING_EMPLOYEE_DATA,No,2026-08-01
LEARN-EMP279-COURSE-S021-ADV,EMP279,Minal Ali,DEPARTMENT-006,Operations,POS-273,Senior Operations Officer,Senior/Lead,COURSE-S021-ADV,Advanced Process Improvement and Decision Practice,Advanced,S021,Process Improvement,5,91.4,Not Required,Completed,2024-01-15,Yes,"Derived from actual role=Senior/Lead, skill proficiency=5/5, skill score=91.4, certification=Not Required, skill status=Current.",DERIVED_DEMO_FROM_EXISTING_EMPLOYEE_DATA,No,2026-08-01
LEARN-EMP279-COURSE-S024-ADV,EMP279,Minal Ali,DEPARTMENT-006,Operations,POS-273,Senior Operations Officer,Senior/Lead,COURSE-S024-ADV,Advanced Workflow Coordination and Decision Practice,Advanced,S024,Workflow Coordination,5,99.0,Not Required,Completed,2025-03-15,No,"Derived from actual role=Senior/Lead, skill proficiency=5/5, skill score=99.0, certification=Not Required, skill status=Current.",DERIVED_DEMO_FROM_EXISTING_EMPLOYEE_DATA,No,2026-08-01
LEARN-EMP307-COURSE-S008-ADV,EMP307,Omar Habib,DEPARTMENT-007,IT,POS-300,IT Support Technician,Junior/Assistant,COURSE-S008-ADV,Advanced Cybersecurity and Decision Practice,Advanced,S008,Cybersecurity,4,91.7,Not Required,Completed,2025-05-15,Yes,"Derived from actual role=Junior/Assistant, skill proficiency=4/5, skill score=91.7, certification=Not Required, skill status=Current.",DERIVED_DEMO_FROM_EXISTING_EMPLOYEE_DATA,No,2026-08-01
LEARN-EMP001-COURSE-S033-ADV,EMP001,Sonia Hassan,DEPARTMENT-001,HR,POS-001,HR Manager,Manager/Head,COURSE-S033-ADV,Advanced Performance Management and Decision Practice,Advanced,S033,Performance Management,5,97.4,Not Required,Completed,2024-06-15,Yes,"Derived from actual role=Manager/Head, skill proficiency=5/5, skill score=97.4, certification=Not Required, skill status=Verified.",DERIVED_DEMO_FROM_EXISTING_EMPLOYEE_DATA,No,2026-08-01
LEARN-EMP001-COURSE-S034-ADV,EMP001,Sonia Hassan,DEPARTMENT-001,HR,POS-001,HR Manager,Manager/Head,COURSE-S034-ADV,Advanced Employee Relations for Professional Growth,Advanced,S034,Employee Relations,5,96.7,Not Required,Completed,2025-01-15,Yes,"Derived from actual role=Manager/Head, skill proficiency=5/5, skill score=96.7, certification=Not Required, skill status=Verified.",DERIVED_DEMO_FROM_EXISTING_EMPLOYEE_DATA,No,2026-08-01
LEARN-EMP001-COURSE-S045-ADV,EMP001,Sonia Hassan,DEPARTMENT-001,HR,POS-001,HR Manager,Manager/Head,COURSE-S045-ADV,Advanced Stakeholder Management for Professional Growth,Advanced,S045,Stakeholder Management,5,90.6,Not Required,Completed,2025-03-15,Yes,"Derived from actual role=Manager/Head, skill proficiency=5/5, skill score=90.6, certification=Not Required, skill status=Verified.",DERIVED_DEMO_FROM_EXISTING_EMPLOYEE_DATA,No,2026-08-01
LEARN-EMP454-COURSE-S072-PRC,EMP454,Arham Rashid,DEPARTMENT-011,Legal & Compliance,POS-443,Legal and Compliance Manager,Manager/Head,COURSE-S072-PRC,Applied Regulatory Compliance,Practitioner,S072,Regulatory Compliance,5,81.8,Certified,Completed,2025-08-15,Yes,"Derived from actual role=Manager/Head, skill proficiency=5/5, skill score=81.8, certification=Certified, skill status=Current.",DERIVED_DEMO_FROM_EXISTING_EMPLOYEE_DATA,No,2026-08-01
LEARN-EMP454-COURSE-S071-PRC,EMP454,Arham Rashid,DEPARTMENT-011,Legal & Compliance,POS-443,Legal and Compliance Manager,Manager/Head,COURSE-S071-PRC,Applied Contract Review,Practitioner,S071,Contract Review,4,80.4,Planned,Completed,2025-05-15,Yes,"Derived from actual role=Manager/Head, skill proficiency=4/5, skill score=80.4, certification=Planned, skill status=Current.",DERIVED_DEMO_FROM_EXISTING_EMPLOYEE_DATA,No,2026-08-01
LEARN-EMP454-COURSE-S073-PRC,EMP454,Arham Rashid,DEPARTMENT-011,Legal & Compliance,POS-443,Legal and Compliance Manager,Manager/Head,COURSE-S073-PRC,Applied Policy Interpretation,Practitioner,S073,Policy Interpretation,4,77.7,Not Required,Completed,2024-08-15,Yes,"Derived from actual role=Manager/Head, skill proficiency=4/5, skill score=77.7, certification=Not Required, skill status=Current.",DERIVED_DEMO_FROM_EXISTING_EMPLOYEE_DATA,No,2026-08-01
LEARN-EMP361-COURSE-S062-ADV,EMP361,Hira Siddiqui,DEPARTMENT-009,Training & Development,EXEC-TRN-HEAD,Head of Training and Development,Manager/Head,COURSE-S062-ADV,Advanced Curriculum Design and Learning Impact,Advanced,S062,Curriculum Design,4,98.4,Planned,Completed,2025-02-15,Yes,"Derived from actual role=Manager/Head, skill proficiency=4/5, skill score=98.4, certification=Planned, skill status=Current.",DERIVED_DEMO_FROM_EXISTING_EMPLOYEE_DATA,No,2026-08-01
LEARN-EMP361-COURSE-S064-ADV,EMP361,Hira Siddiqui,DEPARTMENT-009,Training & Development,EXEC-TRN-HEAD,Head of Training and Development,Manager/Head,COURSE-S064-ADV,Advanced Learning Evaluation and Learning Impact,Advanced,S064,Learning Evaluation,4,87.1,Not Required,Completed,2025-08-15,Yes,"Derived from actual role=Manager/Head, skill proficiency=4/5, skill score=87.1, certification=Not Required, skill status=Current.",DERIVED_DEMO_FROM_EXISTING_EMPLOYEE_DATA,No,2026-08-01
LEARN-EMP361-COURSE-S046-ADV,EMP361,Hira Siddiqui,DEPARTMENT-009,Training & Development,EXEC-TRN-HEAD,Head of Training and Development,Manager/Head,COURSE-S046-ADV,Advanced Leadership for Professional Growth,Advanced,S046,Leadership,4,93.1,Certified,Completed,2025-05-15,No,"Derived from actual role=Manager/Head, skill proficiency=4/5, skill score=93.1, certification=Certified, skill status=Current.",DERIVED_DEMO_FROM_EXISTING_EMPLOYEE_DATA,No,2026-08-01
LEARN-EMP159-COURSE-S005-ADV,EMP159,Raza Ahmad,DEPARTMENT-005,Engineering,POS-159,Senior Software Engineer,Senior/Lead,COURSE-S005-ADV,Advanced System Design and Decision Practice,Advanced,S005,System Design,5,84.5,Not Required,Completed,2026-03-15,Yes,"Derived from actual role=Senior/Lead, skill proficiency=5/5, skill score=84.5, certification=Not Required, skill status=Verified.",DERIVED_DEMO_FROM_EXISTING_EMPLOYEE_DATA,No,2026-08-01
LEARN-EMP159-COURSE-S050-ADV,EMP159,Raza Ahmad,DEPARTMENT-005,Engineering,POS-159,Senior Software Engineer,Senior/Lead,COURSE-S050-ADV,Advanced Project Management for Professional Growth,Advanced,S050,Project Management,5,83.7,Certification Planned,Completed,2025-05-15,Yes,"Derived from actual role=Senior/Lead, skill proficiency=5/5, skill score=83.7, certification=Certification Planned, skill status=Developing.",DERIVED_DEMO_FROM_EXISTING_EMPLOYEE_DATA,No,2026-08-01
LEARN-EMP453-COURSE-S074-PRC,EMP453,Arham Baig,DEPARTMENT-011,Legal & Compliance,POS-442,Legal and Compliance Manager,Manager/Head,COURSE-S074-PRC,Applied Legal Research,Practitioner,S074,Legal Research,3,82.4,Certified,Completed,2026-04-15,Yes,"Derived from actual role=Manager/Head, skill proficiency=3/5, skill score=82.4, certification=Certified, skill status=Current.",DERIVED_DEMO_FROM_EXISTING_EMPLOYEE_DATA,No,2026-08-01
LEARN-EMP453-COURSE-S072-PRC,EMP453,Arham Baig,DEPARTMENT-011,Legal & Compliance,POS-442,Legal and Compliance Manager,Manager/Head,COURSE-S072-PRC,Applied Regulatory Compliance,Practitioner,S072,Regulatory Compliance,3,72.9,Certified,Completed,2025-06-15,Yes,"Derived from actual role=Manager/Head, skill proficiency=3/5, skill score=72.9, certification=Certified, skill status=Current.",DERIVED_DEMO_FROM_EXISTING_EMPLOYEE_DATA,No,2026-08-01
LEARN-EMP453-COURSE-S071-ADV,EMP453,Arham Baig,DEPARTMENT-011,Legal & Compliance,POS-442,Legal and Compliance Manager,Manager/Head,COURSE-S071-ADV,Advanced Contract Review and Decision Practice,Advanced,S071,Contract Review,4,84.7,Not Required,Completed,2024-04-15,Yes,"Derived from actual role=Manager/Head, skill proficiency=4/5, skill score=84.7, certification=Not Required, skill status=Current.",DERIVED_DEMO_FROM_EXISTING_EMPLOYEE_DATA,No,2026-08-01
LEARN-EMP577-COURSE-S086-ADV,EMP577,Iqra Hussain,DEPARTMENT-013,Logistics & Warehouse,POS-564,Warehouse Assistant,Junior/Assistant,COURSE-S086-ADV,Advanced Dispatch Coordination and Decision Practice,Advanced,S086,Dispatch Coordination,4,89.6,Planned,Completed,2025-01-15,Yes,"Derived from actual role=Junior/Assistant, skill proficiency=4/5, skill score=89.6, certification=Planned, skill status=Current.",DERIVED_DEMO_FROM_EXISTING_EMPLOYEE_DATA,No,2026-08-01
LEARN-EMP189-COURSE-S050-ADV,EMP189,Omer Masood,DEPARTMENT-005,Engineering,POS-189,Engineering Lead,Manager/Head,COURSE-S050-ADV,Advanced Project Management for Professional Growth,Advanced,S050,Project Management,5,92.6,Certification Planned,Completed,2025-02-15,Yes,"Derived from actual role=Manager/Head, skill proficiency=5/5, skill score=92.6, certification=Certification Planned, skill status=Verified.",DERIVED_DEMO_FROM_EXISTING_EMPLOYEE_DATA,No,2026-08-01
LEARN-EMP189-COURSE-S046-ADV,EMP189,Omer Masood,DEPARTMENT-005,Engineering,POS-189,Engineering Lead,Manager/Head,COURSE-S046-ADV,Advanced Leadership for Professional Growth,Advanced,S046,Leadership,5,89.8,Not Required,Completed,2025-05-15,Yes,"Derived from actual role=Manager/Head, skill proficiency=5/5, skill score=89.8, certification=Not Required, skill status=Verified.",DERIVED_DEMO_FROM_EXISTING_EMPLOYEE_DATA,No,2026-08-01
LEARN-EMP189-COURSE-S006-PRC,EMP189,Omer Masood,DEPARTMENT-005,Engineering,POS-189,Engineering Lead,Manager/Head,COURSE-S006-PRC,Applied DevOps & CI/CD,Practitioner,S006,DevOps & CI/CD,4,71.0,Certification Planned,Completed,2025-02-15,Yes,"Derived from actual role=Manager/Head, skill proficiency=4/5, skill score=71.0, certification=Certification Planned, skill status=Verified.",DERIVED_DEMO_FROM_EXISTING_EMPLOYEE_DATA,No,2026-08-01
LEARN-EMP496-COURSE-S080-ADV,EMP496,Ali Nadeem,DEPARTMENT-012,Procurement & Supply Chain,EXEC-PRC-HEAD,Head of Procurement and Supply Chain,Manager/Head,COURSE-S080-ADV,Advanced Inventory Planning and Decision Practice,Advanced,S080,Inventory Planning,5,83.5,Not Required,Completed,2025-02-15,Yes,"Derived from actual role=Manager/Head, skill proficiency=5/5, skill score=83.5, certification=Not Required, skill status=Current.",DERIVED_DEMO_FROM_EXISTING_EMPLOYEE_DATA,No,2026-08-01
LEARN-EMP496-COURSE-S045-ADV,EMP496,Ali Nadeem,DEPARTMENT-012,Procurement & Supply Chain,EXEC-PRC-HEAD,Head of Procurement and Supply Chain,Manager/Head,COURSE-S045-ADV,Advanced Stakeholder Management for Professional Growth,Advanced,S045,Stakeholder Management,5,100.0,Not Required,Completed,2026-05-15,No,"Derived from actual role=Manager/Head, skill proficiency=5/5, skill score=100.0, certification=Not Required, skill status=Current.",DERIVED_DEMO_FROM_EXISTING_EMPLOYEE_DATA,No,2026-08-01
LEARN-EMP496-COURSE-S049-ADV,EMP496,Ali Nadeem,DEPARTMENT-012,Procurement & Supply Chain,EXEC-PRC-HEAD,Head of Procurement and Supply Chain,Manager/Head,COURSE-S049-ADV,Advanced Data Analysis and Decision Practice,Advanced,S049,Data Analysis,5,95.4,Not Required,Completed,2025-01-15,No,"Derived from actual role=Manager/Head, skill proficiency=5/5, skill score=95.4, certification=Not Required, skill status=Current.",DERIVED_DEMO_FROM_EXISTING_EMPLOYEE_DATA,No,2026-08-01
LEARN-EMP207-COURSE-S035-ADV,EMP207,Nida Sultan,DEPARTMENT-001,HR,POS-206,HR Officer,Professional/Mid-level,COURSE-S035-ADV,Advanced Learning & Development and Decision Practice,Advanced,S035,Learning & Development,4,83.1,Certified,Completed,2024-08-15,Yes,"Derived from actual role=Professional/Mid-level, skill proficiency=4/5, skill score=83.1, certification=Certified, skill status=Current.",DERIVED_DEMO_FROM_EXISTING_EMPLOYEE_DATA,No,2026-08-01
LEARN-EMP207-COURSE-S032-ADV,EMP207,Nida Sultan,DEPARTMENT-001,HR,POS-206,HR Officer,Professional/Mid-level,COURSE-S032-ADV,Advanced HRIS & Employee Data and Decision Practice,Advanced,S032,HRIS & Employee Data,5,89.8,Not Required,Completed,2025-03-15,Yes,"Derived from actual role=Professional/Mid-level, skill proficiency=5/5, skill score=89.8, certification=Not Required, skill status=Current.",DERIVED_DEMO_FROM_EXISTING_EMPLOYEE_DATA,No,2026-08-01
LEARN-EMP701-COURSE-S049-ADV,EMP701,Zainab Faisal,DEPARTMENT-016,Research & Development,POS-685,Research Analyst,Professional/Mid-level,COURSE-S049-ADV,Advanced Data Analysis and Decision Practice,Advanced,S049,Data Analysis,5,99.3,Not Required,Completed,2026-01-15,Yes,"Derived from actual role=Professional/Mid-level, skill proficiency=5/5, skill score=99.3, certification=Not Required, skill status=Current.",DERIVED_DEMO_FROM_EXISTING_EMPLOYEE_DATA,No,2026-08-01
LEARN-EMP701-COURSE-S099-ADV,EMP701,Zainab Faisal,DEPARTMENT-016,Research & Development,POS-685,Research Analyst,Professional/Mid-level,COURSE-S099-ADV,Advanced Innovation Management and Innovation Practice,Advanced,S099,Innovation Management,5,96.5,Not Required,Completed,2024-05-15,Yes,"Derived from actual role=Professional/Mid-level, skill proficiency=5/5, skill score=96.5, certification=Not Required, skill status=Current.",DERIVED_DEMO_FROM_EXISTING_EMPLOYEE_DATA,No,2026-08-01
LEARN-EMP196-COURSE-S001-PRC,EMP196,Mohsin Abbasi,DEPARTMENT-005,Engineering,POS-196,Software Engineer II,Professional/Mid-level,COURSE-S001-PRC,Applied Python Programming,Practitioner,S001,Python Programming,4,78.6,Not Required,Completed,2026-03-15,Yes,"Derived from actual role=Professional/Mid-level, skill proficiency=4/5, skill score=78.6, certification=Not Required, skill status=Verified.",DERIVED_DEMO_FROM_EXISTING_EMPLOYEE_DATA,No,2026-08-01
LEARN-EMP196-COURSE-S002-PRC,EMP196,Mohsin Abbasi,DEPARTMENT-005,Engineering,POS-196,Software Engineer II,Professional/Mid-level,COURSE-S002-PRC,Applied SQL & Databases,Practitioner,S002,SQL & Databases,4,75.9,Not Required,Completed,2025-04-15,Yes,"Derived from actual role=Professional/Mid-level, skill proficiency=4/5, skill score=75.9, certification=Not Required, skill status=Verified.",DERIVED_DEMO_FROM_EXISTING_EMPLOYEE_DATA,No,2026-08-01
LEARN-EMP515-COURSE-S077-ADV,EMP515,Mehwish Ali,DEPARTMENT-012,Procurement & Supply Chain,POS-503,Procurement Officer,Professional/Mid-level,COURSE-S077-ADV,Advanced Purchase Order Management and Decision Practice,Advanced,S077,Purchase Order Management,4,93.7,Planned,Completed,2025-01-15,Yes,"Derived from actual role=Professional/Mid-level, skill proficiency=4/5, skill score=93.7, certification=Planned, skill status=Current.",DERIVED_DEMO_FROM_EXISTING_EMPLOYEE_DATA,No,2026-08-01
LEARN-EMP515-COURSE-S080-PRC,EMP515,Mehwish Ali,DEPARTMENT-012,Procurement & Supply Chain,POS-503,Procurement Officer,Professional/Mid-level,COURSE-S080-PRC,Applied Inventory Planning,Practitioner,S080,Inventory Planning,3,77.9,Planned,Completed,2024-08-15,Yes,"Derived from actual role=Professional/Mid-level, skill proficiency=3/5, skill score=77.9, certification=Planned, skill status=Current.",DERIVED_DEMO_FROM_EXISTING_EMPLOYEE_DATA,No,2026-08-01
LEARN-EMP510-COURSE-S080-ADV,EMP510,Laiba Butt,DEPARTMENT-012,Procurement & Supply Chain,POS-498,Senior Procurement Specialist,Senior/Lead,COURSE-S080-ADV,Advanced Inventory Planning and Decision Practice,Advanced,S080,Inventory Planning,4,88.5,Not Required,Completed,2024-04-15,Yes,"Derived from actual role=Senior/Lead, skill proficiency=4/5, skill score=88.5, certification=Not Required, skill status=Current.",DERIVED_DEMO_FROM_EXISTING_EMPLOYEE_DATA,No,2026-08-01
LEARN-EMP510-COURSE-S079-ADV,EMP510,Laiba Butt,DEPARTMENT-012,Procurement & Supply Chain,POS-498,Senior Procurement Specialist,Senior/Lead,COURSE-S079-ADV,Advanced Contract Negotiation and Decision Practice,Advanced,S079,Contract Negotiation,4,87.7,Not Required,Completed,2025-05-15,Yes,"Derived from actual role=Senior/Lead, skill proficiency=4/5, skill score=87.7, certification=Not Required, skill status=Current.",DERIVED_DEMO_FROM_EXISTING_EMPLOYEE_DATA,No,2026-08-01
LEARN-EMP706-COURSE-S098-PRC,EMP706,Sidra Mahmood,DEPARTMENT-016,Research & Development,POS-690,Research Associate,Junior/Assistant,COURSE-S098-PRC,Applied Technical Writing for R&D,Practitioner,S098,Technical Writing,3,83.7,Not Required,Completed,2025-04-15,Yes,"Derived from actual role=Junior/Assistant, skill proficiency=3/5, skill score=83.7, certification=Not Required, skill status=Current.",DERIVED_DEMO_FROM_EXISTING_EMPLOYEE_DATA,No,2026-08-01
LEARN-EMP364-COURSE-S065-PRC,EMP364,Iqra Malik,DEPARTMENT-009,Training & Development,POS-355,Training Manager,Manager/Head,COURSE-S065-PRC,Applied Learning Management Systems for Learning Delivery,Practitioner,S065,Learning Management Systems,4,81.7,Certified,Completed,2024-05-15,Yes,"Derived from actual role=Manager/Head, skill proficiency=4/5, skill score=81.7, certification=Certified, skill status=Current.",DERIVED_DEMO_FROM_EXISTING_EMPLOYEE_DATA,No,2026-08-01
LEARN-EMP364-COURSE-S061-ADV,EMP364,Iqra Malik,DEPARTMENT-009,Training & Development,POS-355,Training Manager,Manager/Head,COURSE-S061-ADV,Advanced Training Needs Analysis and Learning Impact,Advanced,S061,Training Needs Analysis,4,83.3,Planned,Completed,2025-01-15,Yes,"Derived from actual role=Manager/Head, skill proficiency=4/5, skill score=83.3, certification=Planned, skill status=Current.",DERIVED_DEMO_FROM_EXISTING_EMPLOYEE_DATA,No,2026-08-01
LEARN-EMP364-COURSE-S064-PRC,EMP364,Iqra Malik,DEPARTMENT-009,Training & Development,POS-355,Training Manager,Manager/Head,COURSE-S064-PRC,Applied Learning Evaluation for Learning Delivery,Practitioner,S064,Learning Evaluation,3,74.9,Not Required,Completed,2025-02-15,Yes,"Derived from actual role=Manager/Head, skill proficiency=3/5, skill score=74.9, certification=Not Required, skill status=Current.",DERIVED_DEMO_FROM_EXISTING_EMPLOYEE_DATA,No,2026-08-01
LEARN-EMP284-COURSE-S050-ADV,EMP284,Hamza Aziz,DEPARTMENT-006,Operations,POS-278,Senior Operations Officer,Senior/Lead,COURSE-S050-ADV,Advanced Project Management for Professional Growth,Advanced,S050,Project Management,5,92.7,Planned,Completed,2024-08-15,No,"Derived from actual role=Senior/Lead, skill proficiency=5/5, skill score=92.7, certification=Planned, skill status=Current.",DERIVED_DEMO_FROM_EXISTING_EMPLOYEE_DATA,No,2026-08-01
LEARN-EMP284-COURSE-S049-ADV,EMP284,Hamza Aziz,DEPARTMENT-006,Operations,POS-278,Senior Operations Officer,Senior/Lead,COURSE-S049-ADV,Advanced Data Analysis and Decision Practice,Advanced,S049,Data Analysis,5,100.0,Not Required,Completed,2026-06-15,No,"Derived from actual role=Senior/Lead, skill proficiency=5/5, skill score=100.0, certification=Not Required, skill status=Current.",DERIVED_DEMO_FROM_EXISTING_EMPLOYEE_DATA,No,2026-08-01
LEARN-EMP169-COURSE-S050-ADV,EMP169,Iqra Qureshi,DEPARTMENT-007,IT,POS-169,IT Operations Manager,Manager/Head,COURSE-S050-ADV,Advanced Project Management for Professional Growth,Advanced,S050,Project Management,5,96.4,Certified,Completed,2026-04-15,Yes,"Derived from actual role=Manager/Head, skill proficiency=5/5, skill score=96.4, certification=Certified, skill status=Verified.",DERIVED_DEMO_FROM_EXISTING_EMPLOYEE_DATA,No,2026-08-01
LEARN-EMP169-COURSE-S046-ADV,EMP169,Iqra Qureshi,DEPARTMENT-007,IT,POS-169,IT Operations Manager,Manager/Head,COURSE-S046-ADV,Advanced Leadership for Professional Growth,Advanced,S046,Leadership,5,95.0,Not Required,Completed,2025-05-15,Yes,"Derived from actual role=Manager/Head, skill proficiency=5/5, skill score=95.0, certification=Not Required, skill status=Verified.",DERIVED_DEMO_FROM_EXISTING_EMPLOYEE_DATA,No,2026-08-01
LEARN-EMP169-COURSE-S008-ADV,EMP169,Iqra Qureshi,DEPARTMENT-007,IT,POS-169,IT Operations Manager,Manager/Head,COURSE-S008-ADV,Advanced Cybersecurity and Decision Practice,Advanced,S008,Cybersecurity,4,83.4,Certified,Completed,2025-01-15,Yes,"Derived from actual role=Manager/Head, skill proficiency=4/5, skill score=83.4, certification=Certified, skill status=Verified.",DERIVED_DEMO_FROM_EXISTING_EMPLOYEE_DATA,No,2026-08-01
LEARN-EMP143-COURSE-S025-PRC,EMP143,Hamza Awan,DEPARTMENT-002,Finance,POS-143,Financial Analyst,Professional/Mid-level,COURSE-S025-PRC,Applied Financial Analysis,Practitioner,S025,Financial Analysis,4,80.4,Certified,Completed,2026-07-15,Yes,"Derived from actual role=Professional/Mid-level, skill proficiency=4/5, skill score=80.4, certification=Certified, skill status=Verified.",DERIVED_DEMO_FROM_EXISTING_EMPLOYEE_DATA,No,2026-08-01
LEARN-EMP143-COURSE-S026-PRC,EMP143,Hamza Awan,DEPARTMENT-002,Finance,POS-143,Financial Analyst,Professional/Mid-level,COURSE-S026-PRC,Applied Accounting & Reconciliation,Practitioner,S026,Accounting & Reconciliation,4,73.0,Not Required,Completed,2024-01-15,Yes,"Derived from actual role=Professional/Mid-level, skill proficiency=4/5, skill score=73.0, certification=Not Required, skill status=Verified.",DERIVED_DEMO_FROM_EXISTING_EMPLOYEE_DATA,No,2026-08-01
LEARN-EMP506-COURSE-S079-ADV,EMP506,Komal Munir,DEPARTMENT-012,Procurement & Supply Chain,POS-494,Senior Procurement Specialist,Senior/Lead,COURSE-S079-ADV,Advanced Contract Negotiation and Decision Practice,Advanced,S079,Contract Negotiation,5,97.3,Certified,Completed,2026-05-15,Yes,"Derived from actual role=Senior/Lead, skill proficiency=5/5, skill score=97.3, certification=Certified, skill status=Current.",DERIVED_DEMO_FROM_EXISTING_EMPLOYEE_DATA,No,2026-08-01
LEARN-EMP506-COURSE-S080-PRC,EMP506,Komal Munir,DEPARTMENT-012,Procurement & Supply Chain,POS-494,Senior Procurement Specialist,Senior/Lead,COURSE-S080-PRC,Applied Inventory Planning,Practitioner,S080,Inventory Planning,3,71.2,Certified,Completed,2024-06-15,Yes,"Derived from actual role=Senior/Lead, skill proficiency=3/5, skill score=71.2, certification=Certified, skill status=Current.",DERIVED_DEMO_FROM_EXISTING_EMPLOYEE_DATA,No,2026-08-01
LEARN-EMP012-COURSE-S033-ADV,EMP012,Danish Masood,DEPARTMENT-001,HR,POS-012,HR Manager,Manager/Head,COURSE-S033-ADV,Advanced Performance Management and Decision Practice,Advanced,S033,Performance Management,5,93.1,Not Required,Completed,2024-01-15,Yes,"Derived from actual role=Manager/Head, skill proficiency=5/5, skill score=93.1, certification=Not Required, skill status=Verified.",DERIVED_DEMO_FROM_EXISTING_EMPLOYEE_DATA,No,2026-08-01
LEARN-EMP012-COURSE-S045-ADV,EMP012,Danish Masood,DEPARTMENT-001,HR,POS-012,HR Manager,Manager/Head,COURSE-S045-ADV,Advanced Stakeholder Management for Professional Growth,Advanced,S045,Stakeholder Management,5,96.3,Not Required,Completed,2026-04-15,Yes,"Derived from actual role=Manager/Head, skill proficiency=5/5, skill score=96.3, certification=Not Required, skill status=Verified.",DERIVED_DEMO_FROM_EXISTING_EMPLOYEE_DATA,No,2026-08-01
LEARN-EMP012-COURSE-S046-ADV,EMP012,Danish Masood,DEPARTMENT-001,HR,POS-012,HR Manager,Manager/Head,COURSE-S046-ADV,Advanced Leadership for Professional Growth,Advanced,S046,Leadership,5,92.3,Not Required,Completed,2024-06-15,Yes,"Derived from actual role=Manager/Head, skill proficiency=5/5, skill score=92.3, certification=Not Required, skill status=Developing.",DERIVED_DEMO_FROM_EXISTING_EMPLOYEE_DATA,No,2026-08-01
LEARN-EMP715-COURSE-S049-ADV,EMP715,Ali Munir,DEPARTMENT-016,Research & Development,POS-699,Research Associate,Junior/Assistant,COURSE-S049-ADV,Advanced Data Analysis and Decision Practice,Advanced,S049,Data Analysis,4,85.9,Not Required,Completed,2024-03-15,Yes,"Derived from actual role=Junior/Assistant, skill proficiency=4/5, skill score=85.9, certification=Not Required, skill status=Current.",DERIVED_DEMO_FROM_EXISTING_EMPLOYEE_DATA,No,2026-08-01
LEARN-EMP273-COURSE-S003-ADV,EMP273,Haris Ejaz,DEPARTMENT-005,Engineering,POS-268,Junior Software Engineer,Junior/Assistant,COURSE-S003-ADV,Advanced API Development and Decision Practice,Advanced,S003,API Development,4,89.7,Not Required,Completed,2025-01-15,Yes,"Derived from actual role=Junior/Assistant, skill proficiency=4/5, skill score=89.7, certification=Not Required, skill status=Current.",DERIVED_DEMO_FROM_EXISTING_EMPLOYEE_DATA,No,2026-08-01
LEARN-EMP528-COURSE-S045-ADV,EMP528,Minal Aslam,DEPARTMENT-012,Procurement & Supply Chain,POS-516,Procurement Assistant,Junior/Assistant,COURSE-S045-ADV,Advanced Stakeholder Management for Professional Growth,Advanced,S045,Stakeholder Management,4,83.4,Not Required,Completed,2025-04-15,No,"Derived from actual role=Junior/Assistant, skill proficiency=4/5, skill score=83.4, certification=Not Required, skill status=Current.",DERIVED_DEMO_FROM_EXISTING_EMPLOYEE_DATA,No,2026-08-01
LEARN-EMP304-COURSE-S010-PRC,EMP304,Sana Akhtar,DEPARTMENT-007,IT,POS-297,Systems Administrator,Professional/Mid-level,COURSE-S010-PRC,Applied IT Service Management,Practitioner,S010,IT Service Management,4,76.0,Not Required,Completed,2026-02-15,Yes,"Derived from actual role=Professional/Mid-level, skill proficiency=4/5, skill score=76.0, certification=Not Required, skill status=Current.",DERIVED_DEMO_FROM_EXISTING_EMPLOYEE_DATA,No,2026-08-01
LEARN-EMP304-COURSE-S008-FND,EMP304,Sana Akhtar,DEPARTMENT-007,IT,POS-297,Systems Administrator,Professional/Mid-level,COURSE-S008-FND,Cybersecurity Fundamentals,Foundation,S008,Cybersecurity,2,75.8,Certified,Completed,2025-01-15,Yes,"Derived from actual role=Professional/Mid-level, skill proficiency=2/5, skill score=75.8, certification=Certified, skill status=Developing.",DERIVED_DEMO_FROM_EXISTING_EMPLOYEE_DATA,No,2026-08-01
LEARN-EMP634-COURSE-S095-ADV,EMP634,Hira Nadeem,DEPARTMENT-015,Quality Assurance,POS-619,Quality Assurance Manager,Manager/Head,COURSE-S095-ADV,Advanced Statistical Process Control and Continuous Improvement,Advanced,S095,Statistical Process Control,5,98.8,Not Required,Completed,2025-02-15,Yes,"Derived from actual role=Manager/Head, skill proficiency=5/5, skill score=98.8, certification=Not Required, skill status=Current.",DERIVED_DEMO_FROM_EXISTING_EMPLOYEE_DATA,No,2026-08-01
LEARN-EMP634-COURSE-S044-ADV,EMP634,Hira Nadeem,DEPARTMENT-015,Quality Assurance,POS-619,Quality Assurance Manager,Manager/Head,COURSE-S044-ADV,Advanced Problem Solving for Professional Growth,Advanced,S044,Problem Solving,5,83.3,Certified,Completed,2026-03-15,No,"Derived from actual role=Manager/Head, skill proficiency=5/5, skill score=83.3, certification=Certified, skill status=Current.",DERIVED_DEMO_FROM_EXISTING_EMPLOYEE_DATA,No,2026-08-01
LEARN-EMP634-COURSE-S093-PRC,EMP634,Hira Nadeem,DEPARTMENT-015,Quality Assurance,POS-619,Quality Assurance Manager,Manager/Head,COURSE-S093-PRC,Applied Root Cause Analysis in Operations,Practitioner,S093,Root Cause Analysis,3,76.0,Planned,Completed,2025-02-15,Yes,"Derived from actual role=Manager/Head, skill proficiency=3/5, skill score=76.0, certification=Planned, skill status=Current.",DERIVED_DEMO_FROM_EXISTING_EMPLOYEE_DATA,No,2026-08-01
LEARN-EMP328-COURSE-S055-PRC,EMP328,Raza Javed,DEPARTMENT-008,Medical Care,POS-320,Senior Medical Officer,Senior/Lead,COURSE-S055-PRC,Applied Patient Care in Clinical Practice,Practitioner,S055,Patient Care,3,86.6,Certified,Completed,2025-05-15,Yes,"Derived from actual role=Senior/Lead, skill proficiency=3/5, skill score=86.6, certification=Certified, skill status=Current.",DERIVED_DEMO_FROM_EXISTING_EMPLOYEE_DATA,No,2026-08-01
LEARN-EMP328-COURSE-S056-ADV,EMP328,Raza Javed,DEPARTMENT-008,Medical Care,POS-320,Senior Medical Officer,Senior/Lead,COURSE-S056-ADV,Advanced Clinical Documentation and Patient Safety,Advanced,S056,Clinical Documentation,4,87.2,Planned,Completed,2025-01-15,Yes,"Derived from actual role=Senior/Lead, skill proficiency=4/5, skill score=87.2, certification=Planned, skill status=Current.",DERIVED_DEMO_FROM_EXISTING_EMPLOYEE_DATA,No,2026-08-01
LEARN-EMP367-COURSE-S065-ADV,EMP367,Laiba Siddiqui,DEPARTMENT-009,Training & Development,POS-358,Training Manager,Manager/Head,COURSE-S065-ADV,Advanced Learning Management Systems and Learning Impact,Advanced,S065,Learning Management Systems,5,99.7,Certified,Completed,2024-08-15,Yes,"Derived from actual role=Manager/Head, skill proficiency=5/5, skill score=99.7, certification=Certified, skill status=Current.",DERIVED_DEMO_FROM_EXISTING_EMPLOYEE_DATA,No,2026-08-01
LEARN-EMP367-COURSE-S045-ADV,EMP367,Laiba Siddiqui,DEPARTMENT-009,Training & Development,POS-358,Training Manager,Manager/Head,COURSE-S045-ADV,Advanced Stakeholder Management for Professional Growth,Advanced,S045,Stakeholder Management,5,89.4,Certified,Completed,2025-04-15,No,"Derived from actual role=Manager/Head, skill proficiency=5/5, skill score=89.4, certification=Certified, skill status=Current.",DERIVED_DEMO_FROM_EXISTING_EMPLOYEE_DATA,No,2026-08-01
LEARN-EMP367-COURSE-S063-ADV,EMP367,Laiba Siddiqui,DEPARTMENT-009,Training & Development,POS-358,Training Manager,Manager/Head,COURSE-S063-ADV,Advanced Facilitation and Learning Impact,Advanced,S063,Facilitation,4,88.1,Not Required,Completed,2026-05-15,Yes,"Derived from actual role=Manager/Head, skill proficiency=4/5, skill score=88.1, certification=Not Required, skill status=Current.",DERIVED_DEMO_FROM_EXISTING_EMPLOYEE_DATA,No,2026-08-01
LEARN-EMP551-COURSE-S083-ADV,EMP551,Saba Rehman,DEPARTMENT-013,Logistics & Warehouse,POS-538,Senior Logistics Officer,Senior/Lead,COURSE-S083-ADV,Advanced Inventory Control and Decision Practice,Advanced,S083,Inventory Control,5,94.3,Not Required,Completed,2026-02-15,Yes,"Derived from actual role=Senior/Lead, skill proficiency=5/5, skill score=94.3, certification=Not Required, skill status=Current.",DERIVED_DEMO_FROM_EXISTING_EMPLOYEE_DATA,No,2026-08-01
LEARN-EMP551-COURSE-S086-PRC,EMP551,Saba Rehman,DEPARTMENT-013,Logistics & Warehouse,POS-538,Senior Logistics Officer,Senior/Lead,COURSE-S086-PRC,Applied Dispatch Coordination,Practitioner,S086,Dispatch Coordination,4,74.0,Not Required,Completed,2024-08-15,Yes,"Derived from actual role=Senior/Lead, skill proficiency=4/5, skill score=74.0, certification=Not Required, skill status=Current.",DERIVED_DEMO_FROM_EXISTING_EMPLOYEE_DATA,No,2026-08-01
LEARN-EMP236-COURSE-S027-ADV,EMP236,Anam Nadeem,DEPARTMENT-002,Finance,POS-234,Financial Analyst,Professional/Mid-level,COURSE-S027-ADV,Advanced Budgeting & Forecasting and Decision Practice,Advanced,S027,Budgeting & Forecasting,5,95.3,Certified,Completed,2024-05-15,Yes,"Derived from actual role=Professional/Mid-level, skill proficiency=5/5, skill score=95.3, certification=Certified, skill status=Current.",DERIVED_DEMO_FROM_EXISTING_EMPLOYEE_DATA,No,2026-08-01
LEARN-EMP236-COURSE-S026-ADV,EMP236,Anam Nadeem,DEPARTMENT-002,Finance,POS-234,Financial Analyst,Professional/Mid-level,COURSE-S026-ADV,Advanced Accounting & Reconciliation and Decision Practice,Advanced,S026,Accounting & Reconciliation,4,85.5,Certified,Completed,2024-05-15,Yes,"Derived from actual role=Professional/Mid-level, skill proficiency=4/5, skill score=85.5, certification=Certified, skill status=Current.",DERIVED_DEMO_FROM_EXISTING_EMPLOYEE_DATA,No,2026-08-01
LEARN-EMP019-COURSE-S007-ADV,EMP019,Hina Hussain,DEPARTMENT-007,IT,POS-019,Systems Administrator,Professional/Mid-level,COURSE-S007-ADV,Advanced Cloud Platforms and Decision Practice,Advanced,S007,Cloud Platforms,4,82.2,Certification Planned,Completed,2024-06-15,Yes,"Derived from actual role=Professional/Mid-level, skill proficiency=4/5, skill score=82.2, certification=Certification Planned, skill status=Verified.",DERIVED_DEMO_FROM_EXISTING_EMPLOYEE_DATA,No,2026-08-01
LEARN-EMP019-COURSE-S008-PRC,EMP019,Hina Hussain,DEPARTMENT-007,IT,POS-019,Systems Administrator,Professional/Mid-level,COURSE-S008-PRC,Applied Cybersecurity,Practitioner,S008,Cybersecurity,4,78.8,Certification Planned,Completed,2025-04-15,Yes,"Derived from actual role=Professional/Mid-level, skill proficiency=4/5, skill score=78.8, certification=Certification Planned, skill status=Verified.",DERIVED_DEMO_FROM_EXISTING_EMPLOYEE_DATA,No,2026-08-01
LEARN-EMP694-COURSE-S045-ADV,EMP694,Omar Khan,DEPARTMENT-016,Research & Development,POS-678,Research Analyst,Professional/Mid-level,COURSE-S045-ADV,Advanced Stakeholder Management for Professional Growth,Advanced,S045,Stakeholder Management,5,85.8,Certified,Completed,2024-03-15,No,"Derived from actual role=Professional/Mid-level, skill proficiency=5/5, skill score=85.8, certification=Certified, skill status=Current.",DERIVED_DEMO_FROM_EXISTING_EMPLOYEE_DATA,No,2026-08-01
LEARN-EMP694-COURSE-S050-PRC,EMP694,Omar Khan,DEPARTMENT-016,Research & Development,POS-678,Research Analyst,Professional/Mid-level,COURSE-S050-PRC,Project Management in Practice,Practitioner,S050,Project Management,4,80.2,Certified,Completed,2024-01-15,No,"Derived from actual role=Professional/Mid-level, skill proficiency=4/5, skill score=80.2, certification=Certified, skill status=Current.",DERIVED_DEMO_FROM_EXISTING_EMPLOYEE_DATA,No,2026-08-01
LEARN-EMP385-COURSE-S061-PRC,EMP385,Waqas Raza,DEPARTMENT-009,Training & Development,POS-376,Learning and Development Specialist,Professional/Mid-level,COURSE-S061-PRC,Applied Training Needs Analysis for Learning Delivery,Practitioner,S061,Training Needs Analysis,3,76.1,Certified,Completed,2025-06-15,Yes,"Derived from actual role=Professional/Mid-level, skill proficiency=3/5, skill score=76.1, certification=Certified, skill status=Current.",DERIVED_DEMO_FROM_EXISTING_EMPLOYEE_DATA,No,2026-08-01
LEARN-EMP385-COURSE-S045-ADV,EMP385,Waqas Raza,DEPARTMENT-009,Training & Development,POS-376,Learning and Development Specialist,Professional/Mid-level,COURSE-S045-ADV,Advanced Stakeholder Management for Professional Growth,Advanced,S045,Stakeholder Management,5,96.2,Certified,Completed,2024-03-15,No,"Derived from actual role=Professional/Mid-level, skill proficiency=5/5, skill score=96.2, certification=Certified, skill status=Current.",DERIVED_DEMO_FROM_EXISTING_EMPLOYEE_DATA,No,2026-08-01
LEARN-EMP092-COURSE-S005-ADV,EMP092,Mahnoor Ali,DEPARTMENT-005,Engineering,POS-092,Senior Software Engineer,Senior/Lead,COURSE-S005-ADV,Advanced System Design and Decision Practice,Advanced,S005,System Design,5,82.7,Not Required,Completed,2026-03-15,Yes,"Derived from actual role=Senior/Lead, skill proficiency=5/5, skill score=82.7, certification=Not Required, skill status=Verified.",DERIVED_DEMO_FROM_EXISTING_EMPLOYEE_DATA,No,2026-08-01
LEARN-EMP092-COURSE-S003-PRC,EMP092,Mahnoor Ali,DEPARTMENT-005,Engineering,POS-092,Senior Software Engineer,Senior/Lead,COURSE-S003-PRC,Applied API Development,Practitioner,S003,API Development,4,77.9,Not Required,Completed,2026-05-15,Yes,"Derived from actual role=Senior/Lead, skill proficiency=4/5, skill score=77.9, certification=Not Required, skill status=Verified.",DERIVED_DEMO_FROM_EXISTING_EMPLOYEE_DATA,No,2026-08-01
LEARN-EMP504-COURSE-S076-ADV,EMP504,Omar Siddiqui,DEPARTMENT-012,Procurement & Supply Chain,POS-492,Senior Procurement Specialist,Senior/Lead,COURSE-S076-ADV,Advanced Strategic Sourcing and Decision Practice,Advanced,S076,Strategic Sourcing,5,89.5,Certified,Completed,2025-04-15,Yes,"Derived from actual role=Senior/Lead, skill proficiency=5/5, skill score=89.5, certification=Certified, skill status=Current.",DERIVED_DEMO_FROM_EXISTING_EMPLOYEE_DATA,No,2026-08-01
LEARN-EMP504-COURSE-S023-ADV,EMP504,Omar Siddiqui,DEPARTMENT-012,Procurement & Supply Chain,POS-492,Senior Procurement Specialist,Senior/Lead,COURSE-S023-ADV,Advanced Risk & Controls and Decision Practice,Advanced,S023,Risk & Controls,5,100.0,Certified,Completed,2024-01-15,No,"Derived from actual role=Senior/Lead, skill proficiency=5/5, skill score=100.0, certification=Certified, skill status=Current.",DERIVED_DEMO_FROM_EXISTING_EMPLOYEE_DATA,No,2026-08-01
LEARN-EMP502-COURSE-S023-ADV,EMP502,Talha Rehman,DEPARTMENT-012,Procurement & Supply Chain,POS-490,Procurement Manager,Manager/Head,COURSE-S023-ADV,Advanced Risk & Controls and Decision Practice,Advanced,S023,Risk & Controls,5,95.8,Certified,Completed,2025-07-15,No,"Derived from actual role=Manager/Head, skill proficiency=5/5, skill score=95.8, certification=Certified, skill status=Current.",DERIVED_DEMO_FROM_EXISTING_EMPLOYEE_DATA,No,2026-08-01
LEARN-EMP502-COURSE-S080-PRC,EMP502,Talha Rehman,DEPARTMENT-012,Procurement & Supply Chain,POS-490,Procurement Manager,Manager/Head,COURSE-S080-PRC,Applied Inventory Planning,Practitioner,S080,Inventory Planning,4,80.1,Not Required,Completed,2025-03-15,Yes,"Derived from actual role=Manager/Head, skill proficiency=4/5, skill score=80.1, certification=Not Required, skill status=Current.",DERIVED_DEMO_FROM_EXISTING_EMPLOYEE_DATA,No,2026-08-01
LEARN-EMP502-COURSE-S078-PRC,EMP502,Talha Rehman,DEPARTMENT-012,Procurement & Supply Chain,POS-490,Procurement Manager,Manager/Head,COURSE-S078-PRC,Applied Supplier Management,Practitioner,S078,Supplier Management,3,80.1,Not Required,Completed,2026-07-15,Yes,"Derived from actual role=Manager/Head, skill proficiency=3/5, skill score=80.1, certification=Not Required, skill status=Current.",DERIVED_DEMO_FROM_EXISTING_EMPLOYEE_DATA,No,2026-08-01
LEARN-EMP557-COURSE-S083-ADV,EMP557,Ali Rashid,DEPARTMENT-013,Logistics & Warehouse,POS-544,Logistics Coordinator,Professional/Mid-level,COURSE-S083-ADV,Advanced Inventory Control and Decision Practice,Advanced,S083,Inventory Control,4,90.3,Certified,Completed,2024-03-15,Yes,"Derived from actual role=Professional/Mid-level, skill proficiency=4/5, skill score=90.3, certification=Certified, skill status=Current.",DERIVED_DEMO_FROM_EXISTING_EMPLOYEE_DATA,No,2026-08-01
LEARN-EMP557-COURSE-S082-ADV,EMP557,Ali Rashid,DEPARTMENT-013,Logistics & Warehouse,POS-544,Logistics Coordinator,Professional/Mid-level,COURSE-S082-ADV,Advanced Warehouse Operations and Decision Practice,Advanced,S082,Warehouse Operations,5,88.5,Not Required,Completed,2025-02-15,Yes,"Derived from actual role=Professional/Mid-level, skill proficiency=5/5, skill score=88.5, certification=Not Required, skill status=Current.",DERIVED_DEMO_FROM_EXISTING_EMPLOYEE_DATA,No,2026-08-01
LEARN-EMP129-COURSE-S050-ADV,EMP129,Danish Dar,DEPARTMENT-005,Engineering,POS-129,Engineering Lead,Manager/Head,COURSE-S050-ADV,Advanced Project Management for Professional Growth,Advanced,S050,Project Management,5,95.3,Certified,Completed,2025-05-15,Yes,"Derived from actual role=Manager/Head, skill proficiency=5/5, skill score=95.3, certification=Certified, skill status=Verified.",DERIVED_DEMO_FROM_EXISTING_EMPLOYEE_DATA,No,2026-08-01
LEARN-EMP129-COURSE-S005-ADV,EMP129,Danish Dar,DEPARTMENT-005,Engineering,POS-129,Engineering Lead,Manager/Head,COURSE-S005-ADV,Advanced System Design and Decision Practice,Advanced,S005,System Design,5,96.1,Not Required,Completed,2025-02-15,Yes,"Derived from actual role=Manager/Head, skill proficiency=5/5, skill score=96.1, certification=Not Required, skill status=Verified.",DERIVED_DEMO_FROM_EXISTING_EMPLOYEE_DATA,No,2026-08-01
LEARN-EMP129-COURSE-S006-ADV,EMP129,Danish Dar,DEPARTMENT-005,Engineering,POS-129,Engineering Lead,Manager/Head,COURSE-S006-ADV,Advanced DevOps & CI/CD and Decision Practice,Advanced,S006,DevOps & CI/CD,5,96.8,Certification Planned,Completed,2026-07-15,Yes,"Derived from actual role=Manager/Head, skill proficiency=5/5, skill score=96.8, certification=Certification Planned, skill status=Developing.",DERIVED_DEMO_FROM_EXISTING_EMPLOYEE_DATA,No,2026-08-01
LEARN-EMP412-COURSE-S066-ADV,EMP412,Noor Mahmood,DEPARTMENT-010,Administration & Facilities,POS-402,Administration Manager,Manager/Head,COURSE-S066-ADV,Advanced Office Administration and Decision Practice,Advanced,S066,Office Administration,5,89.2,Not Required,Completed,2025-04-15,Yes,"Derived from actual role=Manager/Head, skill proficiency=5/5, skill score=89.2, certification=Not Required, skill status=Current.",DERIVED_DEMO_FROM_EXISTING_EMPLOYEE_DATA,No,2026-08-01
LEARN-EMP412-COURSE-S068-PRC,EMP412,Noor Mahmood,DEPARTMENT-010,Administration & Facilities,POS-402,Administration Manager,Manager/Head,COURSE-S068-PRC,Applied Vendor Coordination,Practitioner,S068,Vendor Coordination,3,72.8,Certified,Completed,2025-03-15,Yes,"Derived from actual role=Manager/Head, skill proficiency=3/5, skill score=72.8, certification=Certified, skill status=Current.",DERIVED_DEMO_FROM_EXISTING_EMPLOYEE_DATA,No,2026-08-01
LEARN-EMP412-COURSE-S052-ADV,EMP412,Noor Mahmood,DEPARTMENT-010,Administration & Facilities,POS-402,Administration Manager,Manager/Head,COURSE-S052-ADV,Advanced Time Management for Professional Growth,Advanced,S052,Time Management,4,90.2,Certified,Completed,2025-03-15,No,"Derived from actual role=Manager/Head, skill proficiency=4/5, skill score=90.2, certification=Certified, skill status=Current.",DERIVED_DEMO_FROM_EXISTING_EMPLOYEE_DATA,No,2026-08-01
LEARN-EMP552-COURSE-S085-ADV,EMP552,Anam Rauf,DEPARTMENT-013,Logistics & Warehouse,POS-539,Senior Logistics Officer,Senior/Lead,COURSE-S085-ADV,Advanced Route Optimization and Decision Practice,Advanced,S085,Route Optimization,5,100.0,Not Required,Completed,2026-03-15,Yes,"Derived from actual role=Senior/Lead, skill proficiency=5/5, skill score=100.0, certification=Not Required, skill status=Current.",DERIVED_DEMO_FROM_EXISTING_EMPLOYEE_DATA,No,2026-08-01
LEARN-EMP552-COURSE-S086-ADV,EMP552,Anam Rauf,DEPARTMENT-013,Logistics & Warehouse,POS-539,Senior Logistics Officer,Senior/Lead,COURSE-S086-ADV,Advanced Dispatch Coordination and Decision Practice,Advanced,S086,Dispatch Coordination,5,96.0,Not Required,Completed,2025-04-15,Yes,"Derived from actual role=Senior/Lead, skill proficiency=5/5, skill score=96.0, certification=Not Required, skill status=Current.",DERIVED_DEMO_FROM_EXISTING_EMPLOYEE_DATA,No,2026-08-01
LEARN-EMP100-COURSE-S050-ADV,EMP100,Rabia Javed,DEPARTMENT-005,Engineering,POS-100,Senior Software Engineer,Senior/Lead,COURSE-S050-ADV,Advanced Project Management for Professional Growth,Advanced,S050,Project Management,5,86.5,Certified,Completed,2026-06-15,Yes,"Derived from actual role=Senior/Lead, skill proficiency=5/5, skill score=86.5, certification=Certified, skill status=Verified.",DERIVED_DEMO_FROM_EXISTING_EMPLOYEE_DATA,No,2026-08-01
LEARN-EMP100-COURSE-S005-PRC,EMP100,Rabia Javed,DEPARTMENT-005,Engineering,POS-100,Senior Software Engineer,Senior/Lead,COURSE-S005-PRC,Applied System Design,Practitioner,S005,System Design,4,72.4,Not Required,Completed,2026-08-15,Yes,"Derived from actual role=Senior/Lead, skill proficiency=4/5, skill score=72.4, certification=Not Required, skill status=Developing.",DERIVED_DEMO_FROM_EXISTING_EMPLOYEE_DATA,No,2026-08-01
LEARN-EMP517-COURSE-S079-ADV,EMP517,Anam Rehman,DEPARTMENT-012,Procurement & Supply Chain,POS-505,Procurement Officer,Professional/Mid-level,COURSE-S079-ADV,Advanced Contract Negotiation and Decision Practice,Advanced,S079,Contract Negotiation,5,89.0,Not Required,Completed,2025-02-15,Yes,"Derived from actual role=Professional/Mid-level, skill proficiency=5/5, skill score=89.0, certification=Not Required, skill status=Current.",DERIVED_DEMO_FROM_EXISTING_EMPLOYEE_DATA,No,2026-08-01
LEARN-EMP517-COURSE-S076-ADV,EMP517,Anam Rehman,DEPARTMENT-012,Procurement & Supply Chain,POS-505,Procurement Officer,Professional/Mid-level,COURSE-S076-ADV,Advanced Strategic Sourcing and Decision Practice,Advanced,S076,Strategic Sourcing,4,87.0,Not Required,Completed,2025-05-15,Yes,"Derived from actual role=Professional/Mid-level, skill proficiency=4/5, skill score=87.0, certification=Not Required, skill status=Current.",DERIVED_DEMO_FROM_EXISTING_EMPLOYEE_DATA,No,2026-08-01
LEARN-EMP128-COURSE-S046-ADV,EMP128,Zoya Farooq,DEPARTMENT-004,Customer Support,POS-128,Customer Support Manager,Manager/Head,COURSE-S046-ADV,Advanced Leadership for Professional Growth,Advanced,S046,Leadership,5,92.9,Not Required,Completed,2026-04-15,Yes,"Derived from actual role=Manager/Head, skill proficiency=5/5, skill score=92.9, certification=Not Required, skill status=Verified.",DERIVED_DEMO_FROM_EXISTING_EMPLOYEE_DATA,No,2026-08-01
LEARN-EMP128-COURSE-S047-ADV,EMP128,Zoya Farooq,DEPARTMENT-004,Customer Support,POS-128,Customer Support Manager,Manager/Head,COURSE-S047-ADV,Advanced Coaching & Mentoring for Professional Growth,Advanced,S047,Coaching & Mentoring,5,83.2,Not Required,Completed,2024-06-15,Yes,"Derived from actual role=Manager/Head, skill proficiency=5/5, skill score=83.2, certification=Not Required, skill status=Verified.",DERIVED_DEMO_FROM_EXISTING_EMPLOYEE_DATA,No,2026-08-01
LEARN-EMP128-COURSE-S040-ADV,EMP128,Zoya Farooq,DEPARTMENT-004,Customer Support,POS-128,Customer Support Manager,Manager/Head,COURSE-S040-ADV,Advanced SLA Management and Decision Practice,Advanced,S040,SLA Management,5,92.3,Not Required,Completed,2025-01-15,Yes,"Derived from actual role=Manager/Head, skill proficiency=5/5, skill score=92.3, certification=Not Required, skill status=Verified.",DERIVED_DEMO_FROM_EXISTING_EMPLOYEE_DATA,No,2026-08-01
LEARN-EMP167-COURSE-S016-PRC,EMP167,Bilal Raza,DEPARTMENT-003,Sales,POS-167,Account Manager,Professional/Mid-level,COURSE-S016-PRC,Applied Account Management,Practitioner,S016,Account Management,4,75.8,Not Required,Completed,2026-03-15,Yes,"Derived from actual role=Professional/Mid-level, skill proficiency=4/5, skill score=75.8, certification=Not Required, skill status=Verified.",DERIVED_DEMO_FROM_EXISTING_EMPLOYEE_DATA,No,2026-08-01
LEARN-EMP167-COURSE-S014-PRC,EMP167,Bilal Raza,DEPARTMENT-003,Sales,POS-167,Account Manager,Professional/Mid-level,COURSE-S014-PRC,Negotiation in Practice,Practitioner,S014,Negotiation,4,71.2,Not Required,Completed,2025-01-15,Yes,"Derived from actual role=Professional/Mid-level, skill proficiency=4/5, skill score=71.2, certification=Not Required, skill status=Verified.",DERIVED_DEMO_FROM_EXISTING_EMPLOYEE_DATA,No,2026-08-01
LEARN-EMP691-COURSE-S099-ADV,EMP691,Raza Bukhari,DEPARTMENT-016,Research & Development,POS-675,Research Analyst,Professional/Mid-level,COURSE-S099-ADV,Advanced Innovation Management and Innovation Practice,Advanced,S099,Innovation Management,5,97.9,Not Required,Completed,2024-08-15,Yes,"Derived from actual role=Professional/Mid-level, skill proficiency=5/5, skill score=97.9, certification=Not Required, skill status=Current.",DERIVED_DEMO_FROM_EXISTING_EMPLOYEE_DATA,No,2026-08-01
LEARN-EMP691-COURSE-S049-ADV,EMP691,Raza Bukhari,DEPARTMENT-016,Research & Development,POS-675,Research Analyst,Professional/Mid-level,COURSE-S049-ADV,Advanced Data Analysis and Decision Practice,Advanced,S049,Data Analysis,4,88.0,Certified,Completed,2026-02-15,Yes,"Derived from actual role=Professional/Mid-level, skill proficiency=4/5, skill score=88.0, certification=Certified, skill status=Current.",DERIVED_DEMO_FROM_EXISTING_EMPLOYEE_DATA,No,2026-08-01
LEARN-EMP500-COURSE-S079-ADV,EMP500,Kashif Nasir,DEPARTMENT-012,Procurement & Supply Chain,POS-488,Procurement Manager,Manager/Head,COURSE-S079-ADV,Advanced Contract Negotiation and Decision Practice,Advanced,S079,Contract Negotiation,5,100.0,Planned,Completed,2025-01-15,Yes,"Derived from actual role=Manager/Head, skill proficiency=5/5, skill score=100.0, certification=Planned, skill status=Current.",DERIVED_DEMO_FROM_EXISTING_EMPLOYEE_DATA,No,2026-08-01
LEARN-EMP500-COURSE-S080-ADV,EMP500,Kashif Nasir,DEPARTMENT-012,Procurement & Supply Chain,POS-488,Procurement Manager,Manager/Head,COURSE-S080-ADV,Advanced Inventory Planning and Decision Practice,Advanced,S080,Inventory Planning,4,82.7,Certified,Completed,2024-01-15,Yes,"Derived from actual role=Manager/Head, skill proficiency=4/5, skill score=82.7, certification=Certified, skill status=Current.",DERIVED_DEMO_FROM_EXISTING_EMPLOYEE_DATA,No,2026-08-01
LEARN-EMP500-COURSE-S077-ADV,EMP500,Kashif Nasir,DEPARTMENT-012,Procurement & Supply Chain,POS-488,Procurement Manager,Manager/Head,COURSE-S077-ADV,Advanced Purchase Order Management and Decision Practice,Advanced,S077,Purchase Order Management,4,85.1,Not Required,Completed,2025-02-15,Yes,"Derived from actual role=Manager/Head, skill proficiency=4/5, skill score=85.1, certification=Not Required, skill status=Current.",DERIVED_DEMO_FROM_EXISTING_EMPLOYEE_DATA,No,2026-08-01
LEARN-EMP536-COURSE-S078-ADV,EMP536,Anusha Butt,DEPARTMENT-012,Procurement & Supply Chain,POS-524,Procurement Assistant,Junior/Assistant,COURSE-S078-ADV,Advanced Supplier Management and Decision Practice,Advanced,S078,Supplier Management,4,92.5,Certified,Completed,2026-03-15,Yes,"Derived from actual role=Junior/Assistant, skill proficiency=4/5, skill score=92.5, certification=Certified, skill status=Current.",DERIVED_DEMO_FROM_EXISTING_EMPLOYEE_DATA,No,2026-08-01
LEARN-EMP264-COURSE-S039-ADV,EMP264,Areeba Rauf,DEPARTMENT-004,Customer Support,POS-260,Customer Support Specialist,Professional/Mid-level,COURSE-S039-ADV,Advanced Call Handling and Decision Practice,Advanced,S039,Call Handling,5,95.3,Certified,Completed,2025-04-15,Yes,"Derived from actual role=Professional/Mid-level, skill proficiency=5/5, skill score=95.3, certification=Certified, skill status=Current.",DERIVED_DEMO_FROM_EXISTING_EMPLOYEE_DATA,No,2026-08-01
LEARN-EMP264-COURSE-S053-ADV,EMP264,Areeba Rauf,DEPARTMENT-004,Customer Support,POS-260,Customer Support Specialist,Professional/Mid-level,COURSE-S053-ADV,Advanced Documentation for Professional Growth,Advanced,S053,Documentation,5,93.0,Not Required,Completed,2024-07-15,No,"Derived from actual role=Professional/Mid-level, skill proficiency=5/5, skill score=93.0, certification=Not Required, skill status=Current.",DERIVED_DEMO_FROM_EXISTING_EMPLOYEE_DATA,No,2026-08-01
LEARN-EMP297-COURSE-S009-PRC,EMP297,Usman Mughal,DEPARTMENT-007,IT,POS-290,Senior Systems Engineer,Senior/Lead,COURSE-S009-PRC,Applied Network Administration,Practitioner,S009,Network Administration,3,72.1,Certified,Completed,2024-08-15,Yes,"Derived from actual role=Senior/Lead, skill proficiency=3/5, skill score=72.1, certification=Certified, skill status=Current.",DERIVED_DEMO_FROM_EXISTING_EMPLOYEE_DATA,No,2026-08-01
LEARN-EMP297-COURSE-S002-PRC,EMP297,Usman Mughal,DEPARTMENT-007,IT,POS-290,Senior Systems Engineer,Senior/Lead,COURSE-S002-PRC,Applied SQL & Databases,Practitioner,S002,SQL & Databases,4,80.9,Certified,Completed,2025-03-15,No,"Derived from actual role=Senior/Lead, skill proficiency=4/5, skill score=80.9, certification=Certified, skill status=Current.",DERIVED_DEMO_FROM_EXISTING_EMPLOYEE_DATA,No,2026-08-01
LEARN-EMP188-COURSE-S008-PRC,EMP188,Areeba Ahmad,DEPARTMENT-007,IT,POS-188,Senior Systems Engineer,Senior/Lead,COURSE-S008-PRC,Applied Cybersecurity,Practitioner,S008,Cybersecurity,4,73.8,Certification Planned,Completed,2025-05-15,Yes,"Derived from actual role=Senior/Lead, skill proficiency=4/5, skill score=73.8, certification=Certification Planned, skill status=Verified.",DERIVED_DEMO_FROM_EXISTING_EMPLOYEE_DATA,No,2026-08-01
LEARN-EMP188-COURSE-S007-FND,EMP188,Areeba Ahmad,DEPARTMENT-007,IT,POS-188,Senior Systems Engineer,Senior/Lead,COURSE-S007-FND,Cloud Platforms Fundamentals,Foundation,S007,Cloud Platforms,4,63.3,Certification Planned,Completed,2024-08-15,Yes,"Derived from actual role=Senior/Lead, skill proficiency=4/5, skill score=63.3, certification=Certification Planned, skill status=Developing.",DERIVED_DEMO_FROM_EXISTING_EMPLOYEE_DATA,No,2026-08-01
LEARN-EMP586-COURSE-S091-ADV,EMP586,Fahad Akhtar,DEPARTMENT-014,Production & Manufacturing,EXEC-PRD-HEAD,Head of Production and Manufacturing,Manager/Head,COURSE-S091-ADV,Advanced Lean Manufacturing and Continuous Improvement,Advanced,S091,Lean Manufacturing,5,100.0,Planned,Completed,2025-05-15,Yes,"Derived from actual role=Manager/Head, skill proficiency=5/5, skill score=100.0, certification=Planned, skill status=Current.",DERIVED_DEMO_FROM_EXISTING_EMPLOYEE_DATA,No,2026-08-01
LEARN-EMP586-COURSE-S087-ADV,EMP586,Fahad Akhtar,DEPARTMENT-014,Production & Manufacturing,EXEC-PRD-HEAD,Head of Production and Manufacturing,Manager/Head,COURSE-S087-ADV,Advanced Health and Safety and Continuous Improvement,Advanced,S087,Health and Safety,5,96.8,Planned,Completed,2024-06-15,Yes,"Derived from actual role=Manager/Head, skill proficiency=5/5, skill score=96.8, certification=Planned, skill status=Current.",DERIVED_DEMO_FROM_EXISTING_EMPLOYEE_DATA,No,2026-08-01
LEARN-EMP586-COURSE-S089-ADV,EMP586,Fahad Akhtar,DEPARTMENT-014,Production & Manufacturing,EXEC-PRD-HEAD,Head of Production and Manufacturing,Manager/Head,COURSE-S089-ADV,Advanced Machine Operation and Continuous Improvement,Advanced,S089,Machine Operation,5,87.9,Planned,Completed,2024-05-15,Yes,"Derived from actual role=Manager/Head, skill proficiency=5/5, skill score=87.9, certification=Planned, skill status=Current.",DERIVED_DEMO_FROM_EXISTING_EMPLOYEE_DATA,No,2026-08-01
LEARN-EMP697-COURSE-S098-ADV,EMP697,Fahad Khalid,DEPARTMENT-016,Research & Development,POS-681,Research Analyst,Professional/Mid-level,COURSE-S098-ADV,Advanced Technical Writing and Innovation Practice,Advanced,S098,Technical Writing,5,91.2,Planned,Completed,2024-05-15,Yes,"Derived from actual role=Professional/Mid-level, skill proficiency=5/5, skill score=91.2, certification=Planned, skill status=Current.",DERIVED_DEMO_FROM_EXISTING_EMPLOYEE_DATA,No,2026-08-01
LEARN-EMP697-COURSE-S044-ADV,EMP697,Fahad Khalid,DEPARTMENT-016,Research & Development,POS-681,Research Analyst,Professional/Mid-level,COURSE-S044-ADV,Advanced Problem Solving for Professional Growth,Advanced,S044,Problem Solving,5,96.1,Certified,Completed,2026-04-15,No,"Derived from actual role=Professional/Mid-level, skill proficiency=5/5, skill score=96.1, certification=Certified, skill status=Current.",DERIVED_DEMO_FROM_EXISTING_EMPLOYEE_DATA,No,2026-08-01
LEARN-EMP687-COURSE-S097-ADV,EMP687,Arham Khan,DEPARTMENT-016,Research & Development,POS-671,Senior Research Scientist,Senior/Lead,COURSE-S097-ADV,Advanced Experimental Design and Innovation Practice,Advanced,S097,Experimental Design,5,97.4,Not Required,Completed,2024-01-15,Yes,"Derived from actual role=Senior/Lead, skill proficiency=5/5, skill score=97.4, certification=Not Required, skill status=Current.",DERIVED_DEMO_FROM_EXISTING_EMPLOYEE_DATA,No,2026-08-01
LEARN-EMP687-COURSE-S098-PRC,EMP687,Arham Khan,DEPARTMENT-016,Research & Development,POS-671,Senior Research Scientist,Senior/Lead,COURSE-S098-PRC,Applied Technical Writing for R&D,Practitioner,S098,Technical Writing,4,80.4,Planned,Completed,2026-06-15,Yes,"Derived from actual role=Senior/Lead, skill proficiency=4/5, skill score=80.4, certification=Planned, skill status=Current.",DERIVED_DEMO_FROM_EXISTING_EMPLOYEE_DATA,No,2026-08-01
LEARN-EMP498-COURSE-S077-ADV,EMP498,Usman Faisal,DEPARTMENT-012,Procurement & Supply Chain,POS-486,Procurement Manager,Manager/Head,COURSE-S077-ADV,Advanced Purchase Order Management and Decision Practice,Advanced,S077,Purchase Order Management,5,100.0,Not Required,Completed,2024-06-15,Yes,"Derived from actual role=Manager/Head, skill proficiency=5/5, skill score=100.0, certification=Not Required, skill status=Current.",DERIVED_DEMO_FROM_EXISTING_EMPLOYEE_DATA,No,2026-08-01
LEARN-EMP498-COURSE-S080-ADV,EMP498,Usman Faisal,DEPARTMENT-012,Procurement & Supply Chain,POS-486,Procurement Manager,Manager/Head,COURSE-S080-ADV,Advanced Inventory Planning and Decision Practice,Advanced,S080,Inventory Planning,4,87.1,Not Required,Completed,2026-03-15,Yes,"Derived from actual role=Manager/Head, skill proficiency=4/5, skill score=87.1, certification=Not Required, skill status=Current.",DERIVED_DEMO_FROM_EXISTING_EMPLOYEE_DATA,No,2026-08-01
LEARN-EMP498-COURSE-S078-PRC,EMP498,Usman Faisal,DEPARTMENT-012,Procurement & Supply Chain,POS-486,Procurement Manager,Manager/Head,COURSE-S078-PRC,Applied Supplier Management,Practitioner,S078,Supplier Management,4,80.3,Not Required,Completed,2024-05-15,Yes,"Derived from actual role=Manager/Head, skill proficiency=4/5, skill score=80.3, certification=Not Required, skill status=Current.",DERIVED_DEMO_FROM_EXISTING_EMPLOYEE_DATA,No,2026-08-01
LEARN-EMP523-COURSE-S077-PRC,EMP523,Noor Siddiqui,DEPARTMENT-012,Procurement & Supply Chain,POS-511,Procurement Officer,Professional/Mid-level,COURSE-S077-PRC,Applied Purchase Order Management,Practitioner,S077,Purchase Order Management,3,71.8,Certified,Completed,2024-06-15,Yes,"Derived from actual role=Professional/Mid-level, skill proficiency=3/5, skill score=71.8, certification=Certified, skill status=Current.",DERIVED_DEMO_FROM_EXISTING_EMPLOYEE_DATA,No,2026-08-01
LEARN-EMP523-COURSE-S079-FND,EMP523,Noor Siddiqui,DEPARTMENT-012,Procurement & Supply Chain,POS-511,Procurement Officer,Professional/Mid-level,COURSE-S079-FND,Contract Negotiation Fundamentals,Foundation,S079,Contract Negotiation,2,70.1,Planned,Completed,2025-04-15,Yes,"Derived from actual role=Professional/Mid-level, skill proficiency=2/5, skill score=70.1, certification=Planned, skill status=Developing.",DERIVED_DEMO_FROM_EXISTING_EMPLOYEE_DATA,No,2026-08-01
LEARN-EMP400-COURSE-S063-PRC,EMP400,Hassan Shah,DEPARTMENT-009,Training & Development,POS-391,Training Coordinator,Junior/Assistant,COURSE-S063-PRC,Applied Facilitation for Learning Delivery,Practitioner,S063,Facilitation,3,73.4,Planned,Completed,2025-05-15,Yes,"Derived from actual role=Junior/Assistant, skill proficiency=3/5, skill score=73.4, certification=Planned, skill status=Current.",DERIVED_DEMO_FROM_EXISTING_EMPLOYEE_DATA,No,2026-08-01
LEARN-EMP226-COURSE-S031-FND,EMP226,Taha Raza,DEPARTMENT-001,HR,POS-225,HR Intern,Intern/Trainee,COURSE-S031-FND,Recruitment & Selection Fundamentals,Foundation,S031,Recruitment & Selection,2,68.7,Certified,Completed,2025-02-15,Yes,"Derived from actual role=Intern/Trainee, skill proficiency=2/5, skill score=68.7, certification=Certified, skill status=Developing.",DERIVED_DEMO_FROM_EXISTING_EMPLOYEE_DATA,No,2026-08-01
LEARN-EMP606-COURSE-S022-ADV,EMP606,Mahnoor Saeed,DEPARTMENT-014,Production & Manufacturing,POS-592,Production Technician,Professional/Mid-level,COURSE-S022-ADV,Advanced Quality Control and Decision Practice,Advanced,S022,Quality Control,5,97.0,Certified,Completed,2025-02-15,No,"Derived from actual role=Professional/Mid-level, skill proficiency=5/5, skill score=97.0, certification=Certified, skill status=Current.",DERIVED_DEMO_FROM_EXISTING_EMPLOYEE_DATA,No,2026-08-01
LEARN-EMP606-COURSE-S088-PRC,EMP606,Mahnoor Saeed,DEPARTMENT-014,Production & Manufacturing,POS-592,Production Technician,Professional/Mid-level,COURSE-S088-PRC,Applied Production Planning in Operations,Practitioner,S088,Production Planning,4,78.7,Not Required,Completed,2026-06-15,Yes,"Derived from actual role=Professional/Mid-level, skill proficiency=4/5, skill score=78.7, certification=Not Required, skill status=Current.",DERIVED_DEMO_FROM_EXISTING_EMPLOYEE_DATA,No,2026-08-01
LEARN-EMP705-COURSE-S049-PRC,EMP705,Taha Akhtar,DEPARTMENT-016,Research & Development,POS-689,Research Associate,Junior/Assistant,COURSE-S049-PRC,Applied Data Analysis,Practitioner,S049,Data Analysis,4,77.8,Not Required,Completed,2026-08-15,Yes,"Derived from actual role=Junior/Assistant, skill proficiency=4/5, skill score=77.8, certification=Not Required, skill status=Current.",DERIVED_DEMO_FROM_EXISTING_EMPLOYEE_DATA,No,2026-08-01
LEARN-EMP334-COURSE-S058-ADV,EMP334,Fahad Hashmi,DEPARTMENT-008,Medical Care,POS-326,Medical Officer,Professional/Mid-level,COURSE-S058-ADV,Advanced Infection Prevention and Patient Safety,Advanced,S058,Infection Prevention,5,96.1,Not Required,Completed,2025-01-15,Yes,"Derived from actual role=Professional/Mid-level, skill proficiency=5/5, skill score=96.1, certification=Not Required, skill status=Current.",DERIVED_DEMO_FROM_EXISTING_EMPLOYEE_DATA,No,2026-08-01
LEARN-EMP334-COURSE-S059-ADV,EMP334,Fahad Hashmi,DEPARTMENT-008,Medical Care,POS-326,Medical Officer,Professional/Mid-level,COURSE-S059-ADV,Advanced Emergency Response and Patient Safety,Advanced,S059,Emergency Response,4,83.8,Certified,Completed,2026-05-15,No,"Derived from actual role=Professional/Mid-level, skill proficiency=4/5, skill score=83.8, certification=Certified, skill status=Current.",DERIVED_DEMO_FROM_EXISTING_EMPLOYEE_DATA,No,2026-08-01
LEARN-EMP059-COURSE-S014-ADV,EMP059,Anum Masood,DEPARTMENT-003,Sales,POS-059,Senior Account Manager,Senior/Lead,COURSE-S014-ADV,Advanced Negotiation for Professional Growth,Advanced,S014,Negotiation,5,97.3,Not Required,Completed,2026-07-15,Yes,"Derived from actual role=Senior/Lead, skill proficiency=5/5, skill score=97.3, certification=Not Required, skill status=Verified.",DERIVED_DEMO_FROM_EXISTING_EMPLOYEE_DATA,No,2026-08-01
LEARN-EMP059-COURSE-S016-ADV,EMP059,Anum Masood,DEPARTMENT-003,Sales,POS-059,Senior Account Manager,Senior/Lead,COURSE-S016-ADV,Advanced Account Management and Decision Practice,Advanced,S016,Account Management,5,87.8,Not Required,Completed,2025-06-15,Yes,"Derived from actual role=Senior/Lead, skill proficiency=5/5, skill score=87.8, certification=Not Required, skill status=Verified.",DERIVED_DEMO_FROM_EXISTING_EMPLOYEE_DATA,No,2026-08-01
LEARN-EMP689-COURSE-S049-ADV,EMP689,Areeba Latif,DEPARTMENT-016,Research & Development,POS-673,Senior Research Scientist,Senior/Lead,COURSE-S049-ADV,Advanced Data Analysis and Decision Practice,Advanced,S049,Data Analysis,5,100.0,Not Required,Completed,2026-07-15,Yes,"Derived from actual role=Senior/Lead, skill proficiency=5/5, skill score=100.0, certification=Not Required, skill status=Current.",DERIVED_DEMO_FROM_EXISTING_EMPLOYEE_DATA,No,2026-08-01
LEARN-EMP689-COURSE-S053-PRC,EMP689,Areeba Latif,DEPARTMENT-016,Research & Development,POS-673,Senior Research Scientist,Senior/Lead,COURSE-S053-PRC,Documentation in Practice,Practitioner,S053,Documentation,4,77.9,Certified,Completed,2026-02-15,No,"Derived from actual role=Senior/Lead, skill proficiency=4/5, skill score=77.9, certification=Certified, skill status=Current.",DERIVED_DEMO_FROM_EXISTING_EMPLOYEE_DATA,No,2026-08-01
LEARN-EMP305-COURSE-S010-ADV,EMP305,Talha Habib,DEPARTMENT-007,IT,POS-298,Systems Administrator,Professional/Mid-level,COURSE-S010-ADV,Advanced IT Service Management and Decision Practice,Advanced,S010,IT Service Management,4,82.0,Planned,Completed,2025-03-15,Yes,"Derived from actual role=Professional/Mid-level, skill proficiency=4/5, skill score=82.0, certification=Planned, skill status=Current.",DERIVED_DEMO_FROM_EXISTING_EMPLOYEE_DATA,No,2026-08-01
LEARN-EMP305-COURSE-S011-PRC,EMP305,Talha Habib,DEPARTMENT-007,IT,POS-298,Systems Administrator,Professional/Mid-level,COURSE-S011-PRC,Applied Incident Management,Practitioner,S011,Incident Management,4,81.9,Not Required,Completed,2024-07-15,Yes,"Derived from actual role=Professional/Mid-level, skill proficiency=4/5, skill score=81.9, certification=Not Required, skill status=Current.",DERIVED_DEMO_FROM_EXISTING_EMPLOYEE_DATA,No,2026-08-01
LEARN-EMP548-COURSE-S086-ADV,EMP548,Maryam Faisal,DEPARTMENT-013,Logistics & Warehouse,POS-535,Senior Logistics Officer,Senior/Lead,COURSE-S086-ADV,Advanced Dispatch Coordination and Decision Practice,Advanced,S086,Dispatch Coordination,5,92.4,Planned,Completed,2024-08-15,Yes,"Derived from actual role=Senior/Lead, skill proficiency=5/5, skill score=92.4, certification=Planned, skill status=Current.",DERIVED_DEMO_FROM_EXISTING_EMPLOYEE_DATA,No,2026-08-01
LEARN-EMP548-COURSE-S085-ADV,EMP548,Maryam Faisal,DEPARTMENT-013,Logistics & Warehouse,POS-535,Senior Logistics Officer,Senior/Lead,COURSE-S085-ADV,Advanced Route Optimization and Decision Practice,Advanced,S085,Route Optimization,4,85.4,Not Required,Completed,2026-04-15,Yes,"Derived from actual role=Senior/Lead, skill proficiency=4/5, skill score=85.4, certification=Not Required, skill status=Current.",DERIVED_DEMO_FROM_EXISTING_EMPLOYEE_DATA,No,2026-08-01
LEARN-EMP318-COURSE-S054-ADV,EMP318,Haris Khalid,DEPARTMENT-008,Medical Care,POS-310,Medical Care Manager,Manager/Head,COURSE-S054-ADV,Advanced Clinical Assessment and Patient Safety,Advanced,S054,Clinical Assessment,5,100.0,Not Required,Completed,2024-07-15,Yes,"Derived from actual role=Manager/Head, skill proficiency=5/5, skill score=100.0, certification=Not Required, skill status=Current.",DERIVED_DEMO_FROM_EXISTING_EMPLOYEE_DATA,No,2026-08-01
LEARN-EMP318-COURSE-S057-PRC,EMP318,Haris Khalid,DEPARTMENT-008,Medical Care,POS-310,Medical Care Manager,Manager/Head,COURSE-S057-PRC,Applied Medication Safety in Clinical Practice,Practitioner,S057,Medication Safety,3,78.7,Certified,Completed,2024-08-15,Yes,"Derived from actual role=Manager/Head, skill proficiency=3/5, skill score=78.7, certification=Certified, skill status=Current.",DERIVED_DEMO_FROM_EXISTING_EMPLOYEE_DATA,No,2026-08-01
LEARN-EMP318-COURSE-S051-ADV,EMP318,Haris Khalid,DEPARTMENT-008,Medical Care,POS-310,Medical Care Manager,Manager/Head,COURSE-S051-ADV,Advanced Empathy & Active Listening for Professional Growth,Advanced,S051,Empathy & Active Listening,4,89.3,Certified,Completed,2024-07-15,No,"Derived from actual role=Manager/Head, skill proficiency=4/5, skill score=89.3, certification=Certified, skill status=Current.",DERIVED_DEMO_FROM_EXISTING_EMPLOYEE_DATA,No,2026-08-01
LEARN-EMP654-COURSE-S053-ADV,EMP654,Kinza Javed,DEPARTMENT-015,Quality Assurance,POS-639,Quality Analyst,Professional/Mid-level,COURSE-S053-ADV,Advanced Documentation for Professional Growth,Advanced,S053,Documentation,5,100.0,Certified,Completed,2026-02-15,No,"Derived from actual role=Professional/Mid-level, skill proficiency=5/5, skill score=100.0, certification=Certified, skill status=Current.",DERIVED_DEMO_FROM_EXISTING_EMPLOYEE_DATA,No,2026-08-01
LEARN-EMP654-COURSE-S095-ADV,EMP654,Kinza Javed,DEPARTMENT-015,Quality Assurance,POS-639,Quality Analyst,Professional/Mid-level,COURSE-S095-ADV,Advanced Statistical Process Control and Continuous Improvement,Advanced,S095,Statistical Process Control,4,84.3,Planned,Completed,2024-08-15,Yes,"Derived from actual role=Professional/Mid-level, skill proficiency=4/5, skill score=84.3, certification=Planned, skill status=Current.",DERIVED_DEMO_FROM_EXISTING_EMPLOYEE_DATA,No,2026-08-01
LEARN-EMP201-COURSE-S035-ADV,EMP201,Taha Saeed,DEPARTMENT-001,HR,EXEC-HR-HEAD,Head of HR,Manager/Head,COURSE-S035-ADV,Advanced Learning & Development and Decision Practice,Advanced,S035,Learning & Development,5,100.0,Not Required,Completed,2025-04-15,Yes,"Derived from actual role=Manager/Head, skill proficiency=5/5, skill score=100.0, certification=Not Required, skill status=Current.",DERIVED_DEMO_FROM_EXISTING_EMPLOYEE_DATA,No,2026-08-01
LEARN-EMP201-COURSE-S033-ADV,EMP201,Taha Saeed,DEPARTMENT-001,HR,EXEC-HR-HEAD,Head of HR,Manager/Head,COURSE-S033-ADV,Advanced Performance Management and Decision Practice,Advanced,S033,Performance Management,4,95.6,Not Required,Completed,2024-03-15,Yes,"Derived from actual role=Manager/Head, skill proficiency=4/5, skill score=95.6, certification=Not Required, skill status=Current.",DERIVED_DEMO_FROM_EXISTING_EMPLOYEE_DATA,No,2026-08-01
LEARN-EMP201-COURSE-S046-ADV,EMP201,Taha Saeed,DEPARTMENT-001,HR,EXEC-HR-HEAD,Head of HR,Manager/Head,COURSE-S046-ADV,Advanced Leadership for Professional Growth,Advanced,S046,Leadership,5,96.9,Certified,Completed,2025-02-15,No,"Derived from actual role=Manager/Head, skill proficiency=5/5, skill score=96.9, certification=Certified, skill status=Current.",DERIVED_DEMO_FROM_EXISTING_EMPLOYEE_DATA,No,2026-08-01
LEARN-EMP348-COURSE-S055-ADV,EMP348,Anusha Latif,DEPARTMENT-008,Medical Care,POS-340,Junior Medical Officer,Junior/Assistant,COURSE-S055-ADV,Advanced Patient Care and Patient Safety,Advanced,S055,Patient Care,4,97.8,Certified,Completed,2026-05-15,Yes,"Derived from actual role=Junior/Assistant, skill proficiency=4/5, skill score=97.8, certification=Certified, skill status=Current.",DERIVED_DEMO_FROM_EXISTING_EMPLOYEE_DATA,No,2026-08-01
LEARN-EMP509-COURSE-S078-ADV,EMP509,Iqra Abbasi,DEPARTMENT-012,Procurement & Supply Chain,POS-497,Senior Procurement Specialist,Senior/Lead,COURSE-S078-ADV,Advanced Supplier Management and Decision Practice,Advanced,S078,Supplier Management,5,96.3,Certified,Completed,2026-05-15,Yes,"Derived from actual role=Senior/Lead, skill proficiency=5/5, skill score=96.3, certification=Certified, skill status=Current.",DERIVED_DEMO_FROM_EXISTING_EMPLOYEE_DATA,No,2026-08-01
LEARN-EMP509-COURSE-S076-ADV,EMP509,Iqra Abbasi,DEPARTMENT-012,Procurement & Supply Chain,POS-497,Senior Procurement Specialist,Senior/Lead,COURSE-S076-ADV,Advanced Strategic Sourcing and Decision Practice,Advanced,S076,Strategic Sourcing,4,93.3,Not Required,Completed,2026-08-15,Yes,"Derived from actual role=Senior/Lead, skill proficiency=4/5, skill score=93.3, certification=Not Required, skill status=Current.",DERIVED_DEMO_FROM_EXISTING_EMPLOYEE_DATA,No,2026-08-01
LEARN-EMP630-COURSE-S090-PRC,EMP630,Saba Dar,DEPARTMENT-014,Production & Manufacturing,POS-616,Production Intern,Intern/Trainee,COURSE-S090-PRC,Applied Preventive Maintenance in Operations,Practitioner,S090,Preventive Maintenance,3,71.9,Certified,Completed,2025-03-15,Yes,"Derived from actual role=Intern/Trainee, skill proficiency=3/5, skill score=71.9, certification=Certified, skill status=Current.",DERIVED_DEMO_FROM_EXISTING_EMPLOYEE_DATA,No,2026-08-01
LEARN-EMP155-COURSE-S037-PRC,EMP155,Noman Malik,DEPARTMENT-004,Customer Support,POS-155,Senior Support Executive,Professional/Mid-level,COURSE-S037-PRC,Applied Customer Service,Practitioner,S037,Customer Service,4,71.0,Not Required,Completed,2026-08-15,Yes,"Derived from actual role=Professional/Mid-level, skill proficiency=4/5, skill score=71.0, certification=Not Required, skill status=Verified.",DERIVED_DEMO_FROM_EXISTING_EMPLOYEE_DATA,No,2026-08-01
LEARN-EMP155-COURSE-S042-PRC,EMP155,Noman Malik,DEPARTMENT-004,Customer Support,POS-155,Senior Support Executive,Professional/Mid-level,COURSE-S042-PRC,Communication in Practice,Practitioner,S042,Communication,4,70.7,Not Required,Completed,2025-07-15,Yes,"Derived from actual role=Professional/Mid-level, skill proficiency=4/5, skill score=70.7, certification=Not Required, skill status=Verified.",DERIVED_DEMO_FROM_EXISTING_EMPLOYEE_DATA,No,2026-08-01
LEARN-EMP421-COURSE-S070-ADV,EMP421,Amna Mirza,DEPARTMENT-010,Administration & Facilities,POS-411,Administration Officer,Professional/Mid-level,COURSE-S070-ADV,Advanced Records Management and Decision Practice,Advanced,S070,Records Management,5,92.9,Not Required,Completed,2025-04-15,Yes,"Derived from actual role=Professional/Mid-level, skill proficiency=5/5, skill score=92.9, certification=Not Required, skill status=Current.",DERIVED_DEMO_FROM_EXISTING_EMPLOYEE_DATA,No,2026-08-01
LEARN-EMP421-COURSE-S066-ADV,EMP421,Amna Mirza,DEPARTMENT-010,Administration & Facilities,POS-411,Administration Officer,Professional/Mid-level,COURSE-S066-ADV,Advanced Office Administration and Decision Practice,Advanced,S066,Office Administration,4,84.1,Not Required,Completed,2026-06-15,Yes,"Derived from actual role=Professional/Mid-level, skill proficiency=4/5, skill score=84.1, certification=Not Required, skill status=Current.",DERIVED_DEMO_FROM_EXISTING_EMPLOYEE_DATA,No,2026-08-01
LEARN-EMP419-COURSE-S066-ADV,EMP419,Anam Baig,DEPARTMENT-010,Administration & Facilities,POS-409,Senior Administration Officer,Senior/Lead,COURSE-S066-ADV,Advanced Office Administration and Decision Practice,Advanced,S066,Office Administration,4,87.9,Certified,Completed,2025-03-15,Yes,"Derived from actual role=Senior/Lead, skill proficiency=4/5, skill score=87.9, certification=Certified, skill status=Current.",DERIVED_DEMO_FROM_EXISTING_EMPLOYEE_DATA,No,2026-08-01
LEARN-EMP419-COURSE-S042-ADV,EMP419,Anam Baig,DEPARTMENT-010,Administration & Facilities,POS-409,Senior Administration Officer,Senior/Lead,COURSE-S042-ADV,Advanced Communication for Professional Growth,Advanced,S042,Communication,4,88.5,Certified,Completed,2025-07-15,No,"Derived from actual role=Senior/Lead, skill proficiency=4/5, skill score=88.5, certification=Certified, skill status=Current.",DERIVED_DEMO_FROM_EXISTING_EMPLOYEE_DATA,No,2026-08-01
LEARN-EMP255-COURSE-S014-ADV,EMP255,Rabia Rashid,DEPARTMENT-003,Sales,POS-252,Senior Account Manager,Senior/Lead,COURSE-S014-ADV,Advanced Negotiation for Professional Growth,Advanced,S014,Negotiation,5,93.4,Not Required,Completed,2026-05-15,Yes,"Derived from actual role=Senior/Lead, skill proficiency=5/5, skill score=93.4, certification=Not Required, skill status=Current.",DERIVED_DEMO_FROM_EXISTING_EMPLOYEE_DATA,No,2026-08-01
LEARN-EMP255-COURSE-S013-ADV,EMP255,Rabia Rashid,DEPARTMENT-003,Sales,POS-252,Senior Account Manager,Senior/Lead,COURSE-S013-ADV,Advanced Lead Generation and Decision Practice,Advanced,S013,Lead Generation,4,91.0,Not Required,Completed,2026-03-15,Yes,"Derived from actual role=Senior/Lead, skill proficiency=4/5, skill score=91.0, certification=Not Required, skill status=Current.",DERIVED_DEMO_FROM_EXISTING_EMPLOYEE_DATA,No,2026-08-01
LEARN-EMP248-COURSE-S046-ADV,EMP248,Anam Zafar,DEPARTMENT-002,Finance,POS-246,Accounts Assistant,Junior/Assistant,COURSE-S046-ADV,Advanced Leadership for Professional Growth,Advanced,S046,Leadership,4,86.0,Certified,Completed,2024-08-15,No,"Derived from actual role=Junior/Assistant, skill proficiency=4/5, skill score=86.0, certification=Certified, skill status=Current.",DERIVED_DEMO_FROM_EXISTING_EMPLOYEE_DATA,No,2026-08-01
LEARN-EMP281-COURSE-S021-ADV,EMP281,Noman Shah,DEPARTMENT-006,Operations,POS-275,Senior Operations Officer,Senior/Lead,COURSE-S021-ADV,Advanced Process Improvement and Decision Practice,Advanced,S021,Process Improvement,4,86.9,Certified,Completed,2026-07-15,Yes,"Derived from actual role=Senior/Lead, skill proficiency=4/5, skill score=86.9, certification=Certified, skill status=Current.",DERIVED_DEMO_FROM_EXISTING_EMPLOYEE_DATA,No,2026-08-01
LEARN-EMP281-COURSE-S020-PRC,EMP281,Noman Shah,DEPARTMENT-006,Operations,POS-275,Senior Operations Officer,Senior/Lead,COURSE-S020-PRC,Applied SOP Compliance,Practitioner,S020,SOP Compliance,3,77.3,Certified,Completed,2025-01-15,Yes,"Derived from actual role=Senior/Lead, skill proficiency=3/5, skill score=77.3, certification=Certified, skill status=Current.",DERIVED_DEMO_FROM_EXISTING_EMPLOYEE_DATA,No,2026-08-01
LEARN-EMP468-COURSE-S073-PRC,EMP468,Eman Mirza,DEPARTMENT-011,Legal & Compliance,POS-457,Compliance Analyst,Professional/Mid-level,COURSE-S073-PRC,Applied Policy Interpretation,Practitioner,S073,Policy Interpretation,4,81.6,Not Required,Completed,2026-06-15,Yes,"Derived from actual role=Professional/Mid-level, skill proficiency=4/5, skill score=81.6, certification=Not Required, skill status=Current.",DERIVED_DEMO_FROM_EXISTING_EMPLOYEE_DATA,No,2026-08-01
LEARN-EMP468-COURSE-S072-PRC,EMP468,Eman Mirza,DEPARTMENT-011,Legal & Compliance,POS-457,Compliance Analyst,Professional/Mid-level,COURSE-S072-PRC,Applied Regulatory Compliance,Practitioner,S072,Regulatory Compliance,3,78.5,Not Required,Completed,2025-05-15,Yes,"Derived from actual role=Professional/Mid-level, skill proficiency=3/5, skill score=78.5, certification=Not Required, skill status=Current.",DERIVED_DEMO_FROM_EXISTING_EMPLOYEE_DATA,No,2026-08-01
LEARN-EMP212-COURSE-S042-ADV,EMP212,Talha Saleem,DEPARTMENT-001,HR,POS-211,HR Officer,Professional/Mid-level,COURSE-S042-ADV,Advanced Communication for Professional Growth,Advanced,S042,Communication,5,97.7,Not Required,Completed,2024-05-15,No,"Derived from actual role=Professional/Mid-level, skill proficiency=5/5, skill score=97.7, certification=Not Required, skill status=Current.",DERIVED_DEMO_FROM_EXISTING_EMPLOYEE_DATA,No,2026-08-01
LEARN-EMP212-COURSE-S032-FND,EMP212,Talha Saleem,DEPARTMENT-001,HR,POS-211,HR Officer,Professional/Mid-level,COURSE-S032-FND,HRIS & Employee Data Fundamentals,Foundation,S032,HRIS & Employee Data,2,64.3,Certified,Completed,2025-02-15,Yes,"Derived from actual role=Professional/Mid-level, skill proficiency=2/5, skill score=64.3, certification=Certified, skill status=Developing.",DERIVED_DEMO_FROM_EXISTING_EMPLOYEE_DATA,No,2026-08-01
LEARN-EMP637-COURSE-S094-PRC,EMP637,Kamran Sheikh,DEPARTMENT-015,Quality Assurance,POS-622,Quality Assurance Manager,Manager/Head,COURSE-S094-PRC,Applied Corrective Action Management in Operations,Practitioner,S094,Corrective Action Management,4,76.6,Certified,Completed,2024-03-15,Yes,"Derived from actual role=Manager/Head, skill proficiency=4/5, skill score=76.6, certification=Certified, skill status=Current.",DERIVED_DEMO_FROM_EXISTING_EMPLOYEE_DATA,No,2026-08-01
LEARN-EMP637-COURSE-S044-ADV,EMP637,Kamran Sheikh,DEPARTMENT-015,Quality Assurance,POS-622,Quality Assurance Manager,Manager/Head,COURSE-S044-ADV,Advanced Problem Solving for Professional Growth,Advanced,S044,Problem Solving,5,96.9,Certified,Completed,2024-03-15,No,"Derived from actual role=Manager/Head, skill proficiency=5/5, skill score=96.9, certification=Certified, skill status=Current.",DERIVED_DEMO_FROM_EXISTING_EMPLOYEE_DATA,No,2026-08-01
LEARN-EMP637-COURSE-S095-ADV,EMP637,Kamran Sheikh,DEPARTMENT-015,Quality Assurance,POS-622,Quality Assurance Manager,Manager/Head,COURSE-S095-ADV,Advanced Statistical Process Control and Continuous Improvement,Advanced,S095,Statistical Process Control,4,85.6,Not Required,Completed,2026-04-15,Yes,"Derived from actual role=Manager/Head, skill proficiency=4/5, skill score=85.6, certification=Not Required, skill status=Current.",DERIVED_DEMO_FROM_EXISTING_EMPLOYEE_DATA,No,2026-08-01
LEARN-EMP123-COURSE-S025-ADV,EMP123,Sehrish Ullah,DEPARTMENT-002,Finance,POS-123,Senior Financial Analyst,Senior/Lead,COURSE-S025-ADV,Advanced Financial Analysis and Decision Practice,Advanced,S025,Financial Analysis,5,97.1,Certified,Completed,2026-05-15,Yes,"Derived from actual role=Senior/Lead, skill proficiency=5/5, skill score=97.1, certification=Certified, skill status=Verified.",DERIVED_DEMO_FROM_EXISTING_EMPLOYEE_DATA,No,2026-08-01
LEARN-EMP123-COURSE-S028-ADV,EMP123,Sehrish Ullah,DEPARTMENT-002,Finance,POS-123,Senior Financial Analyst,Senior/Lead,COURSE-S028-ADV,Advanced Regulatory Reporting and Decision Practice,Advanced,S028,Regulatory Reporting,5,91.1,Certified,Completed,2024-06-15,Yes,"Derived from actual role=Senior/Lead, skill proficiency=5/5, skill score=91.1, certification=Certified, skill status=Verified.",DERIVED_DEMO_FROM_EXISTING_EMPLOYEE_DATA,No,2026-08-01
LEARN-EMP239-COURSE-S026-PRC,EMP239,Komal Sultan,DEPARTMENT-002,Finance,POS-237,Accounts Assistant,Junior/Assistant,COURSE-S026-PRC,Applied Accounting & Reconciliation,Practitioner,S026,Accounting & Reconciliation,4,75.4,Not Required,Completed,2024-02-15,Yes,"Derived from actual role=Junior/Assistant, skill proficiency=4/5, skill score=75.4, certification=Not Required, skill status=Current.",DERIVED_DEMO_FROM_EXISTING_EMPLOYEE_DATA,No,2026-08-01
LEARN-EMP503-COURSE-S079-ADV,EMP503,Sara Khan,DEPARTMENT-012,Procurement & Supply Chain,POS-491,Senior Procurement Specialist,Senior/Lead,COURSE-S079-ADV,Advanced Contract Negotiation and Decision Practice,Advanced,S079,Contract Negotiation,4,86.9,Certified,Completed,2025-07-15,Yes,"Derived from actual role=Senior/Lead, skill proficiency=4/5, skill score=86.9, certification=Certified, skill status=Current.",DERIVED_DEMO_FROM_EXISTING_EMPLOYEE_DATA,No,2026-08-01
LEARN-EMP503-COURSE-S080-ADV,EMP503,Sara Khan,DEPARTMENT-012,Procurement & Supply Chain,POS-491,Senior Procurement Specialist,Senior/Lead,COURSE-S080-ADV,Advanced Inventory Planning and Decision Practice,Advanced,S080,Inventory Planning,5,97.9,Not Required,Completed,2024-08-15,Yes,"Derived from actual role=Senior/Lead, skill proficiency=5/5, skill score=97.9, certification=Not Required, skill status=Current.",DERIVED_DEMO_FROM_EXISTING_EMPLOYEE_DATA,No,2026-08-01
LEARN-EMP426-COURSE-S067-ADV,EMP426,Hassan Khan,DEPARTMENT-010,Administration & Facilities,POS-416,Administration Officer,Professional/Mid-level,COURSE-S067-ADV,Advanced Facilities Management and Decision Practice,Advanced,S067,Facilities Management,5,95.7,Planned,Completed,2025-02-15,Yes,"Derived from actual role=Professional/Mid-level, skill proficiency=5/5, skill score=95.7, certification=Planned, skill status=Current.",DERIVED_DEMO_FROM_EXISTING_EMPLOYEE_DATA,No,2026-08-01
LEARN-EMP426-COURSE-S042-ADV,EMP426,Hassan Khan,DEPARTMENT-010,Administration & Facilities,POS-416,Administration Officer,Professional/Mid-level,COURSE-S042-ADV,Advanced Communication for Professional Growth,Advanced,S042,Communication,5,100.0,Certified,Completed,2026-06-15,No,"Derived from actual role=Professional/Mid-level, skill proficiency=5/5, skill score=100.0, certification=Certified, skill status=Current.",DERIVED_DEMO_FROM_EXISTING_EMPLOYEE_DATA,No,2026-08-01
LEARN-EMP703-COURSE-S044-ADV,EMP703,Laiba Baig,DEPARTMENT-016,Research & Development,POS-687,Research Analyst,Professional/Mid-level,COURSE-S044-ADV,Advanced Problem Solving for Professional Growth,Advanced,S044,Problem Solving,5,94.0,Certified,Completed,2026-06-15,No,"Derived from actual role=Professional/Mid-level, skill proficiency=5/5, skill score=94.0, certification=Certified, skill status=Current.",DERIVED_DEMO_FROM_EXISTING_EMPLOYEE_DATA,No,2026-08-01
LEARN-EMP703-COURSE-S098-ADV,EMP703,Laiba Baig,DEPARTMENT-016,Research & Development,POS-687,Research Analyst,Professional/Mid-level,COURSE-S098-ADV,Advanced Technical Writing and Innovation Practice,Advanced,S098,Technical Writing,4,94.0,Not Required,Completed,2025-03-15,Yes,"Derived from actual role=Professional/Mid-level, skill proficiency=4/5, skill score=94.0, certification=Not Required, skill status=Current.",DERIVED_DEMO_FROM_EXISTING_EMPLOYEE_DATA,No,2026-08-01
LEARN-EMP662-COURSE-S092-ADV,EMP662,Areeba Awan,DEPARTMENT-015,Quality Assurance,POS-647,Quality Inspector,Junior/Assistant,COURSE-S092-ADV,Advanced Quality Auditing and Continuous Improvement,Advanced,S092,Quality Auditing,4,87.0,Not Required,Completed,2025-08-15,Yes,"Derived from actual role=Junior/Assistant, skill proficiency=4/5, skill score=87.0, certification=Not Required, skill status=Current.",DERIVED_DEMO_FROM_EXISTING_EMPLOYEE_DATA,No,2026-08-01
LEARN-EMP591-COURSE-S089-ADV,EMP591,Adnan Hameed,DEPARTMENT-014,Production & Manufacturing,POS-577,Production Manager,Manager/Head,COURSE-S089-ADV,Advanced Machine Operation and Continuous Improvement,Advanced,S089,Machine Operation,5,89.9,Certified,Completed,2025-08-15,Yes,"Derived from actual role=Manager/Head, skill proficiency=5/5, skill score=89.9, certification=Certified, skill status=Current.",DERIVED_DEMO_FROM_EXISTING_EMPLOYEE_DATA,No,2026-08-01
LEARN-EMP591-COURSE-S088-ADV,EMP591,Adnan Hameed,DEPARTMENT-014,Production & Manufacturing,POS-577,Production Manager,Manager/Head,COURSE-S088-ADV,Advanced Production Planning and Continuous Improvement,Advanced,S088,Production Planning,5,85.6,Not Required,Completed,2026-01-15,Yes,"Derived from actual role=Manager/Head, skill proficiency=5/5, skill score=85.6, certification=Not Required, skill status=Current.",DERIVED_DEMO_FROM_EXISTING_EMPLOYEE_DATA,No,2026-08-01
LEARN-EMP591-COURSE-S046-ADV,EMP591,Adnan Hameed,DEPARTMENT-014,Production & Manufacturing,POS-577,Production Manager,Manager/Head,COURSE-S046-ADV,Advanced Leadership for Professional Growth,Advanced,S046,Leadership,5,85.5,Certified,Completed,2024-05-15,No,"Derived from actual role=Manager/Head, skill proficiency=5/5, skill score=85.5, certification=Certified, skill status=Current.",DERIVED_DEMO_FROM_EXISTING_EMPLOYEE_DATA,No,2026-08-01
LEARN-EMP678-COURSE-S049-ADV,EMP678,Imran Akhtar,DEPARTMENT-016,Research & Development,POS-662,Research and Development Manager,Manager/Head,COURSE-S049-ADV,Advanced Data Analysis and Decision Practice,Advanced,S049,Data Analysis,5,93.6,Certified,Completed,2025-08-15,Yes,"Derived from actual role=Manager/Head, skill proficiency=5/5, skill score=93.6, certification=Certified, skill status=Current.",DERIVED_DEMO_FROM_EXISTING_EMPLOYEE_DATA,No,2026-08-01
LEARN-EMP678-COURSE-S099-PRC,EMP678,Imran Akhtar,DEPARTMENT-016,Research & Development,POS-662,Research and Development Manager,Manager/Head,COURSE-S099-PRC,Applied Innovation Management for R&D,Practitioner,S099,Innovation Management,4,73.5,Certified,Completed,2025-05-15,Yes,"Derived from actual role=Manager/Head, skill proficiency=4/5, skill score=73.5, certification=Certified, skill status=Current.",DERIVED_DEMO_FROM_EXISTING_EMPLOYEE_DATA,No,2026-08-01
LEARN-EMP678-COURSE-S044-ADV,EMP678,Imran Akhtar,DEPARTMENT-016,Research & Development,POS-662,Research and Development Manager,Manager/Head,COURSE-S044-ADV,Advanced Problem Solving for Professional Growth,Advanced,S044,Problem Solving,4,84.3,Certified,Completed,2026-05-15,No,"Derived from actual role=Manager/Head, skill proficiency=4/5, skill score=84.3, certification=Certified, skill status=Current.",DERIVED_DEMO_FROM_EXISTING_EMPLOYEE_DATA,No,2026-08-01
LEARN-EMP491-COURSE-S053-PRC,EMP491,Zainab Chaudhry,DEPARTMENT-011,Legal & Compliance,POS-480,Legal Assistant,Junior/Assistant,COURSE-S053-PRC,Documentation in Practice,Practitioner,S053,Documentation,4,78.8,Not Required,Completed,2024-08-15,No,"Derived from actual role=Junior/Assistant, skill proficiency=4/5, skill score=78.8, certification=Not Required, skill status=Current.",DERIVED_DEMO_FROM_EXISTING_EMPLOYEE_DATA,No,2026-08-01
LEARN-EMP261-COURSE-S041-ADV,EMP261,Anam Ahmed,DEPARTMENT-004,Customer Support,POS-257,Senior Customer Support Specialist,Senior/Lead,COURSE-S041-ADV,Advanced Knowledge Base Management and Decision Practice,Advanced,S041,Knowledge Base Management,4,89.7,Planned,Completed,2026-03-15,Yes,"Derived from actual role=Senior/Lead, skill proficiency=4/5, skill score=89.7, certification=Planned, skill status=Current.",DERIVED_DEMO_FROM_EXISTING_EMPLOYEE_DATA,No,2026-08-01
LEARN-EMP261-COURSE-S037-PRC,EMP261,Anam Ahmed,DEPARTMENT-004,Customer Support,POS-257,Senior Customer Support Specialist,Senior/Lead,COURSE-S037-PRC,Applied Customer Service,Practitioner,S037,Customer Service,3,76.3,Not Required,Completed,2026-08-15,Yes,"Derived from actual role=Senior/Lead, skill proficiency=3/5, skill score=76.3, certification=Not Required, skill status=Current.",DERIVED_DEMO_FROM_EXISTING_EMPLOYEE_DATA,No,2026-08-01
LEARN-EMP599-COURSE-S090-ADV,EMP599,Maryam Nawaz,DEPARTMENT-014,Production & Manufacturing,POS-585,Senior Production Supervisor,Senior/Lead,COURSE-S090-ADV,Advanced Preventive Maintenance and Continuous Improvement,Advanced,S090,Preventive Maintenance,5,87.4,Not Required,Completed,2024-08-15,Yes,"Derived from actual role=Senior/Lead, skill proficiency=5/5, skill score=87.4, certification=Not Required, skill status=Current.",DERIVED_DEMO_FROM_EXISTING_EMPLOYEE_DATA,No,2026-08-01
LEARN-EMP599-COURSE-S087-ADV,EMP599,Maryam Nawaz,DEPARTMENT-014,Production & Manufacturing,POS-585,Senior Production Supervisor,Senior/Lead,COURSE-S087-ADV,Advanced Health and Safety and Continuous Improvement,Advanced,S087,Health and Safety,4,86.6,Certified,Completed,2025-04-15,Yes,"Derived from actual role=Senior/Lead, skill proficiency=4/5, skill score=86.6, certification=Certified, skill status=Current.",DERIVED_DEMO_FROM_EXISTING_EMPLOYEE_DATA,No,2026-08-01
LEARN-EMP371-COURSE-S065-ADV,EMP371,Omar Tariq,DEPARTMENT-009,Training & Development,POS-362,Senior Trainer,Senior/Lead,COURSE-S065-ADV,Advanced Learning Management Systems and Learning Impact,Advanced,S065,Learning Management Systems,5,96.6,Not Required,Completed,2026-05-15,Yes,"Derived from actual role=Senior/Lead, skill proficiency=5/5, skill score=96.6, certification=Not Required, skill status=Current.",DERIVED_DEMO_FROM_EXISTING_EMPLOYEE_DATA,No,2026-08-01
LEARN-EMP371-COURSE-S062-PRC,EMP371,Omar Tariq,DEPARTMENT-009,Training & Development,POS-362,Senior Trainer,Senior/Lead,COURSE-S062-PRC,Applied Curriculum Design for Learning Delivery,Practitioner,S062,Curriculum Design,3,73.6,Certified,Completed,2026-07-15,Yes,"Derived from actual role=Senior/Lead, skill proficiency=3/5, skill score=73.6, certification=Certified, skill status=Current.",DERIVED_DEMO_FROM_EXISTING_EMPLOYEE_DATA,No,2026-08-01
LEARN-EMP446-COURSE-S066-ADV,EMP446,Nida Khan,DEPARTMENT-010,Administration & Facilities,POS-436,Administrative Assistant,Junior/Assistant,COURSE-S066-ADV,Advanced Office Administration and Decision Practice,Advanced,S066,Office Administration,4,90.0,Not Required,Completed,2024-08-15,Yes,"Derived from actual role=Junior/Assistant, skill proficiency=4/5, skill score=90.0, certification=Not Required, skill status=Current.",DERIVED_DEMO_FROM_EXISTING_EMPLOYEE_DATA,No,2026-08-01
LEARN-EMP512-COURSE-S023-ADV,EMP512,Asad Butt,DEPARTMENT-012,Procurement & Supply Chain,POS-500,Procurement Officer,Professional/Mid-level,COURSE-S023-ADV,Advanced Risk & Controls and Decision Practice,Advanced,S023,Risk & Controls,5,92.8,Certified,Completed,2024-02-15,No,"Derived from actual role=Professional/Mid-level, skill proficiency=5/5, skill score=92.8, certification=Certified, skill status=Current.",DERIVED_DEMO_FROM_EXISTING_EMPLOYEE_DATA,No,2026-08-01
LEARN-EMP512-COURSE-S078-PRC,EMP512,Asad Butt,DEPARTMENT-012,Procurement & Supply Chain,POS-500,Procurement Officer,Professional/Mid-level,COURSE-S078-PRC,Applied Supplier Management,Practitioner,S078,Supplier Management,3,84.2,Planned,Completed,2026-01-15,Yes,"Derived from actual role=Professional/Mid-level, skill proficiency=3/5, skill score=84.2, certification=Planned, skill status=Current.",DERIVED_DEMO_FROM_EXISTING_EMPLOYEE_DATA,No,2026-08-01
LEARN-EMP147-COURSE-S047-PRC,EMP147,Hassan Javed,DEPARTMENT-004,Customer Support,POS-147,Customer Support Manager,Manager/Head,COURSE-S047-PRC,Coaching & Mentoring in Practice,Practitioner,S047,Coaching & Mentoring,5,78.1,Not Required,Completed,2025-01-15,Yes,"Derived from actual role=Manager/Head, skill proficiency=5/5, skill score=78.1, certification=Not Required, skill status=Developing.",DERIVED_DEMO_FROM_EXISTING_EMPLOYEE_DATA,No,2026-08-01
LEARN-EMP147-COURSE-S045-PRC,EMP147,Hassan Javed,DEPARTMENT-004,Customer Support,POS-147,Customer Support Manager,Manager/Head,COURSE-S045-PRC,Stakeholder Management in Practice,Practitioner,S045,Stakeholder Management,4,73.5,Not Required,Completed,2026-06-15,Yes,"Derived from actual role=Manager/Head, skill proficiency=4/5, skill score=73.5, certification=Not Required, skill status=Verified.",DERIVED_DEMO_FROM_EXISTING_EMPLOYEE_DATA,No,2026-08-01
LEARN-EMP147-COURSE-S046-FND,EMP147,Hassan Javed,DEPARTMENT-004,Customer Support,POS-147,Customer Support Manager,Manager/Head,COURSE-S046-FND,Leadership Essentials,Foundation,S046,Leadership,4,65.0,Not Required,Completed,2024-03-15,Yes,"Derived from actual role=Manager/Head, skill proficiency=4/5, skill score=65.0, certification=Not Required, skill status=Developing.",DERIVED_DEMO_FROM_EXISTING_EMPLOYEE_DATA,No,2026-08-01
LEARN-EMP209-COURSE-S034-ADV,EMP209,Adnan Aziz,DEPARTMENT-001,HR,POS-208,HR Officer,Professional/Mid-level,COURSE-S034-ADV,Advanced Employee Relations for Professional Growth,Advanced,S034,Employee Relations,5,100.0,Not Required,Completed,2025-06-15,Yes,"Derived from actual role=Professional/Mid-level, skill proficiency=5/5, skill score=100.0, certification=Not Required, skill status=Current.",DERIVED_DEMO_FROM_EXISTING_EMPLOYEE_DATA,No,2026-08-01
LEARN-EMP209-COURSE-S032-ADV,EMP209,Adnan Aziz,DEPARTMENT-001,HR,POS-208,HR Officer,Professional/Mid-level,COURSE-S032-ADV,Advanced HRIS & Employee Data and Decision Practice,Advanced,S032,HRIS & Employee Data,4,85.6,Not Required,Completed,2025-05-15,Yes,"Derived from actual role=Professional/Mid-level, skill proficiency=4/5, skill score=85.6, certification=Not Required, skill status=Current.",DERIVED_DEMO_FROM_EXISTING_EMPLOYEE_DATA,No,2026-08-01
LEARN-EMP141-COURSE-S046-PRC,EMP141,Asad Zafar,DEPARTMENT-006,Operations,POS-141,Operations Manager,Manager/Head,COURSE-S046-PRC,Leadership in Practice,Practitioner,S046,Leadership,5,79.9,Not Required,Completed,2024-05-15,Yes,"Derived from actual role=Manager/Head, skill proficiency=5/5, skill score=79.9, certification=Not Required, skill status=Verified.",DERIVED_DEMO_FROM_EXISTING_EMPLOYEE_DATA,No,2026-08-01
LEARN-EMP141-COURSE-S050-PRC,EMP141,Asad Zafar,DEPARTMENT-006,Operations,POS-141,Operations Manager,Manager/Head,COURSE-S050-PRC,Project Management in Practice,Practitioner,S050,Project Management,4,74.8,Certification Planned,Completed,2024-04-15,Yes,"Derived from actual role=Manager/Head, skill proficiency=4/5, skill score=74.8, certification=Certification Planned, skill status=Verified.",DERIVED_DEMO_FROM_EXISTING_EMPLOYEE_DATA,No,2026-08-01
LEARN-EMP141-COURSE-S019-PRC,EMP141,Asad Zafar,DEPARTMENT-006,Operations,POS-141,Operations Manager,Manager/Head,COURSE-S019-PRC,Applied Process Management,Practitioner,S019,Process Management,4,74.4,Not Required,Completed,2025-03-15,Yes,"Derived from actual role=Manager/Head, skill proficiency=4/5, skill score=74.4, certification=Not Required, skill status=Developing.",DERIVED_DEMO_FROM_EXISTING_EMPLOYEE_DATA,No,2026-08-01
LEARN-EMP474-COURSE-S046-ADV,EMP474,Mehwish Riaz,DEPARTMENT-011,Legal & Compliance,POS-463,Compliance Analyst,Professional/Mid-level,COURSE-S046-ADV,Advanced Leadership for Professional Growth,Advanced,S046,Leadership,5,86.1,Certified,Completed,2026-03-15,No,"Derived from actual role=Professional/Mid-level, skill proficiency=5/5, skill score=86.1, certification=Certified, skill status=Current.",DERIVED_DEMO_FROM_EXISTING_EMPLOYEE_DATA,No,2026-08-01
LEARN-EMP474-COURSE-S073-ADV,EMP474,Mehwish Riaz,DEPARTMENT-011,Legal & Compliance,POS-463,Compliance Analyst,Professional/Mid-level,COURSE-S073-ADV,Advanced Policy Interpretation and Decision Practice,Advanced,S073,Policy Interpretation,4,85.5,Not Required,Completed,2026-02-15,Yes,"Derived from actual role=Professional/Mid-level, skill proficiency=4/5, skill score=85.5, certification=Not Required, skill status=Current.",DERIVED_DEMO_FROM_EXISTING_EMPLOYEE_DATA,No,2026-08-01
LEARN-EMP382-COURSE-S046-ADV,EMP382,Fahad Ahmed,DEPARTMENT-009,Training & Development,POS-373,Learning and Development Specialist,Professional/Mid-level,COURSE-S046-ADV,Advanced Leadership for Professional Growth,Advanced,S046,Leadership,5,96.1,Certified,Completed,2025-01-15,No,"Derived from actual role=Professional/Mid-level, skill proficiency=5/5, skill score=96.1, certification=Certified, skill status=Current.",DERIVED_DEMO_FROM_EXISTING_EMPLOYEE_DATA,No,2026-08-01
LEARN-EMP382-COURSE-S065-PRC,EMP382,Fahad Ahmed,DEPARTMENT-009,Training & Development,POS-373,Learning and Development Specialist,Professional/Mid-level,COURSE-S065-PRC,Applied Learning Management Systems for Learning Delivery,Practitioner,S065,Learning Management Systems,4,79.3,Not Required,Completed,2025-04-15,Yes,"Derived from actual role=Professional/Mid-level, skill proficiency=4/5, skill score=79.3, certification=Not Required, skill status=Current.",DERIVED_DEMO_FROM_EXISTING_EMPLOYEE_DATA,No,2026-08-01
LEARN-EMP227-COURSE-S028-ADV,EMP227,Fahad Sheikh,DEPARTMENT-002,Finance,EXEC-FIN-HEAD,Head of Finance,Manager/Head,COURSE-S028-ADV,Advanced Regulatory Reporting and Decision Practice,Advanced,S028,Regulatory Reporting,5,93.2,Certified,Completed,2024-02-15,Yes,"Derived from actual role=Manager/Head, skill proficiency=5/5, skill score=93.2, certification=Certified, skill status=Current.",DERIVED_DEMO_FROM_EXISTING_EMPLOYEE_DATA,No,2026-08-01
LEARN-EMP227-COURSE-S026-ADV,EMP227,Fahad Sheikh,DEPARTMENT-002,Finance,EXEC-FIN-HEAD,Head of Finance,Manager/Head,COURSE-S026-ADV,Advanced Accounting & Reconciliation and Decision Practice,Advanced,S026,Accounting & Reconciliation,5,94.2,Certified,Completed,2026-07-15,Yes,"Derived from actual role=Manager/Head, skill proficiency=5/5, skill score=94.2, certification=Certified, skill status=Current.",DERIVED_DEMO_FROM_EXISTING_EMPLOYEE_DATA,No,2026-08-01
LEARN-EMP227-COURSE-S025-ADV,EMP227,Fahad Sheikh,DEPARTMENT-002,Finance,EXEC-FIN-HEAD,Head of Finance,Manager/Head,COURSE-S025-ADV,Advanced Financial Analysis and Decision Practice,Advanced,S025,Financial Analysis,4,82.8,Not Required,Completed,2026-05-15,Yes,"Derived from actual role=Manager/Head, skill proficiency=4/5, skill score=82.8, certification=Not Required, skill status=Current.",DERIVED_DEMO_FROM_EXISTING_EMPLOYEE_DATA,No,2026-08-01
LEARN-EMP243-COURSE-S025-PRC,EMP243,Mehwish Khalid,DEPARTMENT-002,Finance,POS-241,Accounts Assistant,Junior/Assistant,COURSE-S025-PRC,Applied Financial Analysis,Practitioner,S025,Financial Analysis,4,79.9,Not Required,Completed,2025-01-15,Yes,"Derived from actual role=Junior/Assistant, skill proficiency=4/5, skill score=79.9, certification=Not Required, skill status=Current.",DERIVED_DEMO_FROM_EXISTING_EMPLOYEE_DATA,No,2026-08-01
LEARN-EMP267-COURSE-S041-FND,EMP267,Haris Awan,DEPARTMENT-004,Customer Support,POS-263,Customer Support Intern,Intern/Trainee,COURSE-S041-FND,Knowledge Base Management Fundamentals,Foundation,S041,Knowledge Base Management,2,71.8,Certified,Completed,2026-04-15,Yes,"Derived from actual role=Intern/Trainee, skill proficiency=2/5, skill score=71.8, certification=Certified, skill status=Developing.",DERIVED_DEMO_FROM_EXISTING_EMPLOYEE_DATA,No,2026-08-01
LEARN-EMP376-COURSE-S062-ADV,EMP376,Amna Nasir,DEPARTMENT-009,Training & Development,POS-367,Learning and Development Specialist,Professional/Mid-level,COURSE-S062-ADV,Advanced Curriculum Design and Learning Impact,Advanced,S062,Curriculum Design,5,100.0,Not Required,Completed,2026-07-15,Yes,"Derived from actual role=Professional/Mid-level, skill proficiency=5/5, skill score=100.0, certification=Not Required, skill status=Current.",DERIVED_DEMO_FROM_EXISTING_EMPLOYEE_DATA,No,2026-08-01
LEARN-EMP376-COURSE-S045-ADV,EMP376,Amna Nasir,DEPARTMENT-009,Training & Development,POS-367,Learning and Development Specialist,Professional/Mid-level,COURSE-S045-ADV,Advanced Stakeholder Management for Professional Growth,Advanced,S045,Stakeholder Management,4,87.0,Certified,Completed,2024-05-15,No,"Derived from actual role=Professional/Mid-level, skill proficiency=4/5, skill score=87.0, certification=Certified, skill status=Current.",DERIVED_DEMO_FROM_EXISTING_EMPLOYEE_DATA,No,2026-08-01
LEARN-EMP696-COURSE-S053-ADV,EMP696,Taha Baig,DEPARTMENT-016,Research & Development,POS-680,Research Analyst,Professional/Mid-level,COURSE-S053-ADV,Advanced Documentation for Professional Growth,Advanced,S053,Documentation,5,100.0,Certified,Completed,2025-02-15,No,"Derived from actual role=Professional/Mid-level, skill proficiency=5/5, skill score=100.0, certification=Certified, skill status=Current.",DERIVED_DEMO_FROM_EXISTING_EMPLOYEE_DATA,No,2026-08-01
LEARN-EMP696-COURSE-S097-PRC,EMP696,Taha Baig,DEPARTMENT-016,Research & Development,POS-680,Research Analyst,Professional/Mid-level,COURSE-S097-PRC,Applied Experimental Design for R&D,Practitioner,S097,Experimental Design,4,81.9,Not Required,Completed,2026-05-15,Yes,"Derived from actual role=Professional/Mid-level, skill proficiency=4/5, skill score=81.9, certification=Not Required, skill status=Current.",DERIVED_DEMO_FROM_EXISTING_EMPLOYEE_DATA,No,2026-08-01
LEARN-EMP443-COURSE-S068-ADV,EMP443,Noman Ismail,DEPARTMENT-010,Administration & Facilities,POS-433,Administrative Assistant,Junior/Assistant,COURSE-S068-ADV,Advanced Vendor Coordination and Decision Practice,Advanced,S068,Vendor Coordination,4,94.0,Not Required,Completed,2024-08-15,Yes,"Derived from actual role=Junior/Assistant, skill proficiency=4/5, skill score=94.0, certification=Not Required, skill status=Current.",DERIVED_DEMO_FROM_EXISTING_EMPLOYEE_DATA,No,2026-08-01
LEARN-EMP429-COURSE-S066-FND,EMP429,Komal Latif,DEPARTMENT-010,Administration & Facilities,POS-419,Administration Officer,Professional/Mid-level,COURSE-S066-FND,Office Administration Fundamentals,Foundation,S066,Office Administration,4,66.9,Not Required,Completed,2024-05-15,Yes,"Derived from actual role=Professional/Mid-level, skill proficiency=4/5, skill score=66.9, certification=Not Required, skill status=Current.",DERIVED_DEMO_FROM_EXISTING_EMPLOYEE_DATA,No,2026-08-01
LEARN-EMP429-COURSE-S070-PRC,EMP429,Komal Latif,DEPARTMENT-010,Administration & Facilities,POS-419,Administration Officer,Professional/Mid-level,COURSE-S070-PRC,Applied Records Management,Practitioner,S070,Records Management,4,71.5,Planned,Completed,2025-01-15,Yes,"Derived from actual role=Professional/Mid-level, skill proficiency=4/5, skill score=71.5, certification=Planned, skill status=Current.",DERIVED_DEMO_FROM_EXISTING_EMPLOYEE_DATA,No,2026-08-01
LEARN-EMP681-COURSE-S049-ADV,EMP681,Kashif Ejaz,DEPARTMENT-016,Research & Development,POS-665,Research and Development Manager,Manager/Head,COURSE-S049-ADV,Advanced Data Analysis and Decision Practice,Advanced,S049,Data Analysis,5,97.2,Planned,Completed,2025-03-15,Yes,"Derived from actual role=Manager/Head, skill proficiency=5/5, skill score=97.2, certification=Planned, skill status=Current.",DERIVED_DEMO_FROM_EXISTING_EMPLOYEE_DATA,No,2026-08-01
LEARN-EMP681-COURSE-S050-ADV,EMP681,Kashif Ejaz,DEPARTMENT-016,Research & Development,POS-665,Research and Development Manager,Manager/Head,COURSE-S050-ADV,Advanced Project Management for Professional Growth,Advanced,S050,Project Management,4,93.2,Certified,Completed,2024-07-15,No,"Derived from actual role=Manager/Head, skill proficiency=4/5, skill score=93.2, certification=Certified, skill status=Current.",DERIVED_DEMO_FROM_EXISTING_EMPLOYEE_DATA,No,2026-08-01
LEARN-EMP681-COURSE-S053-ADV,EMP681,Kashif Ejaz,DEPARTMENT-016,Research & Development,POS-665,Research and Development Manager,Manager/Head,COURSE-S053-ADV,Advanced Documentation for Professional Growth,Advanced,S053,Documentation,4,82.8,Certified,Completed,2024-04-15,No,"Derived from actual role=Manager/Head, skill proficiency=4/5, skill score=82.8, certification=Certified, skill status=Current.",DERIVED_DEMO_FROM_EXISTING_EMPLOYEE_DATA,No,2026-08-01
LEARN-EMP613-COURSE-S088-ADV,EMP613,Sidra Saeed,DEPARTMENT-014,Production & Manufacturing,POS-599,Production Technician,Professional/Mid-level,COURSE-S088-ADV,Advanced Production Planning and Continuous Improvement,Advanced,S088,Production Planning,5,91.0,Not Required,Completed,2025-02-15,Yes,"Derived from actual role=Professional/Mid-level, skill proficiency=5/5, skill score=91.0, certification=Not Required, skill status=Current.",DERIVED_DEMO_FROM_EXISTING_EMPLOYEE_DATA,No,2026-08-01
LEARN-EMP613-COURSE-S089-ADV,EMP613,Sidra Saeed,DEPARTMENT-014,Production & Manufacturing,POS-599,Production Technician,Professional/Mid-level,COURSE-S089-ADV,Advanced Machine Operation and Continuous Improvement,Advanced,S089,Machine Operation,4,82.5,Not Required,Completed,2025-04-15,Yes,"Derived from actual role=Professional/Mid-level, skill proficiency=4/5, skill score=82.5, certification=Not Required, skill status=Current.",DERIVED_DEMO_FROM_EXISTING_EMPLOYEE_DATA,No,2026-08-01
LEARN-EMP519-COURSE-S079-ADV,EMP519,Areeba Hameed,DEPARTMENT-012,Procurement & Supply Chain,POS-507,Procurement Officer,Professional/Mid-level,COURSE-S079-ADV,Advanced Contract Negotiation and Decision Practice,Advanced,S079,Contract Negotiation,5,97.9,Certified,Completed,2024-01-15,Yes,"Derived from actual role=Professional/Mid-level, skill proficiency=5/5, skill score=97.9, certification=Certified, skill status=Current.",DERIVED_DEMO_FROM_EXISTING_EMPLOYEE_DATA,No,2026-08-01
LEARN-EMP519-COURSE-S078-ADV,EMP519,Areeba Hameed,DEPARTMENT-012,Procurement & Supply Chain,POS-507,Procurement Officer,Professional/Mid-level,COURSE-S078-ADV,Advanced Supplier Management and Decision Practice,Advanced,S078,Supplier Management,5,94.4,Not Required,Completed,2025-08-15,Yes,"Derived from actual role=Professional/Mid-level, skill proficiency=5/5, skill score=94.4, certification=Not Required, skill status=Current.",DERIVED_DEMO_FROM_EXISTING_EMPLOYEE_DATA,No,2026-08-01
LEARN-EMP413-COURSE-S068-PRC,EMP413,Ali Akhtar,DEPARTMENT-010,Administration & Facilities,POS-403,Senior Administration Officer,Senior/Lead,COURSE-S068-PRC,Applied Vendor Coordination,Practitioner,S068,Vendor Coordination,4,81.9,Not Required,Completed,2024-08-15,Yes,"Derived from actual role=Senior/Lead, skill proficiency=4/5, skill score=81.9, certification=Not Required, skill status=Current.",DERIVED_DEMO_FROM_EXISTING_EMPLOYEE_DATA,No,2026-08-01
LEARN-EMP413-COURSE-S070-PRC,EMP413,Ali Akhtar,DEPARTMENT-010,Administration & Facilities,POS-403,Senior Administration Officer,Senior/Lead,COURSE-S070-PRC,Applied Records Management,Practitioner,S070,Records Management,4,78.9,Planned,Completed,2024-05-15,Yes,"Derived from actual role=Senior/Lead, skill proficiency=4/5, skill score=78.9, certification=Planned, skill status=Current.",DERIVED_DEMO_FROM_EXISTING_EMPLOYEE_DATA,No,2026-08-01
LEARN-EMP462-COURSE-S075-ADV,EMP462,Waqas Ali,DEPARTMENT-011,Legal & Compliance,POS-451,Senior Legal Counsel,Senior/Lead,COURSE-S075-ADV,Advanced Case Management and Decision Practice,Advanced,S075,Case Management,5,100.0,Not Required,Completed,2025-03-15,Yes,"Derived from actual role=Senior/Lead, skill proficiency=5/5, skill score=100.0, certification=Not Required, skill status=Current.",DERIVED_DEMO_FROM_EXISTING_EMPLOYEE_DATA,No,2026-08-01
LEARN-EMP462-COURSE-S071-PRC,EMP462,Waqas Ali,DEPARTMENT-011,Legal & Compliance,POS-451,Senior Legal Counsel,Senior/Lead,COURSE-S071-PRC,Applied Contract Review,Practitioner,S071,Contract Review,3,82.5,Certified,Completed,2025-07-15,Yes,"Derived from actual role=Senior/Lead, skill proficiency=3/5, skill score=82.5, certification=Certified, skill status=Current.",DERIVED_DEMO_FROM_EXISTING_EMPLOYEE_DATA,No,2026-08-01
LEARN-EMP589-COURSE-S091-ADV,EMP589,Adnan Nawaz,DEPARTMENT-014,Production & Manufacturing,POS-575,Production Manager,Manager/Head,COURSE-S091-ADV,Advanced Lean Manufacturing and Continuous Improvement,Advanced,S091,Lean Manufacturing,4,91.5,Certified,Completed,2025-06-15,Yes,"Derived from actual role=Manager/Head, skill proficiency=4/5, skill score=91.5, certification=Certified, skill status=Current.",DERIVED_DEMO_FROM_EXISTING_EMPLOYEE_DATA,No,2026-08-01
LEARN-EMP589-COURSE-S089-ADV,EMP589,Adnan Nawaz,DEPARTMENT-014,Production & Manufacturing,POS-575,Production Manager,Manager/Head,COURSE-S089-ADV,Advanced Machine Operation and Continuous Improvement,Advanced,S089,Machine Operation,4,90.6,Certified,Completed,2025-06-15,Yes,"Derived from actual role=Manager/Head, skill proficiency=4/5, skill score=90.6, certification=Certified, skill status=Current.",DERIVED_DEMO_FROM_EXISTING_EMPLOYEE_DATA,No,2026-08-01
LEARN-EMP589-COURSE-S046-ADV,EMP589,Adnan Nawaz,DEPARTMENT-014,Production & Manufacturing,POS-575,Production Manager,Manager/Head,COURSE-S046-ADV,Advanced Leadership for Professional Growth,Advanced,S046,Leadership,5,100.0,Not Required,Completed,2026-03-15,No,"Derived from actual role=Manager/Head, skill proficiency=5/5, skill score=100.0, certification=Not Required, skill status=Current.",DERIVED_DEMO_FROM_EXISTING_EMPLOYEE_DATA,No,2026-08-01
LEARN-EMP344-COURSE-S055-PRC,EMP344,Saba Latif,DEPARTMENT-008,Medical Care,POS-336,Medical Officer,Professional/Mid-level,COURSE-S055-PRC,Applied Patient Care in Clinical Practice,Practitioner,S055,Patient Care,3,79.4,Planned,Completed,2026-02-15,Yes,"Derived from actual role=Professional/Mid-level, skill proficiency=3/5, skill score=79.4, certification=Planned, skill status=Current.",DERIVED_DEMO_FROM_EXISTING_EMPLOYEE_DATA,No,2026-08-01
LEARN-EMP344-COURSE-S043-ADV,EMP344,Saba Latif,DEPARTMENT-008,Medical Care,POS-336,Medical Officer,Professional/Mid-level,COURSE-S043-ADV,Advanced Teamwork for Professional Growth,Advanced,S043,Teamwork,4,82.2,Certified,Completed,2026-05-15,No,"Derived from actual role=Professional/Mid-level, skill proficiency=4/5, skill score=82.2, certification=Certified, skill status=Current.",DERIVED_DEMO_FROM_EXISTING_EMPLOYEE_DATA,No,2026-08-01
LEARN-EMP268-COURSE-S005-ADV,EMP268,Fatima Mughal,DEPARTMENT-005,Engineering,EXEC-ENG-HEAD,Head of Engineering,Manager/Head,COURSE-S005-ADV,Advanced System Design and Decision Practice,Advanced,S005,System Design,5,96.8,Planned,Completed,2024-01-15,Yes,"Derived from actual role=Manager/Head, skill proficiency=5/5, skill score=96.8, certification=Planned, skill status=Current.",DERIVED_DEMO_FROM_EXISTING_EMPLOYEE_DATA,No,2026-08-01
LEARN-EMP268-COURSE-S002-ADV,EMP268,Fatima Mughal,DEPARTMENT-005,Engineering,EXEC-ENG-HEAD,Head of Engineering,Manager/Head,COURSE-S002-ADV,Advanced SQL & Databases and Decision Practice,Advanced,S002,SQL & Databases,4,92.0,Not Required,Completed,2026-05-15,Yes,"Derived from actual role=Manager/Head, skill proficiency=4/5, skill score=92.0, certification=Not Required, skill status=Current.",DERIVED_DEMO_FROM_EXISTING_EMPLOYEE_DATA,No,2026-08-01
LEARN-EMP268-COURSE-S004-ADV,EMP268,Fatima Mughal,DEPARTMENT-005,Engineering,EXEC-ENG-HEAD,Head of Engineering,Manager/Head,COURSE-S004-ADV,Advanced Software Testing and Decision Practice,Advanced,S004,Software Testing,4,86.1,Planned,Completed,2026-08-15,Yes,"Derived from actual role=Manager/Head, skill proficiency=4/5, skill score=86.1, certification=Planned, skill status=Current.",DERIVED_DEMO_FROM_EXISTING_EMPLOYEE_DATA,No,2026-08-01
LEARN-EMP354-COURSE-S054-ADV,EMP354,Anam Khalid,DEPARTMENT-008,Medical Care,POS-346,Junior Medical Officer,Junior/Assistant,COURSE-S054-ADV,Advanced Clinical Assessment and Patient Safety,Advanced,S054,Clinical Assessment,4,85.3,Certified,Completed,2025-04-15,Yes,"Derived from actual role=Junior/Assistant, skill proficiency=4/5, skill score=85.3, certification=Certified, skill status=Current.",DERIVED_DEMO_FROM_EXISTING_EMPLOYEE_DATA,No,2026-08-01
LEARN-EMP176-COURSE-S014-ADV,EMP176,Ahsan Aziz,DEPARTMENT-003,Sales,POS-176,Senior Account Manager,Senior/Lead,COURSE-S014-ADV,Advanced Negotiation for Professional Growth,Advanced,S014,Negotiation,5,93.1,Not Required,Completed,2025-06-15,Yes,"Derived from actual role=Senior/Lead, skill proficiency=5/5, skill score=93.1, certification=Not Required, skill status=Verified.",DERIVED_DEMO_FROM_EXISTING_EMPLOYEE_DATA,No,2026-08-01
LEARN-EMP176-COURSE-S016-ADV,EMP176,Ahsan Aziz,DEPARTMENT-003,Sales,POS-176,Senior Account Manager,Senior/Lead,COURSE-S016-ADV,Advanced Account Management and Decision Practice,Advanced,S016,Account Management,5,95.9,Not Required,Completed,2025-08-15,Yes,"Derived from actual role=Senior/Lead, skill proficiency=5/5, skill score=95.9, certification=Not Required, skill status=Developing.",DERIVED_DEMO_FROM_EXISTING_EMPLOYEE_DATA,No,2026-08-01
LEARN-EMP698-COURSE-S096-ADV,EMP698,Amna Siddiqui,DEPARTMENT-016,Research & Development,POS-682,Research Analyst,Professional/Mid-level,COURSE-S096-ADV,Advanced Research Methodology and Innovation Practice,Advanced,S096,Research Methodology,5,89.5,Certified,Completed,2024-05-15,Yes,"Derived from actual role=Professional/Mid-level, skill proficiency=5/5, skill score=89.5, certification=Certified, skill status=Current.",DERIVED_DEMO_FROM_EXISTING_EMPLOYEE_DATA,No,2026-08-01
LEARN-EMP698-COURSE-S099-ADV,EMP698,Amna Siddiqui,DEPARTMENT-016,Research & Development,POS-682,Research Analyst,Professional/Mid-level,COURSE-S099-ADV,Advanced Innovation Management and Innovation Practice,Advanced,S099,Innovation Management,5,100.0,Not Required,Completed,2026-06-15,Yes,"Derived from actual role=Professional/Mid-level, skill proficiency=5/5, skill score=100.0, certification=Not Required, skill status=Current.",DERIVED_DEMO_FROM_EXISTING_EMPLOYEE_DATA,No,2026-08-01
LEARN-EMP565-COURSE-S083-ADV,EMP565,Rabia Tariq,DEPARTMENT-013,Logistics & Warehouse,POS-552,Logistics Coordinator,Professional/Mid-level,COURSE-S083-ADV,Advanced Inventory Control and Decision Practice,Advanced,S083,Inventory Control,4,96.8,Certified,Completed,2026-02-15,Yes,"Derived from actual role=Professional/Mid-level, skill proficiency=4/5, skill score=96.8, certification=Certified, skill status=Current.",DERIVED_DEMO_FROM_EXISTING_EMPLOYEE_DATA,No,2026-08-01
LEARN-EMP565-COURSE-S086-PRC,EMP565,Rabia Tariq,DEPARTMENT-013,Logistics & Warehouse,POS-552,Logistics Coordinator,Professional/Mid-level,COURSE-S086-PRC,Applied Dispatch Coordination,Practitioner,S086,Dispatch Coordination,3,84.6,Not Required,Completed,2026-07-15,Yes,"Derived from actual role=Professional/Mid-level, skill proficiency=3/5, skill score=84.6, certification=Not Required, skill status=Current.",DERIVED_DEMO_FROM_EXISTING_EMPLOYEE_DATA,No,2026-08-01
LEARN-EMP300-COURSE-S007-ADV,EMP300,Talha Akhtar,DEPARTMENT-007,IT,POS-293,Systems Administrator,Professional/Mid-level,COURSE-S007-ADV,Advanced Cloud Platforms and Decision Practice,Advanced,S007,Cloud Platforms,4,100.0,Planned,Completed,2026-05-15,Yes,"Derived from actual role=Professional/Mid-level, skill proficiency=4/5, skill score=100.0, certification=Planned, skill status=Current.",DERIVED_DEMO_FROM_EXISTING_EMPLOYEE_DATA,No,2026-08-01
LEARN-EMP300-COURSE-S011-PRC,EMP300,Talha Akhtar,DEPARTMENT-007,IT,POS-293,Systems Administrator,Professional/Mid-level,COURSE-S011-PRC,Applied Incident Management,Practitioner,S011,Incident Management,3,81.6,Not Required,Completed,2024-08-15,Yes,"Derived from actual role=Professional/Mid-level, skill proficiency=3/5, skill score=81.6, certification=Not Required, skill status=Current.",DERIVED_DEMO_FROM_EXISTING_EMPLOYEE_DATA,No,2026-08-01
LEARN-EMP636-COURSE-S022-ADV,EMP636,Zainab Ejaz,DEPARTMENT-015,Quality Assurance,POS-621,Quality Assurance Manager,Manager/Head,COURSE-S022-ADV,Advanced Quality Control and Decision Practice,Advanced,S022,Quality Control,4,90.3,Certified,Completed,2024-06-15,Yes,"Derived from actual role=Manager/Head, skill proficiency=4/5, skill score=90.3, certification=Certified, skill status=Current.",DERIVED_DEMO_FROM_EXISTING_EMPLOYEE_DATA,No,2026-08-01
LEARN-EMP636-COURSE-S092-PRC,EMP636,Zainab Ejaz,DEPARTMENT-015,Quality Assurance,POS-621,Quality Assurance Manager,Manager/Head,COURSE-S092-PRC,Applied Quality Auditing in Operations,Practitioner,S092,Quality Auditing,4,81.6,Certified,Completed,2025-06-15,Yes,"Derived from actual role=Manager/Head, skill proficiency=4/5, skill score=81.6, certification=Certified, skill status=Current.",DERIVED_DEMO_FROM_EXISTING_EMPLOYEE_DATA,No,2026-08-01
LEARN-EMP636-COURSE-S094-ADV,EMP636,Zainab Ejaz,DEPARTMENT-015,Quality Assurance,POS-621,Quality Assurance Manager,Manager/Head,COURSE-S094-ADV,Advanced Corrective Action Management and Continuous Improvement,Advanced,S094,Corrective Action Management,5,91.0,Not Required,Completed,2024-01-15,Yes,"Derived from actual role=Manager/Head, skill proficiency=5/5, skill score=91.0, certification=Not Required, skill status=Current.",DERIVED_DEMO_FROM_EXISTING_EMPLOYEE_DATA,No,2026-08-01
LEARN-EMP484-COURSE-S075-ADV,EMP484,Saba Mughal,DEPARTMENT-011,Legal & Compliance,POS-473,Legal Assistant,Junior/Assistant,COURSE-S075-ADV,Advanced Case Management and Decision Practice,Advanced,S075,Case Management,4,84.3,Planned,Completed,2024-07-15,Yes,"Derived from actual role=Junior/Assistant, skill proficiency=4/5, skill score=84.3, certification=Planned, skill status=Current.",DERIVED_DEMO_FROM_EXISTING_EMPLOYEE_DATA,No,2026-08-01
LEARN-EMP463-COURSE-S071-PRC,EMP463,Talha Ansari,DEPARTMENT-011,Legal & Compliance,POS-452,Senior Legal Counsel,Senior/Lead,COURSE-S071-PRC,Applied Contract Review,Practitioner,S071,Contract Review,3,72.8,Certified,Completed,2025-04-15,Yes,"Derived from actual role=Senior/Lead, skill proficiency=3/5, skill score=72.8, certification=Certified, skill status=Current.",DERIVED_DEMO_FROM_EXISTING_EMPLOYEE_DATA,No,2026-08-01
LEARN-EMP463-COURSE-S075-PRC,EMP463,Talha Ansari,DEPARTMENT-011,Legal & Compliance,POS-452,Senior Legal Counsel,Senior/Lead,COURSE-S075-PRC,Applied Case Management,Practitioner,S075,Case Management,3,72.5,Not Required,Completed,2025-06-15,Yes,"Derived from actual role=Senior/Lead, skill proficiency=3/5, skill score=72.5, certification=Not Required, skill status=Current.",DERIVED_DEMO_FROM_EXISTING_EMPLOYEE_DATA,No,2026-08-01
LEARN-EMP652-COURSE-S095-ADV,EMP652,Kinza Waheed,DEPARTMENT-015,Quality Assurance,POS-637,Quality Analyst,Professional/Mid-level,COURSE-S095-ADV,Advanced Statistical Process Control and Continuous Improvement,Advanced,S095,Statistical Process Control,5,94.8,Certified,Completed,2025-05-15,Yes,"Derived from actual role=Professional/Mid-level, skill proficiency=5/5, skill score=94.8, certification=Certified, skill status=Current.",DERIVED_DEMO_FROM_EXISTING_EMPLOYEE_DATA,No,2026-08-01
LEARN-EMP652-COURSE-S093-ADV,EMP652,Kinza Waheed,DEPARTMENT-015,Quality Assurance,POS-637,Quality Analyst,Professional/Mid-level,COURSE-S093-ADV,Advanced Root Cause Analysis and Continuous Improvement,Advanced,S093,Root Cause Analysis,5,99.6,Planned,Completed,2026-02-15,Yes,"Derived from actual role=Professional/Mid-level, skill proficiency=5/5, skill score=99.6, certification=Planned, skill status=Current.",DERIVED_DEMO_FROM_EXISTING_EMPLOYEE_DATA,No,2026-08-01
LEARN-EMP479-COURSE-S073-PRC,EMP479,Noman Latif,DEPARTMENT-011,Legal & Compliance,POS-468,Compliance Analyst,Professional/Mid-level,COURSE-S073-PRC,Applied Policy Interpretation,Practitioner,S073,Policy Interpretation,4,79.1,Not Required,Completed,2024-02-15,Yes,"Derived from actual role=Professional/Mid-level, skill proficiency=4/5, skill score=79.1, certification=Not Required, skill status=Current.",DERIVED_DEMO_FROM_EXISTING_EMPLOYEE_DATA,No,2026-08-01
LEARN-EMP479-COURSE-S045-ADV,EMP479,Noman Latif,DEPARTMENT-011,Legal & Compliance,POS-468,Compliance Analyst,Professional/Mid-level,COURSE-S045-ADV,Advanced Stakeholder Management for Professional Growth,Advanced,S045,Stakeholder Management,5,94.3,Not Required,Completed,2025-06-15,No,"Derived from actual role=Professional/Mid-level, skill proficiency=5/5, skill score=94.3, certification=Not Required, skill status=Current.",DERIVED_DEMO_FROM_EXISTING_EMPLOYEE_DATA,No,2026-08-01
LEARN-EMP234-COURSE-S028-ADV,EMP234,Hira Qureshi,DEPARTMENT-002,Finance,POS-232,Financial Analyst,Professional/Mid-level,COURSE-S028-ADV,Advanced Regulatory Reporting and Decision Practice,Advanced,S028,Regulatory Reporting,5,86.7,Not Required,Completed,2024-08-15,Yes,"Derived from actual role=Professional/Mid-level, skill proficiency=5/5, skill score=86.7, certification=Not Required, skill status=Current.",DERIVED_DEMO_FROM_EXISTING_EMPLOYEE_DATA,No,2026-08-01
LEARN-EMP234-COURSE-S053-ADV,EMP234,Hira Qureshi,DEPARTMENT-002,Finance,POS-232,Financial Analyst,Professional/Mid-level,COURSE-S053-ADV,Advanced Documentation for Professional Growth,Advanced,S053,Documentation,5,95.7,Not Required,Completed,2024-08-15,No,"Derived from actual role=Professional/Mid-level, skill proficiency=5/5, skill score=95.7, certification=Not Required, skill status=Current.",DERIVED_DEMO_FROM_EXISTING_EMPLOYEE_DATA,No,2026-08-01
LEARN-EMP604-COURSE-S089-PRC,EMP604,Saba Shah,DEPARTMENT-014,Production & Manufacturing,POS-590,Production Technician,Professional/Mid-level,COURSE-S089-PRC,Applied Machine Operation in Operations,Practitioner,S089,Machine Operation,4,76.7,Not Required,Completed,2026-05-15,Yes,"Derived from actual role=Professional/Mid-level, skill proficiency=4/5, skill score=76.7, certification=Not Required, skill status=Current.",DERIVED_DEMO_FROM_EXISTING_EMPLOYEE_DATA,No,2026-08-01
LEARN-EMP604-COURSE-S044-ADV,EMP604,Saba Shah,DEPARTMENT-014,Production & Manufacturing,POS-590,Production Technician,Professional/Mid-level,COURSE-S044-ADV,Advanced Problem Solving for Professional Growth,Advanced,S044,Problem Solving,5,100.0,Not Required,Completed,2024-08-15,No,"Derived from actual role=Professional/Mid-level, skill proficiency=5/5, skill score=100.0, certification=Not Required, skill status=Current.",DERIVED_DEMO_FROM_EXISTING_EMPLOYEE_DATA,No,2026-08-01
LEARN-EMP633-COURSE-S095-ADV,EMP633,Sara Tariq,DEPARTMENT-015,Quality Assurance,POS-618,Quality Assurance Manager,Manager/Head,COURSE-S095-ADV,Advanced Statistical Process Control and Continuous Improvement,Advanced,S095,Statistical Process Control,5,99.7,Certified,Completed,2025-02-15,Yes,"Derived from actual role=Manager/Head, skill proficiency=5/5, skill score=99.7, certification=Certified, skill status=Current.",DERIVED_DEMO_FROM_EXISTING_EMPLOYEE_DATA,No,2026-08-01
LEARN-EMP633-COURSE-S094-ADV,EMP633,Sara Tariq,DEPARTMENT-015,Quality Assurance,POS-618,Quality Assurance Manager,Manager/Head,COURSE-S094-ADV,Advanced Corrective Action Management and Continuous Improvement,Advanced,S094,Corrective Action Management,4,85.4,Not Required,Completed,2025-03-15,Yes,"Derived from actual role=Manager/Head, skill proficiency=4/5, skill score=85.4, certification=Not Required, skill status=Current.",DERIVED_DEMO_FROM_EXISTING_EMPLOYEE_DATA,No,2026-08-01
LEARN-EMP633-COURSE-S044-PRC,EMP633,Sara Tariq,DEPARTMENT-015,Quality Assurance,POS-618,Quality Assurance Manager,Manager/Head,COURSE-S044-PRC,Problem Solving in Practice,Practitioner,S044,Problem Solving,4,81.8,Planned,Completed,2025-05-15,No,"Derived from actual role=Manager/Head, skill proficiency=4/5, skill score=81.8, certification=Planned, skill status=Current.",DERIVED_DEMO_FROM_EXISTING_EMPLOYEE_DATA,No,2026-08-01
LEARN-EMP299-COURSE-S008-PRC,EMP299,Noor Nadeem,DEPARTMENT-007,IT,POS-292,Systems Administrator,Professional/Mid-level,COURSE-S008-PRC,Applied Cybersecurity,Practitioner,S008,Cybersecurity,4,77.4,Certified,Completed,2025-04-15,Yes,"Derived from actual role=Professional/Mid-level, skill proficiency=4/5, skill score=77.4, certification=Certified, skill status=Current.",DERIVED_DEMO_FROM_EXISTING_EMPLOYEE_DATA,No,2026-08-01
LEARN-EMP299-COURSE-S010-ADV,EMP299,Noor Nadeem,DEPARTMENT-007,IT,POS-292,Systems Administrator,Professional/Mid-level,COURSE-S010-ADV,Advanced IT Service Management and Decision Practice,Advanced,S010,IT Service Management,4,88.7,Certified,Completed,2025-06-15,Yes,"Derived from actual role=Professional/Mid-level, skill proficiency=4/5, skill score=88.7, certification=Certified, skill status=Current.",DERIVED_DEMO_FROM_EXISTING_EMPLOYEE_DATA,No,2026-08-01
LEARN-EMP197-COURSE-S035-ADV,EMP197,Zeeshan Qureshi,DEPARTMENT-001,HR,POS-197,HR Manager,Manager/Head,COURSE-S035-ADV,Advanced Learning & Development and Decision Practice,Advanced,S035,Learning & Development,5,86.2,Not Required,Completed,2024-01-15,Yes,"Derived from actual role=Manager/Head, skill proficiency=5/5, skill score=86.2, certification=Not Required, skill status=Verified.",DERIVED_DEMO_FROM_EXISTING_EMPLOYEE_DATA,No,2026-08-01
LEARN-EMP197-COURSE-S046-PRC,EMP197,Zeeshan Qureshi,DEPARTMENT-001,HR,POS-197,HR Manager,Manager/Head,COURSE-S046-PRC,Leadership in Practice,Practitioner,S046,Leadership,4,73.1,Not Required,Completed,2025-04-15,Yes,"Derived from actual role=Manager/Head, skill proficiency=4/5, skill score=73.1, certification=Not Required, skill status=Verified.",DERIVED_DEMO_FROM_EXISTING_EMPLOYEE_DATA,No,2026-08-01
LEARN-EMP197-COURSE-S033-PRC,EMP197,Zeeshan Qureshi,DEPARTMENT-001,HR,POS-197,HR Manager,Manager/Head,COURSE-S033-PRC,Applied Performance Management,Practitioner,S033,Performance Management,4,68.5,Not Required,Completed,2025-04-15,Yes,"Derived from actual role=Manager/Head, skill proficiency=4/5, skill score=68.5, certification=Not Required, skill status=Developing.",DERIVED_DEMO_FROM_EXISTING_EMPLOYEE_DATA,No,2026-08-01
LEARN-EMP341-COURSE-S058-ADV,EMP341,Kashif Latif,DEPARTMENT-008,Medical Care,POS-333,Medical Officer,Professional/Mid-level,COURSE-S058-ADV,Advanced Infection Prevention and Patient Safety,Advanced,S058,Infection Prevention,5,96.9,Not Required,Completed,2024-03-15,Yes,"Derived from actual role=Professional/Mid-level, skill proficiency=5/5, skill score=96.9, certification=Not Required, skill status=Current.",DERIVED_DEMO_FROM_EXISTING_EMPLOYEE_DATA,No,2026-08-01
LEARN-EMP341-COURSE-S055-PRC,EMP341,Kashif Latif,DEPARTMENT-008,Medical Care,POS-333,Medical Officer,Professional/Mid-level,COURSE-S055-PRC,Applied Patient Care in Clinical Practice,Practitioner,S055,Patient Care,5,80.0,Planned,Completed,2025-08-15,Yes,"Derived from actual role=Professional/Mid-level, skill proficiency=5/5, skill score=80.0, certification=Planned, skill status=Current.",DERIVED_DEMO_FROM_EXISTING_EMPLOYEE_DATA,No,2026-08-01
LEARN-EMP478-COURSE-S046-ADV,EMP478,Kinza Iqbal,DEPARTMENT-011,Legal & Compliance,POS-467,Compliance Analyst,Professional/Mid-level,COURSE-S046-ADV,Advanced Leadership for Professional Growth,Advanced,S046,Leadership,5,95.7,Certified,Completed,2026-05-15,No,"Derived from actual role=Professional/Mid-level, skill proficiency=5/5, skill score=95.7, certification=Certified, skill status=Current.",DERIVED_DEMO_FROM_EXISTING_EMPLOYEE_DATA,No,2026-08-01
LEARN-EMP478-COURSE-S074-FND,EMP478,Kinza Iqbal,DEPARTMENT-011,Legal & Compliance,POS-467,Compliance Analyst,Professional/Mid-level,COURSE-S074-FND,Legal Research Fundamentals,Foundation,S074,Legal Research,3,67.1,Certified,Completed,2024-02-15,Yes,"Derived from actual role=Professional/Mid-level, skill proficiency=3/5, skill score=67.1, certification=Certified, skill status=Current.",DERIVED_DEMO_FROM_EXISTING_EMPLOYEE_DATA,No,2026-08-01
LEARN-EMP547-COURSE-S084-ADV,EMP547,Usman Ali,DEPARTMENT-013,Logistics & Warehouse,POS-534,Logistics Manager,Manager/Head,COURSE-S084-ADV,Advanced Transport Planning and Decision Practice,Advanced,S084,Transport Planning,5,98.3,Certified,Completed,2025-08-15,Yes,"Derived from actual role=Manager/Head, skill proficiency=5/5, skill score=98.3, certification=Certified, skill status=Current.",DERIVED_DEMO_FROM_EXISTING_EMPLOYEE_DATA,No,2026-08-01
LEARN-EMP547-COURSE-S086-ADV,EMP547,Usman Ali,DEPARTMENT-013,Logistics & Warehouse,POS-534,Logistics Manager,Manager/Head,COURSE-S086-ADV,Advanced Dispatch Coordination and Decision Practice,Advanced,S086,Dispatch Coordination,4,86.5,Certified,Completed,2026-02-15,Yes,"Derived from actual role=Manager/Head, skill proficiency=4/5, skill score=86.5, certification=Certified, skill status=Current.",DERIVED_DEMO_FROM_EXISTING_EMPLOYEE_DATA,No,2026-08-01
LEARN-EMP547-COURSE-S083-ADV,EMP547,Usman Ali,DEPARTMENT-013,Logistics & Warehouse,POS-534,Logistics Manager,Manager/Head,COURSE-S083-ADV,Advanced Inventory Control and Decision Practice,Advanced,S083,Inventory Control,5,91.6,Planned,Completed,2025-08-15,Yes,"Derived from actual role=Manager/Head, skill proficiency=5/5, skill score=91.6, certification=Planned, skill status=Current.",DERIVED_DEMO_FROM_EXISTING_EMPLOYEE_DATA,No,2026-08-01
LEARN-EMP464-COURSE-S075-ADV,EMP464,Nida Ismail,DEPARTMENT-011,Legal & Compliance,POS-453,Senior Legal Counsel,Senior/Lead,COURSE-S075-ADV,Advanced Case Management and Decision Practice,Advanced,S075,Case Management,4,84.0,Certified,Completed,2025-08-15,Yes,"Derived from actual role=Senior/Lead, skill proficiency=4/5, skill score=84.0, certification=Certified, skill status=Current.",DERIVED_DEMO_FROM_EXISTING_EMPLOYEE_DATA,No,2026-08-01
LEARN-EMP464-COURSE-S071-ADV,EMP464,Nida Ismail,DEPARTMENT-011,Legal & Compliance,POS-453,Senior Legal Counsel,Senior/Lead,COURSE-S071-ADV,Advanced Contract Review and Decision Practice,Advanced,S071,Contract Review,4,85.9,Not Required,Completed,2024-06-15,Yes,"Derived from actual role=Senior/Lead, skill proficiency=4/5, skill score=85.9, certification=Not Required, skill status=Current.",DERIVED_DEMO_FROM_EXISTING_EMPLOYEE_DATA,No,2026-08-01
LEARN-EMP461-COURSE-S071-ADV,EMP461,Taha Qureshi,DEPARTMENT-011,Legal & Compliance,POS-450,Senior Legal Counsel,Senior/Lead,COURSE-S071-ADV,Advanced Contract Review and Decision Practice,Advanced,S071,Contract Review,5,97.6,Not Required,Completed,2026-08-15,Yes,"Derived from actual role=Senior/Lead, skill proficiency=5/5, skill score=97.6, certification=Not Required, skill status=Current.",DERIVED_DEMO_FROM_EXISTING_EMPLOYEE_DATA,No,2026-08-01
LEARN-EMP461-COURSE-S074-PRC,EMP461,Taha Qureshi,DEPARTMENT-011,Legal & Compliance,POS-450,Senior Legal Counsel,Senior/Lead,COURSE-S074-PRC,Applied Legal Research,Practitioner,S074,Legal Research,3,70.3,Not Required,Completed,2025-04-15,Yes,"Derived from actual role=Senior/Lead, skill proficiency=3/5, skill score=70.3, certification=Not Required, skill status=Current.",DERIVED_DEMO_FROM_EXISTING_EMPLOYEE_DATA,No,2026-08-01
LEARN-EMP661-COURSE-S022-ADV,EMP661,Fatima Sheikh,DEPARTMENT-015,Quality Assurance,POS-646,Quality Inspector,Junior/Assistant,COURSE-S022-ADV,Advanced Quality Control and Decision Practice,Advanced,S022,Quality Control,4,87.8,Certified,Completed,2025-01-15,Yes,"Derived from actual role=Junior/Assistant, skill proficiency=4/5, skill score=87.8, certification=Certified, skill status=Current.",DERIVED_DEMO_FROM_EXISTING_EMPLOYEE_DATA,No,2026-08-01
LEARN-EMP602-COURSE-S091-ADV,EMP602,Noor Baig,DEPARTMENT-014,Production & Manufacturing,POS-588,Production Technician,Professional/Mid-level,COURSE-S091-ADV,Advanced Lean Manufacturing and Continuous Improvement,Advanced,S091,Lean Manufacturing,4,86.9,Certified,Completed,2025-03-15,Yes,"Derived from actual role=Professional/Mid-level, skill proficiency=4/5, skill score=86.9, certification=Certified, skill status=Current.",DERIVED_DEMO_FROM_EXISTING_EMPLOYEE_DATA,No,2026-08-01
LEARN-EMP602-COURSE-S090-ADV,EMP602,Noor Baig,DEPARTMENT-014,Production & Manufacturing,POS-588,Production Technician,Professional/Mid-level,COURSE-S090-ADV,Advanced Preventive Maintenance and Continuous Improvement,Advanced,S090,Preventive Maintenance,4,88.5,Not Required,Completed,2026-05-15,Yes,"Derived from actual role=Professional/Mid-level, skill proficiency=4/5, skill score=88.5, certification=Not Required, skill status=Current.",DERIVED_DEMO_FROM_EXISTING_EMPLOYEE_DATA,No,2026-08-01
LEARN-EMP420-COURSE-S069-ADV,EMP420,Imran Faisal,DEPARTMENT-010,Administration & Facilities,POS-410,Senior Administration Officer,Senior/Lead,COURSE-S069-ADV,Advanced Asset Management and Decision Practice,Advanced,S069,Asset Management,4,87.9,Not Required,Completed,2026-08-15,Yes,"Derived from actual role=Senior/Lead, skill proficiency=4/5, skill score=87.9, certification=Not Required, skill status=Current.",DERIVED_DEMO_FROM_EXISTING_EMPLOYEE_DATA,No,2026-08-01
LEARN-EMP420-COURSE-S068-ADV,EMP420,Imran Faisal,DEPARTMENT-010,Administration & Facilities,POS-410,Senior Administration Officer,Senior/Lead,COURSE-S068-ADV,Advanced Vendor Coordination and Decision Practice,Advanced,S068,Vendor Coordination,4,93.4,Not Required,Completed,2025-04-15,Yes,"Derived from actual role=Senior/Lead, skill proficiency=4/5, skill score=93.4, certification=Not Required, skill status=Current.",DERIVED_DEMO_FROM_EXISTING_EMPLOYEE_DATA,No,2026-08-01
LEARN-EMP537-COURSE-S079-PRC,EMP537,Maryam Bukhari,DEPARTMENT-012,Procurement & Supply Chain,POS-525,Procurement Assistant,Junior/Assistant,COURSE-S079-PRC,Applied Contract Negotiation,Practitioner,S079,Contract Negotiation,3,82.5,Certified,Completed,2024-02-15,Yes,"Derived from actual role=Junior/Assistant, skill proficiency=3/5, skill score=82.5, certification=Certified, skill status=Current.",DERIVED_DEMO_FROM_EXISTING_EMPLOYEE_DATA,No,2026-08-01
LEARN-EMP370-COURSE-S062-ADV,EMP370,Anusha Mahmood,DEPARTMENT-009,Training & Development,POS-361,Senior Trainer,Senior/Lead,COURSE-S062-ADV,Advanced Curriculum Design and Learning Impact,Advanced,S062,Curriculum Design,5,85.6,Not Required,Completed,2026-05-15,Yes,"Derived from actual role=Senior/Lead, skill proficiency=5/5, skill score=85.6, certification=Not Required, skill status=Current.",DERIVED_DEMO_FROM_EXISTING_EMPLOYEE_DATA,No,2026-08-01
LEARN-EMP370-COURSE-S045-ADV,EMP370,Anusha Mahmood,DEPARTMENT-009,Training & Development,POS-361,Senior Trainer,Senior/Lead,COURSE-S045-ADV,Advanced Stakeholder Management for Professional Growth,Advanced,S045,Stakeholder Management,5,95.0,Certified,Completed,2024-04-15,No,"Derived from actual role=Senior/Lead, skill proficiency=5/5, skill score=95.0, certification=Certified, skill status=Current.",DERIVED_DEMO_FROM_EXISTING_EMPLOYEE_DATA,No,2026-08-01
LEARN-EMP218-COURSE-S031-PRC,EMP218,Laiba Zafar,DEPARTMENT-001,HR,POS-217,HR Assistant,Junior/Assistant,COURSE-S031-PRC,Applied Recruitment & Selection,Practitioner,S031,Recruitment & Selection,4,72.6,Certified,Completed,2025-07-15,Yes,"Derived from actual role=Junior/Assistant, skill proficiency=4/5, skill score=72.6, certification=Certified, skill status=Current.",DERIVED_DEMO_FROM_EXISTING_EMPLOYEE_DATA,No,2026-08-01
LEARN-EMP292-COURSE-S011-PRC,EMP292,Imran Mughal,DEPARTMENT-007,IT,EXEC-IT-HEAD,Head of IT,Manager/Head,COURSE-S011-PRC,Applied Incident Management,Practitioner,S011,Incident Management,5,79.2,Not Required,Completed,2025-07-15,Yes,"Derived from actual role=Manager/Head, skill proficiency=5/5, skill score=79.2, certification=Not Required, skill status=Current.",DERIVED_DEMO_FROM_EXISTING_EMPLOYEE_DATA,No,2026-08-01
LEARN-EMP292-COURSE-S010-PRC,EMP292,Imran Mughal,DEPARTMENT-007,IT,EXEC-IT-HEAD,Head of IT,Manager/Head,COURSE-S010-PRC,Applied IT Service Management,Practitioner,S010,IT Service Management,4,77.0,Planned,Completed,2026-07-15,Yes,"Derived from actual role=Manager/Head, skill proficiency=4/5, skill score=77.0, certification=Planned, skill status=Current.",DERIVED_DEMO_FROM_EXISTING_EMPLOYEE_DATA,No,2026-08-01
LEARN-EMP292-COURSE-S009-PRC,EMP292,Imran Mughal,DEPARTMENT-007,IT,EXEC-IT-HEAD,Head of IT,Manager/Head,COURSE-S009-PRC,Applied Network Administration,Practitioner,S009,Network Administration,4,76.2,Not Required,Completed,2024-01-15,Yes,"Derived from actual role=Manager/Head, skill proficiency=4/5, skill score=76.2, certification=Not Required, skill status=Current.",DERIVED_DEMO_FROM_EXISTING_EMPLOYEE_DATA,No,2026-08-01
LEARN-EMP294-COURSE-S007-ADV,EMP294,Sara Mirza,DEPARTMENT-007,IT,POS-287,IT Manager,Manager/Head,COURSE-S007-ADV,Advanced Cloud Platforms and Decision Practice,Advanced,S007,Cloud Platforms,4,87.6,Not Required,Completed,2024-05-15,Yes,"Derived from actual role=Manager/Head, skill proficiency=4/5, skill score=87.6, certification=Not Required, skill status=Current.",DERIVED_DEMO_FROM_EXISTING_EMPLOYEE_DATA,No,2026-08-01
LEARN-EMP294-COURSE-S050-ADV,EMP294,Sara Mirza,DEPARTMENT-007,IT,POS-287,IT Manager,Manager/Head,COURSE-S050-ADV,Advanced Project Management for Professional Growth,Advanced,S050,Project Management,4,82.7,Certified,Completed,2026-03-15,No,"Derived from actual role=Manager/Head, skill proficiency=4/5, skill score=82.7, certification=Certified, skill status=Current.",DERIVED_DEMO_FROM_EXISTING_EMPLOYEE_DATA,No,2026-08-01
LEARN-EMP294-COURSE-S046-ADV,EMP294,Sara Mirza,DEPARTMENT-007,IT,POS-287,IT Manager,Manager/Head,COURSE-S046-ADV,Advanced Leadership for Professional Growth,Advanced,S046,Leadership,5,91.4,Not Required,Completed,2025-07-15,No,"Derived from actual role=Manager/Head, skill proficiency=5/5, skill score=91.4, certification=Not Required, skill status=Current.",DERIVED_DEMO_FROM_EXISTING_EMPLOYEE_DATA,No,2026-08-01
LEARN-EMP649-COURSE-S093-ADV,EMP649,Fatima Raza,DEPARTMENT-015,Quality Assurance,POS-634,Quality Analyst,Professional/Mid-level,COURSE-S093-ADV,Advanced Root Cause Analysis and Continuous Improvement,Advanced,S093,Root Cause Analysis,5,82.5,Certified,Completed,2025-02-15,Yes,"Derived from actual role=Professional/Mid-level, skill proficiency=5/5, skill score=82.5, certification=Certified, skill status=Current.",DERIVED_DEMO_FROM_EXISTING_EMPLOYEE_DATA,No,2026-08-01
LEARN-EMP649-COURSE-S092-PRC,EMP649,Fatima Raza,DEPARTMENT-015,Quality Assurance,POS-634,Quality Analyst,Professional/Mid-level,COURSE-S092-PRC,Applied Quality Auditing in Operations,Practitioner,S092,Quality Auditing,4,77.8,Certified,Completed,2024-05-15,Yes,"Derived from actual role=Professional/Mid-level, skill proficiency=4/5, skill score=77.8, certification=Certified, skill status=Current.",DERIVED_DEMO_FROM_EXISTING_EMPLOYEE_DATA,No,2026-08-01
LEARN-EMP710-COURSE-S099-ADV,EMP710,Sara Hameed,DEPARTMENT-016,Research & Development,POS-694,Research Associate,Junior/Assistant,COURSE-S099-ADV,Advanced Innovation Management and Innovation Practice,Advanced,S099,Innovation Management,4,86.2,Not Required,Completed,2026-02-15,Yes,"Derived from actual role=Junior/Assistant, skill proficiency=4/5, skill score=86.2, certification=Not Required, skill status=Current.",DERIVED_DEMO_FROM_EXISTING_EMPLOYEE_DATA,No,2026-08-01
LEARN-EMP386-COURSE-S061-ADV,EMP386,Areeba Nasir,DEPARTMENT-009,Training & Development,POS-377,Learning and Development Specialist,Professional/Mid-level,COURSE-S061-ADV,Advanced Training Needs Analysis and Learning Impact,Advanced,S061,Training Needs Analysis,5,96.1,Not Required,Completed,2024-05-15,Yes,"Derived from actual role=Professional/Mid-level, skill proficiency=5/5, skill score=96.1, certification=Not Required, skill status=Current.",DERIVED_DEMO_FROM_EXISTING_EMPLOYEE_DATA,No,2026-08-01
LEARN-EMP386-COURSE-S064-ADV,EMP386,Areeba Nasir,DEPARTMENT-009,Training & Development,POS-377,Learning and Development Specialist,Professional/Mid-level,COURSE-S064-ADV,Advanced Learning Evaluation and Learning Impact,Advanced,S064,Learning Evaluation,4,91.3,Not Required,Completed,2025-08-15,Yes,"Derived from actual role=Professional/Mid-level, skill proficiency=4/5, skill score=91.3, certification=Not Required, skill status=Current.",DERIVED_DEMO_FROM_EXISTING_EMPLOYEE_DATA,No,2026-08-01
LEARN-EMP369-COURSE-S063-ADV,EMP369,Maha Rauf,DEPARTMENT-009,Training & Development,POS-360,Senior Trainer,Senior/Lead,COURSE-S063-ADV,Advanced Facilitation and Learning Impact,Advanced,S063,Facilitation,5,94.1,Certified,Completed,2024-01-15,Yes,"Derived from actual role=Senior/Lead, skill proficiency=5/5, skill score=94.1, certification=Certified, skill status=Current.",DERIVED_DEMO_FROM_EXISTING_EMPLOYEE_DATA,No,2026-08-01
LEARN-EMP369-COURSE-S042-ADV,EMP369,Maha Rauf,DEPARTMENT-009,Training & Development,POS-360,Senior Trainer,Senior/Lead,COURSE-S042-ADV,Advanced Communication for Professional Growth,Advanced,S042,Communication,5,97.1,Certified,Completed,2026-08-15,No,"Derived from actual role=Senior/Lead, skill proficiency=5/5, skill score=97.1, certification=Certified, skill status=Current.",DERIVED_DEMO_FROM_EXISTING_EMPLOYEE_DATA,No,2026-08-01
LEARN-EMP554-COURSE-S086-ADV,EMP554,Sana Rauf,DEPARTMENT-013,Logistics & Warehouse,POS-541,Senior Logistics Officer,Senior/Lead,COURSE-S086-ADV,Advanced Dispatch Coordination and Decision Practice,Advanced,S086,Dispatch Coordination,5,90.1,Not Required,Completed,2026-06-15,Yes,"Derived from actual role=Senior/Lead, skill proficiency=5/5, skill score=90.1, certification=Not Required, skill status=Current.",DERIVED_DEMO_FROM_EXISTING_EMPLOYEE_DATA,No,2026-08-01
LEARN-EMP554-COURSE-S084-PRC,EMP554,Sana Rauf,DEPARTMENT-013,Logistics & Warehouse,POS-541,Senior Logistics Officer,Senior/Lead,COURSE-S084-PRC,Applied Transport Planning,Practitioner,S084,Transport Planning,4,73.5,Not Required,Completed,2025-05-15,Yes,"Derived from actual role=Senior/Lead, skill proficiency=4/5, skill score=73.5, certification=Not Required, skill status=Current.",DERIVED_DEMO_FROM_EXISTING_EMPLOYEE_DATA,No,2026-08-01
LEARN-EMP559-COURSE-S083-ADV,EMP559,Minal Qureshi,DEPARTMENT-013,Logistics & Warehouse,POS-546,Logistics Coordinator,Professional/Mid-level,COURSE-S083-ADV,Advanced Inventory Control and Decision Practice,Advanced,S083,Inventory Control,5,100.0,Planned,Completed,2026-06-15,Yes,"Derived from actual role=Professional/Mid-level, skill proficiency=5/5, skill score=100.0, certification=Planned, skill status=Current.",DERIVED_DEMO_FROM_EXISTING_EMPLOYEE_DATA,No,2026-08-01
LEARN-EMP559-COURSE-S044-ADV,EMP559,Minal Qureshi,DEPARTMENT-013,Logistics & Warehouse,POS-546,Logistics Coordinator,Professional/Mid-level,COURSE-S044-ADV,Advanced Problem Solving for Professional Growth,Advanced,S044,Problem Solving,5,91.3,Certified,Completed,2025-07-15,No,"Derived from actual role=Professional/Mid-level, skill proficiency=5/5, skill score=91.3, certification=Certified, skill status=Current.",DERIVED_DEMO_FROM_EXISTING_EMPLOYEE_DATA,No,2026-08-01
LEARN-EMP392-COURSE-S061-PRC,EMP392,Danish Zafar,DEPARTMENT-009,Training & Development,POS-383,Training Coordinator,Junior/Assistant,COURSE-S061-PRC,Applied Training Needs Analysis for Learning Delivery,Practitioner,S061,Training Needs Analysis,3,71.7,Certified,Completed,2026-01-15,Yes,"Derived from actual role=Junior/Assistant, skill proficiency=3/5, skill score=71.7, certification=Certified, skill status=Current.",DERIVED_DEMO_FROM_EXISTING_EMPLOYEE_DATA,No,2026-08-01
LEARN-EMP042-COURSE-S037-PRC,EMP042,Amna Aslam,DEPARTMENT-004,Customer Support,POS-042,Senior Support Executive,Professional/Mid-level,COURSE-S037-PRC,Applied Customer Service,Practitioner,S037,Customer Service,4,75.6,Not Required,Completed,2025-06-15,Yes,"Derived from actual role=Professional/Mid-level, skill proficiency=4/5, skill score=75.6, certification=Not Required, skill status=Verified.",DERIVED_DEMO_FROM_EXISTING_EMPLOYEE_DATA,No,2026-08-01
LEARN-EMP042-COURSE-S040-PRC,EMP042,Amna Aslam,DEPARTMENT-004,Customer Support,POS-042,Senior Support Executive,Professional/Mid-level,COURSE-S040-PRC,Applied SLA Management,Practitioner,S040,SLA Management,4,71.8,Not Required,Completed,2024-06-15,Yes,"Derived from actual role=Professional/Mid-level, skill proficiency=4/5, skill score=71.8, certification=Not Required, skill status=Verified.",DERIVED_DEMO_FROM_EXISTING_EMPLOYEE_DATA,No,2026-08-01
LEARN-EMP380-COURSE-S062-ADV,EMP380,Maha Waheed,DEPARTMENT-009,Training & Development,POS-371,Learning and Development Specialist,Professional/Mid-level,COURSE-S062-ADV,Advanced Curriculum Design and Learning Impact,Advanced,S062,Curriculum Design,5,94.1,Not Required,Completed,2025-01-15,Yes,"Derived from actual role=Professional/Mid-level, skill proficiency=5/5, skill score=94.1, certification=Not Required, skill status=Current.",DERIVED_DEMO_FROM_EXISTING_EMPLOYEE_DATA,No,2026-08-01
LEARN-EMP380-COURSE-S061-ADV,EMP380,Maha Waheed,DEPARTMENT-009,Training & Development,POS-371,Learning and Development Specialist,Professional/Mid-level,COURSE-S061-ADV,Advanced Training Needs Analysis and Learning Impact,Advanced,S061,Training Needs Analysis,4,87.4,Not Required,Completed,2025-03-15,Yes,"Derived from actual role=Professional/Mid-level, skill proficiency=4/5, skill score=87.4, certification=Not Required, skill status=Current.",DERIVED_DEMO_FROM_EXISTING_EMPLOYEE_DATA,No,2026-08-01
LEARN-EMP431-COURSE-S042-ADV,EMP431,Noman Iqbal,DEPARTMENT-010,Administration & Facilities,POS-421,Administration Officer,Professional/Mid-level,COURSE-S042-ADV,Advanced Communication for Professional Growth,Advanced,S042,Communication,5,94.4,Certified,Completed,2026-03-15,No,"Derived from actual role=Professional/Mid-level, skill proficiency=5/5, skill score=94.4, certification=Certified, skill status=Current.",DERIVED_DEMO_FROM_EXISTING_EMPLOYEE_DATA,No,2026-08-01
LEARN-EMP431-COURSE-S066-PRC,EMP431,Noman Iqbal,DEPARTMENT-010,Administration & Facilities,POS-421,Administration Officer,Professional/Mid-level,COURSE-S066-PRC,Applied Office Administration,Practitioner,S066,Office Administration,3,70.3,Not Required,Completed,2026-02-15,Yes,"Derived from actual role=Professional/Mid-level, skill proficiency=3/5, skill score=70.3, certification=Not Required, skill status=Current.",DERIVED_DEMO_FROM_EXISTING_EMPLOYEE_DATA,No,2026-08-01
LEARN-EMP337-COURSE-S055-ADV,EMP337,Junaid Mahmood,DEPARTMENT-008,Medical Care,POS-329,Medical Officer,Professional/Mid-level,COURSE-S055-ADV,Advanced Patient Care and Patient Safety,Advanced,S055,Patient Care,5,98.0,Certified,Completed,2025-05-15,Yes,"Derived from actual role=Professional/Mid-level, skill proficiency=5/5, skill score=98.0, certification=Certified, skill status=Current.",DERIVED_DEMO_FROM_EXISTING_EMPLOYEE_DATA,No,2026-08-01
LEARN-EMP337-COURSE-S056-ADV,EMP337,Junaid Mahmood,DEPARTMENT-008,Medical Care,POS-329,Medical Officer,Professional/Mid-level,COURSE-S056-ADV,Advanced Clinical Documentation and Patient Safety,Advanced,S056,Clinical Documentation,4,93.1,Planned,Completed,2024-02-15,Yes,"Derived from actual role=Professional/Mid-level, skill proficiency=4/5, skill score=93.1, certification=Planned, skill status=Current.",DERIVED_DEMO_FROM_EXISTING_EMPLOYEE_DATA,No,2026-08-01
LEARN-EMP605-COURSE-S090-ADV,EMP605,Areeba Riaz,DEPARTMENT-014,Production & Manufacturing,POS-591,Production Technician,Professional/Mid-level,COURSE-S090-ADV,Advanced Preventive Maintenance and Continuous Improvement,Advanced,S090,Preventive Maintenance,5,90.0,Planned,Completed,2025-08-15,Yes,"Derived from actual role=Professional/Mid-level, skill proficiency=5/5, skill score=90.0, certification=Planned, skill status=Current.",DERIVED_DEMO_FROM_EXISTING_EMPLOYEE_DATA,No,2026-08-01
LEARN-EMP605-COURSE-S087-PRC,EMP605,Areeba Riaz,DEPARTMENT-014,Production & Manufacturing,POS-591,Production Technician,Professional/Mid-level,COURSE-S087-PRC,Applied Health and Safety in Operations,Practitioner,S087,Health and Safety,3,82.6,Certified,Completed,2024-05-15,Yes,"Derived from actual role=Professional/Mid-level, skill proficiency=3/5, skill score=82.6, certification=Certified, skill status=Current.",DERIVED_DEMO_FROM_EXISTING_EMPLOYEE_DATA,No,2026-08-01
LEARN-EMP435-COURSE-S068-PRC,EMP435,Kamran Sultan,DEPARTMENT-010,Administration & Facilities,POS-425,Administrative Assistant,Junior/Assistant,COURSE-S068-PRC,Applied Vendor Coordination,Practitioner,S068,Vendor Coordination,4,79.2,Planned,Completed,2024-07-15,Yes,"Derived from actual role=Junior/Assistant, skill proficiency=4/5, skill score=79.2, certification=Planned, skill status=Current.",DERIVED_DEMO_FROM_EXISTING_EMPLOYEE_DATA,No,2026-08-01
LEARN-EMP595-COURSE-S090-PRC,EMP595,Noman Dar,DEPARTMENT-014,Production & Manufacturing,POS-581,Senior Production Supervisor,Senior/Lead,COURSE-S090-PRC,Applied Preventive Maintenance in Operations,Practitioner,S090,Preventive Maintenance,4,80.2,Certified,Completed,2026-08-15,Yes,"Derived from actual role=Senior/Lead, skill proficiency=4/5, skill score=80.2, certification=Certified, skill status=Current.",DERIVED_DEMO_FROM_EXISTING_EMPLOYEE_DATA,No,2026-08-01
LEARN-EMP595-COURSE-S091-ADV,EMP595,Noman Dar,DEPARTMENT-014,Production & Manufacturing,POS-581,Senior Production Supervisor,Senior/Lead,COURSE-S091-ADV,Advanced Lean Manufacturing and Continuous Improvement,Advanced,S091,Lean Manufacturing,5,100.0,Not Required,Completed,2026-07-15,Yes,"Derived from actual role=Senior/Lead, skill proficiency=5/5, skill score=100.0, certification=Not Required, skill status=Current.",DERIVED_DEMO_FROM_EXISTING_EMPLOYEE_DATA,No,2026-08-01
LEARN-EMP062-COURSE-S014-ADV,EMP062,Fahad Dar,DEPARTMENT-003,Sales,POS-062,Account Manager,Professional/Mid-level,COURSE-S014-ADV,Advanced Negotiation for Professional Growth,Advanced,S014,Negotiation,5,97.8,Not Required,Completed,2025-03-15,Yes,"Derived from actual role=Professional/Mid-level, skill proficiency=5/5, skill score=97.8, certification=Not Required, skill status=Verified.",DERIVED_DEMO_FROM_EXISTING_EMPLOYEE_DATA,No,2026-08-01
LEARN-EMP062-COURSE-S016-PRC,EMP062,Fahad Dar,DEPARTMENT-003,Sales,POS-062,Account Manager,Professional/Mid-level,COURSE-S016-PRC,Applied Account Management,Practitioner,S016,Account Management,4,79.1,Not Required,Completed,2026-05-15,Yes,"Derived from actual role=Professional/Mid-level, skill proficiency=4/5, skill score=79.1, certification=Not Required, skill status=Verified.",DERIVED_DEMO_FROM_EXISTING_EMPLOYEE_DATA,No,2026-08-01
LEARN-EMP482-COURSE-S071-PRC,EMP482,Danish Malik,DEPARTMENT-011,Legal & Compliance,POS-471,Legal Assistant,Junior/Assistant,COURSE-S071-PRC,Applied Contract Review,Practitioner,S071,Contract Review,4,76.1,Not Required,Completed,2024-06-15,Yes,"Derived from actual role=Junior/Assistant, skill proficiency=4/5, skill score=76.1, certification=Not Required, skill status=Current.",DERIVED_DEMO_FROM_EXISTING_EMPLOYEE_DATA,No,2026-08-01
LEARN-EMP208-COURSE-S031-ADV,EMP208,Omar Rauf,DEPARTMENT-001,HR,POS-207,HR Officer,Professional/Mid-level,COURSE-S031-ADV,Advanced Recruitment & Selection and Decision Practice,Advanced,S031,Recruitment & Selection,5,93.1,Certified,Completed,2024-06-15,Yes,"Derived from actual role=Professional/Mid-level, skill proficiency=5/5, skill score=93.1, certification=Certified, skill status=Current.",DERIVED_DEMO_FROM_EXISTING_EMPLOYEE_DATA,No,2026-08-01
LEARN-EMP208-COURSE-S033-ADV,EMP208,Omar Rauf,DEPARTMENT-001,HR,POS-207,HR Officer,Professional/Mid-level,COURSE-S033-ADV,Advanced Performance Management and Decision Practice,Advanced,S033,Performance Management,5,96.1,Not Required,Completed,2025-02-15,Yes,"Derived from actual role=Professional/Mid-level, skill proficiency=5/5, skill score=96.1, certification=Not Required, skill status=Current.",DERIVED_DEMO_FROM_EXISTING_EMPLOYEE_DATA,No,2026-08-01
LEARN-EMP522-COURSE-S077-ADV,EMP522,Nida Riaz,DEPARTMENT-012,Procurement & Supply Chain,POS-510,Procurement Officer,Professional/Mid-level,COURSE-S077-ADV,Advanced Purchase Order Management and Decision Practice,Advanced,S077,Purchase Order Management,4,86.7,Certified,Completed,2024-02-15,Yes,"Derived from actual role=Professional/Mid-level, skill proficiency=4/5, skill score=86.7, certification=Certified, skill status=Current.",DERIVED_DEMO_FROM_EXISTING_EMPLOYEE_DATA,No,2026-08-01
LEARN-EMP522-COURSE-S046-ADV,EMP522,Nida Riaz,DEPARTMENT-012,Procurement & Supply Chain,POS-510,Procurement Officer,Professional/Mid-level,COURSE-S046-ADV,Advanced Leadership for Professional Growth,Advanced,S046,Leadership,5,100.0,Not Required,Completed,2025-08-15,No,"Derived from actual role=Professional/Mid-level, skill proficiency=5/5, skill score=100.0, certification=Not Required, skill status=Current.",DERIVED_DEMO_FROM_EXISTING_EMPLOYEE_DATA,No,2026-08-01
LEARN-EMP648-COURSE-S095-ADV,EMP648,Kashif Hashmi,DEPARTMENT-015,Quality Assurance,POS-633,Quality Analyst,Professional/Mid-level,COURSE-S095-ADV,Advanced Statistical Process Control and Continuous Improvement,Advanced,S095,Statistical Process Control,4,82.3,Planned,Completed,2025-02-15,Yes,"Derived from actual role=Professional/Mid-level, skill proficiency=4/5, skill score=82.3, certification=Planned, skill status=Current.",DERIVED_DEMO_FROM_EXISTING_EMPLOYEE_DATA,No,2026-08-01
LEARN-EMP648-COURSE-S093-PRC,EMP648,Kashif Hashmi,DEPARTMENT-015,Quality Assurance,POS-633,Quality Analyst,Professional/Mid-level,COURSE-S093-PRC,Applied Root Cause Analysis in Operations,Practitioner,S093,Root Cause Analysis,3,79.8,Certified,Completed,2024-07-15,Yes,"Derived from actual role=Professional/Mid-level, skill proficiency=3/5, skill score=79.8, certification=Certified, skill status=Current.",DERIVED_DEMO_FROM_EXISTING_EMPLOYEE_DATA,No,2026-08-01
LEARN-EMP125-COURSE-S016-ADV,EMP125,Fatima Zafar,DEPARTMENT-003,Sales,POS-125,Senior Account Manager,Senior/Lead,COURSE-S016-ADV,Advanced Account Management and Decision Practice,Advanced,S016,Account Management,5,98.8,Not Required,Completed,2026-04-15,Yes,"Derived from actual role=Senior/Lead, skill proficiency=5/5, skill score=98.8, certification=Not Required, skill status=Verified.",DERIVED_DEMO_FROM_EXISTING_EMPLOYEE_DATA,No,2026-08-01
LEARN-EMP125-COURSE-S014-ADV,EMP125,Fatima Zafar,DEPARTMENT-003,Sales,POS-125,Senior Account Manager,Senior/Lead,COURSE-S014-ADV,Advanced Negotiation for Professional Growth,Advanced,S014,Negotiation,5,93.3,Not Required,Completed,2025-06-15,Yes,"Derived from actual role=Senior/Lead, skill proficiency=5/5, skill score=93.3, certification=Not Required, skill status=Verified.",DERIVED_DEMO_FROM_EXISTING_EMPLOYEE_DATA,No,2026-08-01
LEARN-EMP480-COURSE-S072-FND,EMP480,Ahmed Saeed,DEPARTMENT-011,Legal & Compliance,POS-469,Legal Assistant,Junior/Assistant,COURSE-S072-FND,Regulatory Compliance Fundamentals,Foundation,S072,Regulatory Compliance,3,65.6,Certified,Completed,2026-06-15,Yes,"Derived from actual role=Junior/Assistant, skill proficiency=3/5, skill score=65.6, certification=Certified, skill status=Current.",DERIVED_DEMO_FROM_EXISTING_EMPLOYEE_DATA,No,2026-08-01
LEARN-EMP489-COURSE-S074-ADV,EMP489,Sara Zafar,DEPARTMENT-011,Legal & Compliance,POS-478,Legal Assistant,Junior/Assistant,COURSE-S074-ADV,Advanced Legal Research and Decision Practice,Advanced,S074,Legal Research,4,87.3,Certified,Completed,2026-02-15,Yes,"Derived from actual role=Junior/Assistant, skill proficiency=4/5, skill score=87.3, certification=Certified, skill status=Current.",DERIVED_DEMO_FROM_EXISTING_EMPLOYEE_DATA,No,2026-08-01
LEARN-EMP666-COURSE-S093-ADV,EMP666,Saad Hashmi,DEPARTMENT-015,Quality Assurance,POS-651,Quality Inspector,Junior/Assistant,COURSE-S093-ADV,Advanced Root Cause Analysis and Continuous Improvement,Advanced,S093,Root Cause Analysis,4,95.0,Planned,Completed,2024-02-15,Yes,"Derived from actual role=Junior/Assistant, skill proficiency=4/5, skill score=95.0, certification=Planned, skill status=Current.",DERIVED_DEMO_FROM_EXISTING_EMPLOYEE_DATA,No,2026-08-01
LEARN-EMP270-COURSE-S003-ADV,EMP270,Laiba Saeed,DEPARTMENT-005,Engineering,POS-265,Senior Software Engineer,Senior/Lead,COURSE-S003-ADV,Advanced API Development and Decision Practice,Advanced,S003,API Development,5,86.1,Certified,Completed,2024-08-15,Yes,"Derived from actual role=Senior/Lead, skill proficiency=5/5, skill score=86.1, certification=Certified, skill status=Current.",DERIVED_DEMO_FROM_EXISTING_EMPLOYEE_DATA,No,2026-08-01
LEARN-EMP270-COURSE-S001-ADV,EMP270,Laiba Saeed,DEPARTMENT-005,Engineering,POS-265,Senior Software Engineer,Senior/Lead,COURSE-S001-ADV,Advanced Python Programming and Decision Practice,Advanced,S001,Python Programming,4,88.6,Not Required,Completed,2025-02-15,Yes,"Derived from actual role=Senior/Lead, skill proficiency=4/5, skill score=88.6, certification=Not Required, skill status=Current.",DERIVED_DEMO_FROM_EXISTING_EMPLOYEE_DATA,No,2026-08-01
LEARN-EMP008-COURSE-S028-ADV,EMP008,Iqra Bashir,DEPARTMENT-002,Finance,POS-008,Finance Manager,Manager/Head,COURSE-S028-ADV,Advanced Regulatory Reporting and Decision Practice,Advanced,S028,Regulatory Reporting,5,85.5,Certified,Completed,2024-05-15,Yes,"Derived from actual role=Manager/Head, skill proficiency=5/5, skill score=85.5, certification=Certified, skill status=Verified.",DERIVED_DEMO_FROM_EXISTING_EMPLOYEE_DATA,No,2026-08-01
LEARN-EMP008-COURSE-S045-ADV,EMP008,Iqra Bashir,DEPARTMENT-002,Finance,POS-008,Finance Manager,Manager/Head,COURSE-S045-ADV,Advanced Stakeholder Management for Professional Growth,Advanced,S045,Stakeholder Management,5,88.1,Not Required,Completed,2024-04-15,Yes,"Derived from actual role=Manager/Head, skill proficiency=5/5, skill score=88.1, certification=Not Required, skill status=Verified.",DERIVED_DEMO_FROM_EXISTING_EMPLOYEE_DATA,No,2026-08-01
LEARN-EMP008-COURSE-S046-ADV,EMP008,Iqra Bashir,DEPARTMENT-002,Finance,POS-008,Finance Manager,Manager/Head,COURSE-S046-ADV,Advanced Leadership for Professional Growth,Advanced,S046,Leadership,5,84.4,Not Required,Completed,2026-03-15,Yes,"Derived from actual role=Manager/Head, skill proficiency=5/5, skill score=84.4, certification=Not Required, skill status=Developing.",DERIVED_DEMO_FROM_EXISTING_EMPLOYEE_DATA,No,2026-08-01
LEARN-EMP497-COURSE-S076-ADV,EMP497,Talha Riaz,DEPARTMENT-012,Procurement & Supply Chain,POS-485,Procurement Manager,Manager/Head,COURSE-S076-ADV,Advanced Strategic Sourcing and Decision Practice,Advanced,S076,Strategic Sourcing,4,83.8,Planned,Completed,2025-02-15,Yes,"Derived from actual role=Manager/Head, skill proficiency=4/5, skill score=83.8, certification=Planned, skill status=Current.",DERIVED_DEMO_FROM_EXISTING_EMPLOYEE_DATA,No,2026-08-01
LEARN-EMP497-COURSE-S080-ADV,EMP497,Talha Riaz,DEPARTMENT-012,Procurement & Supply Chain,POS-485,Procurement Manager,Manager/Head,COURSE-S080-ADV,Advanced Inventory Planning and Decision Practice,Advanced,S080,Inventory Planning,4,84.9,Not Required,Completed,2026-03-15,Yes,"Derived from actual role=Manager/Head, skill proficiency=4/5, skill score=84.9, certification=Not Required, skill status=Current.",DERIVED_DEMO_FROM_EXISTING_EMPLOYEE_DATA,No,2026-08-01
LEARN-EMP497-COURSE-S023-ADV,EMP497,Talha Riaz,DEPARTMENT-012,Procurement & Supply Chain,POS-485,Procurement Manager,Manager/Head,COURSE-S023-ADV,Advanced Risk & Controls and Decision Practice,Advanced,S023,Risk & Controls,5,96.5,Not Required,Completed,2025-06-15,No,"Derived from actual role=Manager/Head, skill proficiency=5/5, skill score=96.5, certification=Not Required, skill status=Current.",DERIVED_DEMO_FROM_EXISTING_EMPLOYEE_DATA,No,2026-08-01
LEARN-EMP470-COURSE-S071-PRC,EMP470,Anam Javed,DEPARTMENT-011,Legal & Compliance,POS-459,Compliance Analyst,Professional/Mid-level,COURSE-S071-PRC,Applied Contract Review,Practitioner,S071,Contract Review,3,86.5,Certified,Completed,2024-07-15,Yes,"Derived from actual role=Professional/Mid-level, skill proficiency=3/5, skill score=86.5, certification=Certified, skill status=Current.",DERIVED_DEMO_FROM_EXISTING_EMPLOYEE_DATA,No,2026-08-01
LEARN-EMP470-COURSE-S075-ADV,EMP470,Anam Javed,DEPARTMENT-011,Legal & Compliance,POS-459,Compliance Analyst,Professional/Mid-level,COURSE-S075-ADV,Advanced Case Management and Decision Practice,Advanced,S075,Case Management,4,94.0,Not Required,Completed,2024-05-15,Yes,"Derived from actual role=Professional/Mid-level, skill proficiency=4/5, skill score=94.0, certification=Not Required, skill status=Current.",DERIVED_DEMO_FROM_EXISTING_EMPLOYEE_DATA,No,2026-08-01
LEARN-EMP310-COURSE-S008-FND,EMP310,Maryam Chaudhry,DEPARTMENT-007,IT,POS-303,IT Support Technician,Junior/Assistant,COURSE-S008-FND,Cybersecurity Fundamentals,Foundation,S008,Cybersecurity,2,77.4,Certified,Completed,2025-04-15,Yes,"Derived from actual role=Junior/Assistant, skill proficiency=2/5, skill score=77.4, certification=Certified, skill status=Developing.",DERIVED_DEMO_FROM_EXISTING_EMPLOYEE_DATA,No,2026-08-01
LEARN-EMP695-COURSE-S046-ADV,EMP695,Noman Hameed,DEPARTMENT-016,Research & Development,POS-679,Research Analyst,Professional/Mid-level,COURSE-S046-ADV,Advanced Leadership for Professional Growth,Advanced,S046,Leadership,5,100.0,Not Required,Completed,2025-02-15,No,"Derived from actual role=Professional/Mid-level, skill proficiency=5/5, skill score=100.0, certification=Not Required, skill status=Current.",DERIVED_DEMO_FROM_EXISTING_EMPLOYEE_DATA,No,2026-08-01
LEARN-EMP695-COURSE-S053-ADV,EMP695,Noman Hameed,DEPARTMENT-016,Research & Development,POS-679,Research Analyst,Professional/Mid-level,COURSE-S053-ADV,Advanced Documentation for Professional Growth,Advanced,S053,Documentation,5,95.9,Not Required,Completed,2026-05-15,No,"Derived from actual role=Professional/Mid-level, skill proficiency=5/5, skill score=95.9, certification=Not Required, skill status=Current.",DERIVED_DEMO_FROM_EXISTING_EMPLOYEE_DATA,No,2026-08-01
LEARN-EMP708-COURSE-S097-PRC,EMP708,Maryam Akhtar,DEPARTMENT-016,Research & Development,POS-692,Research Associate,Junior/Assistant,COURSE-S097-PRC,Applied Experimental Design for R&D,Practitioner,S097,Experimental Design,4,73.6,Planned,Completed,2026-05-15,Yes,"Derived from actual role=Junior/Assistant, skill proficiency=4/5, skill score=73.6, certification=Planned, skill status=Current.",DERIVED_DEMO_FROM_EXISTING_EMPLOYEE_DATA,No,2026-08-01
LEARN-EMP581-COURSE-S086-PRC,EMP581,Noor Khalid,DEPARTMENT-013,Logistics & Warehouse,POS-568,Warehouse Assistant,Junior/Assistant,COURSE-S086-PRC,Applied Dispatch Coordination,Practitioner,S086,Dispatch Coordination,4,80.3,Not Required,Completed,2025-03-15,Yes,"Derived from actual role=Junior/Assistant, skill proficiency=4/5, skill score=80.3, certification=Not Required, skill status=Current.",DERIVED_DEMO_FROM_EXISTING_EMPLOYEE_DATA,No,2026-08-01
LEARN-EMP329-COURSE-S058-PRC,EMP329,Ali Aziz,DEPARTMENT-008,Medical Care,POS-321,Senior Medical Officer,Senior/Lead,COURSE-S058-PRC,Applied Infection Prevention in Clinical Practice,Practitioner,S058,Infection Prevention,3,81.3,Certified,Completed,2025-04-15,Yes,"Derived from actual role=Senior/Lead, skill proficiency=3/5, skill score=81.3, certification=Certified, skill status=Current.",DERIVED_DEMO_FROM_EXISTING_EMPLOYEE_DATA,No,2026-08-01
LEARN-EMP329-COURSE-S056-PRC,EMP329,Ali Aziz,DEPARTMENT-008,Medical Care,POS-321,Senior Medical Officer,Senior/Lead,COURSE-S056-PRC,Applied Clinical Documentation in Clinical Practice,Practitioner,S056,Clinical Documentation,3,70.4,Certified,Completed,2026-01-15,Yes,"Derived from actual role=Senior/Lead, skill proficiency=3/5, skill score=70.4, certification=Certified, skill status=Current.",DERIVED_DEMO_FROM_EXISTING_EMPLOYEE_DATA,No,2026-08-01
LEARN-EMP156-COURSE-S001-ADV,EMP156,Asad Malik,DEPARTMENT-005,Engineering,POS-156,Software Engineer II,Professional/Mid-level,COURSE-S001-ADV,Advanced Python Programming and Decision Practice,Advanced,S001,Python Programming,4,89.0,Not Required,Completed,2024-07-15,Yes,"Derived from actual role=Professional/Mid-level, skill proficiency=4/5, skill score=89.0, certification=Not Required, skill status=Verified.",DERIVED_DEMO_FROM_EXISTING_EMPLOYEE_DATA,No,2026-08-01
LEARN-EMP156-COURSE-S003-ADV,EMP156,Asad Malik,DEPARTMENT-005,Engineering,POS-156,Software Engineer II,Professional/Mid-level,COURSE-S003-ADV,Advanced API Development and Decision Practice,Advanced,S003,API Development,4,85.8,Not Required,Completed,2026-05-15,Yes,"Derived from actual role=Professional/Mid-level, skill proficiency=4/5, skill score=85.8, certification=Not Required, skill status=Verified.",DERIVED_DEMO_FROM_EXISTING_EMPLOYEE_DATA,No,2026-08-01
LEARN-EMP296-COURSE-S007-ADV,EMP296,Fahad Aziz,DEPARTMENT-007,IT,POS-289,Senior Systems Engineer,Senior/Lead,COURSE-S007-ADV,Advanced Cloud Platforms and Decision Practice,Advanced,S007,Cloud Platforms,4,83.0,Planned,Completed,2026-01-15,Yes,"Derived from actual role=Senior/Lead, skill proficiency=4/5, skill score=83.0, certification=Planned, skill status=Current.",DERIVED_DEMO_FROM_EXISTING_EMPLOYEE_DATA,No,2026-08-01
LEARN-EMP296-COURSE-S050-ADV,EMP296,Fahad Aziz,DEPARTMENT-007,IT,POS-289,Senior Systems Engineer,Senior/Lead,COURSE-S050-ADV,Advanced Project Management for Professional Growth,Advanced,S050,Project Management,5,92.5,Certified,Completed,2025-01-15,No,"Derived from actual role=Senior/Lead, skill proficiency=5/5, skill score=92.5, certification=Certified, skill status=Current.",DERIVED_DEMO_FROM_EXISTING_EMPLOYEE_DATA,No,2026-08-01
LEARN-EMP598-COURSE-S089-ADV,EMP598,Asad Riaz,DEPARTMENT-014,Production & Manufacturing,POS-584,Senior Production Supervisor,Senior/Lead,COURSE-S089-ADV,Advanced Machine Operation and Continuous Improvement,Advanced,S089,Machine Operation,4,89.7,Planned,Completed,2026-08-15,Yes,"Derived from actual role=Senior/Lead, skill proficiency=4/5, skill score=89.7, certification=Planned, skill status=Current.",DERIVED_DEMO_FROM_EXISTING_EMPLOYEE_DATA,No,2026-08-01
LEARN-EMP598-COURSE-S088-ADV,EMP598,Asad Riaz,DEPARTMENT-014,Production & Manufacturing,POS-584,Senior Production Supervisor,Senior/Lead,COURSE-S088-ADV,Advanced Production Planning and Continuous Improvement,Advanced,S088,Production Planning,4,87.3,Planned,Completed,2024-05-15,Yes,"Derived from actual role=Senior/Lead, skill proficiency=4/5, skill score=87.3, certification=Planned, skill status=Current.",DERIVED_DEMO_FROM_EXISTING_EMPLOYEE_DATA,No,2026-08-01
LEARN-EMP324-COURSE-S054-ADV,EMP324,Waqas Farooq,DEPARTMENT-008,Medical Care,POS-316,Senior Medical Officer,Senior/Lead,COURSE-S054-ADV,Advanced Clinical Assessment and Patient Safety,Advanced,S054,Clinical Assessment,5,91.5,Not Required,Completed,2025-07-15,Yes,"Derived from actual role=Senior/Lead, skill proficiency=5/5, skill score=91.5, certification=Not Required, skill status=Current.",DERIVED_DEMO_FROM_EXISTING_EMPLOYEE_DATA,No,2026-08-01
LEARN-EMP324-COURSE-S058-ADV,EMP324,Waqas Farooq,DEPARTMENT-008,Medical Care,POS-316,Senior Medical Officer,Senior/Lead,COURSE-S058-ADV,Advanced Infection Prevention and Patient Safety,Advanced,S058,Infection Prevention,4,86.7,Certified,Completed,2024-03-15,Yes,"Derived from actual role=Senior/Lead, skill proficiency=4/5, skill score=86.7, certification=Certified, skill status=Current.",DERIVED_DEMO_FROM_EXISTING_EMPLOYEE_DATA,No,2026-08-01
LEARN-EMP342-COURSE-S056-ADV,EMP342,Maha Mughal,DEPARTMENT-008,Medical Care,POS-334,Medical Officer,Professional/Mid-level,COURSE-S056-ADV,Advanced Clinical Documentation and Patient Safety,Advanced,S056,Clinical Documentation,4,93.4,Planned,Completed,2024-05-15,Yes,"Derived from actual role=Professional/Mid-level, skill proficiency=4/5, skill score=93.4, certification=Planned, skill status=Current.",DERIVED_DEMO_FROM_EXISTING_EMPLOYEE_DATA,No,2026-08-01
LEARN-EMP342-COURSE-S059-ADV,EMP342,Maha Mughal,DEPARTMENT-008,Medical Care,POS-334,Medical Officer,Professional/Mid-level,COURSE-S059-ADV,Advanced Emergency Response and Patient Safety,Advanced,S059,Emergency Response,5,91.9,Not Required,Completed,2025-01-15,No,"Derived from actual role=Professional/Mid-level, skill proficiency=5/5, skill score=91.9, certification=Not Required, skill status=Current.",DERIVED_DEMO_FROM_EXISTING_EMPLOYEE_DATA,No,2026-08-01
LEARN-EMP391-COURSE-S064-FND,EMP391,Zainab Aslam,DEPARTMENT-009,Training & Development,POS-382,Training Coordinator,Junior/Assistant,COURSE-S064-FND,Learning Evaluation Fundamentals,Foundation,S064,Learning Evaluation,2,68.2,Certified,Completed,2026-02-15,Yes,"Derived from actual role=Junior/Assistant, skill proficiency=2/5, skill score=68.2, certification=Certified, skill status=Developing.",DERIVED_DEMO_FROM_EXISTING_EMPLOYEE_DATA,No,2026-08-01
LEARN-EMP424-COURSE-S067-ADV,EMP424,Omar Hameed,DEPARTMENT-010,Administration & Facilities,POS-414,Administration Officer,Professional/Mid-level,COURSE-S067-ADV,Advanced Facilities Management and Decision Practice,Advanced,S067,Facilities Management,5,93.3,Certified,Completed,2024-06-15,Yes,"Derived from actual role=Professional/Mid-level, skill proficiency=5/5, skill score=93.3, certification=Certified, skill status=Current.",DERIVED_DEMO_FROM_EXISTING_EMPLOYEE_DATA,No,2026-08-01
LEARN-EMP424-COURSE-S068-PRC,EMP424,Omar Hameed,DEPARTMENT-010,Administration & Facilities,POS-414,Administration Officer,Professional/Mid-level,COURSE-S068-PRC,Applied Vendor Coordination,Practitioner,S068,Vendor Coordination,3,72.7,Not Required,Completed,2025-04-15,Yes,"Derived from actual role=Professional/Mid-level, skill proficiency=3/5, skill score=72.7, certification=Not Required, skill status=Current.",DERIVED_DEMO_FROM_EXISTING_EMPLOYEE_DATA,No,2026-08-01
LEARN-EMP561-COURSE-S086-ADV,EMP561,Maryam Waheed,DEPARTMENT-013,Logistics & Warehouse,POS-548,Logistics Coordinator,Professional/Mid-level,COURSE-S086-ADV,Advanced Dispatch Coordination and Decision Practice,Advanced,S086,Dispatch Coordination,5,88.3,Certified,Completed,2026-08-15,Yes,"Derived from actual role=Professional/Mid-level, skill proficiency=5/5, skill score=88.3, certification=Certified, skill status=Current.",DERIVED_DEMO_FROM_EXISTING_EMPLOYEE_DATA,No,2026-08-01
LEARN-EMP561-COURSE-S083-PRC,EMP561,Maryam Waheed,DEPARTMENT-013,Logistics & Warehouse,POS-548,Logistics Coordinator,Professional/Mid-level,COURSE-S083-PRC,Applied Inventory Control,Practitioner,S083,Inventory Control,3,81.8,Certified,Completed,2025-01-15,Yes,"Derived from actual role=Professional/Mid-level, skill proficiency=3/5, skill score=81.8, certification=Certified, skill status=Current.",DERIVED_DEMO_FROM_EXISTING_EMPLOYEE_DATA,No,2026-08-01
LEARN-EMP544-COURSE-S083-PRC,EMP544,Bilal Ansari,DEPARTMENT-013,Logistics & Warehouse,POS-531,Logistics Manager,Manager/Head,COURSE-S083-PRC,Applied Inventory Control,Practitioner,S083,Inventory Control,4,75.7,Not Required,Completed,2024-02-15,Yes,"Derived from actual role=Manager/Head, skill proficiency=4/5, skill score=75.7, certification=Not Required, skill status=Current.",DERIVED_DEMO_FROM_EXISTING_EMPLOYEE_DATA,No,2026-08-01
LEARN-EMP544-COURSE-S087-ADV,EMP544,Bilal Ansari,DEPARTMENT-013,Logistics & Warehouse,POS-531,Logistics Manager,Manager/Head,COURSE-S087-ADV,Advanced Health and Safety and Continuous Improvement,Advanced,S087,Health and Safety,5,100.0,Not Required,Completed,2025-03-15,No,"Derived from actual role=Manager/Head, skill proficiency=5/5, skill score=100.0, certification=Not Required, skill status=Current.",DERIVED_DEMO_FROM_EXISTING_EMPLOYEE_DATA,No,2026-08-01
LEARN-EMP544-COURSE-S020-ADV,EMP544,Bilal Ansari,DEPARTMENT-013,Logistics & Warehouse,POS-531,Logistics Manager,Manager/Head,COURSE-S020-ADV,Advanced SOP Compliance and Decision Practice,Advanced,S020,SOP Compliance,4,82.7,Not Required,Completed,2024-04-15,No,"Derived from actual role=Manager/Head, skill proficiency=4/5, skill score=82.7, certification=Not Required, skill status=Current.",DERIVED_DEMO_FROM_EXISTING_EMPLOYEE_DATA,No,2026-08-01
LEARN-EMP524-COURSE-S077-ADV,EMP524,Sidra Siddiqui,DEPARTMENT-012,Procurement & Supply Chain,POS-512,Procurement Officer,Professional/Mid-level,COURSE-S077-ADV,Advanced Purchase Order Management and Decision Practice,Advanced,S077,Purchase Order Management,5,93.8,Not Required,Completed,2026-07-15,Yes,"Derived from actual role=Professional/Mid-level, skill proficiency=5/5, skill score=93.8, certification=Not Required, skill status=Current.",DERIVED_DEMO_FROM_EXISTING_EMPLOYEE_DATA,No,2026-08-01
LEARN-EMP524-COURSE-S080-ADV,EMP524,Sidra Siddiqui,DEPARTMENT-012,Procurement & Supply Chain,POS-512,Procurement Officer,Professional/Mid-level,COURSE-S080-ADV,Advanced Inventory Planning and Decision Practice,Advanced,S080,Inventory Planning,5,100.0,Planned,Completed,2025-04-15,Yes,"Derived from actual role=Professional/Mid-level, skill proficiency=5/5, skill score=100.0, certification=Planned, skill status=Current.",DERIVED_DEMO_FROM_EXISTING_EMPLOYEE_DATA,No,2026-08-01
LEARN-EMP572-COURSE-S083-ADV,EMP572,Farhan Iqbal,DEPARTMENT-013,Logistics & Warehouse,POS-559,Warehouse Assistant,Junior/Assistant,COURSE-S083-ADV,Advanced Inventory Control and Decision Practice,Advanced,S083,Inventory Control,4,94.6,Not Required,Completed,2024-08-15,Yes,"Derived from actual role=Junior/Assistant, skill proficiency=4/5, skill score=94.6, certification=Not Required, skill status=Current.",DERIVED_DEMO_FROM_EXISTING_EMPLOYEE_DATA,No,2026-08-01
LEARN-EMP355-COURSE-S057-ADV,EMP355,Saad Shah,DEPARTMENT-008,Medical Care,POS-347,Junior Medical Officer,Junior/Assistant,COURSE-S057-ADV,Advanced Medication Safety and Patient Safety,Advanced,S057,Medication Safety,4,90.5,Not Required,Completed,2026-06-15,Yes,"Derived from actual role=Junior/Assistant, skill proficiency=4/5, skill score=90.5, certification=Not Required, skill status=Current.",DERIVED_DEMO_FROM_EXISTING_EMPLOYEE_DATA,No,2026-08-01
LEARN-EMP615-COURSE-S087-ADV,EMP615,Waqas Munir,DEPARTMENT-014,Production & Manufacturing,POS-601,Production Operator,Junior/Assistant,COURSE-S087-ADV,Advanced Health and Safety and Continuous Improvement,Advanced,S087,Health and Safety,4,88.2,Not Required,Completed,2024-02-15,Yes,"Derived from actual role=Junior/Assistant, skill proficiency=4/5, skill score=88.2, certification=Not Required, skill status=Current.",DERIVED_DEMO_FROM_EXISTING_EMPLOYEE_DATA,No,2026-08-01
LEARN-EMP549-COURSE-S086-ADV,EMP549,Saba Saeed,DEPARTMENT-013,Logistics & Warehouse,POS-536,Senior Logistics Officer,Senior/Lead,COURSE-S086-ADV,Advanced Dispatch Coordination and Decision Practice,Advanced,S086,Dispatch Coordination,5,100.0,Planned,Completed,2025-07-15,Yes,"Derived from actual role=Senior/Lead, skill proficiency=5/5, skill score=100.0, certification=Planned, skill status=Current.",DERIVED_DEMO_FROM_EXISTING_EMPLOYEE_DATA,No,2026-08-01
LEARN-EMP549-COURSE-S084-PRC,EMP549,Saba Saeed,DEPARTMENT-013,Logistics & Warehouse,POS-536,Senior Logistics Officer,Senior/Lead,COURSE-S084-PRC,Applied Transport Planning,Practitioner,S084,Transport Planning,3,72.2,Certified,Completed,2025-03-15,Yes,"Derived from actual role=Senior/Lead, skill proficiency=3/5, skill score=72.2, certification=Certified, skill status=Current.",DERIVED_DEMO_FROM_EXISTING_EMPLOYEE_DATA,No,2026-08-01
LEARN-EMP291-COURSE-S020-PRC,EMP291,Raza Khan,DEPARTMENT-006,Operations,POS-285,Operations Intern,Intern/Trainee,COURSE-S020-PRC,Applied SOP Compliance,Practitioner,S020,SOP Compliance,3,78.9,Not Required,Completed,2025-03-15,Yes,"Derived from actual role=Intern/Trainee, skill proficiency=3/5, skill score=78.9, certification=Not Required, skill status=Current.",DERIVED_DEMO_FROM_EXISTING_EMPLOYEE_DATA,No,2026-08-01
LEARN-EMP288-COURSE-S020-ADV,EMP288,Hira Chaudhry,DEPARTMENT-006,Operations,POS-282,Operations Officer,Professional/Mid-level,COURSE-S020-ADV,Advanced SOP Compliance and Decision Practice,Advanced,S020,SOP Compliance,5,86.7,Certified,Completed,2025-02-15,Yes,"Derived from actual role=Professional/Mid-level, skill proficiency=5/5, skill score=86.7, certification=Certified, skill status=Current.",DERIVED_DEMO_FROM_EXISTING_EMPLOYEE_DATA,No,2026-08-01
LEARN-EMP288-COURSE-S021-ADV,EMP288,Hira Chaudhry,DEPARTMENT-006,Operations,POS-282,Operations Officer,Professional/Mid-level,COURSE-S021-ADV,Advanced Process Improvement and Decision Practice,Advanced,S021,Process Improvement,5,100.0,Certified,Completed,2024-03-15,Yes,"Derived from actual role=Professional/Mid-level, skill proficiency=5/5, skill score=100.0, certification=Certified, skill status=Current.",DERIVED_DEMO_FROM_EXISTING_EMPLOYEE_DATA,No,2026-08-01
LEARN-EMP241-COURSE-S027-ADV,EMP241,Mahnoor Hameed,DEPARTMENT-002,Finance,POS-239,Accounts Assistant,Junior/Assistant,COURSE-S027-ADV,Advanced Budgeting & Forecasting and Decision Practice,Advanced,S027,Budgeting & Forecasting,4,86.5,Not Required,Completed,2026-07-15,Yes,"Derived from actual role=Junior/Assistant, skill proficiency=4/5, skill score=86.5, certification=Not Required, skill status=Current.",DERIVED_DEMO_FROM_EXISTING_EMPLOYEE_DATA,No,2026-08-01
LEARN-EMP325-COURSE-S056-ADV,EMP325,Eman Iqbal,DEPARTMENT-008,Medical Care,POS-317,Senior Medical Officer,Senior/Lead,COURSE-S056-ADV,Advanced Clinical Documentation and Patient Safety,Advanced,S056,Clinical Documentation,4,86.9,Certified,Completed,2025-02-15,Yes,"Derived from actual role=Senior/Lead, skill proficiency=4/5, skill score=86.9, certification=Certified, skill status=Current.",DERIVED_DEMO_FROM_EXISTING_EMPLOYEE_DATA,No,2026-08-01
LEARN-EMP325-COURSE-S058-PRC,EMP325,Eman Iqbal,DEPARTMENT-008,Medical Care,POS-317,Senior Medical Officer,Senior/Lead,COURSE-S058-PRC,Applied Infection Prevention in Clinical Practice,Practitioner,S058,Infection Prevention,3,86.9,Certified,Completed,2024-04-15,Yes,"Derived from actual role=Senior/Lead, skill proficiency=3/5, skill score=86.9, certification=Certified, skill status=Current.",DERIVED_DEMO_FROM_EXISTING_EMPLOYEE_DATA,No,2026-08-01
LEARN-EMP303-COURSE-S050-ADV,EMP303,Saba Hameed,DEPARTMENT-007,IT,POS-296,Systems Administrator,Professional/Mid-level,COURSE-S050-ADV,Advanced Project Management for Professional Growth,Advanced,S050,Project Management,5,88.6,Certified,Completed,2025-05-15,No,"Derived from actual role=Professional/Mid-level, skill proficiency=5/5, skill score=88.6, certification=Certified, skill status=Current.",DERIVED_DEMO_FROM_EXISTING_EMPLOYEE_DATA,No,2026-08-01
LEARN-EMP303-COURSE-S009-PRC,EMP303,Saba Hameed,DEPARTMENT-007,IT,POS-296,Systems Administrator,Professional/Mid-level,COURSE-S009-PRC,Applied Network Administration,Practitioner,S009,Network Administration,3,79.0,Not Required,Completed,2025-07-15,Yes,"Derived from actual role=Professional/Mid-level, skill proficiency=3/5, skill score=79.0, certification=Not Required, skill status=Current.",DERIVED_DEMO_FROM_EXISTING_EMPLOYEE_DATA,No,2026-08-01
LEARN-EMP051-COURSE-S008-ADV,EMP051,Asad Ahmad,DEPARTMENT-007,IT,POS-051,Senior Systems Engineer,Senior/Lead,COURSE-S008-ADV,Advanced Cybersecurity and Decision Practice,Advanced,S008,Cybersecurity,5,86.0,Certified,Completed,2025-08-15,Yes,"Derived from actual role=Senior/Lead, skill proficiency=5/5, skill score=86.0, certification=Certified, skill status=Developing.",DERIVED_DEMO_FROM_EXISTING_EMPLOYEE_DATA,No,2026-08-01
LEARN-EMP051-COURSE-S007-ADV,EMP051,Asad Ahmad,DEPARTMENT-007,IT,POS-051,Senior Systems Engineer,Senior/Lead,COURSE-S007-ADV,Advanced Cloud Platforms and Decision Practice,Advanced,S007,Cloud Platforms,5,93.0,Certification Planned,Completed,2024-08-15,Yes,"Derived from actual role=Senior/Lead, skill proficiency=5/5, skill score=93.0, certification=Certification Planned, skill status=Verified.",DERIVED_DEMO_FROM_EXISTING_EMPLOYEE_DATA,No,2026-08-01
LEARN-EMP142-COURSE-S050-ADV,EMP142,Fahad Farooq,DEPARTMENT-005,Engineering,POS-142,Engineering Lead,Manager/Head,COURSE-S050-ADV,Advanced Project Management for Professional Growth,Advanced,S050,Project Management,5,96.8,Certified,Completed,2024-05-15,Yes,"Derived from actual role=Manager/Head, skill proficiency=5/5, skill score=96.8, certification=Certified, skill status=Verified.",DERIVED_DEMO_FROM_EXISTING_EMPLOYEE_DATA,No,2026-08-01
LEARN-EMP142-COURSE-S006-ADV,EMP142,Fahad Farooq,DEPARTMENT-005,Engineering,POS-142,Engineering Lead,Manager/Head,COURSE-S006-ADV,Advanced DevOps & CI/CD and Decision Practice,Advanced,S006,DevOps & CI/CD,5,92.7,Certified,Completed,2024-05-15,Yes,"Derived from actual role=Manager/Head, skill proficiency=5/5, skill score=92.7, certification=Certified, skill status=Developing.",DERIVED_DEMO_FROM_EXISTING_EMPLOYEE_DATA,No,2026-08-01
LEARN-EMP142-COURSE-S005-ADV,EMP142,Fahad Farooq,DEPARTMENT-005,Engineering,POS-142,Engineering Lead,Manager/Head,COURSE-S005-ADV,Advanced System Design and Decision Practice,Advanced,S005,System Design,5,91.2,Not Required,Completed,2025-06-15,Yes,"Derived from actual role=Manager/Head, skill proficiency=5/5, skill score=91.2, certification=Not Required, skill status=Verified.",DERIVED_DEMO_FROM_EXISTING_EMPLOYEE_DATA,No,2026-08-01
LEARN-EMP651-COURSE-S095-PRC,EMP651,Sana Habib,DEPARTMENT-015,Quality Assurance,POS-636,Quality Analyst,Professional/Mid-level,COURSE-S095-PRC,Applied Statistical Process Control in Operations,Practitioner,S095,Statistical Process Control,4,69.7,Not Required,Completed,2025-02-15,Yes,"Derived from actual role=Professional/Mid-level, skill proficiency=4/5, skill score=69.7, certification=Not Required, skill status=Current.",DERIVED_DEMO_FROM_EXISTING_EMPLOYEE_DATA,No,2026-08-01
LEARN-EMP651-COURSE-S022-FND,EMP651,Sana Habib,DEPARTMENT-015,Quality Assurance,POS-636,Quality Analyst,Professional/Mid-level,COURSE-S022-FND,Quality Control Fundamentals,Foundation,S022,Quality Control,2,62.9,Certified,Completed,2025-01-15,Yes,"Derived from actual role=Professional/Mid-level, skill proficiency=2/5, skill score=62.9, certification=Certified, skill status=Developing.",DERIVED_DEMO_FROM_EXISTING_EMPLOYEE_DATA,No,2026-08-01
LEARN-EMP038-COURSE-S040-ADV,EMP038,Ali Mahmood,DEPARTMENT-004,Customer Support,POS-038,Senior Support Executive,Professional/Mid-level,COURSE-S040-ADV,Advanced SLA Management and Decision Practice,Advanced,S040,SLA Management,4,83.5,Not Required,Completed,2026-01-15,Yes,"Derived from actual role=Professional/Mid-level, skill proficiency=4/5, skill score=83.5, certification=Not Required, skill status=Verified.",DERIVED_DEMO_FROM_EXISTING_EMPLOYEE_DATA,No,2026-08-01
LEARN-EMP038-COURSE-S037-PRC,EMP038,Ali Mahmood,DEPARTMENT-004,Customer Support,POS-038,Senior Support Executive,Professional/Mid-level,COURSE-S037-PRC,Applied Customer Service,Practitioner,S037,Customer Service,4,71.6,Not Required,Completed,2026-01-15,Yes,"Derived from actual role=Professional/Mid-level, skill proficiency=4/5, skill score=71.6, certification=Not Required, skill status=Verified.",DERIVED_DEMO_FROM_EXISTING_EMPLOYEE_DATA,No,2026-08-01
LEARN-EMP293-COURSE-S010-ADV,EMP293,Asad Akhtar,DEPARTMENT-007,IT,POS-286,IT Manager,Manager/Head,COURSE-S010-ADV,Advanced IT Service Management and Decision Practice,Advanced,S010,IT Service Management,5,88.5,Not Required,Completed,2026-01-15,Yes,"Derived from actual role=Manager/Head, skill proficiency=5/5, skill score=88.5, certification=Not Required, skill status=Current.",DERIVED_DEMO_FROM_EXISTING_EMPLOYEE_DATA,No,2026-08-01
LEARN-EMP293-COURSE-S050-ADV,EMP293,Asad Akhtar,DEPARTMENT-007,IT,POS-286,IT Manager,Manager/Head,COURSE-S050-ADV,Advanced Project Management for Professional Growth,Advanced,S050,Project Management,4,100.0,Certified,Completed,2026-04-15,No,"Derived from actual role=Manager/Head, skill proficiency=4/5, skill score=100.0, certification=Certified, skill status=Current.",DERIVED_DEMO_FROM_EXISTING_EMPLOYEE_DATA,No,2026-08-01
LEARN-EMP293-COURSE-S053-ADV,EMP293,Asad Akhtar,DEPARTMENT-007,IT,POS-286,IT Manager,Manager/Head,COURSE-S053-ADV,Advanced Documentation for Professional Growth,Advanced,S053,Documentation,5,94.5,Not Required,Completed,2025-01-15,No,"Derived from actual role=Manager/Head, skill proficiency=5/5, skill score=94.5, certification=Not Required, skill status=Current.",DERIVED_DEMO_FROM_EXISTING_EMPLOYEE_DATA,No,2026-08-01
LEARN-EMP575-COURSE-S082-PRC,EMP575,Komal Hameed,DEPARTMENT-013,Logistics & Warehouse,POS-562,Warehouse Assistant,Junior/Assistant,COURSE-S082-PRC,Applied Warehouse Operations,Practitioner,S082,Warehouse Operations,3,79.5,Certified,Completed,2024-02-15,Yes,"Derived from actual role=Junior/Assistant, skill proficiency=3/5, skill score=79.5, certification=Certified, skill status=Current.",DERIVED_DEMO_FROM_EXISTING_EMPLOYEE_DATA,No,2026-08-01
LEARN-EMP104-COURSE-S007-ADV,EMP104,Rabia Ali,DEPARTMENT-007,IT,POS-104,Senior Systems Engineer,Senior/Lead,COURSE-S007-ADV,Advanced Cloud Platforms and Decision Practice,Advanced,S007,Cloud Platforms,5,98.3,Certification Planned,Completed,2024-03-15,Yes,"Derived from actual role=Senior/Lead, skill proficiency=5/5, skill score=98.3, certification=Certification Planned, skill status=Verified.",DERIVED_DEMO_FROM_EXISTING_EMPLOYEE_DATA,No,2026-08-01
LEARN-EMP104-COURSE-S044-ADV,EMP104,Rabia Ali,DEPARTMENT-007,IT,POS-104,Senior Systems Engineer,Senior/Lead,COURSE-S044-ADV,Advanced Problem Solving for Professional Growth,Advanced,S044,Problem Solving,5,91.9,Not Required,Completed,2024-06-15,Yes,"Derived from actual role=Senior/Lead, skill proficiency=5/5, skill score=91.9, certification=Not Required, skill status=Verified.",DERIVED_DEMO_FROM_EXISTING_EMPLOYEE_DATA,No,2026-08-01
LEARN-EMP465-COURSE-S073-ADV,EMP465,Amna Habib,DEPARTMENT-011,Legal & Compliance,POS-454,Senior Legal Counsel,Senior/Lead,COURSE-S073-ADV,Advanced Policy Interpretation and Decision Practice,Advanced,S073,Policy Interpretation,5,99.2,Not Required,Completed,2024-01-15,Yes,"Derived from actual role=Senior/Lead, skill proficiency=5/5, skill score=99.2, certification=Not Required, skill status=Current.",DERIVED_DEMO_FROM_EXISTING_EMPLOYEE_DATA,No,2026-08-01
LEARN-EMP465-COURSE-S075-ADV,EMP465,Amna Habib,DEPARTMENT-011,Legal & Compliance,POS-454,Senior Legal Counsel,Senior/Lead,COURSE-S075-ADV,Advanced Case Management and Decision Practice,Advanced,S075,Case Management,5,95.2,Planned,Completed,2024-07-15,Yes,"Derived from actual role=Senior/Lead, skill proficiency=5/5, skill score=95.2, certification=Planned, skill status=Current.",DERIVED_DEMO_FROM_EXISTING_EMPLOYEE_DATA,No,2026-08-01
LEARN-EMP639-COURSE-S093-ADV,EMP639,Sana Saeed,DEPARTMENT-015,Quality Assurance,POS-624,Senior Quality Engineer,Senior/Lead,COURSE-S093-ADV,Advanced Root Cause Analysis and Continuous Improvement,Advanced,S093,Root Cause Analysis,4,96.4,Not Required,Completed,2024-05-15,Yes,"Derived from actual role=Senior/Lead, skill proficiency=4/5, skill score=96.4, certification=Not Required, skill status=Current.",DERIVED_DEMO_FROM_EXISTING_EMPLOYEE_DATA,No,2026-08-01
LEARN-EMP639-COURSE-S049-ADV,EMP639,Sana Saeed,DEPARTMENT-015,Quality Assurance,POS-624,Senior Quality Engineer,Senior/Lead,COURSE-S049-ADV,Advanced Data Analysis and Decision Practice,Advanced,S049,Data Analysis,5,96.4,Certified,Completed,2025-04-15,No,"Derived from actual role=Senior/Lead, skill proficiency=5/5, skill score=96.4, certification=Certified, skill status=Current.",DERIVED_DEMO_FROM_EXISTING_EMPLOYEE_DATA,No,2026-08-01
LEARN-EMP211-COURSE-S036-ADV,EMP211,Adnan Abbasi,DEPARTMENT-001,HR,POS-210,HR Officer,Professional/Mid-level,COURSE-S036-ADV,Advanced Payroll Administration and Decision Practice,Advanced,S036,Payroll Administration,4,89.6,Certified,Completed,2025-08-15,No,"Derived from actual role=Professional/Mid-level, skill proficiency=4/5, skill score=89.6, certification=Certified, skill status=Current.",DERIVED_DEMO_FROM_EXISTING_EMPLOYEE_DATA,No,2026-08-01
LEARN-EMP211-COURSE-S045-ADV,EMP211,Adnan Abbasi,DEPARTMENT-001,HR,POS-210,HR Officer,Professional/Mid-level,COURSE-S045-ADV,Advanced Stakeholder Management for Professional Growth,Advanced,S045,Stakeholder Management,5,100.0,Not Required,Completed,2026-08-15,No,"Derived from actual role=Professional/Mid-level, skill proficiency=5/5, skill score=100.0, certification=Not Required, skill status=Current.",DERIVED_DEMO_FROM_EXISTING_EMPLOYEE_DATA,No,2026-08-01
LEARN-EMP166-COURSE-S046-ADV,EMP166,Arslan Siddiqui,DEPARTMENT-003,Sales,POS-166,Sales Manager,Manager/Head,COURSE-S046-ADV,Advanced Leadership for Professional Growth,Advanced,S046,Leadership,5,91.7,Not Required,Completed,2026-05-15,Yes,"Derived from actual role=Manager/Head, skill proficiency=5/5, skill score=91.7, certification=Not Required, skill status=Verified.",DERIVED_DEMO_FROM_EXISTING_EMPLOYEE_DATA,No,2026-08-01
LEARN-EMP166-COURSE-S017-ADV,EMP166,Arslan Siddiqui,DEPARTMENT-003,Sales,POS-166,Sales Manager,Manager/Head,COURSE-S017-ADV,Advanced Pipeline Management and Decision Practice,Advanced,S017,Pipeline Management,5,89.8,Not Required,Completed,2026-07-15,Yes,"Derived from actual role=Manager/Head, skill proficiency=5/5, skill score=89.8, certification=Not Required, skill status=Verified.",DERIVED_DEMO_FROM_EXISTING_EMPLOYEE_DATA,No,2026-08-01
LEARN-EMP166-COURSE-S047-ADV,EMP166,Arslan Siddiqui,DEPARTMENT-003,Sales,POS-166,Sales Manager,Manager/Head,COURSE-S047-ADV,Advanced Coaching & Mentoring for Professional Growth,Advanced,S047,Coaching & Mentoring,5,85.6,Not Required,Completed,2025-01-15,Yes,"Derived from actual role=Manager/Head, skill proficiency=5/5, skill score=85.6, certification=Not Required, skill status=Developing.",DERIVED_DEMO_FROM_EXISTING_EMPLOYEE_DATA,No,2026-08-01
LEARN-EMP645-COURSE-S094-ADV,EMP645,Kinza Rehman,DEPARTMENT-015,Quality Assurance,POS-630,Senior Quality Engineer,Senior/Lead,COURSE-S094-ADV,Advanced Corrective Action Management and Continuous Improvement,Advanced,S094,Corrective Action Management,4,82.7,Planned,Completed,2024-01-15,Yes,"Derived from actual role=Senior/Lead, skill proficiency=4/5, skill score=82.7, certification=Planned, skill status=Current.",DERIVED_DEMO_FROM_EXISTING_EMPLOYEE_DATA,No,2026-08-01
LEARN-EMP645-COURSE-S095-PRC,EMP645,Kinza Rehman,DEPARTMENT-015,Quality Assurance,POS-630,Senior Quality Engineer,Senior/Lead,COURSE-S095-PRC,Applied Statistical Process Control in Operations,Practitioner,S095,Statistical Process Control,4,81.5,Not Required,Completed,2026-08-15,Yes,"Derived from actual role=Senior/Lead, skill proficiency=4/5, skill score=81.5, certification=Not Required, skill status=Current.",DERIVED_DEMO_FROM_EXISTING_EMPLOYEE_DATA,No,2026-08-01
LEARN-EMP427-COURSE-S066-ADV,EMP427,Zainab Ahmed,DEPARTMENT-010,Administration & Facilities,POS-417,Administration Officer,Professional/Mid-level,COURSE-S066-ADV,Advanced Office Administration and Decision Practice,Advanced,S066,Office Administration,5,100.0,Not Required,Completed,2026-04-15,Yes,"Derived from actual role=Professional/Mid-level, skill proficiency=5/5, skill score=100.0, certification=Not Required, skill status=Current.",DERIVED_DEMO_FROM_EXISTING_EMPLOYEE_DATA,No,2026-08-01
LEARN-EMP427-COURSE-S068-FND,EMP427,Zainab Ahmed,DEPARTMENT-010,Administration & Facilities,POS-417,Administration Officer,Professional/Mid-level,COURSE-S068-FND,Vendor Coordination Fundamentals,Foundation,S068,Vendor Coordination,3,67.0,Certified,Completed,2025-08-15,Yes,"Derived from actual role=Professional/Mid-level, skill proficiency=3/5, skill score=67.0, certification=Certified, skill status=Current.",DERIVED_DEMO_FROM_EXISTING_EMPLOYEE_DATA,No,2026-08-01
LEARN-EMP133-COURSE-S001-PRC,EMP133,Usman Raza,DEPARTMENT-005,Engineering,POS-133,Software Engineer II,Professional/Mid-level,COURSE-S001-PRC,Applied Python Programming,Practitioner,S001,Python Programming,4,79.3,Not Required,Completed,2024-05-15,Yes,"Derived from actual role=Professional/Mid-level, skill proficiency=4/5, skill score=79.3, certification=Not Required, skill status=Verified.",DERIVED_DEMO_FROM_EXISTING_EMPLOYEE_DATA,No,2026-08-01
LEARN-EMP133-COURSE-S003-PRC,EMP133,Usman Raza,DEPARTMENT-005,Engineering,POS-133,Software Engineer II,Professional/Mid-level,COURSE-S003-PRC,Applied API Development,Practitioner,S003,API Development,4,75.9,Not Required,Completed,2026-08-15,Yes,"Derived from actual role=Professional/Mid-level, skill proficiency=4/5, skill score=75.9, certification=Not Required, skill status=Verified.",DERIVED_DEMO_FROM_EXISTING_EMPLOYEE_DATA,No,2026-08-01
LEARN-EMP700-COURSE-S049-ADV,EMP700,Eman Ismail,DEPARTMENT-016,Research & Development,POS-684,Research Analyst,Professional/Mid-level,COURSE-S049-ADV,Advanced Data Analysis and Decision Practice,Advanced,S049,Data Analysis,5,92.7,Planned,Completed,2025-02-15,Yes,"Derived from actual role=Professional/Mid-level, skill proficiency=5/5, skill score=92.7, certification=Planned, skill status=Current.",DERIVED_DEMO_FROM_EXISTING_EMPLOYEE_DATA,No,2026-08-01
LEARN-EMP700-COURSE-S046-ADV,EMP700,Eman Ismail,DEPARTMENT-016,Research & Development,POS-684,Research Analyst,Professional/Mid-level,COURSE-S046-ADV,Advanced Leadership for Professional Growth,Advanced,S046,Leadership,4,84.8,Not Required,Completed,2025-04-15,No,"Derived from actual role=Professional/Mid-level, skill proficiency=4/5, skill score=84.8, certification=Not Required, skill status=Current.",DERIVED_DEMO_FROM_EXISTING_EMPLOYEE_DATA,No,2026-08-01
LEARN-EMP607-COURSE-S088-ADV,EMP607,Maryam Saeed,DEPARTMENT-014,Production & Manufacturing,POS-593,Production Technician,Professional/Mid-level,COURSE-S088-ADV,Advanced Production Planning and Continuous Improvement,Advanced,S088,Production Planning,4,92.2,Certified,Completed,2026-08-15,Yes,"Derived from actual role=Professional/Mid-level, skill proficiency=4/5, skill score=92.2, certification=Certified, skill status=Current.",DERIVED_DEMO_FROM_EXISTING_EMPLOYEE_DATA,No,2026-08-01
LEARN-EMP607-COURSE-S087-PRC,EMP607,Maryam Saeed,DEPARTMENT-014,Production & Manufacturing,POS-593,Production Technician,Professional/Mid-level,COURSE-S087-PRC,Applied Health and Safety in Operations,Practitioner,S087,Health and Safety,3,72.6,Certified,Completed,2026-07-15,Yes,"Derived from actual role=Professional/Mid-level, skill proficiency=3/5, skill score=72.6, certification=Certified, skill status=Current.",DERIVED_DEMO_FROM_EXISTING_EMPLOYEE_DATA,No,2026-08-01
LEARN-EMP031-COURSE-S050-ADV,EMP031,Sadia Haider,DEPARTMENT-005,Engineering,POS-031,Senior Software Engineer,Senior/Lead,COURSE-S050-ADV,Advanced Project Management for Professional Growth,Advanced,S050,Project Management,5,100.0,Certified,Completed,2024-01-15,Yes,"Derived from actual role=Senior/Lead, skill proficiency=5/5, skill score=100.0, certification=Certified, skill status=Verified.",DERIVED_DEMO_FROM_EXISTING_EMPLOYEE_DATA,No,2026-08-01
LEARN-EMP031-COURSE-S003-ADV,EMP031,Sadia Haider,DEPARTMENT-005,Engineering,POS-031,Senior Software Engineer,Senior/Lead,COURSE-S003-ADV,Advanced API Development and Decision Practice,Advanced,S003,API Development,5,99.6,Not Required,Completed,2024-04-15,Yes,"Derived from actual role=Senior/Lead, skill proficiency=5/5, skill score=99.6, certification=Not Required, skill status=Developing.",DERIVED_DEMO_FROM_EXISTING_EMPLOYEE_DATA,No,2026-08-01
LEARN-EMP135-COURSE-S040-PRC,EMP135,Eman Butt,DEPARTMENT-004,Customer Support,POS-135,Senior Support Executive,Professional/Mid-level,COURSE-S040-PRC,Applied SLA Management,Practitioner,S040,SLA Management,4,75.7,Not Required,Completed,2026-05-15,Yes,"Derived from actual role=Professional/Mid-level, skill proficiency=4/5, skill score=75.7, certification=Not Required, skill status=Verified.",DERIVED_DEMO_FROM_EXISTING_EMPLOYEE_DATA,No,2026-08-01
LEARN-EMP135-COURSE-S037-PRC,EMP135,Eman Butt,DEPARTMENT-004,Customer Support,POS-135,Senior Support Executive,Professional/Mid-level,COURSE-S037-PRC,Applied Customer Service,Practitioner,S037,Customer Service,4,71.6,Not Required,Completed,2026-05-15,Yes,"Derived from actual role=Professional/Mid-level, skill proficiency=4/5, skill score=71.6, certification=Not Required, skill status=Verified.",DERIVED_DEMO_FROM_EXISTING_EMPLOYEE_DATA,No,2026-08-01
LEARN-EMP160-COURSE-S028-ADV,EMP160,Rabia Ullah,DEPARTMENT-002,Finance,POS-160,Senior Financial Analyst,Senior/Lead,COURSE-S028-ADV,Advanced Regulatory Reporting and Decision Practice,Advanced,S028,Regulatory Reporting,5,86.6,Certified,Completed,2026-07-15,Yes,"Derived from actual role=Senior/Lead, skill proficiency=5/5, skill score=86.6, certification=Certified, skill status=Developing.",DERIVED_DEMO_FROM_EXISTING_EMPLOYEE_DATA,No,2026-08-01
LEARN-EMP160-COURSE-S030-PRC,EMP160,Rabia Ullah,DEPARTMENT-002,Finance,POS-160,Senior Financial Analyst,Senior/Lead,COURSE-S030-PRC,Applied Risk Analysis,Practitioner,S030,Risk Analysis,4,81.7,Certified,Completed,2026-07-15,Yes,"Derived from actual role=Senior/Lead, skill proficiency=4/5, skill score=81.7, certification=Certified, skill status=Verified.",DERIVED_DEMO_FROM_EXISTING_EMPLOYEE_DATA,No,2026-08-01
LEARN-EMP126-COURSE-S041-PRC,EMP126,Laiba Sheikh,DEPARTMENT-004,Customer Support,POS-126,Support Team Lead,Senior/Lead,COURSE-S041-PRC,Applied Knowledge Base Management,Practitioner,S041,Knowledge Base Management,4,77.5,Not Required,Completed,2024-04-15,Yes,"Derived from actual role=Senior/Lead, skill proficiency=4/5, skill score=77.5, certification=Not Required, skill status=Verified.",DERIVED_DEMO_FROM_EXISTING_EMPLOYEE_DATA,No,2026-08-01
LEARN-EMP126-COURSE-S040-PRC,EMP126,Laiba Sheikh,DEPARTMENT-004,Customer Support,POS-126,Support Team Lead,Senior/Lead,COURSE-S040-PRC,Applied SLA Management,Practitioner,S040,SLA Management,4,72.7,Not Required,Completed,2024-01-15,Yes,"Derived from actual role=Senior/Lead, skill proficiency=4/5, skill score=72.7, certification=Not Required, skill status=Verified.",DERIVED_DEMO_FROM_EXISTING_EMPLOYEE_DATA,No,2026-08-01
LEARN-EMP560-COURSE-S082-ADV,EMP560,Fahad Ali,DEPARTMENT-013,Logistics & Warehouse,POS-547,Logistics Coordinator,Professional/Mid-level,COURSE-S082-ADV,Advanced Warehouse Operations and Decision Practice,Advanced,S082,Warehouse Operations,5,99.6,Planned,Completed,2026-01-15,Yes,"Derived from actual role=Professional/Mid-level, skill proficiency=5/5, skill score=99.6, certification=Planned, skill status=Current.",DERIVED_DEMO_FROM_EXISTING_EMPLOYEE_DATA,No,2026-08-01
LEARN-EMP560-COURSE-S049-ADV,EMP560,Fahad Ali,DEPARTMENT-013,Logistics & Warehouse,POS-547,Logistics Coordinator,Professional/Mid-level,COURSE-S049-ADV,Advanced Data Analysis and Decision Practice,Advanced,S049,Data Analysis,5,94.6,Planned,Completed,2025-07-15,No,"Derived from actual role=Professional/Mid-level, skill proficiency=5/5, skill score=94.6, certification=Planned, skill status=Current.",DERIVED_DEMO_FROM_EXISTING_EMPLOYEE_DATA,No,2026-08-01
LEARN-EMP068-COURSE-S046-ADV,EMP068,Sidra Hussain,DEPARTMENT-004,Customer Support,POS-068,Customer Support Manager,Manager/Head,COURSE-S046-ADV,Advanced Leadership for Professional Growth,Advanced,S046,Leadership,5,88.5,Not Required,Completed,2025-08-15,Yes,"Derived from actual role=Manager/Head, skill proficiency=5/5, skill score=88.5, certification=Not Required, skill status=Verified.",DERIVED_DEMO_FROM_EXISTING_EMPLOYEE_DATA,No,2026-08-01
LEARN-EMP068-COURSE-S040-ADV,EMP068,Sidra Hussain,DEPARTMENT-004,Customer Support,POS-068,Customer Support Manager,Manager/Head,COURSE-S040-ADV,Advanced SLA Management and Decision Practice,Advanced,S040,SLA Management,5,89.2,Not Required,Completed,2026-03-15,Yes,"Derived from actual role=Manager/Head, skill proficiency=5/5, skill score=89.2, certification=Not Required, skill status=Verified.",DERIVED_DEMO_FROM_EXISTING_EMPLOYEE_DATA,No,2026-08-01
LEARN-EMP068-COURSE-S047-PRC,EMP068,Sidra Hussain,DEPARTMENT-004,Customer Support,POS-068,Customer Support Manager,Manager/Head,COURSE-S047-PRC,Coaching & Mentoring in Practice,Practitioner,S047,Coaching & Mentoring,4,70.5,Not Required,Completed,2025-03-15,Yes,"Derived from actual role=Manager/Head, skill proficiency=4/5, skill score=70.5, certification=Not Required, skill status=Verified.",DERIVED_DEMO_FROM_EXISTING_EMPLOYEE_DATA,No,2026-08-01
LEARN-EMP629-COURSE-S091-FND,EMP629,Bilal Malik,DEPARTMENT-014,Production & Manufacturing,POS-615,Production Intern,Intern/Trainee,COURSE-S091-FND,Lean Manufacturing Essentials,Foundation,S091,Lean Manufacturing,2,70.1,Certified,Completed,2026-06-15,Yes,"Derived from actual role=Intern/Trainee, skill proficiency=2/5, skill score=70.1, certification=Certified, skill status=Developing.",DERIVED_DEMO_FROM_EXISTING_EMPLOYEE_DATA,No,2026-08-01
LEARN-EMP330-COURSE-S054-ADV,EMP330,Farhan Khalid,DEPARTMENT-008,Medical Care,POS-322,Senior Medical Officer,Senior/Lead,COURSE-S054-ADV,Advanced Clinical Assessment and Patient Safety,Advanced,S054,Clinical Assessment,5,86.1,Not Required,Completed,2025-06-15,Yes,"Derived from actual role=Senior/Lead, skill proficiency=5/5, skill score=86.1, certification=Not Required, skill status=Current.",DERIVED_DEMO_FROM_EXISTING_EMPLOYEE_DATA,No,2026-08-01
LEARN-EMP330-COURSE-S057-PRC,EMP330,Farhan Khalid,DEPARTMENT-008,Medical Care,POS-322,Senior Medical Officer,Senior/Lead,COURSE-S057-PRC,Applied Medication Safety in Clinical Practice,Practitioner,S057,Medication Safety,3,78.9,Not Required,Completed,2024-08-15,Yes,"Derived from actual role=Senior/Lead, skill proficiency=3/5, skill score=78.9, certification=Not Required, skill status=Current.",DERIVED_DEMO_FROM_EXISTING_EMPLOYEE_DATA,No,2026-08-01
LEARN-EMP326-COURSE-S054-PRC,EMP326,Hira Yousaf,DEPARTMENT-008,Medical Care,POS-318,Senior Medical Officer,Senior/Lead,COURSE-S054-PRC,Applied Clinical Assessment in Clinical Practice,Practitioner,S054,Clinical Assessment,4,77.3,Not Required,Completed,2025-05-15,Yes,"Derived from actual role=Senior/Lead, skill proficiency=4/5, skill score=77.3, certification=Not Required, skill status=Current.",DERIVED_DEMO_FROM_EXISTING_EMPLOYEE_DATA,No,2026-08-01
LEARN-EMP326-COURSE-S051-ADV,EMP326,Hira Yousaf,DEPARTMENT-008,Medical Care,POS-318,Senior Medical Officer,Senior/Lead,COURSE-S051-ADV,Advanced Empathy & Active Listening for Professional Growth,Advanced,S051,Empathy & Active Listening,5,89.5,Not Required,Completed,2025-04-15,No,"Derived from actual role=Senior/Lead, skill proficiency=5/5, skill score=89.5, certification=Not Required, skill status=Current.",DERIVED_DEMO_FROM_EXISTING_EMPLOYEE_DATA,No,2026-08-01
LEARN-EMP306-COURSE-S007-ADV,EMP306,Imran Hameed,DEPARTMENT-007,IT,POS-299,IT Support Technician,Junior/Assistant,COURSE-S007-ADV,Advanced Cloud Platforms and Decision Practice,Advanced,S007,Cloud Platforms,4,84.1,Not Required,Completed,2025-01-15,Yes,"Derived from actual role=Junior/Assistant, skill proficiency=4/5, skill score=84.1, certification=Not Required, skill status=Current.",DERIVED_DEMO_FROM_EXISTING_EMPLOYEE_DATA,No,2026-08-01
LEARN-EMP320-COURSE-S054-ADV,EMP320,Shahzaib Iqbal,DEPARTMENT-008,Medical Care,POS-312,Medical Care Manager,Manager/Head,COURSE-S054-ADV,Advanced Clinical Assessment and Patient Safety,Advanced,S054,Clinical Assessment,5,100.0,Not Required,Completed,2025-05-15,Yes,"Derived from actual role=Manager/Head, skill proficiency=5/5, skill score=100.0, certification=Not Required, skill status=Current.",DERIVED_DEMO_FROM_EXISTING_EMPLOYEE_DATA,No,2026-08-01
LEARN-EMP320-COURSE-S055-ADV,EMP320,Shahzaib Iqbal,DEPARTMENT-008,Medical Care,POS-312,Medical Care Manager,Manager/Head,COURSE-S055-ADV,Advanced Patient Care and Patient Safety,Advanced,S055,Patient Care,4,92.1,Certified,Completed,2026-08-15,Yes,"Derived from actual role=Manager/Head, skill proficiency=4/5, skill score=92.1, certification=Certified, skill status=Current.",DERIVED_DEMO_FROM_EXISTING_EMPLOYEE_DATA,No,2026-08-01
LEARN-EMP320-COURSE-S057-PRC,EMP320,Shahzaib Iqbal,DEPARTMENT-008,Medical Care,POS-312,Medical Care Manager,Manager/Head,COURSE-S057-PRC,Applied Medication Safety in Clinical Practice,Practitioner,S057,Medication Safety,3,75.9,Certified,Completed,2026-01-15,Yes,"Derived from actual role=Manager/Head, skill proficiency=3/5, skill score=75.9, certification=Certified, skill status=Current.",DERIVED_DEMO_FROM_EXISTING_EMPLOYEE_DATA,No,2026-08-01
LEARN-EMP252-COURSE-S014-ADV,EMP252,Iqra Ismail,DEPARTMENT-003,Sales,EXEC-SAL-HEAD,Head of Sales,Manager/Head,COURSE-S014-ADV,Advanced Negotiation for Professional Growth,Advanced,S014,Negotiation,5,100.0,Not Required,Completed,2026-07-15,Yes,"Derived from actual role=Manager/Head, skill proficiency=5/5, skill score=100.0, certification=Not Required, skill status=Current.",DERIVED_DEMO_FROM_EXISTING_EMPLOYEE_DATA,No,2026-08-01
LEARN-EMP252-COURSE-S016-PRC,EMP252,Iqra Ismail,DEPARTMENT-003,Sales,EXEC-SAL-HEAD,Head of Sales,Manager/Head,COURSE-S016-PRC,Applied Account Management,Practitioner,S016,Account Management,5,81.7,Not Required,Completed,2025-02-15,Yes,"Derived from actual role=Manager/Head, skill proficiency=5/5, skill score=81.7, certification=Not Required, skill status=Current.",DERIVED_DEMO_FROM_EXISTING_EMPLOYEE_DATA,No,2026-08-01
LEARN-EMP252-COURSE-S017-ADV,EMP252,Iqra Ismail,DEPARTMENT-003,Sales,EXEC-SAL-HEAD,Head of Sales,Manager/Head,COURSE-S017-ADV,Advanced Pipeline Management and Decision Practice,Advanced,S017,Pipeline Management,5,96.9,Not Required,Completed,2025-04-15,No,"Derived from actual role=Manager/Head, skill proficiency=5/5, skill score=96.9, certification=Not Required, skill status=Current.",DERIVED_DEMO_FROM_EXISTING_EMPLOYEE_DATA,No,2026-08-01
LEARN-EMP601-COURSE-S091-PRC,EMP601,Danish Javed,DEPARTMENT-014,Production & Manufacturing,POS-587,Production Technician,Professional/Mid-level,COURSE-S091-PRC,Applied Lean Manufacturing in Operations,Practitioner,S091,Lean Manufacturing,3,74.8,Not Required,Completed,2024-08-15,Yes,"Derived from actual role=Professional/Mid-level, skill proficiency=3/5, skill score=74.8, certification=Not Required, skill status=Current.",DERIVED_DEMO_FROM_EXISTING_EMPLOYEE_DATA,No,2026-08-01
LEARN-EMP601-COURSE-S044-ADV,EMP601,Danish Javed,DEPARTMENT-014,Production & Manufacturing,POS-587,Production Technician,Professional/Mid-level,COURSE-S044-ADV,Advanced Problem Solving for Professional Growth,Advanced,S044,Problem Solving,5,90.0,Not Required,Completed,2024-03-15,No,"Derived from actual role=Professional/Mid-level, skill proficiency=5/5, skill score=90.0, certification=Not Required, skill status=Current.",DERIVED_DEMO_FROM_EXISTING_EMPLOYEE_DATA,No,2026-08-01
LEARN-EMP619-COURSE-S091-ADV,EMP619,Kashif Ansari,DEPARTMENT-014,Production & Manufacturing,POS-605,Production Operator,Junior/Assistant,COURSE-S091-ADV,Advanced Lean Manufacturing and Continuous Improvement,Advanced,S091,Lean Manufacturing,4,100.0,Certified,Completed,2024-06-15,Yes,"Derived from actual role=Junior/Assistant, skill proficiency=4/5, skill score=100.0, certification=Certified, skill status=Current.",DERIVED_DEMO_FROM_EXISTING_EMPLOYEE_DATA,No,2026-08-01
LEARN-EMP311-COURSE-S008-ADV,EMP311,Junaid Zafar,DEPARTMENT-007,IT,POS-304,IT Support Technician,Junior/Assistant,COURSE-S008-ADV,Advanced Cybersecurity and Decision Practice,Advanced,S008,Cybersecurity,4,85.8,Certified,Completed,2026-08-15,Yes,"Derived from actual role=Junior/Assistant, skill proficiency=4/5, skill score=85.8, certification=Certified, skill status=Current.",DERIVED_DEMO_FROM_EXISTING_EMPLOYEE_DATA,No,2026-08-01
LEARN-EMP709-COURSE-S049-ADV,EMP709,Ayesha Tariq,DEPARTMENT-016,Research & Development,POS-693,Research Associate,Junior/Assistant,COURSE-S049-ADV,Advanced Data Analysis and Decision Practice,Advanced,S049,Data Analysis,4,91.6,Certified,Completed,2024-08-15,Yes,"Derived from actual role=Junior/Assistant, skill proficiency=4/5, skill score=91.6, certification=Certified, skill status=Current.",DERIVED_DEMO_FROM_EXISTING_EMPLOYEE_DATA,No,2026-08-01
LEARN-EMP394-COURSE-S065-ADV,EMP394,Usman Ansari,DEPARTMENT-009,Training & Development,POS-385,Training Coordinator,Junior/Assistant,COURSE-S065-ADV,Advanced Learning Management Systems and Learning Impact,Advanced,S065,Learning Management Systems,4,99.3,Not Required,Completed,2024-03-15,Yes,"Derived from actual role=Junior/Assistant, skill proficiency=4/5, skill score=99.3, certification=Not Required, skill status=Current.",DERIVED_DEMO_FROM_EXISTING_EMPLOYEE_DATA,No,2026-08-01
LEARN-EMP106-COURSE-S034-ADV,EMP106,Hina Saleem,DEPARTMENT-001,HR,POS-106,Senior HR Specialist,Senior/Lead,COURSE-S034-ADV,Advanced Employee Relations for Professional Growth,Advanced,S034,Employee Relations,5,100.0,Not Required,Completed,2025-08-15,Yes,"Derived from actual role=Senior/Lead, skill proficiency=5/5, skill score=100.0, certification=Not Required, skill status=Verified.",DERIVED_DEMO_FROM_EXISTING_EMPLOYEE_DATA,No,2026-08-01
LEARN-EMP106-COURSE-S035-ADV,EMP106,Hina Saleem,DEPARTMENT-001,HR,POS-106,Senior HR Specialist,Senior/Lead,COURSE-S035-ADV,Advanced Learning & Development and Decision Practice,Advanced,S035,Learning & Development,5,100.0,Not Required,Completed,2024-03-15,Yes,"Derived from actual role=Senior/Lead, skill proficiency=5/5, skill score=100.0, certification=Not Required, skill status=Verified.",DERIVED_DEMO_FROM_EXISTING_EMPLOYEE_DATA,No,2026-08-01
LEARN-EMP144-COURSE-S046-PRC,EMP144,Imran Ullah,DEPARTMENT-004,Customer Support,POS-144,Customer Support Manager,Manager/Head,COURSE-S046-PRC,Leadership in Practice,Practitioner,S046,Leadership,4,72.5,Not Required,Completed,2024-08-15,Yes,"Derived from actual role=Manager/Head, skill proficiency=4/5, skill score=72.5, certification=Not Required, skill status=Verified.",DERIVED_DEMO_FROM_EXISTING_EMPLOYEE_DATA,No,2026-08-01
LEARN-EMP144-COURSE-S047-PRC,EMP144,Imran Ullah,DEPARTMENT-004,Customer Support,POS-144,Customer Support Manager,Manager/Head,COURSE-S047-PRC,Coaching & Mentoring in Practice,Practitioner,S047,Coaching & Mentoring,4,72.2,Not Required,Completed,2025-08-15,Yes,"Derived from actual role=Manager/Head, skill proficiency=4/5, skill score=72.2, certification=Not Required, skill status=Developing.",DERIVED_DEMO_FROM_EXISTING_EMPLOYEE_DATA,No,2026-08-01
LEARN-EMP144-COURSE-S045-PRC,EMP144,Imran Ullah,DEPARTMENT-004,Customer Support,POS-144,Customer Support Manager,Manager/Head,COURSE-S045-PRC,Stakeholder Management in Practice,Practitioner,S045,Stakeholder Management,4,68.5,Not Required,Completed,2025-04-15,Yes,"Derived from actual role=Manager/Head, skill proficiency=4/5, skill score=68.5, certification=Not Required, skill status=Developing.",DERIVED_DEMO_FROM_EXISTING_EMPLOYEE_DATA,No,2026-08-01
LEARN-EMP013-COURSE-S033-ADV,EMP013,Anum Ahmad,DEPARTMENT-001,HR,POS-013,HR Generalist,Professional/Mid-level,COURSE-S033-ADV,Advanced Performance Management and Decision Practice,Advanced,S033,Performance Management,4,85.6,Not Required,Completed,2026-04-15,Yes,"Derived from actual role=Professional/Mid-level, skill proficiency=4/5, skill score=85.6, certification=Not Required, skill status=Verified.",DERIVED_DEMO_FROM_EXISTING_EMPLOYEE_DATA,No,2026-08-01
LEARN-EMP013-COURSE-S031-PRC,EMP013,Anum Ahmad,DEPARTMENT-001,HR,POS-013,HR Generalist,Professional/Mid-level,COURSE-S031-PRC,Applied Recruitment & Selection,Practitioner,S031,Recruitment & Selection,4,80.4,Not Required,Completed,2026-05-15,Yes,"Derived from actual role=Professional/Mid-level, skill proficiency=4/5, skill score=80.4, certification=Not Required, skill status=Verified.",DERIVED_DEMO_FROM_EXISTING_EMPLOYEE_DATA,No,2026-08-01
LEARN-EMP655-COURSE-S092-ADV,EMP655,Taha Aslam,DEPARTMENT-015,Quality Assurance,POS-640,Quality Analyst,Professional/Mid-level,COURSE-S092-ADV,Advanced Quality Auditing and Continuous Improvement,Advanced,S092,Quality Auditing,4,84.0,Certified,Completed,2024-05-15,Yes,"Derived from actual role=Professional/Mid-level, skill proficiency=4/5, skill score=84.0, certification=Certified, skill status=Current.",DERIVED_DEMO_FROM_EXISTING_EMPLOYEE_DATA,No,2026-08-01
LEARN-EMP655-COURSE-S044-ADV,EMP655,Taha Aslam,DEPARTMENT-015,Quality Assurance,POS-640,Quality Analyst,Professional/Mid-level,COURSE-S044-ADV,Advanced Problem Solving for Professional Growth,Advanced,S044,Problem Solving,5,89.9,Not Required,Completed,2026-08-15,No,"Derived from actual role=Professional/Mid-level, skill proficiency=5/5, skill score=89.9, certification=Not Required, skill status=Current.",DERIVED_DEMO_FROM_EXISTING_EMPLOYEE_DATA,No,2026-08-01
LEARN-EMP555-COURSE-S086-ADV,EMP555,Danish Hashmi,DEPARTMENT-013,Logistics & Warehouse,POS-542,Senior Logistics Officer,Senior/Lead,COURSE-S086-ADV,Advanced Dispatch Coordination and Decision Practice,Advanced,S086,Dispatch Coordination,4,82.7,Not Required,Completed,2024-08-15,Yes,"Derived from actual role=Senior/Lead, skill proficiency=4/5, skill score=82.7, certification=Not Required, skill status=Current.",DERIVED_DEMO_FROM_EXISTING_EMPLOYEE_DATA,No,2026-08-01
LEARN-EMP555-COURSE-S082-ADV,EMP555,Danish Hashmi,DEPARTMENT-013,Logistics & Warehouse,POS-542,Senior Logistics Officer,Senior/Lead,COURSE-S082-ADV,Advanced Warehouse Operations and Decision Practice,Advanced,S082,Warehouse Operations,4,83.1,Not Required,Completed,2024-03-15,Yes,"Derived from actual role=Senior/Lead, skill proficiency=4/5, skill score=83.1, certification=Not Required, skill status=Current.",DERIVED_DEMO_FROM_EXISTING_EMPLOYEE_DATA,No,2026-08-01
LEARN-EMP093-COURSE-S014-PRC,EMP093,Danish Siddiqui,DEPARTMENT-003,Sales,POS-093,Senior Account Manager,Senior/Lead,COURSE-S014-PRC,Negotiation in Practice,Practitioner,S014,Negotiation,4,78.1,Not Required,Completed,2024-03-15,Yes,"Derived from actual role=Senior/Lead, skill proficiency=4/5, skill score=78.1, certification=Not Required, skill status=Verified.",DERIVED_DEMO_FROM_EXISTING_EMPLOYEE_DATA,No,2026-08-01
LEARN-EMP093-COURSE-S016-PRC,EMP093,Danish Siddiqui,DEPARTMENT-003,Sales,POS-093,Senior Account Manager,Senior/Lead,COURSE-S016-PRC,Applied Account Management,Practitioner,S016,Account Management,4,76.9,Not Required,Completed,2024-01-15,Yes,"Derived from actual role=Senior/Lead, skill proficiency=4/5, skill score=76.9, certification=Not Required, skill status=Developing.",DERIVED_DEMO_FROM_EXISTING_EMPLOYEE_DATA,No,2026-08-01
LEARN-EMP685-COURSE-S053-ADV,EMP685,Kinza Dar,DEPARTMENT-016,Research & Development,POS-669,Senior Research Scientist,Senior/Lead,COURSE-S053-ADV,Advanced Documentation for Professional Growth,Advanced,S053,Documentation,5,93.1,Certified,Completed,2024-05-15,No,"Derived from actual role=Senior/Lead, skill proficiency=5/5, skill score=93.1, certification=Certified, skill status=Current.",DERIVED_DEMO_FROM_EXISTING_EMPLOYEE_DATA,No,2026-08-01
LEARN-EMP685-COURSE-S097-ADV,EMP685,Kinza Dar,DEPARTMENT-016,Research & Development,POS-669,Senior Research Scientist,Senior/Lead,COURSE-S097-ADV,Advanced Experimental Design and Innovation Practice,Advanced,S097,Experimental Design,4,89.1,Not Required,Completed,2026-05-15,Yes,"Derived from actual role=Senior/Lead, skill proficiency=4/5, skill score=89.1, certification=Not Required, skill status=Current.",DERIVED_DEMO_FROM_EXISTING_EMPLOYEE_DATA,No,2026-08-01
LEARN-EMP343-COURSE-S056-FND,EMP343,Taha Butt,DEPARTMENT-008,Medical Care,POS-335,Medical Officer,Professional/Mid-level,COURSE-S056-FND,Clinical Documentation Foundations,Foundation,S056,Clinical Documentation,2,75.3,Certified,Completed,2026-02-15,Yes,"Derived from actual role=Professional/Mid-level, skill proficiency=2/5, skill score=75.3, certification=Certified, skill status=Developing.",DERIVED_DEMO_FROM_EXISTING_EMPLOYEE_DATA,No,2026-08-01
LEARN-EMP343-COURSE-S046-ADV,EMP343,Taha Butt,DEPARTMENT-008,Medical Care,POS-335,Medical Officer,Professional/Mid-level,COURSE-S046-ADV,Advanced Leadership for Professional Growth,Advanced,S046,Leadership,5,94.0,Not Required,Completed,2025-02-15,No,"Derived from actual role=Professional/Mid-level, skill proficiency=5/5, skill score=94.0, certification=Not Required, skill status=Current.",DERIVED_DEMO_FROM_EXISTING_EMPLOYEE_DATA,No,2026-08-01
LEARN-EMP520-COURSE-S077-ADV,EMP520,Maryam Munir,DEPARTMENT-012,Procurement & Supply Chain,POS-508,Procurement Officer,Professional/Mid-level,COURSE-S077-ADV,Advanced Purchase Order Management and Decision Practice,Advanced,S077,Purchase Order Management,5,95.6,Not Required,Completed,2026-07-15,Yes,"Derived from actual role=Professional/Mid-level, skill proficiency=5/5, skill score=95.6, certification=Not Required, skill status=Current.",DERIVED_DEMO_FROM_EXISTING_EMPLOYEE_DATA,No,2026-08-01
LEARN-EMP520-COURSE-S023-ADV,EMP520,Maryam Munir,DEPARTMENT-012,Procurement & Supply Chain,POS-508,Procurement Officer,Professional/Mid-level,COURSE-S023-ADV,Advanced Risk & Controls and Decision Practice,Advanced,S023,Risk & Controls,4,83.5,Certified,Completed,2025-01-15,No,"Derived from actual role=Professional/Mid-level, skill proficiency=4/5, skill score=83.5, certification=Certified, skill status=Current.",DERIVED_DEMO_FROM_EXISTING_EMPLOYEE_DATA,No,2026-08-01
LEARN-EMP659-COURSE-S092-ADV,EMP659,Fahad Sultan,DEPARTMENT-015,Quality Assurance,POS-644,Quality Analyst,Professional/Mid-level,COURSE-S092-ADV,Advanced Quality Auditing and Continuous Improvement,Advanced,S092,Quality Auditing,5,100.0,Not Required,Completed,2026-02-15,Yes,"Derived from actual role=Professional/Mid-level, skill proficiency=5/5, skill score=100.0, certification=Not Required, skill status=Current.",DERIVED_DEMO_FROM_EXISTING_EMPLOYEE_DATA,No,2026-08-01
LEARN-EMP659-COURSE-S094-FND,EMP659,Fahad Sultan,DEPARTMENT-015,Quality Assurance,POS-644,Quality Analyst,Professional/Mid-level,COURSE-S094-FND,Corrective Action Management Essentials,Foundation,S094,Corrective Action Management,2,68.6,Certified,Completed,2024-07-15,Yes,"Derived from actual role=Professional/Mid-level, skill proficiency=2/5, skill score=68.6, certification=Certified, skill status=Developing.",DERIVED_DEMO_FROM_EXISTING_EMPLOYEE_DATA,No,2026-08-01
LEARN-EMP677-COURSE-S098-ADV,EMP677,Eman Chaudhry,DEPARTMENT-016,Research & Development,POS-661,Research and Development Manager,Manager/Head,COURSE-S098-ADV,Advanced Technical Writing and Innovation Practice,Advanced,S098,Technical Writing,5,92.8,Certified,Completed,2025-05-15,Yes,"Derived from actual role=Manager/Head, skill proficiency=5/5, skill score=92.8, certification=Certified, skill status=Current.",DERIVED_DEMO_FROM_EXISTING_EMPLOYEE_DATA,No,2026-08-01
LEARN-EMP677-COURSE-S097-PRC,EMP677,Eman Chaudhry,DEPARTMENT-016,Research & Development,POS-661,Research and Development Manager,Manager/Head,COURSE-S097-PRC,Applied Experimental Design for R&D,Practitioner,S097,Experimental Design,3,77.2,Certified,Completed,2025-01-15,Yes,"Derived from actual role=Manager/Head, skill proficiency=3/5, skill score=77.2, certification=Certified, skill status=Current.",DERIVED_DEMO_FROM_EXISTING_EMPLOYEE_DATA,No,2026-08-01
LEARN-EMP677-COURSE-S053-ADV,EMP677,Eman Chaudhry,DEPARTMENT-016,Research & Development,POS-661,Research and Development Manager,Manager/Head,COURSE-S053-ADV,Advanced Documentation for Professional Growth,Advanced,S053,Documentation,4,82.5,Planned,Completed,2026-07-15,No,"Derived from actual role=Manager/Head, skill proficiency=4/5, skill score=82.5, certification=Planned, skill status=Current.",DERIVED_DEMO_FROM_EXISTING_EMPLOYEE_DATA,No,2026-08-01
LEARN-EMP704-COURSE-S097-ADV,EMP704,Minal Sultan,DEPARTMENT-016,Research & Development,POS-688,Research Analyst,Professional/Mid-level,COURSE-S097-ADV,Advanced Experimental Design and Innovation Practice,Advanced,S097,Experimental Design,4,95.1,Not Required,Completed,2024-08-15,Yes,"Derived from actual role=Professional/Mid-level, skill proficiency=4/5, skill score=95.1, certification=Not Required, skill status=Current.",DERIVED_DEMO_FROM_EXISTING_EMPLOYEE_DATA,No,2026-08-01
LEARN-EMP704-COURSE-S098-PRC,EMP704,Minal Sultan,DEPARTMENT-016,Research & Development,POS-688,Research Analyst,Professional/Mid-level,COURSE-S098-PRC,Applied Technical Writing for R&D,Practitioner,S098,Technical Writing,4,79.5,Planned,Completed,2026-07-15,Yes,"Derived from actual role=Professional/Mid-level, skill proficiency=4/5, skill score=79.5, certification=Planned, skill status=Current.",DERIVED_DEMO_FROM_EXISTING_EMPLOYEE_DATA,No,2026-08-01
LEARN-EMP327-COURSE-S054-ADV,EMP327,Sidra Yousaf,DEPARTMENT-008,Medical Care,POS-319,Senior Medical Officer,Senior/Lead,COURSE-S054-ADV,Advanced Clinical Assessment and Patient Safety,Advanced,S054,Clinical Assessment,4,94.4,Not Required,Completed,2026-05-15,Yes,"Derived from actual role=Senior/Lead, skill proficiency=4/5, skill score=94.4, certification=Not Required, skill status=Current.",DERIVED_DEMO_FROM_EXISTING_EMPLOYEE_DATA,No,2026-08-01
LEARN-EMP327-COURSE-S057-PRC,EMP327,Sidra Yousaf,DEPARTMENT-008,Medical Care,POS-319,Senior Medical Officer,Senior/Lead,COURSE-S057-PRC,Applied Medication Safety in Clinical Practice,Practitioner,S057,Medication Safety,3,73.2,Not Required,Completed,2025-02-15,Yes,"Derived from actual role=Senior/Lead, skill proficiency=3/5, skill score=73.2, certification=Not Required, skill status=Current.",DERIVED_DEMO_FROM_EXISTING_EMPLOYEE_DATA,No,2026-08-01
LEARN-EMP612-COURSE-S090-ADV,EMP612,Hassan Khalid,DEPARTMENT-014,Production & Manufacturing,POS-598,Production Technician,Professional/Mid-level,COURSE-S090-ADV,Advanced Preventive Maintenance and Continuous Improvement,Advanced,S090,Preventive Maintenance,4,83.9,Certified,Completed,2024-03-15,Yes,"Derived from actual role=Professional/Mid-level, skill proficiency=4/5, skill score=83.9, certification=Certified, skill status=Current.",DERIVED_DEMO_FROM_EXISTING_EMPLOYEE_DATA,No,2026-08-01
LEARN-EMP612-COURSE-S020-ADV,EMP612,Hassan Khalid,DEPARTMENT-014,Production & Manufacturing,POS-598,Production Technician,Professional/Mid-level,COURSE-S020-ADV,Advanced SOP Compliance and Decision Practice,Advanced,S020,SOP Compliance,5,84.6,Certified,Completed,2025-08-15,No,"Derived from actual role=Professional/Mid-level, skill proficiency=5/5, skill score=84.6, certification=Certified, skill status=Current.",DERIVED_DEMO_FROM_EXISTING_EMPLOYEE_DATA,No,2026-08-01
LEARN-EMP014-COURSE-S002-PRC,EMP014,Shahid Ali,DEPARTMENT-005,Engineering,POS-014,Software Engineer II,Professional/Mid-level,COURSE-S002-PRC,Applied SQL & Databases,Practitioner,S002,SQL & Databases,4,76.4,Not Required,Completed,2025-01-15,Yes,"Derived from actual role=Professional/Mid-level, skill proficiency=4/5, skill score=76.4, certification=Not Required, skill status=Verified.",DERIVED_DEMO_FROM_EXISTING_EMPLOYEE_DATA,No,2026-08-01
LEARN-EMP014-COURSE-S001-PRC,EMP014,Shahid Ali,DEPARTMENT-005,Engineering,POS-014,Software Engineer II,Professional/Mid-level,COURSE-S001-PRC,Applied Python Programming,Practitioner,S001,Python Programming,4,73.6,Not Required,Completed,2026-02-15,Yes,"Derived from actual role=Professional/Mid-level, skill proficiency=4/5, skill score=73.6, certification=Not Required, skill status=Verified.",DERIVED_DEMO_FROM_EXISTING_EMPLOYEE_DATA,No,2026-08-01
LEARN-EMP483-COURSE-S074-ADV,EMP483,Bilal Mahmood,DEPARTMENT-011,Legal & Compliance,POS-472,Legal Assistant,Junior/Assistant,COURSE-S074-ADV,Advanced Legal Research and Decision Practice,Advanced,S074,Legal Research,4,93.6,Not Required,Completed,2024-06-15,Yes,"Derived from actual role=Junior/Assistant, skill proficiency=4/5, skill score=93.6, certification=Not Required, skill status=Current.",DERIVED_DEMO_FROM_EXISTING_EMPLOYEE_DATA,No,2026-08-01
LEARN-EMP085-COURSE-S047-ADV,EMP085,Sara Yousaf,DEPARTMENT-001,HR,POS-085,Senior HR Specialist,Senior/Lead,COURSE-S047-ADV,Advanced Coaching & Mentoring for Professional Growth,Advanced,S047,Coaching & Mentoring,5,89.7,Not Required,Completed,2025-02-15,Yes,"Derived from actual role=Senior/Lead, skill proficiency=5/5, skill score=89.7, certification=Not Required, skill status=Verified.",DERIVED_DEMO_FROM_EXISTING_EMPLOYEE_DATA,No,2026-08-01
LEARN-EMP085-COURSE-S034-PRC,EMP085,Sara Yousaf,DEPARTMENT-001,HR,POS-085,Senior HR Specialist,Senior/Lead,COURSE-S034-PRC,Employee Relations in Practice,Practitioner,S034,Employee Relations,4,74.3,Not Required,Completed,2026-02-15,Yes,"Derived from actual role=Senior/Lead, skill proficiency=4/5, skill score=74.3, certification=Not Required, skill status=Verified.",DERIVED_DEMO_FROM_EXISTING_EMPLOYEE_DATA,No,2026-08-01
LEARN-EMP501-COURSE-S049-ADV,EMP501,Kinza Mahmood,DEPARTMENT-012,Procurement & Supply Chain,POS-489,Procurement Manager,Manager/Head,COURSE-S049-ADV,Advanced Data Analysis and Decision Practice,Advanced,S049,Data Analysis,5,100.0,Certified,Completed,2026-04-15,No,"Derived from actual role=Manager/Head, skill proficiency=5/5, skill score=100.0, certification=Certified, skill status=Current.",DERIVED_DEMO_FROM_EXISTING_EMPLOYEE_DATA,No,2026-08-01
LEARN-EMP501-COURSE-S078-ADV,EMP501,Kinza Mahmood,DEPARTMENT-012,Procurement & Supply Chain,POS-489,Procurement Manager,Manager/Head,COURSE-S078-ADV,Advanced Supplier Management and Decision Practice,Advanced,S078,Supplier Management,4,84.2,Not Required,Completed,2025-08-15,Yes,"Derived from actual role=Manager/Head, skill proficiency=4/5, skill score=84.2, certification=Not Required, skill status=Current.",DERIVED_DEMO_FROM_EXISTING_EMPLOYEE_DATA,No,2026-08-01
LEARN-EMP501-COURSE-S079-ADV,EMP501,Kinza Mahmood,DEPARTMENT-012,Procurement & Supply Chain,POS-489,Procurement Manager,Manager/Head,COURSE-S079-ADV,Advanced Contract Negotiation and Decision Practice,Advanced,S079,Contract Negotiation,4,82.8,Not Required,Completed,2025-01-15,Yes,"Derived from actual role=Manager/Head, skill proficiency=4/5, skill score=82.8, certification=Not Required, skill status=Current.",DERIVED_DEMO_FROM_EXISTING_EMPLOYEE_DATA,No,2026-08-01
LEARN-EMP683-COURSE-S099-ADV,EMP683,Farhan Qureshi,DEPARTMENT-016,Research & Development,POS-667,Senior Research Scientist,Senior/Lead,COURSE-S099-ADV,Advanced Innovation Management and Innovation Practice,Advanced,S099,Innovation Management,5,90.4,Planned,Completed,2024-04-15,Yes,"Derived from actual role=Senior/Lead, skill proficiency=5/5, skill score=90.4, certification=Planned, skill status=Current.",DERIVED_DEMO_FROM_EXISTING_EMPLOYEE_DATA,No,2026-08-01
LEARN-EMP683-COURSE-S097-ADV,EMP683,Farhan Qureshi,DEPARTMENT-016,Research & Development,POS-667,Senior Research Scientist,Senior/Lead,COURSE-S097-ADV,Advanced Experimental Design and Innovation Practice,Advanced,S097,Experimental Design,5,99.9,Not Required,Completed,2025-01-15,Yes,"Derived from actual role=Senior/Lead, skill proficiency=5/5, skill score=99.9, certification=Not Required, skill status=Current.",DERIVED_DEMO_FROM_EXISTING_EMPLOYEE_DATA,No,2026-08-01
LEARN-EMP558-COURSE-S084-ADV,EMP558,Waqas Latif,DEPARTMENT-013,Logistics & Warehouse,POS-545,Logistics Coordinator,Professional/Mid-level,COURSE-S084-ADV,Advanced Transport Planning and Decision Practice,Advanced,S084,Transport Planning,5,89.5,Certified,Completed,2025-07-15,Yes,"Derived from actual role=Professional/Mid-level, skill proficiency=5/5, skill score=89.5, certification=Certified, skill status=Current.",DERIVED_DEMO_FROM_EXISTING_EMPLOYEE_DATA,No,2026-08-01
LEARN-EMP558-COURSE-S083-PRC,EMP558,Waqas Latif,DEPARTMENT-013,Logistics & Warehouse,POS-545,Logistics Coordinator,Professional/Mid-level,COURSE-S083-PRC,Applied Inventory Control,Practitioner,S083,Inventory Control,4,79.3,Not Required,Completed,2025-05-15,Yes,"Derived from actual role=Professional/Mid-level, skill proficiency=4/5, skill score=79.3, certification=Not Required, skill status=Current.",DERIVED_DEMO_FROM_EXISTING_EMPLOYEE_DATA,No,2026-08-01
LEARN-EMP679-COURSE-S049-ADV,EMP679,Rabia Latif,DEPARTMENT-016,Research & Development,POS-663,Research and Development Manager,Manager/Head,COURSE-S049-ADV,Advanced Data Analysis and Decision Practice,Advanced,S049,Data Analysis,5,99.0,Not Required,Completed,2024-07-15,Yes,"Derived from actual role=Manager/Head, skill proficiency=5/5, skill score=99.0, certification=Not Required, skill status=Current.",DERIVED_DEMO_FROM_EXISTING_EMPLOYEE_DATA,No,2026-08-01
LEARN-EMP679-COURSE-S096-PRC,EMP679,Rabia Latif,DEPARTMENT-016,Research & Development,POS-663,Research and Development Manager,Manager/Head,COURSE-S096-PRC,Applied Research Methodology for R&D,Practitioner,S096,Research Methodology,3,72.9,Not Required,Completed,2024-03-15,Yes,"Derived from actual role=Manager/Head, skill proficiency=3/5, skill score=72.9, certification=Not Required, skill status=Current.",DERIVED_DEMO_FROM_EXISTING_EMPLOYEE_DATA,No,2026-08-01
LEARN-EMP679-COURSE-S044-ADV,EMP679,Rabia Latif,DEPARTMENT-016,Research & Development,POS-663,Research and Development Manager,Manager/Head,COURSE-S044-ADV,Advanced Problem Solving for Professional Growth,Advanced,S044,Problem Solving,4,94.1,Not Required,Completed,2026-01-15,No,"Derived from actual role=Manager/Head, skill proficiency=4/5, skill score=94.1, certification=Not Required, skill status=Current.",DERIVED_DEMO_FROM_EXISTING_EMPLOYEE_DATA,No,2026-08-01
LEARN-EMP467-COURSE-S074-ADV,EMP467,Maryam Dar,DEPARTMENT-011,Legal & Compliance,POS-456,Compliance Analyst,Professional/Mid-level,COURSE-S074-ADV,Advanced Legal Research and Decision Practice,Advanced,S074,Legal Research,5,90.4,Not Required,Completed,2024-05-15,Yes,"Derived from actual role=Professional/Mid-level, skill proficiency=5/5, skill score=90.4, certification=Not Required, skill status=Current.",DERIVED_DEMO_FROM_EXISTING_EMPLOYEE_DATA,No,2026-08-01
LEARN-EMP467-COURSE-S075-PRC,EMP467,Maryam Dar,DEPARTMENT-011,Legal & Compliance,POS-456,Compliance Analyst,Professional/Mid-level,COURSE-S075-PRC,Applied Case Management,Practitioner,S075,Case Management,4,81.5,Not Required,Completed,2025-04-15,Yes,"Derived from actual role=Professional/Mid-level, skill proficiency=4/5, skill score=81.5, certification=Not Required, skill status=Current.",DERIVED_DEMO_FROM_EXISTING_EMPLOYEE_DATA,No,2026-08-01
LEARN-EMP614-COURSE-S044-ADV,EMP614,Asad Rashid,DEPARTMENT-014,Production & Manufacturing,POS-600,Production Technician,Professional/Mid-level,COURSE-S044-ADV,Advanced Problem Solving for Professional Growth,Advanced,S044,Problem Solving,5,98.3,Not Required,Completed,2025-01-15,No,"Derived from actual role=Professional/Mid-level, skill proficiency=5/5, skill score=98.3, certification=Not Required, skill status=Current.",DERIVED_DEMO_FROM_EXISTING_EMPLOYEE_DATA,No,2026-08-01
LEARN-EMP614-COURSE-S043-ADV,EMP614,Asad Rashid,DEPARTMENT-014,Production & Manufacturing,POS-600,Production Technician,Professional/Mid-level,COURSE-S043-ADV,Advanced Teamwork for Professional Growth,Advanced,S043,Teamwork,5,93.7,Not Required,Completed,2025-03-15,No,"Derived from actual role=Professional/Mid-level, skill proficiency=5/5, skill score=93.7, certification=Not Required, skill status=Current.",DERIVED_DEMO_FROM_EXISTING_EMPLOYEE_DATA,No,2026-08-01
LEARN-EMP458-COURSE-S074-ADV,EMP458,Taha Ansari,DEPARTMENT-011,Legal & Compliance,POS-447,Senior Legal Counsel,Senior/Lead,COURSE-S074-ADV,Advanced Legal Research and Decision Practice,Advanced,S074,Legal Research,4,84.6,Not Required,Completed,2025-04-15,Yes,"Derived from actual role=Senior/Lead, skill proficiency=4/5, skill score=84.6, certification=Not Required, skill status=Current.",DERIVED_DEMO_FROM_EXISTING_EMPLOYEE_DATA,No,2026-08-01
LEARN-EMP458-COURSE-S072-PRC,EMP458,Taha Ansari,DEPARTMENT-011,Legal & Compliance,POS-447,Senior Legal Counsel,Senior/Lead,COURSE-S072-PRC,Applied Regulatory Compliance,Practitioner,S072,Regulatory Compliance,3,69.0,Not Required,Completed,2024-08-15,Yes,"Derived from actual role=Senior/Lead, skill proficiency=3/5, skill score=69.0, certification=Not Required, skill status=Current.",DERIVED_DEMO_FROM_EXISTING_EMPLOYEE_DATA,No,2026-08-01
LEARN-EMP235-COURSE-S025-ADV,EMP235,Farhan Munir,DEPARTMENT-002,Finance,POS-233,Financial Analyst,Professional/Mid-level,COURSE-S025-ADV,Advanced Financial Analysis and Decision Practice,Advanced,S025,Financial Analysis,5,95.0,Planned,Completed,2025-04-15,Yes,"Derived from actual role=Professional/Mid-level, skill proficiency=5/5, skill score=95.0, certification=Planned, skill status=Current.",DERIVED_DEMO_FROM_EXISTING_EMPLOYEE_DATA,No,2026-08-01
LEARN-EMP235-COURSE-S053-ADV,EMP235,Farhan Munir,DEPARTMENT-002,Finance,POS-233,Financial Analyst,Professional/Mid-level,COURSE-S053-ADV,Advanced Documentation for Professional Growth,Advanced,S053,Documentation,5,100.0,Not Required,Completed,2025-02-15,No,"Derived from actual role=Professional/Mid-level, skill proficiency=5/5, skill score=100.0, certification=Not Required, skill status=Current.",DERIVED_DEMO_FROM_EXISTING_EMPLOYEE_DATA,No,2026-08-01
LEARN-EMP508-COURSE-S076-ADV,EMP508,Kinza Siddiqui,DEPARTMENT-012,Procurement & Supply Chain,POS-496,Senior Procurement Specialist,Senior/Lead,COURSE-S076-ADV,Advanced Strategic Sourcing and Decision Practice,Advanced,S076,Strategic Sourcing,5,100.0,Certified,Completed,2025-04-15,Yes,"Derived from actual role=Senior/Lead, skill proficiency=5/5, skill score=100.0, certification=Certified, skill status=Current.",DERIVED_DEMO_FROM_EXISTING_EMPLOYEE_DATA,No,2026-08-01
LEARN-EMP508-COURSE-S079-PRC,EMP508,Kinza Siddiqui,DEPARTMENT-012,Procurement & Supply Chain,POS-496,Senior Procurement Specialist,Senior/Lead,COURSE-S079-PRC,Applied Contract Negotiation,Practitioner,S079,Contract Negotiation,3,70.7,Planned,Completed,2026-05-15,Yes,"Derived from actual role=Senior/Lead, skill proficiency=3/5, skill score=70.7, certification=Planned, skill status=Current.",DERIVED_DEMO_FROM_EXISTING_EMPLOYEE_DATA,No,2026-08-01
LEARN-EMP600-COURSE-S044-ADV,EMP600,Usman Saleem,DEPARTMENT-014,Production & Manufacturing,POS-586,Senior Production Supervisor,Senior/Lead,COURSE-S044-ADV,Advanced Problem Solving for Professional Growth,Advanced,S044,Problem Solving,5,90.0,Planned,Completed,2026-01-15,No,"Derived from actual role=Senior/Lead, skill proficiency=5/5, skill score=90.0, certification=Planned, skill status=Current.",DERIVED_DEMO_FROM_EXISTING_EMPLOYEE_DATA,No,2026-08-01
LEARN-EMP600-COURSE-S087-FND,EMP600,Usman Saleem,DEPARTMENT-014,Production & Manufacturing,POS-586,Senior Production Supervisor,Senior/Lead,COURSE-S087-FND,Health and Safety Essentials,Foundation,S087,Health and Safety,3,61.2,Not Required,Completed,2026-03-15,Yes,"Derived from actual role=Senior/Lead, skill proficiency=3/5, skill score=61.2, certification=Not Required, skill status=Current.",DERIVED_DEMO_FROM_EXISTING_EMPLOYEE_DATA,No,2026-08-01
LEARN-EMP298-COURSE-S008-ADV,EMP298,Ayesha Mughal,DEPARTMENT-007,IT,POS-291,Senior Systems Engineer,Senior/Lead,COURSE-S008-ADV,Advanced Cybersecurity and Decision Practice,Advanced,S008,Cybersecurity,5,95.0,Certified,Completed,2026-01-15,Yes,"Derived from actual role=Senior/Lead, skill proficiency=5/5, skill score=95.0, certification=Certified, skill status=Current.",DERIVED_DEMO_FROM_EXISTING_EMPLOYEE_DATA,No,2026-08-01
LEARN-EMP298-COURSE-S009-ADV,EMP298,Ayesha Mughal,DEPARTMENT-007,IT,POS-291,Senior Systems Engineer,Senior/Lead,COURSE-S009-ADV,Advanced Network Administration and Decision Practice,Advanced,S009,Network Administration,4,84.3,Certified,Completed,2024-08-15,Yes,"Derived from actual role=Senior/Lead, skill proficiency=4/5, skill score=84.3, certification=Certified, skill status=Current.",DERIVED_DEMO_FROM_EXISTING_EMPLOYEE_DATA,No,2026-08-01
LEARN-EMP653-COURSE-S092-PRC,EMP653,Laiba Hussain,DEPARTMENT-015,Quality Assurance,POS-638,Quality Analyst,Professional/Mid-level,COURSE-S092-PRC,Applied Quality Auditing in Operations,Practitioner,S092,Quality Auditing,3,82.6,Not Required,Completed,2025-01-15,Yes,"Derived from actual role=Professional/Mid-level, skill proficiency=3/5, skill score=82.6, certification=Not Required, skill status=Current.",DERIVED_DEMO_FROM_EXISTING_EMPLOYEE_DATA,No,2026-08-01
LEARN-EMP653-COURSE-S049-ADV,EMP653,Laiba Hussain,DEPARTMENT-015,Quality Assurance,POS-638,Quality Analyst,Professional/Mid-level,COURSE-S049-ADV,Advanced Data Analysis and Decision Practice,Advanced,S049,Data Analysis,5,91.2,Not Required,Completed,2024-03-15,No,"Derived from actual role=Professional/Mid-level, skill proficiency=5/5, skill score=91.2, certification=Not Required, skill status=Current.",DERIVED_DEMO_FROM_EXISTING_EMPLOYEE_DATA,No,2026-08-01
LEARN-EMP081-COURSE-S033-ADV,EMP081,Sonia Arif,DEPARTMENT-001,HR,POS-081,Senior HR Specialist,Senior/Lead,COURSE-S033-ADV,Advanced Performance Management and Decision Practice,Advanced,S033,Performance Management,5,100.0,Not Required,Completed,2026-08-15,Yes,"Derived from actual role=Senior/Lead, skill proficiency=5/5, skill score=100.0, certification=Not Required, skill status=Verified.",DERIVED_DEMO_FROM_EXISTING_EMPLOYEE_DATA,No,2026-08-01
LEARN-EMP081-COURSE-S047-ADV,EMP081,Sonia Arif,DEPARTMENT-001,HR,POS-081,Senior HR Specialist,Senior/Lead,COURSE-S047-ADV,Advanced Coaching & Mentoring for Professional Growth,Advanced,S047,Coaching & Mentoring,5,96.3,Not Required,Completed,2025-03-15,Yes,"Derived from actual role=Senior/Lead, skill proficiency=5/5, skill score=96.3, certification=Not Required, skill status=Verified.",DERIVED_DEMO_FROM_EXISTING_EMPLOYEE_DATA,No,2026-08-01
LEARN-EMP339-COURSE-S056-ADV,EMP339,Saba Saleem,DEPARTMENT-008,Medical Care,POS-331,Medical Officer,Professional/Mid-level,COURSE-S056-ADV,Advanced Clinical Documentation and Patient Safety,Advanced,S056,Clinical Documentation,5,95.3,Not Required,Completed,2026-05-15,Yes,"Derived from actual role=Professional/Mid-level, skill proficiency=5/5, skill score=95.3, certification=Not Required, skill status=Current.",DERIVED_DEMO_FROM_EXISTING_EMPLOYEE_DATA,No,2026-08-01
LEARN-EMP339-COURSE-S051-ADV,EMP339,Saba Saleem,DEPARTMENT-008,Medical Care,POS-331,Medical Officer,Professional/Mid-level,COURSE-S051-ADV,Advanced Empathy & Active Listening for Professional Growth,Advanced,S051,Empathy & Active Listening,5,92.1,Planned,Completed,2026-04-15,No,"Derived from actual role=Professional/Mid-level, skill proficiency=5/5, skill score=92.1, certification=Planned, skill status=Current.",DERIVED_DEMO_FROM_EXISTING_EMPLOYEE_DATA,No,2026-08-01
LEARN-EMP594-COURSE-S089-ADV,EMP594,Raza Mirza,DEPARTMENT-014,Production & Manufacturing,POS-580,Senior Production Supervisor,Senior/Lead,COURSE-S089-ADV,Advanced Machine Operation and Continuous Improvement,Advanced,S089,Machine Operation,4,88.4,Not Required,Completed,2026-07-15,Yes,"Derived from actual role=Senior/Lead, skill proficiency=4/5, skill score=88.4, certification=Not Required, skill status=Current.",DERIVED_DEMO_FROM_EXISTING_EMPLOYEE_DATA,No,2026-08-01
LEARN-EMP594-COURSE-S091-PRC,EMP594,Raza Mirza,DEPARTMENT-014,Production & Manufacturing,POS-580,Senior Production Supervisor,Senior/Lead,COURSE-S091-PRC,Applied Lean Manufacturing in Operations,Practitioner,S091,Lean Manufacturing,3,77.9,Not Required,Completed,2024-03-15,Yes,"Derived from actual role=Senior/Lead, skill proficiency=3/5, skill score=77.9, certification=Not Required, skill status=Current.",DERIVED_DEMO_FROM_EXISTING_EMPLOYEE_DATA,No,2026-08-01
LEARN-EMP514-COURSE-S080-ADV,EMP514,Sana Saleem,DEPARTMENT-012,Procurement & Supply Chain,POS-502,Procurement Officer,Professional/Mid-level,COURSE-S080-ADV,Advanced Inventory Planning and Decision Practice,Advanced,S080,Inventory Planning,5,93.5,Not Required,Completed,2024-03-15,Yes,"Derived from actual role=Professional/Mid-level, skill proficiency=5/5, skill score=93.5, certification=Not Required, skill status=Current.",DERIVED_DEMO_FROM_EXISTING_EMPLOYEE_DATA,No,2026-08-01
LEARN-EMP514-COURSE-S077-ADV,EMP514,Sana Saleem,DEPARTMENT-012,Procurement & Supply Chain,POS-502,Procurement Officer,Professional/Mid-level,COURSE-S077-ADV,Advanced Purchase Order Management and Decision Practice,Advanced,S077,Purchase Order Management,5,100.0,Not Required,Completed,2026-08-15,Yes,"Derived from actual role=Professional/Mid-level, skill proficiency=5/5, skill score=100.0, certification=Not Required, skill status=Current.",DERIVED_DEMO_FROM_EXISTING_EMPLOYEE_DATA,No,2026-08-01
LEARN-EMP456-COURSE-S074-ADV,EMP456,Areeba Saleem,DEPARTMENT-011,Legal & Compliance,POS-445,Legal and Compliance Manager,Manager/Head,COURSE-S074-ADV,Advanced Legal Research and Decision Practice,Advanced,S074,Legal Research,5,86.8,Certified,Completed,2025-02-15,Yes,"Derived from actual role=Manager/Head, skill proficiency=5/5, skill score=86.8, certification=Certified, skill status=Current.",DERIVED_DEMO_FROM_EXISTING_EMPLOYEE_DATA,No,2026-08-01
LEARN-EMP456-COURSE-S072-ADV,EMP456,Areeba Saleem,DEPARTMENT-011,Legal & Compliance,POS-445,Legal and Compliance Manager,Manager/Head,COURSE-S072-ADV,Advanced Regulatory Compliance and Decision Practice,Advanced,S072,Regulatory Compliance,5,90.5,Not Required,Completed,2025-07-15,Yes,"Derived from actual role=Manager/Head, skill proficiency=5/5, skill score=90.5, certification=Not Required, skill status=Current.",DERIVED_DEMO_FROM_EXISTING_EMPLOYEE_DATA,No,2026-08-01
LEARN-EMP456-COURSE-S045-ADV,EMP456,Areeba Saleem,DEPARTMENT-011,Legal & Compliance,POS-445,Legal and Compliance Manager,Manager/Head,COURSE-S045-ADV,Advanced Stakeholder Management for Professional Growth,Advanced,S045,Stakeholder Management,5,87.4,Not Required,Completed,2025-06-15,No,"Derived from actual role=Manager/Head, skill proficiency=5/5, skill score=87.4, certification=Not Required, skill status=Current.",DERIVED_DEMO_FROM_EXISTING_EMPLOYEE_DATA,No,2026-08-01
LEARN-EMP487-COURSE-S074-ADV,EMP487,Talha Hashmi,DEPARTMENT-011,Legal & Compliance,POS-476,Legal Assistant,Junior/Assistant,COURSE-S074-ADV,Advanced Legal Research and Decision Practice,Advanced,S074,Legal Research,4,82.1,Not Required,Completed,2025-03-15,Yes,"Derived from actual role=Junior/Assistant, skill proficiency=4/5, skill score=82.1, certification=Not Required, skill status=Current.",DERIVED_DEMO_FROM_EXISTING_EMPLOYEE_DATA,No,2026-08-01
LEARN-EMP603-COURSE-S090-FND,EMP603,Ayesha Qureshi,DEPARTMENT-014,Production & Manufacturing,POS-589,Production Technician,Professional/Mid-level,COURSE-S090-FND,Preventive Maintenance Essentials,Foundation,S090,Preventive Maintenance,2,72.6,Certified,Completed,2025-06-15,Yes,"Derived from actual role=Professional/Mid-level, skill proficiency=2/5, skill score=72.6, certification=Certified, skill status=Developing.",DERIVED_DEMO_FROM_EXISTING_EMPLOYEE_DATA,No,2026-08-01
LEARN-EMP603-COURSE-S046-ADV,EMP603,Ayesha Qureshi,DEPARTMENT-014,Production & Manufacturing,POS-589,Production Technician,Professional/Mid-level,COURSE-S046-ADV,Advanced Leadership for Professional Growth,Advanced,S046,Leadership,5,99.2,Not Required,Completed,2025-01-15,No,"Derived from actual role=Professional/Mid-level, skill proficiency=5/5, skill score=99.2, certification=Not Required, skill status=Current.",DERIVED_DEMO_FROM_EXISTING_EMPLOYEE_DATA,No,2026-08-01
LEARN-EMP611-COURSE-S087-PRC,EMP611,Omar Mahmood,DEPARTMENT-014,Production & Manufacturing,POS-597,Production Technician,Professional/Mid-level,COURSE-S087-PRC,Applied Health and Safety in Operations,Practitioner,S087,Health and Safety,3,93.3,Certified,Completed,2024-06-15,Yes,"Derived from actual role=Professional/Mid-level, skill proficiency=3/5, skill score=93.3, certification=Certified, skill status=Current.",DERIVED_DEMO_FROM_EXISTING_EMPLOYEE_DATA,No,2026-08-01
LEARN-EMP611-COURSE-S020-PRC,EMP611,Omar Mahmood,DEPARTMENT-014,Production & Manufacturing,POS-597,Production Technician,Professional/Mid-level,COURSE-S020-PRC,Applied SOP Compliance,Practitioner,S020,SOP Compliance,4,77.9,Certified,Completed,2026-04-15,No,"Derived from actual role=Professional/Mid-level, skill proficiency=4/5, skill score=77.9, certification=Certified, skill status=Current.",DERIVED_DEMO_FROM_EXISTING_EMPLOYEE_DATA,No,2026-08-01
LEARN-EMP409-COURSE-S070-ADV,EMP409,Waqas Akhtar,DEPARTMENT-010,Administration & Facilities,POS-399,Administration Manager,Manager/Head,COURSE-S070-ADV,Advanced Records Management and Decision Practice,Advanced,S070,Records Management,4,92.2,Not Required,Completed,2025-03-15,Yes,"Derived from actual role=Manager/Head, skill proficiency=4/5, skill score=92.2, certification=Not Required, skill status=Current.",DERIVED_DEMO_FROM_EXISTING_EMPLOYEE_DATA,No,2026-08-01
LEARN-EMP409-COURSE-S067-ADV,EMP409,Waqas Akhtar,DEPARTMENT-010,Administration & Facilities,POS-399,Administration Manager,Manager/Head,COURSE-S067-ADV,Advanced Facilities Management and Decision Practice,Advanced,S067,Facilities Management,4,88.1,Planned,Completed,2026-04-15,Yes,"Derived from actual role=Manager/Head, skill proficiency=4/5, skill score=88.1, certification=Planned, skill status=Current.",DERIVED_DEMO_FROM_EXISTING_EMPLOYEE_DATA,No,2026-08-01
LEARN-EMP409-COURSE-S053-ADV,EMP409,Waqas Akhtar,DEPARTMENT-010,Administration & Facilities,POS-399,Administration Manager,Manager/Head,COURSE-S053-ADV,Advanced Documentation for Professional Growth,Advanced,S053,Documentation,5,100.0,Not Required,Completed,2026-01-15,No,"Derived from actual role=Manager/Head, skill proficiency=5/5, skill score=100.0, certification=Not Required, skill status=Current.",DERIVED_DEMO_FROM_EXISTING_EMPLOYEE_DATA,No,2026-08-01
LEARN-EMP350-COURSE-S057-PRC,EMP350,Noor Abbasi,DEPARTMENT-008,Medical Care,POS-342,Junior Medical Officer,Junior/Assistant,COURSE-S057-PRC,Applied Medication Safety in Clinical Practice,Practitioner,S057,Medication Safety,4,78.8,Certified,Completed,2024-05-15,Yes,"Derived from actual role=Junior/Assistant, skill proficiency=4/5, skill score=78.8, certification=Certified, skill status=Current.",DERIVED_DEMO_FROM_EXISTING_EMPLOYEE_DATA,No,2026-08-01
LEARN-EMP592-COURSE-S091-ADV,EMP592,Hamza Qureshi,DEPARTMENT-014,Production & Manufacturing,POS-578,Production Manager,Manager/Head,COURSE-S091-ADV,Advanced Lean Manufacturing and Continuous Improvement,Advanced,S091,Lean Manufacturing,5,100.0,Planned,Completed,2024-02-15,Yes,"Derived from actual role=Manager/Head, skill proficiency=5/5, skill score=100.0, certification=Planned, skill status=Current.",DERIVED_DEMO_FROM_EXISTING_EMPLOYEE_DATA,No,2026-08-01
LEARN-EMP592-COURSE-S087-ADV,EMP592,Hamza Qureshi,DEPARTMENT-014,Production & Manufacturing,POS-578,Production Manager,Manager/Head,COURSE-S087-ADV,Advanced Health and Safety and Continuous Improvement,Advanced,S087,Health and Safety,5,88.2,Not Required,Completed,2025-07-15,Yes,"Derived from actual role=Manager/Head, skill proficiency=5/5, skill score=88.2, certification=Not Required, skill status=Current.",DERIVED_DEMO_FROM_EXISTING_EMPLOYEE_DATA,No,2026-08-01
LEARN-EMP592-COURSE-S043-ADV,EMP592,Hamza Qureshi,DEPARTMENT-014,Production & Manufacturing,POS-578,Production Manager,Manager/Head,COURSE-S043-ADV,Advanced Teamwork for Professional Growth,Advanced,S043,Teamwork,5,88.9,Certified,Completed,2024-01-15,No,"Derived from actual role=Manager/Head, skill proficiency=5/5, skill score=88.9, certification=Certified, skill status=Current.",DERIVED_DEMO_FROM_EXISTING_EMPLOYEE_DATA,No,2026-08-01
LEARN-EMP263-COURSE-S037-ADV,EMP263,Anusha Rauf,DEPARTMENT-004,Customer Support,POS-259,Customer Support Specialist,Professional/Mid-level,COURSE-S037-ADV,Advanced Customer Service and Decision Practice,Advanced,S037,Customer Service,4,98.3,Not Required,Completed,2026-07-15,Yes,"Derived from actual role=Professional/Mid-level, skill proficiency=4/5, skill score=98.3, certification=Not Required, skill status=Current.",DERIVED_DEMO_FROM_EXISTING_EMPLOYEE_DATA,No,2026-08-01
LEARN-EMP263-COURSE-S039-ADV,EMP263,Anusha Rauf,DEPARTMENT-004,Customer Support,POS-259,Customer Support Specialist,Professional/Mid-level,COURSE-S039-ADV,Advanced Call Handling and Decision Practice,Advanced,S039,Call Handling,4,85.0,Not Required,Completed,2025-04-15,Yes,"Derived from actual role=Professional/Mid-level, skill proficiency=4/5, skill score=85.0, certification=Not Required, skill status=Current.",DERIVED_DEMO_FROM_EXISTING_EMPLOYEE_DATA,No,2026-08-01
LEARN-EMP441-COURSE-S068-PRC,EMP441,Mahnoor Waheed,DEPARTMENT-010,Administration & Facilities,POS-431,Administrative Assistant,Junior/Assistant,COURSE-S068-PRC,Applied Vendor Coordination,Practitioner,S068,Vendor Coordination,3,75.9,Not Required,Completed,2024-03-15,Yes,"Derived from actual role=Junior/Assistant, skill proficiency=3/5, skill score=75.9, certification=Not Required, skill status=Current.",DERIVED_DEMO_FROM_EXISTING_EMPLOYEE_DATA,No,2026-08-01
LEARN-EMP004-COURSE-S025-PRC,EMP004,Ali Masood,DEPARTMENT-002,Finance,POS-004,Financial Analyst,Professional/Mid-level,COURSE-S025-PRC,Applied Financial Analysis,Practitioner,S025,Financial Analysis,4,81.0,Certified,Completed,2025-05-15,Yes,"Derived from actual role=Professional/Mid-level, skill proficiency=4/5, skill score=81.0, certification=Certified, skill status=Developing.",DERIVED_DEMO_FROM_EXISTING_EMPLOYEE_DATA,No,2026-08-01
LEARN-EMP004-COURSE-S026-PRC,EMP004,Ali Masood,DEPARTMENT-002,Finance,POS-004,Financial Analyst,Professional/Mid-level,COURSE-S026-PRC,Applied Accounting & Reconciliation,Practitioner,S026,Accounting & Reconciliation,4,78.5,Not Required,Completed,2025-02-15,Yes,"Derived from actual role=Professional/Mid-level, skill proficiency=4/5, skill score=78.5, certification=Not Required, skill status=Developing.",DERIVED_DEMO_FROM_EXISTING_EMPLOYEE_DATA,No,2026-08-01
LEARN-EMP357-COURSE-S056-PRC,EMP357,Kamran Ismail,DEPARTMENT-008,Medical Care,POS-349,Junior Medical Officer,Junior/Assistant,COURSE-S056-PRC,Applied Clinical Documentation in Clinical Practice,Practitioner,S056,Clinical Documentation,4,79.5,Certified,Completed,2026-08-15,Yes,"Derived from actual role=Junior/Assistant, skill proficiency=4/5, skill score=79.5, certification=Certified, skill status=Current.",DERIVED_DEMO_FROM_EXISTING_EMPLOYEE_DATA,No,2026-08-01
LEARN-EMP202-COURSE-S032-ADV,EMP202,Usman Hashmi,DEPARTMENT-001,HR,POS-201,HR Manager,Manager/Head,COURSE-S032-ADV,Advanced HRIS & Employee Data and Decision Practice,Advanced,S032,HRIS & Employee Data,4,92.9,Certified,Completed,2026-02-15,Yes,"Derived from actual role=Manager/Head, skill proficiency=4/5, skill score=92.9, certification=Certified, skill status=Current.",DERIVED_DEMO_FROM_EXISTING_EMPLOYEE_DATA,No,2026-08-01
LEARN-EMP202-COURSE-S045-ADV,EMP202,Usman Hashmi,DEPARTMENT-001,HR,POS-201,HR Manager,Manager/Head,COURSE-S045-ADV,Advanced Stakeholder Management for Professional Growth,Advanced,S045,Stakeholder Management,5,95.7,Certified,Completed,2024-04-15,No,"Derived from actual role=Manager/Head, skill proficiency=5/5, skill score=95.7, certification=Certified, skill status=Current.",DERIVED_DEMO_FROM_EXISTING_EMPLOYEE_DATA,No,2026-08-01
LEARN-EMP202-COURSE-S035-ADV,EMP202,Usman Hashmi,DEPARTMENT-001,HR,POS-201,HR Manager,Manager/Head,COURSE-S035-ADV,Advanced Learning & Development and Decision Practice,Advanced,S035,Learning & Development,4,85.8,Not Required,Completed,2025-06-15,Yes,"Derived from actual role=Manager/Head, skill proficiency=4/5, skill score=85.8, certification=Not Required, skill status=Current.",DERIVED_DEMO_FROM_EXISTING_EMPLOYEE_DATA,No,2026-08-01
LEARN-EMP108-COURSE-S031-PRC,EMP108,Ayesha Ahmad,DEPARTMENT-001,HR,POS-108,HR Generalist,Professional/Mid-level,COURSE-S031-PRC,Applied Recruitment & Selection,Practitioner,S031,Recruitment & Selection,4,78.9,Not Required,Completed,2024-01-15,Yes,"Derived from actual role=Professional/Mid-level, skill proficiency=4/5, skill score=78.9, certification=Not Required, skill status=Verified.",DERIVED_DEMO_FROM_EXISTING_EMPLOYEE_DATA,No,2026-08-01
LEARN-EMP108-COURSE-S034-PRC,EMP108,Ayesha Ahmad,DEPARTMENT-001,HR,POS-108,HR Generalist,Professional/Mid-level,COURSE-S034-PRC,Employee Relations in Practice,Practitioner,S034,Employee Relations,4,75.1,Not Required,Completed,2026-08-15,Yes,"Derived from actual role=Professional/Mid-level, skill proficiency=4/5, skill score=75.1, certification=Not Required, skill status=Verified.",DERIVED_DEMO_FROM_EXISTING_EMPLOYEE_DATA,No,2026-08-01
LEARN-EMP285-COURSE-S020-ADV,EMP285,Maryam Baig,DEPARTMENT-006,Operations,POS-279,Senior Operations Officer,Senior/Lead,COURSE-S020-ADV,Advanced SOP Compliance and Decision Practice,Advanced,S020,SOP Compliance,5,95.0,Planned,Completed,2025-07-15,Yes,"Derived from actual role=Senior/Lead, skill proficiency=5/5, skill score=95.0, certification=Planned, skill status=Current.",DERIVED_DEMO_FROM_EXISTING_EMPLOYEE_DATA,No,2026-08-01
LEARN-EMP285-COURSE-S023-ADV,EMP285,Maryam Baig,DEPARTMENT-006,Operations,POS-279,Senior Operations Officer,Senior/Lead,COURSE-S023-ADV,Advanced Risk & Controls and Decision Practice,Advanced,S023,Risk & Controls,4,92.9,Not Required,Completed,2024-08-15,Yes,"Derived from actual role=Senior/Lead, skill proficiency=4/5, skill score=92.9, certification=Not Required, skill status=Current.",DERIVED_DEMO_FROM_EXISTING_EMPLOYEE_DATA,No,2026-08-01
LEARN-EMP262-COURSE-S040-ADV,EMP262,Omar Riaz,DEPARTMENT-004,Customer Support,POS-258,Senior Customer Support Specialist,Senior/Lead,COURSE-S040-ADV,Advanced SLA Management and Decision Practice,Advanced,S040,SLA Management,5,98.1,Not Required,Completed,2026-07-15,Yes,"Derived from actual role=Senior/Lead, skill proficiency=5/5, skill score=98.1, certification=Not Required, skill status=Current.",DERIVED_DEMO_FROM_EXISTING_EMPLOYEE_DATA,No,2026-08-01
LEARN-EMP262-COURSE-S041-PRC,EMP262,Omar Riaz,DEPARTMENT-004,Customer Support,POS-258,Senior Customer Support Specialist,Senior/Lead,COURSE-S041-PRC,Applied Knowledge Base Management,Practitioner,S041,Knowledge Base Management,3,72.4,Certified,Completed,2026-02-15,Yes,"Derived from actual role=Senior/Lead, skill proficiency=3/5, skill score=72.4, certification=Certified, skill status=Current.",DERIVED_DEMO_FROM_EXISTING_EMPLOYEE_DATA,No,2026-08-01
LEARN-EMP091-COURSE-S030-PRC,EMP091,Nida Mughal,DEPARTMENT-002,Finance,POS-091,Senior Financial Analyst,Senior/Lead,COURSE-S030-PRC,Applied Risk Analysis,Practitioner,S030,Risk Analysis,4,81.7,Certified,Completed,2024-07-15,Yes,"Derived from actual role=Senior/Lead, skill proficiency=4/5, skill score=81.7, certification=Certified, skill status=Verified.",DERIVED_DEMO_FROM_EXISTING_EMPLOYEE_DATA,No,2026-08-01
LEARN-EMP091-COURSE-S028-ADV,EMP091,Nida Mughal,DEPARTMENT-002,Finance,POS-091,Senior Financial Analyst,Senior/Lead,COURSE-S028-ADV,Advanced Regulatory Reporting and Decision Practice,Advanced,S028,Regulatory Reporting,5,96.7,Certification Planned,Completed,2026-05-15,Yes,"Derived from actual role=Senior/Lead, skill proficiency=5/5, skill score=96.7, certification=Certification Planned, skill status=Developing.",DERIVED_DEMO_FROM_EXISTING_EMPLOYEE_DATA,No,2026-08-01
LEARN-EMP338-COURSE-S054-ADV,EMP338,Imran Malik,DEPARTMENT-008,Medical Care,POS-330,Medical Officer,Professional/Mid-level,COURSE-S054-ADV,Advanced Clinical Assessment and Patient Safety,Advanced,S054,Clinical Assessment,5,93.9,Not Required,Completed,2025-06-15,Yes,"Derived from actual role=Professional/Mid-level, skill proficiency=5/5, skill score=93.9, certification=Not Required, skill status=Current.",DERIVED_DEMO_FROM_EXISTING_EMPLOYEE_DATA,No,2026-08-01
LEARN-EMP338-COURSE-S055-ADV,EMP338,Imran Malik,DEPARTMENT-008,Medical Care,POS-330,Medical Officer,Professional/Mid-level,COURSE-S055-ADV,Advanced Patient Care and Patient Safety,Advanced,S055,Patient Care,4,86.8,Not Required,Completed,2025-01-15,Yes,"Derived from actual role=Professional/Mid-level, skill proficiency=4/5, skill score=86.8, certification=Not Required, skill status=Current.",DERIVED_DEMO_FROM_EXISTING_EMPLOYEE_DATA,No,2026-08-01
LEARN-EMP237-COURSE-S029-PRC,EMP237,Areeba Munir,DEPARTMENT-002,Finance,POS-235,Accounts Assistant,Junior/Assistant,COURSE-S029-PRC,Applied Advanced Excel,Practitioner,S029,Advanced Excel,4,73.7,Certified,Completed,2024-06-15,Yes,"Derived from actual role=Junior/Assistant, skill proficiency=4/5, skill score=73.7, certification=Certified, skill status=Current.",DERIVED_DEMO_FROM_EXISTING_EMPLOYEE_DATA,No,2026-08-01
LEARN-EMP402-COURSE-S064-ADV,EMP402,Asad Habib,DEPARTMENT-009,Training & Development,POS-393,Training Coordinator,Junior/Assistant,COURSE-S064-ADV,Advanced Learning Evaluation and Learning Impact,Advanced,S064,Learning Evaluation,4,85.3,Not Required,Completed,2026-07-15,Yes,"Derived from actual role=Junior/Assistant, skill proficiency=4/5, skill score=85.3, certification=Not Required, skill status=Current.",DERIVED_DEMO_FROM_EXISTING_EMPLOYEE_DATA,No,2026-08-01
LEARN-EMP596-COURSE-S090-ADV,EMP596,Laiba Yousaf,DEPARTMENT-014,Production & Manufacturing,POS-582,Senior Production Supervisor,Senior/Lead,COURSE-S090-ADV,Advanced Preventive Maintenance and Continuous Improvement,Advanced,S090,Preventive Maintenance,5,100.0,Not Required,Completed,2024-07-15,Yes,"Derived from actual role=Senior/Lead, skill proficiency=5/5, skill score=100.0, certification=Not Required, skill status=Current.",DERIVED_DEMO_FROM_EXISTING_EMPLOYEE_DATA,No,2026-08-01
LEARN-EMP596-COURSE-S089-ADV,EMP596,Laiba Yousaf,DEPARTMENT-014,Production & Manufacturing,POS-582,Senior Production Supervisor,Senior/Lead,COURSE-S089-ADV,Advanced Machine Operation and Continuous Improvement,Advanced,S089,Machine Operation,5,100.0,Not Required,Completed,2025-04-15,Yes,"Derived from actual role=Senior/Lead, skill proficiency=5/5, skill score=100.0, certification=Not Required, skill status=Current.",DERIVED_DEMO_FROM_EXISTING_EMPLOYEE_DATA,No,2026-08-01
LEARN-EMP580-COURSE-S085-ADV,EMP580,Minal Bukhari,DEPARTMENT-013,Logistics & Warehouse,POS-567,Warehouse Assistant,Junior/Assistant,COURSE-S085-ADV,Advanced Route Optimization and Decision Practice,Advanced,S085,Route Optimization,4,86.8,Certified,Completed,2026-08-15,Yes,"Derived from actual role=Junior/Assistant, skill proficiency=4/5, skill score=86.8, certification=Certified, skill status=Current.",DERIVED_DEMO_FROM_EXISTING_EMPLOYEE_DATA,No,2026-08-01
LEARN-EMP499-COURSE-S076-ADV,EMP499,Rabia Dar,DEPARTMENT-012,Procurement & Supply Chain,POS-487,Procurement Manager,Manager/Head,COURSE-S076-ADV,Advanced Strategic Sourcing and Decision Practice,Advanced,S076,Strategic Sourcing,5,97.8,Planned,Completed,2024-04-15,Yes,"Derived from actual role=Manager/Head, skill proficiency=5/5, skill score=97.8, certification=Planned, skill status=Current.",DERIVED_DEMO_FROM_EXISTING_EMPLOYEE_DATA,No,2026-08-01
LEARN-EMP499-COURSE-S080-ADV,EMP499,Rabia Dar,DEPARTMENT-012,Procurement & Supply Chain,POS-487,Procurement Manager,Manager/Head,COURSE-S080-ADV,Advanced Inventory Planning and Decision Practice,Advanced,S080,Inventory Planning,5,82.5,Not Required,Completed,2026-01-15,Yes,"Derived from actual role=Manager/Head, skill proficiency=5/5, skill score=82.5, certification=Not Required, skill status=Current.",DERIVED_DEMO_FROM_EXISTING_EMPLOYEE_DATA,No,2026-08-01
LEARN-EMP499-COURSE-S079-PRC,EMP499,Rabia Dar,DEPARTMENT-012,Procurement & Supply Chain,POS-487,Procurement Manager,Manager/Head,COURSE-S079-PRC,Applied Contract Negotiation,Practitioner,S079,Contract Negotiation,3,84.4,Certified,Completed,2025-04-15,Yes,"Derived from actual role=Manager/Head, skill proficiency=3/5, skill score=84.4, certification=Certified, skill status=Current.",DERIVED_DEMO_FROM_EXISTING_EMPLOYEE_DATA,No,2026-08-01
LEARN-EMP195-COURSE-S050-ADV,EMP195,Mohsin Khan,DEPARTMENT-005,Engineering,POS-195,Engineering Lead,Manager/Head,COURSE-S050-ADV,Advanced Project Management for Professional Growth,Advanced,S050,Project Management,5,96.9,Certified,Completed,2024-02-15,Yes,"Derived from actual role=Manager/Head, skill proficiency=5/5, skill score=96.9, certification=Certified, skill status=Verified.",DERIVED_DEMO_FROM_EXISTING_EMPLOYEE_DATA,No,2026-08-01
LEARN-EMP195-COURSE-S006-ADV,EMP195,Mohsin Khan,DEPARTMENT-005,Engineering,POS-195,Engineering Lead,Manager/Head,COURSE-S006-ADV,Advanced DevOps & CI/CD and Decision Practice,Advanced,S006,DevOps & CI/CD,5,93.4,Certified,Completed,2025-02-15,Yes,"Derived from actual role=Manager/Head, skill proficiency=5/5, skill score=93.4, certification=Certified, skill status=Verified.",DERIVED_DEMO_FROM_EXISTING_EMPLOYEE_DATA,No,2026-08-01
LEARN-EMP195-COURSE-S005-ADV,EMP195,Mohsin Khan,DEPARTMENT-005,Engineering,POS-195,Engineering Lead,Manager/Head,COURSE-S005-ADV,Advanced System Design and Decision Practice,Advanced,S005,System Design,5,96.2,Not Required,Completed,2025-02-15,Yes,"Derived from actual role=Manager/Head, skill proficiency=5/5, skill score=96.2, certification=Not Required, skill status=Verified.",DERIVED_DEMO_FROM_EXISTING_EMPLOYEE_DATA,No,2026-08-01
LEARN-EMP253-COURSE-S016-ADV,EMP253,Hassan Nawaz,DEPARTMENT-003,Sales,POS-250,Senior Account Manager,Senior/Lead,COURSE-S016-ADV,Advanced Account Management and Decision Practice,Advanced,S016,Account Management,5,92.4,Not Required,Completed,2026-03-15,Yes,"Derived from actual role=Senior/Lead, skill proficiency=5/5, skill score=92.4, certification=Not Required, skill status=Current.",DERIVED_DEMO_FROM_EXISTING_EMPLOYEE_DATA,No,2026-08-01
LEARN-EMP253-COURSE-S013-PRC,EMP253,Hassan Nawaz,DEPARTMENT-003,Sales,POS-250,Senior Account Manager,Senior/Lead,COURSE-S013-PRC,Applied Lead Generation,Practitioner,S013,Lead Generation,4,78.8,Not Required,Completed,2025-05-15,Yes,"Derived from actual role=Senior/Lead, skill proficiency=4/5, skill score=78.8, certification=Not Required, skill status=Current.",DERIVED_DEMO_FROM_EXISTING_EMPLOYEE_DATA,No,2026-08-01
LEARN-EMP282-COURSE-S023-ADV,EMP282,Sana Latif,DEPARTMENT-006,Operations,POS-276,Senior Operations Officer,Senior/Lead,COURSE-S023-ADV,Advanced Risk & Controls and Decision Practice,Advanced,S023,Risk & Controls,5,100.0,Not Required,Completed,2024-07-15,Yes,"Derived from actual role=Senior/Lead, skill proficiency=5/5, skill score=100.0, certification=Not Required, skill status=Current.",DERIVED_DEMO_FROM_EXISTING_EMPLOYEE_DATA,No,2026-08-01
LEARN-EMP282-COURSE-S021-PRC,EMP282,Sana Latif,DEPARTMENT-006,Operations,POS-276,Senior Operations Officer,Senior/Lead,COURSE-S021-PRC,Applied Process Improvement,Practitioner,S021,Process Improvement,3,81.1,Certified,Completed,2025-01-15,Yes,"Derived from actual role=Senior/Lead, skill proficiency=3/5, skill score=81.1, certification=Certified, skill status=Current.",DERIVED_DEMO_FROM_EXISTING_EMPLOYEE_DATA,No,2026-08-01
LEARN-EMP396-COURSE-S065-PRC,EMP396,Minal Ahmed,DEPARTMENT-009,Training & Development,POS-387,Training Coordinator,Junior/Assistant,COURSE-S065-PRC,Applied Learning Management Systems for Learning Delivery,Practitioner,S065,Learning Management Systems,4,77.9,Not Required,Completed,2024-01-15,Yes,"Derived from actual role=Junior/Assistant, skill proficiency=4/5, skill score=77.9, certification=Not Required, skill status=Current.",DERIVED_DEMO_FROM_EXISTING_EMPLOYEE_DATA,No,2026-08-01
LEARN-EMP258-COURSE-S012-PRC,EMP258,Ayesha Khalid,DEPARTMENT-003,Sales,POS-255,Sales Intern,Intern/Trainee,COURSE-S012-PRC,Applied B2B Sales,Practitioner,S012,B2B Sales,3,74.8,Not Required,Completed,2026-01-15,Yes,"Derived from actual role=Intern/Trainee, skill proficiency=3/5, skill score=74.8, certification=Not Required, skill status=Current.",DERIVED_DEMO_FROM_EXISTING_EMPLOYEE_DATA,No,2026-08-01
LEARN-EMP287-COURSE-S023-ADV,EMP287,Komal Waheed,DEPARTMENT-006,Operations,POS-281,Operations Officer,Professional/Mid-level,COURSE-S023-ADV,Advanced Risk & Controls and Decision Practice,Advanced,S023,Risk & Controls,5,90.6,Certified,Completed,2026-02-15,Yes,"Derived from actual role=Professional/Mid-level, skill proficiency=5/5, skill score=90.6, certification=Certified, skill status=Current.",DERIVED_DEMO_FROM_EXISTING_EMPLOYEE_DATA,No,2026-08-01
LEARN-EMP287-COURSE-S022-ADV,EMP287,Komal Waheed,DEPARTMENT-006,Operations,POS-281,Operations Officer,Professional/Mid-level,COURSE-S022-ADV,Advanced Quality Control and Decision Practice,Advanced,S022,Quality Control,5,82.9,Certified,Completed,2026-05-15,Yes,"Derived from actual role=Professional/Mid-level, skill proficiency=5/5, skill score=82.9, certification=Certified, skill status=Current.",DERIVED_DEMO_FROM_EXISTING_EMPLOYEE_DATA,No,2026-08-01
LEARN-EMP472-COURSE-S045-ADV,EMP472,Sidra Iqbal,DEPARTMENT-011,Legal & Compliance,POS-461,Compliance Analyst,Professional/Mid-level,COURSE-S045-ADV,Advanced Stakeholder Management for Professional Growth,Advanced,S045,Stakeholder Management,5,100.0,Certified,Completed,2024-08-15,No,"Derived from actual role=Professional/Mid-level, skill proficiency=5/5, skill score=100.0, certification=Certified, skill status=Current.",DERIVED_DEMO_FROM_EXISTING_EMPLOYEE_DATA,No,2026-08-01
LEARN-EMP472-COURSE-S042-ADV,EMP472,Sidra Iqbal,DEPARTMENT-011,Legal & Compliance,POS-461,Compliance Analyst,Professional/Mid-level,COURSE-S042-ADV,Advanced Communication for Professional Growth,Advanced,S042,Communication,5,93.2,Not Required,Completed,2025-03-15,No,"Derived from actual role=Professional/Mid-level, skill proficiency=5/5, skill score=93.2, certification=Not Required, skill status=Current.",DERIVED_DEMO_FROM_EXISTING_EMPLOYEE_DATA,No,2026-08-01
LEARN-EMP383-COURSE-S063-PRC,EMP383,Rabia Awan,DEPARTMENT-009,Training & Development,POS-374,Learning and Development Specialist,Professional/Mid-level,COURSE-S063-PRC,Applied Facilitation for Learning Delivery,Practitioner,S063,Facilitation,3,74.9,Not Required,Completed,2026-05-15,Yes,"Derived from actual role=Professional/Mid-level, skill proficiency=3/5, skill score=74.9, certification=Not Required, skill status=Current.",DERIVED_DEMO_FROM_EXISTING_EMPLOYEE_DATA,No,2026-08-01
LEARN-EMP383-COURSE-S061-PRC,EMP383,Rabia Awan,DEPARTMENT-009,Training & Development,POS-374,Learning and Development Specialist,Professional/Mid-level,COURSE-S061-PRC,Applied Training Needs Analysis for Learning Delivery,Practitioner,S061,Training Needs Analysis,3,82.3,Not Required,Completed,2026-05-15,Yes,"Derived from actual role=Professional/Mid-level, skill proficiency=3/5, skill score=82.3, certification=Not Required, skill status=Current.",DERIVED_DEMO_FROM_EXISTING_EMPLOYEE_DATA,No,2026-08-01
LEARN-EMP271-COURSE-S001-ADV,EMP271,Minal Khalid,DEPARTMENT-005,Engineering,POS-266,Junior Software Engineer,Junior/Assistant,COURSE-S001-ADV,Advanced Python Programming and Decision Practice,Advanced,S001,Python Programming,4,99.2,Not Required,Completed,2024-05-15,Yes,"Derived from actual role=Junior/Assistant, skill proficiency=4/5, skill score=99.2, certification=Not Required, skill status=Current.",DERIVED_DEMO_FROM_EXISTING_EMPLOYEE_DATA,No,2026-08-01
LEARN-EMP593-COURSE-S091-PRC,EMP593,Maha Saeed,DEPARTMENT-014,Production & Manufacturing,POS-579,Senior Production Supervisor,Senior/Lead,COURSE-S091-PRC,Applied Lean Manufacturing in Operations,Practitioner,S091,Lean Manufacturing,4,76.9,Not Required,Completed,2025-01-15,Yes,"Derived from actual role=Senior/Lead, skill proficiency=4/5, skill score=76.9, certification=Not Required, skill status=Current.",DERIVED_DEMO_FROM_EXISTING_EMPLOYEE_DATA,No,2026-08-01
LEARN-EMP593-COURSE-S044-ADV,EMP593,Maha Saeed,DEPARTMENT-014,Production & Manufacturing,POS-579,Senior Production Supervisor,Senior/Lead,COURSE-S044-ADV,Advanced Problem Solving for Professional Growth,Advanced,S044,Problem Solving,5,94.9,Not Required,Completed,2026-03-15,No,"Derived from actual role=Senior/Lead, skill proficiency=5/5, skill score=94.9, certification=Not Required, skill status=Current.",DERIVED_DEMO_FROM_EXISTING_EMPLOYEE_DATA,No,2026-08-01
LEARN-EMP550-COURSE-S084-ADV,EMP550,Hira Faisal,DEPARTMENT-013,Logistics & Warehouse,POS-537,Senior Logistics Officer,Senior/Lead,COURSE-S084-ADV,Advanced Transport Planning and Decision Practice,Advanced,S084,Transport Planning,4,96.4,Certified,Completed,2026-04-15,Yes,"Derived from actual role=Senior/Lead, skill proficiency=4/5, skill score=96.4, certification=Certified, skill status=Current.",DERIVED_DEMO_FROM_EXISTING_EMPLOYEE_DATA,No,2026-08-01
LEARN-EMP550-COURSE-S085-PRC,EMP550,Hira Faisal,DEPARTMENT-013,Logistics & Warehouse,POS-537,Senior Logistics Officer,Senior/Lead,COURSE-S085-PRC,Applied Route Optimization,Practitioner,S085,Route Optimization,3,75.7,Not Required,Completed,2025-03-15,Yes,"Derived from actual role=Senior/Lead, skill proficiency=3/5, skill score=75.7, certification=Not Required, skill status=Current.",DERIVED_DEMO_FROM_EXISTING_EMPLOYEE_DATA,No,2026-08-01
LEARN-EMP295-COURSE-S007-ADV,EMP295,Raza Rehman,DEPARTMENT-007,IT,POS-288,IT Manager,Manager/Head,COURSE-S007-ADV,Advanced Cloud Platforms and Decision Practice,Advanced,S007,Cloud Platforms,5,97.4,Not Required,Completed,2025-08-15,Yes,"Derived from actual role=Manager/Head, skill proficiency=5/5, skill score=97.4, certification=Not Required, skill status=Current.",DERIVED_DEMO_FROM_EXISTING_EMPLOYEE_DATA,No,2026-08-01
LEARN-EMP295-COURSE-S010-ADV,EMP295,Raza Rehman,DEPARTMENT-007,IT,POS-288,IT Manager,Manager/Head,COURSE-S010-ADV,Advanced IT Service Management and Decision Practice,Advanced,S010,IT Service Management,4,95.5,Not Required,Completed,2026-05-15,Yes,"Derived from actual role=Manager/Head, skill proficiency=4/5, skill score=95.5, certification=Not Required, skill status=Current.",DERIVED_DEMO_FROM_EXISTING_EMPLOYEE_DATA,No,2026-08-01
LEARN-EMP295-COURSE-S053-ADV,EMP295,Raza Rehman,DEPARTMENT-007,IT,POS-288,IT Manager,Manager/Head,COURSE-S053-ADV,Advanced Documentation for Professional Growth,Advanced,S053,Documentation,4,90.7,Certified,Completed,2024-05-15,No,"Derived from actual role=Manager/Head, skill proficiency=4/5, skill score=90.7, certification=Certified, skill status=Current.",DERIVED_DEMO_FROM_EXISTING_EMPLOYEE_DATA,No,2026-08-01
LEARN-EMP430-COURSE-S068-ADV,EMP430,Saad Raza,DEPARTMENT-010,Administration & Facilities,POS-420,Administration Officer,Professional/Mid-level,COURSE-S068-ADV,Advanced Vendor Coordination and Decision Practice,Advanced,S068,Vendor Coordination,5,100.0,Not Required,Completed,2026-06-15,Yes,"Derived from actual role=Professional/Mid-level, skill proficiency=5/5, skill score=100.0, certification=Not Required, skill status=Current.",DERIVED_DEMO_FROM_EXISTING_EMPLOYEE_DATA,No,2026-08-01
LEARN-EMP430-COURSE-S067-PRC,EMP430,Saad Raza,DEPARTMENT-010,Administration & Facilities,POS-420,Administration Officer,Professional/Mid-level,COURSE-S067-PRC,Applied Facilities Management,Practitioner,S067,Facilities Management,3,80.2,Planned,Completed,2026-04-15,Yes,"Derived from actual role=Professional/Mid-level, skill proficiency=3/5, skill score=80.2, certification=Planned, skill status=Current.",DERIVED_DEMO_FROM_EXISTING_EMPLOYEE_DATA,No,2026-08-01
LEARN-EMP486-COURSE-S073-ADV,EMP486,Junaid Nadeem,DEPARTMENT-011,Legal & Compliance,POS-475,Legal Assistant,Junior/Assistant,COURSE-S073-ADV,Advanced Policy Interpretation and Decision Practice,Advanced,S073,Policy Interpretation,4,88.2,Certified,Completed,2026-06-15,Yes,"Derived from actual role=Junior/Assistant, skill proficiency=4/5, skill score=88.2, certification=Certified, skill status=Current.",DERIVED_DEMO_FROM_EXISTING_EMPLOYEE_DATA,No,2026-08-01
LEARN-EMP105-COURSE-S046-ADV,EMP105,Areeba Raza,DEPARTMENT-003,Sales,POS-105,Sales Manager,Manager/Head,COURSE-S046-ADV,Advanced Leadership for Professional Growth,Advanced,S046,Leadership,5,100.0,Not Required,Completed,2025-02-15,Yes,"Derived from actual role=Manager/Head, skill proficiency=5/5, skill score=100.0, certification=Not Required, skill status=Verified.",DERIVED_DEMO_FROM_EXISTING_EMPLOYEE_DATA,No,2026-08-01
LEARN-EMP105-COURSE-S045-ADV,EMP105,Areeba Raza,DEPARTMENT-003,Sales,POS-105,Sales Manager,Manager/Head,COURSE-S045-ADV,Advanced Stakeholder Management for Professional Growth,Advanced,S045,Stakeholder Management,5,99.5,Not Required,Completed,2024-08-15,Yes,"Derived from actual role=Manager/Head, skill proficiency=5/5, skill score=99.5, certification=Not Required, skill status=Verified.",DERIVED_DEMO_FROM_EXISTING_EMPLOYEE_DATA,No,2026-08-01
LEARN-EMP105-COURSE-S047-ADV,EMP105,Areeba Raza,DEPARTMENT-003,Sales,POS-105,Sales Manager,Manager/Head,COURSE-S047-ADV,Advanced Coaching & Mentoring for Professional Growth,Advanced,S047,Coaching & Mentoring,5,99.3,Not Required,Completed,2024-04-15,Yes,"Derived from actual role=Manager/Head, skill proficiency=5/5, skill score=99.3, certification=Not Required, skill status=Verified.",DERIVED_DEMO_FROM_EXISTING_EMPLOYEE_DATA,No,2026-08-01
LEARN-EMP206-COURSE-S035-ADV,EMP206,Minal Abbasi,DEPARTMENT-001,HR,POS-205,Senior HR Business Partner,Senior/Lead,COURSE-S035-ADV,Advanced Learning & Development and Decision Practice,Advanced,S035,Learning & Development,4,94.1,Planned,Completed,2025-06-15,Yes,"Derived from actual role=Senior/Lead, skill proficiency=4/5, skill score=94.1, certification=Planned, skill status=Current.",DERIVED_DEMO_FROM_EXISTING_EMPLOYEE_DATA,No,2026-08-01
LEARN-EMP206-COURSE-S031-PRC,EMP206,Minal Abbasi,DEPARTMENT-001,HR,POS-205,Senior HR Business Partner,Senior/Lead,COURSE-S031-PRC,Applied Recruitment & Selection,Practitioner,S031,Recruitment & Selection,3,80.3,Certified,Completed,2024-08-15,Yes,"Derived from actual role=Senior/Lead, skill proficiency=3/5, skill score=80.3, certification=Certified, skill status=Current.",DERIVED_DEMO_FROM_EXISTING_EMPLOYEE_DATA,No,2026-08-01
LEARN-EMP191-COURSE-S021-PRC,EMP191,Danish Yousaf,DEPARTMENT-006,Operations,POS-191,Operations Analyst,Professional/Mid-level,COURSE-S021-PRC,Applied Process Improvement,Practitioner,S021,Process Improvement,4,73.9,Not Required,Completed,2024-03-15,Yes,"Derived from actual role=Professional/Mid-level, skill proficiency=4/5, skill score=73.9, certification=Not Required, skill status=Verified.",DERIVED_DEMO_FROM_EXISTING_EMPLOYEE_DATA,No,2026-08-01
LEARN-EMP191-COURSE-S019-PRC,EMP191,Danish Yousaf,DEPARTMENT-006,Operations,POS-191,Operations Analyst,Professional/Mid-level,COURSE-S019-PRC,Applied Process Management,Practitioner,S019,Process Management,4,72.0,Not Required,Completed,2026-05-15,Yes,"Derived from actual role=Professional/Mid-level, skill proficiency=4/5, skill score=72.0, certification=Not Required, skill status=Verified.",DERIVED_DEMO_FROM_EXISTING_EMPLOYEE_DATA,No,2026-08-01
LEARN-EMP077-COURSE-S041-ADV,EMP077,Ahmad Awan,DEPARTMENT-004,Customer Support,POS-077,Support Team Lead,Senior/Lead,COURSE-S041-ADV,Advanced Knowledge Base Management and Decision Practice,Advanced,S041,Knowledge Base Management,5,100.0,Not Required,Completed,2024-03-15,Yes,"Derived from actual role=Senior/Lead, skill proficiency=5/5, skill score=100.0, certification=Not Required, skill status=Verified.",DERIVED_DEMO_FROM_EXISTING_EMPLOYEE_DATA,No,2026-08-01
LEARN-EMP077-COURSE-S038-ADV,EMP077,Ahmad Awan,DEPARTMENT-004,Customer Support,POS-077,Support Team Lead,Senior/Lead,COURSE-S038-ADV,Advanced Complaint Resolution for Professional Growth,Advanced,S038,Complaint Resolution,5,99.2,Not Required,Completed,2025-03-15,Yes,"Derived from actual role=Senior/Lead, skill proficiency=5/5, skill score=99.2, certification=Not Required, skill status=Verified.",DERIVED_DEMO_FROM_EXISTING_EMPLOYEE_DATA,No,2026-08-01
LEARN-EMP373-COURSE-S063-ADV,EMP373,Noman Nawaz,DEPARTMENT-009,Training & Development,POS-364,Senior Trainer,Senior/Lead,COURSE-S063-ADV,Advanced Facilitation and Learning Impact,Advanced,S063,Facilitation,4,90.2,Not Required,Completed,2026-01-15,Yes,"Derived from actual role=Senior/Lead, skill proficiency=4/5, skill score=90.2, certification=Not Required, skill status=Current.",DERIVED_DEMO_FROM_EXISTING_EMPLOYEE_DATA,No,2026-08-01
LEARN-EMP373-COURSE-S061-PRC,EMP373,Noman Nawaz,DEPARTMENT-009,Training & Development,POS-364,Senior Trainer,Senior/Lead,COURSE-S061-PRC,Applied Training Needs Analysis for Learning Delivery,Practitioner,S061,Training Needs Analysis,3,74.0,Planned,Completed,2025-04-15,Yes,"Derived from actual role=Senior/Lead, skill proficiency=3/5, skill score=74.0, certification=Planned, skill status=Current.",DERIVED_DEMO_FROM_EXISTING_EMPLOYEE_DATA,No,2026-08-01
LEARN-EMP309-COURSE-S009-ADV,EMP309,Shahzaib Hashmi,DEPARTMENT-007,IT,POS-302,IT Support Technician,Junior/Assistant,COURSE-S009-ADV,Advanced Network Administration and Decision Practice,Advanced,S009,Network Administration,4,91.8,Not Required,Completed,2025-05-15,Yes,"Derived from actual role=Junior/Assistant, skill proficiency=4/5, skill score=91.8, certification=Not Required, skill status=Current.",DERIVED_DEMO_FROM_EXISTING_EMPLOYEE_DATA,No,2026-08-01
LEARN-EMP584-COURSE-S082-PRC,EMP584,Zainab Munir,DEPARTMENT-013,Logistics & Warehouse,POS-571,Logistics Intern,Intern/Trainee,COURSE-S082-PRC,Applied Warehouse Operations,Practitioner,S082,Warehouse Operations,3,72.1,Planned,Completed,2024-01-15,Yes,"Derived from actual role=Intern/Trainee, skill proficiency=3/5, skill score=72.1, certification=Planned, skill status=Current.",DERIVED_DEMO_FROM_EXISTING_EMPLOYEE_DATA,No,2026-08-01
LEARN-EMP030-COURSE-S025-ADV,EMP030,Hamza Ahmad,DEPARTMENT-002,Finance,POS-030,Senior Financial Analyst,Senior/Lead,COURSE-S025-ADV,Advanced Financial Analysis and Decision Practice,Advanced,S025,Financial Analysis,5,95.1,Certified,Completed,2026-05-15,Yes,"Derived from actual role=Senior/Lead, skill proficiency=5/5, skill score=95.1, certification=Certified, skill status=Verified.",DERIVED_DEMO_FROM_EXISTING_EMPLOYEE_DATA,No,2026-08-01
LEARN-EMP030-COURSE-S045-ADV,EMP030,Hamza Ahmad,DEPARTMENT-002,Finance,POS-030,Senior Financial Analyst,Senior/Lead,COURSE-S045-ADV,Advanced Stakeholder Management for Professional Growth,Advanced,S045,Stakeholder Management,5,100.0,Not Required,Completed,2025-04-15,Yes,"Derived from actual role=Senior/Lead, skill proficiency=5/5, skill score=100.0, certification=Not Required, skill status=Verified.",DERIVED_DEMO_FROM_EXISTING_EMPLOYEE_DATA,No,2026-08-01
LEARN-EMP088-COURSE-S019-PRC,EMP088,Sana Mughal,DEPARTMENT-006,Operations,POS-088,Operations Analyst,Professional/Mid-level,COURSE-S019-PRC,Applied Process Management,Practitioner,S019,Process Management,4,80.4,Not Required,Completed,2026-01-15,Yes,"Derived from actual role=Professional/Mid-level, skill proficiency=4/5, skill score=80.4, certification=Not Required, skill status=Verified.",DERIVED_DEMO_FROM_EXISTING_EMPLOYEE_DATA,No,2026-08-01
LEARN-EMP088-COURSE-S021-PRC,EMP088,Sana Mughal,DEPARTMENT-006,Operations,POS-088,Operations Analyst,Professional/Mid-level,COURSE-S021-PRC,Applied Process Improvement,Practitioner,S021,Process Improvement,4,79.8,Not Required,Completed,2025-07-15,Yes,"Derived from actual role=Professional/Mid-level, skill proficiency=4/5, skill score=79.8, certification=Not Required, skill status=Verified.",DERIVED_DEMO_FROM_EXISTING_EMPLOYEE_DATA,No,2026-08-01
LEARN-EMP543-COURSE-S084-ADV,EMP543,Kamran Chaudhry,DEPARTMENT-013,Logistics & Warehouse,POS-530,Logistics Manager,Manager/Head,COURSE-S084-ADV,Advanced Transport Planning and Decision Practice,Advanced,S084,Transport Planning,5,97.8,Not Required,Completed,2024-04-15,Yes,"Derived from actual role=Manager/Head, skill proficiency=5/5, skill score=97.8, certification=Not Required, skill status=Current.",DERIVED_DEMO_FROM_EXISTING_EMPLOYEE_DATA,No,2026-08-01
LEARN-EMP543-COURSE-S082-ADV,EMP543,Kamran Chaudhry,DEPARTMENT-013,Logistics & Warehouse,POS-530,Logistics Manager,Manager/Head,COURSE-S082-ADV,Advanced Warehouse Operations and Decision Practice,Advanced,S082,Warehouse Operations,5,88.8,Not Required,Completed,2024-05-15,Yes,"Derived from actual role=Manager/Head, skill proficiency=5/5, skill score=88.8, certification=Not Required, skill status=Current.",DERIVED_DEMO_FROM_EXISTING_EMPLOYEE_DATA,No,2026-08-01
LEARN-EMP543-COURSE-S020-ADV,EMP543,Kamran Chaudhry,DEPARTMENT-013,Logistics & Warehouse,POS-530,Logistics Manager,Manager/Head,COURSE-S020-ADV,Advanced SOP Compliance and Decision Practice,Advanced,S020,SOP Compliance,5,84.2,Not Required,Completed,2024-05-15,No,"Derived from actual role=Manager/Head, skill proficiency=5/5, skill score=84.2, certification=Not Required, skill status=Current.",DERIVED_DEMO_FROM_EXISTING_EMPLOYEE_DATA,No,2026-08-01
LEARN-EMP407-COURSE-S070-ADV,EMP407,Rabia Raza,DEPARTMENT-010,Administration & Facilities,POS-397,Administration Manager,Manager/Head,COURSE-S070-ADV,Advanced Records Management and Decision Practice,Advanced,S070,Records Management,5,99.4,Not Required,Completed,2024-05-15,Yes,"Derived from actual role=Manager/Head, skill proficiency=5/5, skill score=99.4, certification=Not Required, skill status=Current.",DERIVED_DEMO_FROM_EXISTING_EMPLOYEE_DATA,No,2026-08-01
LEARN-EMP407-COURSE-S067-ADV,EMP407,Rabia Raza,DEPARTMENT-010,Administration & Facilities,POS-397,Administration Manager,Manager/Head,COURSE-S067-ADV,Advanced Facilities Management and Decision Practice,Advanced,S067,Facilities Management,4,86.0,Certified,Completed,2025-07-15,Yes,"Derived from actual role=Manager/Head, skill proficiency=4/5, skill score=86.0, certification=Certified, skill status=Current.",DERIVED_DEMO_FROM_EXISTING_EMPLOYEE_DATA,No,2026-08-01
LEARN-EMP407-COURSE-S066-FND,EMP407,Rabia Raza,DEPARTMENT-010,Administration & Facilities,POS-397,Administration Manager,Manager/Head,COURSE-S066-FND,Office Administration Fundamentals,Foundation,S066,Office Administration,3,65.4,Not Required,Completed,2025-03-15,Yes,"Derived from actual role=Manager/Head, skill proficiency=3/5, skill score=65.4, certification=Not Required, skill status=Current.",DERIVED_DEMO_FROM_EXISTING_EMPLOYEE_DATA,No,2026-08-01
LEARN-EMP381-COURSE-S065-ADV,EMP381,Iqra Latif,DEPARTMENT-009,Training & Development,POS-372,Learning and Development Specialist,Professional/Mid-level,COURSE-S065-ADV,Advanced Learning Management Systems and Learning Impact,Advanced,S065,Learning Management Systems,5,97.9,Planned,Completed,2025-06-15,Yes,"Derived from actual role=Professional/Mid-level, skill proficiency=5/5, skill score=97.9, certification=Planned, skill status=Current.",DERIVED_DEMO_FROM_EXISTING_EMPLOYEE_DATA,No,2026-08-01
LEARN-EMP381-COURSE-S062-ADV,EMP381,Iqra Latif,DEPARTMENT-009,Training & Development,POS-372,Learning and Development Specialist,Professional/Mid-level,COURSE-S062-ADV,Advanced Curriculum Design and Learning Impact,Advanced,S062,Curriculum Design,4,84.3,Planned,Completed,2025-07-15,Yes,"Derived from actual role=Professional/Mid-level, skill proficiency=4/5, skill score=84.3, certification=Planned, skill status=Current.",DERIVED_DEMO_FROM_EXISTING_EMPLOYEE_DATA,No,2026-08-01
LEARN-EMP240-COURSE-S028-ADV,EMP240,Eman Latif,DEPARTMENT-002,Finance,POS-238,Accounts Assistant,Junior/Assistant,COURSE-S028-ADV,Advanced Regulatory Reporting and Decision Practice,Advanced,S028,Regulatory Reporting,4,82.6,Planned,Completed,2024-03-15,Yes,"Derived from actual role=Junior/Assistant, skill proficiency=4/5, skill score=82.6, certification=Planned, skill status=Current.",DERIVED_DEMO_FROM_EXISTING_EMPLOYEE_DATA,No,2026-08-01
LEARN-EMP476-COURSE-S071-PRC,EMP476,Shahzaib Mahmood,DEPARTMENT-011,Legal & Compliance,POS-465,Compliance Analyst,Professional/Mid-level,COURSE-S071-PRC,Applied Contract Review,Practitioner,S071,Contract Review,3,74.0,Certified,Completed,2024-04-15,Yes,"Derived from actual role=Professional/Mid-level, skill proficiency=3/5, skill score=74.0, certification=Certified, skill status=Current.",DERIVED_DEMO_FROM_EXISTING_EMPLOYEE_DATA,No,2026-08-01
LEARN-EMP476-COURSE-S045-ADV,EMP476,Shahzaib Mahmood,DEPARTMENT-011,Legal & Compliance,POS-465,Compliance Analyst,Professional/Mid-level,COURSE-S045-ADV,Advanced Stakeholder Management for Professional Growth,Advanced,S045,Stakeholder Management,4,90.0,Not Required,Completed,2025-05-15,No,"Derived from actual role=Professional/Mid-level, skill proficiency=4/5, skill score=90.0, certification=Not Required, skill status=Current.",DERIVED_DEMO_FROM_EXISTING_EMPLOYEE_DATA,No,2026-08-01
LEARN-EMP015-COURSE-S006-ADV,EMP015,Anum Rehman,DEPARTMENT-005,Engineering,POS-015,Engineering Lead,Manager/Head,COURSE-S006-ADV,Advanced DevOps & CI/CD and Decision Practice,Advanced,S006,DevOps & CI/CD,5,92.3,Certified,Completed,2025-01-15,Yes,"Derived from actual role=Manager/Head, skill proficiency=5/5, skill score=92.3, certification=Certified, skill status=Verified.",DERIVED_DEMO_FROM_EXISTING_EMPLOYEE_DATA,No,2026-08-01
LEARN-EMP015-COURSE-S050-ADV,EMP015,Anum Rehman,DEPARTMENT-005,Engineering,POS-015,Engineering Lead,Manager/Head,COURSE-S050-ADV,Advanced Project Management for Professional Growth,Advanced,S050,Project Management,5,91.5,Certified,Completed,2024-03-15,Yes,"Derived from actual role=Manager/Head, skill proficiency=5/5, skill score=91.5, certification=Certified, skill status=Developing.",DERIVED_DEMO_FROM_EXISTING_EMPLOYEE_DATA,No,2026-08-01
LEARN-EMP015-COURSE-S045-ADV,EMP015,Anum Rehman,DEPARTMENT-005,Engineering,POS-015,Engineering Lead,Manager/Head,COURSE-S045-ADV,Advanced Stakeholder Management for Professional Growth,Advanced,S045,Stakeholder Management,5,92.3,Not Required,Completed,2025-07-15,Yes,"Derived from actual role=Manager/Head, skill proficiency=5/5, skill score=92.3, certification=Not Required, skill status=Developing.",DERIVED_DEMO_FROM_EXISTING_EMPLOYEE_DATA,No,2026-08-01
LEARN-EMP620-COURSE-S091-ADV,EMP620,Iqra Ansari,DEPARTMENT-014,Production & Manufacturing,POS-606,Production Operator,Junior/Assistant,COURSE-S091-ADV,Advanced Lean Manufacturing and Continuous Improvement,Advanced,S091,Lean Manufacturing,4,92.9,Certified,Completed,2024-01-15,Yes,"Derived from actual role=Junior/Assistant, skill proficiency=4/5, skill score=92.9, certification=Certified, skill status=Current.",DERIVED_DEMO_FROM_EXISTING_EMPLOYEE_DATA,No,2026-08-01
LEARN-EMP403-COURSE-S063-FND,EMP403,Ayesha Khan,DEPARTMENT-009,Training & Development,POS-394,Training Intern,Intern/Trainee,COURSE-S063-FND,Facilitation Fundamentals,Foundation,S063,Facilitation,2,58.4,Certified,Completed,2025-03-15,Yes,"Derived from actual role=Intern/Trainee, skill proficiency=2/5, skill score=58.4, certification=Certified, skill status=Developing.",DERIVED_DEMO_FROM_EXISTING_EMPLOYEE_DATA,No,2026-08-01
LEARN-EMP650-COURSE-S022-PRC,EMP650,Hassan Akhtar,DEPARTMENT-015,Quality Assurance,POS-635,Quality Analyst,Professional/Mid-level,COURSE-S022-PRC,Applied Quality Control,Practitioner,S022,Quality Control,3,75.2,Certified,Completed,2026-07-15,Yes,"Derived from actual role=Professional/Mid-level, skill proficiency=3/5, skill score=75.2, certification=Certified, skill status=Current.",DERIVED_DEMO_FROM_EXISTING_EMPLOYEE_DATA,No,2026-08-01
LEARN-EMP650-COURSE-S046-ADV,EMP650,Hassan Akhtar,DEPARTMENT-015,Quality Assurance,POS-635,Quality Analyst,Professional/Mid-level,COURSE-S046-ADV,Advanced Leadership for Professional Growth,Advanced,S046,Leadership,4,94.6,Certified,Completed,2025-04-15,No,"Derived from actual role=Professional/Mid-level, skill proficiency=4/5, skill score=94.6, certification=Certified, skill status=Current.",DERIVED_DEMO_FROM_EXISTING_EMPLOYEE_DATA,No,2026-08-01
LEARN-EMP477-COURSE-S074-ADV,EMP477,Farhan Faisal,DEPARTMENT-011,Legal & Compliance,POS-466,Compliance Analyst,Professional/Mid-level,COURSE-S074-ADV,Advanced Legal Research and Decision Practice,Advanced,S074,Legal Research,5,100.0,Certified,Completed,2026-03-15,Yes,"Derived from actual role=Professional/Mid-level, skill proficiency=5/5, skill score=100.0, certification=Certified, skill status=Current.",DERIVED_DEMO_FROM_EXISTING_EMPLOYEE_DATA,No,2026-08-01
LEARN-EMP477-COURSE-S072-ADV,EMP477,Farhan Faisal,DEPARTMENT-011,Legal & Compliance,POS-466,Compliance Analyst,Professional/Mid-level,COURSE-S072-ADV,Advanced Regulatory Compliance and Decision Practice,Advanced,S072,Regulatory Compliance,5,95.2,Planned,Completed,2026-06-15,Yes,"Derived from actual role=Professional/Mid-level, skill proficiency=5/5, skill score=95.2, certification=Planned, skill status=Current.",DERIVED_DEMO_FROM_EXISTING_EMPLOYEE_DATA,No,2026-08-01
LEARN-EMP481-COURSE-S073-ADV,EMP481,Rabia Rehman,DEPARTMENT-011,Legal & Compliance,POS-470,Legal Assistant,Junior/Assistant,COURSE-S073-ADV,Advanced Policy Interpretation and Decision Practice,Advanced,S073,Policy Interpretation,4,99.5,Not Required,Completed,2025-02-15,Yes,"Derived from actual role=Junior/Assistant, skill proficiency=4/5, skill score=99.5, certification=Not Required, skill status=Current.",DERIVED_DEMO_FROM_EXISTING_EMPLOYEE_DATA,No,2026-08-01
LEARN-EMP660-COURSE-S094-FND,EMP660,Shahzaib Saleem,DEPARTMENT-015,Quality Assurance,POS-645,Quality Inspector,Junior/Assistant,COURSE-S094-FND,Corrective Action Management Essentials,Foundation,S094,Corrective Action Management,2,74.9,Certified,Completed,2025-08-15,Yes,"Derived from actual role=Junior/Assistant, skill proficiency=2/5, skill score=74.9, certification=Certified, skill status=Developing.",DERIVED_DEMO_FROM_EXISTING_EMPLOYEE_DATA,No,2026-08-01
LEARN-EMP232-COURSE-S025-ADV,EMP232,Raza Iqbal,DEPARTMENT-002,Finance,POS-230,Finance Manager,Manager/Head,COURSE-S025-ADV,Advanced Financial Analysis and Decision Practice,Advanced,S025,Financial Analysis,5,100.0,Not Required,Completed,2025-02-15,Yes,"Derived from actual role=Manager/Head, skill proficiency=5/5, skill score=100.0, certification=Not Required, skill status=Current.",DERIVED_DEMO_FROM_EXISTING_EMPLOYEE_DATA,No,2026-08-01
LEARN-EMP232-COURSE-S046-ADV,EMP232,Raza Iqbal,DEPARTMENT-002,Finance,POS-230,Finance Manager,Manager/Head,COURSE-S046-ADV,Advanced Leadership for Professional Growth,Advanced,S046,Leadership,4,83.2,Certified,Completed,2024-08-15,No,"Derived from actual role=Manager/Head, skill proficiency=4/5, skill score=83.2, certification=Certified, skill status=Current.",DERIVED_DEMO_FROM_EXISTING_EMPLOYEE_DATA,No,2026-08-01
LEARN-EMP232-COURSE-S026-PRC,EMP232,Raza Iqbal,DEPARTMENT-002,Finance,POS-230,Finance Manager,Manager/Head,COURSE-S026-PRC,Applied Accounting & Reconciliation,Practitioner,S026,Accounting & Reconciliation,3,78.3,Not Required,Completed,2026-05-15,Yes,"Derived from actual role=Manager/Head, skill proficiency=3/5, skill score=78.3, certification=Not Required, skill status=Current.",DERIVED_DEMO_FROM_EXISTING_EMPLOYEE_DATA,No,2026-08-01
LEARN-EMP213-COURSE-S033-FND,EMP213,Talha Khalid,DEPARTMENT-001,HR,POS-212,HR Officer,Professional/Mid-level,COURSE-S033-FND,Performance Management Fundamentals,Foundation,S033,Performance Management,4,66.9,Certified,Completed,2025-01-15,Yes,"Derived from actual role=Professional/Mid-level, skill proficiency=4/5, skill score=66.9, certification=Certified, skill status=Current.",DERIVED_DEMO_FROM_EXISTING_EMPLOYEE_DATA,No,2026-08-01
LEARN-EMP213-COURSE-S045-PRC,EMP213,Talha Khalid,DEPARTMENT-001,HR,POS-212,HR Officer,Professional/Mid-level,COURSE-S045-PRC,Stakeholder Management in Practice,Practitioner,S045,Stakeholder Management,5,79.4,Certified,Completed,2025-01-15,No,"Derived from actual role=Professional/Mid-level, skill proficiency=5/5, skill score=79.4, certification=Certified, skill status=Current.",DERIVED_DEMO_FROM_EXISTING_EMPLOYEE_DATA,No,2026-08-01
LEARN-EMP090-COURSE-S025-PRC,EMP090,Noman Ahmad,DEPARTMENT-002,Finance,POS-090,Financial Analyst,Professional/Mid-level,COURSE-S025-PRC,Applied Financial Analysis,Practitioner,S025,Financial Analysis,4,75.4,Certification Planned,Completed,2024-06-15,Yes,"Derived from actual role=Professional/Mid-level, skill proficiency=4/5, skill score=75.4, certification=Certification Planned, skill status=Verified.",DERIVED_DEMO_FROM_EXISTING_EMPLOYEE_DATA,No,2026-08-01
LEARN-EMP090-COURSE-S027-PRC,EMP090,Noman Ahmad,DEPARTMENT-002,Finance,POS-090,Financial Analyst,Professional/Mid-level,COURSE-S027-PRC,Applied Budgeting & Forecasting,Practitioner,S027,Budgeting & Forecasting,4,76.8,Not Required,Completed,2026-02-15,Yes,"Derived from actual role=Professional/Mid-level, skill proficiency=4/5, skill score=76.8, certification=Not Required, skill status=Verified.",DERIVED_DEMO_FROM_EXISTING_EMPLOYEE_DATA,No,2026-08-01
LEARN-EMP668-COURSE-S092-PRC,EMP668,Talha Nawaz,DEPARTMENT-015,Quality Assurance,POS-653,Quality Inspector,Junior/Assistant,COURSE-S092-PRC,Applied Quality Auditing in Operations,Practitioner,S092,Quality Auditing,4,69.9,Certified,Completed,2024-08-15,Yes,"Derived from actual role=Junior/Assistant, skill proficiency=4/5, skill score=69.9, certification=Certified, skill status=Current.",DERIVED_DEMO_FROM_EXISTING_EMPLOYEE_DATA,No,2026-08-01
LEARN-EMP399-COURSE-S065-ADV,EMP399,Nida Khalid,DEPARTMENT-009,Training & Development,POS-390,Training Coordinator,Junior/Assistant,COURSE-S065-ADV,Advanced Learning Management Systems and Learning Impact,Advanced,S065,Learning Management Systems,4,86.0,Not Required,Completed,2025-04-15,Yes,"Derived from actual role=Junior/Assistant, skill proficiency=4/5, skill score=86.0, certification=Not Required, skill status=Current.",DERIVED_DEMO_FROM_EXISTING_EMPLOYEE_DATA,No,2026-08-01
LEARN-EMP259-COURSE-S039-ADV,EMP259,Usman Nasir,DEPARTMENT-004,Customer Support,EXEC-CS-HEAD,Head of Customer Support,Manager/Head,COURSE-S039-ADV,Advanced Call Handling and Decision Practice,Advanced,S039,Call Handling,5,94.2,Certified,Completed,2025-08-15,Yes,"Derived from actual role=Manager/Head, skill proficiency=5/5, skill score=94.2, certification=Certified, skill status=Current.",DERIVED_DEMO_FROM_EXISTING_EMPLOYEE_DATA,No,2026-08-01
LEARN-EMP259-COURSE-S038-ADV,EMP259,Usman Nasir,DEPARTMENT-004,Customer Support,EXEC-CS-HEAD,Head of Customer Support,Manager/Head,COURSE-S038-ADV,Advanced Complaint Resolution for Professional Growth,Advanced,S038,Complaint Resolution,5,100.0,Not Required,Completed,2024-08-15,Yes,"Derived from actual role=Manager/Head, skill proficiency=5/5, skill score=100.0, certification=Not Required, skill status=Current.",DERIVED_DEMO_FROM_EXISTING_EMPLOYEE_DATA,No,2026-08-01
LEARN-EMP259-COURSE-S040-ADV,EMP259,Usman Nasir,DEPARTMENT-004,Customer Support,EXEC-CS-HEAD,Head of Customer Support,Manager/Head,COURSE-S040-ADV,Advanced SLA Management and Decision Practice,Advanced,S040,SLA Management,4,82.7,Not Required,Completed,2025-01-15,Yes,"Derived from actual role=Manager/Head, skill proficiency=4/5, skill score=82.7, certification=Not Required, skill status=Current.",DERIVED_DEMO_FROM_EXISTING_EMPLOYEE_DATA,No,2026-08-01
LEARN-EMP374-COURSE-S064-ADV,EMP374,Iqra Habib,DEPARTMENT-009,Training & Development,POS-365,Senior Trainer,Senior/Lead,COURSE-S064-ADV,Advanced Learning Evaluation and Learning Impact,Advanced,S064,Learning Evaluation,5,93.4,Certified,Completed,2025-04-15,Yes,"Derived from actual role=Senior/Lead, skill proficiency=5/5, skill score=93.4, certification=Certified, skill status=Current.",DERIVED_DEMO_FROM_EXISTING_EMPLOYEE_DATA,No,2026-08-01
LEARN-EMP374-COURSE-S065-PRC,EMP374,Iqra Habib,DEPARTMENT-009,Training & Development,POS-365,Senior Trainer,Senior/Lead,COURSE-S065-PRC,Applied Learning Management Systems for Learning Delivery,Practitioner,S065,Learning Management Systems,3,77.4,Planned,Completed,2024-04-15,Yes,"Derived from actual role=Senior/Lead, skill proficiency=3/5, skill score=77.4, certification=Planned, skill status=Current.",DERIVED_DEMO_FROM_EXISTING_EMPLOYEE_DATA,No,2026-08-01
LEARN-EMP434-COURSE-S066-ADV,EMP434,Ayesha Awan,DEPARTMENT-010,Administration & Facilities,POS-424,Administration Officer,Professional/Mid-level,COURSE-S066-ADV,Advanced Office Administration and Decision Practice,Advanced,S066,Office Administration,4,85.1,Not Required,Completed,2024-02-15,Yes,"Derived from actual role=Professional/Mid-level, skill proficiency=4/5, skill score=85.1, certification=Not Required, skill status=Current.",DERIVED_DEMO_FROM_EXISTING_EMPLOYEE_DATA,No,2026-08-01
LEARN-EMP434-COURSE-S053-ADV,EMP434,Ayesha Awan,DEPARTMENT-010,Administration & Facilities,POS-424,Administration Officer,Professional/Mid-level,COURSE-S053-ADV,Advanced Documentation for Professional Growth,Advanced,S053,Documentation,5,100.0,Planned,Completed,2026-03-15,No,"Derived from actual role=Professional/Mid-level, skill proficiency=5/5, skill score=100.0, certification=Planned, skill status=Current.",DERIVED_DEMO_FROM_EXISTING_EMPLOYEE_DATA,No,2026-08-01
LEARN-EMP466-COURSE-S074-ADV,EMP466,Kashif Saleem,DEPARTMENT-011,Legal & Compliance,POS-455,Compliance Analyst,Professional/Mid-level,COURSE-S074-ADV,Advanced Legal Research and Decision Practice,Advanced,S074,Legal Research,5,85.9,Not Required,Completed,2025-05-15,Yes,"Derived from actual role=Professional/Mid-level, skill proficiency=5/5, skill score=85.9, certification=Not Required, skill status=Current.",DERIVED_DEMO_FROM_EXISTING_EMPLOYEE_DATA,No,2026-08-01
LEARN-EMP466-COURSE-S071-PRC,EMP466,Kashif Saleem,DEPARTMENT-011,Legal & Compliance,POS-455,Compliance Analyst,Professional/Mid-level,COURSE-S071-PRC,Applied Contract Review,Practitioner,S071,Contract Review,4,77.4,Not Required,Completed,2025-02-15,Yes,"Derived from actual role=Professional/Mid-level, skill proficiency=4/5, skill score=77.4, certification=Not Required, skill status=Current.",DERIVED_DEMO_FROM_EXISTING_EMPLOYEE_DATA,No,2026-08-01
LEARN-EMP556-COURSE-S082-ADV,EMP556,Kinza Farooq,DEPARTMENT-013,Logistics & Warehouse,POS-543,Logistics Coordinator,Professional/Mid-level,COURSE-S082-ADV,Advanced Warehouse Operations and Decision Practice,Advanced,S082,Warehouse Operations,4,87.8,Certified,Completed,2024-02-15,Yes,"Derived from actual role=Professional/Mid-level, skill proficiency=4/5, skill score=87.8, certification=Certified, skill status=Current.",DERIVED_DEMO_FROM_EXISTING_EMPLOYEE_DATA,No,2026-08-01
LEARN-EMP556-COURSE-S083-ADV,EMP556,Kinza Farooq,DEPARTMENT-013,Logistics & Warehouse,POS-543,Logistics Coordinator,Professional/Mid-level,COURSE-S083-ADV,Advanced Inventory Control and Decision Practice,Advanced,S083,Inventory Control,4,91.7,Not Required,Completed,2026-04-15,Yes,"Derived from actual role=Professional/Mid-level, skill proficiency=4/5, skill score=91.7, certification=Not Required, skill status=Current.",DERIVED_DEMO_FROM_EXISTING_EMPLOYEE_DATA,No,2026-08-01
LEARN-EMP087-COURSE-S045-ADV,EMP087,Kashif Hameed,DEPARTMENT-001,HR,POS-087,HR Manager,Manager/Head,COURSE-S045-ADV,Advanced Stakeholder Management for Professional Growth,Advanced,S045,Stakeholder Management,5,97.1,Not Required,Completed,2026-05-15,Yes,"Derived from actual role=Manager/Head, skill proficiency=5/5, skill score=97.1, certification=Not Required, skill status=Verified.",DERIVED_DEMO_FROM_EXISTING_EMPLOYEE_DATA,No,2026-08-01
LEARN-EMP087-COURSE-S046-ADV,EMP087,Kashif Hameed,DEPARTMENT-001,HR,POS-087,HR Manager,Manager/Head,COURSE-S046-ADV,Advanced Leadership for Professional Growth,Advanced,S046,Leadership,5,94.7,Not Required,Completed,2026-05-15,Yes,"Derived from actual role=Manager/Head, skill proficiency=5/5, skill score=94.7, certification=Not Required, skill status=Developing.",DERIVED_DEMO_FROM_EXISTING_EMPLOYEE_DATA,No,2026-08-01
LEARN-EMP087-COURSE-S035-ADV,EMP087,Kashif Hameed,DEPARTMENT-001,HR,POS-087,HR Manager,Manager/Head,COURSE-S035-ADV,Advanced Learning & Development and Decision Practice,Advanced,S035,Learning & Development,5,96.7,Not Required,Completed,2026-07-15,Yes,"Derived from actual role=Manager/Head, skill proficiency=5/5, skill score=96.7, certification=Not Required, skill status=Developing.",DERIVED_DEMO_FROM_EXISTING_EMPLOYEE_DATA,No,2026-08-01
LEARN-EMP638-COURSE-S094-ADV,EMP638,Laiba Hashmi,DEPARTMENT-015,Quality Assurance,POS-623,Senior Quality Engineer,Senior/Lead,COURSE-S094-ADV,Advanced Corrective Action Management and Continuous Improvement,Advanced,S094,Corrective Action Management,5,94.4,Not Required,Completed,2025-06-15,Yes,"Derived from actual role=Senior/Lead, skill proficiency=5/5, skill score=94.4, certification=Not Required, skill status=Current.",DERIVED_DEMO_FROM_EXISTING_EMPLOYEE_DATA,No,2026-08-01
LEARN-EMP638-COURSE-S046-ADV,EMP638,Laiba Hashmi,DEPARTMENT-015,Quality Assurance,POS-623,Senior Quality Engineer,Senior/Lead,COURSE-S046-ADV,Advanced Leadership for Professional Growth,Advanced,S046,Leadership,5,99.6,Planned,Completed,2026-05-15,No,"Derived from actual role=Senior/Lead, skill proficiency=5/5, skill score=99.6, certification=Planned, skill status=Current.",DERIVED_DEMO_FROM_EXISTING_EMPLOYEE_DATA,No,2026-08-01
LEARN-EMP047-COURSE-S030-ADV,EMP047,Mahnoor Iqbal,DEPARTMENT-002,Finance,POS-047,Senior Financial Analyst,Senior/Lead,COURSE-S030-ADV,Advanced Risk Analysis and Decision Practice,Advanced,S030,Risk Analysis,5,100.0,Certified,Completed,2025-04-15,Yes,"Derived from actual role=Senior/Lead, skill proficiency=5/5, skill score=100.0, certification=Certified, skill status=Verified.",DERIVED_DEMO_FROM_EXISTING_EMPLOYEE_DATA,No,2026-08-01
LEARN-EMP047-COURSE-S045-ADV,EMP047,Mahnoor Iqbal,DEPARTMENT-002,Finance,POS-047,Senior Financial Analyst,Senior/Lead,COURSE-S045-ADV,Advanced Stakeholder Management for Professional Growth,Advanced,S045,Stakeholder Management,5,97.9,Not Required,Completed,2025-08-15,Yes,"Derived from actual role=Senior/Lead, skill proficiency=5/5, skill score=97.9, certification=Not Required, skill status=Verified.",DERIVED_DEMO_FROM_EXISTING_EMPLOYEE_DATA,No,2026-08-01
LEARN-EMP182-COURSE-S016-PRC,EMP182,Waqas Ahmad,DEPARTMENT-003,Sales,POS-182,Account Manager,Professional/Mid-level,COURSE-S016-PRC,Applied Account Management,Practitioner,S016,Account Management,4,74.9,Not Required,Completed,2026-05-15,Yes,"Derived from actual role=Professional/Mid-level, skill proficiency=4/5, skill score=74.9, certification=Not Required, skill status=Verified.",DERIVED_DEMO_FROM_EXISTING_EMPLOYEE_DATA,No,2026-08-01
LEARN-EMP182-COURSE-S017-ADV,EMP182,Waqas Ahmad,DEPARTMENT-003,Sales,POS-182,Account Manager,Professional/Mid-level,COURSE-S017-ADV,Advanced Pipeline Management and Decision Practice,Advanced,S017,Pipeline Management,4,88.7,Not Required,Completed,2024-04-15,Yes,"Derived from actual role=Professional/Mid-level, skill proficiency=4/5, skill score=88.7, certification=Not Required, skill status=Verified.",DERIVED_DEMO_FROM_EXISTING_EMPLOYEE_DATA,No,2026-08-01
LEARN-EMP422-COURSE-S070-PRC,EMP422,Farhan Ismail,DEPARTMENT-010,Administration & Facilities,POS-412,Administration Officer,Professional/Mid-level,COURSE-S070-PRC,Applied Records Management,Practitioner,S070,Records Management,4,79.8,Certified,Completed,2024-01-15,Yes,"Derived from actual role=Professional/Mid-level, skill proficiency=4/5, skill score=79.8, certification=Certified, skill status=Current.",DERIVED_DEMO_FROM_EXISTING_EMPLOYEE_DATA,No,2026-08-01
LEARN-EMP422-COURSE-S067-ADV,EMP422,Farhan Ismail,DEPARTMENT-010,Administration & Facilities,POS-412,Administration Officer,Professional/Mid-level,COURSE-S067-ADV,Advanced Facilities Management and Decision Practice,Advanced,S067,Facilities Management,4,87.1,Not Required,Completed,2026-05-15,Yes,"Derived from actual role=Professional/Mid-level, skill proficiency=4/5, skill score=87.1, certification=Not Required, skill status=Current.",DERIVED_DEMO_FROM_EXISTING_EMPLOYEE_DATA,No,2026-08-01
LEARN-EMP529-COURSE-S079-ADV,EMP529,Ayesha Waheed,DEPARTMENT-012,Procurement & Supply Chain,POS-517,Procurement Assistant,Junior/Assistant,COURSE-S079-ADV,Advanced Contract Negotiation and Decision Practice,Advanced,S079,Contract Negotiation,4,90.5,Planned,Completed,2026-08-15,Yes,"Derived from actual role=Junior/Assistant, skill proficiency=4/5, skill score=90.5, certification=Planned, skill status=Current.",DERIVED_DEMO_FROM_EXISTING_EMPLOYEE_DATA,No,2026-08-01
LEARN-EMP716-COURSE-S099-ADV,EMP716,Saba Awan,DEPARTMENT-016,Research & Development,POS-700,Research Associate,Junior/Assistant,COURSE-S099-ADV,Advanced Innovation Management and Innovation Practice,Advanced,S099,Innovation Management,4,86.7,Certified,Completed,2024-05-15,Yes,"Derived from actual role=Junior/Assistant, skill proficiency=4/5, skill score=86.7, certification=Certified, skill status=Current.",DERIVED_DEMO_FROM_EXISTING_EMPLOYEE_DATA,No,2026-08-01
LEARN-EMP457-COURSE-S074-ADV,EMP457,Saba Abbasi,DEPARTMENT-011,Legal & Compliance,POS-446,Legal and Compliance Manager,Manager/Head,COURSE-S074-ADV,Advanced Legal Research and Decision Practice,Advanced,S074,Legal Research,5,93.9,Not Required,Completed,2026-04-15,Yes,"Derived from actual role=Manager/Head, skill proficiency=5/5, skill score=93.9, certification=Not Required, skill status=Current.",DERIVED_DEMO_FROM_EXISTING_EMPLOYEE_DATA,No,2026-08-01
LEARN-EMP457-COURSE-S071-ADV,EMP457,Saba Abbasi,DEPARTMENT-011,Legal & Compliance,POS-446,Legal and Compliance Manager,Manager/Head,COURSE-S071-ADV,Advanced Contract Review and Decision Practice,Advanced,S071,Contract Review,5,99.4,Planned,Completed,2026-05-15,Yes,"Derived from actual role=Manager/Head, skill proficiency=5/5, skill score=99.4, certification=Planned, skill status=Current.",DERIVED_DEMO_FROM_EXISTING_EMPLOYEE_DATA,No,2026-08-01
LEARN-EMP457-COURSE-S075-ADV,EMP457,Saba Abbasi,DEPARTMENT-011,Legal & Compliance,POS-446,Legal and Compliance Manager,Manager/Head,COURSE-S075-ADV,Advanced Case Management and Decision Practice,Advanced,S075,Case Management,4,82.6,Not Required,Completed,2025-03-15,Yes,"Derived from actual role=Manager/Head, skill proficiency=4/5, skill score=82.6, certification=Not Required, skill status=Current.",DERIVED_DEMO_FROM_EXISTING_EMPLOYEE_DATA,No,2026-08-01
LEARN-EMP323-COURSE-S055-PRC,EMP323,Rabia Bukhari,DEPARTMENT-008,Medical Care,POS-315,Senior Medical Officer,Senior/Lead,COURSE-S055-PRC,Applied Patient Care in Clinical Practice,Practitioner,S055,Patient Care,4,74.9,Certified,Completed,2026-02-15,Yes,"Derived from actual role=Senior/Lead, skill proficiency=4/5, skill score=74.9, certification=Certified, skill status=Current.",DERIVED_DEMO_FROM_EXISTING_EMPLOYEE_DATA,No,2026-08-01
LEARN-EMP323-COURSE-S043-ADV,EMP323,Rabia Bukhari,DEPARTMENT-008,Medical Care,POS-315,Senior Medical Officer,Senior/Lead,COURSE-S043-ADV,Advanced Teamwork for Professional Growth,Advanced,S043,Teamwork,5,100.0,Not Required,Completed,2025-02-15,No,"Derived from actual role=Senior/Lead, skill proficiency=5/5, skill score=100.0, certification=Not Required, skill status=Current.",DERIVED_DEMO_FROM_EXISTING_EMPLOYEE_DATA,No,2026-08-01
LEARN-EMP448-COURSE-S067-PRC,EMP448,Kashif Siddiqui,DEPARTMENT-010,Administration & Facilities,POS-438,Administration Intern,Intern/Trainee,COURSE-S067-PRC,Applied Facilities Management,Practitioner,S067,Facilities Management,3,80.1,Certified,Completed,2025-02-15,Yes,"Derived from actual role=Intern/Trainee, skill proficiency=3/5, skill score=80.1, certification=Certified, skill status=Current.",DERIVED_DEMO_FROM_EXISTING_EMPLOYEE_DATA,No,2026-08-01
