Employee_ID,Employee_Name,Department_ID,Department_Name,Business_Unit,Organizational_Unit_ID,Work_Location_ID,Position_ID,Position_Title,Job_Level,Employment_Type,Employee_Status_Source,Manager_Employee_ID,Hire_Date,Date_of_Birth_Synthetic,Age_As_Of_Date,Planned_Retirement_Date,Retirement_Status,Probation_Start_Date,Probation_Original_End_Date,Probation_Current_End_Date,Probation_Standard_Months,Probation_Extension_Count,Probation_Operational_Status,Probation_Confirmation_Date,Probation_Recommendation,Contract_Current_Start_Date,Contract_Current_End_Date,Contract_Term_Months,Contract_Renewal_Count,Contract_Operational_Status,Promotion_Eligibility_Score,Transfer_Readiness_Score,Performance_Score,Performance_Trend,Attendance_Percentage,Engagement_Score,Attrition_Label_Reference,Current_Notice_Type,Current_Notice_Effective_Date,Operational_Data_Source,Data_As_Of_Date,Rehire_Count,Last_Rehire_Date,Rehire_Last_Reason,Contract_End_Decision,Contract_End_Effective_Date,Final_Settlement_Status,Final_Settlement_Due_Date,Final_Settlement_Action_Record_ID,Acting_Charge_Status,Acting_Target_Position_ID,Acting_Charge_End_Date,Demotion_Status,Demotion_Target_Position_ID,Demotion_Effective_Date,Secondment_Status,Secondment_To_Department_ID,Secondment_Target_Position_ID,Secondment_Expected_Return_Date,Resignation_Withdrawal_Count,Last_Resignation_Withdrawal_Date,Employee_Status_Operational,Operational_Department_ID,Operational_Department_Name,Operational_Business_Unit,Operational_Organizational_Unit_ID,Operational_Work_Location_ID,Operational_Position_ID,Operational_Position_Title,Operational_Job_Level,Operational_Employment_Type,Operational_Manager_Employee_ID,Operational_State_Updated_At,Last_Action_Record_ID,Last_Action_Process_Code
EMP001,Sonia Hassan,DEPARTMENT-001,HR,Corporate Services,ORGANIZATIONAL-UNIT-HR,LOC-HQ,POS-001,HR Manager,Lead/Manager,Permanent,Active,EMP201,2014-12-01,1985-04-20,41,2045-04-20,NOT_DUE,2014-12-01,2015-03-01,2015-03-01,3,0,CONFIRMED,2015-03-11,COMPLETED,,,,,,78.9,91.0,80.07,Stable,100.0,3.7,Yes,NONE,,Additive synthetic operational layer based on existing 720-employee data,2026-08-01,0,,,NONE,,NONE,,,NONE,,,NONE,,,NONE,,,,0,,Active,DEPARTMENT-001,HR,Corporate Services,ORGANIZATIONAL-UNIT-HR,LOC-HQ,POS-001,HR Manager,Lead/Manager,Permanent,EMP201,,,
EMP002,Bilal Aziz,DEPARTMENT-003,Sales,Commercial Services,ORGANIZATIONAL-UNIT-SAL-TEAM-03,LOC-NORTH,POS-002,Account Manager,Mid,Permanent,Active,EMP166,2023-07-01,1994-01-06,32,2054-01-06,NOT_DUE,2023-07-01,2023-10-01,2023-10-01,3,0,CONFIRMED,2023-09-29,COMPLETED,,,,,,82.3,88.8,87.79,Stable,100.0,5.0,No,NONE,,Additive synthetic operational layer based on existing 720-employee data,2026-08-01,0,,,NONE,,NONE,,,NONE,,,NONE,,,NONE,,,,0,,Active,DEPARTMENT-003,Sales,Commercial Services,ORGANIZATIONAL-UNIT-SAL-TEAM-03,LOC-NORTH,POS-002,Account Manager,Mid,Permanent,EMP166,,,
EMP003,Kamran Ali,DEPARTMENT-002,Finance,Corporate Services,ORGANIZATIONAL-UNIT-FIN-TEAM-01,LOC-HQ,POS-003,Financial Analyst,Mid,Permanent,Active,EMP230,2025-06-01,1996-10-26,29,2056-10-26,NOT_DUE,2025-06-01,2025-09-01,2025-09-01,3,0,CONFIRMED,2025-09-08,COMPLETED,,,,,,80.7,82.6,90.85,Stable,96.9,3.8,No,NONE,,Additive synthetic operational layer based on existing 720-employee data,2026-08-01,0,,,NONE,,NONE,,,NONE,,,NONE,,,NONE,,,,0,,Active,DEPARTMENT-002,Finance,Corporate Services,ORGANIZATIONAL-UNIT-FIN-TEAM-01,LOC-HQ,POS-003,Financial Analyst,Mid,Permanent,EMP230,,,
EMP004,Ali Masood,DEPARTMENT-002,Finance,Corporate Services,ORGANIZATIONAL-UNIT-FIN-TEAM-02,LOC-HQ,POS-004,Financial Analyst,Mid,Permanent,Active,EMP231,2023-05-01,1997-08-05,28,2057-08-05,NOT_DUE,2023-05-01,2023-08-01,2023-08-01,3,0,CONFIRMED,2023-07-28,COMPLETED,,,,,,81.3,79.6,90.78,Stable,96.9,3.3,Yes,NONE,,Additive synthetic operational layer based on existing 720-employee data,2026-08-01,0,,,NONE,,NONE,,,NONE,,,NONE,,,NONE,,,,0,,Active,DEPARTMENT-002,Finance,Corporate Services,ORGANIZATIONAL-UNIT-FIN-TEAM-02,LOC-HQ,POS-004,Financial Analyst,Mid,Permanent,EMP231,,,
EMP005,Farhan Shah,DEPARTMENT-005,Engineering,Technology and Innovation,ORGANIZATIONAL-UNIT-ENG-TEAM-03,LOC-HQ,POS-005,Software Engineer I,Junior,Permanent,Active,EMP159,2025-04-01,1999-01-14,27,2059-01-14,NOT_DUE,2025-04-01,2025-07-01,2025-07-01,3,0,CONFIRMED,2025-06-30,COMPLETED,,,,,,45.8,26.0,74.56,Stable,98.4,3.0,Yes,NONE,,Additive synthetic operational layer based on existing 720-employee data,2026-08-01,0,,,NONE,,NONE,,,NONE,,,NONE,,,NONE,,,,0,,Active,DEPARTMENT-005,Engineering,Technology and Innovation,ORGANIZATIONAL-UNIT-ENG-TEAM-03,LOC-HQ,POS-005,Software Engineer I,Junior,Permanent,EMP159,,,
EMP006,Sehrish Tariq,DEPARTMENT-005,Engineering,Technology and Innovation,ORGANIZATIONAL-UNIT-ENG-TEAM-01,LOC-HQ,POS-006,Software Engineer II,Mid,Permanent,Active,EMP195,2021-04-01,1991-07-17,35,2051-07-17,NOT_DUE,2021-04-01,2021-07-01,2021-07-01,3,0,CONFIRMED,2021-07-15,COMPLETED,,,,,,73.2,70.2,86.35,Stable,96.9,2.8,Yes,NONE,,Additive synthetic operational layer based on existing 720-employee data,2026-08-01,0,,,NONE,,NONE,,,NONE,,,NONE,,,NONE,,,,0,,Active,DEPARTMENT-005,Engineering,Technology and Innovation,ORGANIZATIONAL-UNIT-ENG-TEAM-01,LOC-HQ,POS-006,Software Engineer II,Mid,Permanent,EMP195,,,
EMP007,Sonia Ahmad,DEPARTMENT-004,Customer Support,Commercial Services,ORGANIZATIONAL-UNIT-CS-TEAM-02,LOC-CENTRAL,POS-007,Customer Support Representative,Junior,Contract,Active,EMP262,2023-10-01,1995-01-24,31,2055-01-24,NOT_DUE,2023-10-01,2024-01-01,2024-01-01,3,0,CONFIRMED,2023-12-31,COMPLETED,2025-10-01,2026-09-30,12,2,EXPIRING_90D,70.6,73.4,82.59,Stable,100.0,4.1,No,NONE,,Additive synthetic operational layer based on existing 720-employee data,2026-08-01,0,,,NONE,,NONE,,,NONE,,,NONE,,,NONE,,,,0,,Active,DEPARTMENT-004,Customer Support,Commercial Services,ORGANIZATIONAL-UNIT-CS-TEAM-02,LOC-CENTRAL,POS-007,Customer Support Representative,Junior,Contract,EMP262,,,
EMP008,Iqra Bashir,DEPARTMENT-002,Finance,Corporate Services,ORGANIZATIONAL-UNIT-FIN,LOC-HQ,POS-008,Finance Manager,Lead/Manager,Permanent,Active,EMP227,2014-07-01,1978-01-23,48,2038-01-23,NOT_DUE,2014-07-01,2014-10-01,2014-10-01,3,0,CONFIRMED,2014-09-29,COMPLETED,,,,,,68.2,77.0,78.32,Stable,100.0,4.2,No,NONE,,Additive synthetic operational layer based on existing 720-employee data,2026-08-01,0,,,NONE,,NONE,,,NONE,,,NONE,,,NONE,,,,0,,Active,DEPARTMENT-002,Finance,Corporate Services,ORGANIZATIONAL-UNIT-FIN,LOC-HQ,POS-008,Finance Manager,Lead/Manager,Permanent,EMP227,,,
EMP009,Hassan Dar,DEPARTMENT-004,Customer Support,Commercial Services,ORGANIZATIONAL-UNIT-CS,LOC-CENTRAL,POS-009,Customer Support Manager,Lead/Manager,Permanent,Active,EMP259,2013-02-01,1980-05-15,46,2040-05-15,NOT_DUE,2013-02-01,2013-05-01,2013-05-01,3,0,CONFIRMED,2013-05-03,COMPLETED,,,,,,76.6,81.8,82.75,Stable,100.0,3.0,Yes,NONE,,Additive synthetic operational layer based on existing 720-employee data,2026-08-01,0,,,NONE,,NONE,,,NONE,,,NONE,,,NONE,,,,0,,Active,DEPARTMENT-004,Customer Support,Commercial Services,ORGANIZATIONAL-UNIT-CS,LOC-CENTRAL,POS-009,Customer Support Manager,Lead/Manager,Permanent,EMP259,,,
EMP010,Salman Shah,DEPARTMENT-005,Engineering,Technology and Innovation,ORGANIZATIONAL-UNIT-ENG-TEAM-02,LOC-HQ,POS-010,Senior Software Engineer,Senior,Permanent,Active,EMP129,2022-06-01,1987-05-10,39,2047-05-10,NOT_DUE,2022-06-01,2022-09-01,2022-09-01,3,0,CONFIRMED,2022-09-13,COMPLETED,,,,,,79.7,90.0,85.75,Stable,98.4,3.8,No,NONE,,Additive synthetic operational layer based on existing 720-employee data,2026-08-01,0,,,NONE,,NONE,,,NONE,,,NONE,,,NONE,,,,0,,Active,DEPARTMENT-005,Engineering,Technology and Innovation,ORGANIZATIONAL-UNIT-ENG-TEAM-02,LOC-HQ,POS-010,Senior Software Engineer,Senior,Permanent,EMP129,,,
EMP011,Khurram Iqbal,DEPARTMENT-003,Sales,Commercial Services,ORGANIZATIONAL-UNIT-SAL,LOC-NORTH,POS-011,Sales Manager,Lead/Manager,Permanent,Active,EMP252,2011-08-01,1973-12-03,52,2033-12-03,NOT_DUE,2011-08-01,2011-11-01,2011-11-01,3,0,CONFIRMED,2011-10-29,COMPLETED,,,,,,74.1,91.0,79.51,Stable,98.4,4.6,No,NONE,,Additive synthetic operational layer based on existing 720-employee data,2026-08-01,0,,,NONE,,NONE,,,NONE,,,NONE,,,NONE,,,,0,,Active,DEPARTMENT-003,Sales,Commercial Services,ORGANIZATIONAL-UNIT-SAL,LOC-NORTH,POS-011,Sales Manager,Lead/Manager,Permanent,EMP252,,,
EMP012,Danish Masood,DEPARTMENT-001,HR,Corporate Services,ORGANIZATIONAL-UNIT-HR,LOC-HQ,POS-012,HR Manager,Lead/Manager,Permanent,Active,EMP201,2018-02-01,1979-09-30,46,2039-09-30,NOT_DUE,2018-02-01,2018-05-01,2018-05-01,3,0,CONFIRMED,2018-04-28,COMPLETED,,,,,,76.4,83.0,79.3,Stable,98.4,2.9,Yes,NONE,,Additive synthetic operational layer based on existing 720-employee data,2026-08-01,0,,,NONE,,NONE,,,NONE,,,NONE,,,NONE,,,,0,,Active,DEPARTMENT-001,HR,Corporate Services,ORGANIZATIONAL-UNIT-HR,LOC-HQ,POS-012,HR Manager,Lead/Manager,Permanent,EMP201,,,
EMP013,Anum Ahmad,DEPARTMENT-001,HR,Corporate Services,ORGANIZATIONAL-UNIT-HR-TEAM-02,LOC-HQ,POS-013,HR Generalist,Mid,Permanent,Active,EMP012,2022-04-01,1992-01-14,34,2052-01-14,NOT_DUE,2022-04-01,2022-07-01,2022-07-01,3,0,CONFIRMED,2022-06-26,COMPLETED,,,,,,81.5,91.2,91.92,Stable,98.5,4.0,No,NONE,,Additive synthetic operational layer based on existing 720-employee data,2026-08-01,1,2025-01-24,FORMER_HIGH_PERFORMER,NONE,,NONE,,,NONE,,,NONE,,,NONE,,,,0,,Active,DEPARTMENT-001,HR,Corporate Services,ORGANIZATIONAL-UNIT-HR-TEAM-02,LOC-HQ,POS-013,HR Generalist,Mid,Permanent,EMP012,,,
EMP014,Shahid Ali,DEPARTMENT-005,Engineering,Technology and Innovation,ORGANIZATIONAL-UNIT-ENG-TEAM-03,LOC-HQ,POS-014,Software Engineer II,Mid,Permanent,Active,EMP015,2024-09-01,1993-02-21,33,2053-02-21,NOT_DUE,2024-09-01,2024-12-01,2024-12-01,3,0,CONFIRMED,2024-12-05,COMPLETED,,,,,,80.8,83.8,86.94,Stable,100.0,4.6,No,NONE,,Additive synthetic operational layer based on existing 720-employee data,2026-08-01,0,,,NONE,,NONE,,,NONE,,,NONE,,,NONE,,,,0,,Active,DEPARTMENT-005,Engineering,Technology and Innovation,ORGANIZATIONAL-UNIT-ENG-TEAM-03,LOC-HQ,POS-014,Software Engineer II,Mid,Permanent,EMP015,,,
EMP015,Anum Rehman,DEPARTMENT-005,Engineering,Technology and Innovation,ORGANIZATIONAL-UNIT-ENG,LOC-HQ,POS-015,Engineering Lead,Lead/Manager,Permanent,Active,EMP268,2017-06-01,1983-05-21,43,2043-05-21,NOT_DUE,2017-06-01,2017-09-01,2017-09-01,3,0,CONFIRMED,2017-09-01,COMPLETED,,,,,,75.4,93.6,80.17,Stable,100.0,4.0,No,NONE,,Additive synthetic operational layer based on existing 720-employee data,2026-08-01,0,,,NONE,,NONE,,,NONE,,,NONE,,,NONE,,,,0,,Active,DEPARTMENT-005,Engineering,Technology and Innovation,ORGANIZATIONAL-UNIT-ENG,LOC-HQ,POS-015,Engineering Lead,Lead/Manager,Permanent,EMP268,,,
EMP016,Khurram Gill,DEPARTMENT-003,Sales,Commercial Services,ORGANIZATIONAL-UNIT-SAL-TEAM-02,LOC-NORTH,POS-016,Account Manager,Mid,Permanent,Active,EMP105,2020-12-01,1992-04-18,34,2052-04-18,NOT_DUE,2020-12-01,2021-03-01,2021-03-01,3,0,CONFIRMED,2021-03-11,COMPLETED,,,,,,43.4,35.8,70.48,Stable,96.9,3.0,Yes,NONE,,Additive synthetic operational layer based on existing 720-employee data,2026-08-01,0,,,NONE,,NONE,,,NONE,,,NONE,,,NONE,,,,0,,Active,DEPARTMENT-003,Sales,Commercial Services,ORGANIZATIONAL-UNIT-SAL-TEAM-02,LOC-NORTH,POS-016,Account Manager,Mid,Permanent,EMP105,,,
EMP017,Amir Haider,DEPARTMENT-004,Customer Support,Commercial Services,ORGANIZATIONAL-UNIT-CS-TEAM-03,LOC-CENTRAL,POS-017,Customer Support Representative,Junior,Permanent,Active,EMP168,2024-10-01,1999-08-01,27,2059-08-01,NOT_DUE,2024-10-01,2025-01-01,2025-01-01,3,0,CONFIRMED,2025-01-10,COMPLETED,,,,,,79.0,79.6,89.98,Stable,96.9,3.1,Yes,NONE,,Additive synthetic operational layer based on existing 720-employee data,2026-08-01,0,,,NONE,,NONE,,,NONE,,,NONE,,,NONE,,,,0,,Active,DEPARTMENT-004,Customer Support,Commercial Services,ORGANIZATIONAL-UNIT-CS-TEAM-03,LOC-CENTRAL,POS-017,Customer Support Representative,Junior,Permanent,EMP168,,,
EMP018,Sidra Tariq,DEPARTMENT-005,Engineering,Technology and Innovation,ORGANIZATIONAL-UNIT-ENG-TEAM-01,LOC-HQ,POS-018,Software Engineer II,Mid,Contract,Active,EMP142,2021-07-01,1998-02-14,28,2058-02-14,NOT_DUE,2021-07-01,2021-10-01,2021-10-01,3,0,CONFIRMED,2021-10-01,COMPLETED,2025-07-01,2027-06-30,24,2,ACTIVE,69.2,70.2,81.8,Stable,98.4,2.0,Yes,NONE,,Additive synthetic operational layer based on existing 720-employee data,2026-08-01,0,,,NONE,,NONE,,,NONE,,,NONE,,,NONE,,,,1,2026-09-09,Active,DEPARTMENT-005,Engineering,Technology and Innovation,ORGANIZATIONAL-UNIT-ENG-TEAM-01,LOC-HQ,POS-018,Software Engineer II,Mid,Contract,EMP142,,,
EMP019,Hina Hussain,DEPARTMENT-007,IT,Technology and Innovation,ORGANIZATIONAL-UNIT-IT-TEAM-02,LOC-HQ,POS-019,Systems Administrator,Mid,Permanent,Active,EMP169,2025-05-01,1994-12-21,31,2054-12-21,NOT_DUE,2025-05-01,2025-08-01,2025-08-01,3,0,CONFIRMED,2025-07-28,COMPLETED,,,,,,81.0,88.8,91.88,Stable,95.1,3.6,No,NONE,,Additive synthetic operational layer based on existing 720-employee data,2026-08-01,0,,,NONE,,NONE,,,NONE,,,NONE,,,NONE,,,,0,,Active,DEPARTMENT-007,IT,Technology and Innovation,ORGANIZATIONAL-UNIT-IT-TEAM-02,LOC-HQ,POS-019,Systems Administrator,Mid,Permanent,EMP169,,,
EMP020,Waqas Khan,DEPARTMENT-004,Customer Support,Commercial Services,ORGANIZATIONAL-UNIT-CS-TEAM-03,LOC-CENTRAL,POS-020,Customer Support Representative,Junior,Permanent,Active,EMP262,2023-08-01,1993-04-13,33,2053-04-13,NOT_DUE,2023-08-01,2023-11-01,2023-11-01,3,0,CONFIRMED,2023-10-26,COMPLETED,,,,,,72.5,59.2,84.82,Stable,100.0,3.3,Yes,NONE,,Additive synthetic operational layer based on existing 720-employee data,2026-08-01,0,,,NONE,,NONE,,,NONE,,,NONE,,,NONE,,,,0,,Active,DEPARTMENT-004,Customer Support,Commercial Services,ORGANIZATIONAL-UNIT-CS-TEAM-03,LOC-CENTRAL,POS-020,Customer Support Representative,Junior,Permanent,EMP262,,,
EMP021,Usman Khan,DEPARTMENT-004,Customer Support,Commercial Services,ORGANIZATIONAL-UNIT-CS-TEAM-01,LOC-CENTRAL,POS-021,Customer Support Representative,Junior,Permanent,Active,EMP009,2023-08-01,1996-06-11,30,2056-06-11,NOT_DUE,2023-08-01,2023-11-01,2023-11-01,3,0,CONFIRMED,2023-11-15,COMPLETED,,,,,,67.0,67.2,76.36,Stable,100.0,3.5,Yes,NONE,,Additive synthetic operational layer based on existing 720-employee data,2026-08-01,0,,,NONE,,NONE,,,NONE,,,NONE,,,NONE,,,,0,,Active,DEPARTMENT-004,Customer Support,Commercial Services,ORGANIZATIONAL-UNIT-CS-TEAM-01,LOC-CENTRAL,POS-021,Customer Support Representative,Junior,Permanent,EMP009,,,
EMP022,Laiba Raza,DEPARTMENT-003,Sales,Commercial Services,ORGANIZATIONAL-UNIT-SAL-TEAM-02,LOC-NORTH,POS-022,Account Manager,Mid,Permanent,Active,EMP105,2020-10-01,1991-10-18,34,2051-10-18,NOT_DUE,2020-10-01,2021-01-01,2021-01-01,3,0,CONFIRMED,2021-01-01,COMPLETED,,,,,,77.7,90.0,82.96,Stable,96.8,4.4,No,NONE,,Additive synthetic operational layer based on existing 720-employee data,2026-08-01,0,,,NONE,,NONE,,,NONE,,,NONE,,,NONE,,,,0,,Active,DEPARTMENT-003,Sales,Commercial Services,ORGANIZATIONAL-UNIT-SAL-TEAM-02,LOC-NORTH,POS-022,Account Manager,Mid,Permanent,EMP105,,,
EMP023,Fatima Masood,DEPARTMENT-006,Operations,Enterprise Operations,ORGANIZATIONAL-UNIT-OPS-TEAM-03,LOC-CENTRAL,POS-023,Operations Officer,Junior,Permanent,Active,EMP278,2025-02-01,1997-09-03,28,2057-09-03,NOT_DUE,2025-02-01,2025-05-01,2025-05-01,3,0,CONFIRMED,2025-04-26,COMPLETED,,,,,,64.3,64.2,77.24,Stable,96.7,2.7,Yes,NONE,,Additive synthetic operational layer based on existing 720-employee data,2026-08-01,0,,,NONE,,NONE,,,NONE,,,NONE,,,NONE,,,,0,,Active,DEPARTMENT-006,Operations,Enterprise Operations,ORGANIZATIONAL-UNIT-OPS-TEAM-03,LOC-CENTRAL,POS-023,Operations Officer,Junior,Permanent,EMP278,,,
EMP024,Fatima Arif,DEPARTMENT-007,IT,Technology and Innovation,ORGANIZATIONAL-UNIT-IT-TEAM-01,LOC-HQ,POS-024,Systems Administrator,Mid,Permanent,Active,EMP095,2020-12-01,1994-04-19,32,2054-04-19,NOT_DUE,2020-12-01,2021-03-01,2021-03-01,3,0,CONFIRMED,2021-03-02,COMPLETED,,,,,,73.7,69.6,85.41,Stable,96.9,3.8,No,NONE,,Additive synthetic operational layer based on existing 720-employee data,2026-08-01,0,,,NONE,,NONE,,,NONE,,,NONE,,,NONE,,,,0,,Active,DEPARTMENT-007,IT,Technology and Innovation,ORGANIZATIONAL-UNIT-IT-TEAM-01,LOC-HQ,POS-024,Systems Administrator,Mid,Permanent,EMP095,,,
EMP025,Raza Mughal,DEPARTMENT-002,Finance,Corporate Services,ORGANIZATIONAL-UNIT-FIN-TEAM-02,LOC-HQ,POS-025,Financial Analyst,Mid,Permanent,Active,EMP228,2024-03-01,1997-03-18,29,2057-03-18,NOT_DUE,2024-03-01,2024-06-01,2024-06-01,3,0,CONFIRMED,2024-06-05,COMPLETED,,,,,,79.8,74.6,87.94,Stable,100.0,3.4,Yes,NONE,,Additive synthetic operational layer based on existing 720-employee data,2026-08-01,0,,,NONE,,NONE,,,NONE,,,NONE,,,NONE,,,,0,,Active,DEPARTMENT-002,Finance,Corporate Services,ORGANIZATIONAL-UNIT-FIN-TEAM-02,LOC-HQ,POS-025,Financial Analyst,Mid,Permanent,EMP228,,,
EMP026,Anum Qureshi,DEPARTMENT-006,Operations,Enterprise Operations,ORGANIZATIONAL-UNIT-OPS,LOC-CENTRAL,POS-026,Operations Manager,Lead/Manager,Permanent,Active,EMP277,2014-09-01,1981-03-17,45,2041-03-17,NOT_DUE,2014-09-01,2014-12-01,2014-12-01,3,0,CONFIRMED,2014-12-14,COMPLETED,,,,,,47.2,34.4,68.59,Stable,96.9,1.6,Yes,RESIGNATION,2026-09-04,Additive synthetic operational layer based on existing 720-employee data,2026-08-01,0,,,NONE,,PENDING,2026-09-11,HRACT-00278,NONE,,,NONE,,,NONE,,,,0,,Active,DEPARTMENT-006,Operations,Enterprise Operations,ORGANIZATIONAL-UNIT-OPS,LOC-CENTRAL,POS-026,Operations Manager,Lead/Manager,Permanent,EMP277,,,
EMP027,Akbar Hassan,DEPARTMENT-004,Customer Support,Commercial Services,ORGANIZATIONAL-UNIT-CS-TEAM-01,LOC-CENTRAL,POS-027,Senior Support Executive,Mid,Permanent,Active,EMP128,2021-11-01,1993-01-29,33,2053-01-29,NOT_DUE,2021-11-01,2022-02-01,2022-02-01,3,0,CONFIRMED,2022-02-03,COMPLETED,,,,,,68.0,70.2,76.9,Stable,96.8,2.5,Yes,NONE,,Additive synthetic operational layer based on existing 720-employee data,2026-08-01,0,,,NONE,,NONE,,,NONE,,,NONE,,,NONE,,,,1,2026-08-23,Active,DEPARTMENT-004,Customer Support,Commercial Services,ORGANIZATIONAL-UNIT-CS-TEAM-01,LOC-CENTRAL,POS-027,Senior Support Executive,Mid,Permanent,EMP128,,,
EMP028,Salman Aziz,DEPARTMENT-003,Sales,Commercial Services,ORGANIZATIONAL-UNIT-SAL-TEAM-02,LOC-NORTH,POS-028,Senior Account Manager,Senior,Permanent,Active,EMP105,2023-04-01,1993-04-16,33,2053-04-16,NOT_DUE,2023-04-01,2023-07-01,2023-07-01,3,0,CONFIRMED,2023-06-30,COMPLETED,,,,,,78.2,83.2,85.55,Stable,95.2,3.2,Yes,NONE,,Additive synthetic operational layer based on existing 720-employee data,2026-08-01,0,,,NONE,,NONE,,,NONE,,,NONE,,,NONE,,,,0,,Active,DEPARTMENT-003,Sales,Commercial Services,ORGANIZATIONAL-UNIT-SAL-TEAM-02,LOC-NORTH,POS-028,Senior Account Manager,Senior,Permanent,EMP105,,,
EMP029,Ali Saleem,DEPARTMENT-005,Engineering,Technology and Innovation,ORGANIZATIONAL-UNIT-ENG-TEAM-03,LOC-HQ,POS-029,Software Engineer II,Mid,Permanent,Active,EMP070,2021-10-01,1993-04-05,33,2053-04-05,NOT_DUE,2021-10-01,2022-01-01,2022-01-01,3,0,CONFIRMED,2022-01-13,COMPLETED,,,,,,79.3,82.6,85.44,Stable,98.4,3.8,Yes,NONE,,Additive synthetic operational layer based on existing 720-employee data,2026-08-01,0,,,NONE,,NONE,,,NONE,,,NONE,,,NONE,,,,0,,Active,DEPARTMENT-005,Engineering,Technology and Innovation,ORGANIZATIONAL-UNIT-ENG-TEAM-03,LOC-HQ,POS-029,Software Engineer II,Mid,Permanent,EMP070,,,
EMP030,Hamza Ahmad,DEPARTMENT-002,Finance,Corporate Services,ORGANIZATIONAL-UNIT-FIN-TEAM-01,LOC-HQ,POS-030,Senior Financial Analyst,Senior,Permanent,Active,EMP008,2015-12-01,1986-01-15,40,2046-01-15,NOT_DUE,2015-12-01,2016-03-01,2016-03-01,3,0,CONFIRMED,2016-03-07,COMPLETED,,,,,,82.0,91.0,89.84,Stable,98.4,4.6,No,NONE,,Additive synthetic operational layer based on existing 720-employee data,2026-08-01,0,,,NONE,,NONE,,,NONE,,,NONE,,,NONE,,,,0,,Active,DEPARTMENT-002,Finance,Corporate Services,ORGANIZATIONAL-UNIT-FIN-TEAM-01,LOC-HQ,POS-030,Senior Financial Analyst,Senior,Permanent,EMP008,,,
EMP031,Sadia Haider,DEPARTMENT-005,Engineering,Technology and Innovation,ORGANIZATIONAL-UNIT-ENG-TEAM-02,LOC-HQ,POS-031,Senior Software Engineer,Senior,Permanent,Active,EMP129,2022-08-01,1989-06-07,37,2049-06-07,NOT_DUE,2022-08-01,2022-11-01,2022-11-01,3,0,CONFIRMED,2022-10-26,COMPLETED,,,,,,81.1,92.4,89.26,Stable,98.4,4.7,No,NONE,,Additive synthetic operational layer based on existing 720-employee data,2026-08-01,0,,,NONE,,NONE,,,NONE,,,NONE,,,NONE,,,,0,,Active,DEPARTMENT-005,Engineering,Technology and Innovation,ORGANIZATIONAL-UNIT-ENG-TEAM-02,LOC-HQ,POS-031,Senior Software Engineer,Senior,Permanent,EMP129,,,
EMP032,Laiba Mahmood,DEPARTMENT-003,Sales,Commercial Services,ORGANIZATIONAL-UNIT-SAL-TEAM-03,LOC-NORTH,POS-032,Sales Executive,Junior,Permanent,Active,EMP166,2025-12-01,1997-02-11,29,2057-02-11,NOT_DUE,2025-12-01,2026-03-01,2026-03-01,3,0,CONFIRMED,2026-03-09,COMPLETED,,,,,,62.9,65.4,75.81,Stable,100.0,3.4,Yes,NONE,,Additive synthetic operational layer based on existing 720-employee data,2026-08-01,0,,,NONE,,NONE,,,NONE,,,NONE,,,NONE,,,,0,,Active,DEPARTMENT-003,Sales,Commercial Services,ORGANIZATIONAL-UNIT-SAL-TEAM-03,LOC-NORTH,POS-032,Sales Executive,Junior,Permanent,EMP166,,,
EMP033,Ali Chaudhry,DEPARTMENT-007,IT,Technology and Innovation,ORGANIZATIONAL-UNIT-IT-TEAM-01,LOC-HQ,POS-033,IT Support Engineer,Junior,Permanent,Active,EMP296,2025-09-01,1999-12-14,26,2059-12-14,NOT_DUE,2025-09-01,2025-12-01,2025-12-01,3,0,CONFIRMED,2025-12-10,COMPLETED,,,,,,79.2,81.4,89.46,Stable,100.0,3.6,Yes,NONE,,Additive synthetic operational layer based on existing 720-employee data,2026-08-01,0,,,NONE,,NONE,,,NONE,,,NONE,,,NONE,,,,0,,Active,DEPARTMENT-007,IT,Technology and Innovation,ORGANIZATIONAL-UNIT-IT-TEAM-01,LOC-HQ,POS-033,IT Support Engineer,Junior,Permanent,EMP296,,,
EMP034,Nida Sheikh,DEPARTMENT-003,Sales,Commercial Services,ORGANIZATIONAL-UNIT-SAL-TEAM-02,LOC-NORTH,POS-034,Sales Executive,Junior,Permanent,Active,EMP059,2023-10-01,1994-10-14,31,2054-10-14,NOT_DUE,2023-10-01,2024-01-01,2024-01-01,3,0,CONFIRMED,2023-12-30,COMPLETED,,,,,,65.1,65.4,76.88,Stable,100.0,2.8,No,NONE,,Additive synthetic operational layer based on existing 720-employee data,2026-08-01,0,,,NONE,,NONE,,,NONE,,,NONE,,,NONE,,,,0,,Active,DEPARTMENT-003,Sales,Commercial Services,ORGANIZATIONAL-UNIT-SAL-TEAM-02,LOC-NORTH,POS-034,Sales Executive,Junior,Permanent,EMP059,,,
EMP035,Shahbaz Malik,DEPARTMENT-005,Engineering,Technology and Innovation,ORGANIZATIONAL-UNIT-ENG-TEAM-03,LOC-HQ,POS-035,Software Engineer II,Mid,Permanent,Active,EMP015,2022-11-01,1992-03-16,34,2052-03-16,NOT_DUE,2022-11-01,2023-02-01,2023-02-01,3,0,CONFIRMED,2023-01-26,COMPLETED,,,,,,68.3,75.8,81.75,Stable,98.4,3.5,No,NONE,,Additive synthetic operational layer based on existing 720-employee data,2026-08-01,0,,,NONE,,NONE,,,NONE,,,NONE,,,NONE,,,,0,,Active,DEPARTMENT-005,Engineering,Technology and Innovation,ORGANIZATIONAL-UNIT-ENG-TEAM-03,LOC-HQ,POS-035,Software Engineer II,Mid,Permanent,EMP015,,,
EMP036,Zoya Chaudhry,DEPARTMENT-003,Sales,Commercial Services,ORGANIZATIONAL-UNIT-SAL-TEAM-01,LOC-NORTH,POS-036,Sales Executive,Junior,Contract,Probation,EMP125,2026-03-01,1997-03-07,29,2057-03-07,NOT_DUE,2026-03-01,2026-06-01,2026-06-01,3,0,OVERDUE,,CONFIRM,2026-03-01,2027-02-28,12,0,ACTIVE,23.8,10.2,82.28,Stable,98.4,4.9,No,NONE,,Additive synthetic operational layer based on existing 720-employee data,2026-08-01,0,,,NONE,,NONE,,,NONE,,,NONE,,,NONE,,,,0,,Probation,DEPARTMENT-003,Sales,Commercial Services,ORGANIZATIONAL-UNIT-SAL-TEAM-01,LOC-NORTH,POS-036,Sales Executive,Junior,Contract,EMP125,,,
EMP037,Zara Mahmood,DEPARTMENT-007,IT,Technology and Innovation,ORGANIZATIONAL-UNIT-IT-TEAM-02,LOC-HQ,POS-037,Systems Administrator,Mid,Permanent,Active,EMP169,2022-10-01,1997-03-11,29,2057-03-11,NOT_DUE,2022-10-01,2023-01-01,2023-01-01,3,0,CONFIRMED,2023-01-14,COMPLETED,,,,,,66.4,67.8,78.52,Stable,98.4,2.9,No,NONE,,Additive synthetic operational layer based on existing 720-employee data,2026-08-01,0,,,NONE,,NONE,,,NONE,,,NONE,,,NONE,,,,0,,Active,DEPARTMENT-007,IT,Technology and Innovation,ORGANIZATIONAL-UNIT-IT-TEAM-02,LOC-HQ,POS-037,Systems Administrator,Mid,Permanent,EMP169,,,
EMP038,Ali Mahmood,DEPARTMENT-004,Customer Support,Commercial Services,ORGANIZATIONAL-UNIT-CS-TEAM-03,LOC-CENTRAL,POS-038,Senior Support Executive,Mid,Contract,Active,EMP144,2023-06-01,1993-05-11,33,2053-05-11,NOT_DUE,2023-06-01,2023-09-01,2023-09-01,3,0,CONFIRMED,2023-08-28,COMPLETED,2026-06-01,2027-05-31,12,3,ACTIVE,77.6,83.2,86.54,Stable,100.0,2.7,Yes,NONE,,Additive synthetic operational layer based on existing 720-employee data,2026-08-01,0,,,NONE,,NONE,,,NONE,,,NONE,,,NONE,,,,1,2026-08-13,Active,DEPARTMENT-004,Customer Support,Commercial Services,ORGANIZATIONAL-UNIT-CS-TEAM-03,LOC-CENTRAL,POS-038,Senior Support Executive,Mid,Contract,EMP144,,,
EMP039,Kamran Hussain,DEPARTMENT-006,Operations,Enterprise Operations,ORGANIZATIONAL-UNIT-OPS-TEAM-01,LOC-CENTRAL,POS-039,Operations Officer,Junior,Permanent,Active,EMP282,2025-12-01,1998-10-09,27,2058-10-09,NOT_DUE,2025-12-01,2026-03-01,2026-03-01,3,0,CONFIRMED,2026-03-05,COMPLETED,,,,,,66.1,65.4,81.27,Stable,100.0,3.1,Yes,NONE,,Additive synthetic operational layer based on existing 720-employee data,2026-08-01,0,,,NONE,,NONE,,,NONE,,,NONE,,,NONE,,,,0,,Active,DEPARTMENT-006,Operations,Enterprise Operations,ORGANIZATIONAL-UNIT-OPS-TEAM-01,LOC-CENTRAL,POS-039,Operations Officer,Junior,Permanent,EMP282,,,
EMP040,Ahmad Sheikh,DEPARTMENT-004,Customer Support,Commercial Services,ORGANIZATIONAL-UNIT-CS-TEAM-02,LOC-CENTRAL,POS-040,Customer Support Representative,Junior,Permanent,Active,EMP077,2023-08-01,1995-04-17,31,2055-04-17,NOT_DUE,2023-08-01,2023-11-01,2023-11-01,3,0,CONFIRMED,2023-10-29,COMPLETED,,,,,,68.6,61.6,80.15,Stable,100.0,3.0,Yes,NONE,,Additive synthetic operational layer based on existing 720-employee data,2026-08-01,0,,,NONE,,NONE,,,NONE,,,NONE,,,NONE,,,,0,,Active,DEPARTMENT-004,Customer Support,Commercial Services,ORGANIZATIONAL-UNIT-CS-TEAM-02,LOC-CENTRAL,POS-040,Customer Support Representative,Junior,Permanent,EMP077,,,
EMP041,Omer Nawaz,DEPARTMENT-006,Operations,Enterprise Operations,ORGANIZATIONAL-UNIT-OPS-TEAM-03,LOC-CENTRAL,POS-041,Operations Officer,Junior,Contract,Active,EMP284,2025-08-01,1996-07-26,30,2056-07-26,NOT_DUE,2025-08-01,2025-11-01,2025-11-01,3,0,CONFIRMED,2025-11-13,COMPLETED,2026-08-01,2027-07-31,12,1,ACTIVE,62.3,65.4,75.38,Stable,98.5,2.9,Yes,NONE,,Additive synthetic operational layer based on existing 720-employee data,2026-08-01,0,,,NONE,,NONE,,,NONE,,,NONE,,,NONE,,,,0,,Active,DEPARTMENT-006,Operations,Enterprise Operations,ORGANIZATIONAL-UNIT-OPS-TEAM-03,LOC-CENTRAL,POS-041,Operations Officer,Junior,Contract,EMP284,,,
EMP042,Amna Aslam,DEPARTMENT-004,Customer Support,Commercial Services,ORGANIZATIONAL-UNIT-CS-TEAM-01,LOC-CENTRAL,POS-042,Senior Support Executive,Mid,Permanent,Active,EMP128,2023-01-01,1993-02-25,33,2053-02-25,NOT_DUE,2023-01-01,2023-04-01,2023-04-01,3,0,CONFIRMED,2023-04-13,COMPLETED,,,,,,70.6,71.4,82.64,Stable,96.8,3.2,No,NONE,,Additive synthetic operational layer based on existing 720-employee data,2026-08-01,0,,,NONE,,NONE,,,NONE,,,NONE,,,NONE,,,,0,,Active,DEPARTMENT-004,Customer Support,Commercial Services,ORGANIZATIONAL-UNIT-CS-TEAM-01,LOC-CENTRAL,POS-042,Senior Support Executive,Mid,Permanent,EMP128,,,
EMP043,Amir Javed,DEPARTMENT-006,Operations,Enterprise Operations,ORGANIZATIONAL-UNIT-OPS-TEAM-02,LOC-CENTRAL,POS-043,Operations Analyst,Mid,Permanent,Active,EMP278,2022-01-01,1989-01-04,37,2049-01-04,NOT_DUE,2022-01-01,2022-04-01,2022-04-01,3,0,CONFIRMED,2022-03-28,COMPLETED,,,,,,66.3,62.8,80.03,Stable,98.4,3.3,Yes,NONE,,Additive synthetic operational layer based on existing 720-employee data,2026-08-01,0,,,NONE,,NONE,,,NONE,,,NONE,,,NONE,,,,0,,Active,DEPARTMENT-006,Operations,Enterprise Operations,ORGANIZATIONAL-UNIT-OPS-TEAM-02,LOC-CENTRAL,POS-043,Operations Analyst,Mid,Permanent,EMP278,,,
EMP044,Hafsa Khan,DEPARTMENT-002,Finance,Corporate Services,ORGANIZATIONAL-UNIT-FIN-TEAM-03,LOC-HQ,POS-044,Financial Analyst,Mid,Permanent,Active,EMP229,2023-08-01,1996-05-20,30,2056-05-20,NOT_DUE,2023-08-01,2023-11-01,2023-11-01,3,0,CONFIRMED,2023-11-11,COMPLETED,,,,,,79.8,82.0,89.27,Stable,100.0,3.0,Yes,NONE,,Additive synthetic operational layer based on existing 720-employee data,2026-08-01,0,,,NONE,,NONE,,,NONE,,,NONE,,,NONE,,,,0,,Active,DEPARTMENT-002,Finance,Corporate Services,ORGANIZATIONAL-UNIT-FIN-TEAM-03,LOC-HQ,POS-044,Financial Analyst,Mid,Permanent,EMP229,,,
EMP045,Saad Ahmad,DEPARTMENT-006,Operations,Enterprise Operations,ORGANIZATIONAL-UNIT-OPS-TEAM-01,LOC-CENTRAL,POS-045,Operations Officer,Junior,Permanent,Active,EMP067,2025-09-01,1998-04-29,28,2058-04-29,NOT_DUE,2025-09-01,2025-12-01,2025-12-01,3,0,CONFIRMED,2025-12-10,COMPLETED,,,,,,82.6,86.4,92.34,Stable,95.1,4.3,No,NONE,,Additive synthetic operational layer based on existing 720-employee data,2026-08-01,0,,,NONE,,NONE,,,SCHEDULED,POS-730,2027-01-02,NONE,,,NONE,,,,0,,Active,DEPARTMENT-006,Operations,Enterprise Operations,ORGANIZATIONAL-UNIT-OPS-TEAM-01,LOC-CENTRAL,POS-045,Operations Officer,Junior,Permanent,EMP067,,,
EMP046,Salman Iqbal,DEPARTMENT-004,Customer Support,Commercial Services,ORGANIZATIONAL-UNIT-CS-TEAM-02,LOC-CENTRAL,POS-046,Customer Support Representative,Junior,Permanent,Active,EMP262,2023-09-01,1998-06-06,28,2058-06-06,NOT_DUE,2023-09-01,2023-12-01,2023-12-01,3,0,CONFIRMED,2023-12-01,COMPLETED,,,,,,67.3,59.2,81.88,Stable,100.0,3.0,Yes,NONE,,Additive synthetic operational layer based on existing 720-employee data,2026-08-01,0,,,NONE,,NONE,,,NONE,,,NONE,,,NONE,,,,0,,Active,DEPARTMENT-004,Customer Support,Commercial Services,ORGANIZATIONAL-UNIT-CS-TEAM-02,LOC-CENTRAL,POS-046,Customer Support Representative,Junior,Permanent,EMP262,,,
EMP047,Mahnoor Iqbal,DEPARTMENT-002,Finance,Corporate Services,ORGANIZATIONAL-UNIT-FIN-TEAM-03,LOC-HQ,POS-047,Senior Financial Analyst,Senior,Permanent,Active,EMP232,2018-05-01,1988-02-21,38,2048-02-21,NOT_DUE,2018-05-01,2018-08-01,2018-08-01,3,0,CONFIRMED,2018-07-29,COMPLETED,,,,,,70.1,77.0,83.3,Stable,100.0,4.5,No,NONE,,Additive synthetic operational layer based on existing 720-employee data,2026-08-01,0,,,NONE,,NONE,,,NONE,,,NONE,,,NONE,,,,0,,Active,DEPARTMENT-002,Finance,Corporate Services,ORGANIZATIONAL-UNIT-FIN-TEAM-03,LOC-HQ,POS-047,Senior Financial Analyst,Senior,Permanent,EMP232,,,
EMP048,Sehrish Shah,DEPARTMENT-006,Operations,Enterprise Operations,ORGANIZATIONAL-UNIT-OPS-TEAM-01,LOC-CENTRAL,POS-048,Operations Officer,Junior,Permanent,Active,EMP279,2025-10-01,1996-08-21,29,2056-08-21,NOT_DUE,2025-10-01,2026-01-01,2026-01-01,3,0,CONFIRMED,2025-12-28,COMPLETED,,,,,,65.3,65.4,79.04,Stable,93.8,3.4,Yes,NONE,,Additive synthetic operational layer based on existing 720-employee data,2026-08-01,0,,,NONE,,NONE,,,NONE,,,NONE,,,NONE,,,,0,,Active,DEPARTMENT-006,Operations,Enterprise Operations,ORGANIZATIONAL-UNIT-OPS-TEAM-01,LOC-CENTRAL,POS-048,Operations Officer,Junior,Permanent,EMP279,,,
EMP049,Sara Aslam,DEPARTMENT-003,Sales,Commercial Services,ORGANIZATIONAL-UNIT-SAL-TEAM-02,LOC-NORTH,POS-049,Sales Executive,Junior,Permanent,Active,EMP253,2024-09-01,1995-03-14,31,2055-03-14,NOT_DUE,2024-09-01,2024-12-01,2024-12-01,3,0,CONFIRMED,2024-11-29,COMPLETED,,,,,,73.3,86.4,80.78,Stable,96.8,3.5,Yes,NONE,,Additive synthetic operational layer based on existing 720-employee data,2026-08-01,0,,,NONE,,NONE,,,NONE,,,NONE,,,NONE,,,,0,,Active,DEPARTMENT-003,Sales,Commercial Services,ORGANIZATIONAL-UNIT-SAL-TEAM-02,LOC-NORTH,POS-049,Sales Executive,Junior,Permanent,EMP253,,,
EMP050,Mohsin Butt,DEPARTMENT-002,Finance,Corporate Services,ORGANIZATIONAL-UNIT-FIN-TEAM-03,LOC-HQ,POS-050,Finance Officer,Junior,Permanent,Active,EMP008,2025-10-01,2000-05-02,26,2060-05-02,NOT_DUE,2025-10-01,2026-01-01,2026-01-01,3,0,CONFIRMED,2026-01-04,COMPLETED,,,,,,61.5,64.2,74.72,Stable,98.5,2.8,No,NONE,,Additive synthetic operational layer based on existing 720-employee data,2026-08-01,0,,,NONE,,NONE,,,NONE,,,NONE,,,NONE,,,,0,,Active,DEPARTMENT-002,Finance,Corporate Services,ORGANIZATIONAL-UNIT-FIN-TEAM-03,LOC-HQ,POS-050,Finance Officer,Junior,Permanent,EMP008,,,
EMP051,Asad Ahmad,DEPARTMENT-007,IT,Technology and Innovation,ORGANIZATIONAL-UNIT-IT-TEAM-01,LOC-HQ,POS-051,Senior Systems Engineer,Senior,Permanent,Active,EMP293,2016-06-01,1983-02-02,43,2043-02-02,NOT_DUE,2016-06-01,2016-09-01,2016-09-01,3,0,CONFIRMED,2016-08-28,COMPLETED,,,,,,78.8,96.0,88.25,Stable,100.0,3.9,No,NONE,,Additive synthetic operational layer based on existing 720-employee data,2026-08-01,0,,,NONE,,NONE,,,NONE,,,NONE,,,ACTIVE,DEPARTMENT-016,POS-779,2026-09-11,0,,Active,DEPARTMENT-007,IT,Technology and Innovation,ORGANIZATIONAL-UNIT-IT-TEAM-01,LOC-HQ,POS-051,Senior Systems Engineer,Senior,Permanent,EMP293,,,
EMP052,Raza Hassan,DEPARTMENT-004,Customer Support,Commercial Services,ORGANIZATIONAL-UNIT-CS-TEAM-02,LOC-CENTRAL,POS-052,Customer Support Representative,Junior,Permanent,Active,EMP072,2023-08-01,1997-04-05,29,2057-04-05,NOT_DUE,2023-08-01,2023-11-01,2023-11-01,3,0,CONFIRMED,2023-10-27,COMPLETED,,,,,,66.8,60.4,77.58,Stable,100.0,3.0,Yes,NONE,,Additive synthetic operational layer based on existing 720-employee data,2026-08-01,0,,,NONE,,NONE,,,NONE,,,NONE,,,NONE,,,,0,,Active,DEPARTMENT-004,Customer Support,Commercial Services,ORGANIZATIONAL-UNIT-CS-TEAM-02,LOC-CENTRAL,POS-052,Customer Support Representative,Junior,Permanent,EMP072,,,
EMP053,Zeeshan Abbasi,DEPARTMENT-001,HR,Corporate Services,ORGANIZATIONAL-UNIT-HR-TEAM-03,LOC-HQ,POS-053,HR Officer,Junior,Permanent,Active,EMP197,2023-10-01,1999-01-25,27,2059-01-25,NOT_DUE,2023-10-01,2024-01-01,2024-01-01,3,0,CONFIRMED,2024-01-03,COMPLETED,,,,,,66.4,67.2,78.26,Stable,100.0,4.5,No,NONE,,Additive synthetic operational layer based on existing 720-employee data,2026-08-01,0,,,NONE,,NONE,,,NONE,,,NONE,,,NONE,,,,0,,Active,DEPARTMENT-001,HR,Corporate Services,ORGANIZATIONAL-UNIT-HR-TEAM-03,LOC-HQ,POS-053,HR Officer,Junior,Permanent,EMP197,,,
EMP054,Waqas Aslam,DEPARTMENT-005,Engineering,Technology and Innovation,ORGANIZATIONAL-UNIT-ENG-TEAM-01,LOC-HQ,POS-054,Software Engineer I,Junior,Permanent,Active,EMP070,2025-12-01,2000-01-22,26,2060-01-22,NOT_DUE,2025-12-01,2026-03-01,2026-03-01,3,0,CONFIRMED,2026-03-11,COMPLETED,,,,,,79.0,80.2,88.8,Stable,96.7,3.9,Yes,NONE,,Additive synthetic operational layer based on existing 720-employee data,2026-08-01,0,,,NONE,,NONE,,,SCHEDULED,POS-720,2026-12-17,NONE,,,NONE,,,,0,,Active,DEPARTMENT-005,Engineering,Technology and Innovation,ORGANIZATIONAL-UNIT-ENG-TEAM-01,LOC-HQ,POS-054,Software Engineer I,Junior,Permanent,EMP070,,,
EMP055,Sadia Mahmood,DEPARTMENT-005,Engineering,Technology and Innovation,ORGANIZATIONAL-UNIT-ENG-TEAM-02,LOC-HQ,POS-055,Software Engineer II,Mid,Permanent,Active,EMP195,2025-10-01,1998-10-16,27,2058-10-16,NOT_DUE,2025-10-01,2026-01-01,2026-01-01,3,0,CONFIRMED,2026-01-15,COMPLETED,,,,,,65.1,67.8,79.81,Stable,96.9,3.0,Yes,NONE,,Additive synthetic operational layer based on existing 720-employee data,2026-08-01,0,,,NONE,,NONE,,,NONE,,,NONE,,,NONE,,,,0,,Active,DEPARTMENT-005,Engineering,Technology and Innovation,ORGANIZATIONAL-UNIT-ENG-TEAM-02,LOC-HQ,POS-055,Software Engineer II,Mid,Permanent,EMP195,,,
EMP056,Saba Hassan,DEPARTMENT-006,Operations,Enterprise Operations,ORGANIZATIONAL-UNIT-OPS-TEAM-03,LOC-CENTRAL,POS-056,Operations Analyst,Mid,Permanent,Active,EMP026,2022-05-01,1990-08-05,35,2050-08-05,NOT_DUE,2022-05-01,2022-08-01,2022-08-01,3,0,CONFIRMED,2022-07-26,COMPLETED,,,,,,81.8,74.6,89.11,Stable,100.0,3.1,No,NONE,,Additive synthetic operational layer based on existing 720-employee data,2026-08-01,0,,,NONE,,NONE,,,NONE,,,NONE,,,NONE,,,,0,,Active,DEPARTMENT-006,Operations,Enterprise Operations,ORGANIZATIONAL-UNIT-OPS-TEAM-03,LOC-CENTRAL,POS-056,Operations Analyst,Mid,Permanent,EMP026,,,
EMP057,Raza Haider,DEPARTMENT-007,IT,Technology and Innovation,ORGANIZATIONAL-UNIT-IT-TEAM-01,LOC-HQ,POS-057,IT Support Engineer,Junior,Permanent,Active,EMP094,2026-01-01,1998-09-03,27,2058-09-03,NOT_DUE,2026-01-01,2026-04-01,2026-04-01,3,0,CONFIRMED,2026-04-04,COMPLETED,,,,,,62.9,59.2,76.62,Stable,96.9,3.2,Yes,NONE,,Additive synthetic operational layer based on existing 720-employee data,2026-08-01,0,,,NONE,,NONE,,,NONE,,,NONE,,,NONE,,,,0,,Active,DEPARTMENT-007,IT,Technology and Innovation,ORGANIZATIONAL-UNIT-IT-TEAM-01,LOC-HQ,POS-057,IT Support Engineer,Junior,Permanent,EMP094,,,
EMP058,Shahid Malik,DEPARTMENT-005,Engineering,Technology and Innovation,ORGANIZATIONAL-UNIT-ENG-TEAM-02,LOC-HQ,POS-058,Senior Software Engineer,Senior,Permanent,Active,EMP080,2017-03-01,1984-09-29,41,2044-09-29,NOT_DUE,2017-03-01,2017-06-01,2017-06-01,3,0,CONFIRMED,2017-06-10,COMPLETED,,,,,,69.7,75.0,79.63,Stable,98.5,2.3,Yes,NONE,,Additive synthetic operational layer based on existing 720-employee data,2026-08-01,0,,,NONE,,NONE,,,NONE,,,NONE,,,NONE,,,,1,2026-08-15,Active,DEPARTMENT-005,Engineering,Technology and Innovation,ORGANIZATIONAL-UNIT-ENG-TEAM-02,LOC-HQ,POS-058,Senior Software Engineer,Senior,Permanent,EMP080,,,
EMP059,Anum Masood,DEPARTMENT-003,Sales,Commercial Services,ORGANIZATIONAL-UNIT-SAL-TEAM-03,LOC-NORTH,POS-059,Senior Account Manager,Senior,Permanent,Active,EMP166,2016-06-01,1983-10-20,42,2043-10-20,NOT_DUE,2016-06-01,2016-09-01,2016-09-01,3,0,CONFIRMED,2016-08-30,COMPLETED,,,,,,79.4,93.6,83.24,Stable,100.0,3.5,Yes,NONE,,Additive synthetic operational layer based on existing 720-employee data,2026-08-01,0,,,NONE,,NONE,,,NONE,,,NONE,,,NONE,,,,0,,Active,DEPARTMENT-003,Sales,Commercial Services,ORGANIZATIONAL-UNIT-SAL-TEAM-03,LOC-NORTH,POS-059,Senior Account Manager,Senior,Permanent,EMP166,,,
EMP060,Mohsin Yousaf,DEPARTMENT-003,Sales,Commercial Services,ORGANIZATIONAL-UNIT-SAL-TEAM-01,LOC-NORTH,POS-060,Sales Executive,Junior,Permanent,Active,EMP253,2025-05-01,1996-07-01,30,2056-07-01,NOT_DUE,2025-05-01,2025-08-01,2025-08-01,3,0,CONFIRMED,2025-08-11,COMPLETED,,,,,,73.2,77.2,82.05,Stable,100.0,2.8,Yes,NONE,,Additive synthetic operational layer based on existing 720-employee data,2026-08-01,0,,,NONE,,NONE,,,NONE,,,NONE,,,NONE,,,,0,,Active,DEPARTMENT-003,Sales,Commercial Services,ORGANIZATIONAL-UNIT-SAL-TEAM-01,LOC-NORTH,POS-060,Sales Executive,Junior,Permanent,EMP253,,,
EMP061,Asad Bashir,DEPARTMENT-003,Sales,Commercial Services,ORGANIZATIONAL-UNIT-SAL-TEAM-02,LOC-NORTH,POS-061,Sales Executive,Junior,Permanent,Active,EMP254,2024-03-01,1996-04-17,30,2056-04-17,NOT_DUE,2024-03-01,2024-06-01,2024-06-01,3,0,CONFIRMED,2024-06-09,COMPLETED,,,,,,66.4,74.6,76.62,Stable,100.0,4.1,No,NONE,,Additive synthetic operational layer based on existing 720-employee data,2026-08-01,0,,,NONE,,NONE,,,NONE,,,NONE,,,NONE,,,,0,,Active,DEPARTMENT-003,Sales,Commercial Services,ORGANIZATIONAL-UNIT-SAL-TEAM-02,LOC-NORTH,POS-061,Sales Executive,Junior,Permanent,EMP254,,,
EMP062,Fahad Dar,DEPARTMENT-003,Sales,Commercial Services,ORGANIZATIONAL-UNIT-SAL-TEAM-03,LOC-NORTH,POS-062,Account Manager,Mid,Permanent,Active,EMP166,2023-06-01,1989-12-09,36,2049-12-09,NOT_DUE,2023-06-01,2023-09-01,2023-09-01,3,0,CONFIRMED,2023-08-28,COMPLETED,,,,,,82.1,86.2,91.02,Stable,100.0,4.8,No,NONE,,Additive synthetic operational layer based on existing 720-employee data,2026-08-01,0,,,NONE,,NONE,,,NONE,,,NONE,,,NONE,,,,0,,Active,DEPARTMENT-003,Sales,Commercial Services,ORGANIZATIONAL-UNIT-SAL-TEAM-03,LOC-NORTH,POS-062,Account Manager,Mid,Permanent,EMP166,,,
EMP063,Ahmad Tariq,DEPARTMENT-003,Sales,Commercial Services,ORGANIZATIONAL-UNIT-SAL-TEAM-01,LOC-NORTH,POS-063,Sales Executive,Junior,Permanent,Active,EMP011,2025-02-01,1997-12-21,28,2057-12-21,NOT_DUE,2025-02-01,2025-05-01,2025-05-01,3,0,CONFIRMED,2025-05-07,COMPLETED,,,,,,43.6,33.4,70.5,Stable,100.0,2.9,Yes,NONE,,Additive synthetic operational layer based on existing 720-employee data,2026-08-01,0,,,NONE,,NONE,,,NONE,,,NONE,,,NONE,,,,0,,Active,DEPARTMENT-003,Sales,Commercial Services,ORGANIZATIONAL-UNIT-SAL-TEAM-01,LOC-NORTH,POS-063,Sales Executive,Junior,Permanent,EMP011,,,
EMP064,Hassan Sheikh,DEPARTMENT-003,Sales,Commercial Services,ORGANIZATIONAL-UNIT-SAL-TEAM-02,LOC-NORTH,POS-064,Sales Executive,Junior,Contract,Active,EMP105,2024-08-01,1998-12-03,27,2058-12-03,NOT_DUE,2024-08-01,2024-11-01,2024-11-01,3,0,CONFIRMED,2024-10-28,COMPLETED,2026-08-01,2027-07-31,12,2,ACTIVE,75.4,80.8,83.46,Stable,98.4,2.9,Yes,NONE,,Additive synthetic operational layer based on existing 720-employee data,2026-08-01,0,,,NONE,,NONE,,,ACTIVE,POS-711,2026-08-06,NONE,,,NONE,,,,0,,Active,DEPARTMENT-003,Sales,Commercial Services,ORGANIZATIONAL-UNIT-SAL-TEAM-02,LOC-NORTH,POS-064,Sales Executive,Junior,Contract,EMP105,,,
EMP065,Amna Gill,DEPARTMENT-003,Sales,Commercial Services,ORGANIZATIONAL-UNIT-SAL-TEAM-03,LOC-NORTH,POS-065,Account Manager,Mid,Permanent,Active,EMP166,2025-03-01,1997-03-16,29,2057-03-16,NOT_DUE,2025-03-01,2025-06-01,2025-06-01,3,0,CONFIRMED,2025-05-27,COMPLETED,,,,,,62.7,67.8,75.11,Stable,100.0,2.9,No,NONE,,Additive synthetic operational layer based on existing 720-employee data,2026-08-01,0,,,NONE,,NONE,,,NONE,,,NONE,,,NONE,,,,0,,Active,DEPARTMENT-003,Sales,Commercial Services,ORGANIZATIONAL-UNIT-SAL-TEAM-03,LOC-NORTH,POS-065,Account Manager,Mid,Permanent,EMP166,,,
EMP066,Ali Gill,DEPARTMENT-001,HR,Corporate Services,ORGANIZATIONAL-UNIT-HR-TEAM-01,LOC-HQ,POS-066,Senior HR Specialist,Senior,Permanent,Active,EMP001,2020-03-01,1991-04-07,35,2051-04-07,NOT_DUE,2020-03-01,2020-06-01,2020-06-01,3,0,CONFIRMED,2020-06-04,COMPLETED,,,,,,47.7,39.4,71.91,Stable,98.4,2.3,No,NONE,,Additive synthetic operational layer based on existing 720-employee data,2026-08-01,0,,,NONE,,NONE,,,NONE,,,NONE,,,NONE,,,,0,,Active,DEPARTMENT-001,HR,Corporate Services,ORGANIZATIONAL-UNIT-HR-TEAM-01,LOC-HQ,POS-066,Senior HR Specialist,Senior,Permanent,EMP001,,,
EMP067,Nida Hameed,DEPARTMENT-006,Operations,Enterprise Operations,ORGANIZATIONAL-UNIT-OPS,LOC-CENTRAL,POS-067,Operations Manager,Lead/Manager,Permanent,Active,EMP277,2017-06-01,1987-06-01,39,2047-06-01,NOT_DUE,2017-06-01,2017-09-01,2017-09-01,3,0,CONFIRMED,2017-09-06,COMPLETED,,,,,,66.2,75.0,76.1,Stable,92.3,2.3,Yes,NONE,,Additive synthetic operational layer based on existing 720-employee data,2026-08-01,0,,,NONE,,NONE,,,NONE,,,NONE,,,NONE,,,,0,,Active,DEPARTMENT-006,Operations,Enterprise Operations,ORGANIZATIONAL-UNIT-OPS,LOC-CENTRAL,POS-067,Operations Manager,Lead/Manager,Permanent,EMP277,,,
EMP068,Sidra Hussain,DEPARTMENT-004,Customer Support,Commercial Services,ORGANIZATIONAL-UNIT-CS,LOC-CENTRAL,POS-068,Customer Support Manager,Lead/Manager,Permanent,Active,EMP259,2012-03-01,1971-06-01,55,2031-06-01,NOT_DUE,2012-03-01,2012-06-01,2012-06-01,3,0,CONFIRMED,2012-06-09,COMPLETED,,,,,,69.0,80.6,77.81,Stable,100.0,4.0,No,NONE,,Additive synthetic operational layer based on existing 720-employee data,2026-08-01,0,,,NONE,,NONE,,,NONE,,,NONE,,,NONE,,,,0,,Active,DEPARTMENT-004,Customer Support,Commercial Services,ORGANIZATIONAL-UNIT-CS,LOC-CENTRAL,POS-068,Customer Support Manager,Lead/Manager,Permanent,EMP259,,,
EMP069,Mehwish Hussain,DEPARTMENT-006,Operations,Enterprise Operations,ORGANIZATIONAL-UNIT-OPS-TEAM-01,LOC-CENTRAL,POS-069,Operations Officer,Junior,Contract,Active,EMP067,2025-02-01,1997-02-26,29,2057-02-26,NOT_DUE,2025-02-01,2025-05-01,2025-05-01,3,0,CONFIRMED,2025-05-11,COMPLETED,2026-02-01,2027-01-31,12,1,ACTIVE,75.4,73.4,85.11,Stable,98.4,2.4,No,NONE,,Additive synthetic operational layer based on existing 720-employee data,2026-08-01,0,,,NONE,,NONE,,,NONE,,,NONE,,,NONE,,,,0,,Active,DEPARTMENT-006,Operations,Enterprise Operations,ORGANIZATIONAL-UNIT-OPS-TEAM-01,LOC-CENTRAL,POS-069,Operations Officer,Junior,Contract,EMP067,,,
EMP070,Bilal Saeed,DEPARTMENT-005,Engineering,Technology and Innovation,ORGANIZATIONAL-UNIT-ENG,LOC-HQ,POS-070,Engineering Lead,Lead/Manager,Permanent,Active,EMP268,2020-02-01,1988-03-09,38,2048-03-09,NOT_DUE,2020-02-01,2020-05-01,2020-05-01,3,0,CONFIRMED,2020-05-14,COMPLETED,,,,,,66.1,71.4,73.2,Stable,95.1,3.2,No,NONE,,Additive synthetic operational layer based on existing 720-employee data,2026-08-01,0,,,NONE,,NONE,,,NONE,,,NONE,,,NONE,,,,0,,Active,DEPARTMENT-005,Engineering,Technology and Innovation,ORGANIZATIONAL-UNIT-ENG,LOC-HQ,POS-070,Engineering Lead,Lead/Manager,Permanent,EMP268,,,
EMP071,Eman Abbasi,DEPARTMENT-002,Finance,Corporate Services,ORGANIZATIONAL-UNIT-FIN-TEAM-03,LOC-HQ,POS-071,Financial Analyst,Mid,Permanent,Active,EMP232,2021-06-01,1988-08-01,38,2048-08-01,NOT_DUE,2021-06-01,2021-09-01,2021-09-01,3,0,CONFIRMED,2021-08-27,COMPLETED,,,,,,67.8,66.6,76.45,Stable,96.7,2.5,Yes,NONE,,Additive synthetic operational layer based on existing 720-employee data,2026-08-01,0,,,NONE,,NONE,,,NONE,,,NONE,,,NONE,,,,0,,Active,DEPARTMENT-002,Finance,Corporate Services,ORGANIZATIONAL-UNIT-FIN-TEAM-03,LOC-HQ,POS-071,Financial Analyst,Mid,Permanent,EMP232,,,
EMP072,Fahad Hassan,DEPARTMENT-004,Customer Support,Commercial Services,ORGANIZATIONAL-UNIT-CS-TEAM-01,LOC-CENTRAL,POS-072,Support Team Lead,Senior,Permanent,Active,EMP128,2016-10-01,1988-07-22,38,2048-07-22,NOT_DUE,2016-10-01,2017-01-01,2017-01-01,3,0,CONFIRMED,2017-01-14,COMPLETED,,,,,,76.6,93.6,85.39,Stable,100.0,4.1,No,NONE,,Additive synthetic operational layer based on existing 720-employee data,2026-08-01,0,,,NONE,,NONE,,,NONE,,,NONE,,,NONE,,,,0,,Active,DEPARTMENT-004,Customer Support,Commercial Services,ORGANIZATIONAL-UNIT-CS-TEAM-01,LOC-CENTRAL,POS-072,Support Team Lead,Senior,Permanent,EMP128,,,
EMP073,Ali Yousaf,DEPARTMENT-004,Customer Support,Commercial Services,ORGANIZATIONAL-UNIT-CS-TEAM-02,LOC-CENTRAL,POS-073,Customer Support Representative,Junior,Permanent,Active,EMP009,2025-09-01,1997-03-02,29,2057-03-02,NOT_DUE,2025-09-01,2025-12-01,2025-12-01,3,0,CONFIRMED,2025-12-02,COMPLETED,,,,,,39.9,27.2,66.57,Stable,95.4,3.0,Yes,TERMINATION,2026-08-25,Additive synthetic operational layer based on existing 720-employee data,2026-08-01,0,,,NONE,,PENDING,2026-08-30,HRACT-00271,NONE,,,NONE,,,NONE,,,,0,,Active,DEPARTMENT-004,Customer Support,Commercial Services,ORGANIZATIONAL-UNIT-CS-TEAM-02,LOC-CENTRAL,POS-073,Customer Support Representative,Junior,Permanent,EMP009,,,
EMP074,Omer Hameed,DEPARTMENT-003,Sales,Commercial Services,ORGANIZATIONAL-UNIT-SAL-TEAM-03,LOC-NORTH,POS-074,Sales Executive,Junior,Permanent,Active,EMP011,2024-04-01,1996-11-13,29,2056-11-13,NOT_DUE,2024-04-01,2024-07-01,2024-07-01,3,0,CONFIRMED,2024-07-09,COMPLETED,,,,,,64.8,61.6,76.66,Stable,96.8,2.9,Yes,NONE,,Additive synthetic operational layer based on existing 720-employee data,2026-08-01,0,,,NONE,,NONE,,,NONE,,,NONE,,,NONE,,,,0,,Active,DEPARTMENT-003,Sales,Commercial Services,ORGANIZATIONAL-UNIT-SAL-TEAM-03,LOC-NORTH,POS-074,Sales Executive,Junior,Permanent,EMP011,,,
EMP075,Asad Raza,DEPARTMENT-006,Operations,Enterprise Operations,ORGANIZATIONAL-UNIT-OPS-TEAM-01,LOC-CENTRAL,POS-075,Operations Analyst,Mid,Permanent,Active,EMP278,2024-11-01,1992-10-22,33,2052-10-22,NOT_DUE,2024-11-01,2025-02-01,2025-02-01,3,0,CONFIRMED,2025-02-12,COMPLETED,,,,,,68.1,70.8,79.67,Stable,100.0,3.8,No,NONE,,Additive synthetic operational layer based on existing 720-employee data,2026-08-01,0,,,NONE,,NONE,,,NONE,,,NONE,,,NONE,,,,0,,Active,DEPARTMENT-006,Operations,Enterprise Operations,ORGANIZATIONAL-UNIT-OPS-TEAM-01,LOC-CENTRAL,POS-075,Operations Analyst,Mid,Permanent,EMP278,,,
EMP076,Fahad Shah,DEPARTMENT-005,Engineering,Technology and Innovation,ORGANIZATIONAL-UNIT-ENG-TEAM-02,LOC-HQ,POS-076,Software Engineer II,Mid,Permanent,Active,EMP195,2021-09-01,1990-09-25,35,2050-09-25,NOT_DUE,2021-09-01,2021-12-01,2021-12-01,3,0,CONFIRMED,2021-12-03,COMPLETED,,,,,,68.5,73.2,80.23,Stable,100.0,4.4,No,NONE,,Additive synthetic operational layer based on existing 720-employee data,2026-08-01,0,,,NONE,,NONE,,,NONE,,,NONE,,,NONE,,,,0,,Active,DEPARTMENT-005,Engineering,Technology and Innovation,ORGANIZATIONAL-UNIT-ENG-TEAM-02,LOC-HQ,POS-076,Software Engineer II,Mid,Permanent,EMP195,,,
EMP077,Ahmad Awan,DEPARTMENT-004,Customer Support,Commercial Services,ORGANIZATIONAL-UNIT-CS-TEAM-03,LOC-CENTRAL,POS-077,Support Team Lead,Senior,Permanent,Active,EMP128,2019-11-01,1985-08-29,40,2045-08-29,NOT_DUE,2019-11-01,2020-02-01,2020-02-01,3,0,CONFIRMED,2020-02-15,COMPLETED,,,,,,83.8,93.6,90.25,Stable,100.0,4.9,No,NONE,,Additive synthetic operational layer based on existing 720-employee data,2026-08-01,0,,,NONE,,NONE,,,NONE,,,NONE,,,NONE,,,,0,,Active,DEPARTMENT-004,Customer Support,Commercial Services,ORGANIZATIONAL-UNIT-CS-TEAM-03,LOC-CENTRAL,POS-077,Support Team Lead,Senior,Permanent,EMP128,,,
EMP078,Ahmad Nawaz,DEPARTMENT-005,Engineering,Technology and Innovation,ORGANIZATIONAL-UNIT-ENG-TEAM-01,LOC-HQ,POS-078,Software Engineer II,Mid,Permanent,Active,EMP070,2024-07-01,1998-06-15,28,2058-06-15,NOT_DUE,2024-07-01,2024-10-01,2024-10-01,3,0,CONFIRMED,2024-10-06,COMPLETED,,,,,,69.9,73.4,81.82,Stable,96.7,3.8,No,NONE,,Additive synthetic operational layer based on existing 720-employee data,2026-08-01,0,,,NONE,,NONE,,,NONE,,,NONE,,,NONE,,,,0,,Active,DEPARTMENT-005,Engineering,Technology and Innovation,ORGANIZATIONAL-UNIT-ENG-TEAM-01,LOC-HQ,POS-078,Software Engineer II,Mid,Permanent,EMP070,,,
EMP079,Hina Aslam,DEPARTMENT-004,Customer Support,Commercial Services,ORGANIZATIONAL-UNIT-CS-TEAM-02,LOC-CENTRAL,POS-079,Customer Support Representative,Junior,Permanent,Probation,EMP077,2026-03-01,1995-06-16,31,2055-06-16,NOT_DUE,2026-03-01,2026-06-01,2026-07-01,3,1,OVERDUE,,CONFIRM,,,,,,21.6,15.2,80.56,Stable,98.5,4.3,No,NONE,,Additive synthetic operational layer based on existing 720-employee data,2026-08-01,0,,,NONE,,NONE,,,NONE,,,NONE,,,NONE,,,,0,,Probation,DEPARTMENT-004,Customer Support,Commercial Services,ORGANIZATIONAL-UNIT-CS-TEAM-02,LOC-CENTRAL,POS-079,Customer Support Representative,Junior,Permanent,EMP077,,,
EMP080,Ali Mughal,DEPARTMENT-005,Engineering,Technology and Innovation,ORGANIZATIONAL-UNIT-ENG,LOC-HQ,POS-080,Engineering Lead,Lead/Manager,Permanent,Active,EMP268,2018-11-01,1981-07-27,45,2041-07-27,NOT_DUE,2018-11-01,2019-02-01,2019-02-01,3,0,CONFIRMED,2019-02-01,COMPLETED,,,,,,80.1,91.2,85.42,Stable,100.0,4.8,No,NONE,,Additive synthetic operational layer based on existing 720-employee data,2026-08-01,0,,,NONE,,NONE,,,NONE,,,NONE,,,NONE,,,,0,,Active,DEPARTMENT-005,Engineering,Technology and Innovation,ORGANIZATIONAL-UNIT-ENG,LOC-HQ,POS-080,Engineering Lead,Lead/Manager,Permanent,EMP268,,,
EMP081,Sonia Arif,DEPARTMENT-001,HR,Corporate Services,ORGANIZATIONAL-UNIT-HR-TEAM-01,LOC-HQ,POS-081,Senior HR Specialist,Senior,Permanent,Active,EMP197,2017-07-01,1987-10-05,38,2047-10-05,NOT_DUE,2017-07-01,2017-10-01,2017-10-01,3,0,CONFIRMED,2017-10-04,COMPLETED,,,,,,80.3,96.0,88.38,Stable,96.8,4.6,No,NONE,,Additive synthetic operational layer based on existing 720-employee data,2026-08-01,0,,,NONE,,NONE,,,NONE,,,NONE,,,NONE,,,,0,,Active,DEPARTMENT-001,HR,Corporate Services,ORGANIZATIONAL-UNIT-HR-TEAM-01,LOC-HQ,POS-081,Senior HR Specialist,Senior,Permanent,EMP197,,,
EMP082,Ali Dar,DEPARTMENT-005,Engineering,Technology and Innovation,ORGANIZATIONAL-UNIT-ENG-TEAM-02,LOC-HQ,POS-082,Software Engineer I,Junior,Permanent,Active,EMP270,2025-12-01,1997-06-18,29,2057-06-18,NOT_DUE,2025-12-01,2026-03-01,2026-03-01,3,0,CONFIRMED,2026-02-23,COMPLETED,,,,,,63.5,59.2,77.5,Stable,100.0,3.1,No,NONE,,Additive synthetic operational layer based on existing 720-employee data,2026-08-01,0,,,NONE,,NONE,,,NONE,,,NONE,,,NONE,,,,0,,Active,DEPARTMENT-005,Engineering,Technology and Innovation,ORGANIZATIONAL-UNIT-ENG-TEAM-02,LOC-HQ,POS-082,Software Engineer I,Junior,Permanent,EMP270,,,
EMP083,Raza Aziz,DEPARTMENT-004,Customer Support,Commercial Services,ORGANIZATIONAL-UNIT-CS-TEAM-03,LOC-CENTRAL,POS-083,Customer Support Representative,Junior,Permanent,Active,EMP260,2024-05-01,1997-02-24,29,2057-02-24,NOT_DUE,2024-05-01,2024-08-01,2024-08-01,3,0,CONFIRMED,2024-08-10,COMPLETED,,,,,,66.7,74.6,77.76,Stable,100.0,3.7,No,NONE,,Additive synthetic operational layer based on existing 720-employee data,2026-08-01,0,,,NONE,,NONE,,,NONE,,,NONE,,,NONE,,,,0,,Active,DEPARTMENT-004,Customer Support,Commercial Services,ORGANIZATIONAL-UNIT-CS-TEAM-03,LOC-CENTRAL,POS-083,Customer Support Representative,Junior,Permanent,EMP260,,,
EMP084,Zara Ullah,DEPARTMENT-001,HR,Corporate Services,ORGANIZATIONAL-UNIT-HR-TEAM-01,LOC-HQ,POS-084,HR Generalist,Mid,Permanent,Active,EMP001,2022-03-01,1987-12-01,38,2047-12-01,NOT_DUE,2022-03-01,2022-06-01,2022-06-01,3,0,CONFIRMED,2022-06-10,COMPLETED,,,,,,69.3,67.8,81.84,Stable,96.8,2.5,Yes,NONE,,Additive synthetic operational layer based on existing 720-employee data,2026-08-01,0,,,NONE,,NONE,,,NONE,,,NONE,,,NONE,,,,0,,Active,DEPARTMENT-001,HR,Corporate Services,ORGANIZATIONAL-UNIT-HR-TEAM-01,LOC-HQ,POS-084,HR Generalist,Mid,Permanent,EMP001,,,
EMP085,Sara Yousaf,DEPARTMENT-001,HR,Corporate Services,ORGANIZATIONAL-UNIT-HR-TEAM-02,LOC-HQ,POS-085,Senior HR Specialist,Senior,Permanent,Active,EMP012,2019-08-01,1986-11-26,39,2046-11-26,NOT_DUE,2019-08-01,2019-11-01,2019-11-01,3,0,CONFIRMED,2019-11-04,COMPLETED,,,,,,69.1,74.4,81.9,Stable,98.4,3.6,No,NONE,,Additive synthetic operational layer based on existing 720-employee data,2026-08-01,0,,,NONE,,NONE,,,NONE,,,NONE,,,NONE,,,,0,,Active,DEPARTMENT-001,HR,Corporate Services,ORGANIZATIONAL-UNIT-HR-TEAM-02,LOC-HQ,POS-085,Senior HR Specialist,Senior,Permanent,EMP012,,,
EMP086,Hina Tariq,DEPARTMENT-006,Operations,Enterprise Operations,ORGANIZATIONAL-UNIT-OPS-TEAM-03,LOC-CENTRAL,POS-086,Operations Officer,Junior,Permanent,Active,EMP281,2023-08-01,2001-04-15,25,2061-04-15,NOT_DUE,2023-08-01,2023-11-01,2023-11-01,3,0,CONFIRMED,2023-11-01,COMPLETED,,,,,,78.8,72.2,86.12,Stable,100.0,2.9,Yes,NONE,,Additive synthetic operational layer based on existing 720-employee data,2026-08-01,0,,,NONE,,NONE,,,NONE,,,NONE,,,NONE,,,,0,,Active,DEPARTMENT-006,Operations,Enterprise Operations,ORGANIZATIONAL-UNIT-OPS-TEAM-03,LOC-CENTRAL,POS-086,Operations Officer,Junior,Permanent,EMP281,,,
EMP087,Kashif Hameed,DEPARTMENT-001,HR,Corporate Services,ORGANIZATIONAL-UNIT-HR,LOC-HQ,POS-087,HR Manager,Lead/Manager,Permanent,Active,EMP201,2017-08-01,1986-06-13,40,2046-06-13,NOT_DUE,2017-08-01,2017-11-01,2017-11-01,3,0,CONFIRMED,2017-11-01,COMPLETED,,,,,,76.5,96.0,82.96,Stable,98.4,4.7,No,NONE,,Additive synthetic operational layer based on existing 720-employee data,2026-08-01,0,,,NONE,,NONE,,,NONE,,,NONE,,,NONE,,,,0,,Active,DEPARTMENT-001,HR,Corporate Services,ORGANIZATIONAL-UNIT-HR,LOC-HQ,POS-087,HR Manager,Lead/Manager,Permanent,EMP201,,,
EMP088,Sana Mughal,DEPARTMENT-006,Operations,Enterprise Operations,ORGANIZATIONAL-UNIT-OPS-TEAM-02,LOC-CENTRAL,POS-088,Operations Analyst,Mid,Permanent,Active,EMP026,2022-05-01,1994-02-06,32,2054-02-06,NOT_DUE,2022-05-01,2022-08-01,2022-08-01,3,0,CONFIRMED,2022-08-15,COMPLETED,,,,,,84.4,90.0,91.02,Stable,100.0,3.8,No,NONE,,Additive synthetic operational layer based on existing 720-employee data,2026-08-01,0,,,NONE,,NONE,,,NONE,,,NONE,,,NONE,,,,0,,Active,DEPARTMENT-006,Operations,Enterprise Operations,ORGANIZATIONAL-UNIT-OPS-TEAM-02,LOC-CENTRAL,POS-088,Operations Analyst,Mid,Permanent,EMP026,,,
EMP089,Muneeb Haider,DEPARTMENT-001,HR,Corporate Services,ORGANIZATIONAL-UNIT-HR-TEAM-03,LOC-HQ,POS-089,HR Officer,Junior,Contract,Active,EMP204,2023-09-01,1996-04-29,30,2056-04-29,NOT_DUE,2023-09-01,2023-12-01,2023-12-01,3,0,CONFIRMED,2023-12-10,COMPLETED,2025-09-01,2026-08-31,12,2,EXPIRING_30D,80.3,74.6,87.64,Stable,98.4,3.3,Yes,NONE,,Additive synthetic operational layer based on existing 720-employee data,2026-08-01,0,,,NONE,,NONE,,,NONE,,,NONE,,,NONE,,,,0,,Active,DEPARTMENT-001,HR,Corporate Services,ORGANIZATIONAL-UNIT-HR-TEAM-03,LOC-HQ,POS-089,HR Officer,Junior,Contract,EMP204,,,
EMP090,Noman Ahmad,DEPARTMENT-002,Finance,Corporate Services,ORGANIZATIONAL-UNIT-FIN-TEAM-01,LOC-HQ,POS-090,Financial Analyst,Mid,Contract,Active,EMP008,2023-12-01,1991-12-31,34,2051-12-31,NOT_DUE,2023-12-01,2024-03-01,2024-03-01,3,0,CONFIRMED,2024-03-01,COMPLETED,2025-12-01,2027-11-30,24,1,ACTIVE,69.2,62.8,82.57,Stable,100.0,2.2,Yes,NONE,,Additive synthetic operational layer based on existing 720-employee data,2026-08-01,0,,,NONE,,NONE,,,NONE,,,NONE,,,NONE,,,,0,,Active,DEPARTMENT-002,Finance,Corporate Services,ORGANIZATIONAL-UNIT-FIN-TEAM-01,LOC-HQ,POS-090,Financial Analyst,Mid,Contract,EMP008,,,
EMP091,Nida Mughal,DEPARTMENT-002,Finance,Corporate Services,ORGANIZATIONAL-UNIT-FIN-TEAM-02,LOC-HQ,POS-091,Senior Financial Analyst,Senior,Permanent,Active,EMP228,2022-11-01,1991-05-12,35,2051-05-12,NOT_DUE,2022-11-01,2023-02-01,2023-02-01,3,0,CONFIRMED,2023-02-06,COMPLETED,,,,,,80.0,82.6,85.82,Stable,100.0,3.7,No,NONE,,Additive synthetic operational layer based on existing 720-employee data,2026-08-01,0,,,NONE,,NONE,,,NONE,,,NONE,,,NONE,,,,0,,Active,DEPARTMENT-002,Finance,Corporate Services,ORGANIZATIONAL-UNIT-FIN-TEAM-02,LOC-HQ,POS-091,Senior Financial Analyst,Senior,Permanent,EMP228,,,
EMP092,Mahnoor Ali,DEPARTMENT-005,Engineering,Technology and Innovation,ORGANIZATIONAL-UNIT-ENG-TEAM-03,LOC-HQ,POS-092,Senior Software Engineer,Senior,Permanent,Active,EMP070,2023-02-01,1993-05-18,33,2053-05-18,NOT_DUE,2023-02-01,2023-05-01,2023-05-01,3,0,CONFIRMED,2023-05-05,COMPLETED,,,,,,78.5,90.0,84.72,Stable,100.0,3.5,No,NONE,,Additive synthetic operational layer based on existing 720-employee data,2026-08-01,0,,,NONE,,NONE,,,NONE,,,NONE,,,NONE,,,,0,,Active,DEPARTMENT-005,Engineering,Technology and Innovation,ORGANIZATIONAL-UNIT-ENG-TEAM-03,LOC-HQ,POS-092,Senior Software Engineer,Senior,Permanent,EMP070,,,
EMP093,Danish Siddiqui,DEPARTMENT-003,Sales,Commercial Services,ORGANIZATIONAL-UNIT-SAL-TEAM-01,LOC-NORTH,POS-093,Senior Account Manager,Senior,Permanent,Active,EMP011,2015-10-01,1983-12-01,42,2043-12-01,NOT_DUE,2015-10-01,2016-01-01,2016-01-01,3,0,CONFIRMED,2016-01-10,COMPLETED,,,,,,68.2,75.0,75.26,Stable,100.0,3.0,Yes,NONE,,Additive synthetic operational layer based on existing 720-employee data,2026-08-01,0,,,NONE,,NONE,,,NONE,,,NONE,,,NONE,,,,0,,Active,DEPARTMENT-003,Sales,Commercial Services,ORGANIZATIONAL-UNIT-SAL-TEAM-01,LOC-NORTH,POS-093,Senior Account Manager,Senior,Permanent,EMP011,,,
EMP094,Akbar Abbasi,DEPARTMENT-007,IT,Technology and Innovation,ORGANIZATIONAL-UNIT-IT-TEAM-02,LOC-HQ,POS-094,Senior Systems Engineer,Senior,Permanent,Active,EMP294,2017-12-01,1988-05-27,38,2048-05-27,NOT_DUE,2017-12-01,2018-03-01,2018-03-01,3,0,CONFIRMED,2018-03-11,COMPLETED,,,,,,49.1,30.8,70.87,Stable,98.4,2.7,Yes,NONE,,Additive synthetic operational layer based on existing 720-employee data,2026-08-01,0,,,NONE,,NONE,,,NONE,,,SCHEDULED,POS-735,2026-10-03,NONE,,,,0,,Active,DEPARTMENT-007,IT,Technology and Innovation,ORGANIZATIONAL-UNIT-IT-TEAM-02,LOC-HQ,POS-094,Senior Systems Engineer,Senior,Permanent,EMP294,,,
EMP095,Haris Mahmood,DEPARTMENT-007,IT,Technology and Innovation,ORGANIZATIONAL-UNIT-IT,LOC-HQ,POS-095,IT Operations Manager,Lead/Manager,Permanent,Active,EMP292,2015-11-01,1980-09-21,45,2040-09-21,NOT_DUE,2015-11-01,2016-02-01,2016-02-01,3,0,CONFIRMED,2016-02-04,COMPLETED,,,,,,80.7,91.0,86.08,Stable,100.0,4.2,No,NONE,,Additive synthetic operational layer based on existing 720-employee data,2026-08-01,0,,,NONE,,NONE,,,NONE,,,NONE,,,NONE,,,,0,,Active,DEPARTMENT-007,IT,Technology and Innovation,ORGANIZATIONAL-UNIT-IT,LOC-HQ,POS-095,IT Operations Manager,Lead/Manager,Permanent,EMP292,,,
EMP096,Ayesha Abbasi,DEPARTMENT-003,Sales,Commercial Services,ORGANIZATIONAL-UNIT-SAL-TEAM-01,LOC-NORTH,POS-096,Account Manager,Mid,Permanent,Active,EMP011,2025-06-01,1994-11-22,31,2054-11-22,NOT_DUE,2025-06-01,2025-09-01,2025-09-01,3,0,CONFIRMED,2025-09-06,COMPLETED,,,,,,65.5,74.6,77.87,Stable,100.0,3.6,Yes,NONE,,Additive synthetic operational layer based on existing 720-employee data,2026-08-01,0,,,NONE,,NONE,,,NONE,,,NONE,,,NONE,,,,0,,Active,DEPARTMENT-003,Sales,Commercial Services,ORGANIZATIONAL-UNIT-SAL-TEAM-01,LOC-NORTH,POS-096,Account Manager,Mid,Permanent,EMP011,,,
EMP097,Sana Arif,DEPARTMENT-003,Sales,Commercial Services,ORGANIZATIONAL-UNIT-SAL-TEAM-02,LOC-NORTH,POS-097,Sales Executive,Junior,Permanent,Active,EMP105,2026-01-01,2001-11-04,24,2061-11-04,NOT_DUE,2026-01-01,2026-04-01,2026-04-01,3,0,CONFIRMED,2026-03-29,COMPLETED,,,,,,66.4,67.2,79.57,Stable,100.0,3.9,Yes,NONE,,Additive synthetic operational layer based on existing 720-employee data,2026-08-01,0,,,NONE,,NONE,,,NONE,,,NONE,,,NONE,,,,0,,Active,DEPARTMENT-003,Sales,Commercial Services,ORGANIZATIONAL-UNIT-SAL-TEAM-02,LOC-NORTH,POS-097,Sales Executive,Junior,Permanent,EMP105,,,
EMP098,Sidra Zafar,DEPARTMENT-004,Customer Support,Commercial Services,ORGANIZATIONAL-UNIT-CS-TEAM-03,LOC-CENTRAL,POS-098,Senior Support Executive,Mid,Permanent,Active,EMP144,2025-08-01,1993-10-09,32,2053-10-09,NOT_DUE,2025-08-01,2025-11-01,2025-11-01,3,0,CONFIRMED,2025-11-03,COMPLETED,,,,,,45.1,37.0,73.68,Stable,96.9,2.3,Yes,RESIGNATION,2026-08-26,Additive synthetic operational layer based on existing 720-employee data,2026-08-01,0,,,NONE,,PENDING,2026-09-02,HRACT-00272,NONE,,,NONE,,,NONE,,,,0,,Active,DEPARTMENT-004,Customer Support,Commercial Services,ORGANIZATIONAL-UNIT-CS-TEAM-03,LOC-CENTRAL,POS-098,Senior Support Executive,Mid,Permanent,EMP144,,,
EMP099,Bilal Aslam,DEPARTMENT-002,Finance,Corporate Services,ORGANIZATIONAL-UNIT-FIN-TEAM-01,LOC-HQ,POS-099,Financial Analyst,Mid,Permanent,Active,EMP230,2024-01-01,1994-08-26,31,2054-08-26,NOT_DUE,2024-01-01,2024-04-01,2024-04-01,3,0,CONFIRMED,2024-03-27,COMPLETED,,,,,,82.9,81.4,91.21,Stable,100.0,3.6,No,NONE,,Additive synthetic operational layer based on existing 720-employee data,2026-08-01,0,,,NONE,,NONE,,,NONE,,,NONE,,,NONE,,,,0,,Active,DEPARTMENT-002,Finance,Corporate Services,ORGANIZATIONAL-UNIT-FIN-TEAM-01,LOC-HQ,POS-099,Financial Analyst,Mid,Permanent,EMP230,,,
EMP100,Rabia Javed,DEPARTMENT-005,Engineering,Technology and Innovation,ORGANIZATIONAL-UNIT-ENG-TEAM-02,LOC-HQ,POS-100,Senior Software Engineer,Senior,Permanent,Active,EMP080,2018-10-01,1986-05-05,40,2046-05-05,NOT_DUE,2018-10-01,2019-01-01,2019-01-01,3,0,CONFIRMED,2018-12-29,COMPLETED,,,,,,68.4,64.0,80.88,Stable,95.3,2.8,No,NONE,,Additive synthetic operational layer based on existing 720-employee data,2026-08-01,0,,,NONE,,NONE,,,NONE,,,NONE,,,NONE,,,,0,,Active,DEPARTMENT-005,Engineering,Technology and Innovation,ORGANIZATIONAL-UNIT-ENG-TEAM-02,LOC-HQ,POS-100,Senior Software Engineer,Senior,Permanent,EMP080,,,
EMP101,Talha Dar,DEPARTMENT-007,IT,Technology and Innovation,ORGANIZATIONAL-UNIT-IT-TEAM-03,LOC-HQ,POS-101,Systems Administrator,Mid,Permanent,Active,EMP295,2023-01-01,1992-12-30,33,2052-12-30,NOT_DUE,2023-01-01,2023-04-01,2023-04-01,3,0,CONFIRMED,2023-04-08,COMPLETED,,,,,,81.8,82.0,90.36,Stable,100.0,2.8,Yes,NONE,,Additive synthetic operational layer based on existing 720-employee data,2026-08-01,0,,,NONE,,NONE,,,NONE,,,NONE,,,NONE,,,,0,,Active,DEPARTMENT-007,IT,Technology and Innovation,ORGANIZATIONAL-UNIT-IT-TEAM-03,LOC-HQ,POS-101,Systems Administrator,Mid,Permanent,EMP295,,,
EMP102,Akbar Gill,DEPARTMENT-003,Sales,Commercial Services,ORGANIZATIONAL-UNIT-SAL-TEAM-01,LOC-NORTH,POS-102,Sales Executive,Junior,Permanent,Active,EMP125,2023-08-01,1996-11-26,29,2056-11-26,NOT_DUE,2023-08-01,2023-11-01,2023-11-01,3,0,CONFIRMED,2023-10-26,COMPLETED,,,,,,65.2,59.2,77.55,Stable,98.5,3.2,No,NONE,,Additive synthetic operational layer based on existing 720-employee data,2026-08-01,0,,,NONE,,NONE,,,NONE,,,NONE,,,NONE,,,,0,,Active,DEPARTMENT-003,Sales,Commercial Services,ORGANIZATIONAL-UNIT-SAL-TEAM-01,LOC-NORTH,POS-102,Sales Executive,Junior,Permanent,EMP125,,,
EMP103,Noor Masood,DEPARTMENT-004,Customer Support,Commercial Services,ORGANIZATIONAL-UNIT-CS-TEAM-02,LOC-CENTRAL,POS-103,Customer Support Representative,Junior,Permanent,Active,EMP147,2025-03-01,1998-10-14,27,2058-10-14,NOT_DUE,2025-03-01,2025-06-01,2025-06-01,3,0,CONFIRMED,2025-06-02,COMPLETED,,,,,,70.4,66.0,83.38,Stable,100.0,4.5,No,NONE,,Additive synthetic operational layer based on existing 720-employee data,2026-08-01,0,,,NONE,,NONE,,,NONE,,,NONE,,,NONE,,,,0,,Active,DEPARTMENT-004,Customer Support,Commercial Services,ORGANIZATIONAL-UNIT-CS-TEAM-02,LOC-CENTRAL,POS-103,Customer Support Representative,Junior,Permanent,EMP147,,,
EMP104,Rabia Ali,DEPARTMENT-007,IT,Technology and Innovation,ORGANIZATIONAL-UNIT-IT-TEAM-03,LOC-HQ,POS-104,Senior Systems Engineer,Senior,Permanent,Active,EMP171,2019-12-01,1985-05-29,41,2045-05-29,NOT_DUE,2019-12-01,2020-03-01,2020-03-01,3,0,CONFIRMED,2020-02-23,COMPLETED,,,,,,81.7,86.8,86.06,Stable,96.7,3.0,Yes,NONE,,Additive synthetic operational layer based on existing 720-employee data,2026-08-01,0,,,NONE,,NONE,,,NONE,,,NONE,,,NONE,,,,0,,Active,DEPARTMENT-007,IT,Technology and Innovation,ORGANIZATIONAL-UNIT-IT-TEAM-03,LOC-HQ,POS-104,Senior Systems Engineer,Senior,Permanent,EMP171,,,
EMP105,Areeba Raza,DEPARTMENT-003,Sales,Commercial Services,ORGANIZATIONAL-UNIT-SAL,LOC-NORTH,POS-105,Sales Manager,Lead/Manager,Permanent,Active,EMP252,2011-09-01,1977-10-09,48,2037-10-09,NOT_DUE,2011-09-01,2011-12-01,2011-12-01,3,0,CONFIRMED,2011-12-04,COMPLETED,,,,,,83.0,94.8,84.04,Stable,96.8,4.5,No,NONE,,Additive synthetic operational layer based on existing 720-employee data,2026-08-01,0,,,NONE,,NONE,,,NONE,,,NONE,,,NONE,,,,0,,Active,DEPARTMENT-003,Sales,Commercial Services,ORGANIZATIONAL-UNIT-SAL,LOC-NORTH,POS-105,Sales Manager,Lead/Manager,Permanent,EMP252,,,
EMP106,Hina Saleem,DEPARTMENT-001,HR,Corporate Services,ORGANIZATIONAL-UNIT-HR-TEAM-02,LOC-HQ,POS-106,Senior HR Specialist,Senior,Permanent,Active,EMP202,2021-02-01,1992-02-02,34,2052-02-02,NOT_DUE,2021-02-01,2021-05-01,2021-05-01,3,0,CONFIRMED,2021-04-28,COMPLETED,,,,,,84.2,96.0,91.77,Stable,100.0,4.5,No,NONE,,Additive synthetic operational layer based on existing 720-employee data,2026-08-01,0,,,NONE,,NONE,,,NONE,,,NONE,,,NONE,,,,0,,Active,DEPARTMENT-001,HR,Corporate Services,ORGANIZATIONAL-UNIT-HR-TEAM-02,LOC-HQ,POS-106,Senior HR Specialist,Senior,Permanent,EMP202,,,
EMP107,Zoya Mahmood,DEPARTMENT-005,Engineering,Technology and Innovation,ORGANIZATIONAL-UNIT-ENG-TEAM-03,LOC-HQ,POS-107,Software Engineer II,Mid,Permanent,Active,EMP080,2023-07-01,1993-07-14,33,2053-07-14,NOT_DUE,2023-07-01,2023-10-01,2023-10-01,3,0,CONFIRMED,2023-10-09,COMPLETED,,,,,,66.8,60.4,80.45,Stable,100.0,3.1,Yes,NONE,,Additive synthetic operational layer based on existing 720-employee data,2026-08-01,0,,,NONE,,NONE,,,NONE,,,NONE,,,NONE,,,,0,,Active,DEPARTMENT-005,Engineering,Technology and Innovation,ORGANIZATIONAL-UNIT-ENG-TEAM-03,LOC-HQ,POS-107,Software Engineer II,Mid,Permanent,EMP080,,,
EMP108,Ayesha Ahmad,DEPARTMENT-001,HR,Corporate Services,ORGANIZATIONAL-UNIT-HR-TEAM-01,LOC-HQ,POS-108,HR Generalist,Mid,Permanent,Active,EMP001,2024-02-01,1995-01-11,31,2055-01-11,NOT_DUE,2024-02-01,2024-05-01,2024-05-01,3,0,CONFIRMED,2024-05-15,COMPLETED,,,,,,81.3,74.6,91.07,Stable,100.0,3.3,Yes,NONE,,Additive synthetic operational layer based on existing 720-employee data,2026-08-01,0,,,NONE,,NONE,,,NONE,,,NONE,,,NONE,,,,0,,Active,DEPARTMENT-001,HR,Corporate Services,ORGANIZATIONAL-UNIT-HR-TEAM-01,LOC-HQ,POS-108,HR Generalist,Mid,Permanent,EMP001,,,
EMP109,Ali Farooq,DEPARTMENT-003,Sales,Commercial Services,ORGANIZATIONAL-UNIT-SAL-TEAM-02,LOC-NORTH,POS-109,Sales Executive,Junior,Permanent,Active,EMP166,2025-06-01,2000-05-23,26,2060-05-23,NOT_DUE,2025-06-01,2025-09-01,2025-09-01,3,0,CONFIRMED,2025-09-15,COMPLETED,,,,,,64.1,59.2,78.06,Stable,93.7,3.0,Yes,NONE,,Additive synthetic operational layer based on existing 720-employee data,2026-08-01,0,,,NONE,,NONE,,,NONE,,,NONE,,,NONE,,,,0,,Active,DEPARTMENT-003,Sales,Commercial Services,ORGANIZATIONAL-UNIT-SAL-TEAM-02,LOC-NORTH,POS-109,Sales Executive,Junior,Permanent,EMP166,,,
EMP110,Arslan Masood,DEPARTMENT-007,IT,Technology and Innovation,ORGANIZATIONAL-UNIT-IT-TEAM-03,LOC-HQ,POS-110,IT Support Engineer,Junior,Permanent,Active,EMP294,2025-10-01,1998-05-09,28,2058-05-09,NOT_DUE,2025-10-01,2026-01-01,2026-01-01,3,0,CONFIRMED,2025-12-27,COMPLETED,,,,,,79.2,85.2,86.8,Stable,98.4,5.0,No,NONE,,Additive synthetic operational layer based on existing 720-employee data,2026-08-01,0,,,NONE,,NONE,,,NONE,,,NONE,,,NONE,,,,0,,Active,DEPARTMENT-007,IT,Technology and Innovation,ORGANIZATIONAL-UNIT-IT-TEAM-03,LOC-HQ,POS-110,IT Support Engineer,Junior,Permanent,EMP294,,,
EMP111,Sadia Bashir,DEPARTMENT-003,Sales,Commercial Services,ORGANIZATIONAL-UNIT-SAL-TEAM-01,LOC-NORTH,POS-111,Account Manager,Mid,Permanent,Active,EMP011,2022-01-01,1991-02-03,35,2051-02-03,NOT_DUE,2022-01-01,2022-04-01,2022-04-01,3,0,CONFIRMED,2022-03-28,COMPLETED,,,,,,77.1,88.8,82.65,Stable,100.0,3.8,No,NONE,,Additive synthetic operational layer based on existing 720-employee data,2026-08-01,0,,,NONE,,NONE,,,NONE,,,NONE,,,NONE,,,,0,,Active,DEPARTMENT-003,Sales,Commercial Services,ORGANIZATIONAL-UNIT-SAL-TEAM-01,LOC-NORTH,POS-111,Account Manager,Mid,Permanent,EMP011,,,
EMP112,Sara Javed,DEPARTMENT-003,Sales,Commercial Services,ORGANIZATIONAL-UNIT-SAL-TEAM-02,LOC-NORTH,POS-112,Sales Executive,Junior,Permanent,Active,EMP093,2025-10-01,1997-02-18,29,2057-02-18,NOT_DUE,2025-10-01,2026-01-01,2026-01-01,3,0,CONFIRMED,2026-01-04,COMPLETED,,,,,,74.3,72.2,83.79,Stable,100.0,3.2,No,NONE,,Additive synthetic operational layer based on existing 720-employee data,2026-08-01,0,,,NONE,,NONE,,,NONE,,,NONE,,,NONE,,,,0,,Active,DEPARTMENT-003,Sales,Commercial Services,ORGANIZATIONAL-UNIT-SAL-TEAM-02,LOC-NORTH,POS-112,Sales Executive,Junior,Permanent,EMP093,,,
EMP113,Shahbaz Gill,DEPARTMENT-007,IT,Technology and Innovation,ORGANIZATIONAL-UNIT-IT-TEAM-03,LOC-HQ,POS-113,IT Support Engineer,Junior,Contract,Active,EMP094,2025-04-01,1997-11-13,28,2057-11-13,NOT_DUE,2025-04-01,2025-07-01,2025-07-01,3,0,CONFIRMED,2025-06-24,COMPLETED,2025-04-01,2027-03-31,24,0,ACTIVE,71.0,71.0,83.31,Stable,100.0,4.5,No,NONE,,Additive synthetic operational layer based on existing 720-employee data,2026-08-01,0,,,NONE,,NONE,,,NONE,,,NONE,,,NONE,,,,0,,Active,DEPARTMENT-007,IT,Technology and Innovation,ORGANIZATIONAL-UNIT-IT-TEAM-03,LOC-HQ,POS-113,IT Support Engineer,Junior,Contract,EMP094,,,
EMP114,Hamza Hussain,DEPARTMENT-001,HR,Corporate Services,ORGANIZATIONAL-UNIT-HR-TEAM-01,LOC-HQ,POS-114,HR Generalist,Mid,Permanent,Active,EMP001,2022-12-01,1992-12-16,33,2052-12-16,NOT_DUE,2022-12-01,2023-03-01,2023-03-01,3,0,CONFIRMED,2023-02-27,COMPLETED,,,,,,71.8,61.6,86.56,Stable,100.0,3.1,Yes,NONE,,Additive synthetic operational layer based on existing 720-employee data,2026-08-01,0,,,NONE,,NONE,,,NONE,,,NONE,,,NONE,,,,0,,Active,DEPARTMENT-001,HR,Corporate Services,ORGANIZATIONAL-UNIT-HR-TEAM-01,LOC-HQ,POS-114,HR Generalist,Mid,Permanent,EMP001,,,
EMP115,Hafsa Abbasi,DEPARTMENT-005,Engineering,Technology and Innovation,ORGANIZATIONAL-UNIT-ENG-TEAM-02,LOC-HQ,POS-115,Software Engineer II,Mid,Permanent,Active,EMP129,2025-08-01,1995-04-08,31,2055-04-08,NOT_DUE,2025-08-01,2025-11-01,2025-11-01,3,0,CONFIRMED,2025-11-11,COMPLETED,,,,,,80.6,88.8,91.25,Stable,100.0,3.6,Yes,NONE,,Additive synthetic operational layer based on existing 720-employee data,2026-08-01,0,,,NONE,,NONE,,,NONE,,,NONE,,,NONE,,,,0,,Active,DEPARTMENT-005,Engineering,Technology and Innovation,ORGANIZATIONAL-UNIT-ENG-TEAM-02,LOC-HQ,POS-115,Software Engineer II,Mid,Permanent,EMP129,,,
EMP116,Ali Abbasi,DEPARTMENT-005,Engineering,Technology and Innovation,ORGANIZATIONAL-UNIT-ENG-TEAM-03,LOC-HQ,POS-116,Software Engineer I,Junior,Permanent,Active,EMP129,2025-02-01,1996-05-12,30,2056-05-12,NOT_DUE,2025-02-01,2025-05-01,2025-05-01,3,0,CONFIRMED,2025-05-03,COMPLETED,,,,,,85.0,86.4,92.65,Stable,93.7,5.0,No,NONE,,Additive synthetic operational layer based on existing 720-employee data,2026-08-01,0,,,NONE,,NONE,,,NONE,,,NONE,,,NONE,,,,0,,Active,DEPARTMENT-005,Engineering,Technology and Innovation,ORGANIZATIONAL-UNIT-ENG-TEAM-03,LOC-HQ,POS-116,Software Engineer I,Junior,Permanent,EMP129,,,
EMP117,Saad Ullah,DEPARTMENT-005,Engineering,Technology and Innovation,ORGANIZATIONAL-UNIT-ENG-TEAM-01,LOC-HQ,POS-117,Software Engineer I,Junior,Permanent,Active,EMP142,2023-08-01,1994-12-23,31,2054-12-23,NOT_DUE,2023-08-01,2023-11-01,2023-11-01,3,0,CONFIRMED,2023-10-31,COMPLETED,,,,,,68.7,74.6,78.24,Stable,96.7,3.7,No,NONE,,Additive synthetic operational layer based on existing 720-employee data,2026-08-01,0,,,NONE,,NONE,,,NONE,,,NONE,,,NONE,,,,0,,Active,DEPARTMENT-005,Engineering,Technology and Innovation,ORGANIZATIONAL-UNIT-ENG-TEAM-01,LOC-HQ,POS-117,Software Engineer I,Junior,Permanent,EMP142,,,
EMP118,Zoya Ali,DEPARTMENT-004,Customer Support,Commercial Services,ORGANIZATIONAL-UNIT-CS-TEAM-02,LOC-CENTRAL,POS-118,Senior Support Executive,Mid,Permanent,Active,EMP144,2024-12-01,1998-02-08,28,2058-02-08,NOT_DUE,2024-12-01,2025-03-01,2025-03-01,3,0,CONFIRMED,2025-02-26,COMPLETED,,,,,,69.1,72.2,83.0,Stable,100.0,3.6,No,NONE,,Additive synthetic operational layer based on existing 720-employee data,2026-08-01,0,,,NONE,,NONE,,,NONE,,,NONE,,,NONE,,,,0,,Active,DEPARTMENT-004,Customer Support,Commercial Services,ORGANIZATIONAL-UNIT-CS-TEAM-02,LOC-CENTRAL,POS-118,Senior Support Executive,Mid,Permanent,EMP144,,,
EMP119,Ayesha Nawaz,DEPARTMENT-004,Customer Support,Commercial Services,ORGANIZATIONAL-UNIT-CS-TEAM-03,LOC-CENTRAL,POS-119,Support Team Lead,Senior,Permanent,Active,EMP147,2018-01-01,1988-06-08,38,2048-06-08,NOT_DUE,2018-01-01,2018-04-01,2018-04-01,3,0,CONFIRMED,2018-03-31,COMPLETED,,,,,,67.4,66.6,80.03,Stable,96.8,3.1,Yes,NONE,,Additive synthetic operational layer based on existing 720-employee data,2026-08-01,0,,,NONE,,NONE,,,NONE,,,NONE,,,NONE,,,,0,,Active,DEPARTMENT-004,Customer Support,Commercial Services,ORGANIZATIONAL-UNIT-CS-TEAM-03,LOC-CENTRAL,POS-119,Support Team Lead,Senior,Permanent,EMP147,,,
EMP120,Ahmad Aziz,DEPARTMENT-006,Operations,Enterprise Operations,ORGANIZATIONAL-UNIT-OPS-TEAM-01,LOC-CENTRAL,POS-120,Operations Analyst,Mid,Permanent,Active,EMP026,2021-04-01,1988-06-25,38,2048-06-25,NOT_DUE,2021-04-01,2021-07-01,2021-07-01,3,0,CONFIRMED,2021-07-12,COMPLETED,,,,,,81.3,90.0,89.1,Stable,98.4,4.5,No,NONE,,Additive synthetic operational layer based on existing 720-employee data,2026-08-01,0,,,NONE,,NONE,,,NONE,,,NONE,,,NONE,,,,0,,Active,DEPARTMENT-006,Operations,Enterprise Operations,ORGANIZATIONAL-UNIT-OPS-TEAM-01,LOC-CENTRAL,POS-120,Operations Analyst,Mid,Permanent,EMP026,,,
EMP121,Mehwish Tariq,DEPARTMENT-006,Operations,Enterprise Operations,ORGANIZATIONAL-UNIT-OPS-TEAM-02,LOC-CENTRAL,POS-121,Operations Officer,Junior,Permanent,Active,EMP280,2023-08-01,1997-08-20,28,2057-08-20,NOT_DUE,2023-08-01,2023-11-01,2023-11-01,3,0,CONFIRMED,2023-11-05,COMPLETED,,,,,,71.5,61.6,83.12,Stable,98.4,3.4,Yes,NONE,,Additive synthetic operational layer based on existing 720-employee data,2026-08-01,0,,,NONE,,NONE,,,NONE,,,NONE,,,NONE,,,,0,,Active,DEPARTMENT-006,Operations,Enterprise Operations,ORGANIZATIONAL-UNIT-OPS-TEAM-02,LOC-CENTRAL,POS-121,Operations Officer,Junior,Permanent,EMP280,,,
EMP122,Hafsa Ullah,DEPARTMENT-006,Operations,Enterprise Operations,ORGANIZATIONAL-UNIT-OPS-TEAM-03,LOC-CENTRAL,POS-122,Operations Officer,Junior,Permanent,Active,EMP281,2025-08-01,1998-12-25,27,2058-12-25,NOT_DUE,2025-08-01,2025-11-01,2025-11-01,3,0,CONFIRMED,2025-11-07,COMPLETED,,,,,,76.4,73.4,86.69,Stable,100.0,3.1,Yes,NONE,,Additive synthetic operational layer based on existing 720-employee data,2026-08-01,0,,,NONE,,NONE,,,NONE,,,NONE,,,NONE,,,,0,,Active,DEPARTMENT-006,Operations,Enterprise Operations,ORGANIZATIONAL-UNIT-OPS-TEAM-03,LOC-CENTRAL,POS-122,Operations Officer,Junior,Permanent,EMP281,,,
EMP123,Sehrish Ullah,DEPARTMENT-002,Finance,Corporate Services,ORGANIZATIONAL-UNIT-FIN-TEAM-01,LOC-HQ,POS-123,Senior Financial Analyst,Senior,Permanent,Active,EMP230,2021-09-01,1987-07-11,39,2047-07-11,NOT_DUE,2021-09-01,2021-12-01,2021-12-01,3,0,CONFIRMED,2021-12-06,COMPLETED,,,,,,80.0,82.0,88.44,Stable,98.4,3.4,Yes,NONE,,Additive synthetic operational layer based on existing 720-employee data,2026-08-01,0,,,NONE,,NONE,,,NONE,,,NONE,,,NONE,,,,0,,Active,DEPARTMENT-002,Finance,Corporate Services,ORGANIZATIONAL-UNIT-FIN-TEAM-01,LOC-HQ,POS-123,Senior Financial Analyst,Senior,Permanent,EMP230,,,
EMP124,Fahad Javed,DEPARTMENT-003,Sales,Commercial Services,ORGANIZATIONAL-UNIT-SAL-TEAM-02,LOC-NORTH,POS-124,Account Manager,Mid,Permanent,Active,EMP105,2023-08-01,1997-03-10,29,2057-03-10,NOT_DUE,2023-08-01,2023-11-01,2023-11-01,3,0,CONFIRMED,2023-11-12,COMPLETED,,,,,,46.2,29.6,71.04,Stable,98.5,2.7,Yes,NONE,,Additive synthetic operational layer based on existing 720-employee data,2026-08-01,0,,,NONE,,NONE,,,NONE,,,NONE,,,NONE,,,,0,,Active,DEPARTMENT-003,Sales,Commercial Services,ORGANIZATIONAL-UNIT-SAL-TEAM-02,LOC-NORTH,POS-124,Account Manager,Mid,Permanent,EMP105,,,
EMP125,Fatima Zafar,DEPARTMENT-003,Sales,Commercial Services,ORGANIZATIONAL-UNIT-SAL-TEAM-03,LOC-NORTH,POS-125,Senior Account Manager,Senior,Permanent,Active,EMP166,2016-04-01,1981-10-21,44,2041-10-21,NOT_DUE,2016-04-01,2016-07-01,2016-07-01,3,0,CONFIRMED,2016-07-04,COMPLETED,,,,,,78.5,91.0,86.49,Stable,100.0,4.1,No,NONE,,Additive synthetic operational layer based on existing 720-employee data,2026-08-01,0,,,NONE,,NONE,,,NONE,,,NONE,,,NONE,,,,0,,Active,DEPARTMENT-003,Sales,Commercial Services,ORGANIZATIONAL-UNIT-SAL-TEAM-03,LOC-NORTH,POS-125,Senior Account Manager,Senior,Permanent,EMP166,,,
EMP126,Laiba Sheikh,DEPARTMENT-004,Customer Support,Commercial Services,ORGANIZATIONAL-UNIT-CS-TEAM-01,LOC-CENTRAL,POS-126,Support Team Lead,Senior,Permanent,Active,EMP068,2023-04-01,1995-08-16,30,2055-08-16,NOT_DUE,2023-04-01,2023-07-01,2023-07-01,3,0,CONFIRMED,2023-07-05,COMPLETED,,,,,,79.3,78.4,86.41,Stable,95.2,3.3,Yes,NONE,,Additive synthetic operational layer based on existing 720-employee data,2026-08-01,0,,,NONE,,NONE,,,NONE,,,NONE,,,NONE,,,,0,,Active,DEPARTMENT-004,Customer Support,Commercial Services,ORGANIZATIONAL-UNIT-CS-TEAM-01,LOC-CENTRAL,POS-126,Support Team Lead,Senior,Permanent,EMP068,,,
EMP127,Khurram Yousaf,DEPARTMENT-001,HR,Corporate Services,ORGANIZATIONAL-UNIT-HR-TEAM-02,LOC-HQ,POS-127,HR Generalist,Mid,Permanent,Active,EMP012,2025-07-01,1996-05-21,30,2056-05-21,NOT_DUE,2025-07-01,2025-10-01,2025-10-01,3,0,CONFIRMED,2025-09-24,COMPLETED,,,,,,79.2,86.4,86.13,Stable,100.0,4.7,No,NONE,,Additive synthetic operational layer based on existing 720-employee data,2026-08-01,0,,,NONE,,NONE,,,NONE,,,NONE,,,NONE,,,,0,,Active,DEPARTMENT-001,HR,Corporate Services,ORGANIZATIONAL-UNIT-HR-TEAM-02,LOC-HQ,POS-127,HR Generalist,Mid,Permanent,EMP012,,,
EMP128,Zoya Farooq,DEPARTMENT-004,Customer Support,Commercial Services,ORGANIZATIONAL-UNIT-CS,LOC-CENTRAL,POS-128,Customer Support Manager,Lead/Manager,Permanent,Active,EMP259,2016-08-01,1983-10-26,42,2043-10-26,NOT_DUE,2016-08-01,2016-11-01,2016-11-01,3,0,CONFIRMED,2016-10-28,COMPLETED,,,,,,76.4,83.0,78.45,Stable,98.5,3.0,No,NONE,,Additive synthetic operational layer based on existing 720-employee data,2026-08-01,0,,,NONE,,NONE,,,NONE,,,NONE,,,NONE,,,,0,,Active,DEPARTMENT-004,Customer Support,Commercial Services,ORGANIZATIONAL-UNIT-CS,LOC-CENTRAL,POS-128,Customer Support Manager,Lead/Manager,Permanent,EMP259,,,
EMP129,Danish Dar,DEPARTMENT-005,Engineering,Technology and Innovation,ORGANIZATIONAL-UNIT-ENG,LOC-HQ,POS-129,Engineering Lead,Lead/Manager,Permanent,Active,EMP268,2012-11-01,1975-06-10,51,2035-06-10,NOT_DUE,2012-11-01,2013-02-01,2013-02-01,3,0,CONFIRMED,2013-02-08,COMPLETED,,,,,,75.0,96.0,80.0,Stable,100.0,4.2,No,NONE,,Additive synthetic operational layer based on existing 720-employee data,2026-08-01,0,,,NONE,,NONE,,,NONE,,,NONE,,,NONE,,,,0,,Active,DEPARTMENT-005,Engineering,Technology and Innovation,ORGANIZATIONAL-UNIT-ENG,LOC-HQ,POS-129,Engineering Lead,Lead/Manager,Permanent,EMP268,,,
EMP130,Waqas Siddiqui,DEPARTMENT-001,HR,Corporate Services,ORGANIZATIONAL-UNIT-HR-TEAM-02,LOC-HQ,POS-130,Senior HR Specialist,Senior,Permanent,Active,EMP202,2017-08-01,1983-04-04,43,2043-04-04,NOT_DUE,2017-08-01,2017-11-01,2017-11-01,3,0,CONFIRMED,2017-10-30,COMPLETED,,,,,,83.9,93.6,92.44,Stable,98.4,5.0,No,NONE,,Additive synthetic operational layer based on existing 720-employee data,2026-08-01,0,,,NONE,,NONE,,,NONE,,,NONE,,,NONE,,,,0,,Active,DEPARTMENT-001,HR,Corporate Services,ORGANIZATIONAL-UNIT-HR-TEAM-02,LOC-HQ,POS-130,Senior HR Specialist,Senior,Permanent,EMP202,,,
EMP131,Ahmad Yousaf,DEPARTMENT-007,IT,Technology and Innovation,ORGANIZATIONAL-UNIT-IT-TEAM-03,LOC-HQ,POS-131,Systems Administrator,Mid,Permanent,Active,EMP295,2023-05-01,1990-07-14,36,2050-07-14,NOT_DUE,2023-05-01,2023-08-01,2023-08-01,3,0,CONFIRMED,2023-08-05,COMPLETED,,,,,,68.1,65.4,78.14,Stable,100.0,3.3,Yes,NONE,,Additive synthetic operational layer based on existing 720-employee data,2026-08-01,0,,,NONE,,NONE,,,NONE,,,NONE,,,NONE,,,,0,,Active,DEPARTMENT-007,IT,Technology and Innovation,ORGANIZATIONAL-UNIT-IT-TEAM-03,LOC-HQ,POS-131,Systems Administrator,Mid,Permanent,EMP295,,,
EMP132,Arham Qureshi,DEPARTMENT-007,IT,Technology and Innovation,ORGANIZATIONAL-UNIT-IT-TEAM-01,LOC-HQ,POS-132,IT Support Engineer,Junior,Permanent,Probation,EMP297,2026-02-01,1999-05-31,27,2059-05-31,NOT_DUE,2026-02-01,2026-05-01,2026-06-01,3,1,OVERDUE,,CONFIRM,,,,,,24.2,17.6,86.39,Stable,93.7,3.5,No,NONE,,Additive synthetic operational layer based on existing 720-employee data,2026-08-01,0,,,NONE,,NONE,,,NONE,,,NONE,,,NONE,,,,0,,Probation,DEPARTMENT-007,IT,Technology and Innovation,ORGANIZATIONAL-UNIT-IT-TEAM-01,LOC-HQ,POS-132,IT Support Engineer,Junior,Permanent,EMP297,,,
EMP133,Usman Raza,DEPARTMENT-005,Engineering,Technology and Innovation,ORGANIZATIONAL-UNIT-ENG-TEAM-02,LOC-HQ,POS-133,Software Engineer II,Mid,Permanent,Active,EMP015,2020-08-01,1986-08-30,39,2046-08-30,NOT_DUE,2020-08-01,2020-11-01,2020-11-01,3,0,CONFIRMED,2020-11-07,COMPLETED,,,,,,84.0,84.4,92.01,Stable,100.0,3.4,Yes,NONE,,Additive synthetic operational layer based on existing 720-employee data,2026-08-01,0,,,NONE,,NONE,,,NONE,,,NONE,,,NONE,,,,0,,Active,DEPARTMENT-005,Engineering,Technology and Innovation,ORGANIZATIONAL-UNIT-ENG-TEAM-02,LOC-HQ,POS-133,Software Engineer II,Mid,Permanent,EMP015,,,
EMP134,Talha Awan,DEPARTMENT-007,IT,Technology and Innovation,ORGANIZATIONAL-UNIT-IT-TEAM-03,LOC-HQ,POS-134,Systems Administrator,Mid,Permanent,Active,EMP171,2022-12-01,1990-01-01,36,2050-01-01,NOT_DUE,2022-12-01,2023-03-01,2023-03-01,3,0,CONFIRMED,2023-02-25,COMPLETED,,,,,,80.3,78.4,88.49,Stable,95.2,2.6,Yes,NONE,,Additive synthetic operational layer based on existing 720-employee data,2026-08-01,0,,,NONE,,NONE,,,NONE,,,NONE,,,NONE,,,,0,,Active,DEPARTMENT-007,IT,Technology and Innovation,ORGANIZATIONAL-UNIT-IT-TEAM-03,LOC-HQ,POS-134,Systems Administrator,Mid,Permanent,EMP171,,,
EMP135,Eman Butt,DEPARTMENT-004,Customer Support,Commercial Services,ORGANIZATIONAL-UNIT-CS-TEAM-01,LOC-CENTRAL,POS-135,Senior Support Executive,Mid,Permanent,Active,EMP009,2022-10-01,1993-09-02,32,2053-09-02,NOT_DUE,2022-10-01,2023-01-01,2023-01-01,3,0,CONFIRMED,2023-01-10,COMPLETED,,,,,,72.1,68.4,86.6,Stable,98.4,3.9,No,NONE,,Additive synthetic operational layer based on existing 720-employee data,2026-08-01,0,,,NONE,,NONE,,,NONE,,,NONE,,,NONE,,,,0,,Active,DEPARTMENT-004,Customer Support,Commercial Services,ORGANIZATIONAL-UNIT-CS-TEAM-01,LOC-CENTRAL,POS-135,Senior Support Executive,Mid,Permanent,EMP009,,,
EMP136,Fatima Saleem,DEPARTMENT-001,HR,Corporate Services,ORGANIZATIONAL-UNIT-HR-TEAM-02,LOC-HQ,POS-136,HR Generalist,Mid,Permanent,Active,EMP202,2023-08-01,1996-10-30,29,2056-10-30,NOT_DUE,2023-08-01,2023-11-01,2023-11-01,3,0,CONFIRMED,2023-11-06,COMPLETED,,,,,,79.2,78.4,89.07,Stable,98.5,2.7,Yes,NONE,,Additive synthetic operational layer based on existing 720-employee data,2026-08-01,0,,,NONE,,NONE,,,NONE,,,NONE,,,NONE,,,,0,,Active,DEPARTMENT-001,HR,Corporate Services,ORGANIZATIONAL-UNIT-HR-TEAM-02,LOC-HQ,POS-136,HR Generalist,Mid,Permanent,EMP202,,,
EMP137,Areeba Farooq,DEPARTMENT-004,Customer Support,Commercial Services,ORGANIZATIONAL-UNIT-CS-TEAM-03,LOC-CENTRAL,POS-137,Customer Support Representative,Junior,Permanent,Active,EMP262,2023-12-01,1997-11-04,28,2057-11-04,NOT_DUE,2023-12-01,2024-03-01,2024-03-01,3,0,CONFIRMED,2024-03-09,COMPLETED,,,,,,78.1,80.2,85.02,Stable,98.4,4.4,Yes,NONE,,Additive synthetic operational layer based on existing 720-employee data,2026-08-01,0,,,NONE,,NONE,,,NONE,,,NONE,,,NONE,,,,0,,Active,DEPARTMENT-004,Customer Support,Commercial Services,ORGANIZATIONAL-UNIT-CS-TEAM-03,LOC-CENTRAL,POS-137,Customer Support Representative,Junior,Permanent,EMP262,,,
EMP138,Amir Saleem,DEPARTMENT-005,Engineering,Technology and Innovation,ORGANIZATIONAL-UNIT-ENG-TEAM-01,LOC-HQ,POS-138,Software Engineer II,Mid,Permanent,Active,EMP189,2025-02-01,1996-05-14,30,2056-05-14,NOT_DUE,2025-02-01,2025-05-01,2025-05-01,3,0,CONFIRMED,2025-04-29,COMPLETED,,,,,,44.2,29.6,72.07,Stable,92.2,2.5,Yes,RESIGNATION,2026-09-06,Additive synthetic operational layer based on existing 720-employee data,2026-08-01,0,,,NONE,,PENDING,2026-09-13,HRACT-00279,NONE,,,NONE,,,NONE,,,,0,,Active,DEPARTMENT-005,Engineering,Technology and Innovation,ORGANIZATIONAL-UNIT-ENG-TEAM-01,LOC-HQ,POS-138,Software Engineer II,Mid,Permanent,EMP189,,,
EMP139,Iqra Saeed,DEPARTMENT-006,Operations,Enterprise Operations,ORGANIZATIONAL-UNIT-OPS-TEAM-02,LOC-CENTRAL,POS-139,Operations Officer,Junior,Contract,Active,EMP286,2023-10-01,1996-09-06,29,2056-09-06,NOT_DUE,2023-10-01,2024-01-01,2024-01-01,3,0,CONFIRMED,2024-01-12,COMPLETED,2025-10-01,2026-09-30,12,2,EXPIRING_90D,75.5,74.6,85.03,Stable,98.4,3.1,Yes,NONE,,Additive synthetic operational layer based on existing 720-employee data,2026-08-01,0,,,NONE,,NONE,,,NONE,,,NONE,,,NONE,,,,0,,Active,DEPARTMENT-006,Operations,Enterprise Operations,ORGANIZATIONAL-UNIT-OPS-TEAM-02,LOC-CENTRAL,POS-139,Operations Officer,Junior,Contract,EMP286,,,
EMP140,Noman Rehman,DEPARTMENT-002,Finance,Corporate Services,ORGANIZATIONAL-UNIT-FIN-TEAM-03,LOC-HQ,POS-140,Senior Financial Analyst,Senior,Permanent,Active,EMP229,2015-12-01,1989-02-15,37,2049-02-15,NOT_DUE,2015-12-01,2016-03-01,2016-03-01,3,0,CONFIRMED,2016-02-26,COMPLETED,,,,,,80.1,91.0,88.43,Stable,100.0,3.6,No,NONE,,Additive synthetic operational layer based on existing 720-employee data,2026-08-01,0,,,NONE,,NONE,,,NONE,,,NONE,,,NONE,,,,0,,Active,DEPARTMENT-002,Finance,Corporate Services,ORGANIZATIONAL-UNIT-FIN-TEAM-03,LOC-HQ,POS-140,Senior Financial Analyst,Senior,Permanent,EMP229,,,
EMP141,Asad Zafar,DEPARTMENT-006,Operations,Enterprise Operations,ORGANIZATIONAL-UNIT-OPS,LOC-CENTRAL,POS-141,Operations Manager,Lead/Manager,Permanent,Active,EMP277,2014-03-01,1979-06-03,47,2039-06-03,NOT_DUE,2014-03-01,2014-06-01,2014-06-01,3,0,CONFIRMED,2014-05-27,COMPLETED,,,,,,66.4,75.0,72.7,Stable,100.0,2.9,Yes,NONE,,Additive synthetic operational layer based on existing 720-employee data,2026-08-01,0,,,NONE,,NONE,,,NONE,,,NONE,,,NONE,,,,0,,Active,DEPARTMENT-006,Operations,Enterprise Operations,ORGANIZATIONAL-UNIT-OPS,LOC-CENTRAL,POS-141,Operations Manager,Lead/Manager,Permanent,EMP277,,,
EMP142,Fahad Farooq,DEPARTMENT-005,Engineering,Technology and Innovation,ORGANIZATIONAL-UNIT-ENG,LOC-HQ,POS-142,Engineering Lead,Lead/Manager,Permanent,Active,EMP268,2015-08-01,1980-02-05,46,2040-02-05,NOT_DUE,2015-08-01,2015-11-01,2015-11-01,3,0,CONFIRMED,2015-10-25,COMPLETED,,,,,,75.6,94.8,79.38,Stable,96.8,3.9,No,NONE,,Additive synthetic operational layer based on existing 720-employee data,2026-08-01,0,,,NONE,,NONE,,,NONE,,,NONE,,,NONE,,,,0,,Active,DEPARTMENT-005,Engineering,Technology and Innovation,ORGANIZATIONAL-UNIT-ENG,LOC-HQ,POS-142,Engineering Lead,Lead/Manager,Permanent,EMP268,,,
EMP143,Hamza Awan,DEPARTMENT-002,Finance,Corporate Services,ORGANIZATIONAL-UNIT-FIN-TEAM-03,LOC-HQ,POS-143,Financial Analyst,Mid,Permanent,Active,EMP232,2022-09-01,1995-04-18,31,2055-04-18,NOT_DUE,2022-09-01,2022-12-01,2022-12-01,3,0,CONFIRMED,2022-12-15,COMPLETED,,,,,,79.1,81.4,86.79,Stable,100.0,4.4,No,NONE,,Additive synthetic operational layer based on existing 720-employee data,2026-08-01,0,,,NONE,,NONE,,,NONE,,,NONE,,,NONE,,,,0,,Active,DEPARTMENT-002,Finance,Corporate Services,ORGANIZATIONAL-UNIT-FIN-TEAM-03,LOC-HQ,POS-143,Financial Analyst,Mid,Permanent,EMP232,,,
EMP144,Imran Ullah,DEPARTMENT-004,Customer Support,Commercial Services,ORGANIZATIONAL-UNIT-CS,LOC-CENTRAL,POS-144,Customer Support Manager,Lead/Manager,Permanent,Active,EMP259,2016-06-01,1977-02-03,49,2037-02-03,NOT_DUE,2016-06-01,2016-09-01,2016-09-01,3,0,CONFIRMED,2016-09-04,COMPLETED,,,,,,60.8,70.0,72.9,Stable,96.8,3.0,Yes,RESIGNATION,2026-09-18,Additive synthetic operational layer based on existing 720-employee data,2026-08-01,0,,,NONE,,PENDING,2026-09-25,HRACT-00283,NONE,,,NONE,,,NONE,,,,0,,Active,DEPARTMENT-004,Customer Support,Commercial Services,ORGANIZATIONAL-UNIT-CS,LOC-CENTRAL,POS-144,Customer Support Manager,Lead/Manager,Permanent,EMP259,,,
EMP145,Ahsan Anwar,DEPARTMENT-003,Sales,Commercial Services,ORGANIZATIONAL-UNIT-SAL-TEAM-02,LOC-NORTH,POS-145,Account Manager,Mid,Permanent,Active,EMP105,2021-12-01,1994-09-26,31,2054-09-26,NOT_DUE,2021-12-01,2022-03-01,2022-03-01,3,0,CONFIRMED,2022-03-15,COMPLETED,,,,,,67.7,69.6,79.71,Stable,100.0,4.2,No,NONE,,Additive synthetic operational layer based on existing 720-employee data,2026-08-01,0,,,NONE,,NONE,,,NONE,,,NONE,,,NONE,,,,0,,Active,DEPARTMENT-003,Sales,Commercial Services,ORGANIZATIONAL-UNIT-SAL-TEAM-02,LOC-NORTH,POS-145,Account Manager,Mid,Permanent,EMP105,,,
EMP146,Talha Khan,DEPARTMENT-002,Finance,Corporate Services,ORGANIZATIONAL-UNIT-FIN-TEAM-03,LOC-HQ,POS-146,Financial Analyst,Mid,Permanent,Active,EMP229,2022-06-01,1991-04-12,35,2051-04-12,NOT_DUE,2022-06-01,2022-09-01,2022-09-01,3,0,CONFIRMED,2022-08-31,COMPLETED,,,,,,79.6,90.0,87.11,Stable,98.4,5.0,No,NONE,,Additive synthetic operational layer based on existing 720-employee data,2026-08-01,0,,,NONE,,NONE,,,NONE,,,NONE,,,NONE,,,,0,,Active,DEPARTMENT-002,Finance,Corporate Services,ORGANIZATIONAL-UNIT-FIN-TEAM-03,LOC-HQ,POS-146,Financial Analyst,Mid,Permanent,EMP229,,,
EMP147,Hassan Javed,DEPARTMENT-004,Customer Support,Commercial Services,ORGANIZATIONAL-UNIT-CS,LOC-CENTRAL,POS-147,Customer Support Manager,Lead/Manager,Permanent,Active,EMP259,2021-04-01,1985-02-15,41,2045-02-15,NOT_DUE,2021-04-01,2021-07-01,2021-07-01,3,0,CONFIRMED,2021-07-07,COMPLETED,,,,,,49.7,40.6,71.67,Stable,98.4,2.4,Yes,NONE,,Additive synthetic operational layer based on existing 720-employee data,2026-08-01,0,,,NONE,,NONE,,,NONE,,,NONE,,,NONE,,,,0,,Active,DEPARTMENT-004,Customer Support,Commercial Services,ORGANIZATIONAL-UNIT-CS,LOC-CENTRAL,POS-147,Customer Support Manager,Lead/Manager,Permanent,EMP259,,,
EMP148,Sadia Malik,DEPARTMENT-003,Sales,Commercial Services,ORGANIZATIONAL-UNIT-SAL-TEAM-02,LOC-NORTH,POS-148,Sales Executive,Junior,Permanent,Probation,EMP253,2026-04-01,1998-11-14,27,2058-11-14,NOT_DUE,2026-04-01,2026-07-01,2026-09-01,3,1,ACTIVE,,EXTEND,,,,,,17.0,7.2,77.59,Stable,98.4,3.1,Yes,NONE,,Additive synthetic operational layer based on existing 720-employee data,2026-08-01,0,,,NONE,,NONE,,,NONE,,,NONE,,,NONE,,,,0,,Probation,DEPARTMENT-003,Sales,Commercial Services,ORGANIZATIONAL-UNIT-SAL-TEAM-02,LOC-NORTH,POS-148,Sales Executive,Junior,Permanent,EMP253,,,
EMP149,Muneeb Hameed,DEPARTMENT-006,Operations,Enterprise Operations,ORGANIZATIONAL-UNIT-OPS-TEAM-03,LOC-CENTRAL,POS-149,Operations Analyst,Mid,Permanent,Active,EMP067,2023-02-01,1989-01-02,37,2049-01-02,NOT_DUE,2023-02-01,2023-05-01,2023-05-01,3,0,CONFIRMED,2023-05-14,COMPLETED,,,,,,68.7,69.0,83.02,Stable,100.0,3.4,Yes,NONE,,Additive synthetic operational layer based on existing 720-employee data,2026-08-01,0,,,NONE,,NONE,,,NONE,,,NONE,,,NONE,,,,0,,Active,DEPARTMENT-006,Operations,Enterprise Operations,ORGANIZATIONAL-UNIT-OPS-TEAM-03,LOC-CENTRAL,POS-149,Operations Analyst,Mid,Permanent,EMP067,,,
EMP150,Sana Nawaz,DEPARTMENT-004,Customer Support,Commercial Services,ORGANIZATIONAL-UNIT-CS-TEAM-01,LOC-CENTRAL,POS-150,Customer Support Representative,Junior,Permanent,Active,EMP262,2025-03-01,2001-06-10,25,2061-06-10,NOT_DUE,2025-03-01,2025-06-01,2025-06-01,3,0,CONFIRMED,2025-06-08,COMPLETED,,,,,,61.9,59.2,74.25,Stable,96.8,2.7,No,NONE,,Additive synthetic operational layer based on existing 720-employee data,2026-08-01,0,,,NONE,,NONE,,,NONE,,,NONE,,,NONE,,,,0,,Active,DEPARTMENT-004,Customer Support,Commercial Services,ORGANIZATIONAL-UNIT-CS-TEAM-01,LOC-CENTRAL,POS-150,Customer Support Representative,Junior,Permanent,EMP262,,,
EMP151,Farhan Rehman,DEPARTMENT-005,Engineering,Technology and Innovation,ORGANIZATIONAL-UNIT-ENG-TEAM-02,LOC-HQ,POS-151,Software Engineer I,Junior,Permanent,Active,EMP031,2025-08-01,2001-08-10,24,2061-08-10,NOT_DUE,2025-08-01,2025-11-01,2025-11-01,3,0,CONFIRMED,2025-11-11,COMPLETED,,,,,,76.1,80.2,84.34,Stable,95.4,3.8,No,NONE,,Additive synthetic operational layer based on existing 720-employee data,2026-08-01,0,,,NONE,,NONE,,,NONE,,,NONE,,,NONE,,,,0,,Active,DEPARTMENT-005,Engineering,Technology and Innovation,ORGANIZATIONAL-UNIT-ENG-TEAM-02,LOC-HQ,POS-151,Software Engineer I,Junior,Permanent,EMP031,,,
EMP152,Mahnoor Tariq,DEPARTMENT-007,IT,Technology and Innovation,ORGANIZATIONAL-UNIT-IT-TEAM-03,LOC-HQ,POS-152,Senior Systems Engineer,Senior,Permanent,Active,EMP171,2017-04-01,1985-06-11,41,2045-06-11,NOT_DUE,2017-04-01,2017-07-01,2017-07-01,3,0,CONFIRMED,2017-07-03,COMPLETED,,,,,,79.7,88.0,86.18,Stable,100.0,2.6,Yes,NONE,,Additive synthetic operational layer based on existing 720-employee data,2026-08-01,0,,,NONE,,NONE,,,NONE,,,NONE,,,NONE,,,,0,,Active,DEPARTMENT-007,IT,Technology and Innovation,ORGANIZATIONAL-UNIT-IT-TEAM-03,LOC-HQ,POS-152,Senior Systems Engineer,Senior,Permanent,EMP171,,,
EMP153,Kashif Abbasi,DEPARTMENT-005,Engineering,Technology and Innovation,ORGANIZATIONAL-UNIT-ENG-TEAM-01,LOC-HQ,POS-153,Software Engineer II,Mid,Contract,Active,EMP195,2021-12-01,1994-12-31,31,2054-12-31,NOT_DUE,2021-12-01,2022-03-01,2022-03-01,3,0,CONFIRMED,2022-03-04,COMPLETED,2025-12-01,2026-11-30,12,4,ACTIVE,69.0,62.8,79.47,Stable,96.8,2.5,Yes,NONE,,Additive synthetic operational layer based on existing 720-employee data,2026-08-01,0,,,NONE,,NONE,,,NONE,,,NONE,,,NONE,,,,0,,Active,DEPARTMENT-005,Engineering,Technology and Innovation,ORGANIZATIONAL-UNIT-ENG-TEAM-01,LOC-HQ,POS-153,Software Engineer II,Mid,Contract,EMP195,,,
EMP154,Hina Abbasi,DEPARTMENT-005,Engineering,Technology and Innovation,ORGANIZATIONAL-UNIT-ENG-TEAM-02,LOC-HQ,POS-154,Software Engineer I,Junior,Permanent,Active,EMP100,2025-05-01,2000-04-13,26,2060-04-13,NOT_DUE,2025-05-01,2025-08-01,2025-08-01,3,0,CONFIRMED,2025-08-08,COMPLETED,,,,,,64.6,64.2,78.34,Stable,98.4,3.0,Yes,NONE,,Additive synthetic operational layer based on existing 720-employee data,2026-08-01,0,,,NONE,,NONE,,,NONE,,,NONE,,,NONE,,,,0,,Active,DEPARTMENT-005,Engineering,Technology and Innovation,ORGANIZATIONAL-UNIT-ENG-TEAM-02,LOC-HQ,POS-154,Software Engineer I,Junior,Permanent,EMP100,,,
EMP155,Noman Malik,DEPARTMENT-004,Customer Support,Commercial Services,ORGANIZATIONAL-UNIT-CS-TEAM-03,LOC-CENTRAL,POS-155,Senior Support Executive,Mid,Permanent,Active,EMP009,2023-05-01,1992-04-03,34,2052-04-03,NOT_DUE,2023-05-01,2023-08-01,2023-08-01,3,0,CONFIRMED,2023-08-08,COMPLETED,,,,,,80.5,79.6,88.76,Stable,100.0,2.7,Yes,NONE,,Additive synthetic operational layer based on existing 720-employee data,2026-08-01,0,,,NONE,,NONE,,,NONE,,,NONE,,,NONE,,,,0,,Active,DEPARTMENT-004,Customer Support,Commercial Services,ORGANIZATIONAL-UNIT-CS-TEAM-03,LOC-CENTRAL,POS-155,Senior Support Executive,Mid,Permanent,EMP009,,,
EMP156,Asad Malik,DEPARTMENT-005,Engineering,Technology and Innovation,ORGANIZATIONAL-UNIT-ENG-TEAM-01,LOC-HQ,POS-156,Software Engineer II,Mid,Permanent,Active,EMP080,2023-12-01,1994-05-05,32,2054-05-05,NOT_DUE,2023-12-01,2024-03-01,2024-03-01,3,0,CONFIRMED,2024-02-23,COMPLETED,,,,,,85.9,81.4,94.68,Stable,100.0,4.0,No,NONE,,Additive synthetic operational layer based on existing 720-employee data,2026-08-01,0,,,NONE,,NONE,,,NONE,,,NONE,,,NONE,,,,0,,Active,DEPARTMENT-005,Engineering,Technology and Innovation,ORGANIZATIONAL-UNIT-ENG-TEAM-01,LOC-HQ,POS-156,Software Engineer II,Mid,Permanent,EMP080,,,
EMP157,Saba Qureshi,DEPARTMENT-006,Operations,Enterprise Operations,ORGANIZATIONAL-UNIT-OPS-TEAM-02,LOC-CENTRAL,POS-157,Operations Officer,Junior,Permanent,Active,EMP280,2025-09-01,1997-06-11,29,2057-06-11,NOT_DUE,2025-09-01,2025-12-01,2025-12-01,3,0,CONFIRMED,2025-12-15,COMPLETED,,,,,,78.2,86.4,85.99,Stable,100.0,4.5,No,NONE,,Additive synthetic operational layer based on existing 720-employee data,2026-08-01,0,,,NONE,,NONE,,,NONE,,,NONE,,,NONE,,,,0,,Active,DEPARTMENT-006,Operations,Enterprise Operations,ORGANIZATIONAL-UNIT-OPS-TEAM-02,LOC-CENTRAL,POS-157,Operations Officer,Junior,Permanent,EMP280,,,
EMP158,Imran Zafar,DEPARTMENT-006,Operations,Enterprise Operations,ORGANIZATIONAL-UNIT-OPS-TEAM-03,LOC-CENTRAL,POS-158,Operations Officer,Junior,Permanent,Active,EMP281,2023-08-01,1997-01-03,29,2057-01-03,NOT_DUE,2023-08-01,2023-11-01,2023-11-01,3,0,CONFIRMED,2023-11-05,COMPLETED,,,,,,73.4,73.4,85.05,Stable,100.0,3.7,Yes,NONE,,Additive synthetic operational layer based on existing 720-employee data,2026-08-01,0,,,NONE,,NONE,,,NONE,,,NONE,,,NONE,,,,0,,Active,DEPARTMENT-006,Operations,Enterprise Operations,ORGANIZATIONAL-UNIT-OPS-TEAM-03,LOC-CENTRAL,POS-158,Operations Officer,Junior,Permanent,EMP281,,,
EMP159,Raza Ahmad,DEPARTMENT-005,Engineering,Technology and Innovation,ORGANIZATIONAL-UNIT-ENG-TEAM-01,LOC-HQ,POS-159,Senior Software Engineer,Senior,Permanent,Active,EMP189,2020-03-01,1989-01-29,37,2049-01-29,NOT_DUE,2020-03-01,2020-06-01,2020-06-01,3,0,CONFIRMED,2020-06-08,COMPLETED,,,,,,67.2,75.0,76.8,Stable,96.8,2.3,Yes,NONE,,Additive synthetic operational layer based on existing 720-employee data,2026-08-01,0,,,NONE,,NONE,,,NONE,,,NONE,,,NONE,,,,0,,Active,DEPARTMENT-005,Engineering,Technology and Innovation,ORGANIZATIONAL-UNIT-ENG-TEAM-01,LOC-HQ,POS-159,Senior Software Engineer,Senior,Permanent,EMP189,,,
EMP160,Rabia Ullah,DEPARTMENT-002,Finance,Corporate Services,ORGANIZATIONAL-UNIT-FIN-TEAM-02,LOC-HQ,POS-160,Senior Financial Analyst,Senior,Permanent,Active,EMP231,2019-07-01,1987-01-30,39,2047-01-30,NOT_DUE,2019-07-01,2019-10-01,2019-10-01,3,0,CONFIRMED,2019-10-02,COMPLETED,,,,,,77.4,86.2,86.77,Stable,98.5,4.2,No,NONE,,Additive synthetic operational layer based on existing 720-employee data,2026-08-01,0,,,NONE,,NONE,,,NONE,,,NONE,,,NONE,,,,0,,Active,DEPARTMENT-002,Finance,Corporate Services,ORGANIZATIONAL-UNIT-FIN-TEAM-02,LOC-HQ,POS-160,Senior Financial Analyst,Senior,Permanent,EMP231,,,
EMP161,Iqra Yousaf,DEPARTMENT-002,Finance,Corporate Services,ORGANIZATIONAL-UNIT-FIN-TEAM-03,LOC-HQ,POS-161,Financial Analyst,Mid,Permanent,Active,EMP232,2020-10-01,1992-10-17,33,2052-10-17,NOT_DUE,2020-10-01,2021-01-01,2021-01-01,3,0,CONFIRMED,2021-01-08,COMPLETED,,,,,,84.3,87.6,91.93,Stable,98.4,4.7,No,NONE,,Additive synthetic operational layer based on existing 720-employee data,2026-08-01,0,,,NONE,,NONE,,,NONE,,,NONE,,,NONE,,,,0,,Active,DEPARTMENT-002,Finance,Corporate Services,ORGANIZATIONAL-UNIT-FIN-TEAM-03,LOC-HQ,POS-161,Financial Analyst,Mid,Permanent,EMP232,,,
EMP162,Bilal Shah,DEPARTMENT-004,Customer Support,Commercial Services,ORGANIZATIONAL-UNIT-CS-TEAM-01,LOC-CENTRAL,POS-162,Customer Support Representative,Junior,Permanent,Probation,EMP261,2026-02-01,1999-02-11,27,2059-02-11,NOT_DUE,2026-02-01,2026-05-01,2026-07-01,3,1,OVERDUE,,EXTEND,,,,,,22.9,4.6,85.87,Stable,98.4,2.8,Yes,NONE,,Additive synthetic operational layer based on existing 720-employee data,2026-08-01,0,,,NONE,,NONE,,,NONE,,,NONE,,,NONE,,,,0,,Probation,DEPARTMENT-004,Customer Support,Commercial Services,ORGANIZATIONAL-UNIT-CS-TEAM-01,LOC-CENTRAL,POS-162,Customer Support Representative,Junior,Permanent,EMP261,,,
EMP163,Sidra Sheikh,DEPARTMENT-005,Engineering,Technology and Innovation,ORGANIZATIONAL-UNIT-ENG-TEAM-02,LOC-HQ,POS-163,Software Engineer II,Mid,Permanent,Active,EMP080,2025-09-01,1997-03-03,29,2057-03-03,NOT_DUE,2025-09-01,2025-12-01,2025-12-01,3,0,CONFIRMED,2025-12-05,COMPLETED,,,,,,62.9,65.4,76.56,Stable,96.9,2.9,Yes,NONE,,Additive synthetic operational layer based on existing 720-employee data,2026-08-01,0,,,NONE,,NONE,,,NONE,,,NONE,,,NONE,,,,0,,Active,DEPARTMENT-005,Engineering,Technology and Innovation,ORGANIZATIONAL-UNIT-ENG-TEAM-02,LOC-HQ,POS-163,Software Engineer II,Mid,Permanent,EMP080,,,
EMP164,Zoya Saleem,DEPARTMENT-003,Sales,Commercial Services,ORGANIZATIONAL-UNIT-SAL-TEAM-03,LOC-NORTH,POS-164,Sales Executive,Junior,Permanent,Active,EMP166,2024-01-01,1997-12-09,28,2057-12-09,NOT_DUE,2024-01-01,2024-04-01,2024-04-01,3,0,CONFIRMED,2024-03-30,COMPLETED,,,,,,62.6,59.2,75.49,Stable,98.4,2.7,Yes,RESIGNATION,2026-09-14,Additive synthetic operational layer based on existing 720-employee data,2026-08-01,0,,,NONE,,PENDING,2026-09-21,HRACT-00281,NONE,,,NONE,,,NONE,,,,0,,Active,DEPARTMENT-003,Sales,Commercial Services,ORGANIZATIONAL-UNIT-SAL-TEAM-03,LOC-NORTH,POS-164,Sales Executive,Junior,Permanent,EMP166,,,
EMP165,Waqas Butt,DEPARTMENT-003,Sales,Commercial Services,ORGANIZATIONAL-UNIT-SAL-TEAM-01,LOC-NORTH,POS-165,Sales Executive,Junior,Contract,Active,EMP028,2025-08-01,1999-11-12,26,2059-11-12,NOT_DUE,2025-08-01,2025-11-01,2025-11-01,3,0,CONFIRMED,2025-11-02,COMPLETED,2026-08-01,2027-07-31,12,1,ACTIVE,60.4,65.4,72.7,Stable,98.4,3.0,Yes,NONE,,Additive synthetic operational layer based on existing 720-employee data,2026-08-01,0,,,NONE,,NONE,,,NONE,,,NONE,,,NONE,,,,0,,Active,DEPARTMENT-003,Sales,Commercial Services,ORGANIZATIONAL-UNIT-SAL-TEAM-01,LOC-NORTH,POS-165,Sales Executive,Junior,Contract,EMP028,,,
EMP166,Arslan Siddiqui,DEPARTMENT-003,Sales,Commercial Services,ORGANIZATIONAL-UNIT-SAL,LOC-NORTH,POS-166,Sales Manager,Lead/Manager,Contract,Active,EMP252,2021-04-01,1987-09-03,38,2047-09-03,NOT_DUE,2021-04-01,2021-07-01,2021-07-01,3,0,CONFIRMED,2021-07-09,COMPLETED,2026-04-01,2027-03-31,12,5,ACTIVE,64.8,73.8,70.41,Stable,98.5,2.5,Yes,NONE,,Additive synthetic operational layer based on existing 720-employee data,2026-08-01,0,,,NONE,,NONE,,,NONE,,,NONE,,,NONE,,,,0,,Active,DEPARTMENT-003,Sales,Commercial Services,ORGANIZATIONAL-UNIT-SAL,LOC-NORTH,POS-166,Sales Manager,Lead/Manager,Contract,EMP252,,,
EMP167,Bilal Raza,DEPARTMENT-003,Sales,Commercial Services,ORGANIZATIONAL-UNIT-SAL-TEAM-03,LOC-NORTH,POS-167,Account Manager,Mid,Permanent,Active,EMP166,2022-08-01,1991-07-09,35,2051-07-09,NOT_DUE,2022-08-01,2022-11-01,2022-11-01,3,0,CONFIRMED,2022-10-25,COMPLETED,,,,,,78.2,92.4,82.99,Stable,96.8,4.4,No,NONE,,Additive synthetic operational layer based on existing 720-employee data,2026-08-01,0,,,NONE,,NONE,,,NONE,,,NONE,,,SCHEDULED,DEPARTMENT-013,POS-754,2026-12-31,0,,Active,DEPARTMENT-003,Sales,Commercial Services,ORGANIZATIONAL-UNIT-SAL-TEAM-03,LOC-NORTH,POS-167,Account Manager,Mid,Permanent,EMP166,,,
EMP168,Akbar Saleem,DEPARTMENT-004,Customer Support,Commercial Services,ORGANIZATIONAL-UNIT-CS-TEAM-01,LOC-CENTRAL,POS-168,Support Team Lead,Senior,Permanent,Active,EMP144,2023-05-01,1996-07-31,30,2056-07-31,NOT_DUE,2023-05-01,2023-08-01,2023-08-01,3,0,CONFIRMED,2023-08-08,COMPLETED,,,,,,46.8,30.8,71.88,Stable,96.9,2.5,Yes,NONE,,Additive synthetic operational layer based on existing 720-employee data,2026-08-01,0,,,NONE,,NONE,,,NONE,,,NONE,,,NONE,,,,0,,Active,DEPARTMENT-004,Customer Support,Commercial Services,ORGANIZATIONAL-UNIT-CS-TEAM-01,LOC-CENTRAL,POS-168,Support Team Lead,Senior,Permanent,EMP144,,,
EMP169,Iqra Qureshi,DEPARTMENT-007,IT,Technology and Innovation,ORGANIZATIONAL-UNIT-IT,LOC-HQ,POS-169,IT Operations Manager,Lead/Manager,Permanent,Active,EMP292,2014-05-01,1975-11-16,50,2035-11-16,NOT_DUE,2014-05-01,2014-08-01,2014-08-01,3,0,CONFIRMED,2014-08-01,COMPLETED,,,,,,77.3,96.0,84.01,Stable,98.4,4.7,No,NONE,,Additive synthetic operational layer based on existing 720-employee data,2026-08-01,0,,,NONE,,NONE,,,NONE,,,NONE,,,NONE,,,,0,,Active,DEPARTMENT-007,IT,Technology and Innovation,ORGANIZATIONAL-UNIT-IT,LOC-HQ,POS-169,IT Operations Manager,Lead/Manager,Permanent,EMP292,,,
EMP170,Hina Ahmad,DEPARTMENT-004,Customer Support,Commercial Services,ORGANIZATIONAL-UNIT-CS-TEAM-03,LOC-CENTRAL,POS-170,Senior Support Executive,Mid,Permanent,Active,EMP009,2023-08-01,1994-11-01,31,2054-11-01,NOT_DUE,2023-08-01,2023-11-01,2023-11-01,3,0,CONFIRMED,2023-10-29,COMPLETED,,,,,,69.2,69.0,80.16,Stable,100.0,3.3,No,NONE,,Additive synthetic operational layer based on existing 720-employee data,2026-08-01,0,,,NONE,,NONE,,,NONE,,,NONE,,,NONE,,,,0,,Active,DEPARTMENT-004,Customer Support,Commercial Services,ORGANIZATIONAL-UNIT-CS-TEAM-03,LOC-CENTRAL,POS-170,Senior Support Executive,Mid,Permanent,EMP009,,,
EMP171,Usman Ullah,DEPARTMENT-007,IT,Technology and Innovation,ORGANIZATIONAL-UNIT-IT,LOC-HQ,POS-171,IT Operations Manager,Lead/Manager,Permanent,Active,EMP292,2016-06-01,1980-02-25,46,2040-02-25,NOT_DUE,2016-06-01,2016-09-01,2016-09-01,3,0,CONFIRMED,2016-08-25,COMPLETED,,,,,,65.2,83.0,77.1,Stable,98.4,4.0,No,NONE,,Additive synthetic operational layer based on existing 720-employee data,2026-08-01,0,,,NONE,,NONE,,,NONE,,,NONE,,,NONE,,,,0,,Active,DEPARTMENT-007,IT,Technology and Innovation,ORGANIZATIONAL-UNIT-IT,LOC-HQ,POS-171,IT Operations Manager,Lead/Manager,Permanent,EMP292,,,
EMP172,Zoya Hassan,DEPARTMENT-006,Operations,Enterprise Operations,ORGANIZATIONAL-UNIT-OPS-TEAM-02,LOC-CENTRAL,POS-172,Operations Analyst,Mid,Permanent,Active,EMP026,2021-05-01,1995-02-28,31,2055-02-28,NOT_DUE,2021-05-01,2021-08-01,2021-08-01,3,0,CONFIRMED,2021-08-06,COMPLETED,,,,,,68.3,62.8,80.88,Stable,98.4,3.4,Yes,NONE,,Additive synthetic operational layer based on existing 720-employee data,2026-08-01,0,,,NONE,,NONE,,,NONE,,,NONE,,,NONE,,,,0,,Active,DEPARTMENT-006,Operations,Enterprise Operations,ORGANIZATIONAL-UNIT-OPS-TEAM-02,LOC-CENTRAL,POS-172,Operations Analyst,Mid,Permanent,EMP026,,,
EMP173,Sidra Abbasi,DEPARTMENT-002,Finance,Corporate Services,ORGANIZATIONAL-UNIT-FIN-TEAM-03,LOC-HQ,POS-173,Senior Financial Analyst,Senior,Permanent,Active,EMP232,2022-12-01,1993-10-01,32,2053-10-01,NOT_DUE,2022-12-01,2023-03-01,2023-03-01,3,0,CONFIRMED,2023-03-15,COMPLETED,,,,,,65.8,69.0,74.63,Stable,100.0,3.0,Yes,NONE,,Additive synthetic operational layer based on existing 720-employee data,2026-08-01,0,,,NONE,,NONE,,,NONE,,,NONE,,,NONE,,,,0,,Active,DEPARTMENT-002,Finance,Corporate Services,ORGANIZATIONAL-UNIT-FIN-TEAM-03,LOC-HQ,POS-173,Senior Financial Analyst,Senior,Permanent,EMP232,,,
EMP174,Hassan Aslam,DEPARTMENT-003,Sales,Commercial Services,ORGANIZATIONAL-UNIT-SAL-TEAM-01,LOC-NORTH,POS-174,Account Manager,Mid,Permanent,Active,EMP011,2022-12-01,1994-10-18,31,2054-10-18,NOT_DUE,2022-12-01,2023-03-01,2023-03-01,3,0,CONFIRMED,2023-03-09,COMPLETED,,,,,,65.2,75.8,73.99,Stable,98.4,3.9,No,NONE,,Additive synthetic operational layer based on existing 720-employee data,2026-08-01,0,,,NONE,,NONE,,,NONE,,,NONE,,,NONE,,,,0,,Active,DEPARTMENT-003,Sales,Commercial Services,ORGANIZATIONAL-UNIT-SAL-TEAM-01,LOC-NORTH,POS-174,Account Manager,Mid,Permanent,EMP011,,,
EMP175,Hassan Arif,DEPARTMENT-006,Operations,Enterprise Operations,ORGANIZATIONAL-UNIT-OPS-TEAM-02,LOC-CENTRAL,POS-175,Operations Analyst,Mid,Permanent,Probation,EMP278,2026-02-01,1997-04-21,29,2057-04-21,NOT_DUE,2026-02-01,2026-05-01,2026-06-01,3,1,OVERDUE,,CONFIRM,,,,,,20.0,20.0,79.82,Stable,100.0,3.7,No,NONE,,Additive synthetic operational layer based on existing 720-employee data,2026-08-01,0,,,NONE,,NONE,,,NONE,,,NONE,,,NONE,,,,0,,Probation,DEPARTMENT-006,Operations,Enterprise Operations,ORGANIZATIONAL-UNIT-OPS-TEAM-02,LOC-CENTRAL,POS-175,Operations Analyst,Mid,Permanent,EMP278,,,
EMP176,Ahsan Aziz,DEPARTMENT-003,Sales,Commercial Services,ORGANIZATIONAL-UNIT-SAL-TEAM-03,LOC-NORTH,POS-176,Senior Account Manager,Senior,Permanent,Active,EMP166,2017-05-01,1987-08-12,38,2047-08-12,NOT_DUE,2017-05-01,2017-08-01,2017-08-01,3,0,CONFIRMED,2017-07-28,COMPLETED,,,,,,76.7,94.8,83.29,Stable,100.0,4.6,No,NONE,,Additive synthetic operational layer based on existing 720-employee data,2026-08-01,0,,,NONE,,NONE,,,NONE,,,NONE,,,ACTIVE,DEPARTMENT-013,POS-755,2026-11-06,0,,Active,DEPARTMENT-003,Sales,Commercial Services,ORGANIZATIONAL-UNIT-SAL-TEAM-03,LOC-NORTH,POS-176,Senior Account Manager,Senior,Permanent,EMP166,,,
EMP177,Danish Anwar,DEPARTMENT-001,HR,Corporate Services,ORGANIZATIONAL-UNIT-HR-TEAM-01,LOC-HQ,POS-177,HR Generalist,Mid,Permanent,Active,EMP197,2023-07-01,1994-11-17,31,2054-11-17,NOT_DUE,2023-07-01,2023-10-01,2023-10-01,3,0,CONFIRMED,2023-10-08,COMPLETED,,,,,,66.5,66.6,77.79,Stable,98.5,2.2,No,NONE,,Additive synthetic operational layer based on existing 720-employee data,2026-08-01,0,,,NONE,,NONE,,,NONE,,,NONE,,,NONE,,,,0,,Active,DEPARTMENT-001,HR,Corporate Services,ORGANIZATIONAL-UNIT-HR-TEAM-01,LOC-HQ,POS-177,HR Generalist,Mid,Permanent,EMP197,,,
EMP178,Fatima Rehman,DEPARTMENT-003,Sales,Commercial Services,ORGANIZATIONAL-UNIT-SAL-TEAM-02,LOC-NORTH,POS-178,Sales Executive,Junior,Permanent,Probation,EMP093,2026-03-01,1996-11-21,29,2056-11-21,NOT_DUE,2026-03-01,2026-06-01,2026-07-01,3,1,OVERDUE,,CONFIRM,,,,,,20.8,15.2,80.07,Stable,96.8,4.1,No,NONE,,Additive synthetic operational layer based on existing 720-employee data,2026-08-01,0,,,NONE,,NONE,,,NONE,,,NONE,,,NONE,,,,0,,Probation,DEPARTMENT-003,Sales,Commercial Services,ORGANIZATIONAL-UNIT-SAL-TEAM-02,LOC-NORTH,POS-178,Sales Executive,Junior,Permanent,EMP093,,,
EMP179,Muneeb Javed,DEPARTMENT-006,Operations,Enterprise Operations,ORGANIZATIONAL-UNIT-OPS-TEAM-03,LOC-CENTRAL,POS-179,Operations Officer,Junior,Permanent,Active,EMP278,2025-03-01,1998-04-07,28,2058-04-07,NOT_DUE,2025-03-01,2025-06-01,2025-06-01,3,0,CONFIRMED,2025-06-15,COMPLETED,,,,,,67.7,67.2,80.9,Stable,98.4,3.7,No,NONE,,Additive synthetic operational layer based on existing 720-employee data,2026-08-01,0,,,NONE,,NONE,,,NONE,,,NONE,,,NONE,,,,0,,Active,DEPARTMENT-006,Operations,Enterprise Operations,ORGANIZATIONAL-UNIT-OPS-TEAM-03,LOC-CENTRAL,POS-179,Operations Officer,Junior,Permanent,EMP278,,,
EMP180,Arham Hussain,DEPARTMENT-004,Customer Support,Commercial Services,ORGANIZATIONAL-UNIT-CS-TEAM-01,LOC-CENTRAL,POS-180,Customer Support Representative,Junior,Permanent,Active,EMP144,2025-08-01,1998-04-16,28,2058-04-16,NOT_DUE,2025-08-01,2025-11-01,2025-11-01,3,0,CONFIRMED,2025-11-15,COMPLETED,,,,,,63.4,65.4,77.03,Stable,100.0,3.0,Yes,NONE,,Additive synthetic operational layer based on existing 720-employee data,2026-08-01,0,,,NONE,,NONE,,,NONE,,,NONE,,,NONE,,,,0,,Active,DEPARTMENT-004,Customer Support,Commercial Services,ORGANIZATIONAL-UNIT-CS-TEAM-01,LOC-CENTRAL,POS-180,Customer Support Representative,Junior,Permanent,EMP144,,,
EMP181,Saad Yousaf,DEPARTMENT-006,Operations,Enterprise Operations,ORGANIZATIONAL-UNIT-OPS-TEAM-02,LOC-CENTRAL,POS-181,Operations Officer,Junior,Permanent,Active,EMP280,2025-03-01,1995-12-28,30,2055-12-28,NOT_DUE,2025-03-01,2025-06-01,2025-06-01,3,0,CONFIRMED,2025-06-07,COMPLETED,,,,,,71.8,72.2,83.97,Stable,100.0,4.6,No,NONE,,Additive synthetic operational layer based on existing 720-employee data,2026-08-01,0,,,NONE,,NONE,,,NONE,,,NONE,,,NONE,,,,0,,Active,DEPARTMENT-006,Operations,Enterprise Operations,ORGANIZATIONAL-UNIT-OPS-TEAM-02,LOC-CENTRAL,POS-181,Operations Officer,Junior,Permanent,EMP280,,,
EMP182,Waqas Ahmad,DEPARTMENT-003,Sales,Commercial Services,ORGANIZATIONAL-UNIT-SAL-TEAM-03,LOC-NORTH,POS-182,Account Manager,Mid,Permanent,Active,EMP166,2024-09-01,1992-01-27,34,2052-01-27,NOT_DUE,2024-09-01,2024-12-01,2024-12-01,3,0,CONFIRMED,2024-12-15,COMPLETED,,,,,,81.0,91.2,88.64,Stable,98.4,4.5,No,NONE,,Additive synthetic operational layer based on existing 720-employee data,2026-08-01,0,,,NONE,,NONE,,,NONE,,,NONE,,,SCHEDULED,DEPARTMENT-014,POS-765,2027-01-24,0,,Active,DEPARTMENT-003,Sales,Commercial Services,ORGANIZATIONAL-UNIT-SAL-TEAM-03,LOC-NORTH,POS-182,Account Manager,Mid,Permanent,EMP166,,,
EMP183,Zain Saleem,DEPARTMENT-007,IT,Technology and Innovation,ORGANIZATIONAL-UNIT-IT-TEAM-01,LOC-HQ,POS-183,IT Support Engineer,Junior,Contract,Active,EMP094,2023-08-01,1996-07-08,30,2056-07-08,NOT_DUE,2023-08-01,2023-11-01,2023-11-01,3,0,CONFIRMED,2023-10-30,COMPLETED,2026-08-01,2027-07-31,12,3,ACTIVE,71.9,66.6,83.66,Stable,98.5,3.4,Yes,NONE,,Additive synthetic operational layer based on existing 720-employee data,2026-08-01,0,,,NONE,,NONE,,,NONE,,,NONE,,,NONE,,,,0,,Active,DEPARTMENT-007,IT,Technology and Innovation,ORGANIZATIONAL-UNIT-IT-TEAM-01,LOC-HQ,POS-183,IT Support Engineer,Junior,Contract,EMP094,,,
EMP184,Iqra Hassan,DEPARTMENT-006,Operations,Enterprise Operations,ORGANIZATIONAL-UNIT-OPS-TEAM-02,LOC-CENTRAL,POS-184,Operations Officer,Junior,Contract,Active,EMP283,2025-08-01,2003-04-19,23,2063-04-19,NOT_DUE,2025-08-01,2025-11-01,2025-11-01,3,0,CONFIRMED,2025-11-14,COMPLETED,2026-08-01,2027-07-31,12,1,ACTIVE,43.1,27.2,70.32,Stable,98.4,3.2,No,NONE,,Additive synthetic operational layer based on existing 720-employee data,2026-08-01,0,,,NONE,,NONE,,,NONE,,,NONE,,,NONE,,,,0,,Active,DEPARTMENT-006,Operations,Enterprise Operations,ORGANIZATIONAL-UNIT-OPS-TEAM-02,LOC-CENTRAL,POS-184,Operations Officer,Junior,Contract,EMP283,,,
EMP185,Salman Hameed,DEPARTMENT-002,Finance,Corporate Services,ORGANIZATIONAL-UNIT-FIN-TEAM-03,LOC-HQ,POS-185,Senior Financial Analyst,Senior,Permanent,Active,EMP232,2019-04-01,1989-05-31,37,2049-05-31,NOT_DUE,2019-04-01,2019-07-01,2019-07-01,3,0,CONFIRMED,2019-06-27,COMPLETED,,,,,,65.8,67.6,74.44,Stable,100.0,2.9,Yes,NONE,,Additive synthetic operational layer based on existing 720-employee data,2026-08-01,0,,,NONE,,NONE,,,NONE,,,NONE,,,NONE,,,,0,,Active,DEPARTMENT-002,Finance,Corporate Services,ORGANIZATIONAL-UNIT-FIN-TEAM-03,LOC-HQ,POS-185,Senior Financial Analyst,Senior,Permanent,EMP232,,,
EMP186,Zara Masood,DEPARTMENT-007,IT,Technology and Innovation,ORGANIZATIONAL-UNIT-IT-TEAM-01,LOC-HQ,POS-186,Systems Administrator,Mid,Permanent,Active,EMP095,2024-12-01,1995-11-29,30,2055-11-29,NOT_DUE,2024-12-01,2025-03-01,2025-03-01,3,0,CONFIRMED,2025-03-10,COMPLETED,,,,,,70.3,77.0,82.82,Stable,96.8,4.4,No,NONE,,Additive synthetic operational layer based on existing 720-employee data,2026-08-01,0,,,NONE,,NONE,,,NONE,,,NONE,,,NONE,,,,0,,Active,DEPARTMENT-007,IT,Technology and Innovation,ORGANIZATIONAL-UNIT-IT-TEAM-01,LOC-HQ,POS-186,Systems Administrator,Mid,Permanent,EMP095,,,
EMP187,Nida Mahmood,DEPARTMENT-006,Operations,Enterprise Operations,ORGANIZATIONAL-UNIT-OPS-TEAM-02,LOC-CENTRAL,POS-187,Operations Officer,Junior,Permanent,Active,EMP286,2024-02-01,1998-12-13,27,2058-12-13,NOT_DUE,2024-02-01,2024-05-01,2024-05-01,3,0,CONFIRMED,2024-04-26,COMPLETED,,,,,,65.8,64.2,80.05,Stable,96.7,3.0,No,NONE,,Additive synthetic operational layer based on existing 720-employee data,2026-08-01,0,,,NONE,,NONE,,,NONE,,,NONE,,,NONE,,,,0,,Active,DEPARTMENT-006,Operations,Enterprise Operations,ORGANIZATIONAL-UNIT-OPS-TEAM-02,LOC-CENTRAL,POS-187,Operations Officer,Junior,Permanent,EMP286,,,
EMP188,Areeba Ahmad,DEPARTMENT-007,IT,Technology and Innovation,ORGANIZATIONAL-UNIT-IT-TEAM-03,LOC-HQ,POS-188,Senior Systems Engineer,Senior,Permanent,Active,EMP171,2017-04-01,1988-10-15,37,2048-10-15,NOT_DUE,2017-04-01,2017-07-01,2017-07-01,3,0,CONFIRMED,2017-06-27,COMPLETED,,,,,,45.0,35.8,72.04,Stable,98.4,3.4,No,NONE,,Additive synthetic operational layer based on existing 720-employee data,2026-08-01,0,,,NONE,,NONE,,,NONE,,,NONE,,,NONE,,,,0,,Active,DEPARTMENT-007,IT,Technology and Innovation,ORGANIZATIONAL-UNIT-IT-TEAM-03,LOC-HQ,POS-188,Senior Systems Engineer,Senior,Permanent,EMP171,,,
EMP189,Omer Masood,DEPARTMENT-005,Engineering,Technology and Innovation,ORGANIZATIONAL-UNIT-ENG,LOC-HQ,POS-189,Engineering Lead,Lead/Manager,Permanent,Active,EMP268,2022-03-01,1982-03-11,44,2042-03-11,NOT_DUE,2022-03-01,2022-06-01,2022-06-01,3,0,CONFIRMED,2022-06-13,COMPLETED,,,,,,64.8,69.0,75.87,Stable,96.8,3.2,Yes,NONE,,Additive synthetic operational layer based on existing 720-employee data,2026-08-01,0,,,NONE,,NONE,,,NONE,,,NONE,,,NONE,,,,0,,Active,DEPARTMENT-005,Engineering,Technology and Innovation,ORGANIZATIONAL-UNIT-ENG,LOC-HQ,POS-189,Engineering Lead,Lead/Manager,Permanent,EMP268,,,
EMP190,Noor Saeed,DEPARTMENT-001,HR,Corporate Services,ORGANIZATIONAL-UNIT-HR-TEAM-02,LOC-HQ,POS-190,HR Officer,Junior,Permanent,Active,EMP001,2025-02-01,1999-01-20,27,2059-01-20,NOT_DUE,2025-02-01,2025-05-01,2025-05-01,3,0,CONFIRMED,2025-04-27,COMPLETED,,,,,,64.4,67.2,75.93,Stable,95.1,3.5,Yes,NONE,,Additive synthetic operational layer based on existing 720-employee data,2026-08-01,0,,,NONE,,NONE,,,NONE,,,NONE,,,NONE,,,,0,,Active,DEPARTMENT-001,HR,Corporate Services,ORGANIZATIONAL-UNIT-HR-TEAM-02,LOC-HQ,POS-190,HR Officer,Junior,Permanent,EMP001,,,
EMP191,Danish Yousaf,DEPARTMENT-006,Operations,Enterprise Operations,ORGANIZATIONAL-UNIT-OPS-TEAM-03,LOC-CENTRAL,POS-191,Operations Analyst,Mid,Contract,Active,EMP278,2021-12-01,1988-11-02,37,2048-11-02,NOT_DUE,2021-12-01,2022-03-01,2022-03-01,3,0,CONFIRMED,2022-02-27,COMPLETED,2025-12-01,2026-11-30,12,4,ACTIVE,81.5,84.4,88.3,Stable,98.4,2.8,Yes,NONE,,Additive synthetic operational layer based on existing 720-employee data,2026-08-01,0,,,NONE,,NONE,,,NONE,,,NONE,,,NONE,,,,0,,Active,DEPARTMENT-006,Operations,Enterprise Operations,ORGANIZATIONAL-UNIT-OPS-TEAM-03,LOC-CENTRAL,POS-191,Operations Analyst,Mid,Contract,EMP278,,,
EMP192,Kashif Hussain,DEPARTMENT-003,Sales,Commercial Services,ORGANIZATIONAL-UNIT-SAL-TEAM-01,LOC-NORTH,POS-192,Sales Executive,Junior,Permanent,Active,EMP253,2024-01-01,1995-04-15,31,2055-04-15,NOT_DUE,2024-01-01,2024-04-01,2024-04-01,3,0,CONFIRMED,2024-04-15,COMPLETED,,,,,,75.9,86.4,82.16,Stable,100.0,4.2,No,NONE,,Additive synthetic operational layer based on existing 720-employee data,2026-08-01,0,,,NONE,,NONE,,,NONE,,,NONE,,,NONE,,,,0,,Active,DEPARTMENT-003,Sales,Commercial Services,ORGANIZATIONAL-UNIT-SAL-TEAM-01,LOC-NORTH,POS-192,Sales Executive,Junior,Permanent,EMP253,,,
EMP193,Zain Qureshi,DEPARTMENT-006,Operations,Enterprise Operations,ORGANIZATIONAL-UNIT-OPS-TEAM-02,LOC-CENTRAL,POS-193,Operations Officer,Junior,Permanent,Active,EMP280,2025-12-01,2000-10-26,25,2060-10-26,NOT_DUE,2025-12-01,2026-03-01,2026-03-01,3,0,CONFIRMED,2026-03-06,COMPLETED,,,,,,79.6,80.2,89.54,Stable,95.1,4.1,No,NONE,,Additive synthetic operational layer based on existing 720-employee data,2026-08-01,0,,,NONE,,NONE,,,SCHEDULED,POS-729,2026-12-11,NONE,,,NONE,,,,0,,Active,DEPARTMENT-006,Operations,Enterprise Operations,ORGANIZATIONAL-UNIT-OPS-TEAM-02,LOC-CENTRAL,POS-193,Operations Officer,Junior,Permanent,EMP280,,,
EMP194,Shahid Ahmad,DEPARTMENT-004,Customer Support,Commercial Services,ORGANIZATIONAL-UNIT-CS-TEAM-03,LOC-CENTRAL,POS-194,Senior Support Executive,Mid,Permanent,Active,EMP147,2025-12-01,1994-03-09,32,2054-03-09,NOT_DUE,2025-12-01,2026-03-01,2026-03-01,3,0,CONFIRMED,2026-03-06,COMPLETED,,,,,,44.1,33.4,72.92,Stable,100.0,2.3,Yes,RESIGNATION,2026-09-06,Additive synthetic operational layer based on existing 720-employee data,2026-08-01,0,,,NONE,,PENDING,2026-09-13,HRACT-00280,NONE,,,NONE,,,NONE,,,,0,,Active,DEPARTMENT-004,Customer Support,Commercial Services,ORGANIZATIONAL-UNIT-CS-TEAM-03,LOC-CENTRAL,POS-194,Senior Support Executive,Mid,Permanent,EMP147,,,
EMP195,Mohsin Khan,DEPARTMENT-005,Engineering,Technology and Innovation,ORGANIZATIONAL-UNIT-ENG,LOC-HQ,POS-195,Engineering Lead,Lead/Manager,Permanent,Active,EMP268,2017-12-01,1988-06-30,38,2048-06-30,NOT_DUE,2017-12-01,2018-03-01,2018-03-01,3,0,CONFIRMED,2018-02-28,COMPLETED,,,,,,77.3,96.0,82.28,Stable,100.0,4.6,No,NONE,,Additive synthetic operational layer based on existing 720-employee data,2026-08-01,0,,,NONE,,NONE,,,NONE,,,NONE,,,NONE,,,,0,,Active,DEPARTMENT-005,Engineering,Technology and Innovation,ORGANIZATIONAL-UNIT-ENG,LOC-HQ,POS-195,Engineering Lead,Lead/Manager,Permanent,EMP268,,,
EMP196,Mohsin Abbasi,DEPARTMENT-005,Engineering,Technology and Innovation,ORGANIZATIONAL-UNIT-ENG-TEAM-02,LOC-HQ,POS-196,Software Engineer II,Mid,Permanent,Active,EMP015,2024-05-01,1994-12-25,31,2054-12-25,NOT_DUE,2024-05-01,2024-08-01,2024-08-01,3,0,CONFIRMED,2024-08-05,COMPLETED,,,,,,81.9,88.8,90.49,Stable,100.0,3.7,Yes,NONE,,Additive synthetic operational layer based on existing 720-employee data,2026-08-01,0,,,NONE,,NONE,,,NONE,,,NONE,,,NONE,,,,0,,Active,DEPARTMENT-005,Engineering,Technology and Innovation,ORGANIZATIONAL-UNIT-ENG-TEAM-02,LOC-HQ,POS-196,Software Engineer II,Mid,Permanent,EMP015,,,
EMP197,Zeeshan Qureshi,DEPARTMENT-001,HR,Corporate Services,ORGANIZATIONAL-UNIT-HR,LOC-HQ,POS-197,HR Manager,Lead/Manager,Permanent,Active,EMP201,2021-12-01,1987-03-16,39,2047-03-16,NOT_DUE,2021-12-01,2022-03-01,2022-03-01,3,0,CONFIRMED,2022-02-26,COMPLETED,,,,,,66.7,66.4,74.48,Stable,96.8,2.7,No,NONE,,Additive synthetic operational layer based on existing 720-employee data,2026-08-01,0,,,NONE,,NONE,,,NONE,,,NONE,,,NONE,,,,0,,Active,DEPARTMENT-001,HR,Corporate Services,ORGANIZATIONAL-UNIT-HR,LOC-HQ,POS-197,HR Manager,Lead/Manager,Permanent,EMP201,,,
EMP198,Ali Tariq,DEPARTMENT-006,Operations,Enterprise Operations,ORGANIZATIONAL-UNIT-OPS-TEAM-01,LOC-CENTRAL,POS-198,Operations Officer,Junior,Contract,Active,EMP285,2025-02-01,2000-06-28,26,2060-06-28,NOT_DUE,2025-02-01,2025-05-01,2025-05-01,3,0,CONFIRMED,2025-05-01,COMPLETED,2026-02-01,2027-01-31,12,1,ACTIVE,42.9,26.0,69.47,Stable,98.4,2.2,Yes,TERMINATION,2026-08-19,Additive synthetic operational layer based on existing 720-employee data,2026-08-01,0,,,NONE,,PENDING,2026-08-24,HRACT-00270,NONE,,,NONE,,,NONE,,,,0,,Active,DEPARTMENT-006,Operations,Enterprise Operations,ORGANIZATIONAL-UNIT-OPS-TEAM-01,LOC-CENTRAL,POS-198,Operations Officer,Junior,Contract,EMP285,,,
EMP199,Zara Tariq,DEPARTMENT-004,Customer Support,Commercial Services,ORGANIZATIONAL-UNIT-CS-TEAM-02,LOC-CENTRAL,POS-199,Customer Support Representative,Junior,Permanent,Active,EMP168,2024-10-01,1996-11-30,29,2056-11-30,NOT_DUE,2024-10-01,2025-01-01,2025-01-01,3,0,CONFIRMED,2024-12-26,COMPLETED,,,,,,80.4,86.4,89.28,Stable,98.4,3.6,Yes,NONE,,Additive synthetic operational layer based on existing 720-employee data,2026-08-01,0,,,NONE,,NONE,,,ACTIVE,POS-715,2026-09-19,NONE,,,NONE,,,,0,,Active,DEPARTMENT-004,Customer Support,Commercial Services,ORGANIZATIONAL-UNIT-CS-TEAM-02,LOC-CENTRAL,POS-199,Customer Support Representative,Junior,Permanent,EMP168,,,
EMP200,Ahmad Abbasi,DEPARTMENT-004,Customer Support,Commercial Services,ORGANIZATIONAL-UNIT-CS-TEAM-03,LOC-CENTRAL,POS-200,Senior Support Executive,Mid,Permanent,Active,EMP009,2023-02-01,1992-05-29,34,2052-05-29,NOT_DUE,2023-02-01,2023-05-01,2023-05-01,3,0,CONFIRMED,2023-05-01,COMPLETED,,,,,,71.2,66.6,83.23,Stable,95.2,2.2,Yes,NONE,,Additive synthetic operational layer based on existing 720-employee data,2026-08-01,0,,,NONE,,NONE,,,NONE,,,NONE,,,NONE,,,,0,,Active,DEPARTMENT-004,Customer Support,Commercial Services,ORGANIZATIONAL-UNIT-CS-TEAM-03,LOC-CENTRAL,POS-200,Senior Support Executive,Mid,Permanent,EMP009,,,
EMP201,Taha Saeed,DEPARTMENT-001,HR,Corporate Services,ORGANIZATIONAL-UNIT-HR,LOC-HQ,EXEC-HR-HEAD,Head of HR,Executive,Permanent,Active,,2015-10-01,1967-06-12,59,2027-06-12,NOT_DUE,2015-10-01,2016-01-01,2016-01-01,3,0,CONFIRMED,2016-01-13,COMPLETED,,,,,,47.9,89.8,77.94,Stable,96.9,3.9,No,NONE,,Additive synthetic operational layer based on existing 720-employee data,2026-08-01,0,,,NONE,,NONE,,,NONE,,,NONE,,,NONE,,,,0,,Active,DEPARTMENT-001,HR,Corporate Services,ORGANIZATIONAL-UNIT-HR,LOC-HQ,EXEC-HR-HEAD,Head of HR,Executive,Permanent,,,,
EMP202,Usman Hashmi,DEPARTMENT-001,HR,Corporate Services,ORGANIZATIONAL-UNIT-HR,LOC-HQ,POS-201,HR Manager,Lead/Manager,Permanent,Active,EMP201,2020-11-01,1984-11-26,41,2044-11-26,NOT_DUE,2020-11-01,2021-02-01,2021-02-01,3,0,CONFIRMED,2021-02-09,COMPLETED,,,,,,67.7,75.6,77.56,Stable,95.4,3.6,No,NONE,,Additive synthetic operational layer based on existing 720-employee data,2026-08-01,0,,,NONE,,NONE,,,NONE,,,NONE,,,NONE,,,,0,,Active,DEPARTMENT-001,HR,Corporate Services,ORGANIZATIONAL-UNIT-HR,LOC-HQ,POS-201,HR Manager,Lead/Manager,Permanent,EMP201,,,
EMP203,Zainab Awan,DEPARTMENT-001,HR,Corporate Services,ORGANIZATIONAL-UNIT-HR,LOC-HQ,POS-202,HR Manager,Lead/Manager,Contract,Active,EMP201,2018-10-01,1983-01-18,43,2043-01-18,NOT_DUE,2018-10-01,2019-01-01,2019-01-01,3,0,CONFIRMED,2019-01-05,COMPLETED,2025-10-01,2026-09-30,12,7,EXPIRING_90D,82.0,87.4,80.2,Improving,100.0,3.8,No,NONE,,Additive synthetic operational layer based on existing 720-employee data,2026-08-01,0,,,NONE,,NONE,,,NONE,,,NONE,,,NONE,,,,0,,Active,DEPARTMENT-001,HR,Corporate Services,ORGANIZATIONAL-UNIT-HR,LOC-HQ,POS-202,HR Manager,Lead/Manager,Contract,EMP201,,,
EMP204,Mahnoor Khan,DEPARTMENT-001,HR,Corporate Services,ORGANIZATIONAL-UNIT-HR-TEAM-01,LOC-HQ,POS-203,Senior HR Business Partner,Senior,Permanent,Active,EMP001,2022-05-01,1991-03-03,35,2051-03-03,NOT_DUE,2022-05-01,2022-08-01,2022-08-01,3,0,CONFIRMED,2022-08-06,COMPLETED,,,,,,78.2,87.4,84.03,Stable,93.8,4.2,No,NONE,,Additive synthetic operational layer based on existing 720-employee data,2026-08-01,0,,,NONE,,NONE,,,NONE,,,NONE,,,NONE,,,,0,,Active,DEPARTMENT-001,HR,Corporate Services,ORGANIZATIONAL-UNIT-HR-TEAM-01,LOC-HQ,POS-203,Senior HR Business Partner,Senior,Permanent,EMP001,,,
EMP205,Farhan Nadeem,DEPARTMENT-001,HR,Corporate Services,ORGANIZATIONAL-UNIT-HR-TEAM-03,LOC-HQ,POS-204,Senior HR Business Partner,Senior,Permanent,Active,EMP012,2017-04-01,1985-07-08,41,2045-07-08,NOT_DUE,2017-04-01,2017-07-01,2017-07-01,3,0,CONFIRMED,2017-07-05,COMPLETED,,,,,,81.6,91.2,83.27,Stable,93.8,3.9,No,NONE,,Additive synthetic operational layer based on existing 720-employee data,2026-08-01,0,,,NONE,,NONE,,,NONE,,,NONE,,,NONE,,,,0,,Active,DEPARTMENT-001,HR,Corporate Services,ORGANIZATIONAL-UNIT-HR-TEAM-03,LOC-HQ,POS-204,Senior HR Business Partner,Senior,Permanent,EMP012,,,
EMP206,Minal Abbasi,DEPARTMENT-001,HR,Corporate Services,ORGANIZATIONAL-UNIT-HR-TEAM-03,LOC-HQ,POS-205,Senior HR Business Partner,Senior,Permanent,Active,EMP087,2017-04-01,1984-07-15,42,2044-07-15,NOT_DUE,2017-04-01,2017-07-01,2017-07-01,3,0,CONFIRMED,2017-07-09,COMPLETED,,,,,,78.5,83.8,89.93,Stable,95.4,3.6,No,NONE,,Additive synthetic operational layer based on existing 720-employee data,2026-08-01,0,,,NONE,,NONE,,,NONE,,,NONE,,,NONE,,,,0,,Active,DEPARTMENT-001,HR,Corporate Services,ORGANIZATIONAL-UNIT-HR-TEAM-03,LOC-HQ,POS-205,Senior HR Business Partner,Senior,Permanent,EMP087,,,
EMP207,Nida Sultan,DEPARTMENT-001,HR,Corporate Services,ORGANIZATIONAL-UNIT-HR-TEAM-01,LOC-HQ,POS-206,HR Officer,Mid,Permanent,Active,EMP197,2024-04-01,1996-03-29,30,2056-03-29,NOT_DUE,2024-04-01,2024-07-01,2024-07-01,3,0,CONFIRMED,2024-07-15,COMPLETED,,,,,,76.9,82.6,82.99,Stable,90.8,3.9,No,NONE,,Additive synthetic operational layer based on existing 720-employee data,2026-08-01,0,,,NONE,,NONE,,,NONE,,,NONE,,,NONE,,,,0,,Active,DEPARTMENT-001,HR,Corporate Services,ORGANIZATIONAL-UNIT-HR-TEAM-01,LOC-HQ,POS-206,HR Officer,Mid,Permanent,EMP197,,,
EMP208,Omar Rauf,DEPARTMENT-001,HR,Corporate Services,ORGANIZATIONAL-UNIT-HR-TEAM-02,LOC-HQ,POS-207,HR Officer,Mid,Permanent,Active,EMP202,2020-01-01,1992-11-17,33,2052-11-17,NOT_DUE,2020-01-01,2020-04-01,2020-04-01,3,0,CONFIRMED,2020-04-06,COMPLETED,,,,,,89.6,72.2,90.72,Improving,100.0,3.3,Yes,NONE,,Additive synthetic operational layer based on existing 720-employee data,2026-08-01,0,,,NONE,,NONE,,,NONE,,,NONE,,,NONE,,,,0,,Active,DEPARTMENT-001,HR,Corporate Services,ORGANIZATIONAL-UNIT-HR-TEAM-02,LOC-HQ,POS-207,HR Officer,Mid,Permanent,EMP202,,,
EMP209,Adnan Aziz,DEPARTMENT-001,HR,Corporate Services,ORGANIZATIONAL-UNIT-HR-TEAM-01,LOC-HQ,POS-208,HR Officer,Mid,Permanent,Active,EMP203,2022-02-01,1993-08-21,32,2053-08-21,NOT_DUE,2022-02-01,2022-05-01,2022-05-01,3,0,CONFIRMED,2022-05-01,COMPLETED,,,,,,71.1,64.2,84.36,Stable,95.4,2.9,No,NONE,,Additive synthetic operational layer based on existing 720-employee data,2026-08-01,0,,,NONE,,NONE,,,NONE,,,NONE,,,NONE,,,,0,,Active,DEPARTMENT-001,HR,Corporate Services,ORGANIZATIONAL-UNIT-HR-TEAM-01,LOC-HQ,POS-208,HR Officer,Mid,Permanent,EMP203,,,
EMP210,Maha Latif,DEPARTMENT-001,HR,Corporate Services,ORGANIZATIONAL-UNIT-HR-TEAM-03,LOC-HQ,POS-209,HR Officer,Mid,Permanent,Active,EMP001,2024-07-01,1991-08-23,34,2051-08-23,NOT_DUE,2024-07-01,2024-10-01,2024-10-01,3,0,CONFIRMED,2024-10-04,COMPLETED,,,,,,76.9,77.0,87.71,Stable,100.0,3.3,No,NONE,,Additive synthetic operational layer based on existing 720-employee data,2026-08-01,0,,,NONE,,NONE,,,NONE,,,NONE,,,NONE,,,,0,,Active,DEPARTMENT-001,HR,Corporate Services,ORGANIZATIONAL-UNIT-HR-TEAM-03,LOC-HQ,POS-209,HR Officer,Mid,Permanent,EMP001,,,
EMP211,Adnan Abbasi,DEPARTMENT-001,HR,Corporate Services,ORGANIZATIONAL-UNIT-HR-TEAM-01,LOC-HQ,POS-210,HR Officer,Mid,Permanent,Active,EMP012,2021-12-01,1991-09-26,34,2051-09-26,NOT_DUE,2021-12-01,2022-03-01,2022-03-01,3,0,CONFIRMED,2022-03-13,COMPLETED,,,,,,70.9,62.8,85.89,Stable,96.9,3.1,No,NONE,,Additive synthetic operational layer based on existing 720-employee data,2026-08-01,0,,,NONE,,NONE,,,NONE,,,NONE,,,NONE,,,,0,,Active,DEPARTMENT-001,HR,Corporate Services,ORGANIZATIONAL-UNIT-HR-TEAM-01,LOC-HQ,POS-210,HR Officer,Mid,Permanent,EMP012,,,
EMP212,Talha Saleem,DEPARTMENT-001,HR,Corporate Services,ORGANIZATIONAL-UNIT-HR-TEAM-01,LOC-HQ,POS-211,HR Officer,Mid,Permanent,Active,EMP087,2020-12-01,1991-07-29,35,2051-07-29,NOT_DUE,2020-12-01,2021-03-01,2021-03-01,3,0,CONFIRMED,2021-03-03,COMPLETED,,,,,,73.7,70.8,81.14,Stable,95.4,3.7,No,NONE,,Additive synthetic operational layer based on existing 720-employee data,2026-08-01,0,,,NONE,,NONE,,,NONE,,,NONE,,,NONE,,,,0,,Active,DEPARTMENT-001,HR,Corporate Services,ORGANIZATIONAL-UNIT-HR-TEAM-01,LOC-HQ,POS-211,HR Officer,Mid,Permanent,EMP087,,,
EMP213,Talha Khalid,DEPARTMENT-001,HR,Corporate Services,ORGANIZATIONAL-UNIT-HR-TEAM-01,LOC-HQ,POS-212,HR Officer,Mid,Permanent,Active,EMP197,2020-09-01,1988-09-29,37,2048-09-29,NOT_DUE,2020-09-01,2020-12-01,2020-12-01,3,0,CONFIRMED,2020-12-05,COMPLETED,,,,,,80.2,80.2,89.15,Stable,95.4,4.2,No,NONE,,Additive synthetic operational layer based on existing 720-employee data,2026-08-01,0,,,NONE,,NONE,,,NONE,,,NONE,,,NONE,,,,0,,Active,DEPARTMENT-001,HR,Corporate Services,ORGANIZATIONAL-UNIT-HR-TEAM-01,LOC-HQ,POS-212,HR Officer,Mid,Permanent,EMP197,,,
EMP214,Talha Ejaz,DEPARTMENT-001,HR,Corporate Services,ORGANIZATIONAL-UNIT-HR-TEAM-03,LOC-HQ,POS-213,HR Assistant,Junior,Permanent,Active,EMP130,2025-09-01,1996-03-18,30,2056-03-18,NOT_DUE,2025-09-01,2025-12-01,2025-12-01,3,0,CONFIRMED,2025-12-14,COMPLETED,,,,,,64.8,47.0,88.02,Stable,98.5,2.4,Yes,NONE,,Additive synthetic operational layer based on existing 720-employee data,2026-08-01,0,,,NONE,,NONE,,,NONE,,,NONE,,,NONE,,,,0,,Active,DEPARTMENT-001,HR,Corporate Services,ORGANIZATIONAL-UNIT-HR-TEAM-03,LOC-HQ,POS-213,HR Assistant,Junior,Permanent,EMP130,,,
EMP215,Mehwish Baig,DEPARTMENT-001,HR,Corporate Services,ORGANIZATIONAL-UNIT-HR-TEAM-01,LOC-HQ,POS-214,HR Assistant,Junior,Permanent,Active,EMP204,2024-07-01,1995-03-24,31,2055-03-24,NOT_DUE,2024-07-01,2024-10-01,2024-10-01,3,0,CONFIRMED,2024-10-14,COMPLETED,,,,,,65.5,41.0,85.68,Stable,98.5,3.2,No,NONE,,Additive synthetic operational layer based on existing 720-employee data,2026-08-01,0,,,NONE,,NONE,,,NONE,,,NONE,,,NONE,,,,0,,Active,DEPARTMENT-001,HR,Corporate Services,ORGANIZATIONAL-UNIT-HR-TEAM-01,LOC-HQ,POS-214,HR Assistant,Junior,Permanent,EMP204,,,
EMP216,Sana Mahmood,DEPARTMENT-001,HR,Corporate Services,ORGANIZATIONAL-UNIT-HR-TEAM-01,LOC-HQ,POS-215,HR Assistant,Junior,Permanent,Active,EMP205,2024-07-01,1995-11-07,30,2055-11-07,NOT_DUE,2024-07-01,2024-10-01,2024-10-01,3,0,CONFIRMED,2024-09-24,COMPLETED,,,,,,68.0,49.0,82.0,Improving,96.9,5.0,No,NONE,,Additive synthetic operational layer based on existing 720-employee data,2026-08-01,0,,,NONE,,NONE,,,NONE,,,NONE,,,NONE,,,,0,,Active,DEPARTMENT-001,HR,Corporate Services,ORGANIZATIONAL-UNIT-HR-TEAM-01,LOC-HQ,POS-215,HR Assistant,Junior,Permanent,EMP205,,,
EMP217,Laiba Qureshi,DEPARTMENT-001,HR,Corporate Services,ORGANIZATIONAL-UNIT-HR-TEAM-01,LOC-HQ,POS-216,HR Assistant,Junior,Permanent,Active,EMP206,2024-07-01,1999-07-25,27,2059-07-25,NOT_DUE,2024-07-01,2024-10-01,2024-10-01,3,0,CONFIRMED,2024-10-08,COMPLETED,,,,,,61.8,41.0,81.27,Stable,89.2,3.4,No,NONE,,Additive synthetic operational layer based on existing 720-employee data,2026-08-01,0,,,NONE,,NONE,,,NONE,,,NONE,,,NONE,,,,0,,Active,DEPARTMENT-001,HR,Corporate Services,ORGANIZATIONAL-UNIT-HR-TEAM-01,LOC-HQ,POS-216,HR Assistant,Junior,Permanent,EMP206,,,
EMP218,Laiba Zafar,DEPARTMENT-001,HR,Corporate Services,ORGANIZATIONAL-UNIT-HR-TEAM-01,LOC-HQ,POS-217,HR Assistant,Junior,Permanent,Active,EMP001,2024-11-01,2000-01-16,26,2060-01-16,NOT_DUE,2024-11-01,2025-02-01,2025-02-01,3,0,CONFIRMED,2025-02-15,COMPLETED,,,,,,67.8,60.0,83.35,Improving,100.0,4.2,Yes,NONE,,Additive synthetic operational layer based on existing 720-employee data,2026-08-01,0,,,NONE,,NONE,,,NONE,,,NONE,,,NONE,,,,0,,Active,DEPARTMENT-001,HR,Corporate Services,ORGANIZATIONAL-UNIT-HR-TEAM-01,LOC-HQ,POS-217,HR Assistant,Junior,Permanent,EMP001,,,
EMP219,Komal Yousaf,DEPARTMENT-001,HR,Corporate Services,ORGANIZATIONAL-UNIT-HR-TEAM-03,LOC-HQ,POS-218,HR Assistant,Junior,Permanent,Active,EMP012,2024-08-01,2000-02-28,26,2060-02-28,NOT_DUE,2024-08-01,2024-11-01,2024-11-01,3,0,CONFIRMED,2024-11-03,COMPLETED,,,,,,64.1,52.6,82.23,Stable,96.9,4.3,No,NONE,,Additive synthetic operational layer based on existing 720-employee data,2026-08-01,0,,,NONE,,NONE,,,NONE,,,NONE,,,NONE,,,,0,,Active,DEPARTMENT-001,HR,Corporate Services,ORGANIZATIONAL-UNIT-HR-TEAM-03,LOC-HQ,POS-218,HR Assistant,Junior,Permanent,EMP012,,,
EMP220,Taha Saleem,DEPARTMENT-001,HR,Corporate Services,ORGANIZATIONAL-UNIT-HR-TEAM-01,LOC-HQ,POS-219,HR Assistant,Junior,Permanent,Active,EMP087,2024-08-01,1997-05-03,29,2057-05-03,NOT_DUE,2024-08-01,2024-11-01,2024-11-01,3,0,CONFIRMED,2024-10-28,COMPLETED,,,,,,68.0,55.0,83.41,Improving,98.5,3.9,Yes,NONE,,Additive synthetic operational layer based on existing 720-employee data,2026-08-01,0,,,NONE,,NONE,,,NONE,,,NONE,,,NONE,,,,0,,Active,DEPARTMENT-001,HR,Corporate Services,ORGANIZATIONAL-UNIT-HR-TEAM-01,LOC-HQ,POS-219,HR Assistant,Junior,Permanent,EMP087,,,
EMP221,Anam Akhtar,DEPARTMENT-001,HR,Corporate Services,ORGANIZATIONAL-UNIT-HR-TEAM-01,LOC-HQ,POS-220,HR Assistant,Junior,Permanent,Active,EMP197,2023-10-01,1997-11-13,28,2057-11-13,NOT_DUE,2023-10-01,2024-01-01,2024-01-01,3,0,CONFIRMED,2023-12-30,COMPLETED,,,,,,56.9,50.2,87.41,Declining,95.4,3.9,No,NONE,,Additive synthetic operational layer based on existing 720-employee data,2026-08-01,0,,,NONE,,NONE,,,NONE,,,NONE,,,NONE,,,,0,,Active,DEPARTMENT-001,HR,Corporate Services,ORGANIZATIONAL-UNIT-HR-TEAM-01,LOC-HQ,POS-220,HR Assistant,Junior,Permanent,EMP197,,,
EMP222,Farhan Khan,DEPARTMENT-001,HR,Corporate Services,ORGANIZATIONAL-UNIT-HR-TEAM-01,LOC-HQ,POS-221,HR Assistant,Junior,Permanent,Probation,EMP202,2026-03-01,1997-09-17,28,2057-09-17,NOT_DUE,2026-03-01,2026-06-01,2026-07-01,3,1,OVERDUE,,EXTEND,,,,,,30.4,24.0,80.79,Stable,98.5,3.6,No,NONE,,Additive synthetic operational layer based on existing 720-employee data,2026-08-01,0,,,NONE,,NONE,,,NONE,,,NONE,,,NONE,,,,0,,Probation,DEPARTMENT-001,HR,Corporate Services,ORGANIZATIONAL-UNIT-HR-TEAM-01,LOC-HQ,POS-221,HR Assistant,Junior,Permanent,EMP202,,,
EMP223,Talha Mahmood,DEPARTMENT-001,HR,Corporate Services,ORGANIZATIONAL-UNIT-HR-TEAM-01,LOC-HQ,POS-222,HR Assistant,Junior,Permanent,Active,EMP203,2024-09-01,1996-05-15,30,2056-05-15,NOT_DUE,2024-09-01,2024-12-01,2024-12-01,3,0,CONFIRMED,2024-12-09,COMPLETED,,,,,,58.8,52.0,77.46,Stable,96.9,3.0,No,NONE,,Additive synthetic operational layer based on existing 720-employee data,2026-08-01,0,,,NONE,,NONE,,,NONE,,,NONE,,,NONE,,,,0,,Active,DEPARTMENT-001,HR,Corporate Services,ORGANIZATIONAL-UNIT-HR-TEAM-01,LOC-HQ,POS-222,HR Assistant,Junior,Permanent,EMP203,,,
EMP224,Laiba Ali,DEPARTMENT-001,HR,Corporate Services,ORGANIZATIONAL-UNIT-HR-TEAM-02,LOC-HQ,POS-223,HR Intern,Intern,Internship,Active,EMP066,2025-11-01,1999-06-20,27,2059-06-20,NOT_DUE,,,,,0,NOT_APPLICABLE,,,,,,,,34.9,49.0,77.55,Improving,98.5,4.7,No,NONE,,Additive synthetic operational layer based on existing 720-employee data,2026-08-01,0,,,NONE,,NONE,,,NONE,,,NONE,,,NONE,,,,0,,Active,DEPARTMENT-001,HR,Corporate Services,ORGANIZATIONAL-UNIT-HR-TEAM-02,LOC-HQ,POS-223,HR Intern,Intern,Internship,EMP066,,,
EMP225,Noor Rauf,DEPARTMENT-001,HR,Corporate Services,ORGANIZATIONAL-UNIT-HR-TEAM-02,LOC-HQ,POS-224,HR Intern,Intern,Internship,Active,EMP081,2025-09-01,2002-07-29,24,2062-07-29,NOT_DUE,,,,,0,NOT_APPLICABLE,,,,,,,,34.9,41.0,83.27,Improving,100.0,2.4,No,NONE,,Additive synthetic operational layer based on existing 720-employee data,2026-08-01,0,,,NONE,,NONE,,,NONE,,,NONE,,,NONE,,,,0,,Active,DEPARTMENT-001,HR,Corporate Services,ORGANIZATIONAL-UNIT-HR-TEAM-02,LOC-HQ,POS-224,HR Intern,Intern,Internship,EMP081,,,
EMP226,Taha Raza,DEPARTMENT-001,HR,Corporate Services,ORGANIZATIONAL-UNIT-HR-TEAM-01,LOC-HQ,POS-225,HR Intern,Intern,Internship,Active,EMP085,2025-09-01,1997-05-31,29,2057-05-31,NOT_DUE,,,,,0,NOT_APPLICABLE,,,,,,,,32.0,55.2,81.86,Stable,100.0,4.1,Yes,NONE,,Additive synthetic operational layer based on existing 720-employee data,2026-08-01,0,,,NONE,,NONE,,,NONE,,,NONE,,,NONE,,,,0,,Active,DEPARTMENT-001,HR,Corporate Services,ORGANIZATIONAL-UNIT-HR-TEAM-01,LOC-HQ,POS-225,HR Intern,Intern,Internship,EMP085,,,
EMP227,Fahad Sheikh,DEPARTMENT-002,Finance,Corporate Services,ORGANIZATIONAL-UNIT-FIN,LOC-HQ,EXEC-FIN-HEAD,Head of Finance,Executive,Permanent,Active,,2011-06-01,1966-12-14,59,2026-12-14,DUE_180D,2011-06-01,2011-09-01,2011-09-01,3,0,CONFIRMED,2011-09-08,COMPLETED,,,,,,48.4,80.6,83.75,Improving,100.0,3.3,No,RETIREMENT,2026-12-14,Additive synthetic operational layer based on existing 720-employee data,2026-08-01,0,,,NONE,,NONE,,,NONE,,,NONE,,,NONE,,,,0,,Active,DEPARTMENT-002,Finance,Corporate Services,ORGANIZATIONAL-UNIT-FIN,LOC-HQ,EXEC-FIN-HEAD,Head of Finance,Executive,Permanent,,,,
EMP228,Ahmed Farooq,DEPARTMENT-002,Finance,Corporate Services,ORGANIZATIONAL-UNIT-FIN,LOC-HQ,POS-226,Finance Manager,Lead/Manager,Permanent,Active,EMP227,2021-01-01,1984-08-25,41,2044-08-25,NOT_DUE,2021-01-01,2021-04-01,2021-04-01,3,0,CONFIRMED,2021-04-10,COMPLETED,,,,,,76.9,87.4,80.06,Stable,96.9,3.6,No,NONE,,Additive synthetic operational layer based on existing 720-employee data,2026-08-01,0,,,NONE,,NONE,,,NONE,,,NONE,,,NONE,,,,0,,Active,DEPARTMENT-002,Finance,Corporate Services,ORGANIZATIONAL-UNIT-FIN,LOC-HQ,POS-226,Finance Manager,Lead/Manager,Permanent,EMP227,,,
EMP229,Danish Sultan,DEPARTMENT-002,Finance,Corporate Services,ORGANIZATIONAL-UNIT-FIN,LOC-HQ,POS-227,Finance Manager,Lead/Manager,Permanent,Active,EMP227,2020-08-01,1987-12-25,38,2047-12-25,NOT_DUE,2020-08-01,2020-11-01,2020-11-01,3,0,CONFIRMED,2020-11-04,COMPLETED,,,,,,73.6,89.8,80.44,Stable,100.0,4.2,No,NONE,,Additive synthetic operational layer based on existing 720-employee data,2026-08-01,0,,,NONE,,NONE,,,NONE,,,NONE,,,NONE,,,,0,,Active,DEPARTMENT-002,Finance,Corporate Services,ORGANIZATIONAL-UNIT-FIN,LOC-HQ,POS-227,Finance Manager,Lead/Manager,Permanent,EMP227,,,
EMP230,Saba Nadeem,DEPARTMENT-002,Finance,Corporate Services,ORGANIZATIONAL-UNIT-FIN,LOC-HQ,POS-228,Finance Manager,Lead/Manager,Permanent,Active,EMP227,2011-03-01,1974-08-05,51,2034-08-05,NOT_DUE,2011-03-01,2011-06-01,2011-06-01,3,0,CONFIRMED,2011-05-30,COMPLETED,,,,,,71.0,67.6,79.34,Stable,95.4,2.7,Yes,NONE,,Additive synthetic operational layer based on existing 720-employee data,2026-08-01,0,,,NONE,,NONE,,,NONE,,,NONE,,,NONE,,,,0,,Active,DEPARTMENT-002,Finance,Corporate Services,ORGANIZATIONAL-UNIT-FIN,LOC-HQ,POS-228,Finance Manager,Lead/Manager,Permanent,EMP227,,,
EMP231,Ayesha Aziz,DEPARTMENT-002,Finance,Corporate Services,ORGANIZATIONAL-UNIT-FIN,LOC-HQ,POS-229,Finance Manager,Lead/Manager,Permanent,Active,EMP227,2017-07-01,1979-06-09,47,2039-06-09,NOT_DUE,2017-07-01,2017-10-01,2017-10-01,3,0,CONFIRMED,2017-10-14,COMPLETED,,,,,,75.1,78.0,75.48,Improving,96.9,4.4,No,NONE,,Additive synthetic operational layer based on existing 720-employee data,2026-08-01,0,,,NONE,,NONE,,,NONE,,,NONE,,,NONE,,,,0,,Active,DEPARTMENT-002,Finance,Corporate Services,ORGANIZATIONAL-UNIT-FIN,LOC-HQ,POS-229,Finance Manager,Lead/Manager,Permanent,EMP227,,,
EMP232,Raza Iqbal,DEPARTMENT-002,Finance,Corporate Services,ORGANIZATIONAL-UNIT-FIN,LOC-HQ,POS-230,Finance Manager,Lead/Manager,Permanent,Active,EMP227,2015-11-01,1977-02-07,49,2037-02-07,NOT_DUE,2015-11-01,2016-02-01,2016-02-01,3,0,CONFIRMED,2016-02-10,COMPLETED,,,,,,66.5,72.0,73.67,Improving,98.5,4.0,No,NONE,,Additive synthetic operational layer based on existing 720-employee data,2026-08-01,0,,,NONE,,NONE,,,NONE,,,NONE,,,NONE,,,,0,,Active,DEPARTMENT-002,Finance,Corporate Services,ORGANIZATIONAL-UNIT-FIN,LOC-HQ,POS-230,Finance Manager,Lead/Manager,Permanent,EMP227,,,
EMP233,Eman Akhtar,DEPARTMENT-002,Finance,Corporate Services,ORGANIZATIONAL-UNIT-FIN-TEAM-03,LOC-HQ,POS-231,Financial Analyst,Mid,Permanent,Active,EMP232,2022-11-01,1992-09-08,33,2052-09-08,NOT_DUE,2022-11-01,2023-02-01,2023-02-01,3,0,CONFIRMED,2023-01-29,COMPLETED,,,,,,75.3,67.8,85.46,Improving,100.0,3.1,Yes,NONE,,Additive synthetic operational layer based on existing 720-employee data,2026-08-01,0,,,NONE,,NONE,,,NONE,,,NONE,,,NONE,,,,0,,Active,DEPARTMENT-002,Finance,Corporate Services,ORGANIZATIONAL-UNIT-FIN-TEAM-03,LOC-HQ,POS-231,Financial Analyst,Mid,Permanent,EMP232,,,
EMP234,Hira Qureshi,DEPARTMENT-002,Finance,Corporate Services,ORGANIZATIONAL-UNIT-FIN-TEAM-01,LOC-HQ,POS-232,Financial Analyst,Mid,Permanent,Active,EMP008,2022-08-01,1991-07-05,35,2051-07-05,NOT_DUE,2022-08-01,2022-11-01,2022-11-01,3,0,CONFIRMED,2022-11-01,COMPLETED,,,,,,59.0,67.6,83.02,Declining,96.9,2.7,No,NONE,,Additive synthetic operational layer based on existing 720-employee data,2026-08-01,0,,,NONE,,NONE,,,NONE,,,NONE,,,NONE,,,,0,,Active,DEPARTMENT-002,Finance,Corporate Services,ORGANIZATIONAL-UNIT-FIN-TEAM-01,LOC-HQ,POS-232,Financial Analyst,Mid,Permanent,EMP008,,,
EMP235,Farhan Munir,DEPARTMENT-002,Finance,Corporate Services,ORGANIZATIONAL-UNIT-FIN-TEAM-02,LOC-HQ,POS-233,Financial Analyst,Mid,Contract,Active,EMP228,2019-07-01,1984-11-21,41,2044-11-21,NOT_DUE,2019-07-01,2019-10-01,2019-10-01,3,0,CONFIRMED,2019-10-03,COMPLETED,2026-07-01,2027-06-30,12,7,ACTIVE,64.5,68.8,79.4,Stable,100.0,3.0,No,NONE,,Additive synthetic operational layer based on existing 720-employee data,2026-08-01,0,,,NONE,,NONE,,,NONE,,,NONE,,,NONE,,,,0,,Active,DEPARTMENT-002,Finance,Corporate Services,ORGANIZATIONAL-UNIT-FIN-TEAM-02,LOC-HQ,POS-233,Financial Analyst,Mid,Contract,EMP228,,,
EMP236,Anam Nadeem,DEPARTMENT-002,Finance,Corporate Services,ORGANIZATIONAL-UNIT-FIN-TEAM-02,LOC-HQ,POS-234,Financial Analyst,Mid,Permanent,Active,EMP229,2021-04-01,1992-10-30,33,2052-10-30,NOT_DUE,2021-04-01,2021-07-01,2021-07-01,3,0,CONFIRMED,2021-07-15,COMPLETED,,,,,,79.9,70.2,92.02,Stable,98.5,2.7,No,NONE,,Additive synthetic operational layer based on existing 720-employee data,2026-08-01,0,,,NONE,,NONE,,,NONE,,,NONE,,,NONE,,,,0,,Active,DEPARTMENT-002,Finance,Corporate Services,ORGANIZATIONAL-UNIT-FIN-TEAM-02,LOC-HQ,POS-234,Financial Analyst,Mid,Permanent,EMP229,,,
EMP237,Areeba Munir,DEPARTMENT-002,Finance,Corporate Services,ORGANIZATIONAL-UNIT-FIN-TEAM-03,LOC-HQ,POS-235,Accounts Assistant,Junior,Permanent,Active,EMP232,2023-05-01,1993-07-27,33,2053-07-27,NOT_DUE,2023-05-01,2023-08-01,2023-08-01,3,0,CONFIRMED,2023-08-07,COMPLETED,,,,,,65.3,54.0,86.32,Stable,100.0,3.7,No,NONE,,Additive synthetic operational layer based on existing 720-employee data,2026-08-01,0,,,NONE,,NONE,,,NONE,,,NONE,,,NONE,,,,0,,Active,DEPARTMENT-002,Finance,Corporate Services,ORGANIZATIONAL-UNIT-FIN-TEAM-03,LOC-HQ,POS-235,Accounts Assistant,Junior,Permanent,EMP232,,,
EMP238,Kinza Ali,DEPARTMENT-002,Finance,Corporate Services,ORGANIZATIONAL-UNIT-FIN-TEAM-01,LOC-HQ,POS-236,Accounts Assistant,Junior,Contract,Active,EMP030,2025-10-01,1995-08-01,31,2055-08-01,NOT_DUE,2025-10-01,2026-01-01,2026-01-01,3,0,CONFIRMED,2026-01-05,COMPLETED,2025-10-01,2026-09-30,12,0,EXPIRING_90D,59.9,53.8,79.69,Stable,100.0,3.6,No,CONTRACT_END,2026-09-30,Additive synthetic operational layer based on existing 720-employee data,2026-08-01,0,,,NON_RENEW,2026-09-30,PENDING,2026-10-07,HRACT-00284,NONE,,,NONE,,,NONE,,,,0,,Active,DEPARTMENT-002,Finance,Corporate Services,ORGANIZATIONAL-UNIT-FIN-TEAM-01,LOC-HQ,POS-236,Accounts Assistant,Junior,Contract,EMP030,,,
EMP239,Komal Sultan,DEPARTMENT-002,Finance,Corporate Services,ORGANIZATIONAL-UNIT-FIN-TEAM-02,LOC-HQ,POS-237,Accounts Assistant,Junior,Permanent,Active,EMP047,2024-04-01,1998-05-10,28,2058-05-10,NOT_DUE,2024-04-01,2024-07-01,2024-07-01,3,0,CONFIRMED,2024-07-11,COMPLETED,,,,,,53.5,49.0,83.9,Declining,95.4,3.5,No,NONE,,Additive synthetic operational layer based on existing 720-employee data,2026-08-01,0,,,NONE,,NONE,,,NONE,,,NONE,,,NONE,,,,0,,Active,DEPARTMENT-002,Finance,Corporate Services,ORGANIZATIONAL-UNIT-FIN-TEAM-02,LOC-HQ,POS-237,Accounts Assistant,Junior,Permanent,EMP047,,,
EMP240,Eman Latif,DEPARTMENT-002,Finance,Corporate Services,ORGANIZATIONAL-UNIT-FIN-TEAM-01,LOC-HQ,POS-238,Accounts Assistant,Junior,Permanent,Active,EMP091,2025-09-01,2001-05-25,25,2061-05-25,NOT_DUE,2025-09-01,2025-12-01,2025-12-01,3,0,CONFIRMED,2025-12-11,COMPLETED,,,,,,67.2,48.2,85.77,Improving,100.0,3.2,No,NONE,,Additive synthetic operational layer based on existing 720-employee data,2026-08-01,0,,,NONE,,NONE,,,NONE,,,NONE,,,NONE,,,,0,,Active,DEPARTMENT-002,Finance,Corporate Services,ORGANIZATIONAL-UNIT-FIN-TEAM-01,LOC-HQ,POS-238,Accounts Assistant,Junior,Permanent,EMP091,,,
EMP241,Mahnoor Hameed,DEPARTMENT-002,Finance,Corporate Services,ORGANIZATIONAL-UNIT-FIN-TEAM-02,LOC-HQ,POS-239,Accounts Assistant,Junior,Contract,Probation,EMP123,2026-02-01,1996-09-19,29,2056-09-19,NOT_DUE,2026-02-01,2026-05-01,2026-06-01,3,1,OVERDUE,,CONFIRM,2026-02-01,2027-01-31,12,0,ACTIVE,33.0,30.0,82.27,Stable,96.9,4.4,Yes,NONE,,Additive synthetic operational layer based on existing 720-employee data,2026-08-01,0,,,NONE,,NONE,,,NONE,,,NONE,,,NONE,,,,0,,Probation,DEPARTMENT-002,Finance,Corporate Services,ORGANIZATIONAL-UNIT-FIN-TEAM-02,LOC-HQ,POS-239,Accounts Assistant,Junior,Contract,EMP123,,,
EMP242,Mehwish Dar,DEPARTMENT-002,Finance,Corporate Services,ORGANIZATIONAL-UNIT-FIN-TEAM-01,LOC-HQ,POS-240,Accounts Assistant,Junior,Permanent,Active,EMP140,2025-07-01,2000-02-24,26,2060-02-24,NOT_DUE,2025-07-01,2025-10-01,2025-10-01,3,0,CONFIRMED,2025-09-28,COMPLETED,,,,,,57.9,59.8,75.19,Stable,93.8,4.5,No,NONE,,Additive synthetic operational layer based on existing 720-employee data,2026-08-01,0,,,NONE,,NONE,,,NONE,,,NONE,,,NONE,,,,0,,Active,DEPARTMENT-002,Finance,Corporate Services,ORGANIZATIONAL-UNIT-FIN-TEAM-01,LOC-HQ,POS-240,Accounts Assistant,Junior,Permanent,EMP140,,,
EMP243,Mehwish Khalid,DEPARTMENT-002,Finance,Corporate Services,ORGANIZATIONAL-UNIT-FIN-TEAM-03,LOC-HQ,POS-241,Accounts Assistant,Junior,Permanent,Active,EMP160,2026-04-01,2000-04-06,26,2060-04-06,NOT_DUE,2026-04-01,2026-07-01,2026-07-01,3,0,CONFIRMED,2026-07-03,COMPLETED,,,,,,59.3,55.0,74.03,Improving,96.9,3.5,No,NONE,,Additive synthetic operational layer based on existing 720-employee data,2026-08-01,0,,,NONE,,NONE,,,NONE,,,NONE,,,NONE,,,,0,,Active,DEPARTMENT-002,Finance,Corporate Services,ORGANIZATIONAL-UNIT-FIN-TEAM-03,LOC-HQ,POS-241,Accounts Assistant,Junior,Permanent,EMP160,,,
EMP244,Saad Rauf,DEPARTMENT-002,Finance,Corporate Services,ORGANIZATIONAL-UNIT-FIN-TEAM-03,LOC-HQ,POS-242,Accounts Assistant,Junior,Permanent,Active,EMP173,2023-10-01,1995-03-16,31,2055-03-16,NOT_DUE,2023-10-01,2024-01-01,2024-01-01,3,0,CONFIRMED,2023-12-27,COMPLETED,,,,,,67.8,43.4,89.57,Stable,95.4,2.5,Yes,NONE,,Additive synthetic operational layer based on existing 720-employee data,2026-08-01,0,,,NONE,,NONE,,,NONE,,,NONE,,,NONE,,,,0,,Active,DEPARTMENT-002,Finance,Corporate Services,ORGANIZATIONAL-UNIT-FIN-TEAM-03,LOC-HQ,POS-242,Accounts Assistant,Junior,Permanent,EMP173,,,
EMP245,Ayesha Habib,DEPARTMENT-002,Finance,Corporate Services,ORGANIZATIONAL-UNIT-FIN-TEAM-01,LOC-HQ,POS-243,Accounts Assistant,Junior,Permanent,Active,EMP185,2025-10-01,1999-12-13,26,2059-12-13,NOT_DUE,2025-10-01,2026-01-01,2026-01-01,3,0,CONFIRMED,2026-01-07,COMPLETED,,,,,,67.1,52.6,84.02,Improving,93.8,3.7,No,NONE,,Additive synthetic operational layer based on existing 720-employee data,2026-08-01,0,,,NONE,,NONE,,,NONE,,,NONE,,,NONE,,,,0,,Active,DEPARTMENT-002,Finance,Corporate Services,ORGANIZATIONAL-UNIT-FIN-TEAM-01,LOC-HQ,POS-243,Accounts Assistant,Junior,Permanent,EMP185,,,
EMP246,Ahmed Zafar,DEPARTMENT-002,Finance,Corporate Services,ORGANIZATIONAL-UNIT-FIN-TEAM-02,LOC-HQ,POS-244,Accounts Assistant,Junior,Permanent,Active,EMP008,2024-07-01,1994-01-24,32,2054-01-24,NOT_DUE,2024-07-01,2024-10-01,2024-10-01,3,0,CONFIRMED,2024-10-05,COMPLETED,,,,,,65.4,47.0,82.14,Improving,100.0,2.7,Yes,NONE,,Additive synthetic operational layer based on existing 720-employee data,2026-08-01,0,,,NONE,,NONE,,,NONE,,,NONE,,,NONE,,,,0,,Active,DEPARTMENT-002,Finance,Corporate Services,ORGANIZATIONAL-UNIT-FIN-TEAM-02,LOC-HQ,POS-244,Accounts Assistant,Junior,Permanent,EMP008,,,
EMP247,Maha Aslam,DEPARTMENT-002,Finance,Corporate Services,ORGANIZATIONAL-UNIT-FIN-TEAM-01,LOC-HQ,POS-245,Accounts Assistant,Junior,Permanent,Active,EMP228,2023-07-01,2000-04-25,26,2060-04-25,NOT_DUE,2023-07-01,2023-10-01,2023-10-01,3,0,CONFIRMED,2023-09-28,COMPLETED,,,,,,66.5,53.0,89.66,Stable,100.0,3.4,No,NONE,,Additive synthetic operational layer based on existing 720-employee data,2026-08-01,0,,,NONE,,NONE,,,NONE,,,NONE,,,NONE,,,,0,,Active,DEPARTMENT-002,Finance,Corporate Services,ORGANIZATIONAL-UNIT-FIN-TEAM-01,LOC-HQ,POS-245,Accounts Assistant,Junior,Permanent,EMP228,,,
EMP248,Anam Zafar,DEPARTMENT-002,Finance,Corporate Services,ORGANIZATIONAL-UNIT-FIN-TEAM-01,LOC-HQ,POS-246,Accounts Assistant,Junior,Permanent,Active,EMP229,2023-05-01,1992-10-09,33,2052-10-09,NOT_DUE,2023-05-01,2023-08-01,2023-08-01,3,0,CONFIRMED,2023-08-08,COMPLETED,,,,,,63.5,49.4,87.27,Stable,90.8,3.0,No,NONE,,Additive synthetic operational layer based on existing 720-employee data,2026-08-01,0,,,NONE,,NONE,,,NONE,,,NONE,,,NONE,,,,0,,Active,DEPARTMENT-002,Finance,Corporate Services,ORGANIZATIONAL-UNIT-FIN-TEAM-01,LOC-HQ,POS-246,Accounts Assistant,Junior,Permanent,EMP229,,,
EMP249,Noor Qureshi,DEPARTMENT-002,Finance,Corporate Services,ORGANIZATIONAL-UNIT-FIN-TEAM-01,LOC-HQ,POS-247,Finance Intern,Intern,Internship,Active,EMP230,2026-05-01,2001-05-08,25,2061-05-08,NOT_DUE,,,,,0,NOT_APPLICABLE,,,,,,,,18.1,41.0,79.11,Declining,96.9,3.2,No,NONE,,Additive synthetic operational layer based on existing 720-employee data,2026-08-01,0,,,NONE,,NONE,,,NONE,,,NONE,,,NONE,,,,0,,Active,DEPARTMENT-002,Finance,Corporate Services,ORGANIZATIONAL-UNIT-FIN-TEAM-01,LOC-HQ,POS-247,Finance Intern,Intern,Internship,EMP230,,,
EMP250,Taha Malik,DEPARTMENT-002,Finance,Corporate Services,ORGANIZATIONAL-UNIT-FIN-TEAM-03,LOC-HQ,POS-248,Finance Intern,Intern,Internship,Active,EMP231,2025-08-01,1997-08-19,28,2057-08-19,NOT_DUE,,,,,0,NOT_APPLICABLE,,,,,,,,36.7,42.2,85.57,Improving,100.0,3.2,No,NONE,,Additive synthetic operational layer based on existing 720-employee data,2026-08-01,0,,,NONE,,NONE,,,NONE,,,NONE,,,NONE,,,,0,,Active,DEPARTMENT-002,Finance,Corporate Services,ORGANIZATIONAL-UNIT-FIN-TEAM-03,LOC-HQ,POS-248,Finance Intern,Intern,Internship,EMP231,,,
EMP251,Mahnoor Javed,DEPARTMENT-002,Finance,Corporate Services,ORGANIZATIONAL-UNIT-FIN-TEAM-03,LOC-HQ,POS-249,Finance Intern,Intern,Internship,Active,EMP232,2026-01-01,2000-09-20,25,2060-09-20,NOT_DUE,,,,,0,NOT_APPLICABLE,,,,,,,,24.5,49.0,71.33,Stable,95.4,4.0,No,NONE,,Additive synthetic operational layer based on existing 720-employee data,2026-08-01,0,,,NONE,,NONE,,,NONE,,,NONE,,,NONE,,,,0,,Active,DEPARTMENT-002,Finance,Corporate Services,ORGANIZATIONAL-UNIT-FIN-TEAM-03,LOC-HQ,POS-249,Finance Intern,Intern,Internship,EMP232,,,
EMP252,Iqra Ismail,DEPARTMENT-003,Sales,Commercial Services,ORGANIZATIONAL-UNIT-SAL,LOC-NORTH,EXEC-SAL-HEAD,Head of Sales,Executive,Permanent,Active,,2018-03-01,1978-08-30,47,2038-08-30,NOT_DUE,2018-03-01,2018-06-01,2018-06-01,3,0,CONFIRMED,2018-05-26,COMPLETED,,,,,,50.3,90.0,79.49,Stable,100.0,4.6,No,NONE,,Additive synthetic operational layer based on existing 720-employee data,2026-08-01,0,,,NONE,,NONE,,,NONE,,,NONE,,,NONE,,,,0,,Active,DEPARTMENT-003,Sales,Commercial Services,ORGANIZATIONAL-UNIT-SAL,LOC-NORTH,EXEC-SAL-HEAD,Head of Sales,Executive,Permanent,,,,
EMP253,Hassan Nawaz,DEPARTMENT-003,Sales,Commercial Services,ORGANIZATIONAL-UNIT-SAL-TEAM-02,LOC-NORTH,POS-250,Senior Account Manager,Senior,Permanent,Active,EMP105,2022-02-01,1988-12-21,37,2048-12-21,NOT_DUE,2022-02-01,2022-05-01,2022-05-01,3,0,CONFIRMED,2022-05-12,COMPLETED,,,,,,79.1,79.0,82.39,Stable,95.4,4.9,No,NONE,,Additive synthetic operational layer based on existing 720-employee data,2026-08-01,0,,,NONE,,NONE,,,NONE,,,NONE,,,NONE,,,,0,,Active,DEPARTMENT-003,Sales,Commercial Services,ORGANIZATIONAL-UNIT-SAL-TEAM-02,LOC-NORTH,POS-250,Senior Account Manager,Senior,Permanent,EMP105,,,
EMP254,Farhan Awan,DEPARTMENT-003,Sales,Commercial Services,ORGANIZATIONAL-UNIT-SAL-TEAM-02,LOC-NORTH,POS-251,Senior Account Manager,Senior,Contract,Active,EMP166,2019-06-01,1984-11-06,41,2044-11-06,NOT_DUE,2019-06-01,2019-09-01,2019-09-01,3,0,CONFIRMED,2019-09-02,COMPLETED,2025-06-01,2027-05-31,24,3,ACTIVE,78.6,82.6,83.83,Stable,96.9,4.0,No,NONE,,Additive synthetic operational layer based on existing 720-employee data,2026-08-01,0,,,NONE,,NONE,,,NONE,,,NONE,,,NONE,,,,0,,Active,DEPARTMENT-003,Sales,Commercial Services,ORGANIZATIONAL-UNIT-SAL-TEAM-02,LOC-NORTH,POS-251,Senior Account Manager,Senior,Contract,EMP166,,,
EMP255,Rabia Rashid,DEPARTMENT-003,Sales,Commercial Services,ORGANIZATIONAL-UNIT-SAL-TEAM-02,LOC-NORTH,POS-252,Senior Account Manager,Senior,Contract,Active,EMP011,2014-03-01,1975-12-27,50,2035-12-27,NOT_DUE,2014-03-01,2014-06-01,2014-06-01,3,0,CONFIRMED,2014-06-05,COMPLETED,2026-03-01,2027-02-28,12,12,ACTIVE,78.3,93.6,85.78,Stable,98.5,4.4,No,NONE,,Additive synthetic operational layer based on existing 720-employee data,2026-08-01,0,,,NONE,,NONE,,,NONE,,,NONE,,,NONE,,,,0,,Active,DEPARTMENT-003,Sales,Commercial Services,ORGANIZATIONAL-UNIT-SAL-TEAM-02,LOC-NORTH,POS-252,Senior Account Manager,Senior,Contract,EMP011,,,
EMP256,Omar Farooq,DEPARTMENT-003,Sales,Commercial Services,ORGANIZATIONAL-UNIT-SAL-TEAM-02,LOC-NORTH,POS-253,Sales Intern,Intern,Internship,Active,EMP125,2026-07-01,2000-02-07,26,2060-02-07,NOT_DUE,,,,,0,NOT_APPLICABLE,,,,,,,,30.6,50.2,80.9,Stable,100.0,3.9,No,NONE,,Additive synthetic operational layer based on existing 720-employee data,2026-08-01,0,,,NONE,,NONE,,,NONE,,,NONE,,,NONE,,,,0,,Active,DEPARTMENT-003,Sales,Commercial Services,ORGANIZATIONAL-UNIT-SAL-TEAM-02,LOC-NORTH,POS-253,Sales Intern,Intern,Internship,EMP125,,,
EMP257,Adnan Baig,DEPARTMENT-003,Sales,Commercial Services,ORGANIZATIONAL-UNIT-SAL-TEAM-02,LOC-NORTH,POS-254,Sales Intern,Intern,Internship,Probation,EMP176,2026-02-01,1998-01-12,28,2058-01-12,NOT_DUE,2026-02-01,2026-04-01,2026-05-01,2,1,OVERDUE,,EXTEND,,,,,,33.0,16.0,80.15,Improving,96.9,3.3,No,NONE,,Additive synthetic operational layer based on existing 720-employee data,2026-08-01,0,,,NONE,,NONE,,,NONE,,,NONE,,,NONE,,,,0,,Probation,DEPARTMENT-003,Sales,Commercial Services,ORGANIZATIONAL-UNIT-SAL-TEAM-02,LOC-NORTH,POS-254,Sales Intern,Intern,Internship,EMP176,,,
EMP258,Ayesha Khalid,DEPARTMENT-003,Sales,Commercial Services,ORGANIZATIONAL-UNIT-SAL-TEAM-01,LOC-NORTH,POS-255,Sales Intern,Intern,Internship,Active,EMP253,2025-08-01,1999-10-22,26,2059-10-22,NOT_DUE,,,,,0,NOT_APPLICABLE,,,,,,,,25.9,49.0,72.66,Stable,100.0,4.0,No,NONE,,Additive synthetic operational layer based on existing 720-employee data,2026-08-01,0,,,NONE,,NONE,,,NONE,,,NONE,,,NONE,,,,0,,Active,DEPARTMENT-003,Sales,Commercial Services,ORGANIZATIONAL-UNIT-SAL-TEAM-01,LOC-NORTH,POS-255,Sales Intern,Intern,Internship,EMP253,,,
EMP259,Usman Nasir,DEPARTMENT-004,Customer Support,Commercial Services,ORGANIZATIONAL-UNIT-CS,LOC-CENTRAL,EXEC-CS-HEAD,Head of Customer Support,Executive,Permanent,Active,,2009-09-01,1966-09-15,59,2026-09-15,DUE_180D,2009-09-01,2009-12-01,2009-12-01,3,0,CONFIRMED,2009-11-24,COMPLETED,,,,,,38.2,65.2,74.46,Stable,95.4,3.3,No,RETIREMENT,2026-09-15,Additive synthetic operational layer based on existing 720-employee data,2026-08-01,0,,,NONE,,PENDING,2026-09-22,HRACT-00282,NONE,,,NONE,,,NONE,,,,0,,Active,DEPARTMENT-004,Customer Support,Commercial Services,ORGANIZATIONAL-UNIT-CS,LOC-CENTRAL,EXEC-CS-HEAD,Head of Customer Support,Executive,Permanent,,,,
EMP260,Rabia Farooq,DEPARTMENT-004,Customer Support,Commercial Services,ORGANIZATIONAL-UNIT-CS-TEAM-03,LOC-CENTRAL,POS-256,Senior Customer Support Specialist,Senior,Permanent,Active,EMP009,2017-12-01,1986-09-26,39,2046-09-26,NOT_DUE,2017-12-01,2018-03-01,2018-03-01,3,0,CONFIRMED,2018-03-09,COMPLETED,,,,,,71.9,82.6,80.64,Declining,96.9,5.0,No,NONE,,Additive synthetic operational layer based on existing 720-employee data,2026-08-01,0,,,NONE,,NONE,,,NONE,,,NONE,,,NONE,,,,0,,Active,DEPARTMENT-004,Customer Support,Commercial Services,ORGANIZATIONAL-UNIT-CS-TEAM-03,LOC-CENTRAL,POS-256,Senior Customer Support Specialist,Senior,Permanent,EMP009,,,
EMP261,Anam Ahmed,DEPARTMENT-004,Customer Support,Commercial Services,ORGANIZATIONAL-UNIT-CS-TEAM-01,LOC-CENTRAL,POS-257,Senior Customer Support Specialist,Senior,Permanent,Active,EMP068,2018-07-01,1982-04-06,44,2042-04-06,NOT_DUE,2018-07-01,2018-10-01,2018-10-01,3,0,CONFIRMED,2018-10-06,COMPLETED,,,,,,79.3,83.0,89.27,Stable,95.4,3.3,No,NONE,,Additive synthetic operational layer based on existing 720-employee data,2026-08-01,0,,,NONE,,NONE,,,NONE,,,NONE,,,NONE,,,,0,,Active,DEPARTMENT-004,Customer Support,Commercial Services,ORGANIZATIONAL-UNIT-CS-TEAM-01,LOC-CENTRAL,POS-257,Senior Customer Support Specialist,Senior,Permanent,EMP068,,,
EMP262,Omar Riaz,DEPARTMENT-004,Customer Support,Commercial Services,ORGANIZATIONAL-UNIT-CS-TEAM-02,LOC-CENTRAL,POS-258,Senior Customer Support Specialist,Senior,Permanent,Active,EMP128,2016-10-01,1983-02-25,43,2043-02-25,NOT_DUE,2016-10-01,2017-01-01,2017-01-01,3,0,CONFIRMED,2016-12-25,COMPLETED,,,,,,80.3,89.8,86.71,Stable,100.0,5.0,No,NONE,,Additive synthetic operational layer based on existing 720-employee data,2026-08-01,0,,,NONE,,NONE,,,NONE,,,NONE,,,NONE,,,,0,,Active,DEPARTMENT-004,Customer Support,Commercial Services,ORGANIZATIONAL-UNIT-CS-TEAM-02,LOC-CENTRAL,POS-258,Senior Customer Support Specialist,Senior,Permanent,EMP128,,,
EMP263,Anusha Rauf,DEPARTMENT-004,Customer Support,Commercial Services,ORGANIZATIONAL-UNIT-CS-TEAM-01,LOC-CENTRAL,POS-259,Customer Support Specialist,Mid,Permanent,Active,EMP144,2021-10-01,1994-04-09,32,2054-04-09,NOT_DUE,2021-10-01,2022-01-01,2022-01-01,3,0,CONFIRMED,2022-01-05,COMPLETED,,,,,,75.8,67.6,89.59,Stable,98.5,2.8,No,NONE,,Additive synthetic operational layer based on existing 720-employee data,2026-08-01,0,,,NONE,,NONE,,,NONE,,,NONE,,,NONE,,,,0,,Active,DEPARTMENT-004,Customer Support,Commercial Services,ORGANIZATIONAL-UNIT-CS-TEAM-01,LOC-CENTRAL,POS-259,Customer Support Specialist,Mid,Permanent,EMP144,,,
EMP264,Areeba Rauf,DEPARTMENT-004,Customer Support,Commercial Services,ORGANIZATIONAL-UNIT-CS-TEAM-03,LOC-CENTRAL,POS-260,Customer Support Specialist,Mid,Permanent,Active,EMP147,2023-10-01,1992-12-29,33,2052-12-29,NOT_DUE,2023-10-01,2024-01-01,2024-01-01,3,0,CONFIRMED,2023-12-29,COMPLETED,,,,,,85.0,86.2,90.34,Improving,100.0,4.5,No,NONE,,Additive synthetic operational layer based on existing 720-employee data,2026-08-01,0,,,NONE,,NONE,,,NONE,,,NONE,,,NONE,,,,0,,Active,DEPARTMENT-004,Customer Support,Commercial Services,ORGANIZATIONAL-UNIT-CS-TEAM-03,LOC-CENTRAL,POS-260,Customer Support Specialist,Mid,Permanent,EMP147,,,
EMP265,Danish Saleem,DEPARTMENT-004,Customer Support,Commercial Services,ORGANIZATIONAL-UNIT-CS-TEAM-01,LOC-CENTRAL,POS-261,Customer Support Intern,Intern,Internship,Probation,EMP260,2026-06-01,2000-05-15,26,2060-05-15,NOT_DUE,2026-06-01,2026-08-01,2026-08-01,2,0,DUE_SOON,,CONFIRM,,,,,,29.0,21.0,81.02,Stable,93.8,2.6,No,NONE,,Additive synthetic operational layer based on existing 720-employee data,2026-08-01,0,,,NONE,,NONE,,,NONE,,,NONE,,,NONE,,,,0,,Probation,DEPARTMENT-004,Customer Support,Commercial Services,ORGANIZATIONAL-UNIT-CS-TEAM-01,LOC-CENTRAL,POS-261,Customer Support Intern,Intern,Internship,EMP260,,,
EMP266,Maryam Khalid,DEPARTMENT-004,Customer Support,Commercial Services,ORGANIZATIONAL-UNIT-CS-TEAM-01,LOC-CENTRAL,POS-262,Customer Support Intern,Intern,Internship,Active,EMP261,2026-01-01,2000-03-25,26,2060-03-25,NOT_DUE,,,,,0,NOT_APPLICABLE,,,,,,,,20.5,41.0,82.27,Declining,96.9,3.1,No,NONE,,Additive synthetic operational layer based on existing 720-employee data,2026-08-01,0,,,NONE,,NONE,,,SCHEDULED,POS-718,2026-11-09,NONE,,,NONE,,,,0,,Active,DEPARTMENT-004,Customer Support,Commercial Services,ORGANIZATIONAL-UNIT-CS-TEAM-01,LOC-CENTRAL,POS-262,Customer Support Intern,Intern,Internship,EMP261,,,
EMP267,Haris Awan,DEPARTMENT-004,Customer Support,Commercial Services,ORGANIZATIONAL-UNIT-CS-TEAM-01,LOC-CENTRAL,POS-263,Customer Support Intern,Intern,Internship,Probation,EMP262,2026-07-01,2002-11-16,23,2062-11-16,NOT_DUE,2026-07-01,2026-09-01,2026-09-01,2,0,ACTIVE,,CONFIRM,,,,,,37.9,26.4,84.54,Improving,95.4,4.3,No,NONE,,Additive synthetic operational layer based on existing 720-employee data,2026-08-01,0,,,NONE,,NONE,,,NONE,,,NONE,,,NONE,,,,0,,Probation,DEPARTMENT-004,Customer Support,Commercial Services,ORGANIZATIONAL-UNIT-CS-TEAM-01,LOC-CENTRAL,POS-263,Customer Support Intern,Intern,Internship,EMP262,,,
EMP268,Fatima Mughal,DEPARTMENT-005,Engineering,Technology and Innovation,ORGANIZATIONAL-UNIT-ENG,LOC-HQ,EXEC-ENG-HEAD,Head of Engineering,Executive,Contract,Active,,2016-03-01,1975-06-22,51,2035-06-22,NOT_DUE,2016-03-01,2016-06-01,2016-06-01,3,0,CONFIRMED,2016-06-04,COMPLETED,2026-03-01,2027-02-28,12,10,ACTIVE,40.8,70.0,79.01,Stable,100.0,2.3,No,NONE,,Additive synthetic operational layer based on existing 720-employee data,2026-08-01,0,,,NONE,,NONE,,,NONE,,,NONE,,,NONE,,,,0,,Active,DEPARTMENT-005,Engineering,Technology and Innovation,ORGANIZATIONAL-UNIT-ENG,LOC-HQ,EXEC-ENG-HEAD,Head of Engineering,Executive,Contract,,,,
EMP269,Noor Bukhari,DEPARTMENT-005,Engineering,Technology and Innovation,ORGANIZATIONAL-UNIT-ENG-TEAM-03,LOC-HQ,POS-264,Senior Software Engineer,Senior,Permanent,Active,EMP129,2017-11-01,1983-01-13,43,2043-01-13,NOT_DUE,2017-11-01,2018-02-01,2018-02-01,3,0,CONFIRMED,2018-02-07,COMPLETED,,,,,,88.5,87.4,88.57,Improving,98.5,3.5,No,NONE,,Additive synthetic operational layer based on existing 720-employee data,2026-08-01,0,,,NONE,,NONE,,,NONE,,,NONE,,,NONE,,,,0,,Active,DEPARTMENT-005,Engineering,Technology and Innovation,ORGANIZATIONAL-UNIT-ENG-TEAM-03,LOC-HQ,POS-264,Senior Software Engineer,Senior,Permanent,EMP129,,,
EMP270,Laiba Saeed,DEPARTMENT-005,Engineering,Technology and Innovation,ORGANIZATIONAL-UNIT-ENG-TEAM-03,LOC-HQ,POS-265,Senior Software Engineer,Senior,Permanent,Active,EMP142,2015-12-01,1981-02-03,45,2041-02-03,NOT_DUE,2015-12-01,2016-03-01,2016-03-01,3,0,CONFIRMED,2016-03-09,COMPLETED,,,,,,71.3,94.8,83.97,Declining,93.8,3.5,No,NONE,,Additive synthetic operational layer based on existing 720-employee data,2026-08-01,0,,,NONE,,NONE,,,NONE,,,NONE,,,ACTIVE,DEPARTMENT-008,POS-743,2026-08-10,0,,Active,DEPARTMENT-005,Engineering,Technology and Innovation,ORGANIZATIONAL-UNIT-ENG-TEAM-03,LOC-HQ,POS-265,Senior Software Engineer,Senior,Permanent,EMP142,,,
EMP271,Minal Khalid,DEPARTMENT-005,Engineering,Technology and Innovation,ORGANIZATIONAL-UNIT-ENG-TEAM-03,LOC-HQ,POS-266,Junior Software Engineer,Junior,Permanent,Active,EMP031,2024-01-01,1996-03-29,30,2056-03-29,NOT_DUE,2024-01-01,2024-04-01,2024-04-01,3,0,CONFIRMED,2024-04-09,COMPLETED,,,,,,64.8,45.8,84.6,Stable,98.5,2.7,No,NONE,,Additive synthetic operational layer based on existing 720-employee data,2026-08-01,0,,,NONE,,NONE,,,NONE,,,NONE,,,NONE,,,,0,,Active,DEPARTMENT-005,Engineering,Technology and Innovation,ORGANIZATIONAL-UNIT-ENG-TEAM-03,LOC-HQ,POS-266,Junior Software Engineer,Junior,Permanent,EMP031,,,
EMP272,Ali Siddiqui,DEPARTMENT-005,Engineering,Technology and Innovation,ORGANIZATIONAL-UNIT-ENG-TEAM-03,LOC-HQ,POS-267,Junior Software Engineer,Junior,Permanent,Active,EMP058,2024-12-01,1997-11-29,28,2057-11-29,NOT_DUE,2024-12-01,2025-03-01,2025-03-01,3,0,CONFIRMED,2025-03-03,COMPLETED,,,,,,59.9,41.0,80.86,Stable,100.0,3.2,No,NONE,,Additive synthetic operational layer based on existing 720-employee data,2026-08-01,0,,,NONE,,NONE,,,NONE,,,NONE,,,NONE,,,,0,,Active,DEPARTMENT-005,Engineering,Technology and Innovation,ORGANIZATIONAL-UNIT-ENG-TEAM-03,LOC-HQ,POS-267,Junior Software Engineer,Junior,Permanent,EMP058,,,
EMP273,Haris Ejaz,DEPARTMENT-005,Engineering,Technology and Innovation,ORGANIZATIONAL-UNIT-ENG-TEAM-01,LOC-HQ,POS-268,Junior Software Engineer,Junior,Permanent,Active,EMP092,2023-08-01,1996-01-20,30,2056-01-20,NOT_DUE,2023-08-01,2023-11-01,2023-11-01,3,0,CONFIRMED,2023-10-30,COMPLETED,,,,,,69.5,51.4,87.4,Improving,100.0,3.7,No,NONE,,Additive synthetic operational layer based on existing 720-employee data,2026-08-01,0,,,NONE,,NONE,,,SCHEDULED,POS-723,2026-11-25,NONE,,,NONE,,,,0,,Active,DEPARTMENT-005,Engineering,Technology and Innovation,ORGANIZATIONAL-UNIT-ENG-TEAM-01,LOC-HQ,POS-268,Junior Software Engineer,Junior,Permanent,EMP092,,,
EMP274,Adnan Awan,DEPARTMENT-005,Engineering,Technology and Innovation,ORGANIZATIONAL-UNIT-ENG-TEAM-03,LOC-HQ,POS-269,Engineering Intern,Intern,Internship,Probation,EMP100,2026-06-01,2001-02-04,25,2061-02-04,NOT_DUE,2026-06-01,2026-08-01,2026-08-01,2,0,DUE_SOON,,CONFIRM,,,,,,39.1,24.0,86.91,Improving,100.0,4.0,No,NONE,,Additive synthetic operational layer based on existing 720-employee data,2026-08-01,0,,,NONE,,NONE,,,NONE,,,NONE,,,NONE,,,,0,,Probation,DEPARTMENT-005,Engineering,Technology and Innovation,ORGANIZATIONAL-UNIT-ENG-TEAM-03,LOC-HQ,POS-269,Engineering Intern,Intern,Internship,EMP100,,,
EMP275,Fatima Saeed,DEPARTMENT-005,Engineering,Technology and Innovation,ORGANIZATIONAL-UNIT-ENG-TEAM-01,LOC-HQ,POS-270,Engineering Intern,Intern,Internship,Active,EMP159,2026-01-01,1998-11-30,27,2058-11-30,NOT_DUE,,,,,0,NOT_APPLICABLE,,,,,,,,32.5,57.4,81.13,Stable,98.5,4.5,No,NONE,,Additive synthetic operational layer based on existing 720-employee data,2026-08-01,0,,,NONE,,NONE,,,NONE,,,NONE,,,NONE,,,,0,,Active,DEPARTMENT-005,Engineering,Technology and Innovation,ORGANIZATIONAL-UNIT-ENG-TEAM-01,LOC-HQ,POS-270,Engineering Intern,Intern,Internship,EMP159,,,
EMP276,Ali Riaz,DEPARTMENT-005,Engineering,Technology and Innovation,ORGANIZATIONAL-UNIT-ENG-TEAM-03,LOC-HQ,POS-271,Engineering Intern,Intern,Internship,Active,EMP269,2026-07-01,2000-07-04,26,2060-07-04,NOT_DUE,,,,,0,NOT_APPLICABLE,,,,,,,,26.4,55.0,74.67,Stable,100.0,4.0,No,NONE,,Additive synthetic operational layer based on existing 720-employee data,2026-08-01,0,,,NONE,,NONE,,,NONE,,,NONE,,,NONE,,,,0,,Active,DEPARTMENT-005,Engineering,Technology and Innovation,ORGANIZATIONAL-UNIT-ENG-TEAM-03,LOC-HQ,POS-271,Engineering Intern,Intern,Internship,EMP269,,,
EMP277,Amna Chaudhry,DEPARTMENT-006,Operations,Enterprise Operations,ORGANIZATIONAL-UNIT-OPS,LOC-CENTRAL,EXEC-OPS-HEAD,Head of Operations,Executive,Permanent,Active,,2008-01-01,1967-03-14,59,2027-03-14,NOT_DUE,2008-01-01,2008-04-01,2008-04-01,3,0,CONFIRMED,2008-03-30,COMPLETED,,,,,,40.1,88.6,80.9,Declining,96.9,4.0,No,RETIREMENT,2027-03-14,Additive synthetic operational layer based on existing 720-employee data,2026-08-01,0,,,NONE,,NONE,,,NONE,,,NONE,,,NONE,,,,0,,Active,DEPARTMENT-006,Operations,Enterprise Operations,ORGANIZATIONAL-UNIT-OPS,LOC-CENTRAL,EXEC-OPS-HEAD,Head of Operations,Executive,Permanent,,,,
EMP278,Kinza Mirza,DEPARTMENT-006,Operations,Enterprise Operations,ORGANIZATIONAL-UNIT-OPS,LOC-CENTRAL,POS-272,Operations Manager,Lead/Manager,Permanent,Active,EMP277,2011-07-01,1977-06-18,49,2037-06-18,NOT_DUE,2011-07-01,2011-10-01,2011-10-01,3,0,CONFIRMED,2011-09-26,COMPLETED,,,,,,80.5,88.8,79.69,Stable,100.0,4.6,No,NONE,,Additive synthetic operational layer based on existing 720-employee data,2026-08-01,0,,,NONE,,NONE,,,NONE,,,NONE,,,NONE,,,,0,,Active,DEPARTMENT-006,Operations,Enterprise Operations,ORGANIZATIONAL-UNIT-OPS,LOC-CENTRAL,POS-272,Operations Manager,Lead/Manager,Permanent,EMP277,,,
EMP279,Minal Ali,DEPARTMENT-006,Operations,Enterprise Operations,ORGANIZATIONAL-UNIT-OPS-TEAM-02,LOC-CENTRAL,POS-273,Senior Operations Officer,Senior,Permanent,Active,EMP278,2016-12-01,1984-08-09,41,2044-08-09,NOT_DUE,2016-12-01,2017-03-01,2017-03-01,3,0,CONFIRMED,2017-03-14,COMPLETED,,,,,,90.7,81.4,89.65,Improving,98.5,4.2,No,NONE,,Additive synthetic operational layer based on existing 720-employee data,2026-08-01,0,,,NONE,,NONE,,,NONE,,,NONE,,,NONE,,,,0,,Active,DEPARTMENT-006,Operations,Enterprise Operations,ORGANIZATIONAL-UNIT-OPS-TEAM-02,LOC-CENTRAL,POS-273,Senior Operations Officer,Senior,Permanent,EMP278,,,
EMP280,Noman Waheed,DEPARTMENT-006,Operations,Enterprise Operations,ORGANIZATIONAL-UNIT-OPS-TEAM-03,LOC-CENTRAL,POS-274,Senior Operations Officer,Senior,Permanent,Active,EMP026,2023-04-01,1989-03-08,37,2049-03-08,NOT_DUE,2023-04-01,2023-07-01,2023-07-01,3,0,CONFIRMED,2023-06-26,COMPLETED,,,,,,75.4,78.0,78.59,Improving,98.5,4.7,No,NONE,,Additive synthetic operational layer based on existing 720-employee data,2026-08-01,0,,,NONE,,NONE,,,NONE,,,NONE,,,NONE,,,,0,,Active,DEPARTMENT-006,Operations,Enterprise Operations,ORGANIZATIONAL-UNIT-OPS-TEAM-03,LOC-CENTRAL,POS-274,Senior Operations Officer,Senior,Permanent,EMP026,,,
EMP281,Noman Shah,DEPARTMENT-006,Operations,Enterprise Operations,ORGANIZATIONAL-UNIT-OPS-TEAM-01,LOC-CENTRAL,POS-275,Senior Operations Officer,Senior,Contract,Active,EMP067,2018-05-01,1983-09-10,42,2043-09-10,NOT_DUE,2018-05-01,2018-08-01,2018-08-01,3,0,CONFIRMED,2018-08-04,COMPLETED,2026-05-01,2027-04-30,12,8,ACTIVE,88.2,87.6,85.51,Improving,100.0,4.4,No,NONE,,Additive synthetic operational layer based on existing 720-employee data,2026-08-01,0,,,NONE,,NONE,,,NONE,,,NONE,,,NONE,,,,0,,Active,DEPARTMENT-006,Operations,Enterprise Operations,ORGANIZATIONAL-UNIT-OPS-TEAM-01,LOC-CENTRAL,POS-275,Senior Operations Officer,Senior,Contract,EMP067,,,
EMP282,Sana Latif,DEPARTMENT-006,Operations,Enterprise Operations,ORGANIZATIONAL-UNIT-OPS-TEAM-01,LOC-CENTRAL,POS-276,Senior Operations Officer,Senior,Permanent,Active,EMP141,2017-07-01,1981-06-05,45,2041-06-05,NOT_DUE,2017-07-01,2017-10-01,2017-10-01,3,0,CONFIRMED,2017-09-26,COMPLETED,,,,,,76.8,73.2,76.17,Improving,100.0,5.0,No,NONE,,Additive synthetic operational layer based on existing 720-employee data,2026-08-01,0,,,NONE,,NONE,,,NONE,,,NONE,,,NONE,,,,0,,Active,DEPARTMENT-006,Operations,Enterprise Operations,ORGANIZATIONAL-UNIT-OPS-TEAM-01,LOC-CENTRAL,POS-276,Senior Operations Officer,Senior,Permanent,EMP141,,,
EMP283,Komal Baig,DEPARTMENT-006,Operations,Enterprise Operations,ORGANIZATIONAL-UNIT-OPS-TEAM-03,LOC-CENTRAL,POS-277,Senior Operations Officer,Senior,Permanent,Active,EMP278,2015-10-01,1979-05-16,47,2039-05-16,NOT_DUE,2015-10-01,2016-01-01,2016-01-01,3,0,CONFIRMED,2016-01-12,COMPLETED,,,,,,66.2,70.2,74.6,Stable,96.9,3.2,No,NONE,,Additive synthetic operational layer based on existing 720-employee data,2026-08-01,0,,,NONE,,NONE,,,NONE,,,NONE,,,NONE,,,,0,,Active,DEPARTMENT-006,Operations,Enterprise Operations,ORGANIZATIONAL-UNIT-OPS-TEAM-03,LOC-CENTRAL,POS-277,Senior Operations Officer,Senior,Permanent,EMP278,,,
EMP284,Hamza Aziz,DEPARTMENT-006,Operations,Enterprise Operations,ORGANIZATIONAL-UNIT-OPS-TEAM-02,LOC-CENTRAL,POS-278,Senior Operations Officer,Senior,Permanent,Active,EMP026,2016-10-01,1984-11-07,41,2044-11-07,NOT_DUE,2016-10-01,2017-01-01,2017-01-01,3,0,CONFIRMED,2016-12-28,COMPLETED,,,,,,71.7,75.6,77.99,Stable,100.0,3.8,No,NONE,,Additive synthetic operational layer based on existing 720-employee data,2026-08-01,0,,,NONE,,NONE,,,NONE,,,NONE,,,NONE,,,,0,,Active,DEPARTMENT-006,Operations,Enterprise Operations,ORGANIZATIONAL-UNIT-OPS-TEAM-02,LOC-CENTRAL,POS-278,Senior Operations Officer,Senior,Permanent,EMP026,,,
EMP285,Maryam Baig,DEPARTMENT-006,Operations,Enterprise Operations,ORGANIZATIONAL-UNIT-OPS-TEAM-03,LOC-CENTRAL,POS-279,Senior Operations Officer,Senior,Permanent,Active,EMP067,2017-08-01,1989-03-06,37,2049-03-06,NOT_DUE,2017-08-01,2017-11-01,2017-11-01,3,0,CONFIRMED,2017-11-02,COMPLETED,,,,,,70.6,63.0,85.62,Stable,96.9,2.3,No,NONE,,Additive synthetic operational layer based on existing 720-employee data,2026-08-01,0,,,NONE,,NONE,,,NONE,,,NONE,,,NONE,,,,0,,Active,DEPARTMENT-006,Operations,Enterprise Operations,ORGANIZATIONAL-UNIT-OPS-TEAM-03,LOC-CENTRAL,POS-279,Senior Operations Officer,Senior,Permanent,EMP067,,,
EMP286,Taha Munir,DEPARTMENT-006,Operations,Enterprise Operations,ORGANIZATIONAL-UNIT-OPS-TEAM-01,LOC-CENTRAL,POS-280,Senior Operations Officer,Senior,Permanent,Active,EMP141,2016-09-01,1984-01-14,42,2044-01-14,NOT_DUE,2016-09-01,2016-12-01,2016-12-01,3,0,CONFIRMED,2016-12-15,COMPLETED,,,,,,85.1,88.6,88.17,Stable,100.0,4.1,No,NONE,,Additive synthetic operational layer based on existing 720-employee data,2026-08-01,0,,,NONE,,NONE,,,NONE,,,NONE,,,NONE,,,,0,,Active,DEPARTMENT-006,Operations,Enterprise Operations,ORGANIZATIONAL-UNIT-OPS-TEAM-01,LOC-CENTRAL,POS-280,Senior Operations Officer,Senior,Permanent,EMP141,,,
EMP287,Komal Waheed,DEPARTMENT-006,Operations,Enterprise Operations,ORGANIZATIONAL-UNIT-OPS-TEAM-02,LOC-CENTRAL,POS-281,Operations Officer,Mid,Contract,Active,EMP278,2021-12-01,1992-11-01,33,2052-11-01,NOT_DUE,2021-12-01,2022-03-01,2022-03-01,3,0,CONFIRMED,2022-03-08,COMPLETED,2025-12-01,2027-11-30,24,2,ACTIVE,83.0,71.0,85.61,Improving,100.0,3.3,No,NONE,,Additive synthetic operational layer based on existing 720-employee data,2026-08-01,0,,,NONE,,NONE,,,NONE,,,NONE,,,NONE,,,,0,,Active,DEPARTMENT-006,Operations,Enterprise Operations,ORGANIZATIONAL-UNIT-OPS-TEAM-02,LOC-CENTRAL,POS-281,Operations Officer,Mid,Contract,EMP278,,,
EMP288,Hira Chaudhry,DEPARTMENT-006,Operations,Enterprise Operations,ORGANIZATIONAL-UNIT-OPS-TEAM-01,LOC-CENTRAL,POS-282,Operations Officer,Mid,Permanent,Active,EMP026,2020-09-01,1991-04-01,35,2051-04-01,NOT_DUE,2020-09-01,2020-12-01,2020-12-01,3,0,CONFIRMED,2020-11-28,COMPLETED,,,,,,77.3,72.6,89.49,Stable,93.8,3.1,No,NONE,,Additive synthetic operational layer based on existing 720-employee data,2026-08-01,0,,,NONE,,NONE,,,NONE,,,NONE,,,NONE,,,,0,,Active,DEPARTMENT-006,Operations,Enterprise Operations,ORGANIZATIONAL-UNIT-OPS-TEAM-01,LOC-CENTRAL,POS-282,Operations Officer,Mid,Permanent,EMP026,,,
EMP289,Ali Javed,DEPARTMENT-006,Operations,Enterprise Operations,ORGANIZATIONAL-UNIT-OPS-TEAM-03,LOC-CENTRAL,POS-283,Operations Intern,Intern,Internship,Active,EMP280,2025-08-01,1998-10-11,27,2058-10-11,NOT_DUE,,,,,0,NOT_APPLICABLE,,,,,,,,29.6,49.0,78.33,Stable,96.9,3.8,No,NONE,,Additive synthetic operational layer based on existing 720-employee data,2026-08-01,0,,,NONE,,NONE,,,NONE,,,NONE,,,NONE,,,,0,,Active,DEPARTMENT-006,Operations,Enterprise Operations,ORGANIZATIONAL-UNIT-OPS-TEAM-03,LOC-CENTRAL,POS-283,Operations Intern,Intern,Internship,EMP280,,,
EMP290,Sara Shah,DEPARTMENT-006,Operations,Enterprise Operations,ORGANIZATIONAL-UNIT-OPS-TEAM-01,LOC-CENTRAL,POS-284,Operations Intern,Intern,Internship,Probation,EMP281,2026-03-01,1999-03-06,27,2059-03-06,NOT_DUE,2026-03-01,2026-05-01,2026-07-01,2,1,OVERDUE,,EXTEND,,,,,,27.3,27.6,74.99,Stable,100.0,4.1,No,NONE,,Additive synthetic operational layer based on existing 720-employee data,2026-08-01,0,,,NONE,,NONE,,,NONE,,,NONE,,,NONE,,,,0,,Probation,DEPARTMENT-006,Operations,Enterprise Operations,ORGANIZATIONAL-UNIT-OPS-TEAM-01,LOC-CENTRAL,POS-284,Operations Intern,Intern,Internship,EMP281,,,
EMP291,Raza Khan,DEPARTMENT-006,Operations,Enterprise Operations,ORGANIZATIONAL-UNIT-OPS-TEAM-02,LOC-CENTRAL,POS-285,Operations Intern,Intern,Internship,Active,EMP282,2025-08-01,2000-02-22,26,2060-02-22,NOT_DUE,,,,,0,NOT_APPLICABLE,,,,,,,,21.7,41.0,84.92,Declining,95.4,2.4,No,NONE,,Additive synthetic operational layer based on existing 720-employee data,2026-08-01,0,,,NONE,,NONE,,,NONE,,,NONE,,,NONE,,,,0,,Active,DEPARTMENT-006,Operations,Enterprise Operations,ORGANIZATIONAL-UNIT-OPS-TEAM-02,LOC-CENTRAL,POS-285,Operations Intern,Intern,Internship,EMP282,,,
EMP292,Imran Mughal,DEPARTMENT-007,IT,Technology and Innovation,ORGANIZATIONAL-UNIT-IT,LOC-HQ,EXEC-IT-HEAD,Head of IT,Executive,Permanent,Active,,2016-04-01,1978-07-29,48,2038-07-29,NOT_DUE,2016-04-01,2016-07-01,2016-07-01,3,0,CONFIRMED,2016-06-24,COMPLETED,,,,,,50.5,88.6,82.65,Improving,100.0,3.5,Yes,NONE,,Additive synthetic operational layer based on existing 720-employee data,2026-08-01,0,,,NONE,,NONE,,,NONE,,,NONE,,,NONE,,,,0,,Active,DEPARTMENT-007,IT,Technology and Innovation,ORGANIZATIONAL-UNIT-IT,LOC-HQ,EXEC-IT-HEAD,Head of IT,Executive,Permanent,,,,
EMP293,Asad Akhtar,DEPARTMENT-007,IT,Technology and Innovation,ORGANIZATIONAL-UNIT-IT,LOC-HQ,POS-286,IT Manager,Lead/Manager,Permanent,Active,EMP292,2019-02-01,1979-01-24,47,2039-01-24,NOT_DUE,2019-02-01,2019-05-01,2019-05-01,3,0,CONFIRMED,2019-04-28,COMPLETED,,,,,,82.4,79.0,79.31,Improving,90.8,3.7,Yes,NONE,,Additive synthetic operational layer based on existing 720-employee data,2026-08-01,0,,,NONE,,NONE,,,NONE,,,NONE,,,NONE,,,,0,,Active,DEPARTMENT-007,IT,Technology and Innovation,ORGANIZATIONAL-UNIT-IT,LOC-HQ,POS-286,IT Manager,Lead/Manager,Permanent,EMP292,,,
EMP294,Sara Mirza,DEPARTMENT-007,IT,Technology and Innovation,ORGANIZATIONAL-UNIT-IT,LOC-HQ,POS-287,IT Manager,Lead/Manager,Contract,Active,EMP292,2011-04-01,1979-08-14,46,2039-08-14,NOT_DUE,2011-04-01,2011-07-01,2011-07-01,3,0,CONFIRMED,2011-06-28,COMPLETED,2025-04-01,2027-03-31,24,7,ACTIVE,79.7,77.0,82.31,Stable,95.4,3.3,No,NONE,,Additive synthetic operational layer based on existing 720-employee data,2026-08-01,0,,,NONE,,NONE,,,NONE,,,NONE,,,NONE,,,,0,,Active,DEPARTMENT-007,IT,Technology and Innovation,ORGANIZATIONAL-UNIT-IT,LOC-HQ,POS-287,IT Manager,Lead/Manager,Contract,EMP292,,,
EMP295,Raza Rehman,DEPARTMENT-007,IT,Technology and Innovation,ORGANIZATIONAL-UNIT-IT,LOC-HQ,POS-288,IT Manager,Lead/Manager,Permanent,Active,EMP292,2021-02-01,1983-02-28,43,2043-02-28,NOT_DUE,2021-02-01,2021-05-01,2021-05-01,3,0,CONFIRMED,2021-04-29,COMPLETED,,,,,,59.0,70.8,76.35,Declining,100.0,4.6,No,NONE,,Additive synthetic operational layer based on existing 720-employee data,2026-08-01,0,,,NONE,,NONE,,,NONE,,,NONE,,,NONE,,,,0,,Active,DEPARTMENT-007,IT,Technology and Innovation,ORGANIZATIONAL-UNIT-IT,LOC-HQ,POS-288,IT Manager,Lead/Manager,Permanent,EMP292,,,
EMP296,Fahad Aziz,DEPARTMENT-007,IT,Technology and Innovation,ORGANIZATIONAL-UNIT-IT-TEAM-02,LOC-HQ,POS-289,Senior Systems Engineer,Senior,Permanent,Active,EMP171,2014-06-01,1980-12-04,45,2040-12-04,NOT_DUE,2014-06-01,2014-09-01,2014-09-01,3,0,CONFIRMED,2014-08-27,COMPLETED,,,,,,84.8,89.8,87.75,Stable,96.9,4.4,No,NONE,,Additive synthetic operational layer based on existing 720-employee data,2026-08-01,0,,,NONE,,NONE,,,NONE,,,NONE,,,NONE,,,,0,,Active,DEPARTMENT-007,IT,Technology and Innovation,ORGANIZATIONAL-UNIT-IT-TEAM-02,LOC-HQ,POS-289,Senior Systems Engineer,Senior,Permanent,EMP171,,,
EMP297,Usman Mughal,DEPARTMENT-007,IT,Technology and Innovation,ORGANIZATIONAL-UNIT-IT-TEAM-01,LOC-HQ,POS-290,Senior Systems Engineer,Senior,Permanent,Active,EMP293,2022-04-01,1988-12-28,37,2048-12-28,NOT_DUE,2022-04-01,2022-07-01,2022-07-01,3,0,CONFIRMED,2022-06-24,COMPLETED,,,,,,79.0,88.8,86.35,Stable,100.0,3.8,Yes,NONE,,Additive synthetic operational layer based on existing 720-employee data,2026-08-01,0,,,NONE,,NONE,,,NONE,,,NONE,,,NONE,,,,0,,Active,DEPARTMENT-007,IT,Technology and Innovation,ORGANIZATIONAL-UNIT-IT-TEAM-01,LOC-HQ,POS-290,Senior Systems Engineer,Senior,Permanent,EMP293,,,
EMP298,Ayesha Mughal,DEPARTMENT-007,IT,Technology and Innovation,ORGANIZATIONAL-UNIT-IT-TEAM-01,LOC-HQ,POS-291,Senior Systems Engineer,Senior,Permanent,Active,EMP294,2020-05-01,1986-05-24,40,2046-05-24,NOT_DUE,2020-05-01,2020-08-01,2020-08-01,3,0,CONFIRMED,2020-08-02,COMPLETED,,,,,,78.1,74.4,78.61,Improving,100.0,4.8,No,NONE,,Additive synthetic operational layer based on existing 720-employee data,2026-08-01,0,,,NONE,,NONE,,,NONE,,,NONE,,,NONE,,,,0,,Active,DEPARTMENT-007,IT,Technology and Innovation,ORGANIZATIONAL-UNIT-IT-TEAM-01,LOC-HQ,POS-291,Senior Systems Engineer,Senior,Permanent,EMP294,,,
EMP299,Noor Nadeem,DEPARTMENT-007,IT,Technology and Innovation,ORGANIZATIONAL-UNIT-IT-TEAM-02,LOC-HQ,POS-292,Systems Administrator,Mid,Permanent,Active,EMP295,2022-06-01,1989-11-30,36,2049-11-30,NOT_DUE,2022-06-01,2022-09-01,2022-09-01,3,0,CONFIRMED,2022-08-29,COMPLETED,,,,,,67.3,76.8,80.49,Stable,90.8,3.5,No,NONE,,Additive synthetic operational layer based on existing 720-employee data,2026-08-01,0,,,NONE,,NONE,,,NONE,,,NONE,,,NONE,,,,0,,Active,DEPARTMENT-007,IT,Technology and Innovation,ORGANIZATIONAL-UNIT-IT-TEAM-02,LOC-HQ,POS-292,Systems Administrator,Mid,Permanent,EMP295,,,
EMP300,Talha Akhtar,DEPARTMENT-007,IT,Technology and Innovation,ORGANIZATIONAL-UNIT-IT-TEAM-03,LOC-HQ,POS-293,Systems Administrator,Mid,Permanent,Active,EMP095,2025-03-01,1994-01-04,32,2054-01-04,NOT_DUE,2025-03-01,2025-06-01,2025-06-01,3,0,CONFIRMED,2025-06-11,COMPLETED,,,,,,70.6,90.0,90.0,Declining,96.9,3.9,No,NONE,,Additive synthetic operational layer based on existing 720-employee data,2026-08-01,0,,,NONE,,NONE,,,SCHEDULED,POS-736,2027-01-18,NONE,,,NONE,,,,0,,Active,DEPARTMENT-007,IT,Technology and Innovation,ORGANIZATIONAL-UNIT-IT-TEAM-03,LOC-HQ,POS-293,Systems Administrator,Mid,Permanent,EMP095,,,
EMP301,Talha Ali,DEPARTMENT-007,IT,Technology and Innovation,ORGANIZATIONAL-UNIT-IT-TEAM-03,LOC-HQ,POS-294,Systems Administrator,Mid,Permanent,Active,EMP169,2024-11-01,1995-01-28,31,2055-01-28,NOT_DUE,2024-11-01,2025-02-01,2025-02-01,3,0,CONFIRMED,2025-02-05,COMPLETED,,,,,,76.3,86.2,86.36,Stable,100.0,3.6,No,NONE,,Additive synthetic operational layer based on existing 720-employee data,2026-08-01,0,,,NONE,,NONE,,,NONE,,,NONE,,,NONE,,,,0,,Active,DEPARTMENT-007,IT,Technology and Innovation,ORGANIZATIONAL-UNIT-IT-TEAM-03,LOC-HQ,POS-294,Systems Administrator,Mid,Permanent,EMP169,,,
EMP302,Zainab Mahmood,DEPARTMENT-007,IT,Technology and Innovation,ORGANIZATIONAL-UNIT-IT-TEAM-01,LOC-HQ,POS-295,Systems Administrator,Mid,Permanent,Active,EMP171,2023-10-01,1994-11-26,31,2054-11-26,NOT_DUE,2023-10-01,2024-01-01,2024-01-01,3,0,CONFIRMED,2024-01-09,COMPLETED,,,,,,78.3,68.8,91.73,Improving,100.0,3.2,No,NONE,,Additive synthetic operational layer based on existing 720-employee data,2026-08-01,0,,,NONE,,NONE,,,NONE,,,NONE,,,NONE,,,,0,,Active,DEPARTMENT-007,IT,Technology and Innovation,ORGANIZATIONAL-UNIT-IT-TEAM-01,LOC-HQ,POS-295,Systems Administrator,Mid,Permanent,EMP171,,,
EMP303,Saba Hameed,DEPARTMENT-007,IT,Technology and Innovation,ORGANIZATIONAL-UNIT-IT-TEAM-03,LOC-HQ,POS-296,Systems Administrator,Mid,Permanent,Active,EMP293,2021-10-01,1994-12-26,31,2054-12-26,NOT_DUE,2021-10-01,2022-01-01,2022-01-01,3,0,CONFIRMED,2022-01-03,COMPLETED,,,,,,76.3,81.8,86.8,Stable,96.9,3.4,No,NONE,,Additive synthetic operational layer based on existing 720-employee data,2026-08-01,0,,,NONE,,NONE,,,NONE,,,NONE,,,NONE,,,,0,,Active,DEPARTMENT-007,IT,Technology and Innovation,ORGANIZATIONAL-UNIT-IT-TEAM-03,LOC-HQ,POS-296,Systems Administrator,Mid,Permanent,EMP293,,,
EMP304,Sana Akhtar,DEPARTMENT-007,IT,Technology and Innovation,ORGANIZATIONAL-UNIT-IT-TEAM-02,LOC-HQ,POS-297,Systems Administrator,Mid,Permanent,Active,EMP294,2023-04-01,1993-12-08,32,2053-12-08,NOT_DUE,2023-04-01,2023-07-01,2023-07-01,3,0,CONFIRMED,2023-06-27,COMPLETED,,,,,,58.3,68.8,79.76,Declining,98.5,2.5,Yes,TERMINATION,2026-08-30,Additive synthetic operational layer based on existing 720-employee data,2026-08-01,0,,,NONE,,PENDING,2026-09-04,HRACT-00273,NONE,,,NONE,,,NONE,,,,0,,Active,DEPARTMENT-007,IT,Technology and Innovation,ORGANIZATIONAL-UNIT-IT-TEAM-02,LOC-HQ,POS-297,Systems Administrator,Mid,Permanent,EMP294,,,
EMP305,Talha Habib,DEPARTMENT-007,IT,Technology and Innovation,ORGANIZATIONAL-UNIT-IT-TEAM-02,LOC-HQ,POS-298,Systems Administrator,Mid,Permanent,Active,EMP295,2019-02-01,1993-01-23,33,2053-01-23,NOT_DUE,2019-02-01,2019-05-01,2019-05-01,3,0,CONFIRMED,2019-05-10,COMPLETED,,,,,,83.7,80.2,88.17,Improving,100.0,4.3,No,NONE,,Additive synthetic operational layer based on existing 720-employee data,2026-08-01,0,,,NONE,,NONE,,,NONE,,,NONE,,,NONE,,,,0,,Active,DEPARTMENT-007,IT,Technology and Innovation,ORGANIZATIONAL-UNIT-IT-TEAM-02,LOC-HQ,POS-298,Systems Administrator,Mid,Permanent,EMP295,,,
EMP306,Imran Hameed,DEPARTMENT-007,IT,Technology and Innovation,ORGANIZATIONAL-UNIT-IT-TEAM-02,LOC-HQ,POS-299,IT Support Technician,Junior,Permanent,Active,EMP294,2024-11-01,1999-10-11,26,2059-10-11,NOT_DUE,2024-11-01,2025-02-01,2025-02-01,3,0,CONFIRMED,2025-01-26,COMPLETED,,,,,,68.6,43.4,85.36,Improving,95.4,3.3,No,NONE,,Additive synthetic operational layer based on existing 720-employee data,2026-08-01,0,,,NONE,,NONE,,,NONE,,,NONE,,,NONE,,,,0,,Active,DEPARTMENT-007,IT,Technology and Innovation,ORGANIZATIONAL-UNIT-IT-TEAM-02,LOC-HQ,POS-299,IT Support Technician,Junior,Permanent,EMP294,,,
EMP307,Omar Habib,DEPARTMENT-007,IT,Technology and Innovation,ORGANIZATIONAL-UNIT-IT-TEAM-02,LOC-HQ,POS-300,IT Support Technician,Junior,Permanent,Active,EMP295,2023-04-01,1995-11-16,30,2055-11-16,NOT_DUE,2023-04-01,2023-07-01,2023-07-01,3,0,CONFIRMED,2023-07-10,COMPLETED,,,,,,68.6,50.2,86.33,Stable,100.0,3.9,No,NONE,,Additive synthetic operational layer based on existing 720-employee data,2026-08-01,0,,,NONE,,NONE,,,NONE,,,NONE,,,NONE,,,,0,,Active,DEPARTMENT-007,IT,Technology and Innovation,ORGANIZATIONAL-UNIT-IT-TEAM-02,LOC-HQ,POS-300,IT Support Technician,Junior,Permanent,EMP295,,,
EMP308,Adnan Riaz,DEPARTMENT-007,IT,Technology and Innovation,ORGANIZATIONAL-UNIT-IT-TEAM-01,LOC-HQ,POS-301,IT Support Technician,Junior,Permanent,Active,EMP051,2025-01-01,2001-05-11,25,2061-05-11,NOT_DUE,2025-01-01,2025-04-01,2025-04-01,3,0,CONFIRMED,2025-04-11,COMPLETED,,,,,,66.0,55.0,86.67,Stable,100.0,4.0,No,NONE,,Additive synthetic operational layer based on existing 720-employee data,2026-08-01,0,,,NONE,,NONE,,,NONE,,,NONE,,,NONE,,,,0,,Active,DEPARTMENT-007,IT,Technology and Innovation,ORGANIZATIONAL-UNIT-IT-TEAM-01,LOC-HQ,POS-301,IT Support Technician,Junior,Permanent,EMP051,,,
EMP309,Shahzaib Hashmi,DEPARTMENT-007,IT,Technology and Innovation,ORGANIZATIONAL-UNIT-IT-TEAM-03,LOC-HQ,POS-302,IT Support Technician,Junior,Contract,Active,EMP094,2023-02-01,1999-07-27,27,2059-07-27,NOT_DUE,2023-02-01,2023-05-01,2023-05-01,3,0,CONFIRMED,2023-04-25,COMPLETED,2026-02-01,2027-01-31,12,3,ACTIVE,64.2,58.8,84.57,Stable,100.0,4.2,No,NONE,,Additive synthetic operational layer based on existing 720-employee data,2026-08-01,0,,,NONE,,NONE,,,NONE,,,NONE,,,NONE,,,,0,,Active,DEPARTMENT-007,IT,Technology and Innovation,ORGANIZATIONAL-UNIT-IT-TEAM-03,LOC-HQ,POS-302,IT Support Technician,Junior,Contract,EMP094,,,
EMP310,Maryam Chaudhry,DEPARTMENT-007,IT,Technology and Innovation,ORGANIZATIONAL-UNIT-IT-TEAM-02,LOC-HQ,POS-303,IT Support Technician,Junior,Permanent,Active,EMP104,2025-10-01,1996-03-22,30,2056-03-22,NOT_DUE,2025-10-01,2026-01-01,2026-01-01,3,0,CONFIRMED,2026-01-02,COMPLETED,,,,,,70.8,56.2,89.1,Improving,95.4,3.9,No,NONE,,Additive synthetic operational layer based on existing 720-employee data,2026-08-01,0,,,NONE,,NONE,,,NONE,,,NONE,,,NONE,,,,0,,Active,DEPARTMENT-007,IT,Technology and Innovation,ORGANIZATIONAL-UNIT-IT-TEAM-02,LOC-HQ,POS-303,IT Support Technician,Junior,Permanent,EMP104,,,
EMP311,Junaid Zafar,DEPARTMENT-007,IT,Technology and Innovation,ORGANIZATIONAL-UNIT-IT-TEAM-02,LOC-HQ,POS-304,IT Support Technician,Junior,Permanent,Probation,EMP152,2026-03-01,1997-04-02,29,2057-04-02,NOT_DUE,2026-03-01,2026-06-01,2026-08-01,3,1,DUE_SOON,,EXTEND,,,,,,30.6,31.2,81.69,Stable,100.0,3.5,No,NONE,,Additive synthetic operational layer based on existing 720-employee data,2026-08-01,0,,,NONE,,NONE,,,NONE,,,NONE,,,NONE,,,,0,,Probation,DEPARTMENT-007,IT,Technology and Innovation,ORGANIZATIONAL-UNIT-IT-TEAM-02,LOC-HQ,POS-304,IT Support Technician,Junior,Permanent,EMP152,,,
EMP312,Areeba Tariq,DEPARTMENT-007,IT,Technology and Innovation,ORGANIZATIONAL-UNIT-IT-TEAM-01,LOC-HQ,POS-305,IT Support Technician,Junior,Permanent,Active,EMP188,2023-03-01,1996-01-17,30,2056-01-17,NOT_DUE,2023-03-01,2023-06-01,2023-06-01,3,0,CONFIRMED,2023-05-28,COMPLETED,,,,,,69.4,44.6,85.45,Improving,93.8,2.6,No,NONE,,Additive synthetic operational layer based on existing 720-employee data,2026-08-01,0,,,NONE,,NONE,,,NONE,,,NONE,,,NONE,,,,0,,Active,DEPARTMENT-007,IT,Technology and Innovation,ORGANIZATIONAL-UNIT-IT-TEAM-01,LOC-HQ,POS-305,IT Support Technician,Junior,Permanent,EMP188,,,
EMP313,Kamran Mughal,DEPARTMENT-007,IT,Technology and Innovation,ORGANIZATIONAL-UNIT-IT-TEAM-01,LOC-HQ,POS-306,IT Intern,Intern,Internship,Probation,EMP296,2026-05-01,2003-12-24,22,2063-12-24,NOT_DUE,2026-05-01,2026-07-01,2026-09-01,2,1,ACTIVE,,EXTEND,,,,,,32.4,24.0,76.98,Improving,98.5,4.1,No,NONE,,Additive synthetic operational layer based on existing 720-employee data,2026-08-01,0,,,NONE,,NONE,,,NONE,,,NONE,,,NONE,,,,0,,Probation,DEPARTMENT-007,IT,Technology and Innovation,ORGANIZATIONAL-UNIT-IT-TEAM-01,LOC-HQ,POS-306,IT Intern,Intern,Internship,EMP296,,,
EMP314,Anam Hameed,DEPARTMENT-007,IT,Technology and Innovation,ORGANIZATIONAL-UNIT-IT-TEAM-01,LOC-HQ,POS-307,IT Intern,Intern,Internship,Active,EMP297,2025-08-01,2000-08-27,25,2060-08-27,NOT_DUE,,,,,0,NOT_APPLICABLE,,,,,,,,32.2,49.0,81.71,Stable,98.5,4.3,No,NONE,,Additive synthetic operational layer based on existing 720-employee data,2026-08-01,0,,,NONE,,NONE,,,NONE,,,NONE,,,NONE,,,,0,,Active,DEPARTMENT-007,IT,Technology and Innovation,ORGANIZATIONAL-UNIT-IT-TEAM-01,LOC-HQ,POS-307,IT Intern,Intern,Internship,EMP297,,,
EMP315,Maha Abbasi,DEPARTMENT-007,IT,Technology and Innovation,ORGANIZATIONAL-UNIT-IT-TEAM-03,LOC-HQ,POS-308,IT Intern,Intern,Internship,Probation,EMP298,2026-05-01,1999-02-17,27,2059-02-17,NOT_DUE,2026-05-01,2026-07-01,2026-08-01,2,1,DUE_SOON,,CONFIRM,,,,,,36.3,31.4,83.72,Improving,96.9,3.7,No,NONE,,Additive synthetic operational layer based on existing 720-employee data,2026-08-01,0,,,NONE,,NONE,,,NONE,,,NONE,,,NONE,,,,0,,Probation,DEPARTMENT-007,IT,Technology and Innovation,ORGANIZATIONAL-UNIT-IT-TEAM-03,LOC-HQ,POS-308,IT Intern,Intern,Internship,EMP298,,,
EMP316,Imran Abbasi,DEPARTMENT-008,Medical Care,Healthcare Services,ORGANIZATIONAL-UNIT-MED,LOC-MEDICAL,EXEC-MED-HEAD,Head of Medical Care,Executive,Permanent,Active,,2008-06-01,1967-04-28,59,2027-04-28,NOT_DUE,2008-06-01,2008-09-01,2008-09-01,3,0,CONFIRMED,2008-09-09,COMPLETED,,,,,,43.4,67.6,82.74,Stable,98.5,2.9,No,NONE,,Additive synthetic operational layer based on existing 720-employee data,2026-08-01,0,,,NONE,,NONE,,,NONE,,,NONE,,,NONE,,,,0,,Active,DEPARTMENT-008,Medical Care,Healthcare Services,ORGANIZATIONAL-UNIT-MED,LOC-MEDICAL,EXEC-MED-HEAD,Head of Medical Care,Executive,Permanent,,,,
EMP317,Anam Khan,DEPARTMENT-008,Medical Care,Healthcare Services,ORGANIZATIONAL-UNIT-MED,LOC-MEDICAL,POS-309,Medical Care Manager,Lead/Manager,Permanent,Active,EMP316,2018-01-01,1977-01-09,49,2037-01-09,NOT_DUE,2018-01-01,2018-04-01,2018-04-01,3,0,CONFIRMED,2018-03-27,COMPLETED,,,,,,76.9,83.0,78.26,Stable,98.5,3.3,Yes,NONE,,Additive synthetic operational layer based on existing 720-employee data,2026-08-01,0,,,NONE,,NONE,,,NONE,,,NONE,,,NONE,,,,0,,Active,DEPARTMENT-008,Medical Care,Healthcare Services,ORGANIZATIONAL-UNIT-MED,LOC-MEDICAL,POS-309,Medical Care Manager,Lead/Manager,Permanent,EMP316,,,
EMP318,Haris Khalid,DEPARTMENT-008,Medical Care,Healthcare Services,ORGANIZATIONAL-UNIT-MED,LOC-MEDICAL,POS-310,Medical Care Manager,Lead/Manager,Permanent,Active,EMP316,2020-08-01,1982-04-02,44,2042-04-02,NOT_DUE,2020-08-01,2020-11-01,2020-11-01,3,0,CONFIRMED,2020-10-28,COMPLETED,,,,,,65.1,65.2,76.69,Stable,100.0,2.4,Yes,NONE,,Additive synthetic operational layer based on existing 720-employee data,2026-08-01,0,,,NONE,,NONE,,,NONE,,,NONE,,,NONE,,,,0,,Active,DEPARTMENT-008,Medical Care,Healthcare Services,ORGANIZATIONAL-UNIT-MED,LOC-MEDICAL,POS-310,Medical Care Manager,Lead/Manager,Permanent,EMP316,,,
EMP319,Anusha Baig,DEPARTMENT-008,Medical Care,Healthcare Services,ORGANIZATIONAL-UNIT-MED,LOC-MEDICAL,POS-311,Medical Care Manager,Lead/Manager,Permanent,Active,EMP316,2016-11-01,1973-11-22,52,2033-11-22,NOT_DUE,2016-11-01,2017-02-01,2017-02-01,3,0,CONFIRMED,2017-01-28,COMPLETED,,,,,,76.5,91.0,77.14,Stable,95.4,3.5,No,NONE,,Additive synthetic operational layer based on existing 720-employee data,2026-08-01,0,,,NONE,,NONE,,,NONE,,,NONE,,,NONE,,,,0,,Active,DEPARTMENT-008,Medical Care,Healthcare Services,ORGANIZATIONAL-UNIT-MED,LOC-MEDICAL,POS-311,Medical Care Manager,Lead/Manager,Permanent,EMP316,,,
EMP320,Shahzaib Iqbal,DEPARTMENT-008,Medical Care,Healthcare Services,ORGANIZATIONAL-UNIT-MED,LOC-MEDICAL,POS-312,Medical Care Manager,Lead/Manager,Permanent,Active,EMP316,2017-05-01,1978-07-06,48,2038-07-06,NOT_DUE,2017-05-01,2017-08-01,2017-08-01,3,0,CONFIRMED,2017-07-27,COMPLETED,,,,,,80.7,91.0,82.89,Stable,93.8,3.6,Yes,NONE,,Additive synthetic operational layer based on existing 720-employee data,2026-08-01,0,,,NONE,,NONE,,,NONE,,,NONE,,,NONE,,,,0,,Active,DEPARTMENT-008,Medical Care,Healthcare Services,ORGANIZATIONAL-UNIT-MED,LOC-MEDICAL,POS-312,Medical Care Manager,Lead/Manager,Permanent,EMP316,,,
EMP321,Hira Awan,DEPARTMENT-008,Medical Care,Healthcare Services,ORGANIZATIONAL-UNIT-MED,LOC-MEDICAL,POS-313,Medical Care Manager,Lead/Manager,Permanent,Active,EMP316,2011-04-01,1971-10-05,54,2031-10-05,NOT_DUE,2011-04-01,2011-07-01,2011-07-01,3,0,CONFIRMED,2011-07-05,COMPLETED,,,,,,73.6,70.2,84.56,Improving,96.9,2.7,No,NONE,,Additive synthetic operational layer based on existing 720-employee data,2026-08-01,0,,,NONE,,NONE,,,NONE,,,NONE,,,NONE,,,,0,,Active,DEPARTMENT-008,Medical Care,Healthcare Services,ORGANIZATIONAL-UNIT-MED,LOC-MEDICAL,POS-313,Medical Care Manager,Lead/Manager,Permanent,EMP316,,,
EMP322,Kinza Butt,DEPARTMENT-008,Medical Care,Healthcare Services,ORGANIZATIONAL-UNIT-MED,LOC-MEDICAL,POS-314,Medical Care Manager,Lead/Manager,Contract,Active,EMP316,2012-04-01,1972-08-07,53,2032-08-07,NOT_DUE,2012-04-01,2012-07-01,2012-07-01,3,0,CONFIRMED,2012-07-11,COMPLETED,2026-04-01,2027-03-31,12,14,ACTIVE,70.4,69.0,78.39,Stable,95.4,2.8,No,NONE,,Additive synthetic operational layer based on existing 720-employee data,2026-08-01,0,,,NONE,,NONE,,,NONE,,,NONE,,,NONE,,,,0,,Active,DEPARTMENT-008,Medical Care,Healthcare Services,ORGANIZATIONAL-UNIT-MED,LOC-MEDICAL,POS-314,Medical Care Manager,Lead/Manager,Contract,EMP316,,,
EMP323,Rabia Bukhari,DEPARTMENT-008,Medical Care,Healthcare Services,ORGANIZATIONAL-UNIT-MED-TEAM-03,LOC-MEDICAL,POS-315,Senior Medical Officer,Senior,Contract,Active,EMP322,2022-10-01,1991-11-15,34,2051-11-15,NOT_DUE,2022-10-01,2023-01-01,2023-01-01,3,0,CONFIRMED,2023-01-15,COMPLETED,2025-10-01,2026-09-30,12,3,EXPIRING_90D,82.2,88.6,83.92,Improving,93.8,4.0,Yes,NONE,,Additive synthetic operational layer based on existing 720-employee data,2026-08-01,0,,,NONE,,NONE,,,NONE,,,NONE,,,NONE,,,,0,,Active,DEPARTMENT-008,Medical Care,Healthcare Services,ORGANIZATIONAL-UNIT-MED-TEAM-03,LOC-MEDICAL,POS-315,Senior Medical Officer,Senior,Contract,EMP322,,,
EMP324,Waqas Farooq,DEPARTMENT-008,Medical Care,Healthcare Services,ORGANIZATIONAL-UNIT-MED-TEAM-02,LOC-MEDICAL,POS-316,Senior Medical Officer,Senior,Permanent,Active,EMP317,2019-02-01,1983-05-30,43,2043-05-30,NOT_DUE,2019-02-01,2019-05-01,2019-05-01,3,0,CONFIRMED,2019-05-09,COMPLETED,,,,,,77.1,73.8,81.73,Improving,98.5,3.2,No,NONE,,Additive synthetic operational layer based on existing 720-employee data,2026-08-01,0,,,NONE,,NONE,,,NONE,,,NONE,,,NONE,,,,0,,Active,DEPARTMENT-008,Medical Care,Healthcare Services,ORGANIZATIONAL-UNIT-MED-TEAM-02,LOC-MEDICAL,POS-316,Senior Medical Officer,Senior,Permanent,EMP317,,,
EMP325,Eman Iqbal,DEPARTMENT-008,Medical Care,Healthcare Services,ORGANIZATIONAL-UNIT-MED-TEAM-02,LOC-MEDICAL,POS-317,Senior Medical Officer,Senior,Permanent,Active,EMP318,2020-06-01,1993-05-06,33,2053-05-06,NOT_DUE,2020-06-01,2020-09-01,2020-09-01,3,0,CONFIRMED,2020-09-15,COMPLETED,,,,,,67.0,69.6,75.82,Stable,100.0,3.5,Yes,NONE,,Additive synthetic operational layer based on existing 720-employee data,2026-08-01,0,,,NONE,,NONE,,,NONE,,,NONE,,,NONE,,,,0,,Active,DEPARTMENT-008,Medical Care,Healthcare Services,ORGANIZATIONAL-UNIT-MED-TEAM-02,LOC-MEDICAL,POS-317,Senior Medical Officer,Senior,Permanent,EMP318,,,
EMP326,Hira Yousaf,DEPARTMENT-008,Medical Care,Healthcare Services,ORGANIZATIONAL-UNIT-MED-TEAM-01,LOC-MEDICAL,POS-318,Senior Medical Officer,Senior,Permanent,Active,EMP319,2017-03-01,1978-05-12,48,2038-05-12,NOT_DUE,2017-03-01,2017-06-01,2017-06-01,3,0,CONFIRMED,2017-06-12,COMPLETED,,,,,,84.9,80.2,85.16,Improving,93.8,3.5,No,NONE,,Additive synthetic operational layer based on existing 720-employee data,2026-08-01,0,,,NONE,,NONE,,,NONE,,,NONE,,,NONE,,,,0,,Active,DEPARTMENT-008,Medical Care,Healthcare Services,ORGANIZATIONAL-UNIT-MED-TEAM-01,LOC-MEDICAL,POS-318,Senior Medical Officer,Senior,Permanent,EMP319,,,
EMP327,Sidra Yousaf,DEPARTMENT-008,Medical Care,Healthcare Services,ORGANIZATIONAL-UNIT-MED-TEAM-01,LOC-MEDICAL,POS-319,Senior Medical Officer,Senior,Permanent,Active,EMP320,2014-07-01,1983-12-24,42,2043-12-24,NOT_DUE,2014-07-01,2014-10-01,2014-10-01,3,0,CONFIRMED,2014-10-07,COMPLETED,,,,,,69.9,76.8,75.47,Stable,96.9,3.8,No,NONE,,Additive synthetic operational layer based on existing 720-employee data,2026-08-01,0,,,NONE,,NONE,,,NONE,,,NONE,,,NONE,,,,0,,Active,DEPARTMENT-008,Medical Care,Healthcare Services,ORGANIZATIONAL-UNIT-MED-TEAM-01,LOC-MEDICAL,POS-319,Senior Medical Officer,Senior,Permanent,EMP320,,,
EMP328,Raza Javed,DEPARTMENT-008,Medical Care,Healthcare Services,ORGANIZATIONAL-UNIT-MED-TEAM-02,LOC-MEDICAL,POS-320,Senior Medical Officer,Senior,Permanent,Active,EMP321,2019-08-01,1985-01-30,41,2045-01-30,NOT_DUE,2019-08-01,2019-11-01,2019-11-01,3,0,CONFIRMED,2019-10-29,COMPLETED,,,,,,88.5,85.0,84.82,Improving,89.2,4.8,Yes,NONE,,Additive synthetic operational layer based on existing 720-employee data,2026-08-01,0,,,NONE,,NONE,,,NONE,,,NONE,,,NONE,,,,0,,Active,DEPARTMENT-008,Medical Care,Healthcare Services,ORGANIZATIONAL-UNIT-MED-TEAM-02,LOC-MEDICAL,POS-320,Senior Medical Officer,Senior,Permanent,EMP321,,,
EMP329,Ali Aziz,DEPARTMENT-008,Medical Care,Healthcare Services,ORGANIZATIONAL-UNIT-MED-TEAM-02,LOC-MEDICAL,POS-321,Senior Medical Officer,Senior,Permanent,Active,EMP322,2016-05-01,1980-08-19,45,2040-08-19,NOT_DUE,2016-05-01,2016-08-01,2016-08-01,3,0,CONFIRMED,2016-08-12,COMPLETED,,,,,,82.6,91.2,85.35,Stable,96.9,3.7,No,NONE,,Additive synthetic operational layer based on existing 720-employee data,2026-08-01,0,,,NONE,,NONE,,,NONE,,,NONE,,,NONE,,,,0,,Active,DEPARTMENT-008,Medical Care,Healthcare Services,ORGANIZATIONAL-UNIT-MED-TEAM-02,LOC-MEDICAL,POS-321,Senior Medical Officer,Senior,Permanent,EMP322,,,
EMP330,Farhan Khalid,DEPARTMENT-008,Medical Care,Healthcare Services,ORGANIZATIONAL-UNIT-MED-TEAM-03,LOC-MEDICAL,POS-322,Senior Medical Officer,Senior,Permanent,Active,EMP317,2022-03-01,1991-11-13,34,2051-11-13,NOT_DUE,2022-03-01,2022-06-01,2022-06-01,3,0,CONFIRMED,2022-06-03,COMPLETED,,,,,,74.4,69.0,83.77,Improving,100.0,3.0,No,NONE,,Additive synthetic operational layer based on existing 720-employee data,2026-08-01,0,,,NONE,,NONE,,,NONE,,,NONE,,,NONE,,,,0,,Active,DEPARTMENT-008,Medical Care,Healthcare Services,ORGANIZATIONAL-UNIT-MED-TEAM-03,LOC-MEDICAL,POS-322,Senior Medical Officer,Senior,Permanent,EMP317,,,
EMP331,Iqra Saleem,DEPARTMENT-008,Medical Care,Healthcare Services,ORGANIZATIONAL-UNIT-MED-TEAM-03,LOC-MEDICAL,POS-323,Medical Officer,Mid,Permanent,Active,EMP318,2020-05-01,1990-04-06,36,2050-04-06,NOT_DUE,2020-05-01,2020-08-01,2020-08-01,3,0,CONFIRMED,2020-08-12,COMPLETED,,,,,,69.8,78.0,80.87,Stable,96.9,4.0,No,NONE,,Additive synthetic operational layer based on existing 720-employee data,2026-08-01,0,,,NONE,,NONE,,,NONE,,,NONE,,,NONE,,,,0,,Active,DEPARTMENT-008,Medical Care,Healthcare Services,ORGANIZATIONAL-UNIT-MED-TEAM-03,LOC-MEDICAL,POS-323,Medical Officer,Mid,Permanent,EMP318,,,
EMP332,Maryam Ismail,DEPARTMENT-008,Medical Care,Healthcare Services,ORGANIZATIONAL-UNIT-MED-TEAM-01,LOC-MEDICAL,POS-324,Medical Officer,Mid,Permanent,Active,EMP319,2022-03-01,1989-08-22,36,2049-08-22,NOT_DUE,2022-03-01,2022-06-01,2022-06-01,3,0,CONFIRMED,2022-06-03,COMPLETED,,,,,,78.5,87.4,85.94,Stable,98.5,4.1,Yes,NONE,,Additive synthetic operational layer based on existing 720-employee data,2026-08-01,0,,,NONE,,NONE,,,NONE,,,NONE,,,NONE,,,,0,,Active,DEPARTMENT-008,Medical Care,Healthcare Services,ORGANIZATIONAL-UNIT-MED-TEAM-01,LOC-MEDICAL,POS-324,Medical Officer,Mid,Permanent,EMP319,,,
EMP333,Bilal Zafar,DEPARTMENT-008,Medical Care,Healthcare Services,ORGANIZATIONAL-UNIT-MED-TEAM-03,LOC-MEDICAL,POS-325,Medical Officer,Mid,Permanent,Active,EMP320,2020-05-01,1994-12-04,31,2054-12-04,NOT_DUE,2020-05-01,2020-08-01,2020-08-01,3,0,CONFIRMED,2020-08-12,COMPLETED,,,,,,79.5,83.8,85.38,Stable,95.4,3.9,Yes,NONE,,Additive synthetic operational layer based on existing 720-employee data,2026-08-01,0,,,NONE,,NONE,,,NONE,,,NONE,,,NONE,,,,0,,Active,DEPARTMENT-008,Medical Care,Healthcare Services,ORGANIZATIONAL-UNIT-MED-TEAM-03,LOC-MEDICAL,POS-325,Medical Officer,Mid,Permanent,EMP320,,,
EMP334,Fahad Hashmi,DEPARTMENT-008,Medical Care,Healthcare Services,ORGANIZATIONAL-UNIT-MED-TEAM-03,LOC-MEDICAL,POS-326,Medical Officer,Mid,Permanent,Active,EMP321,2022-12-01,1992-01-08,34,2052-01-08,NOT_DUE,2022-12-01,2023-03-01,2023-03-01,3,0,CONFIRMED,2023-03-02,COMPLETED,,,,,,81.3,82.6,87.01,Improving,98.5,3.9,No,NONE,,Additive synthetic operational layer based on existing 720-employee data,2026-08-01,0,,,NONE,,NONE,,,NONE,,,NONE,,,NONE,,,,0,,Active,DEPARTMENT-008,Medical Care,Healthcare Services,ORGANIZATIONAL-UNIT-MED-TEAM-03,LOC-MEDICAL,POS-326,Medical Officer,Mid,Permanent,EMP321,,,
EMP335,Haris Rauf,DEPARTMENT-008,Medical Care,Healthcare Services,ORGANIZATIONAL-UNIT-MED-TEAM-01,LOC-MEDICAL,POS-327,Medical Officer,Mid,Permanent,Active,EMP322,2021-03-01,1988-06-28,38,2048-06-28,NOT_DUE,2021-03-01,2021-06-01,2021-06-01,3,0,CONFIRMED,2021-05-29,COMPLETED,,,,,,70.9,89.8,88.47,Declining,100.0,4.9,No,NONE,,Additive synthetic operational layer based on existing 720-employee data,2026-08-01,0,,,NONE,,NONE,,,NONE,,,NONE,,,NONE,,,,0,,Active,DEPARTMENT-008,Medical Care,Healthcare Services,ORGANIZATIONAL-UNIT-MED-TEAM-01,LOC-MEDICAL,POS-327,Medical Officer,Mid,Permanent,EMP322,,,
EMP336,Kinza Faisal,DEPARTMENT-008,Medical Care,Healthcare Services,ORGANIZATIONAL-UNIT-MED-TEAM-02,LOC-MEDICAL,POS-328,Medical Officer,Mid,Permanent,Active,EMP317,2021-12-01,1990-09-18,35,2050-09-18,NOT_DUE,2021-12-01,2022-03-01,2022-03-01,3,0,CONFIRMED,2022-03-04,COMPLETED,,,,,,71.6,83.8,87.21,Declining,98.5,3.6,No,NONE,,Additive synthetic operational layer based on existing 720-employee data,2026-08-01,0,,,NONE,,NONE,,,NONE,,,NONE,,,NONE,,,,0,,Active,DEPARTMENT-008,Medical Care,Healthcare Services,ORGANIZATIONAL-UNIT-MED-TEAM-02,LOC-MEDICAL,POS-328,Medical Officer,Mid,Permanent,EMP317,,,
EMP337,Junaid Mahmood,DEPARTMENT-008,Medical Care,Healthcare Services,ORGANIZATIONAL-UNIT-MED-TEAM-03,LOC-MEDICAL,POS-329,Medical Officer,Mid,Permanent,Active,EMP318,2019-08-01,1992-03-16,34,2052-03-16,NOT_DUE,2019-08-01,2019-11-01,2019-11-01,3,0,CONFIRMED,2019-11-05,COMPLETED,,,,,,86.1,96.0,90.56,Stable,95.4,3.6,No,NONE,,Additive synthetic operational layer based on existing 720-employee data,2026-08-01,0,,,NONE,,NONE,,,NONE,,,NONE,,,NONE,,,,0,,Active,DEPARTMENT-008,Medical Care,Healthcare Services,ORGANIZATIONAL-UNIT-MED-TEAM-03,LOC-MEDICAL,POS-329,Medical Officer,Mid,Permanent,EMP318,,,
EMP338,Imran Malik,DEPARTMENT-008,Medical Care,Healthcare Services,ORGANIZATIONAL-UNIT-MED-TEAM-01,LOC-MEDICAL,POS-330,Medical Officer,Mid,Permanent,Active,EMP319,2019-10-01,1991-10-22,34,2051-10-22,NOT_DUE,2019-10-01,2020-01-01,2020-01-01,3,0,CONFIRMED,2020-01-08,COMPLETED,,,,,,72.0,64.0,84.27,Improving,96.9,2.4,No,NONE,,Additive synthetic operational layer based on existing 720-employee data,2026-08-01,0,,,NONE,,NONE,,,NONE,,,NONE,,,NONE,,,,0,,Active,DEPARTMENT-008,Medical Care,Healthcare Services,ORGANIZATIONAL-UNIT-MED-TEAM-01,LOC-MEDICAL,POS-330,Medical Officer,Mid,Permanent,EMP319,,,
EMP339,Saba Saleem,DEPARTMENT-008,Medical Care,Healthcare Services,ORGANIZATIONAL-UNIT-MED-TEAM-02,LOC-MEDICAL,POS-331,Medical Officer,Mid,Permanent,Active,EMP320,2024-04-01,1997-01-14,29,2057-01-14,NOT_DUE,2024-04-01,2024-07-01,2024-07-01,3,0,CONFIRMED,2024-07-05,COMPLETED,,,,,,82.6,84.0,91.39,Stable,96.9,4.7,No,NONE,,Additive synthetic operational layer based on existing 720-employee data,2026-08-01,0,,,NONE,,NONE,,,NONE,,,NONE,,,NONE,,,,0,,Active,DEPARTMENT-008,Medical Care,Healthcare Services,ORGANIZATIONAL-UNIT-MED-TEAM-02,LOC-MEDICAL,POS-331,Medical Officer,Mid,Permanent,EMP320,,,
EMP340,Eman Raza,DEPARTMENT-008,Medical Care,Healthcare Services,ORGANIZATIONAL-UNIT-MED-TEAM-03,LOC-MEDICAL,POS-332,Medical Officer,Mid,Permanent,Active,EMP321,2024-04-01,1993-07-02,33,2053-07-02,NOT_DUE,2024-04-01,2024-07-01,2024-07-01,3,0,CONFIRMED,2024-07-14,COMPLETED,,,,,,81.8,86.2,92.58,Stable,100.0,3.5,No,NONE,,Additive synthetic operational layer based on existing 720-employee data,2026-08-01,0,,,NONE,,NONE,,,NONE,,,NONE,,,NONE,,,,0,,Active,DEPARTMENT-008,Medical Care,Healthcare Services,ORGANIZATIONAL-UNIT-MED-TEAM-03,LOC-MEDICAL,POS-332,Medical Officer,Mid,Permanent,EMP321,,,
EMP341,Kashif Latif,DEPARTMENT-008,Medical Care,Healthcare Services,ORGANIZATIONAL-UNIT-MED-TEAM-03,LOC-MEDICAL,POS-333,Medical Officer,Mid,Permanent,Active,EMP322,2019-03-01,1988-09-15,37,2048-09-15,NOT_DUE,2019-03-01,2019-06-01,2019-06-01,3,0,CONFIRMED,2019-06-02,COMPLETED,,,,,,80.2,67.6,93.52,Stable,96.9,3.0,Yes,NONE,,Additive synthetic operational layer based on existing 720-employee data,2026-08-01,1,2024-04-17,CRITICAL_SKILL,NONE,,NONE,,,NONE,,,NONE,,,NONE,,,,0,,Active,DEPARTMENT-008,Medical Care,Healthcare Services,ORGANIZATIONAL-UNIT-MED-TEAM-03,LOC-MEDICAL,POS-333,Medical Officer,Mid,Permanent,EMP322,,,
EMP342,Maha Mughal,DEPARTMENT-008,Medical Care,Healthcare Services,ORGANIZATIONAL-UNIT-MED-TEAM-02,LOC-MEDICAL,POS-334,Medical Officer,Mid,Permanent,Active,EMP317,2019-10-01,1994-03-25,32,2054-03-25,NOT_DUE,2019-10-01,2020-01-01,2020-01-01,3,0,CONFIRMED,2020-01-03,COMPLETED,,,,,,84.4,93.6,90.84,Stable,93.8,3.5,Yes,NONE,,Additive synthetic operational layer based on existing 720-employee data,2026-08-01,0,,,NONE,,NONE,,,NONE,,,NONE,,,ACTIVE,DEPARTMENT-015,POS-774,2026-10-05,0,,Active,DEPARTMENT-008,Medical Care,Healthcare Services,ORGANIZATIONAL-UNIT-MED-TEAM-02,LOC-MEDICAL,POS-334,Medical Officer,Mid,Permanent,EMP317,,,
EMP343,Taha Butt,DEPARTMENT-008,Medical Care,Healthcare Services,ORGANIZATIONAL-UNIT-MED-TEAM-01,LOC-MEDICAL,POS-335,Medical Officer,Mid,Permanent,Active,EMP318,2024-08-01,1992-03-30,34,2052-03-30,NOT_DUE,2024-08-01,2024-11-01,2024-11-01,3,0,CONFIRMED,2024-11-10,COMPLETED,,,,,,67.2,62.8,81.75,Stable,98.5,3.0,Yes,NONE,,Additive synthetic operational layer based on existing 720-employee data,2026-08-01,0,,,NONE,,NONE,,,NONE,,,NONE,,,NONE,,,,0,,Active,DEPARTMENT-008,Medical Care,Healthcare Services,ORGANIZATIONAL-UNIT-MED-TEAM-01,LOC-MEDICAL,POS-335,Medical Officer,Mid,Permanent,EMP318,,,
EMP344,Saba Latif,DEPARTMENT-008,Medical Care,Healthcare Services,ORGANIZATIONAL-UNIT-MED-TEAM-02,LOC-MEDICAL,POS-336,Medical Officer,Mid,Permanent,Active,EMP319,2023-05-01,1996-09-16,29,2056-09-16,NOT_DUE,2023-05-01,2023-08-01,2023-08-01,3,0,CONFIRMED,2023-08-02,COMPLETED,,,,,,69.8,68.4,75.71,Improving,98.5,4.0,No,NONE,,Additive synthetic operational layer based on existing 720-employee data,2026-08-01,0,,,NONE,,NONE,,,NONE,,,SCHEDULED,POS-739,2026-09-06,NONE,,,,0,,Active,DEPARTMENT-008,Medical Care,Healthcare Services,ORGANIZATIONAL-UNIT-MED-TEAM-02,LOC-MEDICAL,POS-336,Medical Officer,Mid,Permanent,EMP319,,,
EMP345,Sana Chaudhry,DEPARTMENT-008,Medical Care,Healthcare Services,ORGANIZATIONAL-UNIT-MED-TEAM-02,LOC-MEDICAL,POS-337,Junior Medical Officer,Junior,Permanent,Active,EMP318,2024-07-01,1996-08-07,29,2056-08-07,NOT_DUE,2024-07-01,2024-10-01,2024-10-01,3,0,CONFIRMED,2024-10-07,COMPLETED,,,,,,63.6,53.8,83.43,Stable,100.0,4.3,No,NONE,,Additive synthetic operational layer based on existing 720-employee data,2026-08-01,0,,,NONE,,NONE,,,NONE,,,NONE,,,NONE,,,,0,,Active,DEPARTMENT-008,Medical Care,Healthcare Services,ORGANIZATIONAL-UNIT-MED-TEAM-02,LOC-MEDICAL,POS-337,Junior Medical Officer,Junior,Permanent,EMP318,,,
EMP346,Hira Hashmi,DEPARTMENT-008,Medical Care,Healthcare Services,ORGANIZATIONAL-UNIT-MED-TEAM-02,LOC-MEDICAL,POS-338,Junior Medical Officer,Junior,Permanent,Active,EMP319,2024-06-01,1996-05-06,30,2056-05-06,NOT_DUE,2024-06-01,2024-09-01,2024-09-01,3,0,CONFIRMED,2024-08-28,COMPLETED,,,,,,68.5,50.2,86.12,Improving,100.0,3.9,No,NONE,,Additive synthetic operational layer based on existing 720-employee data,2026-08-01,0,,,NONE,,NONE,,,NONE,,,NONE,,,NONE,,,,0,,Active,DEPARTMENT-008,Medical Care,Healthcare Services,ORGANIZATIONAL-UNIT-MED-TEAM-02,LOC-MEDICAL,POS-338,Junior Medical Officer,Junior,Permanent,EMP319,,,
EMP347,Maryam Tariq,DEPARTMENT-008,Medical Care,Healthcare Services,ORGANIZATIONAL-UNIT-MED-TEAM-01,LOC-MEDICAL,POS-339,Junior Medical Officer,Junior,Permanent,Active,EMP320,2023-05-01,1996-05-22,30,2056-05-22,NOT_DUE,2023-05-01,2023-08-01,2023-08-01,3,0,CONFIRMED,2023-08-08,COMPLETED,,,,,,66.1,48.2,84.91,Improving,98.5,3.2,Yes,NONE,,Additive synthetic operational layer based on existing 720-employee data,2026-08-01,0,,,NONE,,NONE,,,NONE,,,NONE,,,NONE,,,,0,,Active,DEPARTMENT-008,Medical Care,Healthcare Services,ORGANIZATIONAL-UNIT-MED-TEAM-01,LOC-MEDICAL,POS-339,Junior Medical Officer,Junior,Permanent,EMP320,,,
EMP348,Anusha Latif,DEPARTMENT-008,Medical Care,Healthcare Services,ORGANIZATIONAL-UNIT-MED-TEAM-02,LOC-MEDICAL,POS-340,Junior Medical Officer,Junior,Permanent,Active,EMP321,2025-07-01,1998-04-23,28,2058-04-23,NOT_DUE,2025-07-01,2025-10-01,2025-10-01,3,0,CONFIRMED,2025-09-25,COMPLETED,,,,,,63.7,50.2,79.15,Improving,95.4,3.7,No,NONE,,Additive synthetic operational layer based on existing 720-employee data,2026-08-01,0,,,NONE,,NONE,,,NONE,,,NONE,,,NONE,,,,0,,Active,DEPARTMENT-008,Medical Care,Healthcare Services,ORGANIZATIONAL-UNIT-MED-TEAM-02,LOC-MEDICAL,POS-340,Junior Medical Officer,Junior,Permanent,EMP321,,,
EMP349,Iqra Nawaz,DEPARTMENT-008,Medical Care,Healthcare Services,ORGANIZATIONAL-UNIT-MED-TEAM-02,LOC-MEDICAL,POS-341,Junior Medical Officer,Junior,Contract,Active,EMP322,2026-02-01,2001-12-08,24,2061-12-08,NOT_DUE,2026-02-01,2026-05-01,2026-05-01,3,0,CONFIRMED,2026-05-12,COMPLETED,2026-02-01,2028-01-31,24,0,ACTIVE,62.8,50.8,85.78,Stable,95.4,2.6,Yes,NONE,,Additive synthetic operational layer based on existing 720-employee data,2026-08-01,0,,,NONE,,NONE,,,NONE,,,NONE,,,NONE,,,,0,,Active,DEPARTMENT-008,Medical Care,Healthcare Services,ORGANIZATIONAL-UNIT-MED-TEAM-02,LOC-MEDICAL,POS-341,Junior Medical Officer,Junior,Contract,EMP322,,,
EMP350,Noor Abbasi,DEPARTMENT-008,Medical Care,Healthcare Services,ORGANIZATIONAL-UNIT-MED-TEAM-03,LOC-MEDICAL,POS-342,Junior Medical Officer,Junior,Permanent,Active,EMP323,2024-04-01,1995-07-28,31,2055-07-28,NOT_DUE,2024-04-01,2024-07-01,2024-07-01,3,0,CONFIRMED,2024-07-07,COMPLETED,,,,,,67.1,55.2,82.17,Improving,95.4,3.6,No,NONE,,Additive synthetic operational layer based on existing 720-employee data,2026-08-01,0,,,NONE,,NONE,,,NONE,,,NONE,,,NONE,,,,0,,Active,DEPARTMENT-008,Medical Care,Healthcare Services,ORGANIZATIONAL-UNIT-MED-TEAM-03,LOC-MEDICAL,POS-342,Junior Medical Officer,Junior,Permanent,EMP323,,,
EMP351,Talha Shah,DEPARTMENT-008,Medical Care,Healthcare Services,ORGANIZATIONAL-UNIT-MED-TEAM-02,LOC-MEDICAL,POS-343,Junior Medical Officer,Junior,Permanent,Active,EMP324,2023-09-01,1996-12-31,29,2056-12-31,NOT_DUE,2023-09-01,2023-12-01,2023-12-01,3,0,CONFIRMED,2023-11-25,COMPLETED,,,,,,50.6,49.0,77.08,Declining,100.0,4.5,No,NONE,,Additive synthetic operational layer based on existing 720-employee data,2026-08-01,0,,,NONE,,NONE,,,NONE,,,NONE,,,NONE,,,,0,,Active,DEPARTMENT-008,Medical Care,Healthcare Services,ORGANIZATIONAL-UNIT-MED-TEAM-02,LOC-MEDICAL,POS-343,Junior Medical Officer,Junior,Permanent,EMP324,,,
EMP352,Bilal Mughal,DEPARTMENT-008,Medical Care,Healthcare Services,ORGANIZATIONAL-UNIT-MED-TEAM-01,LOC-MEDICAL,POS-344,Junior Medical Officer,Junior,Permanent,Active,EMP325,2023-10-01,1997-07-31,29,2057-07-31,NOT_DUE,2023-10-01,2024-01-01,2024-01-01,3,0,CONFIRMED,2024-01-12,COMPLETED,,,,,,61.4,46.0,79.53,Stable,98.5,2.6,Yes,NONE,,Additive synthetic operational layer based on existing 720-employee data,2026-08-01,0,,,NONE,,NONE,,,NONE,,,NONE,,,NONE,,,,0,,Active,DEPARTMENT-008,Medical Care,Healthcare Services,ORGANIZATIONAL-UNIT-MED-TEAM-01,LOC-MEDICAL,POS-344,Junior Medical Officer,Junior,Permanent,EMP325,,,
EMP353,Nida Latif,DEPARTMENT-008,Medical Care,Healthcare Services,ORGANIZATIONAL-UNIT-MED-TEAM-03,LOC-MEDICAL,POS-345,Junior Medical Officer,Junior,Permanent,Active,EMP326,2026-01-01,1999-09-06,26,2059-09-06,NOT_DUE,2026-01-01,2026-04-01,2026-04-01,3,0,CONFIRMED,2026-04-06,COMPLETED,,,,,,70.4,55.0,88.87,Improving,98.5,3.8,No,NONE,,Additive synthetic operational layer based on existing 720-employee data,2026-08-01,0,,,NONE,,NONE,,,NONE,,,NONE,,,NONE,,,,0,,Active,DEPARTMENT-008,Medical Care,Healthcare Services,ORGANIZATIONAL-UNIT-MED-TEAM-03,LOC-MEDICAL,POS-345,Junior Medical Officer,Junior,Permanent,EMP326,,,
EMP354,Anam Khalid,DEPARTMENT-008,Medical Care,Healthcare Services,ORGANIZATIONAL-UNIT-MED-TEAM-02,LOC-MEDICAL,POS-346,Junior Medical Officer,Junior,Permanent,Active,EMP327,2023-06-01,1995-01-17,31,2055-01-17,NOT_DUE,2023-06-01,2023-09-01,2023-09-01,3,0,CONFIRMED,2023-09-10,COMPLETED,,,,,,63.4,50.2,77.35,Stable,98.5,4.3,No,NONE,,Additive synthetic operational layer based on existing 720-employee data,2026-08-01,0,,,NONE,,NONE,,,NONE,,,NONE,,,NONE,,,,0,,Active,DEPARTMENT-008,Medical Care,Healthcare Services,ORGANIZATIONAL-UNIT-MED-TEAM-02,LOC-MEDICAL,POS-346,Junior Medical Officer,Junior,Permanent,EMP327,,,
EMP355,Saad Shah,DEPARTMENT-008,Medical Care,Healthcare Services,ORGANIZATIONAL-UNIT-MED-TEAM-03,LOC-MEDICAL,POS-347,Junior Medical Officer,Junior,Permanent,Active,EMP328,2023-04-01,1993-12-19,32,2053-12-19,NOT_DUE,2023-04-01,2023-07-01,2023-07-01,3,0,CONFIRMED,2023-06-28,COMPLETED,,,,,,65.6,53.8,83.73,Stable,100.0,4.5,No,NONE,,Additive synthetic operational layer based on existing 720-employee data,2026-08-01,0,,,NONE,,NONE,,,NONE,,,NONE,,,NONE,,,,0,,Active,DEPARTMENT-008,Medical Care,Healthcare Services,ORGANIZATIONAL-UNIT-MED-TEAM-03,LOC-MEDICAL,POS-347,Junior Medical Officer,Junior,Permanent,EMP328,,,
EMP356,Hira Mirza,DEPARTMENT-008,Medical Care,Healthcare Services,ORGANIZATIONAL-UNIT-MED-TEAM-03,LOC-MEDICAL,POS-348,Junior Medical Officer,Junior,Permanent,Probation,EMP329,2026-03-01,2002-11-19,23,2062-11-19,NOT_DUE,2026-03-01,2026-06-01,2026-07-01,3,1,OVERDUE,,CONFIRM,,,,,,39.1,30.0,87.57,Improving,98.5,3.7,No,NONE,,Additive synthetic operational layer based on existing 720-employee data,2026-08-01,0,,,NONE,,NONE,,,NONE,,,NONE,,,NONE,,,,0,,Probation,DEPARTMENT-008,Medical Care,Healthcare Services,ORGANIZATIONAL-UNIT-MED-TEAM-03,LOC-MEDICAL,POS-348,Junior Medical Officer,Junior,Permanent,EMP329,,,
EMP357,Kamran Ismail,DEPARTMENT-008,Medical Care,Healthcare Services,ORGANIZATIONAL-UNIT-MED-TEAM-03,LOC-MEDICAL,POS-349,Junior Medical Officer,Junior,Contract,Active,EMP330,2023-10-01,1991-11-10,34,2051-11-10,NOT_DUE,2023-10-01,2024-01-01,2024-01-01,3,0,CONFIRMED,2024-01-15,COMPLETED,2025-10-01,2026-09-30,12,2,EXPIRING_90D,71.7,49.0,89.64,Improving,100.0,4.2,No,NONE,,Additive synthetic operational layer based on existing 720-employee data,2026-08-01,0,,,NONE,,NONE,,,NONE,,,NONE,,,NONE,,,,0,,Active,DEPARTMENT-008,Medical Care,Healthcare Services,ORGANIZATIONAL-UNIT-MED-TEAM-03,LOC-MEDICAL,POS-349,Junior Medical Officer,Junior,Contract,EMP330,,,
EMP358,Junaid Saeed,DEPARTMENT-008,Medical Care,Healthcare Services,ORGANIZATIONAL-UNIT-MED-TEAM-03,LOC-MEDICAL,POS-350,Clinical Intern,Intern,Internship,Active,EMP317,2025-09-01,1999-08-08,26,2059-08-08,NOT_DUE,,,,,0,NOT_APPLICABLE,,,,,,,,34.0,42.2,81.32,Improving,95.4,2.8,No,NONE,,Additive synthetic operational layer based on existing 720-employee data,2026-08-01,0,,,NONE,,NONE,,,NONE,,,NONE,,,NONE,,,,0,,Active,DEPARTMENT-008,Medical Care,Healthcare Services,ORGANIZATIONAL-UNIT-MED-TEAM-03,LOC-MEDICAL,POS-350,Clinical Intern,Intern,Internship,EMP317,,,
EMP359,Saba Mahmood,DEPARTMENT-008,Medical Care,Healthcare Services,ORGANIZATIONAL-UNIT-MED-TEAM-01,LOC-MEDICAL,POS-351,Clinical Intern,Intern,Internship,Probation,EMP318,2026-03-01,2001-03-01,25,2061-03-01,NOT_DUE,2026-03-01,2026-05-01,2026-07-01,2,1,OVERDUE,,EXTEND,,,,,,36.5,24.0,83.84,Improving,96.9,3.7,No,NONE,,Additive synthetic operational layer based on existing 720-employee data,2026-08-01,0,,,NONE,,NONE,,,NONE,,,NONE,,,NONE,,,,0,,Probation,DEPARTMENT-008,Medical Care,Healthcare Services,ORGANIZATIONAL-UNIT-MED-TEAM-01,LOC-MEDICAL,POS-351,Clinical Intern,Intern,Internship,EMP318,,,
EMP360,Omar Qureshi,DEPARTMENT-008,Medical Care,Healthcare Services,ORGANIZATIONAL-UNIT-MED-TEAM-01,LOC-MEDICAL,POS-352,Clinical Intern,Intern,Internship,Probation,EMP319,2026-06-01,2001-02-21,25,2061-02-21,NOT_DUE,2026-06-01,2026-08-01,2026-08-01,2,0,DUE_SOON,,CONFIRM,,,,,,34.8,34.8,87.63,Stable,96.9,3.6,Yes,NONE,,Additive synthetic operational layer based on existing 720-employee data,2026-08-01,0,,,NONE,,NONE,,,NONE,,,NONE,,,NONE,,,,0,,Probation,DEPARTMENT-008,Medical Care,Healthcare Services,ORGANIZATIONAL-UNIT-MED-TEAM-01,LOC-MEDICAL,POS-352,Clinical Intern,Intern,Internship,EMP319,,,
EMP361,Hira Siddiqui,DEPARTMENT-009,Training & Development,Learning Services,ORGANIZATIONAL-UNIT-TRN,LOC-CAMPUS,EXEC-TRN-HEAD,Head of Training and Development,Executive,Permanent,Active,,2014-06-01,1974-08-27,51,2034-08-27,NOT_DUE,2014-06-01,2014-09-01,2014-09-01,3,0,CONFIRMED,2014-09-10,COMPLETED,,,,,,41.4,72.0,75.51,Stable,100.0,4.5,No,NONE,,Additive synthetic operational layer based on existing 720-employee data,2026-08-01,0,,,NONE,,NONE,,,NONE,,,NONE,,,NONE,,,,0,,Active,DEPARTMENT-009,Training & Development,Learning Services,ORGANIZATIONAL-UNIT-TRN,LOC-CAMPUS,EXEC-TRN-HEAD,Head of Training and Development,Executive,Permanent,,,,
EMP362,Iqra Mahmood,DEPARTMENT-009,Training & Development,Learning Services,ORGANIZATIONAL-UNIT-TRN,LOC-CAMPUS,POS-353,Training Manager,Lead/Manager,Permanent,Active,EMP361,2021-08-01,1982-01-19,44,2042-01-19,NOT_DUE,2021-08-01,2021-11-01,2021-11-01,3,0,CONFIRMED,2021-11-05,COMPLETED,,,,,,75.6,92.4,80.96,Stable,93.8,3.9,No,NONE,,Additive synthetic operational layer based on existing 720-employee data,2026-08-01,0,,,NONE,,NONE,,,NONE,,,NONE,,,NONE,,,,0,,Active,DEPARTMENT-009,Training & Development,Learning Services,ORGANIZATIONAL-UNIT-TRN,LOC-CAMPUS,POS-353,Training Manager,Lead/Manager,Permanent,EMP361,,,
EMP363,Shahzaib Rauf,DEPARTMENT-009,Training & Development,Learning Services,ORGANIZATIONAL-UNIT-TRN,LOC-CAMPUS,POS-354,Training Manager,Lead/Manager,Permanent,Active,EMP361,2016-03-01,1979-08-28,46,2039-08-28,NOT_DUE,2016-03-01,2016-06-01,2016-06-01,3,0,CONFIRMED,2016-06-14,COMPLETED,,,,,,82.5,85.0,78.55,Improving,95.4,4.0,No,NONE,,Additive synthetic operational layer based on existing 720-employee data,2026-08-01,0,,,NONE,,NONE,,,NONE,,,NONE,,,NONE,,,,0,,Active,DEPARTMENT-009,Training & Development,Learning Services,ORGANIZATIONAL-UNIT-TRN,LOC-CAMPUS,POS-354,Training Manager,Lead/Manager,Permanent,EMP361,,,
EMP364,Iqra Malik,DEPARTMENT-009,Training & Development,Learning Services,ORGANIZATIONAL-UNIT-TRN,LOC-CAMPUS,POS-355,Training Manager,Lead/Manager,Permanent,Active,EMP361,2014-07-01,1979-12-03,46,2039-12-03,NOT_DUE,2014-07-01,2014-10-01,2014-10-01,3,0,CONFIRMED,2014-10-15,COMPLETED,,,,,,77.1,71.0,78.63,Stable,93.8,3.3,No,NONE,,Additive synthetic operational layer based on existing 720-employee data,2026-08-01,0,,,NONE,,NONE,,,NONE,,,NONE,,,NONE,,,,0,,Active,DEPARTMENT-009,Training & Development,Learning Services,ORGANIZATIONAL-UNIT-TRN,LOC-CAMPUS,POS-355,Training Manager,Lead/Manager,Permanent,EMP361,,,
EMP365,Noor Raza,DEPARTMENT-009,Training & Development,Learning Services,ORGANIZATIONAL-UNIT-TRN,LOC-CAMPUS,POS-356,Training Manager,Lead/Manager,Permanent,Active,EMP361,2016-09-01,1982-04-29,44,2042-04-29,NOT_DUE,2016-09-01,2016-12-01,2016-12-01,3,0,CONFIRMED,2016-12-13,COMPLETED,,,,,,72.7,66.4,80.14,Improving,98.5,2.9,Yes,NONE,,Additive synthetic operational layer based on existing 720-employee data,2026-08-01,0,,,NONE,,NONE,,,NONE,,,NONE,,,NONE,,,,0,,Active,DEPARTMENT-009,Training & Development,Learning Services,ORGANIZATIONAL-UNIT-TRN,LOC-CAMPUS,POS-356,Training Manager,Lead/Manager,Permanent,EMP361,,,
EMP366,Saad Khan,DEPARTMENT-009,Training & Development,Learning Services,ORGANIZATIONAL-UNIT-TRN,LOC-CAMPUS,POS-357,Training Manager,Lead/Manager,Permanent,Active,EMP361,2016-04-01,1980-05-05,46,2040-05-05,NOT_DUE,2016-04-01,2016-07-01,2016-07-01,3,0,CONFIRMED,2016-07-09,COMPLETED,,,,,,71.5,64.0,80.8,Improving,96.9,3.2,No,NONE,,Additive synthetic operational layer based on existing 720-employee data,2026-08-01,0,,,NONE,,NONE,,,NONE,,,NONE,,,NONE,,,,0,,Active,DEPARTMENT-009,Training & Development,Learning Services,ORGANIZATIONAL-UNIT-TRN,LOC-CAMPUS,POS-357,Training Manager,Lead/Manager,Permanent,EMP361,,,
EMP367,Laiba Siddiqui,DEPARTMENT-009,Training & Development,Learning Services,ORGANIZATIONAL-UNIT-TRN,LOC-CAMPUS,POS-358,Training Manager,Lead/Manager,Contract,Active,EMP361,2018-12-01,1984-12-25,41,2044-12-25,NOT_DUE,2018-12-01,2019-03-01,2019-03-01,3,0,CONFIRMED,2019-03-08,COMPLETED,2025-12-01,2026-11-30,12,7,ACTIVE,73.0,78.0,74.78,Improving,93.8,3.6,No,CONTRACT_END,2026-11-30,Additive synthetic operational layer based on existing 720-employee data,2026-08-01,0,,,NON_RENEW,2026-11-30,NONE,,,NONE,,,NONE,,,NONE,,,,0,,Active,DEPARTMENT-009,Training & Development,Learning Services,ORGANIZATIONAL-UNIT-TRN,LOC-CAMPUS,POS-358,Training Manager,Lead/Manager,Contract,EMP361,,,
EMP368,Saba Hashmi,DEPARTMENT-009,Training & Development,Learning Services,ORGANIZATIONAL-UNIT-TRN-TEAM-01,LOC-CAMPUS,POS-359,Senior Trainer,Senior,Permanent,Active,EMP364,2022-05-01,1986-08-24,39,2046-08-24,NOT_DUE,2022-05-01,2022-08-01,2022-08-01,3,0,CONFIRMED,2022-07-30,COMPLETED,,,,,,68.7,70.8,77.11,Stable,98.5,3.5,Yes,NONE,,Additive synthetic operational layer based on existing 720-employee data,2026-08-01,0,,,NONE,,NONE,,,NONE,,,NONE,,,NONE,,,,0,,Active,DEPARTMENT-009,Training & Development,Learning Services,ORGANIZATIONAL-UNIT-TRN-TEAM-01,LOC-CAMPUS,POS-359,Senior Trainer,Senior,Permanent,EMP364,,,
EMP369,Maha Rauf,DEPARTMENT-009,Training & Development,Learning Services,ORGANIZATIONAL-UNIT-TRN-TEAM-03,LOC-CAMPUS,POS-360,Senior Trainer,Senior,Permanent,Active,EMP365,2015-03-01,1982-09-17,43,2042-09-17,NOT_DUE,2015-03-01,2015-06-01,2015-06-01,3,0,CONFIRMED,2015-06-03,COMPLETED,,,,,,69.4,67.2,76.33,Improving,100.0,3.5,No,NONE,,Additive synthetic operational layer based on existing 720-employee data,2026-08-01,0,,,NONE,,NONE,,,NONE,,,SCHEDULED,POS-750,2026-08-28,NONE,,,,0,,Active,DEPARTMENT-009,Training & Development,Learning Services,ORGANIZATIONAL-UNIT-TRN-TEAM-03,LOC-CAMPUS,POS-360,Senior Trainer,Senior,Permanent,EMP365,,,
EMP370,Anusha Mahmood,DEPARTMENT-009,Training & Development,Learning Services,ORGANIZATIONAL-UNIT-TRN-TEAM-02,LOC-CAMPUS,POS-361,Senior Trainer,Senior,Contract,Active,EMP366,2014-09-01,1981-03-22,45,2041-03-22,NOT_DUE,2014-09-01,2014-12-01,2014-12-01,3,0,CONFIRMED,2014-11-25,COMPLETED,2024-09-01,2026-08-31,24,5,EXPIRING_30D,72.6,59.2,81.04,Stable,98.5,3.2,Yes,NONE,,Additive synthetic operational layer based on existing 720-employee data,2026-08-01,0,,,NONE,,NONE,,,NONE,,,NONE,,,NONE,,,,0,,Active,DEPARTMENT-009,Training & Development,Learning Services,ORGANIZATIONAL-UNIT-TRN-TEAM-02,LOC-CAMPUS,POS-361,Senior Trainer,Senior,Contract,EMP366,,,
EMP371,Omar Tariq,DEPARTMENT-009,Training & Development,Learning Services,ORGANIZATIONAL-UNIT-TRN-TEAM-01,LOC-CAMPUS,POS-362,Senior Trainer,Senior,Permanent,Active,EMP367,2022-05-01,1989-07-24,37,2049-07-24,NOT_DUE,2022-05-01,2022-08-01,2022-08-01,3,0,CONFIRMED,2022-08-01,COMPLETED,,,,,,67.9,64.0,82.63,Stable,100.0,3.2,No,NONE,,Additive synthetic operational layer based on existing 720-employee data,2026-08-01,0,,,NONE,,NONE,,,NONE,,,NONE,,,NONE,,,,0,,Active,DEPARTMENT-009,Training & Development,Learning Services,ORGANIZATIONAL-UNIT-TRN-TEAM-01,LOC-CAMPUS,POS-362,Senior Trainer,Senior,Permanent,EMP367,,,
EMP372,Hassan Nadeem,DEPARTMENT-009,Training & Development,Learning Services,ORGANIZATIONAL-UNIT-TRN-TEAM-01,LOC-CAMPUS,POS-363,Senior Trainer,Senior,Permanent,Active,EMP362,2023-06-01,1992-05-07,34,2052-05-07,NOT_DUE,2023-06-01,2023-09-01,2023-09-01,3,0,CONFIRMED,2023-09-12,COMPLETED,,,,,,79.8,87.6,85.74,Stable,95.4,4.3,No,NONE,,Additive synthetic operational layer based on existing 720-employee data,2026-08-01,0,,,NONE,,NONE,,,NONE,,,NONE,,,NONE,,,,0,,Active,DEPARTMENT-009,Training & Development,Learning Services,ORGANIZATIONAL-UNIT-TRN-TEAM-01,LOC-CAMPUS,POS-363,Senior Trainer,Senior,Permanent,EMP362,,,
EMP373,Noman Nawaz,DEPARTMENT-009,Training & Development,Learning Services,ORGANIZATIONAL-UNIT-TRN-TEAM-03,LOC-CAMPUS,POS-364,Senior Trainer,Senior,Permanent,Active,EMP363,2017-01-01,1985-09-01,40,2045-09-01,NOT_DUE,2017-01-01,2017-04-01,2017-04-01,3,0,CONFIRMED,2017-04-14,COMPLETED,,,,,,82.2,75.8,79.92,Improving,100.0,3.4,No,NONE,,Additive synthetic operational layer based on existing 720-employee data,2026-08-01,0,,,NONE,,NONE,,,NONE,,,NONE,,,NONE,,,,0,,Active,DEPARTMENT-009,Training & Development,Learning Services,ORGANIZATIONAL-UNIT-TRN-TEAM-03,LOC-CAMPUS,POS-364,Senior Trainer,Senior,Permanent,EMP363,,,
EMP374,Iqra Habib,DEPARTMENT-009,Training & Development,Learning Services,ORGANIZATIONAL-UNIT-TRN-TEAM-01,LOC-CAMPUS,POS-365,Senior Trainer,Senior,Permanent,Active,EMP364,2021-02-01,1987-04-07,39,2047-04-07,NOT_DUE,2021-02-01,2021-05-01,2021-05-01,3,0,CONFIRMED,2021-04-27,COMPLETED,,,,,,79.6,79.0,83.76,Stable,98.5,4.0,Yes,NONE,,Additive synthetic operational layer based on existing 720-employee data,2026-08-01,0,,,NONE,,NONE,,,NONE,,,NONE,,,NONE,,,,0,,Active,DEPARTMENT-009,Training & Development,Learning Services,ORGANIZATIONAL-UNIT-TRN-TEAM-01,LOC-CAMPUS,POS-365,Senior Trainer,Senior,Permanent,EMP364,,,
EMP375,Sana Mirza,DEPARTMENT-009,Training & Development,Learning Services,ORGANIZATIONAL-UNIT-TRN-TEAM-02,LOC-CAMPUS,POS-366,Senior Trainer,Senior,Contract,Active,EMP365,2018-07-01,1982-09-07,43,2042-09-07,NOT_DUE,2018-07-01,2018-10-01,2018-10-01,3,0,CONFIRMED,2018-10-11,COMPLETED,2026-07-01,2027-06-30,12,8,ACTIVE,74.9,72.6,80.68,Improving,90.8,3.2,No,NONE,,Additive synthetic operational layer based on existing 720-employee data,2026-08-01,0,,,NONE,,NONE,,,NONE,,,NONE,,,NONE,,,,0,,Active,DEPARTMENT-009,Training & Development,Learning Services,ORGANIZATIONAL-UNIT-TRN-TEAM-02,LOC-CAMPUS,POS-366,Senior Trainer,Senior,Contract,EMP365,,,
EMP376,Amna Nasir,DEPARTMENT-009,Training & Development,Learning Services,ORGANIZATIONAL-UNIT-TRN-TEAM-03,LOC-CAMPUS,POS-367,Learning and Development Specialist,Mid,Permanent,Active,EMP366,2022-04-01,1991-12-23,34,2051-12-23,NOT_DUE,2022-04-01,2022-07-01,2022-07-01,3,0,CONFIRMED,2022-07-05,COMPLETED,,,,,,68.4,76.8,80.07,Stable,100.0,3.6,No,NONE,,Additive synthetic operational layer based on existing 720-employee data,2026-08-01,0,,,NONE,,NONE,,,NONE,,,NONE,,,NONE,,,,0,,Active,DEPARTMENT-009,Training & Development,Learning Services,ORGANIZATIONAL-UNIT-TRN-TEAM-03,LOC-CAMPUS,POS-367,Learning and Development Specialist,Mid,Permanent,EMP366,,,
EMP377,Anam Mirza,DEPARTMENT-009,Training & Development,Learning Services,ORGANIZATIONAL-UNIT-TRN-TEAM-02,LOC-CAMPUS,POS-368,Learning and Development Specialist,Mid,Permanent,Active,EMP367,2024-03-01,1993-10-28,32,2053-10-28,NOT_DUE,2024-03-01,2024-06-01,2024-06-01,3,0,CONFIRMED,2024-06-12,COMPLETED,,,,,,82.2,91.2,92.65,Stable,90.8,3.7,Yes,NONE,,Additive synthetic operational layer based on existing 720-employee data,2026-08-01,0,,,NONE,,NONE,,,NONE,,,NONE,,,SCHEDULED,DEPARTMENT-013,POS-757,2027-03-13,0,,Active,DEPARTMENT-009,Training & Development,Learning Services,ORGANIZATIONAL-UNIT-TRN-TEAM-02,LOC-CAMPUS,POS-368,Learning and Development Specialist,Mid,Permanent,EMP367,,,
EMP378,Anam Qureshi,DEPARTMENT-009,Training & Development,Learning Services,ORGANIZATIONAL-UNIT-TRN-TEAM-03,LOC-CAMPUS,POS-369,Learning and Development Specialist,Mid,Permanent,Active,EMP362,2019-12-01,1991-10-06,34,2051-10-06,NOT_DUE,2019-12-01,2020-03-01,2020-03-01,3,0,CONFIRMED,2020-02-28,COMPLETED,,,,,,84.9,87.6,83.78,Improving,96.9,3.7,No,NONE,,Additive synthetic operational layer based on existing 720-employee data,2026-08-01,0,,,NONE,,NONE,,,NONE,,,NONE,,,NONE,,,,0,,Active,DEPARTMENT-009,Training & Development,Learning Services,ORGANIZATIONAL-UNIT-TRN-TEAM-03,LOC-CAMPUS,POS-369,Learning and Development Specialist,Mid,Permanent,EMP362,,,
EMP379,Anusha Qureshi,DEPARTMENT-009,Training & Development,Learning Services,ORGANIZATIONAL-UNIT-TRN-TEAM-01,LOC-CAMPUS,POS-370,Learning and Development Specialist,Mid,Permanent,Active,EMP363,2022-10-01,1989-11-18,36,2049-11-18,NOT_DUE,2022-10-01,2023-01-01,2023-01-01,3,0,CONFIRMED,2023-01-13,COMPLETED,,,,,,67.2,70.8,73.47,Improving,92.3,3.6,Yes,NONE,,Additive synthetic operational layer based on existing 720-employee data,2026-08-01,0,,,NONE,,NONE,,,NONE,,,SCHEDULED,POS-749,2026-08-19,NONE,,,,0,,Active,DEPARTMENT-009,Training & Development,Learning Services,ORGANIZATIONAL-UNIT-TRN-TEAM-01,LOC-CAMPUS,POS-370,Learning and Development Specialist,Mid,Permanent,EMP363,,,
EMP380,Maha Waheed,DEPARTMENT-009,Training & Development,Learning Services,ORGANIZATIONAL-UNIT-TRN-TEAM-02,LOC-CAMPUS,POS-371,Learning and Development Specialist,Mid,Permanent,Active,EMP364,2023-07-01,1996-10-21,29,2056-10-21,NOT_DUE,2023-07-01,2023-10-01,2023-10-01,3,0,CONFIRMED,2023-09-30,COMPLETED,,,,,,75.2,66.4,87.6,Improving,98.5,3.1,Yes,NONE,,Additive synthetic operational layer based on existing 720-employee data,2026-08-01,0,,,NONE,,NONE,,,NONE,,,NONE,,,NONE,,,,0,,Active,DEPARTMENT-009,Training & Development,Learning Services,ORGANIZATIONAL-UNIT-TRN-TEAM-02,LOC-CAMPUS,POS-371,Learning and Development Specialist,Mid,Permanent,EMP364,,,
EMP381,Iqra Latif,DEPARTMENT-009,Training & Development,Learning Services,ORGANIZATIONAL-UNIT-TRN-TEAM-03,LOC-CAMPUS,POS-372,Learning and Development Specialist,Mid,Permanent,Active,EMP365,2020-02-01,1994-11-03,31,2054-11-03,NOT_DUE,2020-02-01,2020-05-01,2020-05-01,3,0,CONFIRMED,2020-04-30,COMPLETED,,,,,,87.1,83.8,92.92,Stable,98.5,3.5,No,NONE,,Additive synthetic operational layer based on existing 720-employee data,2026-08-01,1,2024-03-01,RETURNING_TALENT,NONE,,NONE,,,NONE,,,NONE,,,NONE,,,,0,,Active,DEPARTMENT-009,Training & Development,Learning Services,ORGANIZATIONAL-UNIT-TRN-TEAM-03,LOC-CAMPUS,POS-372,Learning and Development Specialist,Mid,Permanent,EMP365,,,
EMP382,Fahad Ahmed,DEPARTMENT-009,Training & Development,Learning Services,ORGANIZATIONAL-UNIT-TRN-TEAM-03,LOC-CAMPUS,POS-373,Learning and Development Specialist,Mid,Permanent,Active,EMP366,2021-08-01,1988-10-15,37,2048-10-15,NOT_DUE,2021-08-01,2021-11-01,2021-11-01,3,0,CONFIRMED,2021-11-08,COMPLETED,,,,,,85.5,85.0,89.77,Improving,100.0,3.7,No,NONE,,Additive synthetic operational layer based on existing 720-employee data,2026-08-01,0,,,NONE,,NONE,,,NONE,,,NONE,,,NONE,,,,0,,Active,DEPARTMENT-009,Training & Development,Learning Services,ORGANIZATIONAL-UNIT-TRN-TEAM-03,LOC-CAMPUS,POS-373,Learning and Development Specialist,Mid,Permanent,EMP366,,,
EMP383,Rabia Awan,DEPARTMENT-009,Training & Development,Learning Services,ORGANIZATIONAL-UNIT-TRN-TEAM-03,LOC-CAMPUS,POS-374,Learning and Development Specialist,Mid,Contract,Active,EMP367,2020-07-01,1990-12-28,35,2050-12-28,NOT_DUE,2020-07-01,2020-10-01,2020-10-01,3,0,CONFIRMED,2020-09-28,COMPLETED,2026-07-01,2027-06-30,12,6,ACTIVE,68.9,68.8,81.97,Stable,98.5,3.4,No,NONE,,Additive synthetic operational layer based on existing 720-employee data,2026-08-01,0,,,NONE,,NONE,,,NONE,,,NONE,,,NONE,,,,0,,Active,DEPARTMENT-009,Training & Development,Learning Services,ORGANIZATIONAL-UNIT-TRN-TEAM-03,LOC-CAMPUS,POS-374,Learning and Development Specialist,Mid,Contract,EMP367,,,
EMP384,Ayesha Farooq,DEPARTMENT-009,Training & Development,Learning Services,ORGANIZATIONAL-UNIT-TRN-TEAM-01,LOC-CAMPUS,POS-375,Learning and Development Specialist,Mid,Permanent,Active,EMP362,2021-07-01,1990-05-05,36,2050-05-05,NOT_DUE,2021-07-01,2021-10-01,2021-10-01,3,0,CONFIRMED,2021-10-15,COMPLETED,,,,,,81.2,92.4,83.57,Stable,96.9,4.9,No,NONE,,Additive synthetic operational layer based on existing 720-employee data,2026-08-01,0,,,NONE,,NONE,,,NONE,,,NONE,,,SCHEDULED,DEPARTMENT-008,POS-742,2027-02-17,0,,Active,DEPARTMENT-009,Training & Development,Learning Services,ORGANIZATIONAL-UNIT-TRN-TEAM-01,LOC-CAMPUS,POS-375,Learning and Development Specialist,Mid,Permanent,EMP362,,,
EMP385,Waqas Raza,DEPARTMENT-009,Training & Development,Learning Services,ORGANIZATIONAL-UNIT-TRN-TEAM-01,LOC-CAMPUS,POS-376,Learning and Development Specialist,Mid,Permanent,Active,EMP363,2020-04-01,1990-09-25,35,2050-09-25,NOT_DUE,2020-04-01,2020-07-01,2020-07-01,3,0,CONFIRMED,2020-07-06,COMPLETED,,,,,,79.7,68.8,86.55,Improving,100.0,3.2,Yes,NONE,,Additive synthetic operational layer based on existing 720-employee data,2026-08-01,0,,,NONE,,NONE,,,NONE,,,NONE,,,NONE,,,,0,,Active,DEPARTMENT-009,Training & Development,Learning Services,ORGANIZATIONAL-UNIT-TRN-TEAM-01,LOC-CAMPUS,POS-376,Learning and Development Specialist,Mid,Permanent,EMP363,,,
EMP386,Areeba Nasir,DEPARTMENT-009,Training & Development,Learning Services,ORGANIZATIONAL-UNIT-TRN-TEAM-02,LOC-CAMPUS,POS-377,Learning and Development Specialist,Mid,Permanent,Active,EMP364,2019-10-01,1989-11-04,36,2049-11-04,NOT_DUE,2019-10-01,2020-01-01,2020-01-01,3,0,CONFIRMED,2020-01-12,COMPLETED,,,,,,82.4,81.4,88.93,Stable,95.4,3.8,No,NONE,,Additive synthetic operational layer based on existing 720-employee data,2026-08-01,0,,,NONE,,NONE,,,NONE,,,NONE,,,NONE,,,,0,,Active,DEPARTMENT-009,Training & Development,Learning Services,ORGANIZATIONAL-UNIT-TRN-TEAM-02,LOC-CAMPUS,POS-377,Learning and Development Specialist,Mid,Permanent,EMP364,,,
EMP387,Usman Rashid,DEPARTMENT-009,Training & Development,Learning Services,ORGANIZATIONAL-UNIT-TRN-TEAM-01,LOC-CAMPUS,POS-378,Learning and Development Specialist,Mid,Permanent,Active,EMP365,2024-04-01,1997-01-27,29,2057-01-27,NOT_DUE,2024-04-01,2024-07-01,2024-07-01,3,0,CONFIRMED,2024-06-25,COMPLETED,,,,,,75.7,65.4,93.6,Stable,98.5,3.1,No,NONE,,Additive synthetic operational layer based on existing 720-employee data,2026-08-01,0,,,NONE,,NONE,,,NONE,,,NONE,,,NONE,,,,0,,Active,DEPARTMENT-009,Training & Development,Learning Services,ORGANIZATIONAL-UNIT-TRN-TEAM-01,LOC-CAMPUS,POS-378,Learning and Development Specialist,Mid,Permanent,EMP365,,,
EMP388,Kashif Mughal,DEPARTMENT-009,Training & Development,Learning Services,ORGANIZATIONAL-UNIT-TRN-TEAM-03,LOC-CAMPUS,POS-379,Learning and Development Specialist,Mid,Permanent,Active,EMP366,2024-02-01,1995-03-03,31,2055-03-03,NOT_DUE,2024-02-01,2024-05-01,2024-05-01,3,0,CONFIRMED,2024-05-14,COMPLETED,,,,,,80.4,79.4,86.98,Improving,90.8,3.3,No,NONE,,Additive synthetic operational layer based on existing 720-employee data,2026-08-01,0,,,NONE,,NONE,,,NONE,,,NONE,,,NONE,,,,0,,Active,DEPARTMENT-009,Training & Development,Learning Services,ORGANIZATIONAL-UNIT-TRN-TEAM-03,LOC-CAMPUS,POS-379,Learning and Development Specialist,Mid,Permanent,EMP366,,,
EMP389,Amna Latif,DEPARTMENT-009,Training & Development,Learning Services,ORGANIZATIONAL-UNIT-TRN-TEAM-03,LOC-CAMPUS,POS-380,Learning and Development Specialist,Mid,Permanent,Active,EMP367,2020-11-01,1992-08-31,33,2052-08-31,NOT_DUE,2020-11-01,2021-02-01,2021-02-01,3,0,CONFIRMED,2021-01-26,COMPLETED,,,,,,68.2,60.4,85.09,Stable,100.0,3.1,Yes,NONE,,Additive synthetic operational layer based on existing 720-employee data,2026-08-01,0,,,NONE,,NONE,,,NONE,,,NONE,,,NONE,,,,0,,Active,DEPARTMENT-009,Training & Development,Learning Services,ORGANIZATIONAL-UNIT-TRN-TEAM-03,LOC-CAMPUS,POS-380,Learning and Development Specialist,Mid,Permanent,EMP367,,,
EMP390,Nida Ali,DEPARTMENT-009,Training & Development,Learning Services,ORGANIZATIONAL-UNIT-TRN-TEAM-03,LOC-CAMPUS,POS-381,Training Coordinator,Junior,Permanent,Active,EMP366,2024-02-01,1995-08-03,30,2055-08-03,NOT_DUE,2024-02-01,2024-05-01,2024-05-01,3,0,CONFIRMED,2024-05-06,COMPLETED,,,,,,57.7,49.0,71.31,Stable,96.9,4.1,No,NONE,,Additive synthetic operational layer based on existing 720-employee data,2026-08-01,0,,,NONE,,NONE,,,NONE,,,NONE,,,NONE,,,,0,,Active,DEPARTMENT-009,Training & Development,Learning Services,ORGANIZATIONAL-UNIT-TRN-TEAM-03,LOC-CAMPUS,POS-381,Training Coordinator,Junior,Permanent,EMP366,,,
EMP391,Zainab Aslam,DEPARTMENT-009,Training & Development,Learning Services,ORGANIZATIONAL-UNIT-TRN-TEAM-02,LOC-CAMPUS,POS-382,Training Coordinator,Junior,Permanent,Active,EMP367,2023-02-01,1993-09-30,32,2053-09-30,NOT_DUE,2023-02-01,2023-05-01,2023-05-01,3,0,CONFIRMED,2023-05-08,COMPLETED,,,,,,56.0,42.2,70.98,Stable,98.5,3.3,No,NONE,,Additive synthetic operational layer based on existing 720-employee data,2026-08-01,0,,,NONE,,NONE,,,NONE,,,NONE,,,NONE,,,,0,,Active,DEPARTMENT-009,Training & Development,Learning Services,ORGANIZATIONAL-UNIT-TRN-TEAM-02,LOC-CAMPUS,POS-382,Training Coordinator,Junior,Permanent,EMP367,,,
EMP392,Danish Zafar,DEPARTMENT-009,Training & Development,Learning Services,ORGANIZATIONAL-UNIT-TRN-TEAM-03,LOC-CAMPUS,POS-383,Training Coordinator,Junior,Permanent,Active,EMP368,2025-02-01,2000-01-22,26,2060-01-22,NOT_DUE,2025-02-01,2025-05-01,2025-05-01,3,0,CONFIRMED,2025-05-09,COMPLETED,,,,,,63.0,55.0,83.86,Stable,93.8,4.0,No,NONE,,Additive synthetic operational layer based on existing 720-employee data,2026-08-01,0,,,NONE,,NONE,,,NONE,,,NONE,,,NONE,,,,0,,Active,DEPARTMENT-009,Training & Development,Learning Services,ORGANIZATIONAL-UNIT-TRN-TEAM-03,LOC-CAMPUS,POS-383,Training Coordinator,Junior,Permanent,EMP368,,,
EMP393,Nida Awan,DEPARTMENT-009,Training & Development,Learning Services,ORGANIZATIONAL-UNIT-TRN-TEAM-01,LOC-CAMPUS,POS-384,Training Coordinator,Junior,Permanent,Active,EMP369,2026-03-01,1995-02-12,31,2055-02-12,NOT_DUE,2026-03-01,2026-06-01,2026-06-01,3,0,CONFIRMED,2026-06-15,COMPLETED,,,,,,63.2,52.6,83.93,Stable,96.9,3.9,No,NONE,,Additive synthetic operational layer based on existing 720-employee data,2026-08-01,0,,,NONE,,NONE,,,NONE,,,NONE,,,NONE,,,,0,,Active,DEPARTMENT-009,Training & Development,Learning Services,ORGANIZATIONAL-UNIT-TRN-TEAM-01,LOC-CAMPUS,POS-384,Training Coordinator,Junior,Permanent,EMP369,,,
EMP394,Usman Ansari,DEPARTMENT-009,Training & Development,Learning Services,ORGANIZATIONAL-UNIT-TRN-TEAM-02,LOC-CAMPUS,POS-385,Training Coordinator,Junior,Permanent,Active,EMP370,2025-11-01,2001-04-28,25,2061-04-28,NOT_DUE,2025-11-01,2026-02-01,2026-02-01,3,0,CONFIRMED,2026-02-05,COMPLETED,,,,,,64.0,52.0,87.18,Stable,98.5,3.2,Yes,NONE,,Additive synthetic operational layer based on existing 720-employee data,2026-08-01,0,,,NONE,,NONE,,,NONE,,,NONE,,,NONE,,,,0,,Active,DEPARTMENT-009,Training & Development,Learning Services,ORGANIZATIONAL-UNIT-TRN-TEAM-02,LOC-CAMPUS,POS-385,Training Coordinator,Junior,Permanent,EMP370,,,
EMP395,Ayesha Raza,DEPARTMENT-009,Training & Development,Learning Services,ORGANIZATIONAL-UNIT-TRN-TEAM-03,LOC-CAMPUS,POS-386,Training Coordinator,Junior,Permanent,Active,EMP371,2024-01-01,1999-02-05,27,2059-02-05,NOT_DUE,2024-01-01,2024-04-01,2024-04-01,3,0,CONFIRMED,2024-04-12,COMPLETED,,,,,,63.9,55.2,80.97,Stable,100.0,4.4,No,NONE,,Additive synthetic operational layer based on existing 720-employee data,2026-08-01,0,,,NONE,,NONE,,,NONE,,,NONE,,,NONE,,,,0,,Active,DEPARTMENT-009,Training & Development,Learning Services,ORGANIZATIONAL-UNIT-TRN-TEAM-03,LOC-CAMPUS,POS-386,Training Coordinator,Junior,Permanent,EMP371,,,
EMP396,Minal Ahmed,DEPARTMENT-009,Training & Development,Learning Services,ORGANIZATIONAL-UNIT-TRN-TEAM-01,LOC-CAMPUS,POS-387,Training Coordinator,Junior,Permanent,Active,EMP372,2025-12-01,1997-03-30,29,2057-03-30,NOT_DUE,2025-12-01,2026-03-01,2026-03-01,3,0,CONFIRMED,2026-03-08,COMPLETED,,,,,,64.7,56.4,80.7,Improving,96.9,3.8,No,NONE,,Additive synthetic operational layer based on existing 720-employee data,2026-08-01,0,,,NONE,,NONE,,,NONE,,,NONE,,,NONE,,,,0,,Active,DEPARTMENT-009,Training & Development,Learning Services,ORGANIZATIONAL-UNIT-TRN-TEAM-01,LOC-CAMPUS,POS-387,Training Coordinator,Junior,Permanent,EMP372,,,
EMP397,Maryam Ahmed,DEPARTMENT-009,Training & Development,Learning Services,ORGANIZATIONAL-UNIT-TRN-TEAM-01,LOC-CAMPUS,POS-388,Training Coordinator,Junior,Permanent,Active,EMP373,2024-08-01,1997-01-07,29,2057-01-07,NOT_DUE,2024-08-01,2024-11-01,2024-11-01,3,0,CONFIRMED,2024-11-11,COMPLETED,,,,,,65.7,42.2,85.8,Stable,93.8,3.4,No,NONE,,Additive synthetic operational layer based on existing 720-employee data,2026-08-01,0,,,NONE,,NONE,,,NONE,,,NONE,,,NONE,,,,0,,Active,DEPARTMENT-009,Training & Development,Learning Services,ORGANIZATIONAL-UNIT-TRN-TEAM-01,LOC-CAMPUS,POS-388,Training Coordinator,Junior,Permanent,EMP373,,,
EMP398,Hassan Chaudhry,DEPARTMENT-009,Training & Development,Learning Services,ORGANIZATIONAL-UNIT-TRN-TEAM-01,LOC-CAMPUS,POS-389,Training Coordinator,Junior,Permanent,Active,EMP374,2024-05-01,1997-10-05,28,2057-10-05,NOT_DUE,2024-05-01,2024-08-01,2024-08-01,3,0,CONFIRMED,2024-08-01,COMPLETED,,,,,,70.9,41.0,90.93,Improving,98.5,2.6,Yes,NONE,,Additive synthetic operational layer based on existing 720-employee data,2026-08-01,0,,,NONE,,NONE,,,NONE,,,NONE,,,NONE,,,,0,,Active,DEPARTMENT-009,Training & Development,Learning Services,ORGANIZATIONAL-UNIT-TRN-TEAM-01,LOC-CAMPUS,POS-389,Training Coordinator,Junior,Permanent,EMP374,,,
EMP399,Nida Khalid,DEPARTMENT-009,Training & Development,Learning Services,ORGANIZATIONAL-UNIT-TRN-TEAM-01,LOC-CAMPUS,POS-390,Training Coordinator,Junior,Contract,Active,EMP375,2024-08-01,1996-12-12,29,2056-12-12,NOT_DUE,2024-08-01,2024-11-01,2024-11-01,3,0,CONFIRMED,2024-11-01,COMPLETED,2026-08-01,2028-07-31,24,1,ACTIVE,65.4,43.4,86.23,Stable,100.0,3.1,No,NONE,,Additive synthetic operational layer based on existing 720-employee data,2026-08-01,0,,,NONE,,NONE,,,NONE,,,NONE,,,NONE,,,,0,,Active,DEPARTMENT-009,Training & Development,Learning Services,ORGANIZATIONAL-UNIT-TRN-TEAM-01,LOC-CAMPUS,POS-390,Training Coordinator,Junior,Contract,EMP375,,,
EMP400,Hassan Shah,DEPARTMENT-009,Training & Development,Learning Services,ORGANIZATIONAL-UNIT-TRN-TEAM-01,LOC-CAMPUS,POS-391,Training Coordinator,Junior,Permanent,Active,EMP362,2025-06-01,1997-09-13,28,2057-09-13,NOT_DUE,2025-06-01,2025-09-01,2025-09-01,3,0,CONFIRMED,2025-09-14,COMPLETED,,,,,,69.0,51.4,84.7,Improving,100.0,4.5,No,NONE,,Additive synthetic operational layer based on existing 720-employee data,2026-08-01,0,,,NONE,,NONE,,,NONE,,,NONE,,,NONE,,,,0,,Active,DEPARTMENT-009,Training & Development,Learning Services,ORGANIZATIONAL-UNIT-TRN-TEAM-01,LOC-CAMPUS,POS-391,Training Coordinator,Junior,Permanent,EMP362,,,
EMP401,Ahmed Malik,DEPARTMENT-009,Training & Development,Learning Services,ORGANIZATIONAL-UNIT-TRN-TEAM-03,LOC-CAMPUS,POS-392,Training Coordinator,Junior,Permanent,Active,EMP363,2023-12-01,1995-09-02,30,2055-09-02,NOT_DUE,2023-12-01,2024-03-01,2024-03-01,3,0,CONFIRMED,2024-03-07,COMPLETED,,,,,,66.3,54.4,88.04,Stable,93.8,2.7,Yes,NONE,,Additive synthetic operational layer based on existing 720-employee data,2026-08-01,0,,,NONE,,NONE,,,NONE,,,NONE,,,NONE,,,,0,,Active,DEPARTMENT-009,Training & Development,Learning Services,ORGANIZATIONAL-UNIT-TRN-TEAM-03,LOC-CAMPUS,POS-392,Training Coordinator,Junior,Permanent,EMP363,,,
EMP402,Asad Habib,DEPARTMENT-009,Training & Development,Learning Services,ORGANIZATIONAL-UNIT-TRN-TEAM-02,LOC-CAMPUS,POS-393,Training Coordinator,Junior,Permanent,Active,EMP364,2024-06-01,1997-06-27,29,2057-06-27,NOT_DUE,2024-06-01,2024-09-01,2024-09-01,3,0,CONFIRMED,2024-09-13,COMPLETED,,,,,,65.0,50.2,83.77,Stable,100.0,3.6,No,NONE,,Additive synthetic operational layer based on existing 720-employee data,2026-08-01,0,,,NONE,,NONE,,,NONE,,,NONE,,,NONE,,,,0,,Active,DEPARTMENT-009,Training & Development,Learning Services,ORGANIZATIONAL-UNIT-TRN-TEAM-02,LOC-CAMPUS,POS-393,Training Coordinator,Junior,Permanent,EMP364,,,
EMP403,Ayesha Khan,DEPARTMENT-009,Training & Development,Learning Services,ORGANIZATIONAL-UNIT-TRN-TEAM-01,LOC-CAMPUS,POS-394,Training Intern,Intern,Internship,Probation,EMP365,2026-05-01,1997-03-25,29,2057-03-25,NOT_DUE,2026-05-01,2026-07-01,2026-08-01,2,1,DUE_SOON,,CONFIRM,,,,,,31.4,18.4,83.81,Stable,100.0,3.2,No,NONE,,Additive synthetic operational layer based on existing 720-employee data,2026-08-01,0,,,NONE,,NONE,,,NONE,,,NONE,,,NONE,,,,0,,Probation,DEPARTMENT-009,Training & Development,Learning Services,ORGANIZATIONAL-UNIT-TRN-TEAM-01,LOC-CAMPUS,POS-394,Training Intern,Intern,Internship,EMP365,,,
EMP404,Adnan Aslam,DEPARTMENT-009,Training & Development,Learning Services,ORGANIZATIONAL-UNIT-TRN-TEAM-03,LOC-CAMPUS,POS-395,Training Intern,Intern,Internship,Probation,EMP366,2026-07-01,2002-01-14,24,2062-01-14,NOT_DUE,2026-07-01,2026-09-01,2026-09-01,2,0,ACTIVE,,CONFIRM,,,,,,33.3,25.6,87.09,Stable,100.0,3.1,No,NONE,,Additive synthetic operational layer based on existing 720-employee data,2026-08-01,0,,,NONE,,NONE,,,NONE,,,NONE,,,NONE,,,,0,,Probation,DEPARTMENT-009,Training & Development,Learning Services,ORGANIZATIONAL-UNIT-TRN-TEAM-03,LOC-CAMPUS,POS-395,Training Intern,Intern,Internship,EMP366,,,
EMP405,Kinza Yousaf,DEPARTMENT-009,Training & Development,Learning Services,ORGANIZATIONAL-UNIT-TRN-TEAM-02,LOC-CAMPUS,POS-396,Training Intern,Intern,Internship,Active,EMP367,2026-04-01,2000-05-18,26,2060-05-18,NOT_DUE,,,,,0,NOT_APPLICABLE,,,,,,,,31.5,49.0,82.22,Stable,92.3,3.8,Yes,NONE,,Additive synthetic operational layer based on existing 720-employee data,2026-08-01,0,,,NONE,,NONE,,,NONE,,,NONE,,,NONE,,,,0,,Active,DEPARTMENT-009,Training & Development,Learning Services,ORGANIZATIONAL-UNIT-TRN-TEAM-02,LOC-CAMPUS,POS-396,Training Intern,Intern,Internship,EMP367,,,
EMP406,Taha Ejaz,DEPARTMENT-010,Administration & Facilities,Corporate Services,ORGANIZATIONAL-UNIT-ADM,LOC-HQ,EXEC-ADM-HEAD,Head of Administration and Facilities,Executive,Permanent,Active,,2013-11-01,1967-01-28,59,2027-01-28,DUE_180D,2013-11-01,2014-02-01,2014-02-01,3,0,CONFIRMED,2014-02-02,COMPLETED,,,,,,38.0,62.8,79.59,Stable,100.0,3.4,No,RETIREMENT,2027-01-28,Additive synthetic operational layer based on existing 720-employee data,2026-08-01,0,,,NONE,,NONE,,,NONE,,,NONE,,,NONE,,,,0,,Active,DEPARTMENT-010,Administration & Facilities,Corporate Services,ORGANIZATIONAL-UNIT-ADM,LOC-HQ,EXEC-ADM-HEAD,Head of Administration and Facilities,Executive,Permanent,,,,
EMP407,Rabia Raza,DEPARTMENT-010,Administration & Facilities,Corporate Services,ORGANIZATIONAL-UNIT-ADM,LOC-HQ,POS-397,Administration Manager,Lead/Manager,Permanent,Active,EMP406,2010-12-01,1974-02-02,52,2034-02-02,NOT_DUE,2010-12-01,2011-03-01,2011-03-01,3,0,CONFIRMED,2011-03-13,COMPLETED,,,,,,68.2,74.4,77.56,Stable,95.4,3.8,No,NONE,,Additive synthetic operational layer based on existing 720-employee data,2026-08-01,0,,,NONE,,NONE,,,NONE,,,NONE,,,NONE,,,,0,,Active,DEPARTMENT-010,Administration & Facilities,Corporate Services,ORGANIZATIONAL-UNIT-ADM,LOC-HQ,POS-397,Administration Manager,Lead/Manager,Permanent,EMP406,,,
EMP408,Anam Yousaf,DEPARTMENT-010,Administration & Facilities,Corporate Services,ORGANIZATIONAL-UNIT-ADM,LOC-HQ,POS-398,Administration Manager,Lead/Manager,Permanent,Active,EMP406,2019-12-01,1983-08-22,42,2043-08-22,NOT_DUE,2019-12-01,2020-03-01,2020-03-01,3,0,CONFIRMED,2020-02-25,COMPLETED,,,,,,72.1,70.2,80.84,Stable,95.4,3.0,Yes,NONE,,Additive synthetic operational layer based on existing 720-employee data,2026-08-01,0,,,NONE,,NONE,,,NONE,,,NONE,,,NONE,,,,0,,Active,DEPARTMENT-010,Administration & Facilities,Corporate Services,ORGANIZATIONAL-UNIT-ADM,LOC-HQ,POS-398,Administration Manager,Lead/Manager,Permanent,EMP406,,,
EMP409,Waqas Akhtar,DEPARTMENT-010,Administration & Facilities,Corporate Services,ORGANIZATIONAL-UNIT-ADM,LOC-HQ,POS-399,Administration Manager,Lead/Manager,Contract,Active,EMP406,2013-04-01,1977-02-16,49,2037-02-16,NOT_DUE,2013-04-01,2013-07-01,2013-07-01,3,0,CONFIRMED,2013-07-12,COMPLETED,2026-04-01,2027-03-31,12,13,ACTIVE,79.3,88.0,84.22,Improving,100.0,3.4,No,NONE,,Additive synthetic operational layer based on existing 720-employee data,2026-08-01,0,,,NONE,,NONE,,,NONE,,,NONE,,,NONE,,,,0,,Active,DEPARTMENT-010,Administration & Facilities,Corporate Services,ORGANIZATIONAL-UNIT-ADM,LOC-HQ,POS-399,Administration Manager,Lead/Manager,Contract,EMP406,,,
EMP410,Asad Rehman,DEPARTMENT-010,Administration & Facilities,Corporate Services,ORGANIZATIONAL-UNIT-ADM,LOC-HQ,POS-400,Administration Manager,Lead/Manager,Permanent,Active,EMP406,2017-04-01,1977-08-05,48,2037-08-05,NOT_DUE,2017-04-01,2017-07-01,2017-07-01,3,0,CONFIRMED,2017-07-06,COMPLETED,,,,,,66.6,78.2,84.09,Declining,98.5,3.3,No,NONE,,Additive synthetic operational layer based on existing 720-employee data,2026-08-01,0,,,NONE,,NONE,,,NONE,,,NONE,,,NONE,,,,0,,Active,DEPARTMENT-010,Administration & Facilities,Corporate Services,ORGANIZATIONAL-UNIT-ADM,LOC-HQ,POS-400,Administration Manager,Lead/Manager,Permanent,EMP406,,,
EMP411,Hamza Habib,DEPARTMENT-010,Administration & Facilities,Corporate Services,ORGANIZATIONAL-UNIT-ADM,LOC-HQ,POS-401,Administration Manager,Lead/Manager,Permanent,Active,EMP406,2014-07-01,1976-07-10,50,2036-07-10,NOT_DUE,2014-07-01,2014-10-01,2014-10-01,3,0,CONFIRMED,2014-10-11,COMPLETED,,,,,,81.8,91.0,84.14,Stable,100.0,3.7,No,NONE,,Additive synthetic operational layer based on existing 720-employee data,2026-08-01,0,,,NONE,,NONE,,,NONE,,,NONE,,,NONE,,,,0,,Active,DEPARTMENT-010,Administration & Facilities,Corporate Services,ORGANIZATIONAL-UNIT-ADM,LOC-HQ,POS-401,Administration Manager,Lead/Manager,Permanent,EMP406,,,
EMP412,Noor Mahmood,DEPARTMENT-010,Administration & Facilities,Corporate Services,ORGANIZATIONAL-UNIT-ADM,LOC-HQ,POS-402,Administration Manager,Lead/Manager,Permanent,Active,EMP406,2016-09-01,1977-05-31,49,2037-05-31,NOT_DUE,2016-09-01,2016-12-01,2016-12-01,3,0,CONFIRMED,2016-12-11,COMPLETED,,,,,,81.3,83.8,83.14,Stable,96.9,3.8,No,NONE,,Additive synthetic operational layer based on existing 720-employee data,2026-08-01,0,,,NONE,,NONE,,,NONE,,,NONE,,,NONE,,,,0,,Active,DEPARTMENT-010,Administration & Facilities,Corporate Services,ORGANIZATIONAL-UNIT-ADM,LOC-HQ,POS-402,Administration Manager,Lead/Manager,Permanent,EMP406,,,
EMP413,Ali Akhtar,DEPARTMENT-010,Administration & Facilities,Corporate Services,ORGANIZATIONAL-UNIT-ADM-TEAM-01,LOC-HQ,POS-403,Senior Administration Officer,Senior,Permanent,Active,EMP412,2022-04-01,1992-01-28,34,2052-01-28,NOT_DUE,2022-04-01,2022-07-01,2022-07-01,3,0,CONFIRMED,2022-06-26,COMPLETED,,,,,,65.0,74.4,74.7,Stable,100.0,4.6,No,NONE,,Additive synthetic operational layer based on existing 720-employee data,2026-08-01,0,,,NONE,,NONE,,,NONE,,,NONE,,,NONE,,,,0,,Active,DEPARTMENT-010,Administration & Facilities,Corporate Services,ORGANIZATIONAL-UNIT-ADM-TEAM-01,LOC-HQ,POS-403,Senior Administration Officer,Senior,Permanent,EMP412,,,
EMP414,Zainab Tariq,DEPARTMENT-010,Administration & Facilities,Corporate Services,ORGANIZATIONAL-UNIT-ADM-TEAM-03,LOC-HQ,POS-404,Senior Administration Officer,Senior,Permanent,Active,EMP407,2020-08-01,1987-06-29,39,2047-06-29,NOT_DUE,2020-08-01,2020-11-01,2020-11-01,3,0,CONFIRMED,2020-11-06,COMPLETED,,,,,,81.5,90.0,88.92,Stable,93.8,4.9,Yes,NONE,,Additive synthetic operational layer based on existing 720-employee data,2026-08-01,0,,,NONE,,NONE,,,NONE,,,NONE,,,NONE,,,,0,,Active,DEPARTMENT-010,Administration & Facilities,Corporate Services,ORGANIZATIONAL-UNIT-ADM-TEAM-03,LOC-HQ,POS-404,Senior Administration Officer,Senior,Permanent,EMP407,,,
EMP415,Mahnoor Aziz,DEPARTMENT-010,Administration & Facilities,Corporate Services,ORGANIZATIONAL-UNIT-ADM-TEAM-02,LOC-HQ,POS-405,Senior Administration Officer,Senior,Permanent,Active,EMP408,2020-02-01,1987-10-30,38,2047-10-30,NOT_DUE,2020-02-01,2020-05-01,2020-05-01,3,0,CONFIRMED,2020-05-06,COMPLETED,,,,,,77.4,85.0,85.82,Stable,95.4,4.2,No,NONE,,Additive synthetic operational layer based on existing 720-employee data,2026-08-01,0,,,NONE,,NONE,,,NONE,,,NONE,,,NONE,,,,0,,Active,DEPARTMENT-010,Administration & Facilities,Corporate Services,ORGANIZATIONAL-UNIT-ADM-TEAM-02,LOC-HQ,POS-405,Senior Administration Officer,Senior,Permanent,EMP408,,,
EMP416,Nida Raza,DEPARTMENT-010,Administration & Facilities,Corporate Services,ORGANIZATIONAL-UNIT-ADM-TEAM-01,LOC-HQ,POS-406,Senior Administration Officer,Senior,Permanent,Active,EMP409,2022-04-01,1992-08-26,33,2052-08-26,NOT_DUE,2022-04-01,2022-07-01,2022-07-01,3,0,CONFIRMED,2022-07-14,COMPLETED,,,,,,79.6,89.8,86.03,Stable,96.9,3.9,Yes,NONE,,Additive synthetic operational layer based on existing 720-employee data,2026-08-01,0,,,NONE,,NONE,,,NONE,,,NONE,,,NONE,,,,0,,Active,DEPARTMENT-010,Administration & Facilities,Corporate Services,ORGANIZATIONAL-UNIT-ADM-TEAM-01,LOC-HQ,POS-406,Senior Administration Officer,Senior,Permanent,EMP409,,,
EMP417,Saba Ali,DEPARTMENT-010,Administration & Facilities,Corporate Services,ORGANIZATIONAL-UNIT-ADM-TEAM-03,LOC-HQ,POS-407,Senior Administration Officer,Senior,Permanent,Active,EMP410,2017-10-01,1983-07-04,43,2043-07-04,NOT_DUE,2017-10-01,2018-01-01,2018-01-01,3,0,CONFIRMED,2018-01-08,COMPLETED,,,,,,82.9,86.2,84.92,Improving,98.5,3.7,No,NONE,,Additive synthetic operational layer based on existing 720-employee data,2026-08-01,0,,,NONE,,NONE,,,NONE,,,NONE,,,NONE,,,,0,,Active,DEPARTMENT-010,Administration & Facilities,Corporate Services,ORGANIZATIONAL-UNIT-ADM-TEAM-03,LOC-HQ,POS-407,Senior Administration Officer,Senior,Permanent,EMP410,,,
EMP418,Imran Raza,DEPARTMENT-010,Administration & Facilities,Corporate Services,ORGANIZATIONAL-UNIT-ADM-TEAM-02,LOC-HQ,POS-408,Senior Administration Officer,Senior,Permanent,Active,EMP411,2014-02-01,1980-08-27,45,2040-08-27,NOT_DUE,2014-02-01,2014-05-01,2014-05-01,3,0,CONFIRMED,2014-05-11,COMPLETED,,,,,,63.4,61.6,82.74,Declining,98.5,2.4,Yes,NONE,,Additive synthetic operational layer based on existing 720-employee data,2026-08-01,0,,,NONE,,NONE,,,NONE,,,NONE,,,NONE,,,,0,,Active,DEPARTMENT-010,Administration & Facilities,Corporate Services,ORGANIZATIONAL-UNIT-ADM-TEAM-02,LOC-HQ,POS-408,Senior Administration Officer,Senior,Permanent,EMP411,,,
EMP419,Anam Baig,DEPARTMENT-010,Administration & Facilities,Corporate Services,ORGANIZATIONAL-UNIT-ADM-TEAM-03,LOC-HQ,POS-409,Senior Administration Officer,Senior,Permanent,Active,EMP412,2017-10-01,1983-08-17,42,2043-08-17,NOT_DUE,2017-10-01,2018-01-01,2018-01-01,3,0,CONFIRMED,2018-01-08,COMPLETED,,,,,,75.1,66.4,84.58,Stable,98.5,3.2,Yes,NONE,,Additive synthetic operational layer based on existing 720-employee data,2026-08-01,0,,,NONE,,NONE,,,NONE,,,NONE,,,NONE,,,,0,,Active,DEPARTMENT-010,Administration & Facilities,Corporate Services,ORGANIZATIONAL-UNIT-ADM-TEAM-03,LOC-HQ,POS-409,Senior Administration Officer,Senior,Permanent,EMP412,,,
EMP420,Imran Faisal,DEPARTMENT-010,Administration & Facilities,Corporate Services,ORGANIZATIONAL-UNIT-ADM-TEAM-02,LOC-HQ,POS-410,Senior Administration Officer,Senior,Permanent,Active,EMP407,2023-02-01,1995-08-29,30,2055-08-29,NOT_DUE,2023-02-01,2023-05-01,2023-05-01,3,0,CONFIRMED,2023-05-02,COMPLETED,,,,,,80.5,83.8,80.04,Improving,100.0,4.0,No,NONE,,Additive synthetic operational layer based on existing 720-employee data,2026-08-01,0,,,NONE,,NONE,,,NONE,,,NONE,,,NONE,,,,0,,Active,DEPARTMENT-010,Administration & Facilities,Corporate Services,ORGANIZATIONAL-UNIT-ADM-TEAM-02,LOC-HQ,POS-410,Senior Administration Officer,Senior,Permanent,EMP407,,,
EMP421,Amna Mirza,DEPARTMENT-010,Administration & Facilities,Corporate Services,ORGANIZATIONAL-UNIT-ADM-TEAM-03,LOC-HQ,POS-411,Administration Officer,Mid,Permanent,Active,EMP408,2022-06-01,1996-05-12,30,2056-05-12,NOT_DUE,2022-06-01,2022-09-01,2022-09-01,3,0,CONFIRMED,2022-08-29,COMPLETED,,,,,,65.7,91.0,83.01,Declining,92.3,3.6,Yes,NONE,,Additive synthetic operational layer based on existing 720-employee data,2026-08-01,0,,,NONE,,NONE,,,NONE,,,NONE,,,NONE,,,,0,,Active,DEPARTMENT-010,Administration & Facilities,Corporate Services,ORGANIZATIONAL-UNIT-ADM-TEAM-03,LOC-HQ,POS-411,Administration Officer,Mid,Permanent,EMP408,,,
EMP422,Farhan Ismail,DEPARTMENT-010,Administration & Facilities,Corporate Services,ORGANIZATIONAL-UNIT-ADM-TEAM-02,LOC-HQ,POS-412,Administration Officer,Mid,Permanent,Active,EMP409,2021-11-01,1989-02-21,37,2049-02-21,NOT_DUE,2021-11-01,2022-02-01,2022-02-01,3,0,CONFIRMED,2022-01-27,COMPLETED,,,,,,70.0,78.0,79.91,Improving,92.3,3.5,No,NONE,,Additive synthetic operational layer based on existing 720-employee data,2026-08-01,0,,,NONE,,NONE,,,NONE,,,NONE,,,NONE,,,,0,,Active,DEPARTMENT-010,Administration & Facilities,Corporate Services,ORGANIZATIONAL-UNIT-ADM-TEAM-02,LOC-HQ,POS-412,Administration Officer,Mid,Permanent,EMP409,,,
EMP423,Danish Latif,DEPARTMENT-010,Administration & Facilities,Corporate Services,ORGANIZATIONAL-UNIT-ADM-TEAM-02,LOC-HQ,POS-413,Administration Officer,Mid,Permanent,Active,EMP410,2025-04-01,1991-06-26,35,2051-06-26,NOT_DUE,2025-04-01,2025-07-01,2025-07-01,3,0,CONFIRMED,2025-07-10,COMPLETED,,,,,,64.3,83.0,71.29,Improving,95.4,3.8,Yes,NONE,,Additive synthetic operational layer based on existing 720-employee data,2026-08-01,0,,,NONE,,NONE,,,NONE,,,NONE,,,NONE,,,,0,,Active,DEPARTMENT-010,Administration & Facilities,Corporate Services,ORGANIZATIONAL-UNIT-ADM-TEAM-02,LOC-HQ,POS-413,Administration Officer,Mid,Permanent,EMP410,,,
EMP424,Omar Hameed,DEPARTMENT-010,Administration & Facilities,Corporate Services,ORGANIZATIONAL-UNIT-ADM-TEAM-02,LOC-HQ,POS-414,Administration Officer,Mid,Permanent,Active,EMP411,2021-08-01,1989-03-05,37,2049-03-05,NOT_DUE,2021-08-01,2021-11-01,2021-11-01,3,0,CONFIRMED,2021-11-06,COMPLETED,,,,,,86.2,84.0,92.45,Improving,95.4,3.9,No,NONE,,Additive synthetic operational layer based on existing 720-employee data,2026-08-01,0,,,NONE,,NONE,,,NONE,,,NONE,,,NONE,,,,0,,Active,DEPARTMENT-010,Administration & Facilities,Corporate Services,ORGANIZATIONAL-UNIT-ADM-TEAM-02,LOC-HQ,POS-414,Administration Officer,Mid,Permanent,EMP411,,,
EMP425,Saad Awan,DEPARTMENT-010,Administration & Facilities,Corporate Services,ORGANIZATIONAL-UNIT-ADM-TEAM-01,LOC-HQ,POS-415,Administration Officer,Mid,Permanent,Active,EMP412,2022-06-01,1993-01-23,33,2053-01-23,NOT_DUE,2022-06-01,2022-09-01,2022-09-01,3,0,CONFIRMED,2022-09-07,COMPLETED,,,,,,67.2,66.4,75.77,Stable,98.5,3.0,No,NONE,,Additive synthetic operational layer based on existing 720-employee data,2026-08-01,0,,,NONE,,NONE,,,NONE,,,NONE,,,NONE,,,,0,,Active,DEPARTMENT-010,Administration & Facilities,Corporate Services,ORGANIZATIONAL-UNIT-ADM-TEAM-01,LOC-HQ,POS-415,Administration Officer,Mid,Permanent,EMP412,,,
EMP426,Hassan Khan,DEPARTMENT-010,Administration & Facilities,Corporate Services,ORGANIZATIONAL-UNIT-ADM-TEAM-02,LOC-HQ,POS-416,Administration Officer,Mid,Permanent,Active,EMP407,2019-09-01,1988-01-05,38,2048-01-05,NOT_DUE,2019-09-01,2019-12-01,2019-12-01,3,0,CONFIRMED,2019-11-24,COMPLETED,,,,,,74.0,64.0,85.15,Improving,100.0,2.8,Yes,NONE,,Additive synthetic operational layer based on existing 720-employee data,2026-08-01,0,,,NONE,,NONE,,,NONE,,,NONE,,,NONE,,,,0,,Active,DEPARTMENT-010,Administration & Facilities,Corporate Services,ORGANIZATIONAL-UNIT-ADM-TEAM-02,LOC-HQ,POS-416,Administration Officer,Mid,Permanent,EMP407,,,
EMP427,Zainab Ahmed,DEPARTMENT-010,Administration & Facilities,Corporate Services,ORGANIZATIONAL-UNIT-ADM-TEAM-03,LOC-HQ,POS-417,Administration Officer,Mid,Permanent,Active,EMP408,2025-02-01,1998-11-30,27,2058-11-30,NOT_DUE,2025-02-01,2025-05-01,2025-05-01,3,0,CONFIRMED,2025-05-07,COMPLETED,,,,,,76.4,79.6,85.29,Stable,100.0,3.3,No,NONE,,Additive synthetic operational layer based on existing 720-employee data,2026-08-01,0,,,NONE,,NONE,,,NONE,,,NONE,,,NONE,,,,0,,Active,DEPARTMENT-010,Administration & Facilities,Corporate Services,ORGANIZATIONAL-UNIT-ADM-TEAM-03,LOC-HQ,POS-417,Administration Officer,Mid,Permanent,EMP408,,,
EMP428,Kinza Munir,DEPARTMENT-010,Administration & Facilities,Corporate Services,ORGANIZATIONAL-UNIT-ADM-TEAM-02,LOC-HQ,POS-418,Administration Officer,Mid,Permanent,Active,EMP409,2024-05-01,1993-07-03,33,2053-07-03,NOT_DUE,2024-05-01,2024-08-01,2024-08-01,3,0,CONFIRMED,2024-08-10,COMPLETED,,,,,,81.3,87.4,90.04,Stable,100.0,5.0,No,NONE,,Additive synthetic operational layer based on existing 720-employee data,2026-08-01,0,,,NONE,,NONE,,,NONE,,,NONE,,,NONE,,,,0,,Active,DEPARTMENT-010,Administration & Facilities,Corporate Services,ORGANIZATIONAL-UNIT-ADM-TEAM-02,LOC-HQ,POS-418,Administration Officer,Mid,Permanent,EMP409,,,
EMP429,Komal Latif,DEPARTMENT-010,Administration & Facilities,Corporate Services,ORGANIZATIONAL-UNIT-ADM-TEAM-02,LOC-HQ,POS-419,Administration Officer,Mid,Permanent,Active,EMP410,2019-04-01,1989-09-13,36,2049-09-13,NOT_DUE,2019-04-01,2019-07-01,2019-07-01,3,0,CONFIRMED,2019-07-05,COMPLETED,,,,,,82.4,81.4,85.09,Improving,98.5,4.8,No,NONE,,Additive synthetic operational layer based on existing 720-employee data,2026-08-01,0,,,NONE,,NONE,,,NONE,,,NONE,,,NONE,,,,0,,Active,DEPARTMENT-010,Administration & Facilities,Corporate Services,ORGANIZATIONAL-UNIT-ADM-TEAM-02,LOC-HQ,POS-419,Administration Officer,Mid,Permanent,EMP410,,,
EMP430,Saad Raza,DEPARTMENT-010,Administration & Facilities,Corporate Services,ORGANIZATIONAL-UNIT-ADM-TEAM-01,LOC-HQ,POS-420,Administration Officer,Mid,Permanent,Active,EMP411,2019-10-01,1988-06-04,38,2048-06-04,NOT_DUE,2019-10-01,2020-01-01,2020-01-01,3,0,CONFIRMED,2020-01-13,COMPLETED,,,,,,76.4,70.0,91.3,Stable,95.4,2.9,No,NONE,,Additive synthetic operational layer based on existing 720-employee data,2026-08-01,1,2024-10-22,CRITICAL_SKILL,NONE,,NONE,,,NONE,,,NONE,,,NONE,,,,0,,Active,DEPARTMENT-010,Administration & Facilities,Corporate Services,ORGANIZATIONAL-UNIT-ADM-TEAM-01,LOC-HQ,POS-420,Administration Officer,Mid,Permanent,EMP411,,,
EMP431,Noman Iqbal,DEPARTMENT-010,Administration & Facilities,Corporate Services,ORGANIZATIONAL-UNIT-ADM-TEAM-03,LOC-HQ,POS-421,Administration Officer,Mid,Permanent,Active,EMP412,2022-07-01,1990-07-11,36,2050-07-11,NOT_DUE,2022-07-01,2022-10-01,2022-10-01,3,0,CONFIRMED,2022-10-15,COMPLETED,,,,,,65.5,79.6,83.74,Declining,100.0,3.4,No,NONE,,Additive synthetic operational layer based on existing 720-employee data,2026-08-01,0,,,NONE,,NONE,,,NONE,,,NONE,,,NONE,,,,0,,Active,DEPARTMENT-010,Administration & Facilities,Corporate Services,ORGANIZATIONAL-UNIT-ADM-TEAM-03,LOC-HQ,POS-421,Administration Officer,Mid,Permanent,EMP412,,,
EMP432,Kinza Hashmi,DEPARTMENT-010,Administration & Facilities,Corporate Services,ORGANIZATIONAL-UNIT-ADM-TEAM-01,LOC-HQ,POS-422,Administration Officer,Mid,Permanent,Active,EMP407,2022-07-01,1989-07-30,37,2049-07-30,NOT_DUE,2022-07-01,2022-10-01,2022-10-01,3,0,CONFIRMED,2022-10-08,COMPLETED,,,,,,78.8,87.6,84.67,Stable,98.5,4.4,No,NONE,,Additive synthetic operational layer based on existing 720-employee data,2026-08-01,0,,,NONE,,NONE,,,NONE,,,NONE,,,NONE,,,,0,,Active,DEPARTMENT-010,Administration & Facilities,Corporate Services,ORGANIZATIONAL-UNIT-ADM-TEAM-01,LOC-HQ,POS-422,Administration Officer,Mid,Permanent,EMP407,,,
EMP433,Amna Mahmood,DEPARTMENT-010,Administration & Facilities,Corporate Services,ORGANIZATIONAL-UNIT-ADM-TEAM-03,LOC-HQ,POS-423,Administration Officer,Mid,Permanent,Active,EMP408,2022-09-01,1993-03-30,33,2053-03-30,NOT_DUE,2022-09-01,2022-12-01,2022-12-01,3,0,CONFIRMED,2022-12-05,COMPLETED,,,,,,67.3,74.4,76.56,Stable,90.8,3.6,Yes,NONE,,Additive synthetic operational layer based on existing 720-employee data,2026-08-01,0,,,NONE,,NONE,,,NONE,,,NONE,,,NONE,,,,0,,Active,DEPARTMENT-010,Administration & Facilities,Corporate Services,ORGANIZATIONAL-UNIT-ADM-TEAM-03,LOC-HQ,POS-423,Administration Officer,Mid,Permanent,EMP408,,,
EMP434,Ayesha Awan,DEPARTMENT-010,Administration & Facilities,Corporate Services,ORGANIZATIONAL-UNIT-ADM-TEAM-02,LOC-HQ,POS-424,Administration Officer,Mid,Contract,Active,EMP409,2025-05-01,1994-01-29,32,2054-01-29,NOT_DUE,2025-05-01,2025-08-01,2025-08-01,3,0,CONFIRMED,2025-08-11,COMPLETED,2026-05-01,2027-04-30,12,1,ACTIVE,81.1,88.6,92.5,Stable,100.0,3.9,No,NONE,,Additive synthetic operational layer based on existing 720-employee data,2026-08-01,0,,,NONE,,NONE,,,NONE,,,NONE,,,NONE,,,,0,,Active,DEPARTMENT-010,Administration & Facilities,Corporate Services,ORGANIZATIONAL-UNIT-ADM-TEAM-02,LOC-HQ,POS-424,Administration Officer,Mid,Contract,EMP409,,,
EMP435,Kamran Sultan,DEPARTMENT-010,Administration & Facilities,Corporate Services,ORGANIZATIONAL-UNIT-ADM-TEAM-01,LOC-HQ,POS-425,Administrative Assistant,Junior,Contract,Active,EMP414,2024-12-01,1998-04-02,28,2058-04-02,NOT_DUE,2024-12-01,2025-03-01,2025-03-01,3,0,CONFIRMED,2025-03-07,COMPLETED,2025-12-01,2026-11-30,12,1,ACTIVE,50.1,57.6,79.64,Declining,100.0,3.6,No,NONE,,Additive synthetic operational layer based on existing 720-employee data,2026-08-01,0,,,NONE,,NONE,,,NONE,,,NONE,,,NONE,,,,0,,Active,DEPARTMENT-010,Administration & Facilities,Corporate Services,ORGANIZATIONAL-UNIT-ADM-TEAM-01,LOC-HQ,POS-425,Administrative Assistant,Junior,Contract,EMP414,,,
EMP436,Anusha Chaudhry,DEPARTMENT-010,Administration & Facilities,Corporate Services,ORGANIZATIONAL-UNIT-ADM-TEAM-01,LOC-HQ,POS-426,Administrative Assistant,Junior,Permanent,Probation,EMP415,2026-04-01,1998-01-01,28,2058-01-01,NOT_DUE,2026-04-01,2026-07-01,2026-08-01,3,1,DUE_SOON,,EXTEND,,,,,,36.0,23.2,84.12,Improving,96.9,3.4,Yes,NONE,,Additive synthetic operational layer based on existing 720-employee data,2026-08-01,0,,,NONE,,NONE,,,NONE,,,NONE,,,NONE,,,,0,,Probation,DEPARTMENT-010,Administration & Facilities,Corporate Services,ORGANIZATIONAL-UNIT-ADM-TEAM-01,LOC-HQ,POS-426,Administrative Assistant,Junior,Permanent,EMP415,,,
EMP437,Ali Ismail,DEPARTMENT-010,Administration & Facilities,Corporate Services,ORGANIZATIONAL-UNIT-ADM-TEAM-02,LOC-HQ,POS-427,Administrative Assistant,Junior,Permanent,Active,EMP416,2023-10-01,1997-11-09,28,2057-11-09,NOT_DUE,2023-10-01,2024-01-01,2024-01-01,3,0,CONFIRMED,2023-12-31,COMPLETED,,,,,,68.7,49.0,88.73,Stable,89.2,4.0,Yes,NONE,,Additive synthetic operational layer based on existing 720-employee data,2026-08-01,0,,,NONE,,NONE,,,NONE,,,NONE,,,NONE,,,,0,,Active,DEPARTMENT-010,Administration & Facilities,Corporate Services,ORGANIZATIONAL-UNIT-ADM-TEAM-02,LOC-HQ,POS-427,Administrative Assistant,Junior,Permanent,EMP416,,,
EMP438,Fahad Habib,DEPARTMENT-010,Administration & Facilities,Corporate Services,ORGANIZATIONAL-UNIT-ADM-TEAM-01,LOC-HQ,POS-428,Administrative Assistant,Junior,Permanent,Active,EMP417,2025-07-01,1998-02-21,28,2058-02-21,NOT_DUE,2025-07-01,2025-10-01,2025-10-01,3,0,CONFIRMED,2025-09-25,COMPLETED,,,,,,52.3,49.4,85.22,Declining,98.5,2.7,No,NONE,,Additive synthetic operational layer based on existing 720-employee data,2026-08-01,0,,,NONE,,NONE,,,NONE,,,NONE,,,NONE,,,,0,,Active,DEPARTMENT-010,Administration & Facilities,Corporate Services,ORGANIZATIONAL-UNIT-ADM-TEAM-01,LOC-HQ,POS-428,Administrative Assistant,Junior,Permanent,EMP417,,,
EMP439,Imran Shah,DEPARTMENT-010,Administration & Facilities,Corporate Services,ORGANIZATIONAL-UNIT-ADM-TEAM-02,LOC-HQ,POS-429,Administrative Assistant,Junior,Permanent,Active,EMP418,2025-12-01,1999-08-10,26,2059-08-10,NOT_DUE,2025-12-01,2026-03-01,2026-03-01,3,0,CONFIRMED,2026-03-09,COMPLETED,,,,,,59.5,41.0,81.23,Stable,95.4,2.3,No,NONE,,Additive synthetic operational layer based on existing 720-employee data,2026-08-01,0,,,NONE,,NONE,,,NONE,,,NONE,,,NONE,,,,0,,Active,DEPARTMENT-010,Administration & Facilities,Corporate Services,ORGANIZATIONAL-UNIT-ADM-TEAM-02,LOC-HQ,POS-429,Administrative Assistant,Junior,Permanent,EMP418,,,
EMP440,Iqra Zafar,DEPARTMENT-010,Administration & Facilities,Corporate Services,ORGANIZATIONAL-UNIT-ADM-TEAM-02,LOC-HQ,POS-430,Administrative Assistant,Junior,Permanent,Active,EMP419,2024-02-01,1991-06-12,35,2051-06-12,NOT_DUE,2024-02-01,2024-05-01,2024-05-01,3,0,CONFIRMED,2024-04-28,COMPLETED,,,,,,65.2,49.0,85.51,Stable,93.8,4.0,No,NONE,,Additive synthetic operational layer based on existing 720-employee data,2026-08-01,0,,,NONE,,NONE,,,NONE,,,NONE,,,NONE,,,,0,,Active,DEPARTMENT-010,Administration & Facilities,Corporate Services,ORGANIZATIONAL-UNIT-ADM-TEAM-02,LOC-HQ,POS-430,Administrative Assistant,Junior,Permanent,EMP419,,,
EMP441,Mahnoor Waheed,DEPARTMENT-010,Administration & Facilities,Corporate Services,ORGANIZATIONAL-UNIT-ADM-TEAM-03,LOC-HQ,POS-431,Administrative Assistant,Junior,Contract,Active,EMP420,2023-12-01,1995-05-21,31,2055-05-21,NOT_DUE,2023-12-01,2024-03-01,2024-03-01,3,0,CONFIRMED,2024-02-23,COMPLETED,2025-12-01,2026-11-30,12,2,ACTIVE,63.8,48.2,77.9,Improving,95.4,3.2,No,NONE,,Additive synthetic operational layer based on existing 720-employee data,2026-08-01,0,,,NONE,,NONE,,,NONE,,,NONE,,,NONE,,,,0,,Active,DEPARTMENT-010,Administration & Facilities,Corporate Services,ORGANIZATIONAL-UNIT-ADM-TEAM-03,LOC-HQ,POS-431,Administrative Assistant,Junior,Contract,EMP420,,,
EMP442,Usman Riaz,DEPARTMENT-010,Administration & Facilities,Corporate Services,ORGANIZATIONAL-UNIT-ADM-TEAM-02,LOC-HQ,POS-432,Administrative Assistant,Junior,Permanent,Active,EMP407,2026-04-01,1999-07-23,27,2059-07-23,NOT_DUE,2026-04-01,2026-07-01,2026-07-01,3,0,CONFIRMED,2026-07-07,COMPLETED,,,,,,63.5,43.4,86.27,Stable,93.8,3.4,No,NONE,,Additive synthetic operational layer based on existing 720-employee data,2026-08-01,0,,,NONE,,NONE,,,NONE,,,NONE,,,NONE,,,,0,,Active,DEPARTMENT-010,Administration & Facilities,Corporate Services,ORGANIZATIONAL-UNIT-ADM-TEAM-02,LOC-HQ,POS-432,Administrative Assistant,Junior,Permanent,EMP407,,,
EMP443,Noman Ismail,DEPARTMENT-010,Administration & Facilities,Corporate Services,ORGANIZATIONAL-UNIT-ADM-TEAM-03,LOC-HQ,POS-433,Administrative Assistant,Junior,Permanent,Active,EMP408,2025-01-01,1999-01-08,27,2059-01-08,NOT_DUE,2025-01-01,2025-04-01,2025-04-01,3,0,CONFIRMED,2025-03-27,COMPLETED,,,,,,45.0,51.4,73.45,Declining,96.9,3.5,No,NONE,,Additive synthetic operational layer based on existing 720-employee data,2026-08-01,0,,,NONE,,NONE,,,NONE,,,NONE,,,NONE,,,,0,,Active,DEPARTMENT-010,Administration & Facilities,Corporate Services,ORGANIZATIONAL-UNIT-ADM-TEAM-03,LOC-HQ,POS-433,Administrative Assistant,Junior,Permanent,EMP408,,,
EMP444,Ahmed Latif,DEPARTMENT-010,Administration & Facilities,Corporate Services,ORGANIZATIONAL-UNIT-ADM-TEAM-03,LOC-HQ,POS-434,Administrative Assistant,Junior,Permanent,Active,EMP409,2023-04-01,1997-08-11,28,2057-08-11,NOT_DUE,2023-04-01,2023-07-01,2023-07-01,3,0,CONFIRMED,2023-07-14,COMPLETED,,,,,,70.1,41.0,88.65,Improving,93.8,3.4,No,NONE,,Additive synthetic operational layer based on existing 720-employee data,2026-08-01,0,,,NONE,,NONE,,,NONE,,,NONE,,,NONE,,,,0,,Active,DEPARTMENT-010,Administration & Facilities,Corporate Services,ORGANIZATIONAL-UNIT-ADM-TEAM-03,LOC-HQ,POS-434,Administrative Assistant,Junior,Permanent,EMP409,,,
EMP445,Areeba Baig,DEPARTMENT-010,Administration & Facilities,Corporate Services,ORGANIZATIONAL-UNIT-ADM-TEAM-02,LOC-HQ,POS-435,Administrative Assistant,Junior,Permanent,Active,EMP410,2025-03-01,2000-08-03,25,2060-08-03,NOT_DUE,2025-03-01,2025-06-01,2025-06-01,3,0,CONFIRMED,2025-06-04,COMPLETED,,,,,,66.6,49.0,85.45,Stable,92.3,4.5,No,NONE,,Additive synthetic operational layer based on existing 720-employee data,2026-08-01,0,,,NONE,,NONE,,,NONE,,,NONE,,,NONE,,,,0,,Active,DEPARTMENT-010,Administration & Facilities,Corporate Services,ORGANIZATIONAL-UNIT-ADM-TEAM-02,LOC-HQ,POS-435,Administrative Assistant,Junior,Permanent,EMP410,,,
EMP446,Nida Khan,DEPARTMENT-010,Administration & Facilities,Corporate Services,ORGANIZATIONAL-UNIT-ADM-TEAM-02,LOC-HQ,POS-436,Administrative Assistant,Junior,Permanent,Active,EMP411,2024-10-01,1997-09-14,28,2057-09-14,NOT_DUE,2024-10-01,2025-01-01,2025-01-01,3,0,CONFIRMED,2024-12-31,COMPLETED,,,,,,52.7,49.0,80.28,Declining,100.0,4.3,No,NONE,,Additive synthetic operational layer based on existing 720-employee data,2026-08-01,0,,,NONE,,NONE,,,NONE,,,NONE,,,NONE,,,,0,,Active,DEPARTMENT-010,Administration & Facilities,Corporate Services,ORGANIZATIONAL-UNIT-ADM-TEAM-02,LOC-HQ,POS-436,Administrative Assistant,Junior,Permanent,EMP411,,,
EMP447,Junaid Qureshi,DEPARTMENT-010,Administration & Facilities,Corporate Services,ORGANIZATIONAL-UNIT-ADM-TEAM-01,LOC-HQ,POS-437,Administrative Assistant,Junior,Permanent,Active,EMP412,2025-02-01,1994-11-17,31,2054-11-17,NOT_DUE,2025-02-01,2025-05-01,2025-05-01,3,0,CONFIRMED,2025-05-04,COMPLETED,,,,,,55.8,51.4,84.19,Declining,95.4,4.4,No,NONE,,Additive synthetic operational layer based on existing 720-employee data,2026-08-01,0,,,NONE,,NONE,,,NONE,,,NONE,,,NONE,,,,0,,Active,DEPARTMENT-010,Administration & Facilities,Corporate Services,ORGANIZATIONAL-UNIT-ADM-TEAM-01,LOC-HQ,POS-437,Administrative Assistant,Junior,Permanent,EMP412,,,
EMP448,Kashif Siddiqui,DEPARTMENT-010,Administration & Facilities,Corporate Services,ORGANIZATIONAL-UNIT-ADM-TEAM-01,LOC-HQ,POS-438,Administration Intern,Intern,Internship,Active,EMP413,2025-10-01,1998-05-28,28,2058-05-28,NOT_DUE,,,,,0,NOT_APPLICABLE,,,,,,,,35.7,49.0,82.0,Improving,96.9,3.9,Yes,NONE,,Additive synthetic operational layer based on existing 720-employee data,2026-08-01,0,,,NONE,,NONE,,,NONE,,,NONE,,,NONE,,,,0,,Active,DEPARTMENT-010,Administration & Facilities,Corporate Services,ORGANIZATIONAL-UNIT-ADM-TEAM-01,LOC-HQ,POS-438,Administration Intern,Intern,Internship,EMP413,,,
EMP449,Rabia Mahmood,DEPARTMENT-010,Administration & Facilities,Corporate Services,ORGANIZATIONAL-UNIT-ADM-TEAM-01,LOC-HQ,POS-439,Administration Intern,Intern,Internship,Active,EMP414,2026-05-01,1998-08-09,27,2058-08-09,NOT_DUE,,,,,0,NOT_APPLICABLE,,,,,,,,29.0,48.2,81.0,Stable,100.0,2.9,Yes,NONE,,Additive synthetic operational layer based on existing 720-employee data,2026-08-01,0,,,NONE,,NONE,,,NONE,,,NONE,,,NONE,,,,0,,Active,DEPARTMENT-010,Administration & Facilities,Corporate Services,ORGANIZATIONAL-UNIT-ADM-TEAM-01,LOC-HQ,POS-439,Administration Intern,Intern,Internship,EMP414,,,
EMP450,Sana Baig,DEPARTMENT-010,Administration & Facilities,Corporate Services,ORGANIZATIONAL-UNIT-ADM-TEAM-01,LOC-HQ,POS-440,Administration Intern,Intern,Internship,Active,EMP415,2025-12-01,1997-09-11,28,2057-09-11,NOT_DUE,,,,,0,NOT_APPLICABLE,,,,,,,,18.6,46.0,79.46,Declining,95.4,3.2,No,NONE,,Additive synthetic operational layer based on existing 720-employee data,2026-08-01,0,,,NONE,,NONE,,,NONE,,,NONE,,,NONE,,,,0,,Active,DEPARTMENT-010,Administration & Facilities,Corporate Services,ORGANIZATIONAL-UNIT-ADM-TEAM-01,LOC-HQ,POS-440,Administration Intern,Intern,Internship,EMP415,,,
EMP451,Nida Farooq,DEPARTMENT-011,Legal & Compliance,Corporate Services,ORGANIZATIONAL-UNIT-LGL,LOC-HQ,EXEC-LGL-HEAD,Head of Legal and Compliance,Executive,Permanent,Active,,2013-07-01,1977-10-28,48,2037-10-28,NOT_DUE,2013-07-01,2013-10-01,2013-10-01,3,0,CONFIRMED,2013-10-14,COMPLETED,,,,,,44.6,67.8,78.21,Improving,100.0,3.2,Yes,NONE,,Additive synthetic operational layer based on existing 720-employee data,2026-08-01,0,,,NONE,,NONE,,,NONE,,,NONE,,,NONE,,,,0,,Active,DEPARTMENT-011,Legal & Compliance,Corporate Services,ORGANIZATIONAL-UNIT-LGL,LOC-HQ,EXEC-LGL-HEAD,Head of Legal and Compliance,Executive,Permanent,,,,
EMP452,Iqra Chaudhry,DEPARTMENT-011,Legal & Compliance,Corporate Services,ORGANIZATIONAL-UNIT-LGL,LOC-HQ,POS-441,Legal and Compliance Manager,Lead/Manager,Permanent,Active,EMP451,2018-03-01,1983-06-12,43,2043-06-12,NOT_DUE,2018-03-01,2018-06-01,2018-06-01,3,0,CONFIRMED,2018-06-08,COMPLETED,,,,,,82.3,81.4,81.39,Stable,100.0,4.9,No,NONE,,Additive synthetic operational layer based on existing 720-employee data,2026-08-01,0,,,NONE,,NONE,,,NONE,,,NONE,,,NONE,,,,0,,Active,DEPARTMENT-011,Legal & Compliance,Corporate Services,ORGANIZATIONAL-UNIT-LGL,LOC-HQ,POS-441,Legal and Compliance Manager,Lead/Manager,Permanent,EMP451,,,
EMP453,Arham Baig,DEPARTMENT-011,Legal & Compliance,Corporate Services,ORGANIZATIONAL-UNIT-LGL,LOC-HQ,POS-442,Legal and Compliance Manager,Lead/Manager,Permanent,Active,EMP451,2020-07-01,1983-10-30,42,2043-10-30,NOT_DUE,2020-07-01,2020-10-01,2020-10-01,3,0,CONFIRMED,2020-10-07,COMPLETED,,,,,,77.8,86.2,79.35,Improving,100.0,3.8,No,NONE,,Additive synthetic operational layer based on existing 720-employee data,2026-08-01,0,,,NONE,,NONE,,,NONE,,,NONE,,,NONE,,,,0,,Active,DEPARTMENT-011,Legal & Compliance,Corporate Services,ORGANIZATIONAL-UNIT-LGL,LOC-HQ,POS-442,Legal and Compliance Manager,Lead/Manager,Permanent,EMP451,,,
EMP454,Arham Rashid,DEPARTMENT-011,Legal & Compliance,Corporate Services,ORGANIZATIONAL-UNIT-LGL,LOC-HQ,POS-443,Legal and Compliance Manager,Lead/Manager,Permanent,Active,EMP451,2019-03-01,1982-01-06,44,2042-01-06,NOT_DUE,2019-03-01,2019-06-01,2019-06-01,3,0,CONFIRMED,2019-06-03,COMPLETED,,,,,,71.1,75.6,75.22,Stable,100.0,4.6,No,NONE,,Additive synthetic operational layer based on existing 720-employee data,2026-08-01,0,,,NONE,,NONE,,,NONE,,,NONE,,,NONE,,,,0,,Active,DEPARTMENT-011,Legal & Compliance,Corporate Services,ORGANIZATIONAL-UNIT-LGL,LOC-HQ,POS-443,Legal and Compliance Manager,Lead/Manager,Permanent,EMP451,,,
EMP455,Adnan Saeed,DEPARTMENT-011,Legal & Compliance,Corporate Services,ORGANIZATIONAL-UNIT-LGL,LOC-HQ,POS-444,Legal and Compliance Manager,Lead/Manager,Permanent,Active,EMP451,2019-06-01,1979-12-26,46,2039-12-26,NOT_DUE,2019-06-01,2019-09-01,2019-09-01,3,0,CONFIRMED,2019-08-30,COMPLETED,,,,,,68.7,74.6,72.3,Stable,98.5,4.3,No,NONE,,Additive synthetic operational layer based on existing 720-employee data,2026-08-01,0,,,NONE,,NONE,,,NONE,,,NONE,,,NONE,,,,0,,Active,DEPARTMENT-011,Legal & Compliance,Corporate Services,ORGANIZATIONAL-UNIT-LGL,LOC-HQ,POS-444,Legal and Compliance Manager,Lead/Manager,Permanent,EMP451,,,
EMP456,Areeba Saleem,DEPARTMENT-011,Legal & Compliance,Corporate Services,ORGANIZATIONAL-UNIT-LGL,LOC-HQ,POS-445,Legal and Compliance Manager,Lead/Manager,Contract,Active,EMP451,2014-08-01,1978-11-02,47,2038-11-02,NOT_DUE,2014-08-01,2014-11-01,2014-11-01,3,0,CONFIRMED,2014-10-26,COMPLETED,2026-08-01,2027-07-31,12,12,ACTIVE,79.4,88.6,80.75,Stable,96.9,3.7,No,NONE,,Additive synthetic operational layer based on existing 720-employee data,2026-08-01,0,,,NONE,,NONE,,,NONE,,,NONE,,,NONE,,,,0,,Active,DEPARTMENT-011,Legal & Compliance,Corporate Services,ORGANIZATIONAL-UNIT-LGL,LOC-HQ,POS-445,Legal and Compliance Manager,Lead/Manager,Contract,EMP451,,,
EMP457,Saba Abbasi,DEPARTMENT-011,Legal & Compliance,Corporate Services,ORGANIZATIONAL-UNIT-LGL,LOC-HQ,POS-446,Legal and Compliance Manager,Lead/Manager,Contract,Active,EMP451,2016-05-01,1979-12-17,46,2039-12-17,NOT_DUE,2016-05-01,2016-08-01,2016-08-01,3,0,CONFIRMED,2016-07-30,COMPLETED,2026-05-01,2027-04-30,12,10,ACTIVE,79.4,91.0,80.6,Stable,100.0,3.8,No,NONE,,Additive synthetic operational layer based on existing 720-employee data,2026-08-01,0,,,NONE,,NONE,,,NONE,,,NONE,,,NONE,,,,0,,Active,DEPARTMENT-011,Legal & Compliance,Corporate Services,ORGANIZATIONAL-UNIT-LGL,LOC-HQ,POS-446,Legal and Compliance Manager,Lead/Manager,Contract,EMP451,,,
EMP458,Taha Ansari,DEPARTMENT-011,Legal & Compliance,Corporate Services,ORGANIZATIONAL-UNIT-LGL-TEAM-02,LOC-HQ,POS-447,Senior Legal Counsel,Senior,Permanent,Active,EMP454,2017-07-01,1984-06-08,42,2044-06-08,NOT_DUE,2017-07-01,2017-10-01,2017-10-01,3,0,CONFIRMED,2017-10-01,COMPLETED,,,,,,67.0,61.6,80.58,Stable,90.8,2.1,Yes,NONE,,Additive synthetic operational layer based on existing 720-employee data,2026-08-01,0,,,NONE,,NONE,,,NONE,,,NONE,,,NONE,,,,0,,Active,DEPARTMENT-011,Legal & Compliance,Corporate Services,ORGANIZATIONAL-UNIT-LGL-TEAM-02,LOC-HQ,POS-447,Senior Legal Counsel,Senior,Permanent,EMP454,,,
EMP459,Minal Iqbal,DEPARTMENT-011,Legal & Compliance,Corporate Services,ORGANIZATIONAL-UNIT-LGL-TEAM-03,LOC-HQ,POS-448,Senior Legal Counsel,Senior,Permanent,Active,EMP455,2020-07-01,1983-11-02,42,2043-11-02,NOT_DUE,2020-07-01,2020-10-01,2020-10-01,3,0,CONFIRMED,2020-10-05,COMPLETED,,,,,,70.1,78.2,76.12,Improving,90.8,4.2,No,NONE,,Additive synthetic operational layer based on existing 720-employee data,2026-08-01,0,,,NONE,,NONE,,,NONE,,,NONE,,,NONE,,,,0,,Active,DEPARTMENT-011,Legal & Compliance,Corporate Services,ORGANIZATIONAL-UNIT-LGL-TEAM-03,LOC-HQ,POS-448,Senior Legal Counsel,Senior,Permanent,EMP455,,,
EMP460,Ayesha Javed,DEPARTMENT-011,Legal & Compliance,Corporate Services,ORGANIZATIONAL-UNIT-LGL-TEAM-02,LOC-HQ,POS-449,Senior Legal Counsel,Senior,Permanent,Active,EMP456,2015-10-01,1978-06-09,48,2038-06-09,NOT_DUE,2015-10-01,2016-01-01,2016-01-01,3,0,CONFIRMED,2016-01-13,COMPLETED,,,,,,69.3,62.8,78.17,Improving,95.4,2.7,Yes,NONE,,Additive synthetic operational layer based on existing 720-employee data,2026-08-01,0,,,NONE,,NONE,,,NONE,,,NONE,,,NONE,,,,0,,Active,DEPARTMENT-011,Legal & Compliance,Corporate Services,ORGANIZATIONAL-UNIT-LGL-TEAM-02,LOC-HQ,POS-449,Senior Legal Counsel,Senior,Permanent,EMP456,,,
EMP461,Taha Qureshi,DEPARTMENT-011,Legal & Compliance,Corporate Services,ORGANIZATIONAL-UNIT-LGL-TEAM-03,LOC-HQ,POS-450,Senior Legal Counsel,Senior,Permanent,Active,EMP457,2019-11-01,1981-08-09,44,2041-08-09,NOT_DUE,2019-11-01,2020-02-01,2020-02-01,3,0,CONFIRMED,2020-02-04,COMPLETED,,,,,,71.6,68.8,82.58,Stable,93.8,3.1,No,NONE,,Additive synthetic operational layer based on existing 720-employee data,2026-08-01,0,,,NONE,,NONE,,,NONE,,,NONE,,,NONE,,,,0,,Active,DEPARTMENT-011,Legal & Compliance,Corporate Services,ORGANIZATIONAL-UNIT-LGL-TEAM-03,LOC-HQ,POS-450,Senior Legal Counsel,Senior,Permanent,EMP457,,,
EMP462,Waqas Ali,DEPARTMENT-011,Legal & Compliance,Corporate Services,ORGANIZATIONAL-UNIT-LGL-TEAM-02,LOC-HQ,POS-451,Senior Legal Counsel,Senior,Permanent,Active,EMP452,2021-02-01,1990-05-06,36,2050-05-06,NOT_DUE,2021-02-01,2021-05-01,2021-05-01,3,0,CONFIRMED,2021-05-15,COMPLETED,,,,,,66.6,64.0,76.4,Improving,93.8,3.4,Yes,NONE,,Additive synthetic operational layer based on existing 720-employee data,2026-08-01,0,,,NONE,,NONE,,,NONE,,,NONE,,,NONE,,,,0,,Active,DEPARTMENT-011,Legal & Compliance,Corporate Services,ORGANIZATIONAL-UNIT-LGL-TEAM-02,LOC-HQ,POS-451,Senior Legal Counsel,Senior,Permanent,EMP452,,,
EMP463,Talha Ansari,DEPARTMENT-011,Legal & Compliance,Corporate Services,ORGANIZATIONAL-UNIT-LGL-TEAM-02,LOC-HQ,POS-452,Senior Legal Counsel,Senior,Permanent,Active,EMP453,2017-10-01,1987-08-07,38,2047-08-07,NOT_DUE,2017-10-01,2018-01-01,2018-01-01,3,0,CONFIRMED,2017-12-31,COMPLETED,,,,,,69.9,79.4,76.81,Stable,96.9,4.5,No,NONE,,Additive synthetic operational layer based on existing 720-employee data,2026-08-01,0,,,NONE,,NONE,,,NONE,,,NONE,,,NONE,,,,0,,Active,DEPARTMENT-011,Legal & Compliance,Corporate Services,ORGANIZATIONAL-UNIT-LGL-TEAM-02,LOC-HQ,POS-452,Senior Legal Counsel,Senior,Permanent,EMP453,,,
EMP464,Nida Ismail,DEPARTMENT-011,Legal & Compliance,Corporate Services,ORGANIZATIONAL-UNIT-LGL-TEAM-03,LOC-HQ,POS-453,Senior Legal Counsel,Senior,Permanent,Active,EMP454,2015-06-01,1981-03-02,45,2041-03-02,NOT_DUE,2015-06-01,2015-09-01,2015-09-01,3,0,CONFIRMED,2015-08-27,COMPLETED,,,,,,77.6,80.6,85.86,Stable,98.5,3.4,No,NONE,,Additive synthetic operational layer based on existing 720-employee data,2026-08-01,0,,,NONE,,NONE,,,NONE,,,NONE,,,NONE,,,,0,,Active,DEPARTMENT-011,Legal & Compliance,Corporate Services,ORGANIZATIONAL-UNIT-LGL-TEAM-03,LOC-HQ,POS-453,Senior Legal Counsel,Senior,Permanent,EMP454,,,
EMP465,Amna Habib,DEPARTMENT-011,Legal & Compliance,Corporate Services,ORGANIZATIONAL-UNIT-LGL-TEAM-02,LOC-HQ,POS-454,Senior Legal Counsel,Senior,Permanent,Active,EMP455,2019-03-01,1989-12-05,36,2049-12-05,NOT_DUE,2019-03-01,2019-06-01,2019-06-01,3,0,CONFIRMED,2019-05-26,COMPLETED,,,,,,86.9,86.2,86.12,Improving,100.0,4.1,No,NONE,,Additive synthetic operational layer based on existing 720-employee data,2026-08-01,0,,,NONE,,NONE,,,NONE,,,NONE,,,NONE,,,,0,,Active,DEPARTMENT-011,Legal & Compliance,Corporate Services,ORGANIZATIONAL-UNIT-LGL-TEAM-02,LOC-HQ,POS-454,Senior Legal Counsel,Senior,Permanent,EMP455,,,
EMP466,Kashif Saleem,DEPARTMENT-011,Legal & Compliance,Corporate Services,ORGANIZATIONAL-UNIT-LGL-TEAM-02,LOC-HQ,POS-455,Compliance Analyst,Mid,Contract,Active,EMP456,2023-08-01,1990-07-21,36,2050-07-21,NOT_DUE,2023-08-01,2023-11-01,2023-11-01,3,0,CONFIRMED,2023-10-31,COMPLETED,2026-08-01,2027-07-31,12,3,ACTIVE,79.1,91.0,88.0,Stable,96.9,3.5,No,NONE,,Additive synthetic operational layer based on existing 720-employee data,2026-08-01,0,,,NONE,,NONE,,,NONE,,,NONE,,,NONE,,,,0,,Active,DEPARTMENT-011,Legal & Compliance,Corporate Services,ORGANIZATIONAL-UNIT-LGL-TEAM-02,LOC-HQ,POS-455,Compliance Analyst,Mid,Contract,EMP456,,,
EMP467,Maryam Dar,DEPARTMENT-011,Legal & Compliance,Corporate Services,ORGANIZATIONAL-UNIT-LGL-TEAM-02,LOC-HQ,POS-456,Compliance Analyst,Mid,Permanent,Active,EMP457,2025-04-01,1993-08-15,32,2053-08-15,NOT_DUE,2025-04-01,2025-07-01,2025-07-01,3,0,CONFIRMED,2025-06-30,COMPLETED,,,,,,79.8,86.8,90.49,Stable,98.5,3.4,Yes,NONE,,Additive synthetic operational layer based on existing 720-employee data,2026-08-01,0,,,NONE,,NONE,,,NONE,,,NONE,,,NONE,,,,0,,Active,DEPARTMENT-011,Legal & Compliance,Corporate Services,ORGANIZATIONAL-UNIT-LGL-TEAM-02,LOC-HQ,POS-456,Compliance Analyst,Mid,Permanent,EMP457,,,
EMP468,Eman Mirza,DEPARTMENT-011,Legal & Compliance,Corporate Services,ORGANIZATIONAL-UNIT-LGL-TEAM-01,LOC-HQ,POS-457,Compliance Analyst,Mid,Permanent,Active,EMP452,2021-10-01,1990-06-12,36,2050-06-12,NOT_DUE,2021-10-01,2022-01-01,2022-01-01,3,0,CONFIRMED,2022-01-06,COMPLETED,,,,,,74.2,71.4,84.51,Improving,95.4,2.5,No,NONE,,Additive synthetic operational layer based on existing 720-employee data,2026-08-01,0,,,NONE,,NONE,,,NONE,,,NONE,,,NONE,,,,0,,Active,DEPARTMENT-011,Legal & Compliance,Corporate Services,ORGANIZATIONAL-UNIT-LGL-TEAM-01,LOC-HQ,POS-457,Compliance Analyst,Mid,Permanent,EMP452,,,
EMP469,Sidra Mughal,DEPARTMENT-011,Legal & Compliance,Corporate Services,ORGANIZATIONAL-UNIT-LGL-TEAM-01,LOC-HQ,POS-458,Compliance Analyst,Mid,Permanent,Active,EMP453,2025-01-01,1996-01-04,30,2056-01-04,NOT_DUE,2025-01-01,2025-04-01,2025-04-01,3,0,CONFIRMED,2025-04-05,COMPLETED,,,,,,77.4,87.4,87.92,Stable,98.5,3.5,No,NONE,,Additive synthetic operational layer based on existing 720-employee data,2026-08-01,0,,,NONE,,NONE,,,NONE,,,NONE,,,NONE,,,,0,,Active,DEPARTMENT-011,Legal & Compliance,Corporate Services,ORGANIZATIONAL-UNIT-LGL-TEAM-01,LOC-HQ,POS-458,Compliance Analyst,Mid,Permanent,EMP453,,,
EMP470,Anam Javed,DEPARTMENT-011,Legal & Compliance,Corporate Services,ORGANIZATIONAL-UNIT-LGL-TEAM-01,LOC-HQ,POS-459,Compliance Analyst,Mid,Permanent,Active,EMP454,2024-07-01,1995-03-30,31,2055-03-30,NOT_DUE,2024-07-01,2024-10-01,2024-10-01,3,0,CONFIRMED,2024-10-13,COMPLETED,,,,,,80.2,83.0,86.44,Improving,96.9,3.3,No,NONE,,Additive synthetic operational layer based on existing 720-employee data,2026-08-01,0,,,NONE,,NONE,,,NONE,,,NONE,,,NONE,,,,0,,Active,DEPARTMENT-011,Legal & Compliance,Corporate Services,ORGANIZATIONAL-UNIT-LGL-TEAM-01,LOC-HQ,POS-459,Compliance Analyst,Mid,Permanent,EMP454,,,
EMP471,Anusha Iqbal,DEPARTMENT-011,Legal & Compliance,Corporate Services,ORGANIZATIONAL-UNIT-LGL-TEAM-03,LOC-HQ,POS-460,Compliance Analyst,Mid,Permanent,Active,EMP455,2020-12-01,1993-11-20,32,2053-11-20,NOT_DUE,2020-12-01,2021-03-01,2021-03-01,3,0,CONFIRMED,2021-02-25,COMPLETED,,,,,,71.5,68.8,85.42,Stable,100.0,3.3,No,NONE,,Additive synthetic operational layer based on existing 720-employee data,2026-08-01,0,,,NONE,,NONE,,,NONE,,,NONE,,,NONE,,,,0,,Active,DEPARTMENT-011,Legal & Compliance,Corporate Services,ORGANIZATIONAL-UNIT-LGL-TEAM-03,LOC-HQ,POS-460,Compliance Analyst,Mid,Permanent,EMP455,,,
EMP472,Sidra Iqbal,DEPARTMENT-011,Legal & Compliance,Corporate Services,ORGANIZATIONAL-UNIT-LGL-TEAM-02,LOC-HQ,POS-461,Compliance Analyst,Mid,Permanent,Active,EMP456,2023-03-01,1990-12-17,35,2050-12-17,NOT_DUE,2023-03-01,2023-06-01,2023-06-01,3,0,CONFIRMED,2023-06-12,COMPLETED,,,,,,84.2,90.0,93.56,Stable,100.0,4.9,No,NONE,,Additive synthetic operational layer based on existing 720-employee data,2026-08-01,0,,,NONE,,NONE,,,NONE,,,NONE,,,NONE,,,,0,,Active,DEPARTMENT-011,Legal & Compliance,Corporate Services,ORGANIZATIONAL-UNIT-LGL-TEAM-02,LOC-HQ,POS-461,Compliance Analyst,Mid,Permanent,EMP456,,,
EMP473,Areeba Saeed,DEPARTMENT-011,Legal & Compliance,Corporate Services,ORGANIZATIONAL-UNIT-LGL-TEAM-02,LOC-HQ,POS-462,Compliance Analyst,Mid,Permanent,Active,EMP457,2023-06-01,1996-02-16,30,2056-02-16,NOT_DUE,2023-06-01,2023-09-01,2023-09-01,3,0,CONFIRMED,2023-09-13,COMPLETED,,,,,,76.7,66.4,91.41,Improving,96.9,2.9,Yes,NONE,,Additive synthetic operational layer based on existing 720-employee data,2026-08-01,0,,,NONE,,NONE,,,NONE,,,NONE,,,NONE,,,,0,,Active,DEPARTMENT-011,Legal & Compliance,Corporate Services,ORGANIZATIONAL-UNIT-LGL-TEAM-02,LOC-HQ,POS-462,Compliance Analyst,Mid,Permanent,EMP457,,,
EMP474,Mehwish Riaz,DEPARTMENT-011,Legal & Compliance,Corporate Services,ORGANIZATIONAL-UNIT-LGL-TEAM-03,LOC-HQ,POS-463,Compliance Analyst,Mid,Permanent,Active,EMP452,2019-08-01,1989-03-03,37,2049-03-03,NOT_DUE,2019-08-01,2019-11-01,2019-11-01,3,0,CONFIRMED,2019-11-01,COMPLETED,,,,,,86.0,83.0,91.22,Stable,98.5,3.3,No,NONE,,Additive synthetic operational layer based on existing 720-employee data,2026-08-01,1,2024-12-08,BUSINESS_NEED,NONE,,NONE,,,NONE,,,NONE,,,NONE,,,,0,,Active,DEPARTMENT-011,Legal & Compliance,Corporate Services,ORGANIZATIONAL-UNIT-LGL-TEAM-03,LOC-HQ,POS-463,Compliance Analyst,Mid,Permanent,EMP452,,,
EMP475,Amna Akhtar,DEPARTMENT-011,Legal & Compliance,Corporate Services,ORGANIZATIONAL-UNIT-LGL-TEAM-03,LOC-HQ,POS-464,Compliance Analyst,Mid,Permanent,Active,EMP453,2025-06-01,1995-01-01,31,2055-01-01,NOT_DUE,2025-06-01,2025-09-01,2025-09-01,3,0,CONFIRMED,2025-09-05,COMPLETED,,,,,,68.4,68.8,83.08,Stable,96.9,3.3,Yes,NONE,,Additive synthetic operational layer based on existing 720-employee data,2026-08-01,0,,,NONE,,NONE,,,NONE,,,NONE,,,NONE,,,,0,,Active,DEPARTMENT-011,Legal & Compliance,Corporate Services,ORGANIZATIONAL-UNIT-LGL-TEAM-03,LOC-HQ,POS-464,Compliance Analyst,Mid,Permanent,EMP453,,,
EMP476,Shahzaib Mahmood,DEPARTMENT-011,Legal & Compliance,Corporate Services,ORGANIZATIONAL-UNIT-LGL-TEAM-01,LOC-HQ,POS-465,Compliance Analyst,Mid,Permanent,Active,EMP454,2025-04-01,1993-11-20,32,2053-11-20,NOT_DUE,2025-04-01,2025-07-01,2025-07-01,3,0,CONFIRMED,2025-07-09,COMPLETED,,,,,,79.9,86.2,85.73,Improving,95.4,3.8,No,NONE,,Additive synthetic operational layer based on existing 720-employee data,2026-08-01,0,,,NONE,,NONE,,,NONE,,,NONE,,,NONE,,,,0,,Active,DEPARTMENT-011,Legal & Compliance,Corporate Services,ORGANIZATIONAL-UNIT-LGL-TEAM-01,LOC-HQ,POS-465,Compliance Analyst,Mid,Permanent,EMP454,,,
EMP477,Farhan Faisal,DEPARTMENT-011,Legal & Compliance,Corporate Services,ORGANIZATIONAL-UNIT-LGL-TEAM-03,LOC-HQ,POS-466,Compliance Analyst,Mid,Permanent,Active,EMP455,2024-03-01,1996-05-25,30,2056-05-25,NOT_DUE,2024-03-01,2024-06-01,2024-06-01,3,0,CONFIRMED,2024-06-11,COMPLETED,,,,,,67.1,72.0,81.52,Stable,96.9,3.5,No,NONE,,Additive synthetic operational layer based on existing 720-employee data,2026-08-01,0,,,NONE,,NONE,,,NONE,,,NONE,,,NONE,,,,0,,Active,DEPARTMENT-011,Legal & Compliance,Corporate Services,ORGANIZATIONAL-UNIT-LGL-TEAM-03,LOC-HQ,POS-466,Compliance Analyst,Mid,Permanent,EMP455,,,
EMP478,Kinza Iqbal,DEPARTMENT-011,Legal & Compliance,Corporate Services,ORGANIZATIONAL-UNIT-LGL-TEAM-01,LOC-HQ,POS-467,Compliance Analyst,Mid,Permanent,Active,EMP456,2019-09-01,1986-03-18,40,2046-03-18,NOT_DUE,2019-09-01,2019-12-01,2019-12-01,3,0,CONFIRMED,2019-12-02,COMPLETED,,,,,,75.7,73.4,83.69,Stable,100.0,3.3,No,NONE,,Additive synthetic operational layer based on existing 720-employee data,2026-08-01,0,,,NONE,,NONE,,,NONE,,,NONE,,,NONE,,,,0,,Active,DEPARTMENT-011,Legal & Compliance,Corporate Services,ORGANIZATIONAL-UNIT-LGL-TEAM-01,LOC-HQ,POS-467,Compliance Analyst,Mid,Permanent,EMP456,,,
EMP479,Noman Latif,DEPARTMENT-011,Legal & Compliance,Corporate Services,ORGANIZATIONAL-UNIT-LGL-TEAM-02,LOC-HQ,POS-468,Compliance Analyst,Mid,Permanent,Active,EMP457,2021-12-01,1991-03-09,35,2051-03-09,NOT_DUE,2021-12-01,2022-03-01,2022-03-01,3,0,CONFIRMED,2022-02-22,COMPLETED,,,,,,60.5,65.2,85.63,Declining,95.4,2.2,Yes,NONE,,Additive synthetic operational layer based on existing 720-employee data,2026-08-01,0,,,NONE,,NONE,,,NONE,,,NONE,,,NONE,,,,0,,Active,DEPARTMENT-011,Legal & Compliance,Corporate Services,ORGANIZATIONAL-UNIT-LGL-TEAM-02,LOC-HQ,POS-468,Compliance Analyst,Mid,Permanent,EMP457,,,
EMP480,Ahmed Saeed,DEPARTMENT-011,Legal & Compliance,Corporate Services,ORGANIZATIONAL-UNIT-LGL-TEAM-01,LOC-HQ,POS-469,Legal Assistant,Junior,Permanent,Active,EMP462,2025-01-01,1997-07-14,29,2057-07-14,NOT_DUE,2025-01-01,2025-04-01,2025-04-01,3,0,CONFIRMED,2025-04-14,COMPLETED,,,,,,64.7,41.0,85.48,Stable,96.9,3.3,No,NONE,,Additive synthetic operational layer based on existing 720-employee data,2026-08-01,0,,,NONE,,NONE,,,NONE,,,NONE,,,NONE,,,,0,,Active,DEPARTMENT-011,Legal & Compliance,Corporate Services,ORGANIZATIONAL-UNIT-LGL-TEAM-01,LOC-HQ,POS-469,Legal Assistant,Junior,Permanent,EMP462,,,
EMP481,Rabia Rehman,DEPARTMENT-011,Legal & Compliance,Corporate Services,ORGANIZATIONAL-UNIT-LGL-TEAM-03,LOC-HQ,POS-470,Legal Assistant,Junior,Permanent,Active,EMP463,2025-08-01,1996-03-27,30,2056-03-27,NOT_DUE,2025-08-01,2025-11-01,2025-11-01,3,0,CONFIRMED,2025-11-07,COMPLETED,,,,,,64.5,53.2,88.24,Stable,95.4,2.8,No,NONE,,Additive synthetic operational layer based on existing 720-employee data,2026-08-01,0,,,NONE,,NONE,,,NONE,,,NONE,,,NONE,,,,0,,Active,DEPARTMENT-011,Legal & Compliance,Corporate Services,ORGANIZATIONAL-UNIT-LGL-TEAM-03,LOC-HQ,POS-470,Legal Assistant,Junior,Permanent,EMP463,,,
EMP482,Danish Malik,DEPARTMENT-011,Legal & Compliance,Corporate Services,ORGANIZATIONAL-UNIT-LGL-TEAM-02,LOC-HQ,POS-471,Legal Assistant,Junior,Permanent,Active,EMP464,2025-05-01,1999-02-09,27,2059-02-09,NOT_DUE,2025-05-01,2025-08-01,2025-08-01,3,0,CONFIRMED,2025-08-12,COMPLETED,,,,,,66.7,52.6,83.77,Improving,95.4,3.5,Yes,NONE,,Additive synthetic operational layer based on existing 720-employee data,2026-08-01,0,,,NONE,,NONE,,,NONE,,,NONE,,,NONE,,,,0,,Active,DEPARTMENT-011,Legal & Compliance,Corporate Services,ORGANIZATIONAL-UNIT-LGL-TEAM-02,LOC-HQ,POS-471,Legal Assistant,Junior,Permanent,EMP464,,,
EMP483,Bilal Mahmood,DEPARTMENT-011,Legal & Compliance,Corporate Services,ORGANIZATIONAL-UNIT-LGL-TEAM-03,LOC-HQ,POS-472,Legal Assistant,Junior,Permanent,Active,EMP465,2024-08-01,1999-06-28,27,2059-06-28,NOT_DUE,2024-08-01,2024-11-01,2024-11-01,3,0,CONFIRMED,2024-11-04,COMPLETED,,,,,,68.7,48.2,90.74,Stable,98.5,3.3,No,NONE,,Additive synthetic operational layer based on existing 720-employee data,2026-08-01,0,,,NONE,,NONE,,,NONE,,,NONE,,,NONE,,,,0,,Active,DEPARTMENT-011,Legal & Compliance,Corporate Services,ORGANIZATIONAL-UNIT-LGL-TEAM-03,LOC-HQ,POS-472,Legal Assistant,Junior,Permanent,EMP465,,,
EMP484,Saba Mughal,DEPARTMENT-011,Legal & Compliance,Corporate Services,ORGANIZATIONAL-UNIT-LGL-TEAM-03,LOC-HQ,POS-473,Legal Assistant,Junior,Permanent,Active,EMP452,2024-06-01,1997-09-26,28,2057-09-26,NOT_DUE,2024-06-01,2024-09-01,2024-09-01,3,0,CONFIRMED,2024-08-27,COMPLETED,,,,,,70.8,50.2,89.23,Improving,95.4,3.5,Yes,NONE,,Additive synthetic operational layer based on existing 720-employee data,2026-08-01,0,,,NONE,,NONE,,,NONE,,,NONE,,,NONE,,,,0,,Active,DEPARTMENT-011,Legal & Compliance,Corporate Services,ORGANIZATIONAL-UNIT-LGL-TEAM-03,LOC-HQ,POS-473,Legal Assistant,Junior,Permanent,EMP452,,,
EMP485,Sana Nadeem,DEPARTMENT-011,Legal & Compliance,Corporate Services,ORGANIZATIONAL-UNIT-LGL-TEAM-01,LOC-HQ,POS-474,Legal Assistant,Junior,Permanent,Active,EMP453,2026-01-01,2000-01-25,26,2060-01-25,NOT_DUE,2026-01-01,2026-04-01,2026-04-01,3,0,CONFIRMED,2026-04-06,COMPLETED,,,,,,67.6,53.8,85.03,Improving,100.0,3.6,No,NONE,,Additive synthetic operational layer based on existing 720-employee data,2026-08-01,0,,,NONE,,NONE,,,NONE,,,NONE,,,NONE,,,,0,,Active,DEPARTMENT-011,Legal & Compliance,Corporate Services,ORGANIZATIONAL-UNIT-LGL-TEAM-01,LOC-HQ,POS-474,Legal Assistant,Junior,Permanent,EMP453,,,
EMP486,Junaid Nadeem,DEPARTMENT-011,Legal & Compliance,Corporate Services,ORGANIZATIONAL-UNIT-LGL-TEAM-03,LOC-HQ,POS-475,Legal Assistant,Junior,Permanent,Active,EMP454,2024-10-01,2000-01-16,26,2060-01-16,NOT_DUE,2024-10-01,2025-01-01,2025-01-01,3,0,CONFIRMED,2024-12-27,COMPLETED,,,,,,64.1,49.0,80.37,Improving,95.4,3.6,No,NONE,,Additive synthetic operational layer based on existing 720-employee data,2026-08-01,0,,,NONE,,NONE,,,NONE,,,NONE,,,NONE,,,,0,,Active,DEPARTMENT-011,Legal & Compliance,Corporate Services,ORGANIZATIONAL-UNIT-LGL-TEAM-03,LOC-HQ,POS-475,Legal Assistant,Junior,Permanent,EMP454,,,
EMP487,Talha Hashmi,DEPARTMENT-011,Legal & Compliance,Corporate Services,ORGANIZATIONAL-UNIT-LGL-TEAM-02,LOC-HQ,POS-476,Legal Assistant,Junior,Permanent,Active,EMP455,2025-11-01,1995-07-04,31,2055-07-04,NOT_DUE,2025-11-01,2026-02-01,2026-02-01,3,0,CONFIRMED,2026-02-15,COMPLETED,,,,,,58.8,42.2,80.12,Stable,93.8,3.2,No,NONE,,Additive synthetic operational layer based on existing 720-employee data,2026-08-01,0,,,NONE,,NONE,,,NONE,,,NONE,,,NONE,,,,0,,Active,DEPARTMENT-011,Legal & Compliance,Corporate Services,ORGANIZATIONAL-UNIT-LGL-TEAM-02,LOC-HQ,POS-476,Legal Assistant,Junior,Permanent,EMP455,,,
EMP488,Omar Akhtar,DEPARTMENT-011,Legal & Compliance,Corporate Services,ORGANIZATIONAL-UNIT-LGL-TEAM-02,LOC-HQ,POS-477,Legal Assistant,Junior,Permanent,Probation,EMP456,2026-04-01,1999-09-23,26,2059-09-23,NOT_DUE,2026-04-01,2026-07-01,2026-08-01,3,1,DUE_SOON,,EXTEND,,,,,,20.2,18.4,82.74,Declining,93.8,1.9,No,NONE,,Additive synthetic operational layer based on existing 720-employee data,2026-08-01,0,,,NONE,,NONE,,,NONE,,,NONE,,,NONE,,,,0,,Probation,DEPARTMENT-011,Legal & Compliance,Corporate Services,ORGANIZATIONAL-UNIT-LGL-TEAM-02,LOC-HQ,POS-477,Legal Assistant,Junior,Permanent,EMP456,,,
EMP489,Sara Zafar,DEPARTMENT-011,Legal & Compliance,Corporate Services,ORGANIZATIONAL-UNIT-LGL-TEAM-01,LOC-HQ,POS-478,Legal Assistant,Junior,Permanent,Probation,EMP457,2026-02-01,1998-12-21,27,2058-12-21,NOT_DUE,2026-02-01,2026-05-01,2026-06-01,3,1,OVERDUE,,EXTEND,,,,,,30.4,33.8,80.49,Stable,93.8,3.9,Yes,NONE,,Additive synthetic operational layer based on existing 720-employee data,2026-08-01,0,,,NONE,,NONE,,,NONE,,,NONE,,,NONE,,,,0,,Probation,DEPARTMENT-011,Legal & Compliance,Corporate Services,ORGANIZATIONAL-UNIT-LGL-TEAM-01,LOC-HQ,POS-478,Legal Assistant,Junior,Permanent,EMP457,,,
EMP490,Farhan Hameed,DEPARTMENT-011,Legal & Compliance,Corporate Services,ORGANIZATIONAL-UNIT-LGL-TEAM-01,LOC-HQ,POS-479,Legal Assistant,Junior,Permanent,Active,EMP458,2023-12-01,1995-12-27,30,2055-12-27,NOT_DUE,2023-12-01,2024-03-01,2024-03-01,3,0,CONFIRMED,2024-03-01,COMPLETED,,,,,,62.7,56.2,82.13,Stable,100.0,4.1,No,NONE,,Additive synthetic operational layer based on existing 720-employee data,2026-08-01,0,,,NONE,,NONE,,,NONE,,,NONE,,,NONE,,,,0,,Active,DEPARTMENT-011,Legal & Compliance,Corporate Services,ORGANIZATIONAL-UNIT-LGL-TEAM-01,LOC-HQ,POS-479,Legal Assistant,Junior,Permanent,EMP458,,,
EMP491,Zainab Chaudhry,DEPARTMENT-011,Legal & Compliance,Corporate Services,ORGANIZATIONAL-UNIT-LGL-TEAM-03,LOC-HQ,POS-480,Legal Assistant,Junior,Contract,Active,EMP459,2025-10-01,1997-09-07,28,2057-09-07,NOT_DUE,2025-10-01,2026-01-01,2026-01-01,3,0,CONFIRMED,2026-01-09,COMPLETED,2025-10-01,2026-09-30,12,0,EXPIRING_90D,68.5,56.4,85.26,Improving,93.8,3.9,No,NONE,,Additive synthetic operational layer based on existing 720-employee data,2026-08-01,0,,,NONE,,NONE,,,NONE,,,NONE,,,NONE,,,,0,,Active,DEPARTMENT-011,Legal & Compliance,Corporate Services,ORGANIZATIONAL-UNIT-LGL-TEAM-03,LOC-HQ,POS-480,Legal Assistant,Junior,Contract,EMP459,,,
EMP492,Hamza Javed,DEPARTMENT-011,Legal & Compliance,Corporate Services,ORGANIZATIONAL-UNIT-LGL-TEAM-03,LOC-HQ,POS-481,Legal Assistant,Junior,Permanent,Active,EMP460,2024-11-01,1998-01-28,28,2058-01-28,NOT_DUE,2024-11-01,2025-02-01,2025-02-01,3,0,CONFIRMED,2025-02-12,COMPLETED,,,,,,55.0,49.0,82.46,Declining,95.4,4.9,No,NONE,,Additive synthetic operational layer based on existing 720-employee data,2026-08-01,0,,,NONE,,NONE,,,NONE,,,NONE,,,NONE,,,,0,,Active,DEPARTMENT-011,Legal & Compliance,Corporate Services,ORGANIZATIONAL-UNIT-LGL-TEAM-03,LOC-HQ,POS-481,Legal Assistant,Junior,Permanent,EMP460,,,
EMP493,Komal Rehman,DEPARTMENT-011,Legal & Compliance,Corporate Services,ORGANIZATIONAL-UNIT-LGL-TEAM-01,LOC-HQ,POS-482,Legal Intern,Intern,Internship,Active,EMP461,2025-08-01,1997-06-21,29,2057-06-21,NOT_DUE,,,,,0,NOT_APPLICABLE,,,,,,,,29.2,47.0,79.97,Stable,95.4,3.4,Yes,NONE,,Additive synthetic operational layer based on existing 720-employee data,2026-08-01,0,,,NONE,,NONE,,,NONE,,,NONE,,,NONE,,,,0,,Active,DEPARTMENT-011,Legal & Compliance,Corporate Services,ORGANIZATIONAL-UNIT-LGL-TEAM-01,LOC-HQ,POS-482,Legal Intern,Intern,Internship,EMP461,,,
EMP494,Anam Mahmood,DEPARTMENT-011,Legal & Compliance,Corporate Services,ORGANIZATIONAL-UNIT-LGL-TEAM-03,LOC-HQ,POS-483,Legal Intern,Intern,Internship,Probation,EMP462,2026-05-01,1997-05-22,29,2057-05-22,NOT_DUE,2026-05-01,2026-07-01,2026-09-01,2,1,ACTIVE,,EXTEND,,,,,,34.6,26.4,84.66,Stable,95.4,4.5,No,NONE,,Additive synthetic operational layer based on existing 720-employee data,2026-08-01,0,,,NONE,,NONE,,,NONE,,,NONE,,,NONE,,,,0,,Probation,DEPARTMENT-011,Legal & Compliance,Corporate Services,ORGANIZATIONAL-UNIT-LGL-TEAM-03,LOC-HQ,POS-483,Legal Intern,Intern,Internship,EMP462,,,
EMP495,Junaid Chaudhry,DEPARTMENT-011,Legal & Compliance,Corporate Services,ORGANIZATIONAL-UNIT-LGL-TEAM-02,LOC-HQ,POS-484,Legal Intern,Intern,Internship,Probation,EMP463,2026-05-01,1999-10-24,26,2059-10-24,NOT_DUE,2026-05-01,2026-07-01,2026-09-01,2,1,ACTIVE,,EXTEND,,,,,,32.4,30.0,77.53,Improving,98.5,3.9,Yes,NONE,,Additive synthetic operational layer based on existing 720-employee data,2026-08-01,0,,,NONE,,NONE,,,NONE,,,NONE,,,NONE,,,,0,,Probation,DEPARTMENT-011,Legal & Compliance,Corporate Services,ORGANIZATIONAL-UNIT-LGL-TEAM-02,LOC-HQ,POS-484,Legal Intern,Intern,Internship,EMP463,,,
EMP496,Ali Nadeem,DEPARTMENT-012,Procurement & Supply Chain,Enterprise Operations,ORGANIZATIONAL-UNIT-PRC,LOC-CENTRAL,EXEC-PRC-HEAD,Head of Procurement and Supply Chain,Executive,Contract,Active,,2012-09-01,1973-09-14,52,2033-09-14,NOT_DUE,2012-09-01,2012-12-01,2012-12-01,3,0,CONFIRMED,2012-11-24,COMPLETED,2024-09-01,2026-08-31,24,6,EXPIRING_30D,45.7,89.8,76.33,Stable,98.5,3.7,No,CONTRACT_END,2026-08-31,Additive synthetic operational layer based on existing 720-employee data,2026-08-01,0,,,NON_RENEW,2026-08-31,PENDING,2026-09-07,HRACT-00275,NONE,,,NONE,,,NONE,,,,0,,Active,DEPARTMENT-012,Procurement & Supply Chain,Enterprise Operations,ORGANIZATIONAL-UNIT-PRC,LOC-CENTRAL,EXEC-PRC-HEAD,Head of Procurement and Supply Chain,Executive,Contract,,,,
EMP497,Talha Riaz,DEPARTMENT-012,Procurement & Supply Chain,Enterprise Operations,ORGANIZATIONAL-UNIT-PRC,LOC-CENTRAL,POS-485,Procurement Manager,Lead/Manager,Permanent,Active,EMP496,2018-03-01,1983-01-29,43,2043-01-29,NOT_DUE,2018-03-01,2018-06-01,2018-06-01,3,0,CONFIRMED,2018-06-09,COMPLETED,,,,,,78.1,93.6,81.98,Stable,96.9,4.4,No,NONE,,Additive synthetic operational layer based on existing 720-employee data,2026-08-01,0,,,NONE,,NONE,,,NONE,,,NONE,,,NONE,,,,0,,Active,DEPARTMENT-012,Procurement & Supply Chain,Enterprise Operations,ORGANIZATIONAL-UNIT-PRC,LOC-CENTRAL,POS-485,Procurement Manager,Lead/Manager,Permanent,EMP496,,,
EMP498,Usman Faisal,DEPARTMENT-012,Procurement & Supply Chain,Enterprise Operations,ORGANIZATIONAL-UNIT-PRC,LOC-CENTRAL,POS-486,Procurement Manager,Lead/Manager,Permanent,Active,EMP496,2015-12-01,1976-07-04,50,2036-07-04,NOT_DUE,2015-12-01,2016-03-01,2016-03-01,3,0,CONFIRMED,2016-03-10,COMPLETED,,,,,,72.7,75.0,81.65,Stable,96.9,2.5,Yes,NONE,,Additive synthetic operational layer based on existing 720-employee data,2026-08-01,0,,,NONE,,NONE,,,NONE,,,NONE,,,NONE,,,,0,,Active,DEPARTMENT-012,Procurement & Supply Chain,Enterprise Operations,ORGANIZATIONAL-UNIT-PRC,LOC-CENTRAL,POS-486,Procurement Manager,Lead/Manager,Permanent,EMP496,,,
EMP499,Rabia Dar,DEPARTMENT-012,Procurement & Supply Chain,Enterprise Operations,ORGANIZATIONAL-UNIT-PRC,LOC-CENTRAL,POS-487,Procurement Manager,Lead/Manager,Permanent,Active,EMP496,2011-11-01,1976-11-17,49,2036-11-17,NOT_DUE,2011-11-01,2012-02-01,2012-02-01,3,0,CONFIRMED,2012-01-29,COMPLETED,,,,,,71.3,64.0,79.74,Stable,98.5,2.5,Yes,NONE,,Additive synthetic operational layer based on existing 720-employee data,2026-08-01,0,,,NONE,,NONE,,,NONE,,,NONE,,,NONE,,,,0,,Active,DEPARTMENT-012,Procurement & Supply Chain,Enterprise Operations,ORGANIZATIONAL-UNIT-PRC,LOC-CENTRAL,POS-487,Procurement Manager,Lead/Manager,Permanent,EMP496,,,
EMP500,Kashif Nasir,DEPARTMENT-012,Procurement & Supply Chain,Enterprise Operations,ORGANIZATIONAL-UNIT-PRC,LOC-CENTRAL,POS-488,Procurement Manager,Lead/Manager,Permanent,Active,EMP496,2019-12-01,1981-10-24,44,2041-10-24,NOT_DUE,2019-12-01,2020-03-01,2020-03-01,3,0,CONFIRMED,2020-03-15,COMPLETED,,,,,,68.4,83.0,74.03,Improving,95.4,4.0,Yes,NONE,,Additive synthetic operational layer based on existing 720-employee data,2026-08-01,0,,,NONE,,NONE,,,NONE,,,SCHEDULED,POS-751,2026-09-15,NONE,,,,0,,Active,DEPARTMENT-012,Procurement & Supply Chain,Enterprise Operations,ORGANIZATIONAL-UNIT-PRC,LOC-CENTRAL,POS-488,Procurement Manager,Lead/Manager,Permanent,EMP496,,,
EMP501,Kinza Mahmood,DEPARTMENT-012,Procurement & Supply Chain,Enterprise Operations,ORGANIZATIONAL-UNIT-PRC,LOC-CENTRAL,POS-489,Procurement Manager,Lead/Manager,Contract,Active,EMP496,2013-08-01,1976-10-23,49,2036-10-23,NOT_DUE,2013-08-01,2013-11-01,2013-11-01,3,0,CONFIRMED,2013-11-09,COMPLETED,2026-08-01,2027-07-31,12,13,ACTIVE,68.2,68.8,75.22,Stable,96.9,2.9,No,NONE,,Additive synthetic operational layer based on existing 720-employee data,2026-08-01,0,,,NONE,,NONE,,,NONE,,,NONE,,,NONE,,,,0,,Active,DEPARTMENT-012,Procurement & Supply Chain,Enterprise Operations,ORGANIZATIONAL-UNIT-PRC,LOC-CENTRAL,POS-489,Procurement Manager,Lead/Manager,Contract,EMP496,,,
EMP502,Talha Rehman,DEPARTMENT-012,Procurement & Supply Chain,Enterprise Operations,ORGANIZATIONAL-UNIT-PRC,LOC-CENTRAL,POS-490,Procurement Manager,Lead/Manager,Permanent,Active,EMP496,2011-10-01,1972-12-06,53,2032-12-06,NOT_DUE,2011-10-01,2012-01-01,2012-01-01,3,0,CONFIRMED,2012-01-01,COMPLETED,,,,,,78.6,85.0,77.96,Improving,98.5,3.7,No,NONE,,Additive synthetic operational layer based on existing 720-employee data,2026-08-01,0,,,NONE,,NONE,,,NONE,,,NONE,,,NONE,,,,0,,Active,DEPARTMENT-012,Procurement & Supply Chain,Enterprise Operations,ORGANIZATIONAL-UNIT-PRC,LOC-CENTRAL,POS-490,Procurement Manager,Lead/Manager,Permanent,EMP496,,,
EMP503,Sara Khan,DEPARTMENT-012,Procurement & Supply Chain,Enterprise Operations,ORGANIZATIONAL-UNIT-PRC-TEAM-02,LOC-CENTRAL,POS-491,Senior Procurement Specialist,Senior,Contract,Active,EMP502,2015-08-01,1984-10-23,41,2044-10-23,NOT_DUE,2015-08-01,2015-11-01,2015-11-01,3,0,CONFIRMED,2015-10-28,COMPLETED,2026-08-01,2027-07-31,12,11,ACTIVE,65.1,85.0,81.26,Declining,96.9,4.5,No,NONE,,Additive synthetic operational layer based on existing 720-employee data,2026-08-01,0,,,NONE,,NONE,,,NONE,,,NONE,,,NONE,,,,0,,Active,DEPARTMENT-012,Procurement & Supply Chain,Enterprise Operations,ORGANIZATIONAL-UNIT-PRC-TEAM-02,LOC-CENTRAL,POS-491,Senior Procurement Specialist,Senior,Contract,EMP502,,,
EMP504,Omar Siddiqui,DEPARTMENT-012,Procurement & Supply Chain,Enterprise Operations,ORGANIZATIONAL-UNIT-PRC-TEAM-02,LOC-CENTRAL,POS-492,Senior Procurement Specialist,Senior,Contract,Active,EMP497,2020-03-01,1988-02-12,38,2048-02-12,NOT_DUE,2020-03-01,2020-06-01,2020-06-01,3,0,CONFIRMED,2020-05-29,COMPLETED,2026-03-01,2027-02-28,12,6,ACTIVE,69.5,70.0,78.27,Stable,96.9,2.7,Yes,NONE,,Additive synthetic operational layer based on existing 720-employee data,2026-08-01,0,,,NONE,,NONE,,,NONE,,,NONE,,,NONE,,,,0,,Active,DEPARTMENT-012,Procurement & Supply Chain,Enterprise Operations,ORGANIZATIONAL-UNIT-PRC-TEAM-02,LOC-CENTRAL,POS-492,Senior Procurement Specialist,Senior,Contract,EMP497,,,
EMP505,Minal Butt,DEPARTMENT-012,Procurement & Supply Chain,Enterprise Operations,ORGANIZATIONAL-UNIT-PRC-TEAM-01,LOC-CENTRAL,POS-493,Senior Procurement Specialist,Senior,Permanent,Active,EMP498,2019-09-01,1983-04-23,43,2043-04-23,NOT_DUE,2019-09-01,2019-12-01,2019-12-01,3,0,CONFIRMED,2019-11-27,COMPLETED,,,,,,83.1,88.6,88.06,Improving,98.5,4.3,No,NONE,,Additive synthetic operational layer based on existing 720-employee data,2026-08-01,0,,,NONE,,NONE,,,NONE,,,NONE,,,NONE,,,,0,,Active,DEPARTMENT-012,Procurement & Supply Chain,Enterprise Operations,ORGANIZATIONAL-UNIT-PRC-TEAM-01,LOC-CENTRAL,POS-493,Senior Procurement Specialist,Senior,Permanent,EMP498,,,
EMP506,Komal Munir,DEPARTMENT-012,Procurement & Supply Chain,Enterprise Operations,ORGANIZATIONAL-UNIT-PRC-TEAM-03,LOC-CENTRAL,POS-494,Senior Procurement Specialist,Senior,Permanent,Active,EMP499,2016-05-01,1982-03-14,44,2042-03-14,NOT_DUE,2016-05-01,2016-08-01,2016-08-01,3,0,CONFIRMED,2016-08-15,COMPLETED,,,,,,72.4,87.4,80.93,Stable,96.9,3.7,No,NONE,,Additive synthetic operational layer based on existing 720-employee data,2026-08-01,0,,,NONE,,NONE,,,NONE,,,NONE,,,NONE,,,,0,,Active,DEPARTMENT-012,Procurement & Supply Chain,Enterprise Operations,ORGANIZATIONAL-UNIT-PRC-TEAM-03,LOC-CENTRAL,POS-494,Senior Procurement Specialist,Senior,Permanent,EMP499,,,
EMP507,Minal Malik,DEPARTMENT-012,Procurement & Supply Chain,Enterprise Operations,ORGANIZATIONAL-UNIT-PRC-TEAM-02,LOC-CENTRAL,POS-495,Senior Procurement Specialist,Senior,Permanent,Active,EMP500,2017-08-01,1980-10-10,45,2040-10-10,NOT_DUE,2017-08-01,2017-11-01,2017-11-01,3,0,CONFIRMED,2017-11-03,COMPLETED,,,,,,83.9,82.6,86.02,Stable,96.9,4.1,No,NONE,,Additive synthetic operational layer based on existing 720-employee data,2026-08-01,0,,,NONE,,NONE,,,NONE,,,NONE,,,NONE,,,,0,,Active,DEPARTMENT-012,Procurement & Supply Chain,Enterprise Operations,ORGANIZATIONAL-UNIT-PRC-TEAM-02,LOC-CENTRAL,POS-495,Senior Procurement Specialist,Senior,Permanent,EMP500,,,
EMP508,Kinza Siddiqui,DEPARTMENT-012,Procurement & Supply Chain,Enterprise Operations,ORGANIZATIONAL-UNIT-PRC-TEAM-03,LOC-CENTRAL,POS-496,Senior Procurement Specialist,Senior,Permanent,Active,EMP501,2015-06-01,1981-11-13,44,2041-11-13,NOT_DUE,2015-06-01,2015-09-01,2015-09-01,3,0,CONFIRMED,2015-08-31,COMPLETED,,,,,,71.9,70.0,87.8,Stable,100.0,2.7,No,NONE,,Additive synthetic operational layer based on existing 720-employee data,2026-08-01,0,,,NONE,,NONE,,,NONE,,,NONE,,,NONE,,,,0,,Active,DEPARTMENT-012,Procurement & Supply Chain,Enterprise Operations,ORGANIZATIONAL-UNIT-PRC-TEAM-03,LOC-CENTRAL,POS-496,Senior Procurement Specialist,Senior,Permanent,EMP501,,,
EMP509,Iqra Abbasi,DEPARTMENT-012,Procurement & Supply Chain,Enterprise Operations,ORGANIZATIONAL-UNIT-PRC-TEAM-02,LOC-CENTRAL,POS-497,Senior Procurement Specialist,Senior,Permanent,Active,EMP502,2017-12-01,1982-06-11,44,2042-06-11,NOT_DUE,2017-12-01,2018-03-01,2018-03-01,3,0,CONFIRMED,2018-03-14,COMPLETED,,,,,,68.4,85.2,86.18,Declining,100.0,3.6,No,NONE,,Additive synthetic operational layer based on existing 720-employee data,2026-08-01,0,,,NONE,,NONE,,,NONE,,,NONE,,,NONE,,,,0,,Active,DEPARTMENT-012,Procurement & Supply Chain,Enterprise Operations,ORGANIZATIONAL-UNIT-PRC-TEAM-02,LOC-CENTRAL,POS-497,Senior Procurement Specialist,Senior,Permanent,EMP502,,,
EMP510,Laiba Butt,DEPARTMENT-012,Procurement & Supply Chain,Enterprise Operations,ORGANIZATIONAL-UNIT-PRC-TEAM-03,LOC-CENTRAL,POS-498,Senior Procurement Specialist,Senior,Contract,Active,EMP497,2020-04-01,1985-12-04,40,2045-12-04,NOT_DUE,2020-04-01,2020-07-01,2020-07-01,3,0,CONFIRMED,2020-07-07,COMPLETED,2026-04-01,2027-03-31,12,6,ACTIVE,65.7,70.0,85.93,Declining,92.3,2.6,No,NONE,,Additive synthetic operational layer based on existing 720-employee data,2026-08-01,0,,,NONE,,NONE,,,NONE,,,NONE,,,NONE,,,,0,,Active,DEPARTMENT-012,Procurement & Supply Chain,Enterprise Operations,ORGANIZATIONAL-UNIT-PRC-TEAM-03,LOC-CENTRAL,POS-498,Senior Procurement Specialist,Senior,Contract,EMP497,,,
EMP511,Asad Mirza,DEPARTMENT-012,Procurement & Supply Chain,Enterprise Operations,ORGANIZATIONAL-UNIT-PRC-TEAM-03,LOC-CENTRAL,POS-499,Procurement Officer,Mid,Permanent,Active,EMP498,2021-11-01,1987-08-28,38,2047-08-28,NOT_DUE,2021-11-01,2022-02-01,2022-02-01,3,0,CONFIRMED,2022-02-04,COMPLETED,,,,,,74.9,70.2,90.21,Stable,95.4,2.4,Yes,NONE,,Additive synthetic operational layer based on existing 720-employee data,2026-08-01,0,,,NONE,,NONE,,,NONE,,,NONE,,,NONE,,,,0,,Active,DEPARTMENT-012,Procurement & Supply Chain,Enterprise Operations,ORGANIZATIONAL-UNIT-PRC-TEAM-03,LOC-CENTRAL,POS-499,Procurement Officer,Mid,Permanent,EMP498,,,
EMP512,Asad Butt,DEPARTMENT-012,Procurement & Supply Chain,Enterprise Operations,ORGANIZATIONAL-UNIT-PRC-TEAM-01,LOC-CENTRAL,POS-500,Procurement Officer,Mid,Permanent,Active,EMP499,2019-10-01,1990-03-09,36,2050-03-09,NOT_DUE,2019-10-01,2020-01-01,2020-01-01,3,0,CONFIRMED,2020-01-07,COMPLETED,,,,,,77.8,68.8,89.92,Improving,93.8,3.0,No,NONE,,Additive synthetic operational layer based on existing 720-employee data,2026-08-01,0,,,NONE,,NONE,,,NONE,,,NONE,,,NONE,,,,0,,Active,DEPARTMENT-012,Procurement & Supply Chain,Enterprise Operations,ORGANIZATIONAL-UNIT-PRC-TEAM-01,LOC-CENTRAL,POS-500,Procurement Officer,Mid,Permanent,EMP499,,,
EMP513,Noor Iqbal,DEPARTMENT-012,Procurement & Supply Chain,Enterprise Operations,ORGANIZATIONAL-UNIT-PRC-TEAM-03,LOC-CENTRAL,POS-501,Procurement Officer,Mid,Permanent,Active,EMP500,2023-11-01,1992-03-02,34,2052-03-02,NOT_DUE,2023-11-01,2024-02-01,2024-02-01,3,0,CONFIRMED,2024-02-02,COMPLETED,,,,,,80.4,89.8,89.01,Stable,96.9,4.2,No,NONE,,Additive synthetic operational layer based on existing 720-employee data,2026-08-01,0,,,NONE,,NONE,,,NONE,,,NONE,,,NONE,,,,0,,Active,DEPARTMENT-012,Procurement & Supply Chain,Enterprise Operations,ORGANIZATIONAL-UNIT-PRC-TEAM-03,LOC-CENTRAL,POS-501,Procurement Officer,Mid,Permanent,EMP500,,,
EMP514,Sana Saleem,DEPARTMENT-012,Procurement & Supply Chain,Enterprise Operations,ORGANIZATIONAL-UNIT-PRC-TEAM-03,LOC-CENTRAL,POS-502,Procurement Officer,Mid,Permanent,Active,EMP501,2022-05-01,1992-04-24,34,2052-04-24,NOT_DUE,2022-05-01,2022-08-01,2022-08-01,3,0,CONFIRMED,2022-07-29,COMPLETED,,,,,,67.0,83.0,80.43,Stable,86.2,3.5,Yes,NONE,,Additive synthetic operational layer based on existing 720-employee data,2026-08-01,0,,,NONE,,NONE,,,NONE,,,NONE,,,NONE,,,,0,,Active,DEPARTMENT-012,Procurement & Supply Chain,Enterprise Operations,ORGANIZATIONAL-UNIT-PRC-TEAM-03,LOC-CENTRAL,POS-502,Procurement Officer,Mid,Permanent,EMP501,,,
EMP515,Mehwish Ali,DEPARTMENT-012,Procurement & Supply Chain,Enterprise Operations,ORGANIZATIONAL-UNIT-PRC-TEAM-02,LOC-CENTRAL,POS-503,Procurement Officer,Mid,Permanent,Active,EMP502,2019-02-01,1993-02-28,33,2053-02-28,NOT_DUE,2019-02-01,2019-05-01,2019-05-01,3,0,CONFIRMED,2019-05-02,COMPLETED,,,,,,77.4,87.4,85.7,Stable,90.8,4.2,No,NONE,,Additive synthetic operational layer based on existing 720-employee data,2026-08-01,0,,,NONE,,NONE,,,NONE,,,NONE,,,NONE,,,,0,,Active,DEPARTMENT-012,Procurement & Supply Chain,Enterprise Operations,ORGANIZATIONAL-UNIT-PRC-TEAM-02,LOC-CENTRAL,POS-503,Procurement Officer,Mid,Permanent,EMP502,,,
EMP516,Maryam Yousaf,DEPARTMENT-012,Procurement & Supply Chain,Enterprise Operations,ORGANIZATIONAL-UNIT-PRC-TEAM-03,LOC-CENTRAL,POS-504,Procurement Officer,Mid,Permanent,Active,EMP497,2023-03-01,1998-01-28,28,2058-01-28,NOT_DUE,2023-03-01,2023-06-01,2023-06-01,3,0,CONFIRMED,2023-06-11,COMPLETED,,,,,,75.9,89.8,82.87,Stable,100.0,3.5,No,NONE,,Additive synthetic operational layer based on existing 720-employee data,2026-08-01,0,,,NONE,,NONE,,,NONE,,,NONE,,,NONE,,,,0,,Active,DEPARTMENT-012,Procurement & Supply Chain,Enterprise Operations,ORGANIZATIONAL-UNIT-PRC-TEAM-03,LOC-CENTRAL,POS-504,Procurement Officer,Mid,Permanent,EMP497,,,
EMP517,Anam Rehman,DEPARTMENT-012,Procurement & Supply Chain,Enterprise Operations,ORGANIZATIONAL-UNIT-PRC-TEAM-01,LOC-CENTRAL,POS-505,Procurement Officer,Mid,Permanent,Active,EMP498,2020-09-01,1988-12-30,37,2048-12-30,NOT_DUE,2020-09-01,2020-12-01,2020-12-01,3,0,CONFIRMED,2020-12-15,COMPLETED,,,,,,73.6,67.6,86.36,Improving,95.4,3.2,No,NONE,,Additive synthetic operational layer based on existing 720-employee data,2026-08-01,0,,,NONE,,NONE,,,NONE,,,NONE,,,NONE,,,,0,,Active,DEPARTMENT-012,Procurement & Supply Chain,Enterprise Operations,ORGANIZATIONAL-UNIT-PRC-TEAM-01,LOC-CENTRAL,POS-505,Procurement Officer,Mid,Permanent,EMP498,,,
EMP518,Maryam Mughal,DEPARTMENT-012,Procurement & Supply Chain,Enterprise Operations,ORGANIZATIONAL-UNIT-PRC-TEAM-01,LOC-CENTRAL,POS-506,Procurement Officer,Mid,Permanent,Active,EMP499,2022-03-01,1992-10-01,33,2052-10-01,NOT_DUE,2022-03-01,2022-06-01,2022-06-01,3,0,CONFIRMED,2022-06-11,COMPLETED,,,,,,82.0,80.2,84.78,Improving,96.9,4.0,Yes,NONE,,Additive synthetic operational layer based on existing 720-employee data,2026-08-01,0,,,NONE,,NONE,,,NONE,,,NONE,,,NONE,,,,0,,Active,DEPARTMENT-012,Procurement & Supply Chain,Enterprise Operations,ORGANIZATIONAL-UNIT-PRC-TEAM-01,LOC-CENTRAL,POS-506,Procurement Officer,Mid,Permanent,EMP499,,,
EMP519,Areeba Hameed,DEPARTMENT-012,Procurement & Supply Chain,Enterprise Operations,ORGANIZATIONAL-UNIT-PRC-TEAM-03,LOC-CENTRAL,POS-507,Procurement Officer,Mid,Contract,Active,EMP500,2019-09-01,1991-06-09,35,2051-06-09,NOT_DUE,2019-09-01,2019-12-01,2019-12-01,3,0,CONFIRMED,2019-12-05,COMPLETED,2025-09-01,2026-08-31,12,6,EXPIRING_30D,84.6,86.2,88.29,Improving,100.0,4.1,No,NONE,,Additive synthetic operational layer based on existing 720-employee data,2026-08-01,0,,,NONE,,NONE,,,NONE,,,NONE,,,NONE,,,,0,,Active,DEPARTMENT-012,Procurement & Supply Chain,Enterprise Operations,ORGANIZATIONAL-UNIT-PRC-TEAM-03,LOC-CENTRAL,POS-507,Procurement Officer,Mid,Contract,EMP500,,,
EMP520,Maryam Munir,DEPARTMENT-012,Procurement & Supply Chain,Enterprise Operations,ORGANIZATIONAL-UNIT-PRC-TEAM-03,LOC-CENTRAL,POS-508,Procurement Officer,Mid,Permanent,Active,EMP501,2021-08-01,1996-07-21,30,2056-07-21,NOT_DUE,2021-08-01,2021-11-01,2021-11-01,3,0,CONFIRMED,2021-11-03,COMPLETED,,,,,,84.1,79.4,89.62,Improving,100.0,3.4,No,NONE,,Additive synthetic operational layer based on existing 720-employee data,2026-08-01,0,,,NONE,,NONE,,,NONE,,,NONE,,,NONE,,,,0,,Active,DEPARTMENT-012,Procurement & Supply Chain,Enterprise Operations,ORGANIZATIONAL-UNIT-PRC-TEAM-03,LOC-CENTRAL,POS-508,Procurement Officer,Mid,Permanent,EMP501,,,
EMP521,Noman Zafar,DEPARTMENT-012,Procurement & Supply Chain,Enterprise Operations,ORGANIZATIONAL-UNIT-PRC-TEAM-03,LOC-CENTRAL,POS-509,Procurement Officer,Mid,Permanent,Active,EMP502,2020-07-01,1987-10-05,38,2047-10-05,NOT_DUE,2020-07-01,2020-10-01,2020-10-01,3,0,CONFIRMED,2020-10-05,COMPLETED,,,,,,79.6,62.8,92.92,Stable,96.9,3.2,Yes,NONE,,Additive synthetic operational layer based on existing 720-employee data,2026-08-01,1,2024-06-03,BUSINESS_NEED,NONE,,NONE,,,NONE,,,NONE,,,NONE,,,,0,,Active,DEPARTMENT-012,Procurement & Supply Chain,Enterprise Operations,ORGANIZATIONAL-UNIT-PRC-TEAM-03,LOC-CENTRAL,POS-509,Procurement Officer,Mid,Permanent,EMP502,,,
EMP522,Nida Riaz,DEPARTMENT-012,Procurement & Supply Chain,Enterprise Operations,ORGANIZATIONAL-UNIT-PRC-TEAM-01,LOC-CENTRAL,POS-510,Procurement Officer,Mid,Permanent,Active,EMP497,2023-09-01,1995-03-25,31,2055-03-25,NOT_DUE,2023-09-01,2023-12-01,2023-12-01,3,0,CONFIRMED,2023-12-11,COMPLETED,,,,,,74.0,78.0,81.32,Improving,100.0,4.1,No,NONE,,Additive synthetic operational layer based on existing 720-employee data,2026-08-01,0,,,NONE,,NONE,,,NONE,,,NONE,,,NONE,,,,0,,Active,DEPARTMENT-012,Procurement & Supply Chain,Enterprise Operations,ORGANIZATIONAL-UNIT-PRC-TEAM-01,LOC-CENTRAL,POS-510,Procurement Officer,Mid,Permanent,EMP497,,,
EMP523,Noor Siddiqui,DEPARTMENT-012,Procurement & Supply Chain,Enterprise Operations,ORGANIZATIONAL-UNIT-PRC-TEAM-02,LOC-CENTRAL,POS-511,Procurement Officer,Mid,Permanent,Active,EMP498,2020-11-01,1990-09-27,35,2050-09-27,NOT_DUE,2020-11-01,2021-02-01,2021-02-01,3,0,CONFIRMED,2021-02-11,COMPLETED,,,,,,86.0,85.0,90.58,Improving,100.0,4.1,No,NONE,,Additive synthetic operational layer based on existing 720-employee data,2026-08-01,0,,,NONE,,NONE,,,NONE,,,NONE,,,NONE,,,,0,,Active,DEPARTMENT-012,Procurement & Supply Chain,Enterprise Operations,ORGANIZATIONAL-UNIT-PRC-TEAM-02,LOC-CENTRAL,POS-511,Procurement Officer,Mid,Permanent,EMP498,,,
EMP524,Sidra Siddiqui,DEPARTMENT-012,Procurement & Supply Chain,Enterprise Operations,ORGANIZATIONAL-UNIT-PRC-TEAM-01,LOC-CENTRAL,POS-512,Procurement Officer,Mid,Permanent,Active,EMP499,2019-08-01,1990-10-04,35,2050-10-04,NOT_DUE,2019-08-01,2019-11-01,2019-11-01,3,0,CONFIRMED,2019-11-07,COMPLETED,,,,,,60.8,70.0,87.74,Declining,96.9,2.8,No,NONE,,Additive synthetic operational layer based on existing 720-employee data,2026-08-01,0,,,NONE,,NONE,,,NONE,,,NONE,,,NONE,,,,0,,Active,DEPARTMENT-012,Procurement & Supply Chain,Enterprise Operations,ORGANIZATIONAL-UNIT-PRC-TEAM-01,LOC-CENTRAL,POS-512,Procurement Officer,Mid,Permanent,EMP499,,,
EMP525,Imran Nasir,DEPARTMENT-012,Procurement & Supply Chain,Enterprise Operations,ORGANIZATIONAL-UNIT-PRC-TEAM-02,LOC-CENTRAL,POS-513,Procurement Assistant,Junior,Permanent,Active,EMP510,2025-02-01,1996-06-12,30,2056-06-12,NOT_DUE,2025-02-01,2025-05-01,2025-05-01,3,0,CONFIRMED,2025-05-14,COMPLETED,,,,,,63.3,60.0,81.37,Stable,98.5,4.2,No,NONE,,Additive synthetic operational layer based on existing 720-employee data,2026-08-01,0,,,NONE,,NONE,,,NONE,,,NONE,,,NONE,,,,0,,Active,DEPARTMENT-012,Procurement & Supply Chain,Enterprise Operations,ORGANIZATIONAL-UNIT-PRC-TEAM-02,LOC-CENTRAL,POS-513,Procurement Assistant,Junior,Permanent,EMP510,,,
EMP526,Adnan Chaudhry,DEPARTMENT-012,Procurement & Supply Chain,Enterprise Operations,ORGANIZATIONAL-UNIT-PRC-TEAM-02,LOC-CENTRAL,POS-514,Procurement Assistant,Junior,Permanent,Active,EMP497,2025-04-01,1997-09-02,28,2057-09-02,NOT_DUE,2025-04-01,2025-07-01,2025-07-01,3,0,CONFIRMED,2025-06-27,COMPLETED,,,,,,61.8,53.8,75.77,Improving,96.9,3.8,No,NONE,,Additive synthetic operational layer based on existing 720-employee data,2026-08-01,0,,,NONE,,NONE,,,NONE,,,NONE,,,NONE,,,,0,,Active,DEPARTMENT-012,Procurement & Supply Chain,Enterprise Operations,ORGANIZATIONAL-UNIT-PRC-TEAM-02,LOC-CENTRAL,POS-514,Procurement Assistant,Junior,Permanent,EMP497,,,
EMP527,Mehwish Nasir,DEPARTMENT-012,Procurement & Supply Chain,Enterprise Operations,ORGANIZATIONAL-UNIT-PRC-TEAM-01,LOC-CENTRAL,POS-515,Procurement Assistant,Junior,Contract,Probation,EMP498,2026-05-01,2001-08-11,24,2061-08-11,NOT_DUE,2026-05-01,2026-08-01,2026-08-01,3,0,DUE_SOON,,CONFIRM,2026-05-01,2027-04-30,12,0,ACTIVE,41.7,28.8,88.92,Improving,93.8,4.6,No,NONE,,Additive synthetic operational layer based on existing 720-employee data,2026-08-01,0,,,NONE,,NONE,,,NONE,,,NONE,,,NONE,,,,0,,Probation,DEPARTMENT-012,Procurement & Supply Chain,Enterprise Operations,ORGANIZATIONAL-UNIT-PRC-TEAM-01,LOC-CENTRAL,POS-515,Procurement Assistant,Junior,Contract,EMP498,,,
EMP528,Minal Aslam,DEPARTMENT-012,Procurement & Supply Chain,Enterprise Operations,ORGANIZATIONAL-UNIT-PRC-TEAM-02,LOC-CENTRAL,POS-516,Procurement Assistant,Junior,Permanent,Active,EMP499,2025-04-01,1999-10-20,26,2059-10-20,NOT_DUE,2025-04-01,2025-07-01,2025-07-01,3,0,CONFIRMED,2025-07-14,COMPLETED,,,,,,56.3,52.6,88.47,Declining,98.5,3.6,No,NONE,,Additive synthetic operational layer based on existing 720-employee data,2026-08-01,0,,,NONE,,NONE,,,NONE,,,NONE,,,NONE,,,,0,,Active,DEPARTMENT-012,Procurement & Supply Chain,Enterprise Operations,ORGANIZATIONAL-UNIT-PRC-TEAM-02,LOC-CENTRAL,POS-516,Procurement Assistant,Junior,Permanent,EMP499,,,
EMP529,Ayesha Waheed,DEPARTMENT-012,Procurement & Supply Chain,Enterprise Operations,ORGANIZATIONAL-UNIT-PRC-TEAM-03,LOC-CENTRAL,POS-517,Procurement Assistant,Junior,Permanent,Active,EMP500,2025-05-01,2000-04-25,26,2060-04-25,NOT_DUE,2025-05-01,2025-08-01,2025-08-01,3,0,CONFIRMED,2025-08-14,COMPLETED,,,,,,62.7,41.0,84.7,Stable,93.8,3.4,Yes,NONE,,Additive synthetic operational layer based on existing 720-employee data,2026-08-01,0,,,NONE,,NONE,,,NONE,,,NONE,,,NONE,,,,0,,Active,DEPARTMENT-012,Procurement & Supply Chain,Enterprise Operations,ORGANIZATIONAL-UNIT-PRC-TEAM-03,LOC-CENTRAL,POS-517,Procurement Assistant,Junior,Permanent,EMP500,,,
EMP530,Kamran Rauf,DEPARTMENT-012,Procurement & Supply Chain,Enterprise Operations,ORGANIZATIONAL-UNIT-PRC-TEAM-01,LOC-CENTRAL,POS-518,Procurement Assistant,Junior,Permanent,Active,EMP501,2024-06-01,1997-01-23,29,2057-01-23,NOT_DUE,2024-06-01,2024-09-01,2024-09-01,3,0,CONFIRMED,2024-09-11,COMPLETED,,,,,,62.4,51.4,74.58,Improving,95.4,3.9,No,NONE,,Additive synthetic operational layer based on existing 720-employee data,2026-08-01,0,,,NONE,,NONE,,,NONE,,,NONE,,,NONE,,,,0,,Active,DEPARTMENT-012,Procurement & Supply Chain,Enterprise Operations,ORGANIZATIONAL-UNIT-PRC-TEAM-01,LOC-CENTRAL,POS-518,Procurement Assistant,Junior,Permanent,EMP501,,,
EMP531,Kamran Iqbal,DEPARTMENT-012,Procurement & Supply Chain,Enterprise Operations,ORGANIZATIONAL-UNIT-PRC-TEAM-02,LOC-CENTRAL,POS-519,Procurement Assistant,Junior,Permanent,Active,EMP502,2024-05-01,1999-09-16,26,2059-09-16,NOT_DUE,2024-05-01,2024-08-01,2024-08-01,3,0,CONFIRMED,2024-08-12,COMPLETED,,,,,,52.0,54.0,78.11,Declining,100.0,4.3,No,NONE,,Additive synthetic operational layer based on existing 720-employee data,2026-08-01,0,,,NONE,,NONE,,,NONE,,,NONE,,,NONE,,,,0,,Active,DEPARTMENT-012,Procurement & Supply Chain,Enterprise Operations,ORGANIZATIONAL-UNIT-PRC-TEAM-02,LOC-CENTRAL,POS-519,Procurement Assistant,Junior,Permanent,EMP502,,,
EMP532,Nida Habib,DEPARTMENT-012,Procurement & Supply Chain,Enterprise Operations,ORGANIZATIONAL-UNIT-PRC-TEAM-03,LOC-CENTRAL,POS-520,Procurement Assistant,Junior,Permanent,Active,EMP503,2023-11-01,1994-09-08,31,2054-09-08,NOT_DUE,2023-11-01,2024-02-01,2024-02-01,3,0,CONFIRMED,2024-02-01,COMPLETED,,,,,,65.6,41.0,88.86,Stable,96.9,3.1,Yes,NONE,,Additive synthetic operational layer based on existing 720-employee data,2026-08-01,0,,,NONE,,NONE,,,NONE,,,NONE,,,NONE,,,,0,,Active,DEPARTMENT-012,Procurement & Supply Chain,Enterprise Operations,ORGANIZATIONAL-UNIT-PRC-TEAM-03,LOC-CENTRAL,POS-520,Procurement Assistant,Junior,Permanent,EMP503,,,
EMP533,Nida Nadeem,DEPARTMENT-012,Procurement & Supply Chain,Enterprise Operations,ORGANIZATIONAL-UNIT-PRC-TEAM-03,LOC-CENTRAL,POS-521,Procurement Assistant,Junior,Contract,Active,EMP504,2023-12-01,1996-07-07,30,2056-07-07,NOT_DUE,2023-12-01,2024-03-01,2024-03-01,3,0,CONFIRMED,2024-03-13,COMPLETED,2025-12-01,2026-11-30,12,2,ACTIVE,61.3,49.0,76.89,Stable,100.0,4.0,No,CONTRACT_END,2026-11-30,Additive synthetic operational layer based on existing 720-employee data,2026-08-01,0,,,NON_RENEW,2026-11-30,NONE,,,NONE,,,NONE,,,NONE,,,,0,,Active,DEPARTMENT-012,Procurement & Supply Chain,Enterprise Operations,ORGANIZATIONAL-UNIT-PRC-TEAM-03,LOC-CENTRAL,POS-521,Procurement Assistant,Junior,Contract,EMP504,,,
EMP534,Hassan Siddiqui,DEPARTMENT-012,Procurement & Supply Chain,Enterprise Operations,ORGANIZATIONAL-UNIT-PRC-TEAM-02,LOC-CENTRAL,POS-522,Procurement Assistant,Junior,Permanent,Active,EMP505,2024-03-01,1997-04-08,29,2057-04-08,NOT_DUE,2024-03-01,2024-06-01,2024-06-01,3,0,CONFIRMED,2024-06-03,COMPLETED,,,,,,66.6,57.6,87.17,Stable,93.8,4.2,No,NONE,,Additive synthetic operational layer based on existing 720-employee data,2026-08-01,0,,,NONE,,NONE,,,NONE,,,NONE,,,NONE,,,,0,,Active,DEPARTMENT-012,Procurement & Supply Chain,Enterprise Operations,ORGANIZATIONAL-UNIT-PRC-TEAM-02,LOC-CENTRAL,POS-522,Procurement Assistant,Junior,Permanent,EMP505,,,
EMP535,Komal Zafar,DEPARTMENT-012,Procurement & Supply Chain,Enterprise Operations,ORGANIZATIONAL-UNIT-PRC-TEAM-01,LOC-CENTRAL,POS-523,Procurement Assistant,Junior,Permanent,Active,EMP506,2024-01-01,1998-03-25,28,2058-03-25,NOT_DUE,2024-01-01,2024-04-01,2024-04-01,3,0,CONFIRMED,2024-04-15,COMPLETED,,,,,,56.4,57.4,71.41,Stable,93.8,4.1,No,NONE,,Additive synthetic operational layer based on existing 720-employee data,2026-08-01,0,,,NONE,,NONE,,,NONE,,,NONE,,,NONE,,,,0,,Active,DEPARTMENT-012,Procurement & Supply Chain,Enterprise Operations,ORGANIZATIONAL-UNIT-PRC-TEAM-01,LOC-CENTRAL,POS-523,Procurement Assistant,Junior,Permanent,EMP506,,,
EMP536,Anusha Butt,DEPARTMENT-012,Procurement & Supply Chain,Enterprise Operations,ORGANIZATIONAL-UNIT-PRC-TEAM-01,LOC-CENTRAL,POS-524,Procurement Assistant,Junior,Contract,Active,EMP507,2025-10-01,1999-12-11,26,2059-12-11,NOT_DUE,2025-10-01,2026-01-01,2026-01-01,3,0,CONFIRMED,2025-12-30,COMPLETED,2025-10-01,2026-09-30,12,0,EXPIRING_90D,64.2,44.6,87.53,Stable,100.0,2.8,Yes,NONE,,Additive synthetic operational layer based on existing 720-employee data,2026-08-01,0,,,NONE,,NONE,,,NONE,,,NONE,,,NONE,,,,0,,Active,DEPARTMENT-012,Procurement & Supply Chain,Enterprise Operations,ORGANIZATIONAL-UNIT-PRC-TEAM-01,LOC-CENTRAL,POS-524,Procurement Assistant,Junior,Contract,EMP507,,,
EMP537,Maryam Bukhari,DEPARTMENT-012,Procurement & Supply Chain,Enterprise Operations,ORGANIZATIONAL-UNIT-PRC-TEAM-01,LOC-CENTRAL,POS-525,Procurement Assistant,Junior,Permanent,Active,EMP508,2025-06-01,1999-07-12,27,2059-07-12,NOT_DUE,2025-06-01,2025-09-01,2025-09-01,3,0,CONFIRMED,2025-09-04,COMPLETED,,,,,,70.6,53.0,90.29,Improving,96.9,3.0,No,NONE,,Additive synthetic operational layer based on existing 720-employee data,2026-08-01,0,,,NONE,,NONE,,,NONE,,,NONE,,,NONE,,,,0,,Active,DEPARTMENT-012,Procurement & Supply Chain,Enterprise Operations,ORGANIZATIONAL-UNIT-PRC-TEAM-01,LOC-CENTRAL,POS-525,Procurement Assistant,Junior,Permanent,EMP508,,,
EMP538,Saba Tariq,DEPARTMENT-012,Procurement & Supply Chain,Enterprise Operations,ORGANIZATIONAL-UNIT-PRC-TEAM-03,LOC-CENTRAL,POS-526,Procurement Intern,Intern,Internship,Probation,EMP509,2026-04-01,1999-06-16,27,2059-06-16,NOT_DUE,2026-04-01,2026-06-01,2026-07-01,2,1,OVERDUE,,CONFIRM,,,,,,34.2,16.0,81.64,Improving,95.4,3.3,Yes,NONE,,Additive synthetic operational layer based on existing 720-employee data,2026-08-01,0,,,NONE,,NONE,,,NONE,,,NONE,,,NONE,,,,0,,Probation,DEPARTMENT-012,Procurement & Supply Chain,Enterprise Operations,ORGANIZATIONAL-UNIT-PRC-TEAM-03,LOC-CENTRAL,POS-526,Procurement Intern,Intern,Internship,EMP509,,,
EMP539,Noman Ali,DEPARTMENT-012,Procurement & Supply Chain,Enterprise Operations,ORGANIZATIONAL-UNIT-PRC-TEAM-02,LOC-CENTRAL,POS-527,Procurement Intern,Intern,Internship,Active,EMP510,2026-06-01,1999-05-02,27,2059-05-02,NOT_DUE,,,,,0,NOT_APPLICABLE,,,,,,,,32.1,54.0,81.19,Stable,95.4,4.5,No,NONE,,Additive synthetic operational layer based on existing 720-employee data,2026-08-01,0,,,NONE,,NONE,,,NONE,,,NONE,,,NONE,,,,0,,Active,DEPARTMENT-012,Procurement & Supply Chain,Enterprise Operations,ORGANIZATIONAL-UNIT-PRC-TEAM-02,LOC-CENTRAL,POS-527,Procurement Intern,Intern,Internship,EMP510,,,
EMP540,Haris Hussain,DEPARTMENT-012,Procurement & Supply Chain,Enterprise Operations,ORGANIZATIONAL-UNIT-PRC-TEAM-03,LOC-CENTRAL,POS-528,Procurement Intern,Intern,Internship,Active,EMP497,2026-01-01,2000-10-26,25,2060-10-26,NOT_DUE,,,,,0,NOT_APPLICABLE,,,,,,,,34.3,41.0,82.2,Improving,100.0,2.7,Yes,NONE,,Additive synthetic operational layer based on existing 720-employee data,2026-08-01,0,,,NONE,,NONE,,,NONE,,,NONE,,,NONE,,,,0,,Active,DEPARTMENT-012,Procurement & Supply Chain,Enterprise Operations,ORGANIZATIONAL-UNIT-PRC-TEAM-03,LOC-CENTRAL,POS-528,Procurement Intern,Intern,Internship,EMP497,,,
EMP541,Asad Hashmi,DEPARTMENT-013,Logistics & Warehouse,Enterprise Operations,ORGANIZATIONAL-UNIT-LOG,LOC-HUB,EXEC-LOG-HEAD,Head of Logistics and Warehouse,Executive,Permanent,Active,,2016-03-01,1967-08-16,58,2027-08-16,NOT_DUE,2016-03-01,2016-06-01,2016-06-01,3,0,CONFIRMED,2016-06-13,COMPLETED,,,,,,37.6,70.2,80.02,Stable,95.4,3.0,Yes,NONE,,Additive synthetic operational layer based on existing 720-employee data,2026-08-01,0,,,NONE,,NONE,,,NONE,,,NONE,,,NONE,,,,0,,Active,DEPARTMENT-013,Logistics & Warehouse,Enterprise Operations,ORGANIZATIONAL-UNIT-LOG,LOC-HUB,EXEC-LOG-HEAD,Head of Logistics and Warehouse,Executive,Permanent,,,,
EMP542,Kashif Chaudhry,DEPARTMENT-013,Logistics & Warehouse,Enterprise Operations,ORGANIZATIONAL-UNIT-LOG,LOC-HUB,POS-529,Logistics Manager,Lead/Manager,Permanent,Active,EMP541,2017-03-01,1984-08-12,41,2044-08-12,NOT_DUE,2017-03-01,2017-06-01,2017-06-01,3,0,CONFIRMED,2017-05-26,COMPLETED,,,,,,77.9,86.2,78.0,Stable,100.0,3.9,Yes,NONE,,Additive synthetic operational layer based on existing 720-employee data,2026-08-01,0,,,NONE,,NONE,,,NONE,,,NONE,,,NONE,,,,0,,Active,DEPARTMENT-013,Logistics & Warehouse,Enterprise Operations,ORGANIZATIONAL-UNIT-LOG,LOC-HUB,POS-529,Logistics Manager,Lead/Manager,Permanent,EMP541,,,
EMP543,Kamran Chaudhry,DEPARTMENT-013,Logistics & Warehouse,Enterprise Operations,ORGANIZATIONAL-UNIT-LOG,LOC-HUB,POS-530,Logistics Manager,Lead/Manager,Permanent,Active,EMP541,2012-11-01,1978-11-28,47,2038-11-28,NOT_DUE,2012-11-01,2013-02-01,2013-02-01,3,0,CONFIRMED,2013-02-15,COMPLETED,,,,,,76.7,75.6,77.97,Improving,98.5,4.3,No,NONE,,Additive synthetic operational layer based on existing 720-employee data,2026-08-01,0,,,NONE,,NONE,,,NONE,,,NONE,,,NONE,,,,0,,Active,DEPARTMENT-013,Logistics & Warehouse,Enterprise Operations,ORGANIZATIONAL-UNIT-LOG,LOC-HUB,POS-530,Logistics Manager,Lead/Manager,Permanent,EMP541,,,
EMP544,Bilal Ansari,DEPARTMENT-013,Logistics & Warehouse,Enterprise Operations,ORGANIZATIONAL-UNIT-LOG,LOC-HUB,POS-531,Logistics Manager,Lead/Manager,Permanent,Active,EMP541,2016-03-01,1978-12-11,47,2038-12-11,NOT_DUE,2016-03-01,2016-06-01,2016-06-01,3,0,CONFIRMED,2016-05-26,COMPLETED,,,,,,80.9,90.0,79.38,Stable,100.0,4.9,No,NONE,,Additive synthetic operational layer based on existing 720-employee data,2026-08-01,0,,,NONE,,NONE,,,NONE,,,NONE,,,NONE,,,,0,,Active,DEPARTMENT-013,Logistics & Warehouse,Enterprise Operations,ORGANIZATIONAL-UNIT-LOG,LOC-HUB,POS-531,Logistics Manager,Lead/Manager,Permanent,EMP541,,,
EMP545,Junaid Aslam,DEPARTMENT-013,Logistics & Warehouse,Enterprise Operations,ORGANIZATIONAL-UNIT-LOG,LOC-HUB,POS-532,Logistics Manager,Lead/Manager,Permanent,Active,EMP541,2018-03-01,1981-02-20,45,2041-02-20,NOT_DUE,2018-03-01,2018-06-01,2018-06-01,3,0,CONFIRMED,2018-06-12,COMPLETED,,,,,,79.6,83.8,80.13,Stable,98.5,4.7,No,NONE,,Additive synthetic operational layer based on existing 720-employee data,2026-08-01,0,,,NONE,,NONE,,,NONE,,,NONE,,,NONE,,,,0,,Active,DEPARTMENT-013,Logistics & Warehouse,Enterprise Operations,ORGANIZATIONAL-UNIT-LOG,LOC-HUB,POS-532,Logistics Manager,Lead/Manager,Permanent,EMP541,,,
EMP546,Sara Baig,DEPARTMENT-013,Logistics & Warehouse,Enterprise Operations,ORGANIZATIONAL-UNIT-LOG,LOC-HUB,POS-533,Logistics Manager,Lead/Manager,Permanent,Active,EMP541,2019-10-01,1987-03-20,39,2047-03-20,NOT_DUE,2019-10-01,2020-01-01,2020-01-01,3,0,CONFIRMED,2020-01-03,COMPLETED,,,,,,78.3,72.6,83.98,Improving,93.8,2.7,No,NONE,,Additive synthetic operational layer based on existing 720-employee data,2026-08-01,0,,,NONE,,NONE,,,NONE,,,NONE,,,NONE,,,,0,,Active,DEPARTMENT-013,Logistics & Warehouse,Enterprise Operations,ORGANIZATIONAL-UNIT-LOG,LOC-HUB,POS-533,Logistics Manager,Lead/Manager,Permanent,EMP541,,,
EMP547,Usman Ali,DEPARTMENT-013,Logistics & Warehouse,Enterprise Operations,ORGANIZATIONAL-UNIT-LOG,LOC-HUB,POS-534,Logistics Manager,Lead/Manager,Permanent,Active,EMP541,2014-01-01,1980-05-11,46,2040-05-11,NOT_DUE,2014-01-01,2014-04-01,2014-04-01,3,0,CONFIRMED,2014-04-04,COMPLETED,,,,,,77.1,88.8,80.23,Stable,95.4,3.6,Yes,NONE,,Additive synthetic operational layer based on existing 720-employee data,2026-08-01,0,,,NONE,,NONE,,,NONE,,,NONE,,,NONE,,,,0,,Active,DEPARTMENT-013,Logistics & Warehouse,Enterprise Operations,ORGANIZATIONAL-UNIT-LOG,LOC-HUB,POS-534,Logistics Manager,Lead/Manager,Permanent,EMP541,,,
EMP548,Maryam Faisal,DEPARTMENT-013,Logistics & Warehouse,Enterprise Operations,ORGANIZATIONAL-UNIT-LOG-TEAM-01,LOC-HUB,POS-535,Senior Logistics Officer,Senior,Permanent,Active,EMP544,2016-05-01,1984-05-04,42,2044-05-04,NOT_DUE,2016-05-01,2016-08-01,2016-08-01,3,0,CONFIRMED,2016-08-01,COMPLETED,,,,,,86.5,86.2,84.91,Improving,98.5,3.8,Yes,NONE,,Additive synthetic operational layer based on existing 720-employee data,2026-08-01,0,,,NONE,,NONE,,,NONE,,,NONE,,,NONE,,,,0,,Active,DEPARTMENT-013,Logistics & Warehouse,Enterprise Operations,ORGANIZATIONAL-UNIT-LOG-TEAM-01,LOC-HUB,POS-535,Senior Logistics Officer,Senior,Permanent,EMP544,,,
EMP549,Saba Saeed,DEPARTMENT-013,Logistics & Warehouse,Enterprise Operations,ORGANIZATIONAL-UNIT-LOG-TEAM-02,LOC-HUB,POS-536,Senior Logistics Officer,Senior,Permanent,Active,EMP545,2016-07-01,1982-11-08,43,2042-11-08,NOT_DUE,2016-07-01,2016-10-01,2016-10-01,3,0,CONFIRMED,2016-09-30,COMPLETED,,,,,,82.0,88.6,85.61,Stable,100.0,4.1,Yes,NONE,,Additive synthetic operational layer based on existing 720-employee data,2026-08-01,0,,,NONE,,NONE,,,NONE,,,NONE,,,NONE,,,,0,,Active,DEPARTMENT-013,Logistics & Warehouse,Enterprise Operations,ORGANIZATIONAL-UNIT-LOG-TEAM-02,LOC-HUB,POS-536,Senior Logistics Officer,Senior,Permanent,EMP545,,,
EMP550,Hira Faisal,DEPARTMENT-013,Logistics & Warehouse,Enterprise Operations,ORGANIZATIONAL-UNIT-LOG-TEAM-03,LOC-HUB,POS-537,Senior Logistics Officer,Senior,Contract,Active,EMP546,2022-07-01,1986-03-13,40,2046-03-13,NOT_DUE,2022-07-01,2022-10-01,2022-10-01,3,0,CONFIRMED,2022-10-02,COMPLETED,2026-07-01,2027-06-30,12,4,ACTIVE,58.6,66.4,80.82,Declining,95.4,3.0,Yes,NONE,,Additive synthetic operational layer based on existing 720-employee data,2026-08-01,0,,,NONE,,NONE,,,NONE,,,NONE,,,NONE,,,,0,,Active,DEPARTMENT-013,Logistics & Warehouse,Enterprise Operations,ORGANIZATIONAL-UNIT-LOG-TEAM-03,LOC-HUB,POS-537,Senior Logistics Officer,Senior,Contract,EMP546,,,
EMP551,Saba Rehman,DEPARTMENT-013,Logistics & Warehouse,Enterprise Operations,ORGANIZATIONAL-UNIT-LOG-TEAM-02,LOC-HUB,POS-538,Senior Logistics Officer,Senior,Permanent,Active,EMP547,2021-09-01,1989-12-30,36,2049-12-30,NOT_DUE,2021-09-01,2021-12-01,2021-12-01,3,0,CONFIRMED,2021-11-24,COMPLETED,,,,,,63.5,76.8,70.21,Stable,100.0,3.5,Yes,NONE,,Additive synthetic operational layer based on existing 720-employee data,2026-08-01,0,,,NONE,,NONE,,,NONE,,,NONE,,,NONE,,,,0,,Active,DEPARTMENT-013,Logistics & Warehouse,Enterprise Operations,ORGANIZATIONAL-UNIT-LOG-TEAM-02,LOC-HUB,POS-538,Senior Logistics Officer,Senior,Permanent,EMP547,,,
EMP552,Anam Rauf,DEPARTMENT-013,Logistics & Warehouse,Enterprise Operations,ORGANIZATIONAL-UNIT-LOG-TEAM-03,LOC-HUB,POS-539,Senior Logistics Officer,Senior,Contract,Active,EMP542,2018-07-01,1982-12-28,43,2042-12-28,NOT_DUE,2018-07-01,2018-10-01,2018-10-01,3,0,CONFIRMED,2018-10-06,COMPLETED,2026-07-01,2027-06-30,12,8,ACTIVE,77.1,80.6,85.18,Stable,100.0,3.3,No,NONE,,Additive synthetic operational layer based on existing 720-employee data,2026-08-01,0,,,NONE,,NONE,,,NONE,,,NONE,,,NONE,,,,0,,Active,DEPARTMENT-013,Logistics & Warehouse,Enterprise Operations,ORGANIZATIONAL-UNIT-LOG-TEAM-03,LOC-HUB,POS-539,Senior Logistics Officer,Senior,Contract,EMP542,,,
EMP553,Iqra Mughal,DEPARTMENT-013,Logistics & Warehouse,Enterprise Operations,ORGANIZATIONAL-UNIT-LOG-TEAM-03,LOC-HUB,POS-540,Senior Logistics Officer,Senior,Permanent,Active,EMP543,2014-04-01,1980-02-28,46,2040-02-28,NOT_DUE,2014-04-01,2014-07-01,2014-07-01,3,0,CONFIRMED,2014-06-28,COMPLETED,,,,,,81.0,82.6,83.6,Stable,96.9,3.5,Yes,NONE,,Additive synthetic operational layer based on existing 720-employee data,2026-08-01,0,,,NONE,,NONE,,,NONE,,,NONE,,,NONE,,,,0,,Active,DEPARTMENT-013,Logistics & Warehouse,Enterprise Operations,ORGANIZATIONAL-UNIT-LOG-TEAM-03,LOC-HUB,POS-540,Senior Logistics Officer,Senior,Permanent,EMP543,,,
EMP554,Sana Rauf,DEPARTMENT-013,Logistics & Warehouse,Enterprise Operations,ORGANIZATIONAL-UNIT-LOG-TEAM-02,LOC-HUB,POS-541,Senior Logistics Officer,Senior,Permanent,Active,EMP544,2018-02-01,1981-11-20,44,2041-11-20,NOT_DUE,2018-02-01,2018-05-01,2018-05-01,3,0,CONFIRMED,2018-05-12,COMPLETED,,,,,,71.7,85.0,83.7,Declining,98.5,3.8,Yes,NONE,,Additive synthetic operational layer based on existing 720-employee data,2026-08-01,0,,,NONE,,NONE,,,NONE,,,NONE,,,NONE,,,,0,,Active,DEPARTMENT-013,Logistics & Warehouse,Enterprise Operations,ORGANIZATIONAL-UNIT-LOG-TEAM-02,LOC-HUB,POS-541,Senior Logistics Officer,Senior,Permanent,EMP544,,,
EMP555,Danish Hashmi,DEPARTMENT-013,Logistics & Warehouse,Enterprise Operations,ORGANIZATIONAL-UNIT-LOG-TEAM-03,LOC-HUB,POS-542,Senior Logistics Officer,Senior,Permanent,Active,EMP545,2017-08-01,1983-02-20,43,2043-02-20,NOT_DUE,2017-08-01,2017-11-01,2017-11-01,3,0,CONFIRMED,2017-11-08,COMPLETED,,,,,,81.0,71.4,87.24,Improving,100.0,3.2,No,NONE,,Additive synthetic operational layer based on existing 720-employee data,2026-08-01,0,,,NONE,,NONE,,,NONE,,,NONE,,,NONE,,,,0,,Active,DEPARTMENT-013,Logistics & Warehouse,Enterprise Operations,ORGANIZATIONAL-UNIT-LOG-TEAM-03,LOC-HUB,POS-542,Senior Logistics Officer,Senior,Permanent,EMP545,,,
EMP556,Kinza Farooq,DEPARTMENT-013,Logistics & Warehouse,Enterprise Operations,ORGANIZATIONAL-UNIT-LOG-TEAM-01,LOC-HUB,POS-543,Logistics Coordinator,Mid,Permanent,Active,EMP546,2021-10-01,1988-06-08,38,2048-06-08,NOT_DUE,2021-10-01,2022-01-01,2022-01-01,3,0,CONFIRMED,2021-12-29,COMPLETED,,,,,,72.8,69.6,84.22,Stable,92.3,4.1,No,NONE,,Additive synthetic operational layer based on existing 720-employee data,2026-08-01,0,,,NONE,,NONE,,,NONE,,,NONE,,,NONE,,,,0,,Active,DEPARTMENT-013,Logistics & Warehouse,Enterprise Operations,ORGANIZATIONAL-UNIT-LOG-TEAM-01,LOC-HUB,POS-543,Logistics Coordinator,Mid,Permanent,EMP546,,,
EMP557,Ali Rashid,DEPARTMENT-013,Logistics & Warehouse,Enterprise Operations,ORGANIZATIONAL-UNIT-LOG-TEAM-03,LOC-HUB,POS-544,Logistics Coordinator,Mid,Permanent,Active,EMP547,2021-12-01,1990-08-24,35,2050-08-24,NOT_DUE,2021-12-01,2022-03-01,2022-03-01,3,0,CONFIRMED,2022-02-22,COMPLETED,,,,,,62.3,66.4,74.34,Stable,100.0,3.3,No,NONE,,Additive synthetic operational layer based on existing 720-employee data,2026-08-01,0,,,NONE,,NONE,,,NONE,,,NONE,,,NONE,,,,0,,Active,DEPARTMENT-013,Logistics & Warehouse,Enterprise Operations,ORGANIZATIONAL-UNIT-LOG-TEAM-03,LOC-HUB,POS-544,Logistics Coordinator,Mid,Permanent,EMP547,,,
EMP558,Waqas Latif,DEPARTMENT-013,Logistics & Warehouse,Enterprise Operations,ORGANIZATIONAL-UNIT-LOG-TEAM-01,LOC-HUB,POS-545,Logistics Coordinator,Mid,Permanent,Active,EMP542,2023-12-01,1995-03-18,31,2055-03-18,NOT_DUE,2023-12-01,2024-03-01,2024-03-01,3,0,CONFIRMED,2024-03-03,COMPLETED,,,,,,86.3,86.2,93.45,Stable,100.0,4.5,No,NONE,,Additive synthetic operational layer based on existing 720-employee data,2026-08-01,0,,,NONE,,NONE,,,NONE,,,NONE,,,NONE,,,,0,,Active,DEPARTMENT-013,Logistics & Warehouse,Enterprise Operations,ORGANIZATIONAL-UNIT-LOG-TEAM-01,LOC-HUB,POS-545,Logistics Coordinator,Mid,Permanent,EMP542,,,
EMP559,Minal Qureshi,DEPARTMENT-013,Logistics & Warehouse,Enterprise Operations,ORGANIZATIONAL-UNIT-LOG-TEAM-01,LOC-HUB,POS-546,Logistics Coordinator,Mid,Permanent,Active,EMP543,2021-06-01,1991-04-14,35,2051-04-14,NOT_DUE,2021-06-01,2021-09-01,2021-09-01,3,0,CONFIRMED,2021-09-11,COMPLETED,,,,,,85.2,81.4,83.8,Improving,100.0,5.0,No,NONE,,Additive synthetic operational layer based on existing 720-employee data,2026-08-01,0,,,NONE,,NONE,,,NONE,,,NONE,,,NONE,,,,0,,Active,DEPARTMENT-013,Logistics & Warehouse,Enterprise Operations,ORGANIZATIONAL-UNIT-LOG-TEAM-01,LOC-HUB,POS-546,Logistics Coordinator,Mid,Permanent,EMP543,,,
EMP560,Fahad Ali,DEPARTMENT-013,Logistics & Warehouse,Enterprise Operations,ORGANIZATIONAL-UNIT-LOG-TEAM-02,LOC-HUB,POS-547,Logistics Coordinator,Mid,Permanent,Active,EMP544,2021-07-01,1988-10-16,37,2048-10-16,NOT_DUE,2021-07-01,2021-10-01,2021-10-01,3,0,CONFIRMED,2021-09-25,COMPLETED,,,,,,80.0,89.8,83.72,Stable,95.4,3.6,No,NONE,,Additive synthetic operational layer based on existing 720-employee data,2026-08-01,0,,,NONE,,NONE,,,NONE,,,NONE,,,NONE,,,,0,,Active,DEPARTMENT-013,Logistics & Warehouse,Enterprise Operations,ORGANIZATIONAL-UNIT-LOG-TEAM-02,LOC-HUB,POS-547,Logistics Coordinator,Mid,Permanent,EMP544,,,
EMP561,Maryam Waheed,DEPARTMENT-013,Logistics & Warehouse,Enterprise Operations,ORGANIZATIONAL-UNIT-LOG-TEAM-02,LOC-HUB,POS-548,Logistics Coordinator,Mid,Permanent,Active,EMP545,2020-06-01,1992-11-11,33,2052-11-11,NOT_DUE,2020-06-01,2020-09-01,2020-09-01,3,0,CONFIRMED,2020-09-03,COMPLETED,,,,,,73.1,91.0,88.9,Declining,98.5,3.6,No,NONE,,Additive synthetic operational layer based on existing 720-employee data,2026-08-01,0,,,NONE,,NONE,,,NONE,,,NONE,,,NONE,,,,0,,Active,DEPARTMENT-013,Logistics & Warehouse,Enterprise Operations,ORGANIZATIONAL-UNIT-LOG-TEAM-02,LOC-HUB,POS-548,Logistics Coordinator,Mid,Permanent,EMP545,,,
EMP562,Komal Khan,DEPARTMENT-013,Logistics & Warehouse,Enterprise Operations,ORGANIZATIONAL-UNIT-LOG-TEAM-02,LOC-HUB,POS-549,Logistics Coordinator,Mid,Permanent,Active,EMP546,2021-10-01,1992-04-01,34,2052-04-01,NOT_DUE,2021-10-01,2022-01-01,2022-01-01,3,0,CONFIRMED,2021-12-29,COMPLETED,,,,,,83.2,86.2,89.2,Stable,100.0,3.6,No,NONE,,Additive synthetic operational layer based on existing 720-employee data,2026-08-01,0,,,NONE,,NONE,,,NONE,,,NONE,,,NONE,,,,0,,Active,DEPARTMENT-013,Logistics & Warehouse,Enterprise Operations,ORGANIZATIONAL-UNIT-LOG-TEAM-02,LOC-HUB,POS-549,Logistics Coordinator,Mid,Permanent,EMP546,,,
EMP563,Hira Ali,DEPARTMENT-013,Logistics & Warehouse,Enterprise Operations,ORGANIZATIONAL-UNIT-LOG-TEAM-02,LOC-HUB,POS-550,Logistics Coordinator,Mid,Contract,Active,EMP547,2019-04-01,1991-11-29,34,2051-11-29,NOT_DUE,2019-04-01,2019-07-01,2019-07-01,3,0,CONFIRMED,2019-07-11,COMPLETED,2026-04-01,2027-03-31,12,7,ACTIVE,74.3,70.8,83.5,Stable,96.9,4.6,No,NONE,,Additive synthetic operational layer based on existing 720-employee data,2026-08-01,0,,,NONE,,NONE,,,NONE,,,NONE,,,NONE,,,,0,,Active,DEPARTMENT-013,Logistics & Warehouse,Enterprise Operations,ORGANIZATIONAL-UNIT-LOG-TEAM-02,LOC-HUB,POS-550,Logistics Coordinator,Mid,Contract,EMP547,,,
EMP564,Adnan Zafar,DEPARTMENT-013,Logistics & Warehouse,Enterprise Operations,ORGANIZATIONAL-UNIT-LOG-TEAM-01,LOC-HUB,POS-551,Logistics Coordinator,Mid,Permanent,Active,EMP542,2019-11-01,1990-05-19,36,2050-05-19,NOT_DUE,2019-11-01,2020-02-01,2020-02-01,3,0,CONFIRMED,2020-01-26,COMPLETED,,,,,,78.3,67.6,92.07,Stable,96.9,2.8,No,NONE,,Additive synthetic operational layer based on existing 720-employee data,2026-08-01,1,2024-07-20,FORMER_HIGH_PERFORMER,NONE,,NONE,,,NONE,,,NONE,,,NONE,,,,0,,Active,DEPARTMENT-013,Logistics & Warehouse,Enterprise Operations,ORGANIZATIONAL-UNIT-LOG-TEAM-01,LOC-HUB,POS-551,Logistics Coordinator,Mid,Permanent,EMP542,,,
EMP565,Rabia Tariq,DEPARTMENT-013,Logistics & Warehouse,Enterprise Operations,ORGANIZATIONAL-UNIT-LOG-TEAM-01,LOC-HUB,POS-552,Logistics Coordinator,Mid,Permanent,Active,EMP543,2020-05-01,1990-01-26,36,2050-01-26,NOT_DUE,2020-05-01,2020-08-01,2020-08-01,3,0,CONFIRMED,2020-08-12,COMPLETED,,,,,,82.0,91.0,91.98,Stable,98.5,4.6,No,NONE,,Additive synthetic operational layer based on existing 720-employee data,2026-08-01,0,,,NONE,,NONE,,,NONE,,,NONE,,,NONE,,,,0,,Active,DEPARTMENT-013,Logistics & Warehouse,Enterprise Operations,ORGANIZATIONAL-UNIT-LOG-TEAM-01,LOC-HUB,POS-552,Logistics Coordinator,Mid,Permanent,EMP543,,,
EMP566,Talha Ismail,DEPARTMENT-013,Logistics & Warehouse,Enterprise Operations,ORGANIZATIONAL-UNIT-LOG-TEAM-02,LOC-HUB,POS-553,Logistics Coordinator,Mid,Permanent,Active,EMP544,2024-07-01,1994-03-31,32,2054-03-31,NOT_DUE,2024-07-01,2024-10-01,2024-10-01,3,0,CONFIRMED,2024-10-03,COMPLETED,,,,,,76.5,82.6,85.56,Stable,96.9,4.1,No,NONE,,Additive synthetic operational layer based on existing 720-employee data,2026-08-01,0,,,NONE,,NONE,,,NONE,,,NONE,,,NONE,,,,0,,Active,DEPARTMENT-013,Logistics & Warehouse,Enterprise Operations,ORGANIZATIONAL-UNIT-LOG-TEAM-02,LOC-HUB,POS-553,Logistics Coordinator,Mid,Permanent,EMP544,,,
EMP567,Hira Javed,DEPARTMENT-013,Logistics & Warehouse,Enterprise Operations,ORGANIZATIONAL-UNIT-LOG-TEAM-01,LOC-HUB,POS-554,Logistics Coordinator,Mid,Permanent,Active,EMP545,2022-07-01,1990-12-05,35,2050-12-05,NOT_DUE,2022-07-01,2022-10-01,2022-10-01,3,0,CONFIRMED,2022-10-05,COMPLETED,,,,,,82.2,88.6,84.67,Stable,95.4,4.4,No,NONE,,Additive synthetic operational layer based on existing 720-employee data,2026-08-01,0,,,NONE,,NONE,,,NONE,,,NONE,,,NONE,,,,0,,Active,DEPARTMENT-013,Logistics & Warehouse,Enterprise Operations,ORGANIZATIONAL-UNIT-LOG-TEAM-01,LOC-HUB,POS-554,Logistics Coordinator,Mid,Permanent,EMP545,,,
EMP568,Mehwish Javed,DEPARTMENT-013,Logistics & Warehouse,Enterprise Operations,ORGANIZATIONAL-UNIT-LOG-TEAM-02,LOC-HUB,POS-555,Logistics Coordinator,Mid,Permanent,Active,EMP546,2022-05-01,1993-06-02,33,2053-06-02,NOT_DUE,2022-05-01,2022-08-01,2022-08-01,3,0,CONFIRMED,2022-07-28,COMPLETED,,,,,,60.9,75.0,83.05,Declining,100.0,2.5,Yes,NONE,,Additive synthetic operational layer based on existing 720-employee data,2026-08-01,0,,,NONE,,NONE,,,NONE,,,NONE,,,NONE,,,,0,,Active,DEPARTMENT-013,Logistics & Warehouse,Enterprise Operations,ORGANIZATIONAL-UNIT-LOG-TEAM-02,LOC-HUB,POS-555,Logistics Coordinator,Mid,Permanent,EMP546,,,
EMP569,Bilal Rauf,DEPARTMENT-013,Logistics & Warehouse,Enterprise Operations,ORGANIZATIONAL-UNIT-LOG-TEAM-01,LOC-HUB,POS-556,Logistics Coordinator,Mid,Permanent,Active,EMP547,2025-02-01,1997-07-12,29,2057-07-12,NOT_DUE,2025-02-01,2025-05-01,2025-05-01,3,0,CONFIRMED,2025-05-01,COMPLETED,,,,,,69.2,81.8,83.27,Stable,98.5,3.8,No,NONE,,Additive synthetic operational layer based on existing 720-employee data,2026-08-01,0,,,NONE,,NONE,,,NONE,,,NONE,,,NONE,,,,0,,Active,DEPARTMENT-013,Logistics & Warehouse,Enterprise Operations,ORGANIZATIONAL-UNIT-LOG-TEAM-01,LOC-HUB,POS-556,Logistics Coordinator,Mid,Permanent,EMP547,,,
EMP570,Komal Farooq,DEPARTMENT-013,Logistics & Warehouse,Enterprise Operations,ORGANIZATIONAL-UNIT-LOG-TEAM-02,LOC-HUB,POS-557,Warehouse Assistant,Junior,Permanent,Active,EMP544,2025-07-01,1999-07-21,27,2059-07-21,NOT_DUE,2025-07-01,2025-10-01,2025-10-01,3,0,CONFIRMED,2025-10-08,COMPLETED,,,,,,46.5,61.2,72.91,Declining,89.2,4.5,No,NONE,,Additive synthetic operational layer based on existing 720-employee data,2026-08-01,0,,,NONE,,NONE,,,NONE,,,NONE,,,NONE,,,,0,,Active,DEPARTMENT-013,Logistics & Warehouse,Enterprise Operations,ORGANIZATIONAL-UNIT-LOG-TEAM-02,LOC-HUB,POS-557,Warehouse Assistant,Junior,Permanent,EMP544,,,
EMP571,Minal Saeed,DEPARTMENT-013,Logistics & Warehouse,Enterprise Operations,ORGANIZATIONAL-UNIT-LOG-TEAM-03,LOC-HUB,POS-558,Warehouse Assistant,Junior,Permanent,Active,EMP545,2024-10-01,1999-07-10,27,2059-07-10,NOT_DUE,2024-10-01,2025-01-01,2025-01-01,3,0,CONFIRMED,2024-12-26,COMPLETED,,,,,,63.2,43.4,86.34,Stable,100.0,3.1,No,NONE,,Additive synthetic operational layer based on existing 720-employee data,2026-08-01,0,,,NONE,,NONE,,,NONE,,,NONE,,,NONE,,,,0,,Active,DEPARTMENT-013,Logistics & Warehouse,Enterprise Operations,ORGANIZATIONAL-UNIT-LOG-TEAM-03,LOC-HUB,POS-558,Warehouse Assistant,Junior,Permanent,EMP545,,,
EMP572,Farhan Iqbal,DEPARTMENT-013,Logistics & Warehouse,Enterprise Operations,ORGANIZATIONAL-UNIT-LOG-TEAM-03,LOC-HUB,POS-559,Warehouse Assistant,Junior,Permanent,Active,EMP546,2025-01-01,1996-11-22,29,2056-11-22,NOT_DUE,2025-01-01,2025-04-01,2025-04-01,3,0,CONFIRMED,2025-04-02,COMPLETED,,,,,,61.7,43.4,83.99,Stable,95.4,3.0,No,NONE,,Additive synthetic operational layer based on existing 720-employee data,2026-08-01,0,,,NONE,,NONE,,,NONE,,,NONE,,,NONE,,,,0,,Active,DEPARTMENT-013,Logistics & Warehouse,Enterprise Operations,ORGANIZATIONAL-UNIT-LOG-TEAM-03,LOC-HUB,POS-559,Warehouse Assistant,Junior,Permanent,EMP546,,,
EMP573,Junaid Javed,DEPARTMENT-013,Logistics & Warehouse,Enterprise Operations,ORGANIZATIONAL-UNIT-LOG-TEAM-01,LOC-HUB,POS-560,Warehouse Assistant,Junior,Permanent,Active,EMP547,2025-08-01,2000-03-14,26,2060-03-14,NOT_DUE,2025-08-01,2025-11-01,2025-11-01,3,0,CONFIRMED,2025-11-10,COMPLETED,,,,,,64.9,61.2,84.45,Stable,93.8,4.5,Yes,NONE,,Additive synthetic operational layer based on existing 720-employee data,2026-08-01,0,,,NONE,,NONE,,,NONE,,,NONE,,,NONE,,,,0,,Active,DEPARTMENT-013,Logistics & Warehouse,Enterprise Operations,ORGANIZATIONAL-UNIT-LOG-TEAM-01,LOC-HUB,POS-560,Warehouse Assistant,Junior,Permanent,EMP547,,,
EMP574,Ahmed Javed,DEPARTMENT-013,Logistics & Warehouse,Enterprise Operations,ORGANIZATIONAL-UNIT-LOG-TEAM-02,LOC-HUB,POS-561,Warehouse Assistant,Junior,Permanent,Probation,EMP548,2026-03-01,2001-07-19,25,2061-07-19,NOT_DUE,2026-03-01,2026-06-01,2026-06-01,3,0,OVERDUE,,CONFIRM,,,,,,32.3,16.0,85.54,Stable,98.5,3.0,Yes,NONE,,Additive synthetic operational layer based on existing 720-employee data,2026-08-01,0,,,NONE,,NONE,,,NONE,,,NONE,,,NONE,,,,0,,Probation,DEPARTMENT-013,Logistics & Warehouse,Enterprise Operations,ORGANIZATIONAL-UNIT-LOG-TEAM-02,LOC-HUB,POS-561,Warehouse Assistant,Junior,Permanent,EMP548,,,
EMP575,Komal Hameed,DEPARTMENT-013,Logistics & Warehouse,Enterprise Operations,ORGANIZATIONAL-UNIT-LOG-TEAM-01,LOC-HUB,POS-562,Warehouse Assistant,Junior,Permanent,Active,EMP549,2023-09-01,1996-05-09,30,2056-05-09,NOT_DUE,2023-09-01,2023-12-01,2023-12-01,3,0,CONFIRMED,2023-12-01,COMPLETED,,,,,,63.2,51.4,82.84,Stable,93.8,4.4,No,NONE,,Additive synthetic operational layer based on existing 720-employee data,2026-08-01,0,,,NONE,,NONE,,,NONE,,,NONE,,,NONE,,,,0,,Active,DEPARTMENT-013,Logistics & Warehouse,Enterprise Operations,ORGANIZATIONAL-UNIT-LOG-TEAM-01,LOC-HUB,POS-562,Warehouse Assistant,Junior,Permanent,EMP549,,,
EMP576,Fatima Sultan,DEPARTMENT-013,Logistics & Warehouse,Enterprise Operations,ORGANIZATIONAL-UNIT-LOG-TEAM-03,LOC-HUB,POS-563,Warehouse Assistant,Junior,Contract,Active,EMP550,2023-10-01,1998-08-21,27,2058-08-21,NOT_DUE,2023-10-01,2024-01-01,2024-01-01,3,0,CONFIRMED,2024-01-01,COMPLETED,2025-10-01,2026-09-30,12,2,EXPIRING_90D,67.7,53.8,84.87,Stable,92.3,4.8,No,CONTRACT_END,2026-09-30,Additive synthetic operational layer based on existing 720-employee data,2026-08-01,0,,,NON_RENEW,2026-09-30,PENDING,2026-10-07,HRACT-00285,NONE,,,NONE,,,NONE,,,,0,,Active,DEPARTMENT-013,Logistics & Warehouse,Enterprise Operations,ORGANIZATIONAL-UNIT-LOG-TEAM-03,LOC-HUB,POS-563,Warehouse Assistant,Junior,Contract,EMP550,,,
EMP577,Iqra Hussain,DEPARTMENT-013,Logistics & Warehouse,Enterprise Operations,ORGANIZATIONAL-UNIT-LOG-TEAM-02,LOC-HUB,POS-564,Warehouse Assistant,Junior,Permanent,Active,EMP551,2024-04-01,1998-12-10,27,2058-12-10,NOT_DUE,2024-04-01,2024-07-01,2024-07-01,3,0,CONFIRMED,2024-07-04,COMPLETED,,,,,,71.6,55.2,87.46,Improving,95.4,3.6,No,NONE,,Additive synthetic operational layer based on existing 720-employee data,2026-08-01,0,,,NONE,,NONE,,,NONE,,,NONE,,,NONE,,,,0,,Active,DEPARTMENT-013,Logistics & Warehouse,Enterprise Operations,ORGANIZATIONAL-UNIT-LOG-TEAM-02,LOC-HUB,POS-564,Warehouse Assistant,Junior,Permanent,EMP551,,,
EMP578,Maryam Rauf,DEPARTMENT-013,Logistics & Warehouse,Enterprise Operations,ORGANIZATIONAL-UNIT-LOG-TEAM-03,LOC-HUB,POS-565,Warehouse Assistant,Junior,Permanent,Active,EMP552,2024-07-01,1998-06-02,28,2058-06-02,NOT_DUE,2024-07-01,2024-10-01,2024-10-01,3,0,CONFIRMED,2024-09-25,COMPLETED,,,,,,67.5,41.0,85.01,Improving,90.8,3.0,Yes,NONE,,Additive synthetic operational layer based on existing 720-employee data,2026-08-01,0,,,NONE,,NONE,,,NONE,,,NONE,,,NONE,,,,0,,Active,DEPARTMENT-013,Logistics & Warehouse,Enterprise Operations,ORGANIZATIONAL-UNIT-LOG-TEAM-03,LOC-HUB,POS-565,Warehouse Assistant,Junior,Permanent,EMP552,,,
EMP579,Farhan Aziz,DEPARTMENT-013,Logistics & Warehouse,Enterprise Operations,ORGANIZATIONAL-UNIT-LOG-TEAM-01,LOC-HUB,POS-566,Warehouse Assistant,Junior,Permanent,Active,EMP553,2024-12-01,1999-06-21,27,2059-06-21,NOT_DUE,2024-12-01,2025-03-01,2025-03-01,3,0,CONFIRMED,2025-02-27,COMPLETED,,,,,,60.2,56.4,77.06,Stable,100.0,4.0,Yes,NONE,,Additive synthetic operational layer based on existing 720-employee data,2026-08-01,0,,,NONE,,NONE,,,NONE,,,NONE,,,NONE,,,,0,,Active,DEPARTMENT-013,Logistics & Warehouse,Enterprise Operations,ORGANIZATIONAL-UNIT-LOG-TEAM-01,LOC-HUB,POS-566,Warehouse Assistant,Junior,Permanent,EMP553,,,
EMP580,Minal Bukhari,DEPARTMENT-013,Logistics & Warehouse,Enterprise Operations,ORGANIZATIONAL-UNIT-LOG-TEAM-03,LOC-HUB,POS-567,Warehouse Assistant,Junior,Permanent,Active,EMP554,2023-04-01,1995-02-27,31,2055-02-27,NOT_DUE,2023-04-01,2023-07-01,2023-07-01,3,0,CONFIRMED,2023-06-29,COMPLETED,,,,,,60.8,43.4,82.57,Stable,100.0,3.3,No,NONE,,Additive synthetic operational layer based on existing 720-employee data,2026-08-01,0,,,NONE,,NONE,,,NONE,,,NONE,,,NONE,,,,0,,Active,DEPARTMENT-013,Logistics & Warehouse,Enterprise Operations,ORGANIZATIONAL-UNIT-LOG-TEAM-03,LOC-HUB,POS-567,Warehouse Assistant,Junior,Permanent,EMP554,,,
EMP581,Noor Khalid,DEPARTMENT-013,Logistics & Warehouse,Enterprise Operations,ORGANIZATIONAL-UNIT-LOG-TEAM-03,LOC-HUB,POS-568,Warehouse Assistant,Junior,Permanent,Active,EMP555,2023-04-01,1995-04-30,31,2055-04-30,NOT_DUE,2023-04-01,2023-07-01,2023-07-01,3,0,CONFIRMED,2023-07-11,COMPLETED,,,,,,60.6,41.0,77.3,Stable,98.5,2.9,No,NONE,,Additive synthetic operational layer based on existing 720-employee data,2026-08-01,0,,,NONE,,NONE,,,NONE,,,NONE,,,NONE,,,,0,,Active,DEPARTMENT-013,Logistics & Warehouse,Enterprise Operations,ORGANIZATIONAL-UNIT-LOG-TEAM-03,LOC-HUB,POS-568,Warehouse Assistant,Junior,Permanent,EMP555,,,
EMP582,Noor Sheikh,DEPARTMENT-013,Logistics & Warehouse,Enterprise Operations,ORGANIZATIONAL-UNIT-LOG-TEAM-03,LOC-HUB,POS-569,Warehouse Assistant,Junior,Permanent,Active,EMP542,2025-01-01,1997-06-28,29,2057-06-28,NOT_DUE,2025-01-01,2025-04-01,2025-04-01,3,0,CONFIRMED,2025-04-09,COMPLETED,,,,,,60.0,51.4,75.41,Stable,96.9,5.0,No,NONE,,Additive synthetic operational layer based on existing 720-employee data,2026-08-01,0,,,NONE,,NONE,,,NONE,,,NONE,,,NONE,,,,0,,Active,DEPARTMENT-013,Logistics & Warehouse,Enterprise Operations,ORGANIZATIONAL-UNIT-LOG-TEAM-03,LOC-HUB,POS-569,Warehouse Assistant,Junior,Permanent,EMP542,,,
EMP583,Noman Aziz,DEPARTMENT-013,Logistics & Warehouse,Enterprise Operations,ORGANIZATIONAL-UNIT-LOG-TEAM-03,LOC-HUB,POS-570,Logistics Intern,Intern,Internship,Probation,EMP543,2026-05-01,1999-07-13,27,2059-07-13,NOT_DUE,2026-05-01,2026-07-01,2026-09-01,2,1,ACTIVE,,EXTEND,,,,,,25.3,16.0,75.43,Stable,100.0,3.1,Yes,NONE,,Additive synthetic operational layer based on existing 720-employee data,2026-08-01,0,,,NONE,,NONE,,,NONE,,,NONE,,,NONE,,,,0,,Probation,DEPARTMENT-013,Logistics & Warehouse,Enterprise Operations,ORGANIZATIONAL-UNIT-LOG-TEAM-03,LOC-HUB,POS-570,Logistics Intern,Intern,Internship,EMP543,,,
EMP584,Zainab Munir,DEPARTMENT-013,Logistics & Warehouse,Enterprise Operations,ORGANIZATIONAL-UNIT-LOG-TEAM-02,LOC-HUB,POS-571,Logistics Intern,Intern,Internship,Probation,EMP544,2026-03-01,1999-10-12,26,2059-10-12,NOT_DUE,2026-03-01,2026-05-01,2026-07-01,2,1,OVERDUE,,EXTEND,,,,,,34.0,31.2,79.64,Improving,100.0,3.9,No,NONE,,Additive synthetic operational layer based on existing 720-employee data,2026-08-01,0,,,NONE,,NONE,,,NONE,,,NONE,,,NONE,,,,0,,Probation,DEPARTMENT-013,Logistics & Warehouse,Enterprise Operations,ORGANIZATIONAL-UNIT-LOG-TEAM-02,LOC-HUB,POS-571,Logistics Intern,Intern,Internship,EMP544,,,
EMP585,Bilal Abbasi,DEPARTMENT-013,Logistics & Warehouse,Enterprise Operations,ORGANIZATIONAL-UNIT-LOG-TEAM-03,LOC-HUB,POS-572,Logistics Intern,Intern,Internship,Probation,EMP545,2026-03-01,2003-02-02,23,2063-02-02,NOT_DUE,2026-03-01,2026-05-01,2026-06-01,2,1,OVERDUE,,CONFIRM,,,,,,39.1,36.0,85.36,Improving,100.0,4.5,No,NONE,,Additive synthetic operational layer based on existing 720-employee data,2026-08-01,0,,,NONE,,NONE,,,NONE,,,NONE,,,NONE,,,,0,,Probation,DEPARTMENT-013,Logistics & Warehouse,Enterprise Operations,ORGANIZATIONAL-UNIT-LOG-TEAM-03,LOC-HUB,POS-572,Logistics Intern,Intern,Internship,EMP545,,,
EMP586,Fahad Akhtar,DEPARTMENT-014,Production & Manufacturing,Industrial Operations,ORGANIZATIONAL-UNIT-PRD,LOC-PLANT,EXEC-PRD-HEAD,Head of Production and Manufacturing,Executive,Permanent,Active,,2011-03-01,1966-10-30,59,2026-10-30,DUE_180D,2011-03-01,2011-06-01,2011-06-01,3,0,CONFIRMED,2011-05-29,COMPLETED,,,,,,34.2,78.0,77.09,Stable,100.0,3.6,Yes,RETIREMENT,2026-10-30,Additive synthetic operational layer based on existing 720-employee data,2026-08-01,0,,,NONE,,PENDING,2026-11-06,HRACT-00287,NONE,,,NONE,,,NONE,,,,0,,Active,DEPARTMENT-014,Production & Manufacturing,Industrial Operations,ORGANIZATIONAL-UNIT-PRD,LOC-PLANT,EXEC-PRD-HEAD,Head of Production and Manufacturing,Executive,Permanent,,,,
EMP587,Noman Baig,DEPARTMENT-014,Production & Manufacturing,Industrial Operations,ORGANIZATIONAL-UNIT-PRD,LOC-PLANT,POS-573,Production Manager,Lead/Manager,Permanent,Active,EMP586,2019-09-01,1977-11-23,48,2037-11-23,NOT_DUE,2019-09-01,2019-12-01,2019-12-01,3,0,CONFIRMED,2019-12-10,COMPLETED,,,,,,69.0,68.8,78.22,Stable,100.0,3.4,Yes,NONE,,Additive synthetic operational layer based on existing 720-employee data,2026-08-01,0,,,NONE,,NONE,,,NONE,,,NONE,,,NONE,,,,0,,Active,DEPARTMENT-014,Production & Manufacturing,Industrial Operations,ORGANIZATIONAL-UNIT-PRD,LOC-PLANT,POS-573,Production Manager,Lead/Manager,Permanent,EMP586,,,
EMP588,Rabia Sultan,DEPARTMENT-014,Production & Manufacturing,Industrial Operations,ORGANIZATIONAL-UNIT-PRD,LOC-PLANT,POS-574,Production Manager,Lead/Manager,Permanent,Active,EMP586,2016-07-01,1983-10-04,42,2043-10-04,NOT_DUE,2016-07-01,2016-10-01,2016-10-01,3,0,CONFIRMED,2016-10-07,COMPLETED,,,,,,81.4,91.2,82.72,Stable,98.5,4.0,No,NONE,,Additive synthetic operational layer based on existing 720-employee data,2026-08-01,0,,,NONE,,NONE,,,NONE,,,NONE,,,NONE,,,,0,,Active,DEPARTMENT-014,Production & Manufacturing,Industrial Operations,ORGANIZATIONAL-UNIT-PRD,LOC-PLANT,POS-574,Production Manager,Lead/Manager,Permanent,EMP586,,,
EMP589,Adnan Nawaz,DEPARTMENT-014,Production & Manufacturing,Industrial Operations,ORGANIZATIONAL-UNIT-PRD,LOC-PLANT,POS-575,Production Manager,Lead/Manager,Permanent,Active,EMP586,2018-11-01,1978-09-28,47,2038-09-28,NOT_DUE,2018-11-01,2019-02-01,2019-02-01,3,0,CONFIRMED,2019-02-11,COMPLETED,,,,,,81.1,88.6,82.83,Stable,96.9,3.8,No,NONE,,Additive synthetic operational layer based on existing 720-employee data,2026-08-01,0,,,NONE,,NONE,,,NONE,,,NONE,,,NONE,,,,0,,Active,DEPARTMENT-014,Production & Manufacturing,Industrial Operations,ORGANIZATIONAL-UNIT-PRD,LOC-PLANT,POS-575,Production Manager,Lead/Manager,Permanent,EMP586,,,
EMP590,Taha Ali,DEPARTMENT-014,Production & Manufacturing,Industrial Operations,ORGANIZATIONAL-UNIT-PRD,LOC-PLANT,POS-576,Production Manager,Lead/Manager,Permanent,Active,EMP586,2015-10-01,1975-03-13,51,2035-03-13,NOT_DUE,2015-10-01,2016-01-01,2016-01-01,3,0,CONFIRMED,2016-01-05,COMPLETED,,,,,,81.1,92.4,82.84,Stable,96.9,3.8,Yes,NONE,,Additive synthetic operational layer based on existing 720-employee data,2026-08-01,0,,,NONE,,NONE,,,NONE,,,NONE,,,NONE,,,,0,,Active,DEPARTMENT-014,Production & Manufacturing,Industrial Operations,ORGANIZATIONAL-UNIT-PRD,LOC-PLANT,POS-576,Production Manager,Lead/Manager,Permanent,EMP586,,,
EMP591,Adnan Hameed,DEPARTMENT-014,Production & Manufacturing,Industrial Operations,ORGANIZATIONAL-UNIT-PRD,LOC-PLANT,POS-577,Production Manager,Lead/Manager,Contract,Active,EMP586,2012-06-01,1977-03-03,49,2037-03-03,NOT_DUE,2012-06-01,2012-09-01,2012-09-01,3,0,CONFIRMED,2012-08-30,COMPLETED,2026-06-01,2027-05-31,12,14,ACTIVE,77.8,92.4,78.39,Stable,100.0,3.7,No,NONE,,Additive synthetic operational layer based on existing 720-employee data,2026-08-01,0,,,NONE,,NONE,,,NONE,,,NONE,,,NONE,,,,0,,Active,DEPARTMENT-014,Production & Manufacturing,Industrial Operations,ORGANIZATIONAL-UNIT-PRD,LOC-PLANT,POS-577,Production Manager,Lead/Manager,Contract,EMP586,,,
EMP592,Hamza Qureshi,DEPARTMENT-014,Production & Manufacturing,Industrial Operations,ORGANIZATIONAL-UNIT-PRD,LOC-PLANT,POS-578,Production Manager,Lead/Manager,Permanent,Active,EMP586,2020-04-01,1982-02-24,44,2042-02-24,NOT_DUE,2020-04-01,2020-07-01,2020-07-01,3,0,CONFIRMED,2020-07-04,COMPLETED,,,,,,76.9,92.4,79.79,Stable,95.4,3.9,No,NONE,,Additive synthetic operational layer based on existing 720-employee data,2026-08-01,0,,,NONE,,NONE,,,NONE,,,NONE,,,NONE,,,,0,,Active,DEPARTMENT-014,Production & Manufacturing,Industrial Operations,ORGANIZATIONAL-UNIT-PRD,LOC-PLANT,POS-578,Production Manager,Lead/Manager,Permanent,EMP586,,,
EMP593,Maha Saeed,DEPARTMENT-014,Production & Manufacturing,Industrial Operations,ORGANIZATIONAL-UNIT-PRD-TEAM-03,LOC-PLANT,POS-579,Senior Production Supervisor,Senior,Permanent,Active,EMP592,2015-09-01,1983-05-20,43,2043-05-20,NOT_DUE,2015-09-01,2015-12-01,2015-12-01,3,0,CONFIRMED,2015-12-08,COMPLETED,,,,,,81.8,85.6,85.28,Stable,100.0,3.3,No,NONE,,Additive synthetic operational layer based on existing 720-employee data,2026-08-01,0,,,NONE,,NONE,,,NONE,,,NONE,,,NONE,,,,0,,Active,DEPARTMENT-014,Production & Manufacturing,Industrial Operations,ORGANIZATIONAL-UNIT-PRD-TEAM-03,LOC-PLANT,POS-579,Senior Production Supervisor,Senior,Permanent,EMP592,,,
EMP594,Raza Mirza,DEPARTMENT-014,Production & Manufacturing,Industrial Operations,ORGANIZATIONAL-UNIT-PRD-TEAM-03,LOC-PLANT,POS-580,Senior Production Supervisor,Senior,Permanent,Active,EMP587,2016-10-01,1987-01-11,39,2047-01-11,NOT_DUE,2016-10-01,2017-01-01,2017-01-01,3,0,CONFIRMED,2017-01-04,COMPLETED,,,,,,67.9,80.6,72.34,Stable,100.0,3.9,No,NONE,,Additive synthetic operational layer based on existing 720-employee data,2026-08-01,0,,,NONE,,NONE,,,NONE,,,NONE,,,NONE,,,,0,,Active,DEPARTMENT-014,Production & Manufacturing,Industrial Operations,ORGANIZATIONAL-UNIT-PRD-TEAM-03,LOC-PLANT,POS-580,Senior Production Supervisor,Senior,Permanent,EMP587,,,
EMP595,Noman Dar,DEPARTMENT-014,Production & Manufacturing,Industrial Operations,ORGANIZATIONAL-UNIT-PRD-TEAM-03,LOC-PLANT,POS-581,Senior Production Supervisor,Senior,Permanent,Active,EMP588,2017-02-01,1981-09-19,44,2041-09-19,NOT_DUE,2017-02-01,2017-05-01,2017-05-01,3,0,CONFIRMED,2017-04-28,COMPLETED,,,,,,74.7,64.0,83.97,Stable,92.3,3.2,No,NONE,,Additive synthetic operational layer based on existing 720-employee data,2026-08-01,0,,,NONE,,NONE,,,NONE,,,NONE,,,NONE,,,,0,,Active,DEPARTMENT-014,Production & Manufacturing,Industrial Operations,ORGANIZATIONAL-UNIT-PRD-TEAM-03,LOC-PLANT,POS-581,Senior Production Supervisor,Senior,Permanent,EMP588,,,
EMP596,Laiba Yousaf,DEPARTMENT-014,Production & Manufacturing,Industrial Operations,ORGANIZATIONAL-UNIT-PRD-TEAM-02,LOC-PLANT,POS-582,Senior Production Supervisor,Senior,Permanent,Active,EMP589,2018-03-01,1985-08-21,40,2045-08-21,NOT_DUE,2018-03-01,2018-06-01,2018-06-01,3,0,CONFIRMED,2018-05-29,COMPLETED,,,,,,69.8,91.0,81.64,Declining,95.4,3.6,Yes,NONE,,Additive synthetic operational layer based on existing 720-employee data,2026-08-01,0,,,NONE,,NONE,,,NONE,,,NONE,,,NONE,,,,0,,Active,DEPARTMENT-014,Production & Manufacturing,Industrial Operations,ORGANIZATIONAL-UNIT-PRD-TEAM-02,LOC-PLANT,POS-582,Senior Production Supervisor,Senior,Permanent,EMP589,,,
EMP597,Raza Ali,DEPARTMENT-014,Production & Manufacturing,Industrial Operations,ORGANIZATIONAL-UNIT-PRD-TEAM-02,LOC-PLANT,POS-583,Senior Production Supervisor,Senior,Permanent,Active,EMP590,2015-04-01,1977-03-22,49,2037-03-22,NOT_DUE,2015-04-01,2015-07-01,2015-07-01,3,0,CONFIRMED,2015-07-10,COMPLETED,,,,,,72.5,60.4,81.38,Stable,98.5,2.9,Yes,NONE,,Additive synthetic operational layer based on existing 720-employee data,2026-08-01,0,,,NONE,,NONE,,,NONE,,,NONE,,,NONE,,,,0,,Active,DEPARTMENT-014,Production & Manufacturing,Industrial Operations,ORGANIZATIONAL-UNIT-PRD-TEAM-02,LOC-PLANT,POS-583,Senior Production Supervisor,Senior,Permanent,EMP590,,,
EMP598,Asad Riaz,DEPARTMENT-014,Production & Manufacturing,Industrial Operations,ORGANIZATIONAL-UNIT-PRD-TEAM-03,LOC-PLANT,POS-584,Senior Production Supervisor,Senior,Permanent,Active,EMP591,2017-02-01,1984-07-30,42,2044-07-30,NOT_DUE,2017-02-01,2017-05-01,2017-05-01,3,0,CONFIRMED,2017-04-24,COMPLETED,,,,,,71.0,74.4,75.27,Stable,96.9,4.4,No,NONE,,Additive synthetic operational layer based on existing 720-employee data,2026-08-01,0,,,NONE,,NONE,,,NONE,,,NONE,,,NONE,,,,0,,Active,DEPARTMENT-014,Production & Manufacturing,Industrial Operations,ORGANIZATIONAL-UNIT-PRD-TEAM-03,LOC-PLANT,POS-584,Senior Production Supervisor,Senior,Permanent,EMP591,,,
EMP599,Maryam Nawaz,DEPARTMENT-014,Production & Manufacturing,Industrial Operations,ORGANIZATIONAL-UNIT-PRD-TEAM-02,LOC-PLANT,POS-585,Senior Production Supervisor,Senior,Permanent,Active,EMP592,2019-08-01,1987-12-22,38,2047-12-22,NOT_DUE,2019-08-01,2019-11-01,2019-11-01,3,0,CONFIRMED,2019-11-08,COMPLETED,,,,,,82.3,82.6,88.57,Stable,95.4,3.6,Yes,NONE,,Additive synthetic operational layer based on existing 720-employee data,2026-08-01,0,,,NONE,,NONE,,,NONE,,,NONE,,,NONE,,,,0,,Active,DEPARTMENT-014,Production & Manufacturing,Industrial Operations,ORGANIZATIONAL-UNIT-PRD-TEAM-02,LOC-PLANT,POS-585,Senior Production Supervisor,Senior,Permanent,EMP592,,,
EMP600,Usman Saleem,DEPARTMENT-014,Production & Manufacturing,Industrial Operations,ORGANIZATIONAL-UNIT-PRD-TEAM-01,LOC-PLANT,POS-586,Senior Production Supervisor,Senior,Permanent,Active,EMP587,2017-12-01,1981-07-14,45,2041-07-14,NOT_DUE,2017-12-01,2018-03-01,2018-03-01,3,0,CONFIRMED,2018-02-26,COMPLETED,,,,,,64.9,70.0,80.6,Stable,98.5,3.1,Yes,NONE,,Additive synthetic operational layer based on existing 720-employee data,2026-08-01,0,,,NONE,,NONE,,,NONE,,,NONE,,,NONE,,,,0,,Active,DEPARTMENT-014,Production & Manufacturing,Industrial Operations,ORGANIZATIONAL-UNIT-PRD-TEAM-01,LOC-PLANT,POS-586,Senior Production Supervisor,Senior,Permanent,EMP587,,,
EMP601,Danish Javed,DEPARTMENT-014,Production & Manufacturing,Industrial Operations,ORGANIZATIONAL-UNIT-PRD-TEAM-03,LOC-PLANT,POS-587,Production Technician,Mid,Permanent,Active,EMP588,2022-02-01,1993-01-01,33,2053-01-01,NOT_DUE,2022-02-01,2022-05-01,2022-05-01,3,0,CONFIRMED,2022-04-24,COMPLETED,,,,,,78.3,73.2,82.26,Improving,100.0,4.3,No,NONE,,Additive synthetic operational layer based on existing 720-employee data,2026-08-01,0,,,NONE,,NONE,,,NONE,,,NONE,,,NONE,,,,0,,Active,DEPARTMENT-014,Production & Manufacturing,Industrial Operations,ORGANIZATIONAL-UNIT-PRD-TEAM-03,LOC-PLANT,POS-587,Production Technician,Mid,Permanent,EMP588,,,
EMP602,Noor Baig,DEPARTMENT-014,Production & Manufacturing,Industrial Operations,ORGANIZATIONAL-UNIT-PRD-TEAM-01,LOC-PLANT,POS-588,Production Technician,Mid,Permanent,Active,EMP589,2020-10-01,1992-06-30,34,2052-06-30,NOT_DUE,2020-10-01,2021-01-01,2021-01-01,3,0,CONFIRMED,2020-12-25,COMPLETED,,,,,,60.7,65.2,71.36,Stable,98.5,3.1,No,NONE,,Additive synthetic operational layer based on existing 720-employee data,2026-08-01,0,,,NONE,,NONE,,,NONE,,,SCHEDULED,POS-762,2026-09-24,NONE,,,,0,,Active,DEPARTMENT-014,Production & Manufacturing,Industrial Operations,ORGANIZATIONAL-UNIT-PRD-TEAM-01,LOC-PLANT,POS-588,Production Technician,Mid,Permanent,EMP589,,,
EMP603,Ayesha Qureshi,DEPARTMENT-014,Production & Manufacturing,Industrial Operations,ORGANIZATIONAL-UNIT-PRD-TEAM-03,LOC-PLANT,POS-589,Production Technician,Mid,Permanent,Active,EMP590,2021-11-01,1989-12-26,36,2049-12-26,NOT_DUE,2021-11-01,2022-02-01,2022-02-01,3,0,CONFIRMED,2022-01-25,COMPLETED,,,,,,86.5,86.4,89.62,Improving,100.0,4.1,No,NONE,,Additive synthetic operational layer based on existing 720-employee data,2026-08-01,0,,,NONE,,NONE,,,NONE,,,NONE,,,NONE,,,,0,,Active,DEPARTMENT-014,Production & Manufacturing,Industrial Operations,ORGANIZATIONAL-UNIT-PRD-TEAM-03,LOC-PLANT,POS-589,Production Technician,Mid,Permanent,EMP590,,,
EMP604,Saba Shah,DEPARTMENT-014,Production & Manufacturing,Industrial Operations,ORGANIZATIONAL-UNIT-PRD-TEAM-02,LOC-PLANT,POS-590,Production Technician,Mid,Contract,Active,EMP591,2019-08-01,1990-07-18,36,2050-07-18,NOT_DUE,2019-08-01,2019-11-01,2019-11-01,3,0,CONFIRMED,2019-11-02,COMPLETED,2026-08-01,2027-07-31,12,7,ACTIVE,64.2,75.6,81.71,Declining,93.8,4.3,No,NONE,,Additive synthetic operational layer based on existing 720-employee data,2026-08-01,0,,,NONE,,NONE,,,NONE,,,NONE,,,NONE,,,,0,,Active,DEPARTMENT-014,Production & Manufacturing,Industrial Operations,ORGANIZATIONAL-UNIT-PRD-TEAM-02,LOC-PLANT,POS-590,Production Technician,Mid,Contract,EMP591,,,
EMP605,Areeba Riaz,DEPARTMENT-014,Production & Manufacturing,Industrial Operations,ORGANIZATIONAL-UNIT-PRD-TEAM-02,LOC-PLANT,POS-591,Production Technician,Mid,Contract,Active,EMP592,2020-07-01,1991-08-12,34,2051-08-12,NOT_DUE,2020-07-01,2020-10-01,2020-10-01,3,0,CONFIRMED,2020-10-11,COMPLETED,2026-07-01,2027-06-30,12,6,ACTIVE,81.0,66.4,91.33,Improving,96.9,2.7,No,NONE,,Additive synthetic operational layer based on existing 720-employee data,2026-08-01,0,,,NONE,,NONE,,,NONE,,,NONE,,,NONE,,,,0,,Active,DEPARTMENT-014,Production & Manufacturing,Industrial Operations,ORGANIZATIONAL-UNIT-PRD-TEAM-02,LOC-PLANT,POS-591,Production Technician,Mid,Contract,EMP592,,,
EMP606,Mahnoor Saeed,DEPARTMENT-014,Production & Manufacturing,Industrial Operations,ORGANIZATIONAL-UNIT-PRD-TEAM-03,LOC-PLANT,POS-592,Production Technician,Mid,Permanent,Active,EMP587,2024-02-01,1996-11-24,29,2056-11-24,NOT_DUE,2024-02-01,2024-05-01,2024-05-01,3,0,CONFIRMED,2024-04-29,COMPLETED,,,,,,67.0,91.0,86.5,Declining,100.0,3.7,No,NONE,,Additive synthetic operational layer based on existing 720-employee data,2026-08-01,0,,,NONE,,NONE,,,NONE,,,NONE,,,NONE,,,,0,,Active,DEPARTMENT-014,Production & Manufacturing,Industrial Operations,ORGANIZATIONAL-UNIT-PRD-TEAM-03,LOC-PLANT,POS-592,Production Technician,Mid,Permanent,EMP587,,,
EMP607,Maryam Saeed,DEPARTMENT-014,Production & Manufacturing,Industrial Operations,ORGANIZATIONAL-UNIT-PRD-TEAM-03,LOC-PLANT,POS-593,Production Technician,Mid,Permanent,Active,EMP588,2024-12-01,1994-09-24,31,2054-09-24,NOT_DUE,2024-12-01,2025-03-01,2025-03-01,3,0,CONFIRMED,2025-03-11,COMPLETED,,,,,,67.2,68.8,80.55,Stable,100.0,3.2,No,NONE,,Additive synthetic operational layer based on existing 720-employee data,2026-08-01,0,,,NONE,,NONE,,,NONE,,,NONE,,,NONE,,,,0,,Active,DEPARTMENT-014,Production & Manufacturing,Industrial Operations,ORGANIZATIONAL-UNIT-PRD-TEAM-03,LOC-PLANT,POS-593,Production Technician,Mid,Permanent,EMP588,,,
EMP608,Sidra Khan,DEPARTMENT-014,Production & Manufacturing,Industrial Operations,ORGANIZATIONAL-UNIT-PRD-TEAM-03,LOC-PLANT,POS-594,Production Technician,Mid,Permanent,Active,EMP589,2021-09-01,1989-12-10,36,2049-12-10,NOT_DUE,2021-09-01,2021-12-01,2021-12-01,3,0,CONFIRMED,2021-12-03,COMPLETED,,,,,,81.1,88.6,81.47,Improving,100.0,4.6,Yes,NONE,,Additive synthetic operational layer based on existing 720-employee data,2026-08-01,0,,,NONE,,NONE,,,NONE,,,NONE,,,NONE,,,,0,,Active,DEPARTMENT-014,Production & Manufacturing,Industrial Operations,ORGANIZATIONAL-UNIT-PRD-TEAM-03,LOC-PLANT,POS-594,Production Technician,Mid,Permanent,EMP589,,,
EMP609,Laiba Iqbal,DEPARTMENT-014,Production & Manufacturing,Industrial Operations,ORGANIZATIONAL-UNIT-PRD-TEAM-01,LOC-PLANT,POS-595,Production Technician,Mid,Permanent,Active,EMP590,2024-01-01,1993-07-20,33,2053-07-20,NOT_DUE,2024-01-01,2024-04-01,2024-04-01,3,0,CONFIRMED,2024-04-12,COMPLETED,,,,,,69.5,81.8,81.11,Stable,100.0,3.7,Yes,NONE,,Additive synthetic operational layer based on existing 720-employee data,2026-08-01,0,,,NONE,,NONE,,,NONE,,,NONE,,,NONE,,,,0,,Active,DEPARTMENT-014,Production & Manufacturing,Industrial Operations,ORGANIZATIONAL-UNIT-PRD-TEAM-01,LOC-PLANT,POS-595,Production Technician,Mid,Permanent,EMP590,,,
EMP610,Junaid Latif,DEPARTMENT-014,Production & Manufacturing,Industrial Operations,ORGANIZATIONAL-UNIT-PRD-TEAM-03,LOC-PLANT,POS-596,Production Technician,Mid,Permanent,Active,EMP591,2019-02-01,1991-01-22,35,2051-01-22,NOT_DUE,2019-02-01,2019-05-01,2019-05-01,3,0,CONFIRMED,2019-04-28,COMPLETED,,,,,,70.0,73.2,75.66,Improving,100.0,4.0,No,NONE,,Additive synthetic operational layer based on existing 720-employee data,2026-08-01,0,,,NONE,,NONE,,,NONE,,,NONE,,,NONE,,,,0,,Active,DEPARTMENT-014,Production & Manufacturing,Industrial Operations,ORGANIZATIONAL-UNIT-PRD-TEAM-03,LOC-PLANT,POS-596,Production Technician,Mid,Permanent,EMP591,,,
EMP611,Omar Mahmood,DEPARTMENT-014,Production & Manufacturing,Industrial Operations,ORGANIZATIONAL-UNIT-PRD-TEAM-03,LOC-PLANT,POS-597,Production Technician,Mid,Permanent,Active,EMP592,2020-04-01,1993-03-26,33,2053-03-26,NOT_DUE,2020-04-01,2020-07-01,2020-07-01,3,0,CONFIRMED,2020-07-12,COMPLETED,,,,,,80.1,83.8,82.25,Stable,96.9,3.5,Yes,NONE,,Additive synthetic operational layer based on existing 720-employee data,2026-08-01,0,,,NONE,,NONE,,,NONE,,,NONE,,,NONE,,,,0,,Active,DEPARTMENT-014,Production & Manufacturing,Industrial Operations,ORGANIZATIONAL-UNIT-PRD-TEAM-03,LOC-PLANT,POS-597,Production Technician,Mid,Permanent,EMP592,,,
EMP612,Hassan Khalid,DEPARTMENT-014,Production & Manufacturing,Industrial Operations,ORGANIZATIONAL-UNIT-PRD-TEAM-01,LOC-PLANT,POS-598,Production Technician,Mid,Permanent,Active,EMP587,2021-07-01,1993-06-14,33,2053-06-14,NOT_DUE,2021-07-01,2021-10-01,2021-10-01,3,0,CONFIRMED,2021-10-08,COMPLETED,,,,,,80.5,72.6,90.39,Improving,100.0,2.4,Yes,NONE,,Additive synthetic operational layer based on existing 720-employee data,2026-08-01,0,,,NONE,,NONE,,,NONE,,,NONE,,,NONE,,,,0,,Active,DEPARTMENT-014,Production & Manufacturing,Industrial Operations,ORGANIZATIONAL-UNIT-PRD-TEAM-01,LOC-PLANT,POS-598,Production Technician,Mid,Permanent,EMP587,,,
EMP613,Sidra Saeed,DEPARTMENT-014,Production & Manufacturing,Industrial Operations,ORGANIZATIONAL-UNIT-PRD-TEAM-03,LOC-PLANT,POS-599,Production Technician,Mid,Contract,Active,EMP588,2020-10-01,1992-04-04,34,2052-04-04,NOT_DUE,2020-10-01,2021-01-01,2021-01-01,3,0,CONFIRMED,2021-01-01,COMPLETED,2025-10-01,2026-09-30,12,5,EXPIRING_90D,69.1,78.0,78.98,Stable,95.4,3.9,Yes,CONTRACT_END,2026-09-30,Additive synthetic operational layer based on existing 720-employee data,2026-08-01,0,,,NON_RENEW,2026-09-30,PENDING,2026-10-07,HRACT-00286,NONE,,,NONE,,,NONE,,,,0,,Active,DEPARTMENT-014,Production & Manufacturing,Industrial Operations,ORGANIZATIONAL-UNIT-PRD-TEAM-03,LOC-PLANT,POS-599,Production Technician,Mid,Contract,EMP588,,,
EMP614,Asad Rashid,DEPARTMENT-014,Production & Manufacturing,Industrial Operations,ORGANIZATIONAL-UNIT-PRD-TEAM-02,LOC-PLANT,POS-600,Production Technician,Mid,Permanent,Active,EMP589,2025-04-01,1998-09-11,27,2058-09-11,NOT_DUE,2025-04-01,2025-07-01,2025-07-01,3,0,CONFIRMED,2025-06-24,COMPLETED,,,,,,66.1,74.4,78.7,Stable,95.4,3.7,No,NONE,,Additive synthetic operational layer based on existing 720-employee data,2026-08-01,0,,,NONE,,NONE,,,NONE,,,NONE,,,NONE,,,,0,,Active,DEPARTMENT-014,Production & Manufacturing,Industrial Operations,ORGANIZATIONAL-UNIT-PRD-TEAM-02,LOC-PLANT,POS-600,Production Technician,Mid,Permanent,EMP589,,,
EMP615,Waqas Munir,DEPARTMENT-014,Production & Manufacturing,Industrial Operations,ORGANIZATIONAL-UNIT-PRD-TEAM-02,LOC-PLANT,POS-601,Production Operator,Junior,Permanent,Active,EMP592,2025-04-01,1999-01-21,27,2059-01-21,NOT_DUE,2025-04-01,2025-07-01,2025-07-01,3,0,CONFIRMED,2025-07-03,COMPLETED,,,,,,62.5,50.8,84.88,Stable,93.8,3.1,No,NONE,,Additive synthetic operational layer based on existing 720-employee data,2026-08-01,0,,,NONE,,NONE,,,NONE,,,NONE,,,NONE,,,,0,,Active,DEPARTMENT-014,Production & Manufacturing,Industrial Operations,ORGANIZATIONAL-UNIT-PRD-TEAM-02,LOC-PLANT,POS-601,Production Operator,Junior,Permanent,EMP592,,,
EMP616,Rabia Sheikh,DEPARTMENT-014,Production & Manufacturing,Industrial Operations,ORGANIZATIONAL-UNIT-PRD-TEAM-03,LOC-PLANT,POS-602,Production Operator,Junior,Permanent,Active,EMP593,2025-02-01,1999-05-25,27,2059-05-25,NOT_DUE,2025-02-01,2025-05-01,2025-05-01,3,0,CONFIRMED,2025-05-06,COMPLETED,,,,,,67.9,57.6,90.65,Stable,95.4,4.0,Yes,NONE,,Additive synthetic operational layer based on existing 720-employee data,2026-08-01,0,,,NONE,,NONE,,,NONE,,,NONE,,,NONE,,,,0,,Active,DEPARTMENT-014,Production & Manufacturing,Industrial Operations,ORGANIZATIONAL-UNIT-PRD-TEAM-03,LOC-PLANT,POS-602,Production Operator,Junior,Permanent,EMP593,,,
EMP617,Anusha Hussain,DEPARTMENT-014,Production & Manufacturing,Industrial Operations,ORGANIZATIONAL-UNIT-PRD-TEAM-02,LOC-PLANT,POS-603,Production Operator,Junior,Contract,Probation,EMP594,2026-04-01,1997-10-13,28,2057-10-13,NOT_DUE,2026-04-01,2026-07-01,2026-08-01,3,1,DUE_SOON,,CONFIRM,2026-04-01,2027-03-31,12,0,ACTIVE,29.3,16.0,81.2,Stable,95.4,3.0,No,NONE,,Additive synthetic operational layer based on existing 720-employee data,2026-08-01,0,,,NONE,,NONE,,,NONE,,,NONE,,,NONE,,,,0,,Probation,DEPARTMENT-014,Production & Manufacturing,Industrial Operations,ORGANIZATIONAL-UNIT-PRD-TEAM-02,LOC-PLANT,POS-603,Production Operator,Junior,Contract,EMP594,,,
EMP618,Ali Malik,DEPARTMENT-014,Production & Manufacturing,Industrial Operations,ORGANIZATIONAL-UNIT-PRD-TEAM-02,LOC-PLANT,POS-604,Production Operator,Junior,Permanent,Active,EMP595,2024-02-01,1997-12-09,28,2057-12-09,NOT_DUE,2024-02-01,2024-05-01,2024-05-01,3,0,CONFIRMED,2024-04-25,COMPLETED,,,,,,61.3,43.4,80.16,Stable,93.8,3.4,No,NONE,,Additive synthetic operational layer based on existing 720-employee data,2026-08-01,0,,,NONE,,NONE,,,NONE,,,NONE,,,NONE,,,,0,,Active,DEPARTMENT-014,Production & Manufacturing,Industrial Operations,ORGANIZATIONAL-UNIT-PRD-TEAM-02,LOC-PLANT,POS-604,Production Operator,Junior,Permanent,EMP595,,,
EMP619,Kashif Ansari,DEPARTMENT-014,Production & Manufacturing,Industrial Operations,ORGANIZATIONAL-UNIT-PRD-TEAM-03,LOC-PLANT,POS-605,Production Operator,Junior,Permanent,Active,EMP596,2023-09-01,1995-09-09,30,2055-09-09,NOT_DUE,2023-09-01,2023-12-01,2023-12-01,3,0,CONFIRMED,2023-12-01,COMPLETED,,,,,,61.8,57.6,80.06,Stable,100.0,4.2,No,NONE,,Additive synthetic operational layer based on existing 720-employee data,2026-08-01,0,,,NONE,,NONE,,,NONE,,,NONE,,,NONE,,,,0,,Active,DEPARTMENT-014,Production & Manufacturing,Industrial Operations,ORGANIZATIONAL-UNIT-PRD-TEAM-03,LOC-PLANT,POS-605,Production Operator,Junior,Permanent,EMP596,,,
EMP620,Iqra Ansari,DEPARTMENT-014,Production & Manufacturing,Industrial Operations,ORGANIZATIONAL-UNIT-PRD-TEAM-02,LOC-PLANT,POS-606,Production Operator,Junior,Permanent,Active,EMP597,2025-04-01,2000-08-10,25,2060-08-10,NOT_DUE,2025-04-01,2025-07-01,2025-07-01,3,0,CONFIRMED,2025-07-13,COMPLETED,,,,,,69.8,49.0,86.82,Improving,95.4,3.7,No,NONE,,Additive synthetic operational layer based on existing 720-employee data,2026-08-01,0,,,NONE,,NONE,,,NONE,,,NONE,,,NONE,,,,0,,Active,DEPARTMENT-014,Production & Manufacturing,Industrial Operations,ORGANIZATIONAL-UNIT-PRD-TEAM-02,LOC-PLANT,POS-606,Production Operator,Junior,Permanent,EMP597,,,
EMP621,Usman Malik,DEPARTMENT-014,Production & Manufacturing,Industrial Operations,ORGANIZATIONAL-UNIT-PRD-TEAM-03,LOC-PLANT,POS-607,Production Operator,Junior,Permanent,Active,EMP598,2026-02-01,1996-09-19,29,2056-09-19,NOT_DUE,2026-02-01,2026-05-01,2026-05-01,3,0,CONFIRMED,2026-04-26,COMPLETED,,,,,,62.2,52.6,83.06,Stable,96.9,3.8,No,NONE,,Additive synthetic operational layer based on existing 720-employee data,2026-08-01,0,,,NONE,,NONE,,,NONE,,,NONE,,,NONE,,,,0,,Active,DEPARTMENT-014,Production & Manufacturing,Industrial Operations,ORGANIZATIONAL-UNIT-PRD-TEAM-03,LOC-PLANT,POS-607,Production Operator,Junior,Permanent,EMP598,,,
EMP622,Omar Latif,DEPARTMENT-014,Production & Manufacturing,Industrial Operations,ORGANIZATIONAL-UNIT-PRD-TEAM-03,LOC-PLANT,POS-608,Production Operator,Junior,Permanent,Active,EMP599,2025-02-01,1994-01-15,32,2054-01-15,NOT_DUE,2025-02-01,2025-05-01,2025-05-01,3,0,CONFIRMED,2025-04-26,COMPLETED,,,,,,66.8,58.8,89.36,Stable,89.2,3.6,Yes,NONE,,Additive synthetic operational layer based on existing 720-employee data,2026-08-01,0,,,NONE,,NONE,,,NONE,,,NONE,,,NONE,,,,0,,Active,DEPARTMENT-014,Production & Manufacturing,Industrial Operations,ORGANIZATIONAL-UNIT-PRD-TEAM-03,LOC-PLANT,POS-608,Production Operator,Junior,Permanent,EMP599,,,
EMP623,Ayesha Hussain,DEPARTMENT-014,Production & Manufacturing,Industrial Operations,ORGANIZATIONAL-UNIT-PRD-TEAM-02,LOC-PLANT,POS-609,Production Operator,Junior,Permanent,Active,EMP600,2025-03-01,1996-01-28,30,2056-01-28,NOT_DUE,2025-03-01,2025-06-01,2025-06-01,3,0,CONFIRMED,2025-06-14,COMPLETED,,,,,,48.6,54.0,75.83,Declining,95.4,4.4,No,NONE,,Additive synthetic operational layer based on existing 720-employee data,2026-08-01,0,,,NONE,,NONE,,,NONE,,,NONE,,,NONE,,,,0,,Active,DEPARTMENT-014,Production & Manufacturing,Industrial Operations,ORGANIZATIONAL-UNIT-PRD-TEAM-02,LOC-PLANT,POS-609,Production Operator,Junior,Permanent,EMP600,,,
EMP624,Eman Sheikh,DEPARTMENT-014,Production & Manufacturing,Industrial Operations,ORGANIZATIONAL-UNIT-PRD-TEAM-01,LOC-PLANT,POS-610,Production Operator,Junior,Permanent,Active,EMP587,2025-02-01,1997-03-08,29,2057-03-08,NOT_DUE,2025-02-01,2025-05-01,2025-05-01,3,0,CONFIRMED,2025-04-30,COMPLETED,,,,,,64.8,50.2,81.49,Improving,93.8,3.5,Yes,NONE,,Additive synthetic operational layer based on existing 720-employee data,2026-08-01,0,,,NONE,,NONE,,,NONE,,,NONE,,,NONE,,,,0,,Active,DEPARTMENT-014,Production & Manufacturing,Industrial Operations,ORGANIZATIONAL-UNIT-PRD-TEAM-01,LOC-PLANT,POS-610,Production Operator,Junior,Permanent,EMP587,,,
EMP625,Arham Ahmed,DEPARTMENT-014,Production & Manufacturing,Industrial Operations,ORGANIZATIONAL-UNIT-PRD-TEAM-03,LOC-PLANT,POS-611,Production Operator,Junior,Permanent,Active,EMP588,2024-02-01,1998-04-11,28,2058-04-11,NOT_DUE,2024-02-01,2024-05-01,2024-05-01,3,0,CONFIRMED,2024-05-09,COMPLETED,,,,,,64.7,52.6,79.65,Improving,95.4,3.5,No,NONE,,Additive synthetic operational layer based on existing 720-employee data,2026-08-01,0,,,NONE,,NONE,,,NONE,,,NONE,,,NONE,,,,0,,Active,DEPARTMENT-014,Production & Manufacturing,Industrial Operations,ORGANIZATIONAL-UNIT-PRD-TEAM-03,LOC-PLANT,POS-611,Production Operator,Junior,Permanent,EMP588,,,
EMP626,Shahzaib Mughal,DEPARTMENT-014,Production & Manufacturing,Industrial Operations,ORGANIZATIONAL-UNIT-PRD-TEAM-01,LOC-PLANT,POS-612,Production Operator,Junior,Contract,Active,EMP589,2023-12-01,1995-08-05,30,2055-08-05,NOT_DUE,2023-12-01,2024-03-01,2024-03-01,3,0,CONFIRMED,2024-03-03,COMPLETED,2025-12-01,2026-11-30,12,2,ACTIVE,66.6,56.2,89.91,Stable,95.4,3.6,No,NONE,,Additive synthetic operational layer based on existing 720-employee data,2026-08-01,0,,,NONE,,NONE,,,NONE,,,NONE,,,NONE,,,,0,,Active,DEPARTMENT-014,Production & Manufacturing,Industrial Operations,ORGANIZATIONAL-UNIT-PRD-TEAM-01,LOC-PLANT,POS-612,Production Operator,Junior,Contract,EMP589,,,
EMP627,Mahnoor Ismail,DEPARTMENT-014,Production & Manufacturing,Industrial Operations,ORGANIZATIONAL-UNIT-PRD-TEAM-01,LOC-PLANT,POS-613,Production Operator,Junior,Permanent,Active,EMP590,2023-05-01,1998-11-06,27,2058-11-06,NOT_DUE,2023-05-01,2023-08-01,2023-08-01,3,0,CONFIRMED,2023-07-30,COMPLETED,,,,,,64.9,49.0,81.44,Stable,98.5,4.2,No,NONE,,Additive synthetic operational layer based on existing 720-employee data,2026-08-01,0,,,NONE,,NONE,,,NONE,,,NONE,,,NONE,,,,0,,Active,DEPARTMENT-014,Production & Manufacturing,Industrial Operations,ORGANIZATIONAL-UNIT-PRD-TEAM-01,LOC-PLANT,POS-613,Production Operator,Junior,Permanent,EMP590,,,
EMP628,Raza Hameed,DEPARTMENT-014,Production & Manufacturing,Industrial Operations,ORGANIZATIONAL-UNIT-PRD-TEAM-03,LOC-PLANT,POS-614,Production Intern,Intern,Internship,Active,EMP591,2025-08-01,1999-08-12,26,2059-08-12,NOT_DUE,,,,,0,NOT_APPLICABLE,,,,,,,,33.9,49.0,86.38,Stable,98.5,3.5,No,NONE,,Additive synthetic operational layer based on existing 720-employee data,2026-08-01,0,,,NONE,,NONE,,,NONE,,,NONE,,,NONE,,,,0,,Active,DEPARTMENT-014,Production & Manufacturing,Industrial Operations,ORGANIZATIONAL-UNIT-PRD-TEAM-03,LOC-PLANT,POS-614,Production Intern,Intern,Internship,EMP591,,,
EMP629,Bilal Malik,DEPARTMENT-014,Production & Manufacturing,Industrial Operations,ORGANIZATIONAL-UNIT-PRD-TEAM-01,LOC-PLANT,POS-615,Production Intern,Intern,Internship,Active,EMP592,2026-05-01,2001-03-19,25,2061-03-19,NOT_DUE,,,,,0,NOT_APPLICABLE,,,,,,,,33.9,51.4,83.75,Stable,96.9,4.5,No,NONE,,Additive synthetic operational layer based on existing 720-employee data,2026-08-01,0,,,NONE,,NONE,,,NONE,,,NONE,,,NONE,,,,0,,Active,DEPARTMENT-014,Production & Manufacturing,Industrial Operations,ORGANIZATIONAL-UNIT-PRD-TEAM-01,LOC-PLANT,POS-615,Production Intern,Intern,Internship,EMP592,,,
EMP630,Saba Dar,DEPARTMENT-014,Production & Manufacturing,Industrial Operations,ORGANIZATIONAL-UNIT-PRD-TEAM-02,LOC-PLANT,POS-616,Production Intern,Intern,Internship,Active,EMP593,2025-12-01,2000-03-07,26,2060-03-07,NOT_DUE,,,,,0,NOT_APPLICABLE,,,,,,,,19.4,48.2,80.57,Declining,100.0,3.3,No,NONE,,Additive synthetic operational layer based on existing 720-employee data,2026-08-01,0,,,NONE,,NONE,,,NONE,,,NONE,,,NONE,,,,0,,Active,DEPARTMENT-014,Production & Manufacturing,Industrial Operations,ORGANIZATIONAL-UNIT-PRD-TEAM-02,LOC-PLANT,POS-616,Production Intern,Intern,Internship,EMP593,,,
EMP631,Noman Tariq,DEPARTMENT-015,Quality Assurance,Industrial Operations,ORGANIZATIONAL-UNIT-QAS,LOC-PLANT,EXEC-QAS-HEAD,Head of Quality Assurance,Executive,Permanent,Active,,2014-10-01,1972-04-10,54,2032-04-10,NOT_DUE,2014-10-01,2015-01-01,2015-01-01,3,0,CONFIRMED,2014-12-28,COMPLETED,,,,,,53.3,86.4,81.17,Improving,98.5,3.5,No,NONE,,Additive synthetic operational layer based on existing 720-employee data,2026-08-01,0,,,NONE,,NONE,,,NONE,,,NONE,,,NONE,,,,0,,Active,DEPARTMENT-015,Quality Assurance,Industrial Operations,ORGANIZATIONAL-UNIT-QAS,LOC-PLANT,EXEC-QAS-HEAD,Head of Quality Assurance,Executive,Permanent,,,,
EMP632,Junaid Sultan,DEPARTMENT-015,Quality Assurance,Industrial Operations,ORGANIZATIONAL-UNIT-QAS,LOC-PLANT,POS-617,Quality Assurance Manager,Lead/Manager,Permanent,Active,EMP631,2011-07-01,1978-04-10,48,2038-04-10,NOT_DUE,2011-07-01,2011-10-01,2011-10-01,3,0,CONFIRMED,2011-10-13,COMPLETED,,,,,,72.5,64.0,81.37,Stable,96.9,2.2,Yes,NONE,,Additive synthetic operational layer based on existing 720-employee data,2026-08-01,0,,,NONE,,NONE,,,NONE,,,NONE,,,NONE,,,,0,,Active,DEPARTMENT-015,Quality Assurance,Industrial Operations,ORGANIZATIONAL-UNIT-QAS,LOC-PLANT,POS-617,Quality Assurance Manager,Lead/Manager,Permanent,EMP631,,,
EMP633,Sara Tariq,DEPARTMENT-015,Quality Assurance,Industrial Operations,ORGANIZATIONAL-UNIT-QAS,LOC-PLANT,POS-618,Quality Assurance Manager,Lead/Manager,Permanent,Active,EMP631,2013-09-01,1977-05-08,49,2037-05-08,NOT_DUE,2013-09-01,2013-12-01,2013-12-01,3,0,CONFIRMED,2013-12-08,COMPLETED,,,,,,83.9,87.4,79.67,Improving,98.5,4.3,No,NONE,,Additive synthetic operational layer based on existing 720-employee data,2026-08-01,0,,,NONE,,NONE,,,NONE,,,NONE,,,NONE,,,,0,,Active,DEPARTMENT-015,Quality Assurance,Industrial Operations,ORGANIZATIONAL-UNIT-QAS,LOC-PLANT,POS-618,Quality Assurance Manager,Lead/Manager,Permanent,EMP631,,,
EMP634,Hira Nadeem,DEPARTMENT-015,Quality Assurance,Industrial Operations,ORGANIZATIONAL-UNIT-QAS,LOC-PLANT,POS-619,Quality Assurance Manager,Lead/Manager,Permanent,Active,EMP631,2014-12-01,1979-04-18,47,2039-04-18,NOT_DUE,2014-12-01,2015-03-01,2015-03-01,3,0,CONFIRMED,2015-02-22,COMPLETED,,,,,,69.8,94.8,81.24,Declining,90.8,3.7,No,NONE,,Additive synthetic operational layer based on existing 720-employee data,2026-08-01,0,,,NONE,,NONE,,,NONE,,,NONE,,,NONE,,,,0,,Active,DEPARTMENT-015,Quality Assurance,Industrial Operations,ORGANIZATIONAL-UNIT-QAS,LOC-PLANT,POS-619,Quality Assurance Manager,Lead/Manager,Permanent,EMP631,,,
EMP635,Ahmed Rashid,DEPARTMENT-015,Quality Assurance,Industrial Operations,ORGANIZATIONAL-UNIT-QAS,LOC-PLANT,POS-620,Quality Assurance Manager,Lead/Manager,Permanent,Active,EMP631,2012-02-01,1975-11-01,50,2035-11-01,NOT_DUE,2012-02-01,2012-05-01,2012-05-01,3,0,CONFIRMED,2012-05-10,COMPLETED,,,,,,69.6,67.6,76.47,Stable,96.9,3.3,No,NONE,,Additive synthetic operational layer based on existing 720-employee data,2026-08-01,0,,,NONE,,NONE,,,NONE,,,NONE,,,NONE,,,,0,,Active,DEPARTMENT-015,Quality Assurance,Industrial Operations,ORGANIZATIONAL-UNIT-QAS,LOC-PLANT,POS-620,Quality Assurance Manager,Lead/Manager,Permanent,EMP631,,,
EMP636,Zainab Ejaz,DEPARTMENT-015,Quality Assurance,Industrial Operations,ORGANIZATIONAL-UNIT-QAS,LOC-PLANT,POS-621,Quality Assurance Manager,Lead/Manager,Permanent,Active,EMP631,2013-12-01,1976-10-21,49,2036-10-21,NOT_DUE,2013-12-01,2014-03-01,2014-03-01,3,0,CONFIRMED,2014-02-23,COMPLETED,,,,,,71.0,82.6,82.95,Declining,100.0,3.7,No,NONE,,Additive synthetic operational layer based on existing 720-employee data,2026-08-01,0,,,NONE,,NONE,,,NONE,,,NONE,,,NONE,,,,0,,Active,DEPARTMENT-015,Quality Assurance,Industrial Operations,ORGANIZATIONAL-UNIT-QAS,LOC-PLANT,POS-621,Quality Assurance Manager,Lead/Manager,Permanent,EMP631,,,
EMP637,Kamran Sheikh,DEPARTMENT-015,Quality Assurance,Industrial Operations,ORGANIZATIONAL-UNIT-QAS,LOC-PLANT,POS-622,Quality Assurance Manager,Lead/Manager,Contract,Active,EMP631,2019-07-01,1981-11-02,44,2041-11-02,NOT_DUE,2019-07-01,2019-10-01,2019-10-01,3,0,CONFIRMED,2019-09-29,COMPLETED,2025-07-01,2027-06-30,24,3,ACTIVE,75.7,87.4,83.08,Stable,95.4,4.1,Yes,NONE,,Additive synthetic operational layer based on existing 720-employee data,2026-08-01,0,,,NONE,,NONE,,,NONE,,,NONE,,,NONE,,,,0,,Active,DEPARTMENT-015,Quality Assurance,Industrial Operations,ORGANIZATIONAL-UNIT-QAS,LOC-PLANT,POS-622,Quality Assurance Manager,Lead/Manager,Contract,EMP631,,,
EMP638,Laiba Hashmi,DEPARTMENT-015,Quality Assurance,Industrial Operations,ORGANIZATIONAL-UNIT-QAS-TEAM-03,LOC-PLANT,POS-623,Senior Quality Engineer,Senior,Permanent,Active,EMP634,2018-04-01,1982-11-30,43,2042-11-30,NOT_DUE,2018-04-01,2018-07-01,2018-07-01,3,0,CONFIRMED,2018-07-15,COMPLETED,,,,,,83.2,85.0,90.37,Stable,100.0,4.1,No,NONE,,Additive synthetic operational layer based on existing 720-employee data,2026-08-01,0,,,NONE,,NONE,,,NONE,,,NONE,,,NONE,,,,0,,Active,DEPARTMENT-015,Quality Assurance,Industrial Operations,ORGANIZATIONAL-UNIT-QAS-TEAM-03,LOC-PLANT,POS-623,Senior Quality Engineer,Senior,Permanent,EMP634,,,
EMP639,Sana Saeed,DEPARTMENT-015,Quality Assurance,Industrial Operations,ORGANIZATIONAL-UNIT-QAS-TEAM-03,LOC-PLANT,POS-624,Senior Quality Engineer,Senior,Permanent,Active,EMP635,2017-11-01,1984-07-09,42,2044-07-09,NOT_DUE,2017-11-01,2018-02-01,2018-02-01,3,0,CONFIRMED,2018-01-30,COMPLETED,,,,,,62.4,60.4,81.49,Declining,100.0,2.7,Yes,NONE,,Additive synthetic operational layer based on existing 720-employee data,2026-08-01,0,,,NONE,,NONE,,,NONE,,,NONE,,,NONE,,,,0,,Active,DEPARTMENT-015,Quality Assurance,Industrial Operations,ORGANIZATIONAL-UNIT-QAS-TEAM-03,LOC-PLANT,POS-624,Senior Quality Engineer,Senior,Permanent,EMP635,,,
EMP640,Hamza Yousaf,DEPARTMENT-015,Quality Assurance,Industrial Operations,ORGANIZATIONAL-UNIT-QAS-TEAM-02,LOC-PLANT,POS-625,Senior Quality Engineer,Senior,Permanent,Active,EMP636,2015-05-01,1983-11-02,42,2043-11-02,NOT_DUE,2015-05-01,2015-08-01,2015-08-01,3,0,CONFIRMED,2015-07-28,COMPLETED,,,,,,78.9,66.4,85.68,Improving,100.0,3.0,Yes,NONE,,Additive synthetic operational layer based on existing 720-employee data,2026-08-01,0,,,NONE,,NONE,,,NONE,,,NONE,,,NONE,,,,0,,Active,DEPARTMENT-015,Quality Assurance,Industrial Operations,ORGANIZATIONAL-UNIT-QAS-TEAM-02,LOC-PLANT,POS-625,Senior Quality Engineer,Senior,Permanent,EMP636,,,
EMP641,Ahmed Awan,DEPARTMENT-015,Quality Assurance,Industrial Operations,ORGANIZATIONAL-UNIT-QAS-TEAM-01,LOC-PLANT,POS-626,Senior Quality Engineer,Senior,Contract,Active,EMP637,2023-05-01,1991-07-18,35,2051-07-18,NOT_DUE,2023-05-01,2023-08-01,2023-08-01,3,0,CONFIRMED,2023-08-11,COMPLETED,2026-05-01,2027-04-30,12,3,ACTIVE,80.1,83.8,89.09,Stable,98.5,3.8,No,NONE,,Additive synthetic operational layer based on existing 720-employee data,2026-08-01,0,,,NONE,,NONE,,,NONE,,,NONE,,,NONE,,,,0,,Active,DEPARTMENT-015,Quality Assurance,Industrial Operations,ORGANIZATIONAL-UNIT-QAS-TEAM-01,LOC-PLANT,POS-626,Senior Quality Engineer,Senior,Contract,EMP637,,,
EMP642,Taha Zafar,DEPARTMENT-015,Quality Assurance,Industrial Operations,ORGANIZATIONAL-UNIT-QAS-TEAM-02,LOC-PLANT,POS-627,Senior Quality Engineer,Senior,Permanent,Active,EMP632,2016-06-01,1983-10-02,42,2043-10-02,NOT_DUE,2016-06-01,2016-09-01,2016-09-01,3,0,CONFIRMED,2016-09-10,COMPLETED,,,,,,79.8,66.6,86.19,Improving,100.0,2.6,Yes,NONE,,Additive synthetic operational layer based on existing 720-employee data,2026-08-01,0,,,NONE,,NONE,,,NONE,,,NONE,,,NONE,,,,0,,Active,DEPARTMENT-015,Quality Assurance,Industrial Operations,ORGANIZATIONAL-UNIT-QAS-TEAM-02,LOC-PLANT,POS-627,Senior Quality Engineer,Senior,Permanent,EMP632,,,
EMP643,Bilal Khan,DEPARTMENT-015,Quality Assurance,Industrial Operations,ORGANIZATIONAL-UNIT-QAS-TEAM-01,LOC-PLANT,POS-628,Senior Quality Engineer,Senior,Permanent,Active,EMP633,2015-01-01,1978-04-24,48,2038-04-24,NOT_DUE,2015-01-01,2015-04-01,2015-04-01,3,0,CONFIRMED,2015-03-28,COMPLETED,,,,,,83.0,83.8,88.0,Stable,100.0,3.5,Yes,NONE,,Additive synthetic operational layer based on existing 720-employee data,2026-08-01,0,,,NONE,,NONE,,,NONE,,,NONE,,,NONE,,,,0,,Active,DEPARTMENT-015,Quality Assurance,Industrial Operations,ORGANIZATIONAL-UNIT-QAS-TEAM-01,LOC-PLANT,POS-628,Senior Quality Engineer,Senior,Permanent,EMP633,,,
EMP644,Imran Hussain,DEPARTMENT-015,Quality Assurance,Industrial Operations,ORGANIZATIONAL-UNIT-QAS-TEAM-03,LOC-PLANT,POS-629,Senior Quality Engineer,Senior,Permanent,Active,EMP634,2021-05-01,1986-12-17,39,2046-12-17,NOT_DUE,2021-05-01,2021-08-01,2021-08-01,3,0,CONFIRMED,2021-07-27,COMPLETED,,,,,,68.0,67.2,77.66,Stable,100.0,4.3,No,NONE,,Additive synthetic operational layer based on existing 720-employee data,2026-08-01,0,,,NONE,,NONE,,,NONE,,,NONE,,,NONE,,,,0,,Active,DEPARTMENT-015,Quality Assurance,Industrial Operations,ORGANIZATIONAL-UNIT-QAS-TEAM-03,LOC-PLANT,POS-629,Senior Quality Engineer,Senior,Permanent,EMP634,,,
EMP645,Kinza Rehman,DEPARTMENT-015,Quality Assurance,Industrial Operations,ORGANIZATIONAL-UNIT-QAS-TEAM-02,LOC-PLANT,POS-630,Senior Quality Engineer,Senior,Permanent,Active,EMP635,2016-09-01,1985-03-14,41,2045-03-14,NOT_DUE,2016-09-01,2016-12-01,2016-12-01,3,0,CONFIRMED,2016-12-05,COMPLETED,,,,,,82.3,87.4,84.64,Improving,100.0,4.5,Yes,NONE,,Additive synthetic operational layer based on existing 720-employee data,2026-08-01,0,,,NONE,,NONE,,,NONE,,,NONE,,,NONE,,,,0,,Active,DEPARTMENT-015,Quality Assurance,Industrial Operations,ORGANIZATIONAL-UNIT-QAS-TEAM-02,LOC-PLANT,POS-630,Senior Quality Engineer,Senior,Permanent,EMP635,,,
EMP646,Junaid Yousaf,DEPARTMENT-015,Quality Assurance,Industrial Operations,ORGANIZATIONAL-UNIT-QAS-TEAM-01,LOC-PLANT,POS-631,Quality Analyst,Mid,Permanent,Active,EMP636,2023-09-01,1996-04-16,30,2056-04-16,NOT_DUE,2023-09-01,2023-12-01,2023-12-01,3,0,CONFIRMED,2023-12-13,COMPLETED,,,,,,75.4,64.0,88.14,Improving,96.9,3.1,No,NONE,,Additive synthetic operational layer based on existing 720-employee data,2026-08-01,0,,,NONE,,NONE,,,NONE,,,NONE,,,NONE,,,,0,,Active,DEPARTMENT-015,Quality Assurance,Industrial Operations,ORGANIZATIONAL-UNIT-QAS-TEAM-01,LOC-PLANT,POS-631,Quality Analyst,Mid,Permanent,EMP636,,,
EMP647,Amna Iqbal,DEPARTMENT-015,Quality Assurance,Industrial Operations,ORGANIZATIONAL-UNIT-QAS-TEAM-02,LOC-PLANT,POS-632,Quality Analyst,Mid,Contract,Active,EMP637,2025-02-01,1993-10-18,32,2053-10-18,NOT_DUE,2025-02-01,2025-05-01,2025-05-01,3,0,CONFIRMED,2025-05-04,COMPLETED,2026-02-01,2027-01-31,12,1,ACTIVE,77.7,86.2,84.42,Stable,98.5,4.2,No,NONE,,Additive synthetic operational layer based on existing 720-employee data,2026-08-01,0,,,NONE,,NONE,,,NONE,,,NONE,,,NONE,,,,0,,Active,DEPARTMENT-015,Quality Assurance,Industrial Operations,ORGANIZATIONAL-UNIT-QAS-TEAM-02,LOC-PLANT,POS-632,Quality Analyst,Mid,Contract,EMP637,,,
EMP648,Kashif Hashmi,DEPARTMENT-015,Quality Assurance,Industrial Operations,ORGANIZATIONAL-UNIT-QAS-TEAM-01,LOC-PLANT,POS-633,Quality Analyst,Mid,Permanent,Active,EMP632,2021-08-01,1990-10-05,35,2050-10-05,NOT_DUE,2021-08-01,2021-11-01,2021-11-01,3,0,CONFIRMED,2021-11-14,COMPLETED,,,,,,72.2,65.2,83.21,Improving,100.0,3.3,No,NONE,,Additive synthetic operational layer based on existing 720-employee data,2026-08-01,0,,,NONE,,NONE,,,NONE,,,NONE,,,NONE,,,,0,,Active,DEPARTMENT-015,Quality Assurance,Industrial Operations,ORGANIZATIONAL-UNIT-QAS-TEAM-01,LOC-PLANT,POS-633,Quality Analyst,Mid,Permanent,EMP632,,,
EMP649,Fatima Raza,DEPARTMENT-015,Quality Assurance,Industrial Operations,ORGANIZATIONAL-UNIT-QAS-TEAM-02,LOC-PLANT,POS-634,Quality Analyst,Mid,Permanent,Active,EMP633,2022-03-01,1992-05-21,34,2052-05-21,NOT_DUE,2022-03-01,2022-06-01,2022-06-01,3,0,CONFIRMED,2022-06-03,COMPLETED,,,,,,75.7,66.6,87.78,Stable,96.9,2.9,Yes,NONE,,Additive synthetic operational layer based on existing 720-employee data,2026-08-01,0,,,NONE,,NONE,,,NONE,,,NONE,,,NONE,,,,0,,Active,DEPARTMENT-015,Quality Assurance,Industrial Operations,ORGANIZATIONAL-UNIT-QAS-TEAM-02,LOC-PLANT,POS-634,Quality Analyst,Mid,Permanent,EMP633,,,
EMP650,Hassan Akhtar,DEPARTMENT-015,Quality Assurance,Industrial Operations,ORGANIZATIONAL-UNIT-QAS-TEAM-03,LOC-PLANT,POS-635,Quality Analyst,Mid,Permanent,Active,EMP634,2021-10-01,1993-04-04,33,2053-04-04,NOT_DUE,2021-10-01,2022-01-01,2022-01-01,3,0,CONFIRMED,2021-12-25,COMPLETED,,,,,,72.7,79.4,82.8,Stable,98.5,3.6,Yes,NONE,,Additive synthetic operational layer based on existing 720-employee data,2026-08-01,0,,,NONE,,NONE,,,NONE,,,NONE,,,NONE,,,,0,,Active,DEPARTMENT-015,Quality Assurance,Industrial Operations,ORGANIZATIONAL-UNIT-QAS-TEAM-03,LOC-PLANT,POS-635,Quality Analyst,Mid,Permanent,EMP634,,,
EMP651,Sana Habib,DEPARTMENT-015,Quality Assurance,Industrial Operations,ORGANIZATIONAL-UNIT-QAS-TEAM-02,LOC-PLANT,POS-636,Quality Analyst,Mid,Contract,Active,EMP635,2019-08-01,1992-12-16,33,2052-12-16,NOT_DUE,2019-08-01,2019-11-01,2019-11-01,3,0,CONFIRMED,2019-10-27,COMPLETED,2026-08-01,2027-07-31,12,7,ACTIVE,93.1,85.0,94.09,Improving,93.8,4.4,No,NONE,,Additive synthetic operational layer based on existing 720-employee data,2026-08-01,0,,,NONE,,NONE,,,NONE,,,NONE,,,NONE,,,,0,,Active,DEPARTMENT-015,Quality Assurance,Industrial Operations,ORGANIZATIONAL-UNIT-QAS-TEAM-02,LOC-PLANT,POS-636,Quality Analyst,Mid,Contract,EMP635,,,
EMP652,Kinza Waheed,DEPARTMENT-015,Quality Assurance,Industrial Operations,ORGANIZATIONAL-UNIT-QAS-TEAM-01,LOC-PLANT,POS-637,Quality Analyst,Mid,Permanent,Active,EMP636,2022-12-01,1991-06-25,35,2051-06-25,NOT_DUE,2022-12-01,2023-03-01,2023-03-01,3,0,CONFIRMED,2023-03-06,COMPLETED,,,,,,84.0,87.4,91.22,Improving,96.9,3.6,No,NONE,,Additive synthetic operational layer based on existing 720-employee data,2026-08-01,0,,,NONE,,NONE,,,NONE,,,NONE,,,NONE,,,,0,,Active,DEPARTMENT-015,Quality Assurance,Industrial Operations,ORGANIZATIONAL-UNIT-QAS-TEAM-01,LOC-PLANT,POS-637,Quality Analyst,Mid,Permanent,EMP636,,,
EMP653,Laiba Hussain,DEPARTMENT-015,Quality Assurance,Industrial Operations,ORGANIZATIONAL-UNIT-QAS-TEAM-02,LOC-PLANT,POS-638,Quality Analyst,Mid,Permanent,Active,EMP637,2024-02-01,1992-03-28,34,2052-03-28,NOT_DUE,2024-02-01,2024-05-01,2024-05-01,3,0,CONFIRMED,2024-04-24,COMPLETED,,,,,,66.6,70.8,75.6,Stable,95.4,4.2,No,NONE,,Additive synthetic operational layer based on existing 720-employee data,2026-08-01,0,,,NONE,,NONE,,,NONE,,,NONE,,,NONE,,,,0,,Active,DEPARTMENT-015,Quality Assurance,Industrial Operations,ORGANIZATIONAL-UNIT-QAS-TEAM-02,LOC-PLANT,POS-638,Quality Analyst,Mid,Permanent,EMP637,,,
EMP654,Kinza Javed,DEPARTMENT-015,Quality Assurance,Industrial Operations,ORGANIZATIONAL-UNIT-QAS-TEAM-01,LOC-PLANT,POS-639,Quality Analyst,Mid,Contract,Active,EMP632,2020-12-01,1989-04-09,37,2049-04-09,NOT_DUE,2020-12-01,2021-03-01,2021-03-01,3,0,CONFIRMED,2021-03-04,COMPLETED,2025-12-01,2026-11-30,12,5,ACTIVE,75.4,85.0,83.22,Stable,98.5,3.9,No,NONE,,Additive synthetic operational layer based on existing 720-employee data,2026-08-01,0,,,NONE,,NONE,,,NONE,,,NONE,,,NONE,,,,0,,Active,DEPARTMENT-015,Quality Assurance,Industrial Operations,ORGANIZATIONAL-UNIT-QAS-TEAM-01,LOC-PLANT,POS-639,Quality Analyst,Mid,Contract,EMP632,,,
EMP655,Taha Aslam,DEPARTMENT-015,Quality Assurance,Industrial Operations,ORGANIZATIONAL-UNIT-QAS-TEAM-01,LOC-PLANT,POS-640,Quality Analyst,Mid,Contract,Active,EMP633,2024-03-01,1994-01-07,32,2054-01-07,NOT_DUE,2024-03-01,2024-06-01,2024-06-01,3,0,CONFIRMED,2024-06-11,COMPLETED,2026-03-01,2027-02-28,12,2,ACTIVE,77.6,75.0,90.89,Improving,98.5,3.0,Yes,NONE,,Additive synthetic operational layer based on existing 720-employee data,2026-08-01,0,,,NONE,,NONE,,,NONE,,,NONE,,,NONE,,,,0,,Active,DEPARTMENT-015,Quality Assurance,Industrial Operations,ORGANIZATIONAL-UNIT-QAS-TEAM-01,LOC-PLANT,POS-640,Quality Analyst,Mid,Contract,EMP633,,,
EMP656,Sara Hussain,DEPARTMENT-015,Quality Assurance,Industrial Operations,ORGANIZATIONAL-UNIT-QAS-TEAM-01,LOC-PLANT,POS-641,Quality Analyst,Mid,Permanent,Active,EMP634,2021-07-01,1993-05-20,33,2053-05-20,NOT_DUE,2021-07-01,2021-10-01,2021-10-01,3,0,CONFIRMED,2021-10-03,COMPLETED,,,,,,69.3,88.6,85.58,Declining,96.9,3.8,No,NONE,,Additive synthetic operational layer based on existing 720-employee data,2026-08-01,0,,,NONE,,NONE,,,NONE,,,NONE,,,NONE,,,,0,,Active,DEPARTMENT-015,Quality Assurance,Industrial Operations,ORGANIZATIONAL-UNIT-QAS-TEAM-01,LOC-PLANT,POS-641,Quality Analyst,Mid,Permanent,EMP634,,,
EMP657,Mehwish Chaudhry,DEPARTMENT-015,Quality Assurance,Industrial Operations,ORGANIZATIONAL-UNIT-QAS-TEAM-01,LOC-PLANT,POS-642,Quality Analyst,Mid,Permanent,Active,EMP635,2024-01-01,1992-05-13,34,2052-05-13,NOT_DUE,2024-01-01,2024-04-01,2024-04-01,3,0,CONFIRMED,2024-03-29,COMPLETED,,,,,,76.4,72.6,89.44,Improving,93.8,2.7,No,NONE,,Additive synthetic operational layer based on existing 720-employee data,2026-08-01,0,,,NONE,,NONE,,,NONE,,,NONE,,,NONE,,,,0,,Active,DEPARTMENT-015,Quality Assurance,Industrial Operations,ORGANIZATIONAL-UNIT-QAS-TEAM-01,LOC-PLANT,POS-642,Quality Analyst,Mid,Permanent,EMP635,,,
EMP658,Kinza Latif,DEPARTMENT-015,Quality Assurance,Industrial Operations,ORGANIZATIONAL-UNIT-QAS-TEAM-03,LOC-PLANT,POS-643,Quality Analyst,Mid,Permanent,Active,EMP636,2020-08-01,1992-03-30,34,2052-03-30,NOT_DUE,2020-08-01,2020-11-01,2020-11-01,3,0,CONFIRMED,2020-10-25,COMPLETED,,,,,,84.5,65.2,92.63,Improving,90.8,3.1,Yes,NONE,,Additive synthetic operational layer based on existing 720-employee data,2026-08-01,0,,,NONE,,NONE,,,NONE,,,NONE,,,NONE,,,,0,,Active,DEPARTMENT-015,Quality Assurance,Industrial Operations,ORGANIZATIONAL-UNIT-QAS-TEAM-03,LOC-PLANT,POS-643,Quality Analyst,Mid,Permanent,EMP636,,,
EMP659,Fahad Sultan,DEPARTMENT-015,Quality Assurance,Industrial Operations,ORGANIZATIONAL-UNIT-QAS-TEAM-03,LOC-PLANT,POS-644,Quality Analyst,Mid,Permanent,Active,EMP637,2019-07-01,1994-02-16,32,2054-02-16,NOT_DUE,2019-07-01,2019-10-01,2019-10-01,3,0,CONFIRMED,2019-10-04,COMPLETED,,,,,,84.1,83.0,92.19,Stable,96.9,3.4,No,NONE,,Additive synthetic operational layer based on existing 720-employee data,2026-08-01,1,2024-09-05,RETURNING_TALENT,NONE,,NONE,,,NONE,,,NONE,,,NONE,,,,0,,Active,DEPARTMENT-015,Quality Assurance,Industrial Operations,ORGANIZATIONAL-UNIT-QAS-TEAM-03,LOC-PLANT,POS-644,Quality Analyst,Mid,Permanent,EMP637,,,
EMP660,Shahzaib Saleem,DEPARTMENT-015,Quality Assurance,Industrial Operations,ORGANIZATIONAL-UNIT-QAS-TEAM-03,LOC-PLANT,POS-645,Quality Inspector,Junior,Permanent,Active,EMP640,2024-01-01,1995-03-07,31,2055-03-07,NOT_DUE,2024-01-01,2024-04-01,2024-04-01,3,0,CONFIRMED,2024-03-28,COMPLETED,,,,,,68.1,58.8,89.11,Stable,95.4,3.9,No,NONE,,Additive synthetic operational layer based on existing 720-employee data,2026-08-01,0,,,NONE,,NONE,,,NONE,,,NONE,,,NONE,,,,0,,Active,DEPARTMENT-015,Quality Assurance,Industrial Operations,ORGANIZATIONAL-UNIT-QAS-TEAM-03,LOC-PLANT,POS-645,Quality Inspector,Junior,Permanent,EMP640,,,
EMP661,Fatima Sheikh,DEPARTMENT-015,Quality Assurance,Industrial Operations,ORGANIZATIONAL-UNIT-QAS-TEAM-02,LOC-PLANT,POS-646,Quality Inspector,Junior,Permanent,Active,EMP641,2025-05-01,1999-11-27,26,2059-11-27,NOT_DUE,2025-05-01,2025-08-01,2025-08-01,3,0,CONFIRMED,2025-08-02,COMPLETED,,,,,,68.4,66.0,86.93,Improving,96.9,3.6,No,NONE,,Additive synthetic operational layer based on existing 720-employee data,2026-08-01,0,,,NONE,,NONE,,,NONE,,,NONE,,,NONE,,,,0,,Active,DEPARTMENT-015,Quality Assurance,Industrial Operations,ORGANIZATIONAL-UNIT-QAS-TEAM-02,LOC-PLANT,POS-646,Quality Inspector,Junior,Permanent,EMP641,,,
EMP662,Areeba Awan,DEPARTMENT-015,Quality Assurance,Industrial Operations,ORGANIZATIONAL-UNIT-QAS-TEAM-03,LOC-PLANT,POS-647,Quality Inspector,Junior,Permanent,Active,EMP642,2024-03-01,1998-05-17,28,2058-05-17,NOT_DUE,2024-03-01,2024-06-01,2024-06-01,3,0,CONFIRMED,2024-06-08,COMPLETED,,,,,,71.1,49.0,86.85,Improving,96.9,4.1,No,NONE,,Additive synthetic operational layer based on existing 720-employee data,2026-08-01,0,,,NONE,,NONE,,,NONE,,,NONE,,,NONE,,,,0,,Active,DEPARTMENT-015,Quality Assurance,Industrial Operations,ORGANIZATIONAL-UNIT-QAS-TEAM-03,LOC-PLANT,POS-647,Quality Inspector,Junior,Permanent,EMP642,,,
EMP663,Eman Saleem,DEPARTMENT-015,Quality Assurance,Industrial Operations,ORGANIZATIONAL-UNIT-QAS-TEAM-01,LOC-PLANT,POS-648,Quality Inspector,Junior,Permanent,Active,EMP643,2024-01-01,1997-07-31,29,2057-07-31,NOT_DUE,2024-01-01,2024-04-01,2024-04-01,3,0,CONFIRMED,2024-04-15,COMPLETED,,,,,,65.4,58.6,85.3,Stable,93.8,4.7,No,NONE,,Additive synthetic operational layer based on existing 720-employee data,2026-08-01,0,,,NONE,,NONE,,,NONE,,,NONE,,,NONE,,,,0,,Active,DEPARTMENT-015,Quality Assurance,Industrial Operations,ORGANIZATIONAL-UNIT-QAS-TEAM-01,LOC-PLANT,POS-648,Quality Inspector,Junior,Permanent,EMP643,,,
EMP664,Komal Shah,DEPARTMENT-015,Quality Assurance,Industrial Operations,ORGANIZATIONAL-UNIT-QAS-TEAM-03,LOC-PLANT,POS-649,Quality Inspector,Junior,Permanent,Active,EMP644,2025-05-01,1996-02-23,30,2056-02-23,NOT_DUE,2025-05-01,2025-08-01,2025-08-01,3,0,CONFIRMED,2025-08-12,COMPLETED,,,,,,67.0,53.8,83.87,Improving,95.4,3.7,No,NONE,,Additive synthetic operational layer based on existing 720-employee data,2026-08-01,0,,,NONE,,NONE,,,NONE,,,NONE,,,NONE,,,,0,,Active,DEPARTMENT-015,Quality Assurance,Industrial Operations,ORGANIZATIONAL-UNIT-QAS-TEAM-03,LOC-PLANT,POS-649,Quality Inspector,Junior,Permanent,EMP644,,,
EMP665,Taha Waheed,DEPARTMENT-015,Quality Assurance,Industrial Operations,ORGANIZATIONAL-UNIT-QAS-TEAM-01,LOC-PLANT,POS-650,Quality Inspector,Junior,Permanent,Active,EMP645,2024-09-01,1999-04-03,27,2059-04-03,NOT_DUE,2024-09-01,2024-12-01,2024-12-01,3,0,CONFIRMED,2024-12-10,COMPLETED,,,,,,52.5,50.8,85.28,Declining,93.8,3.1,No,NONE,,Additive synthetic operational layer based on existing 720-employee data,2026-08-01,0,,,NONE,,NONE,,,NONE,,,NONE,,,NONE,,,,0,,Active,DEPARTMENT-015,Quality Assurance,Industrial Operations,ORGANIZATIONAL-UNIT-QAS-TEAM-01,LOC-PLANT,POS-650,Quality Inspector,Junior,Permanent,EMP645,,,
EMP666,Saad Hashmi,DEPARTMENT-015,Quality Assurance,Industrial Operations,ORGANIZATIONAL-UNIT-QAS-TEAM-02,LOC-PLANT,POS-651,Quality Inspector,Junior,Permanent,Active,EMP632,2025-04-01,1994-07-12,32,2054-07-12,NOT_DUE,2025-04-01,2025-07-01,2025-07-01,3,0,CONFIRMED,2025-07-06,COMPLETED,,,,,,64.8,48.2,81.66,Improving,96.9,2.9,No,NONE,,Additive synthetic operational layer based on existing 720-employee data,2026-08-01,0,,,NONE,,NONE,,,NONE,,,NONE,,,NONE,,,,0,,Active,DEPARTMENT-015,Quality Assurance,Industrial Operations,ORGANIZATIONAL-UNIT-QAS-TEAM-02,LOC-PLANT,POS-651,Quality Inspector,Junior,Permanent,EMP632,,,
EMP667,Nida Munir,DEPARTMENT-015,Quality Assurance,Industrial Operations,ORGANIZATIONAL-UNIT-QAS-TEAM-03,LOC-PLANT,POS-652,Quality Inspector,Junior,Permanent,Active,EMP633,2025-09-01,1997-09-30,28,2057-09-30,NOT_DUE,2025-09-01,2025-12-01,2025-12-01,3,0,CONFIRMED,2025-11-28,COMPLETED,,,,,,58.6,56.2,75.68,Stable,92.3,4.5,No,NONE,,Additive synthetic operational layer based on existing 720-employee data,2026-08-01,0,,,NONE,,NONE,,,NONE,,,NONE,,,NONE,,,,0,,Active,DEPARTMENT-015,Quality Assurance,Industrial Operations,ORGANIZATIONAL-UNIT-QAS-TEAM-03,LOC-PLANT,POS-652,Quality Inspector,Junior,Permanent,EMP633,,,
EMP668,Talha Nawaz,DEPARTMENT-015,Quality Assurance,Industrial Operations,ORGANIZATIONAL-UNIT-QAS-TEAM-03,LOC-PLANT,POS-653,Quality Inspector,Junior,Permanent,Active,EMP634,2024-04-01,1997-07-21,29,2057-07-21,NOT_DUE,2024-04-01,2024-07-01,2024-07-01,3,0,CONFIRMED,2024-06-28,COMPLETED,,,,,,69.1,51.4,82.12,Improving,96.9,5.0,No,NONE,,Additive synthetic operational layer based on existing 720-employee data,2026-08-01,0,,,NONE,,NONE,,,NONE,,,NONE,,,NONE,,,,0,,Active,DEPARTMENT-015,Quality Assurance,Industrial Operations,ORGANIZATIONAL-UNIT-QAS-TEAM-03,LOC-PLANT,POS-653,Quality Inspector,Junior,Permanent,EMP634,,,
EMP669,Saad Riaz,DEPARTMENT-015,Quality Assurance,Industrial Operations,ORGANIZATIONAL-UNIT-QAS-TEAM-01,LOC-PLANT,POS-654,Quality Inspector,Junior,Permanent,Active,EMP635,2025-10-01,1997-08-19,28,2057-08-19,NOT_DUE,2025-10-01,2026-01-01,2026-01-01,3,0,CONFIRMED,2025-12-30,COMPLETED,,,,,,66.4,51.4,88.63,Stable,93.8,3.6,No,NONE,,Additive synthetic operational layer based on existing 720-employee data,2026-08-01,0,,,NONE,,NONE,,,NONE,,,NONE,,,NONE,,,,0,,Active,DEPARTMENT-015,Quality Assurance,Industrial Operations,ORGANIZATIONAL-UNIT-QAS-TEAM-01,LOC-PLANT,POS-654,Quality Inspector,Junior,Permanent,EMP635,,,
EMP670,Kinza Aziz,DEPARTMENT-015,Quality Assurance,Industrial Operations,ORGANIZATIONAL-UNIT-QAS-TEAM-02,LOC-PLANT,POS-655,Quality Inspector,Junior,Permanent,Active,EMP636,2025-10-01,1996-12-08,29,2056-12-08,NOT_DUE,2025-10-01,2026-01-01,2026-01-01,3,0,CONFIRMED,2026-01-10,COMPLETED,,,,,,62.4,49.0,83.62,Stable,98.5,3.7,Yes,NONE,,Additive synthetic operational layer based on existing 720-employee data,2026-08-01,0,,,NONE,,NONE,,,NONE,,,NONE,,,NONE,,,,0,,Active,DEPARTMENT-015,Quality Assurance,Industrial Operations,ORGANIZATIONAL-UNIT-QAS-TEAM-02,LOC-PLANT,POS-655,Quality Inspector,Junior,Permanent,EMP636,,,
EMP671,Kashif Waheed,DEPARTMENT-015,Quality Assurance,Industrial Operations,ORGANIZATIONAL-UNIT-QAS-TEAM-03,LOC-PLANT,POS-656,Quality Inspector,Junior,Permanent,Active,EMP637,2025-09-01,1996-11-12,29,2056-11-12,NOT_DUE,2025-09-01,2025-12-01,2025-12-01,3,0,CONFIRMED,2025-12-03,COMPLETED,,,,,,69.6,61.2,91.52,Stable,96.9,4.3,No,NONE,,Additive synthetic operational layer based on existing 720-employee data,2026-08-01,0,,,NONE,,NONE,,,NONE,,,NONE,,,NONE,,,,0,,Active,DEPARTMENT-015,Quality Assurance,Industrial Operations,ORGANIZATIONAL-UNIT-QAS-TEAM-03,LOC-PLANT,POS-656,Quality Inspector,Junior,Permanent,EMP637,,,
EMP672,Taha Nawaz,DEPARTMENT-015,Quality Assurance,Industrial Operations,ORGANIZATIONAL-UNIT-QAS-TEAM-01,LOC-PLANT,POS-657,Quality Inspector,Junior,Permanent,Probation,EMP638,2026-04-01,1998-06-01,28,2058-06-01,NOT_DUE,2026-04-01,2026-07-01,2026-08-01,3,1,DUE_SOON,,CONFIRM,,,,,,36.6,26.4,83.32,Improving,100.0,3.9,No,NONE,,Additive synthetic operational layer based on existing 720-employee data,2026-08-01,0,,,NONE,,NONE,,,NONE,,,NONE,,,NONE,,,,0,,Probation,DEPARTMENT-015,Quality Assurance,Industrial Operations,ORGANIZATIONAL-UNIT-QAS-TEAM-01,LOC-PLANT,POS-657,Quality Inspector,Junior,Permanent,EMP638,,,
EMP673,Noman Javed,DEPARTMENT-015,Quality Assurance,Industrial Operations,ORGANIZATIONAL-UNIT-QAS-TEAM-03,LOC-PLANT,POS-658,Quality Assurance Intern,Intern,Internship,Probation,EMP639,2026-04-01,2003-05-30,23,2063-05-30,NOT_DUE,2026-04-01,2026-06-01,2026-08-01,2,1,DUE_SOON,,EXTEND,,,,,,38.7,26.4,87.26,Improving,96.9,3.6,No,NONE,,Additive synthetic operational layer based on existing 720-employee data,2026-08-01,0,,,NONE,,NONE,,,NONE,,,NONE,,,NONE,,,,0,,Probation,DEPARTMENT-015,Quality Assurance,Industrial Operations,ORGANIZATIONAL-UNIT-QAS-TEAM-03,LOC-PLANT,POS-658,Quality Assurance Intern,Intern,Internship,EMP639,,,
EMP674,Rabia Ismail,DEPARTMENT-015,Quality Assurance,Industrial Operations,ORGANIZATIONAL-UNIT-QAS-TEAM-03,LOC-PLANT,POS-659,Quality Assurance Intern,Intern,Internship,Active,EMP640,2025-11-01,1999-02-02,27,2059-02-02,NOT_DUE,,,,,0,NOT_APPLICABLE,,,,,,,,28.2,44.6,79.39,Stable,100.0,2.4,Yes,NONE,,Additive synthetic operational layer based on existing 720-employee data,2026-08-01,0,,,NONE,,NONE,,,NONE,,,NONE,,,NONE,,,,0,,Active,DEPARTMENT-015,Quality Assurance,Industrial Operations,ORGANIZATIONAL-UNIT-QAS-TEAM-03,LOC-PLANT,POS-659,Quality Assurance Intern,Intern,Internship,EMP640,,,
EMP675,Hira Munir,DEPARTMENT-015,Quality Assurance,Industrial Operations,ORGANIZATIONAL-UNIT-QAS-TEAM-02,LOC-PLANT,POS-660,Quality Assurance Intern,Intern,Internship,Active,EMP641,2025-08-01,2000-01-19,26,2060-01-19,NOT_DUE,,,,,0,NOT_APPLICABLE,,,,,,,,28.8,49.4,80.12,Stable,96.9,2.5,No,NONE,,Additive synthetic operational layer based on existing 720-employee data,2026-08-01,0,,,NONE,,NONE,,,NONE,,,NONE,,,NONE,,,,0,,Active,DEPARTMENT-015,Quality Assurance,Industrial Operations,ORGANIZATIONAL-UNIT-QAS-TEAM-02,LOC-PLANT,POS-660,Quality Assurance Intern,Intern,Internship,EMP641,,,
EMP676,Fahad Bukhari,DEPARTMENT-016,Research & Development,Technology and Innovation,ORGANIZATIONAL-UNIT-RND,LOC-HQ,EXEC-RND-HEAD,Head of Research and Development,Executive,Permanent,Active,,2011-08-01,1973-12-25,52,2033-12-25,NOT_DUE,2011-08-01,2011-11-01,2011-11-01,3,0,CONFIRMED,2011-11-02,COMPLETED,,,,,,52.0,83.0,79.5,Improving,96.9,3.4,No,NONE,,Additive synthetic operational layer based on existing 720-employee data,2026-08-01,0,,,NONE,,NONE,,,NONE,,,NONE,,,NONE,,,,0,,Active,DEPARTMENT-016,Research & Development,Technology and Innovation,ORGANIZATIONAL-UNIT-RND,LOC-HQ,EXEC-RND-HEAD,Head of Research and Development,Executive,Permanent,,,,
EMP677,Eman Chaudhry,DEPARTMENT-016,Research & Development,Technology and Innovation,ORGANIZATIONAL-UNIT-RND,LOC-HQ,POS-661,Research and Development Manager,Lead/Manager,Permanent,Active,EMP676,2014-06-01,1979-07-01,47,2039-07-01,NOT_DUE,2014-06-01,2014-09-01,2014-09-01,3,0,CONFIRMED,2014-08-25,COMPLETED,,,,,,71.1,78.0,77.4,Stable,96.9,3.7,No,NONE,,Additive synthetic operational layer based on existing 720-employee data,2026-08-01,0,,,NONE,,NONE,,,NONE,,,NONE,,,NONE,,,,0,,Active,DEPARTMENT-016,Research & Development,Technology and Innovation,ORGANIZATIONAL-UNIT-RND,LOC-HQ,POS-661,Research and Development Manager,Lead/Manager,Permanent,EMP676,,,
EMP678,Imran Akhtar,DEPARTMENT-016,Research & Development,Technology and Innovation,ORGANIZATIONAL-UNIT-RND,LOC-HQ,POS-662,Research and Development Manager,Lead/Manager,Permanent,Active,EMP676,2012-07-01,1976-11-05,49,2036-11-05,NOT_DUE,2012-07-01,2012-10-01,2012-10-01,3,0,CONFIRMED,2012-10-01,COMPLETED,,,,,,69.4,68.8,76.21,Stable,96.9,3.3,Yes,NONE,,Additive synthetic operational layer based on existing 720-employee data,2026-08-01,0,,,NONE,,NONE,,,NONE,,,NONE,,,NONE,,,,0,,Active,DEPARTMENT-016,Research & Development,Technology and Innovation,ORGANIZATIONAL-UNIT-RND,LOC-HQ,POS-662,Research and Development Manager,Lead/Manager,Permanent,EMP676,,,
EMP679,Rabia Latif,DEPARTMENT-016,Research & Development,Technology and Innovation,ORGANIZATIONAL-UNIT-RND,LOC-HQ,POS-663,Research and Development Manager,Lead/Manager,Permanent,Active,EMP676,2015-10-01,1978-10-05,47,2038-10-05,NOT_DUE,2015-10-01,2016-01-01,2016-01-01,3,0,CONFIRMED,2016-01-05,COMPLETED,,,,,,69.4,91.0,77.3,Declining,89.2,4.9,No,NONE,,Additive synthetic operational layer based on existing 720-employee data,2026-08-01,0,,,NONE,,NONE,,,NONE,,,NONE,,,NONE,,,,0,,Active,DEPARTMENT-016,Research & Development,Technology and Innovation,ORGANIZATIONAL-UNIT-RND,LOC-HQ,POS-663,Research and Development Manager,Lead/Manager,Permanent,EMP676,,,
EMP680,Ayesha Dar,DEPARTMENT-016,Research & Development,Technology and Innovation,ORGANIZATIONAL-UNIT-RND,LOC-HQ,POS-664,Research and Development Manager,Lead/Manager,Contract,Active,EMP676,2014-09-01,1977-10-07,48,2037-10-07,NOT_DUE,2014-09-01,2014-12-01,2014-12-01,3,0,CONFIRMED,2014-12-12,COMPLETED,2025-09-01,2026-08-31,12,11,EXPIRING_30D,73.5,67.6,76.79,Improving,96.9,3.1,Yes,CONTRACT_END,2026-08-31,Additive synthetic operational layer based on existing 720-employee data,2026-08-01,0,,,NON_RENEW,2026-08-31,PENDING,2026-09-07,HRACT-00276,NONE,,,NONE,,,NONE,,,,0,,Active,DEPARTMENT-016,Research & Development,Technology and Innovation,ORGANIZATIONAL-UNIT-RND,LOC-HQ,POS-664,Research and Development Manager,Lead/Manager,Contract,EMP676,,,
EMP681,Kashif Ejaz,DEPARTMENT-016,Research & Development,Technology and Innovation,ORGANIZATIONAL-UNIT-RND,LOC-HQ,POS-665,Research and Development Manager,Lead/Manager,Permanent,Active,EMP676,2013-07-01,1978-09-01,47,2038-09-01,NOT_DUE,2013-07-01,2013-10-01,2013-10-01,3,0,CONFIRMED,2013-10-12,COMPLETED,,,,,,80.3,81.4,82.05,Stable,100.0,3.7,No,NONE,,Additive synthetic operational layer based on existing 720-employee data,2026-08-01,0,,,NONE,,NONE,,,NONE,,,NONE,,,NONE,,,,0,,Active,DEPARTMENT-016,Research & Development,Technology and Innovation,ORGANIZATIONAL-UNIT-RND,LOC-HQ,POS-665,Research and Development Manager,Lead/Manager,Permanent,EMP676,,,
EMP682,Hira Iqbal,DEPARTMENT-016,Research & Development,Technology and Innovation,ORGANIZATIONAL-UNIT-RND,LOC-HQ,POS-666,Research and Development Manager,Lead/Manager,Permanent,Active,EMP676,2011-05-01,1977-11-30,48,2037-11-30,NOT_DUE,2011-05-01,2011-08-01,2011-08-01,3,0,CONFIRMED,2011-07-27,COMPLETED,,,,,,57.0,66.4,75.89,Declining,100.0,3.3,No,NONE,,Additive synthetic operational layer based on existing 720-employee data,2026-08-01,0,,,NONE,,NONE,,,NONE,,,NONE,,,NONE,,,,0,,Active,DEPARTMENT-016,Research & Development,Technology and Innovation,ORGANIZATIONAL-UNIT-RND,LOC-HQ,POS-666,Research and Development Manager,Lead/Manager,Permanent,EMP676,,,
EMP683,Farhan Qureshi,DEPARTMENT-016,Research & Development,Technology and Innovation,ORGANIZATIONAL-UNIT-RND-TEAM-03,LOC-HQ,POS-667,Senior Research Scientist,Senior,Permanent,Active,EMP682,2017-06-01,1981-07-19,45,2041-07-19,NOT_DUE,2017-06-01,2017-09-01,2017-09-01,3,0,CONFIRMED,2017-09-03,COMPLETED,,,,,,62.9,74.4,80.34,Declining,95.4,3.6,No,NONE,,Additive synthetic operational layer based on existing 720-employee data,2026-08-01,0,,,NONE,,NONE,,,NONE,,,NONE,,,NONE,,,,0,,Active,DEPARTMENT-016,Research & Development,Technology and Innovation,ORGANIZATIONAL-UNIT-RND-TEAM-03,LOC-HQ,POS-667,Senior Research Scientist,Senior,Permanent,EMP682,,,
EMP684,Kamran Mirza,DEPARTMENT-016,Research & Development,Technology and Innovation,ORGANIZATIONAL-UNIT-RND-TEAM-01,LOC-HQ,POS-668,Senior Research Scientist,Senior,Permanent,Active,EMP677,2023-04-01,1988-04-06,38,2048-04-06,NOT_DUE,2023-04-01,2023-07-01,2023-07-01,3,0,CONFIRMED,2023-07-03,COMPLETED,,,,,,66.5,73.2,75.56,Stable,98.5,4.3,No,NONE,,Additive synthetic operational layer based on existing 720-employee data,2026-08-01,0,,,NONE,,NONE,,,NONE,,,NONE,,,NONE,,,,0,,Active,DEPARTMENT-016,Research & Development,Technology and Innovation,ORGANIZATIONAL-UNIT-RND-TEAM-01,LOC-HQ,POS-668,Senior Research Scientist,Senior,Permanent,EMP677,,,
EMP685,Kinza Dar,DEPARTMENT-016,Research & Development,Technology and Innovation,ORGANIZATIONAL-UNIT-RND-TEAM-02,LOC-HQ,POS-669,Senior Research Scientist,Senior,Permanent,Active,EMP678,2018-12-01,1987-09-04,38,2047-09-04,NOT_DUE,2018-12-01,2019-03-01,2019-03-01,3,0,CONFIRMED,2019-03-10,COMPLETED,,,,,,87.1,85.0,84.85,Improving,95.4,4.1,No,NONE,,Additive synthetic operational layer based on existing 720-employee data,2026-08-01,0,,,NONE,,NONE,,,NONE,,,NONE,,,NONE,,,,0,,Active,DEPARTMENT-016,Research & Development,Technology and Innovation,ORGANIZATIONAL-UNIT-RND-TEAM-02,LOC-HQ,POS-669,Senior Research Scientist,Senior,Permanent,EMP678,,,
EMP686,Usman Hussain,DEPARTMENT-016,Research & Development,Technology and Innovation,ORGANIZATIONAL-UNIT-RND-TEAM-03,LOC-HQ,POS-670,Senior Research Scientist,Senior,Permanent,Active,EMP679,2023-03-01,1988-08-25,37,2048-08-25,NOT_DUE,2023-03-01,2023-06-01,2023-06-01,3,0,CONFIRMED,2023-05-31,COMPLETED,,,,,,68.0,74.4,79.49,Stable,98.5,4.0,No,NONE,,Additive synthetic operational layer based on existing 720-employee data,2026-08-01,0,,,NONE,,NONE,,,NONE,,,NONE,,,NONE,,,,0,,Active,DEPARTMENT-016,Research & Development,Technology and Innovation,ORGANIZATIONAL-UNIT-RND-TEAM-03,LOC-HQ,POS-670,Senior Research Scientist,Senior,Permanent,EMP679,,,
EMP687,Arham Khan,DEPARTMENT-016,Research & Development,Technology and Innovation,ORGANIZATIONAL-UNIT-RND-TEAM-03,LOC-HQ,POS-671,Senior Research Scientist,Senior,Contract,Active,EMP680,2020-12-01,1988-03-14,38,2048-03-14,NOT_DUE,2020-12-01,2021-03-01,2021-03-01,3,0,CONFIRMED,2021-03-07,COMPLETED,2025-12-01,2026-11-30,12,5,ACTIVE,55.8,70.0,74.27,Declining,96.9,2.8,Yes,TERMINATION,2026-08-30,Additive synthetic operational layer based on existing 720-employee data,2026-08-01,0,,,NONE,,PENDING,2026-09-04,HRACT-00274,NONE,,,NONE,,,NONE,,,,0,,Active,DEPARTMENT-016,Research & Development,Technology and Innovation,ORGANIZATIONAL-UNIT-RND-TEAM-03,LOC-HQ,POS-671,Senior Research Scientist,Senior,Contract,EMP680,,,
EMP688,Hamza Saeed,DEPARTMENT-016,Research & Development,Technology and Innovation,ORGANIZATIONAL-UNIT-RND-TEAM-03,LOC-HQ,POS-672,Senior Research Scientist,Senior,Permanent,Active,EMP681,2020-07-01,1987-10-26,38,2047-10-26,NOT_DUE,2020-07-01,2020-10-01,2020-10-01,3,0,CONFIRMED,2020-10-01,COMPLETED,,,,,,77.7,64.0,86.61,Improving,96.9,3.2,Yes,NONE,,Additive synthetic operational layer based on existing 720-employee data,2026-08-01,0,,,NONE,,NONE,,,NONE,,,NONE,,,NONE,,,,0,,Active,DEPARTMENT-016,Research & Development,Technology and Innovation,ORGANIZATIONAL-UNIT-RND-TEAM-03,LOC-HQ,POS-672,Senior Research Scientist,Senior,Permanent,EMP681,,,
EMP689,Areeba Latif,DEPARTMENT-016,Research & Development,Technology and Innovation,ORGANIZATIONAL-UNIT-RND-TEAM-03,LOC-HQ,POS-673,Senior Research Scientist,Senior,Permanent,Active,EMP682,2022-01-01,1986-08-07,39,2046-08-07,NOT_DUE,2022-01-01,2022-04-01,2022-04-01,3,0,CONFIRMED,2022-03-28,COMPLETED,,,,,,77.9,86.2,86.8,Stable,100.0,3.5,No,NONE,,Additive synthetic operational layer based on existing 720-employee data,2026-08-01,0,,,NONE,,NONE,,,NONE,,,NONE,,,NONE,,,,0,,Active,DEPARTMENT-016,Research & Development,Technology and Innovation,ORGANIZATIONAL-UNIT-RND-TEAM-03,LOC-HQ,POS-673,Senior Research Scientist,Senior,Permanent,EMP682,,,
EMP690,Imran Dar,DEPARTMENT-016,Research & Development,Technology and Innovation,ORGANIZATIONAL-UNIT-RND-TEAM-02,LOC-HQ,POS-674,Senior Research Scientist,Senior,Permanent,Active,EMP677,2020-03-01,1986-11-25,39,2046-11-25,NOT_DUE,2020-03-01,2020-06-01,2020-06-01,3,0,CONFIRMED,2020-06-09,COMPLETED,,,,,,82.4,88.8,85.62,Stable,89.2,3.5,No,NONE,,Additive synthetic operational layer based on existing 720-employee data,2026-08-01,0,,,NONE,,NONE,,,NONE,,,NONE,,,NONE,,,,0,,Active,DEPARTMENT-016,Research & Development,Technology and Innovation,ORGANIZATIONAL-UNIT-RND-TEAM-02,LOC-HQ,POS-674,Senior Research Scientist,Senior,Permanent,EMP677,,,
EMP691,Raza Bukhari,DEPARTMENT-016,Research & Development,Technology and Innovation,ORGANIZATIONAL-UNIT-RND-TEAM-01,LOC-HQ,POS-675,Research Analyst,Mid,Permanent,Active,EMP678,2024-08-01,1998-09-05,27,2058-09-05,NOT_DUE,2024-08-01,2024-11-01,2024-11-01,3,0,CONFIRMED,2024-10-26,COMPLETED,,,,,,75.3,91.0,82.0,Stable,89.2,3.9,No,NONE,,Additive synthetic operational layer based on existing 720-employee data,2026-08-01,0,,,NONE,,NONE,,,NONE,,,NONE,,,NONE,,,,0,,Active,DEPARTMENT-016,Research & Development,Technology and Innovation,ORGANIZATIONAL-UNIT-RND-TEAM-01,LOC-HQ,POS-675,Research Analyst,Mid,Permanent,EMP678,,,
EMP692,Amna Yousaf,DEPARTMENT-016,Research & Development,Technology and Innovation,ORGANIZATIONAL-UNIT-RND-TEAM-03,LOC-HQ,POS-676,Research Analyst,Mid,Permanent,Active,EMP679,2023-05-01,1994-10-29,31,2054-10-29,NOT_DUE,2023-05-01,2023-08-01,2023-08-01,3,0,CONFIRMED,2023-08-01,COMPLETED,,,,,,70.1,78.0,80.9,Improving,95.4,3.6,No,NONE,,Additive synthetic operational layer based on existing 720-employee data,2026-08-01,0,,,NONE,,NONE,,,NONE,,,NONE,,,NONE,,,,0,,Active,DEPARTMENT-016,Research & Development,Technology and Innovation,ORGANIZATIONAL-UNIT-RND-TEAM-03,LOC-HQ,POS-676,Research Analyst,Mid,Permanent,EMP679,,,
EMP693,Waqas Bukhari,DEPARTMENT-016,Research & Development,Technology and Innovation,ORGANIZATIONAL-UNIT-RND-TEAM-01,LOC-HQ,POS-677,Research Analyst,Mid,Contract,Active,EMP680,2025-02-01,1993-08-28,32,2053-08-28,NOT_DUE,2025-02-01,2025-05-01,2025-05-01,3,0,CONFIRMED,2025-05-10,COMPLETED,2026-02-01,2027-01-31,12,1,ACTIVE,79.8,83.8,88.12,Stable,96.9,4.0,No,NONE,,Additive synthetic operational layer based on existing 720-employee data,2026-08-01,0,,,NONE,,NONE,,,NONE,,,NONE,,,NONE,,,,0,,Active,DEPARTMENT-016,Research & Development,Technology and Innovation,ORGANIZATIONAL-UNIT-RND-TEAM-01,LOC-HQ,POS-677,Research Analyst,Mid,Contract,EMP680,,,
EMP694,Omar Khan,DEPARTMENT-016,Research & Development,Technology and Innovation,ORGANIZATIONAL-UNIT-RND-TEAM-03,LOC-HQ,POS-678,Research Analyst,Mid,Contract,Active,EMP681,2020-06-01,1989-05-02,37,2049-05-02,NOT_DUE,2020-06-01,2020-09-01,2020-09-01,3,0,CONFIRMED,2020-09-15,COMPLETED,2026-06-01,2027-05-31,12,6,ACTIVE,89.2,91.0,94.23,Improving,100.0,3.8,No,NONE,,Additive synthetic operational layer based on existing 720-employee data,2026-08-01,0,,,NONE,,NONE,,,NONE,,,NONE,,,NONE,,,,0,,Active,DEPARTMENT-016,Research & Development,Technology and Innovation,ORGANIZATIONAL-UNIT-RND-TEAM-03,LOC-HQ,POS-678,Research Analyst,Mid,Contract,EMP681,,,
EMP695,Noman Hameed,DEPARTMENT-016,Research & Development,Technology and Innovation,ORGANIZATIONAL-UNIT-RND-TEAM-01,LOC-HQ,POS-679,Research Analyst,Mid,Permanent,Active,EMP682,2019-03-01,1991-07-11,35,2051-07-11,NOT_DUE,2019-03-01,2019-06-01,2019-06-01,3,0,CONFIRMED,2019-06-09,COMPLETED,,,,,,86.2,94.8,83.27,Improving,96.9,4.2,No,NONE,,Additive synthetic operational layer based on existing 720-employee data,2026-08-01,0,,,NONE,,NONE,,,NONE,,,NONE,,,NONE,,,,0,,Active,DEPARTMENT-016,Research & Development,Technology and Innovation,ORGANIZATIONAL-UNIT-RND-TEAM-01,LOC-HQ,POS-679,Research Analyst,Mid,Permanent,EMP682,,,
EMP696,Taha Baig,DEPARTMENT-016,Research & Development,Technology and Innovation,ORGANIZATIONAL-UNIT-RND-TEAM-02,LOC-HQ,POS-680,Research Analyst,Mid,Permanent,Active,EMP677,2024-08-01,1997-07-01,29,2057-07-01,NOT_DUE,2024-08-01,2024-11-01,2024-11-01,3,0,CONFIRMED,2024-11-03,COMPLETED,,,,,,72.8,67.6,90.08,Stable,96.9,3.2,No,NONE,,Additive synthetic operational layer based on existing 720-employee data,2026-08-01,0,,,NONE,,NONE,,,NONE,,,NONE,,,NONE,,,,0,,Active,DEPARTMENT-016,Research & Development,Technology and Innovation,ORGANIZATIONAL-UNIT-RND-TEAM-02,LOC-HQ,POS-680,Research Analyst,Mid,Permanent,EMP677,,,
EMP697,Fahad Khalid,DEPARTMENT-016,Research & Development,Technology and Innovation,ORGANIZATIONAL-UNIT-RND-TEAM-03,LOC-HQ,POS-681,Research Analyst,Mid,Contract,Active,EMP678,2020-09-01,1991-02-13,35,2051-02-13,NOT_DUE,2020-09-01,2020-12-01,2020-12-01,3,0,CONFIRMED,2020-12-13,COMPLETED,2025-09-01,2026-08-31,12,5,EXPIRING_30D,67.3,72.0,74.5,Improving,100.0,3.6,No,CONTRACT_END,2026-08-31,Additive synthetic operational layer based on existing 720-employee data,2026-08-01,0,,,NON_RENEW,2026-08-31,PENDING,2026-09-07,HRACT-00277,NONE,,,NONE,,,NONE,,,,0,,Active,DEPARTMENT-016,Research & Development,Technology and Innovation,ORGANIZATIONAL-UNIT-RND-TEAM-03,LOC-HQ,POS-681,Research Analyst,Mid,Contract,EMP678,,,
EMP698,Amna Siddiqui,DEPARTMENT-016,Research & Development,Technology and Innovation,ORGANIZATIONAL-UNIT-RND-TEAM-01,LOC-HQ,POS-682,Research Analyst,Mid,Permanent,Active,EMP679,2019-10-01,1993-04-25,33,2053-04-25,NOT_DUE,2019-10-01,2020-01-01,2020-01-01,3,0,CONFIRMED,2020-01-01,COMPLETED,,,,,,73.8,66.4,90.16,Stable,100.0,3.2,No,NONE,,Additive synthetic operational layer based on existing 720-employee data,2026-08-01,0,,,NONE,,NONE,,,NONE,,,NONE,,,NONE,,,,0,,Active,DEPARTMENT-016,Research & Development,Technology and Innovation,ORGANIZATIONAL-UNIT-RND-TEAM-01,LOC-HQ,POS-682,Research Analyst,Mid,Permanent,EMP679,,,
EMP699,Maha Shah,DEPARTMENT-016,Research & Development,Technology and Innovation,ORGANIZATIONAL-UNIT-RND-TEAM-02,LOC-HQ,POS-683,Research Analyst,Mid,Permanent,Active,EMP680,2020-06-01,1992-12-27,33,2052-12-27,NOT_DUE,2020-06-01,2020-09-01,2020-09-01,3,0,CONFIRMED,2020-09-15,COMPLETED,,,,,,63.7,68.8,87.25,Declining,98.5,2.9,Yes,NONE,,Additive synthetic operational layer based on existing 720-employee data,2026-08-01,0,,,NONE,,NONE,,,NONE,,,NONE,,,NONE,,,,0,,Active,DEPARTMENT-016,Research & Development,Technology and Innovation,ORGANIZATIONAL-UNIT-RND-TEAM-02,LOC-HQ,POS-683,Research Analyst,Mid,Permanent,EMP680,,,
EMP700,Eman Ismail,DEPARTMENT-016,Research & Development,Technology and Innovation,ORGANIZATIONAL-UNIT-RND-TEAM-02,LOC-HQ,POS-684,Research Analyst,Mid,Permanent,Active,EMP681,2020-02-01,1990-11-24,35,2050-11-24,NOT_DUE,2020-02-01,2020-05-01,2020-05-01,3,0,CONFIRMED,2020-05-09,COMPLETED,,,,,,81.6,91.0,84.39,Stable,100.0,3.5,No,NONE,,Additive synthetic operational layer based on existing 720-employee data,2026-08-01,0,,,NONE,,NONE,,,NONE,,,NONE,,,NONE,,,,0,,Active,DEPARTMENT-016,Research & Development,Technology and Innovation,ORGANIZATIONAL-UNIT-RND-TEAM-02,LOC-HQ,POS-684,Research Analyst,Mid,Permanent,EMP681,,,
EMP701,Zainab Faisal,DEPARTMENT-016,Research & Development,Technology and Innovation,ORGANIZATIONAL-UNIT-RND-TEAM-02,LOC-HQ,POS-685,Research Analyst,Mid,Permanent,Active,EMP682,2019-04-01,1989-05-14,37,2049-05-14,NOT_DUE,2019-04-01,2019-07-01,2019-07-01,3,0,CONFIRMED,2019-07-07,COMPLETED,,,,,,69.9,73.2,76.36,Stable,100.0,3.6,No,NONE,,Additive synthetic operational layer based on existing 720-employee data,2026-08-01,0,,,NONE,,NONE,,,NONE,,,NONE,,,NONE,,,,0,,Active,DEPARTMENT-016,Research & Development,Technology and Innovation,ORGANIZATIONAL-UNIT-RND-TEAM-02,LOC-HQ,POS-685,Research Analyst,Mid,Permanent,EMP682,,,
EMP702,Laiba Sultan,DEPARTMENT-016,Research & Development,Technology and Innovation,ORGANIZATIONAL-UNIT-RND-TEAM-02,LOC-HQ,POS-686,Research Analyst,Mid,Permanent,Active,EMP677,2024-08-01,1992-01-20,34,2052-01-20,NOT_DUE,2024-08-01,2024-11-01,2024-11-01,3,0,CONFIRMED,2024-11-12,COMPLETED,,,,,,52.4,73.2,73.35,Declining,95.4,3.8,No,NONE,,Additive synthetic operational layer based on existing 720-employee data,2026-08-01,0,,,NONE,,NONE,,,NONE,,,NONE,,,NONE,,,,0,,Active,DEPARTMENT-016,Research & Development,Technology and Innovation,ORGANIZATIONAL-UNIT-RND-TEAM-02,LOC-HQ,POS-686,Research Analyst,Mid,Permanent,EMP677,,,
EMP703,Laiba Baig,DEPARTMENT-016,Research & Development,Technology and Innovation,ORGANIZATIONAL-UNIT-RND-TEAM-03,LOC-HQ,POS-687,Research Analyst,Mid,Permanent,Active,EMP678,2025-02-01,1992-04-13,34,2052-04-13,NOT_DUE,2025-02-01,2025-05-01,2025-05-01,3,0,CONFIRMED,2025-05-15,COMPLETED,,,,,,66.7,75.6,81.38,Stable,98.5,3.5,No,NONE,,Additive synthetic operational layer based on existing 720-employee data,2026-08-01,0,,,NONE,,NONE,,,NONE,,,NONE,,,NONE,,,,0,,Active,DEPARTMENT-016,Research & Development,Technology and Innovation,ORGANIZATIONAL-UNIT-RND-TEAM-03,LOC-HQ,POS-687,Research Analyst,Mid,Permanent,EMP678,,,
EMP704,Minal Sultan,DEPARTMENT-016,Research & Development,Technology and Innovation,ORGANIZATIONAL-UNIT-RND-TEAM-03,LOC-HQ,POS-688,Research Analyst,Mid,Permanent,Active,EMP679,2024-08-01,1994-03-31,32,2054-03-31,NOT_DUE,2024-08-01,2024-11-01,2024-11-01,3,0,CONFIRMED,2024-11-04,COMPLETED,,,,,,77.8,88.6,87.6,Stable,98.5,4.0,No,NONE,,Additive synthetic operational layer based on existing 720-employee data,2026-08-01,0,,,NONE,,NONE,,,NONE,,,NONE,,,NONE,,,,0,,Active,DEPARTMENT-016,Research & Development,Technology and Innovation,ORGANIZATIONAL-UNIT-RND-TEAM-03,LOC-HQ,POS-688,Research Analyst,Mid,Permanent,EMP679,,,
EMP705,Taha Akhtar,DEPARTMENT-016,Research & Development,Technology and Innovation,ORGANIZATIONAL-UNIT-RND-TEAM-01,LOC-HQ,POS-689,Research Associate,Junior,Permanent,Active,EMP688,2024-01-01,2000-09-11,25,2060-09-11,NOT_DUE,2024-01-01,2024-04-01,2024-04-01,3,0,CONFIRMED,2024-04-07,COMPLETED,,,,,,62.2,44.6,83.5,Stable,95.4,2.9,No,NONE,,Additive synthetic operational layer based on existing 720-employee data,2026-08-01,0,,,NONE,,NONE,,,NONE,,,NONE,,,NONE,,,,0,,Active,DEPARTMENT-016,Research & Development,Technology and Innovation,ORGANIZATIONAL-UNIT-RND-TEAM-01,LOC-HQ,POS-689,Research Associate,Junior,Permanent,EMP688,,,
EMP706,Sidra Mahmood,DEPARTMENT-016,Research & Development,Technology and Innovation,ORGANIZATIONAL-UNIT-RND-TEAM-01,LOC-HQ,POS-690,Research Associate,Junior,Permanent,Active,EMP689,2025-02-01,2001-09-25,24,2061-09-25,NOT_DUE,2025-02-01,2025-05-01,2025-05-01,3,0,CONFIRMED,2025-05-07,COMPLETED,,,,,,71.2,42.2,91.85,Improving,98.5,2.5,Yes,NONE,,Additive synthetic operational layer based on existing 720-employee data,2026-08-01,0,,,NONE,,NONE,,,NONE,,,NONE,,,NONE,,,,0,,Active,DEPARTMENT-016,Research & Development,Technology and Innovation,ORGANIZATIONAL-UNIT-RND-TEAM-01,LOC-HQ,POS-690,Research Associate,Junior,Permanent,EMP689,,,
EMP707,Laiba Munir,DEPARTMENT-016,Research & Development,Technology and Innovation,ORGANIZATIONAL-UNIT-RND-TEAM-03,LOC-HQ,POS-691,Research Associate,Junior,Permanent,Active,EMP690,2025-03-01,2000-08-09,25,2060-08-09,NOT_DUE,2025-03-01,2025-06-01,2025-06-01,3,0,CONFIRMED,2025-05-28,COMPLETED,,,,,,60.8,57.4,78.39,Stable,96.9,4.6,Yes,NONE,,Additive synthetic operational layer based on existing 720-employee data,2026-08-01,0,,,NONE,,NONE,,,NONE,,,NONE,,,NONE,,,,0,,Active,DEPARTMENT-016,Research & Development,Technology and Innovation,ORGANIZATIONAL-UNIT-RND-TEAM-03,LOC-HQ,POS-691,Research Associate,Junior,Permanent,EMP690,,,
EMP708,Maryam Akhtar,DEPARTMENT-016,Research & Development,Technology and Innovation,ORGANIZATIONAL-UNIT-RND-TEAM-02,LOC-HQ,POS-692,Research Associate,Junior,Permanent,Active,EMP677,2025-12-01,1998-11-03,27,2058-11-03,NOT_DUE,2025-12-01,2026-03-01,2026-03-01,3,0,CONFIRMED,2026-03-10,COMPLETED,,,,,,64.3,44.6,82.25,Improving,92.3,2.9,No,NONE,,Additive synthetic operational layer based on existing 720-employee data,2026-08-01,0,,,NONE,,NONE,,,NONE,,,NONE,,,NONE,,,,0,,Active,DEPARTMENT-016,Research & Development,Technology and Innovation,ORGANIZATIONAL-UNIT-RND-TEAM-02,LOC-HQ,POS-692,Research Associate,Junior,Permanent,EMP677,,,
EMP709,Ayesha Tariq,DEPARTMENT-016,Research & Development,Technology and Innovation,ORGANIZATIONAL-UNIT-RND-TEAM-01,LOC-HQ,POS-693,Research Associate,Junior,Permanent,Active,EMP678,2023-05-01,1996-09-30,29,2056-09-30,NOT_DUE,2023-05-01,2023-08-01,2023-08-01,3,0,CONFIRMED,2023-08-03,COMPLETED,,,,,,67.8,42.2,85.93,Improving,100.0,3.2,No,NONE,,Additive synthetic operational layer based on existing 720-employee data,2026-08-01,0,,,NONE,,NONE,,,NONE,,,NONE,,,NONE,,,,0,,Active,DEPARTMENT-016,Research & Development,Technology and Innovation,ORGANIZATIONAL-UNIT-RND-TEAM-01,LOC-HQ,POS-693,Research Associate,Junior,Permanent,EMP678,,,
EMP710,Sara Hameed,DEPARTMENT-016,Research & Development,Technology and Innovation,ORGANIZATIONAL-UNIT-RND-TEAM-01,LOC-HQ,POS-694,Research Associate,Junior,Contract,Active,EMP679,2024-01-01,1998-05-23,28,2058-05-23,NOT_DUE,2024-01-01,2024-04-01,2024-04-01,3,0,CONFIRMED,2024-04-01,COMPLETED,2026-01-01,2026-12-31,12,2,ACTIVE,69.3,49.0,87.54,Stable,92.3,4.5,No,NONE,,Additive synthetic operational layer based on existing 720-employee data,2026-08-01,0,,,NONE,,NONE,,,NONE,,,NONE,,,NONE,,,,0,,Active,DEPARTMENT-016,Research & Development,Technology and Innovation,ORGANIZATIONAL-UNIT-RND-TEAM-01,LOC-HQ,POS-694,Research Associate,Junior,Contract,EMP679,,,
EMP711,Shahzaib Siddiqui,DEPARTMENT-016,Research & Development,Technology and Innovation,ORGANIZATIONAL-UNIT-RND-TEAM-02,LOC-HQ,POS-695,Research Associate,Junior,Permanent,Active,EMP680,2023-09-01,1995-11-06,30,2055-11-06,NOT_DUE,2023-09-01,2023-12-01,2023-12-01,3,0,CONFIRMED,2023-12-05,COMPLETED,,,,,,68.8,51.4,88.0,Stable,98.5,4.0,Yes,NONE,,Additive synthetic operational layer based on existing 720-employee data,2026-08-01,0,,,NONE,,NONE,,,NONE,,,NONE,,,NONE,,,,0,,Active,DEPARTMENT-016,Research & Development,Technology and Innovation,ORGANIZATIONAL-UNIT-RND-TEAM-02,LOC-HQ,POS-695,Research Associate,Junior,Permanent,EMP680,,,
EMP712,Minal Hussain,DEPARTMENT-016,Research & Development,Technology and Innovation,ORGANIZATIONAL-UNIT-RND-TEAM-03,LOC-HQ,POS-696,Research Associate,Junior,Permanent,Active,EMP681,2025-05-01,1997-02-19,29,2057-02-19,NOT_DUE,2025-05-01,2025-08-01,2025-08-01,3,0,CONFIRMED,2025-08-08,COMPLETED,,,,,,61.9,53.8,82.23,Stable,95.4,3.7,No,NONE,,Additive synthetic operational layer based on existing 720-employee data,2026-08-01,0,,,NONE,,NONE,,,NONE,,,NONE,,,NONE,,,,0,,Active,DEPARTMENT-016,Research & Development,Technology and Innovation,ORGANIZATIONAL-UNIT-RND-TEAM-03,LOC-HQ,POS-696,Research Associate,Junior,Permanent,EMP681,,,
EMP713,Kashif Qureshi,DEPARTMENT-016,Research & Development,Technology and Innovation,ORGANIZATIONAL-UNIT-RND-TEAM-03,LOC-HQ,POS-697,Research Associate,Junior,Permanent,Active,EMP682,2026-02-01,1997-04-27,29,2057-04-27,NOT_DUE,2026-02-01,2026-05-01,2026-05-01,3,0,CONFIRMED,2026-05-12,COMPLETED,,,,,,68.6,51.4,91.84,Stable,96.9,3.8,No,NONE,,Additive synthetic operational layer based on existing 720-employee data,2026-08-01,0,,,NONE,,NONE,,,NONE,,,NONE,,,NONE,,,,0,,Active,DEPARTMENT-016,Research & Development,Technology and Innovation,ORGANIZATIONAL-UNIT-RND-TEAM-03,LOC-HQ,POS-697,Research Associate,Junior,Permanent,EMP682,,,
EMP714,Maryam Ejaz,DEPARTMENT-016,Research & Development,Technology and Innovation,ORGANIZATIONAL-UNIT-RND-TEAM-01,LOC-HQ,POS-698,Research Associate,Junior,Contract,Active,EMP683,2023-09-01,1998-04-14,28,2058-04-14,NOT_DUE,2023-09-01,2023-12-01,2023-12-01,3,0,CONFIRMED,2023-12-09,COMPLETED,2025-09-01,2026-08-31,12,2,EXPIRING_30D,68.7,48.2,83.81,Improving,95.4,2.5,Yes,NONE,,Additive synthetic operational layer based on existing 720-employee data,2026-08-01,0,,,NONE,,NONE,,,NONE,,,NONE,,,NONE,,,,0,,Active,DEPARTMENT-016,Research & Development,Technology and Innovation,ORGANIZATIONAL-UNIT-RND-TEAM-01,LOC-HQ,POS-698,Research Associate,Junior,Contract,EMP683,,,
EMP715,Ali Munir,DEPARTMENT-016,Research & Development,Technology and Innovation,ORGANIZATIONAL-UNIT-RND-TEAM-01,LOC-HQ,POS-699,Research Associate,Junior,Contract,Active,EMP684,2024-09-01,1999-05-17,27,2059-05-17,NOT_DUE,2024-09-01,2024-12-01,2024-12-01,3,0,CONFIRMED,2024-12-08,COMPLETED,2025-09-01,2026-08-31,12,1,EXPIRING_30D,64.3,43.4,87.54,Stable,98.5,2.9,Yes,NONE,,Additive synthetic operational layer based on existing 720-employee data,2026-08-01,0,,,NONE,,NONE,,,NONE,,,NONE,,,NONE,,,,0,,Active,DEPARTMENT-016,Research & Development,Technology and Innovation,ORGANIZATIONAL-UNIT-RND-TEAM-01,LOC-HQ,POS-699,Research Associate,Junior,Contract,EMP684,,,
EMP716,Saba Awan,DEPARTMENT-016,Research & Development,Technology and Innovation,ORGANIZATIONAL-UNIT-RND-TEAM-03,LOC-HQ,POS-700,Research Associate,Junior,Permanent,Active,EMP685,2024-09-01,1999-05-02,27,2059-05-02,NOT_DUE,2024-09-01,2024-12-01,2024-12-01,3,0,CONFIRMED,2024-12-05,COMPLETED,,,,,,69.8,45.8,88.33,Improving,98.5,2.5,Yes,NONE,,Additive synthetic operational layer based on existing 720-employee data,2026-08-01,0,,,NONE,,NONE,,,NONE,,,NONE,,,NONE,,,,0,,Active,DEPARTMENT-016,Research & Development,Technology and Innovation,ORGANIZATIONAL-UNIT-RND-TEAM-03,LOC-HQ,POS-700,Research Associate,Junior,Permanent,EMP685,,,
EMP717,Minal Hameed,DEPARTMENT-016,Research & Development,Technology and Innovation,ORGANIZATIONAL-UNIT-RND-TEAM-02,LOC-HQ,POS-701,Research Associate,Junior,Permanent,Active,EMP686,2023-07-01,1995-04-12,31,2055-04-12,NOT_DUE,2023-07-01,2023-10-01,2023-10-01,3,0,CONFIRMED,2023-10-09,COMPLETED,,,,,,53.1,42.2,81.43,Declining,98.5,3.1,Yes,NONE,,Additive synthetic operational layer based on existing 720-employee data,2026-08-01,0,,,NONE,,NONE,,,NONE,,,NONE,,,NONE,,,,0,,Active,DEPARTMENT-016,Research & Development,Technology and Innovation,ORGANIZATIONAL-UNIT-RND-TEAM-02,LOC-HQ,POS-701,Research Associate,Junior,Permanent,EMP686,,,
EMP718,Laiba Ansari,DEPARTMENT-016,Research & Development,Technology and Innovation,ORGANIZATIONAL-UNIT-RND-TEAM-03,LOC-HQ,POS-702,Research Intern,Intern,Internship,Active,EMP687,2025-09-01,1999-08-10,26,2059-08-10,NOT_DUE,,,,,0,NOT_APPLICABLE,,,,,,,,34.2,56.2,83.72,Stable,93.8,4.5,No,NONE,,Additive synthetic operational layer based on existing 720-employee data,2026-08-01,0,,,NONE,,NONE,,,NONE,,,NONE,,,NONE,,,,0,,Active,DEPARTMENT-016,Research & Development,Technology and Innovation,ORGANIZATIONAL-UNIT-RND-TEAM-03,LOC-HQ,POS-702,Research Intern,Intern,Internship,EMP687,,,
EMP719,Mahnoor Sultan,DEPARTMENT-016,Research & Development,Technology and Innovation,ORGANIZATIONAL-UNIT-RND-TEAM-02,LOC-HQ,POS-703,Research Intern,Intern,Internship,Probation,EMP688,2026-06-01,2000-10-29,25,2060-10-29,NOT_DUE,2026-06-01,2026-08-01,2026-08-01,2,0,DUE_SOON,,EXTEND,,,,,,33.6,16.0,87.57,Stable,96.9,3.0,No,NONE,,Additive synthetic operational layer based on existing 720-employee data,2026-08-01,0,,,NONE,,NONE,,,NONE,,,NONE,,,NONE,,,,0,,Probation,DEPARTMENT-016,Research & Development,Technology and Innovation,ORGANIZATIONAL-UNIT-RND-TEAM-02,LOC-HQ,POS-703,Research Intern,Intern,Internship,EMP688,,,
EMP720,Fahad Awan,DEPARTMENT-016,Research & Development,Technology and Innovation,ORGANIZATIONAL-UNIT-RND-TEAM-01,LOC-HQ,POS-704,Research Intern,Intern,Internship,Active,EMP689,2026-04-01,1997-04-11,29,2057-04-11,NOT_DUE,,,,,0,NOT_APPLICABLE,,,,,,,,29.0,55.2,78.76,Stable,100.0,3.7,Yes,NONE,,Additive synthetic operational layer based on existing 720-employee data,2026-08-01,0,,,NONE,,NONE,,,NONE,,,NONE,,,NONE,,,,0,,Active,DEPARTMENT-016,Research & Development,Technology and Innovation,ORGANIZATIONAL-UNIT-RND-TEAM-01,LOC-HQ,POS-704,Research Intern,Intern,Internship,EMP689,,,
