Employee_ID,Employee_Name,Department,Position_ID,Skill_ID,Skill_Name,Skill_Category,Skill_Type,Skill_Status,Proficiency_Level,Proficiency_Label,Skill_Score,Years_Using_Skill,Last_Assessed_Months_Ago,Certification_Status,Is_Primary_Skill,Department_ID,Business_Unit,Organizational_Unit_ID,Work_Location_ID,Data_As_Of_Date
EMP001,Sonia Hassan,HR,POS-001,S046,Leadership,Leadership,Leadership,Developing,5,Expert,93.1,7.9,13,Not Required,Yes,DEPARTMENT-001,Corporate Services,ORGANIZATIONAL-UNIT-HR,LOC-HQ,2026-08-01
EMP001,Sonia Hassan,HR,POS-001,S033,Performance Management,Functional,Core,Verified,5,Expert,97.4,10.9,8,Not Required,Yes,DEPARTMENT-001,Corporate Services,ORGANIZATIONAL-UNIT-HR,LOC-HQ,2026-08-01
EMP001,Sonia Hassan,HR,POS-001,S034,Employee Relations,Behavioral,Core,Verified,5,Expert,96.7,11.5,6,Not Required,No,DEPARTMENT-001,Corporate Services,ORGANIZATIONAL-UNIT-HR,LOC-HQ,2026-08-01
EMP001,Sonia Hassan,HR,POS-001,S035,Learning & Development,Functional,Core,Developing,4,Advanced,68.0,9.8,9,Not Required,No,DEPARTMENT-001,Corporate Services,ORGANIZATIONAL-UNIT-HR,LOC-HQ,2026-08-01
EMP001,Sonia Hassan,HR,POS-001,S045,Stakeholder Management,Behavioral,Leadership,Verified,5,Expert,90.6,11.3,10,Not Required,No,DEPARTMENT-001,Corporate Services,ORGANIZATIONAL-UNIT-HR,LOC-HQ,2026-08-01
EMP002,Bilal Aziz,Sales,POS-002,S016,Account Management,Functional,Core,Verified,4,Advanced,78.3,2.5,11,Not Required,Yes,DEPARTMENT-003,Commercial Services,ORGANIZATIONAL-UNIT-SAL-TEAM-03,LOC-NORTH,2026-08-01
EMP002,Bilal Aziz,Sales,POS-002,S014,Negotiation,Behavioral,Core,Verified,4,Advanced,90.3,4.6,2,Not Required,Yes,DEPARTMENT-003,Commercial Services,ORGANIZATIONAL-UNIT-SAL-TEAM-03,LOC-NORTH,2026-08-01
EMP002,Bilal Aziz,Sales,POS-002,S015,CRM Management,Digital,Core,Developing,4,Advanced,82.5,2.8,14,Not Required,No,DEPARTMENT-003,Commercial Services,ORGANIZATIONAL-UNIT-SAL-TEAM-03,LOC-NORTH,2026-08-01
EMP002,Bilal Aziz,Sales,POS-002,S017,Pipeline Management,Functional,Core,Verified,4,Advanced,83.5,3.6,2,Not Required,No,DEPARTMENT-003,Commercial Services,ORGANIZATIONAL-UNIT-SAL-TEAM-03,LOC-NORTH,2026-08-01
EMP002,Bilal Aziz,Sales,POS-002,S018,Product Knowledge,Functional,Core,Developing,3,Competent,61.5,2.9,16,Not Required,No,DEPARTMENT-003,Commercial Services,ORGANIZATIONAL-UNIT-SAL-TEAM-03,LOC-NORTH,2026-08-01
EMP003,Kamran Ali,Finance,POS-003,S025,Financial Analysis,Functional,Core,Verified,4,Advanced,76.3,2.3,3,Certification Planned,Yes,DEPARTMENT-002,Corporate Services,ORGANIZATIONAL-UNIT-FIN-TEAM-01,LOC-HQ,2026-08-01
EMP003,Kamran Ali,Finance,POS-003,S026,Accounting & Reconciliation,Functional,Core,Developing,4,Advanced,74.7,2.3,16,Not Required,Yes,DEPARTMENT-002,Corporate Services,ORGANIZATIONAL-UNIT-FIN-TEAM-01,LOC-HQ,2026-08-01
EMP003,Kamran Ali,Finance,POS-003,S027,Budgeting & Forecasting,Functional,Core,Developing,3,Competent,62.5,2.3,5,Not Required,No,DEPARTMENT-002,Corporate Services,ORGANIZATIONAL-UNIT-FIN-TEAM-01,LOC-HQ,2026-08-01
EMP003,Kamran Ali,Finance,POS-003,S029,Advanced Excel,Digital,Core,Developing,3,Competent,60.9,1.5,7,Not Certified,No,DEPARTMENT-002,Corporate Services,ORGANIZATIONAL-UNIT-FIN-TEAM-01,LOC-HQ,2026-08-01
EMP003,Kamran Ali,Finance,POS-003,S030,Risk Analysis,Functional,Core,Developing,3,Competent,60.6,1.4,8,Not Certified,No,DEPARTMENT-002,Corporate Services,ORGANIZATIONAL-UNIT-FIN-TEAM-01,LOC-HQ,2026-08-01
EMP004,Ali Masood,Finance,POS-004,S025,Financial Analysis,Functional,Core,Developing,4,Advanced,81.0,2.2,15,Certified,Yes,DEPARTMENT-002,Corporate Services,ORGANIZATIONAL-UNIT-FIN-TEAM-02,LOC-HQ,2026-08-01
EMP004,Ali Masood,Finance,POS-004,S026,Accounting & Reconciliation,Functional,Core,Developing,4,Advanced,78.5,3.5,15,Not Required,Yes,DEPARTMENT-002,Corporate Services,ORGANIZATIONAL-UNIT-FIN-TEAM-02,LOC-HQ,2026-08-01
EMP004,Ali Masood,Finance,POS-004,S027,Budgeting & Forecasting,Functional,Core,Developing,4,Advanced,78.3,3.1,16,Not Required,No,DEPARTMENT-002,Corporate Services,ORGANIZATIONAL-UNIT-FIN-TEAM-02,LOC-HQ,2026-08-01
EMP004,Ali Masood,Finance,POS-004,S029,Advanced Excel,Digital,Core,Developing,4,Advanced,74.6,3.0,13,Certification Planned,No,DEPARTMENT-002,Corporate Services,ORGANIZATIONAL-UNIT-FIN-TEAM-02,LOC-HQ,2026-08-01
EMP004,Ali Masood,Finance,POS-004,S030,Risk Analysis,Functional,Core,Developing,4,Advanced,76.8,3.3,14,Certification Planned,No,DEPARTMENT-002,Corporate Services,ORGANIZATIONAL-UNIT-FIN-TEAM-02,LOC-HQ,2026-08-01
EMP005,Farhan Shah,Engineering,POS-005,S001,Python Programming,Technical,Core,Needs Development,2,Basic,35.0,1.1,13,Not Required,Yes,DEPARTMENT-005,Technology and Innovation,ORGANIZATIONAL-UNIT-ENG-TEAM-03,LOC-HQ,2026-08-01
EMP005,Farhan Shah,Engineering,POS-005,S002,SQL & Databases,Technical,Core,Developing,3,Competent,55.6,0.9,13,Not Required,Yes,DEPARTMENT-005,Technology and Innovation,ORGANIZATIONAL-UNIT-ENG-TEAM-03,LOC-HQ,2026-08-01
EMP005,Farhan Shah,Engineering,POS-005,S004,Software Testing,Technical,Core,Needs Development,1,Beginner,35.0,0.8,10,Not Required,No,DEPARTMENT-005,Technology and Innovation,ORGANIZATIONAL-UNIT-ENG-TEAM-03,LOC-HQ,2026-08-01
EMP005,Farhan Shah,Engineering,POS-005,S044,Problem Solving,Behavioral,Common,Needs Development,2,Basic,41.3,0.7,11,Not Required,No,DEPARTMENT-005,Technology and Innovation,ORGANIZATIONAL-UNIT-ENG-TEAM-03,LOC-HQ,2026-08-01
EMP005,Farhan Shah,Engineering,POS-005,S043,Teamwork,Behavioral,Common,Needs Development,2,Basic,35.0,0.9,7,Not Required,No,DEPARTMENT-005,Technology and Innovation,ORGANIZATIONAL-UNIT-ENG-TEAM-03,LOC-HQ,2026-08-01
EMP006,Sehrish Tariq,Engineering,POS-006,S001,Python Programming,Technical,Core,Verified,4,Advanced,73.3,3.3,9,Not Required,Yes,DEPARTMENT-005,Technology and Innovation,ORGANIZATIONAL-UNIT-ENG-TEAM-01,LOC-HQ,2026-08-01
EMP006,Sehrish Tariq,Engineering,POS-006,S002,SQL & Databases,Technical,Core,Verified,4,Advanced,74.5,3.1,5,Not Required,Yes,DEPARTMENT-005,Technology and Innovation,ORGANIZATIONAL-UNIT-ENG-TEAM-01,LOC-HQ,2026-08-01
EMP006,Sehrish Tariq,Engineering,POS-006,S003,API Development,Technical,Core,Verified,4,Advanced,72.7,4.6,8,Not Required,No,DEPARTMENT-005,Technology and Innovation,ORGANIZATIONAL-UNIT-ENG-TEAM-01,LOC-HQ,2026-08-01
EMP006,Sehrish Tariq,Engineering,POS-006,S004,Software Testing,Technical,Core,Developing,4,Advanced,67.3,5.9,11,Not Required,No,DEPARTMENT-005,Technology and Innovation,ORGANIZATIONAL-UNIT-ENG-TEAM-01,LOC-HQ,2026-08-01
EMP006,Sehrish Tariq,Engineering,POS-006,S044,Problem Solving,Behavioral,Common,Developing,3,Competent,55.9,3.6,15,Not Required,No,DEPARTMENT-005,Technology and Innovation,ORGANIZATIONAL-UNIT-ENG-TEAM-01,LOC-HQ,2026-08-01
EMP007,Sonia Ahmad,Customer Support,POS-007,S037,Customer Service,Functional,Core,Needs Development,2,Basic,42.8,2.0,17,Not Required,Yes,DEPARTMENT-004,Commercial Services,ORGANIZATIONAL-UNIT-CS-TEAM-02,LOC-CENTRAL,2026-08-01
EMP007,Sonia Ahmad,Customer Support,POS-007,S038,Complaint Resolution,Behavioral,Core,Developing,3,Competent,60.2,2.5,16,Not Required,Yes,DEPARTMENT-004,Commercial Services,ORGANIZATIONAL-UNIT-CS-TEAM-02,LOC-CENTRAL,2026-08-01
EMP007,Sonia Ahmad,Customer Support,POS-007,S039,Call Handling,Functional,Core,Developing,3,Competent,66.6,3.1,6,Not Required,No,DEPARTMENT-004,Commercial Services,ORGANIZATIONAL-UNIT-CS-TEAM-02,LOC-CENTRAL,2026-08-01
EMP007,Sonia Ahmad,Customer Support,POS-007,S018,Product Knowledge,Functional,Core,Needs Development,2,Basic,42.9,1.9,11,Not Required,No,DEPARTMENT-004,Commercial Services,ORGANIZATIONAL-UNIT-CS-TEAM-02,LOC-CENTRAL,2026-08-01
EMP007,Sonia Ahmad,Customer Support,POS-007,S051,Empathy & Active Listening,Behavioral,Common,Developing,3,Competent,63.9,1.9,12,Not Required,No,DEPARTMENT-004,Commercial Services,ORGANIZATIONAL-UNIT-CS-TEAM-02,LOC-CENTRAL,2026-08-01
EMP008,Iqra Bashir,Finance,POS-008,S046,Leadership,Leadership,Leadership,Developing,5,Expert,84.4,7.8,18,Not Required,Yes,DEPARTMENT-002,Corporate Services,ORGANIZATIONAL-UNIT-FIN,LOC-HQ,2026-08-01
EMP008,Iqra Bashir,Finance,POS-008,S027,Budgeting & Forecasting,Functional,Core,Developing,4,Advanced,74.9,8.6,14,Not Required,Yes,DEPARTMENT-002,Corporate Services,ORGANIZATIONAL-UNIT-FIN,LOC-HQ,2026-08-01
EMP008,Iqra Bashir,Finance,POS-008,S028,Regulatory Reporting,Compliance,Core,Verified,5,Expert,85.5,11.4,6,Certified,No,DEPARTMENT-002,Corporate Services,ORGANIZATIONAL-UNIT-FIN,LOC-HQ,2026-08-01
EMP008,Iqra Bashir,Finance,POS-008,S030,Risk Analysis,Functional,Core,Verified,4,Advanced,71.4,12.1,5,Certification Planned,No,DEPARTMENT-002,Corporate Services,ORGANIZATIONAL-UNIT-FIN,LOC-HQ,2026-08-01
EMP008,Iqra Bashir,Finance,POS-008,S045,Stakeholder Management,Behavioral,Leadership,Verified,5,Expert,88.1,8.0,8,Not Required,No,DEPARTMENT-002,Corporate Services,ORGANIZATIONAL-UNIT-FIN,LOC-HQ,2026-08-01
EMP009,Hassan Dar,Customer Support,POS-009,S046,Leadership,Leadership,Leadership,Verified,5,Expert,86.3,10.9,3,Not Required,Yes,DEPARTMENT-004,Commercial Services,ORGANIZATIONAL-UNIT-CS,LOC-CENTRAL,2026-08-01
EMP009,Hassan Dar,Customer Support,POS-009,S047,Coaching & Mentoring,Leadership,Leadership,Verified,5,Expert,89.6,9.9,6,Not Required,Yes,DEPARTMENT-004,Commercial Services,ORGANIZATIONAL-UNIT-CS,LOC-CENTRAL,2026-08-01
EMP009,Hassan Dar,Customer Support,POS-009,S040,SLA Management,Functional,Core,Developing,5,Expert,88.2,13.1,18,Not Required,No,DEPARTMENT-004,Commercial Services,ORGANIZATIONAL-UNIT-CS,LOC-CENTRAL,2026-08-01
EMP009,Hassan Dar,Customer Support,POS-009,S045,Stakeholder Management,Behavioral,Leadership,Verified,5,Expert,90.6,8.8,1,Not Required,No,DEPARTMENT-004,Commercial Services,ORGANIZATIONAL-UNIT-CS,LOC-CENTRAL,2026-08-01
EMP009,Hassan Dar,Customer Support,POS-009,S021,Process Improvement,Functional,Core,Verified,5,Expert,94.6,9.4,8,Not Required,No,DEPARTMENT-004,Commercial Services,ORGANIZATIONAL-UNIT-CS,LOC-CENTRAL,2026-08-01
EMP010,Salman Shah,Engineering,POS-010,S005,System Design,Technical,Core,Developing,4,Advanced,71.7,4.8,17,Not Required,Yes,DEPARTMENT-005,Technology and Innovation,ORGANIZATIONAL-UNIT-ENG-TEAM-02,LOC-HQ,2026-08-01
EMP010,Salman Shah,Engineering,POS-010,S003,API Development,Technical,Core,Verified,4,Advanced,79.1,6.7,5,Not Required,Yes,DEPARTMENT-005,Technology and Innovation,ORGANIZATIONAL-UNIT-ENG-TEAM-02,LOC-HQ,2026-08-01
EMP010,Salman Shah,Engineering,POS-010,S001,Python Programming,Technical,Core,Developing,4,Advanced,62.2,5.9,14,Not Required,No,DEPARTMENT-005,Technology and Innovation,ORGANIZATIONAL-UNIT-ENG-TEAM-02,LOC-HQ,2026-08-01
EMP010,Salman Shah,Engineering,POS-010,S050,Project Management,Leadership,Common,Verified,4,Advanced,84.0,7.1,8,Certified,No,DEPARTMENT-005,Technology and Innovation,ORGANIZATIONAL-UNIT-ENG-TEAM-02,LOC-HQ,2026-08-01
EMP010,Salman Shah,Engineering,POS-010,S047,Coaching & Mentoring,Leadership,Leadership,Developing,4,Advanced,75.0,5.0,13,Not Required,No,DEPARTMENT-005,Technology and Innovation,ORGANIZATIONAL-UNIT-ENG-TEAM-02,LOC-HQ,2026-08-01
EMP011,Khurram Iqbal,Sales,POS-011,S017,Pipeline Management,Functional,Core,Developing,4,Advanced,69.3,13.5,9,Not Required,Yes,DEPARTMENT-003,Commercial Services,ORGANIZATIONAL-UNIT-SAL,LOC-NORTH,2026-08-01
EMP011,Khurram Iqbal,Sales,POS-011,S046,Leadership,Leadership,Leadership,Developing,5,Expert,94.7,10.9,15,Not Required,Yes,DEPARTMENT-003,Commercial Services,ORGANIZATIONAL-UNIT-SAL,LOC-NORTH,2026-08-01
EMP011,Khurram Iqbal,Sales,POS-011,S045,Stakeholder Management,Behavioral,Leadership,Verified,5,Expert,91.0,12.2,3,Not Required,No,DEPARTMENT-003,Commercial Services,ORGANIZATIONAL-UNIT-SAL,LOC-NORTH,2026-08-01
EMP011,Khurram Iqbal,Sales,POS-011,S047,Coaching & Mentoring,Leadership,Leadership,Verified,5,Expert,82.1,18.0,11,Not Required,No,DEPARTMENT-003,Commercial Services,ORGANIZATIONAL-UNIT-SAL,LOC-NORTH,2026-08-01
EMP011,Khurram Iqbal,Sales,POS-011,S014,Negotiation,Behavioral,Core,Verified,4,Advanced,77.5,15.5,7,Not Required,No,DEPARTMENT-003,Commercial Services,ORGANIZATIONAL-UNIT-SAL,LOC-NORTH,2026-08-01
EMP012,Danish Masood,HR,POS-012,S046,Leadership,Leadership,Leadership,Developing,5,Expert,92.3,9.3,16,Not Required,Yes,DEPARTMENT-001,Corporate Services,ORGANIZATIONAL-UNIT-HR,LOC-HQ,2026-08-01
EMP012,Danish Masood,HR,POS-012,S033,Performance Management,Functional,Core,Verified,5,Expert,93.1,10.5,4,Not Required,Yes,DEPARTMENT-001,Corporate Services,ORGANIZATIONAL-UNIT-HR,LOC-HQ,2026-08-01
EMP012,Danish Masood,HR,POS-012,S034,Employee Relations,Behavioral,Core,Verified,4,Advanced,81.7,6.5,7,Not Required,No,DEPARTMENT-001,Corporate Services,ORGANIZATIONAL-UNIT-HR,LOC-HQ,2026-08-01
EMP012,Danish Masood,HR,POS-012,S035,Learning & Development,Functional,Core,Verified,5,Expert,87.8,12.2,9,Not Required,No,DEPARTMENT-001,Corporate Services,ORGANIZATIONAL-UNIT-HR,LOC-HQ,2026-08-01
EMP012,Danish Masood,HR,POS-012,S045,Stakeholder Management,Behavioral,Leadership,Verified,5,Expert,96.3,10.7,9,Not Required,No,DEPARTMENT-001,Corporate Services,ORGANIZATIONAL-UNIT-HR,LOC-HQ,2026-08-01
EMP013,Anum Ahmad,HR,POS-013,S033,Performance Management,Functional,Core,Verified,4,Advanced,85.6,4.3,7,Not Required,Yes,DEPARTMENT-001,Corporate Services,ORGANIZATIONAL-UNIT-HR-TEAM-02,LOC-HQ,2026-08-01
EMP013,Anum Ahmad,HR,POS-013,S031,Recruitment & Selection,Functional,Core,Verified,4,Advanced,80.4,5.9,5,Not Required,Yes,DEPARTMENT-001,Corporate Services,ORGANIZATIONAL-UNIT-HR-TEAM-02,LOC-HQ,2026-08-01
EMP013,Anum Ahmad,HR,POS-013,S032,HRIS & Employee Data,Digital,Core,Verified,4,Advanced,78.8,6.1,2,Certification Planned,No,DEPARTMENT-001,Corporate Services,ORGANIZATIONAL-UNIT-HR-TEAM-02,LOC-HQ,2026-08-01
EMP013,Anum Ahmad,HR,POS-013,S035,Learning & Development,Functional,Core,Verified,4,Advanced,72.1,4.7,3,Not Required,No,DEPARTMENT-001,Corporate Services,ORGANIZATIONAL-UNIT-HR-TEAM-02,LOC-HQ,2026-08-01
EMP013,Anum Ahmad,HR,POS-013,S034,Employee Relations,Behavioral,Core,Developing,4,Advanced,69.5,4.9,1,Not Required,No,DEPARTMENT-001,Corporate Services,ORGANIZATIONAL-UNIT-HR-TEAM-02,LOC-HQ,2026-08-01
EMP014,Shahid Ali,Engineering,POS-014,S001,Python Programming,Technical,Core,Verified,4,Advanced,73.6,3.2,10,Not Required,Yes,DEPARTMENT-005,Technology and Innovation,ORGANIZATIONAL-UNIT-ENG-TEAM-03,LOC-HQ,2026-08-01
EMP014,Shahid Ali,Engineering,POS-014,S002,SQL & Databases,Technical,Core,Verified,4,Advanced,76.4,2.5,7,Not Required,Yes,DEPARTMENT-005,Technology and Innovation,ORGANIZATIONAL-UNIT-ENG-TEAM-03,LOC-HQ,2026-08-01
EMP014,Shahid Ali,Engineering,POS-014,S003,API Development,Technical,Core,Developing,3,Competent,57.7,3.0,13,Not Required,No,DEPARTMENT-005,Technology and Innovation,ORGANIZATIONAL-UNIT-ENG-TEAM-03,LOC-HQ,2026-08-01
EMP014,Shahid Ali,Engineering,POS-014,S004,Software Testing,Technical,Core,Developing,3,Competent,61.9,2.3,5,Not Required,No,DEPARTMENT-005,Technology and Innovation,ORGANIZATIONAL-UNIT-ENG-TEAM-03,LOC-HQ,2026-08-01
EMP014,Shahid Ali,Engineering,POS-014,S044,Problem Solving,Behavioral,Common,Verified,4,Advanced,76.7,2.0,2,Not Required,No,DEPARTMENT-005,Technology and Innovation,ORGANIZATIONAL-UNIT-ENG-TEAM-03,LOC-HQ,2026-08-01
EMP015,Anum Rehman,Engineering,POS-015,S005,System Design,Technical,Core,Verified,4,Advanced,73.8,13.2,10,Not Required,Yes,DEPARTMENT-005,Technology and Innovation,ORGANIZATIONAL-UNIT-ENG,LOC-HQ,2026-08-01
EMP015,Anum Rehman,Engineering,POS-015,S050,Project Management,Leadership,Common,Developing,5,Expert,91.5,12.3,13,Certified,Yes,DEPARTMENT-005,Technology and Innovation,ORGANIZATIONAL-UNIT-ENG,LOC-HQ,2026-08-01
EMP015,Anum Rehman,Engineering,POS-015,S046,Leadership,Leadership,Leadership,Verified,4,Advanced,78.9,11.9,11,Not Required,No,DEPARTMENT-005,Technology and Innovation,ORGANIZATIONAL-UNIT-ENG,LOC-HQ,2026-08-01
EMP015,Anum Rehman,Engineering,POS-015,S045,Stakeholder Management,Behavioral,Leadership,Developing,5,Expert,92.3,13.4,13,Not Required,No,DEPARTMENT-005,Technology and Innovation,ORGANIZATIONAL-UNIT-ENG,LOC-HQ,2026-08-01
EMP015,Anum Rehman,Engineering,POS-015,S006,DevOps & CI/CD,Technical,Digital,Verified,5,Expert,92.3,13.5,11,Certified,No,DEPARTMENT-005,Technology and Innovation,ORGANIZATIONAL-UNIT-ENG,LOC-HQ,2026-08-01
EMP016,Khurram Gill,Sales,POS-016,S016,Account Management,Functional,Core,Developing,3,Competent,60.4,3.8,9,Not Required,Yes,DEPARTMENT-003,Commercial Services,ORGANIZATIONAL-UNIT-SAL-TEAM-02,LOC-NORTH,2026-08-01
EMP016,Khurram Gill,Sales,POS-016,S014,Negotiation,Behavioral,Core,Developing,4,Advanced,66.8,4.6,10,Not Required,Yes,DEPARTMENT-003,Commercial Services,ORGANIZATIONAL-UNIT-SAL-TEAM-02,LOC-NORTH,2026-08-01
EMP016,Khurram Gill,Sales,POS-016,S015,CRM Management,Digital,Core,Needs Development,3,Competent,49.1,6.0,17,Not Required,No,DEPARTMENT-003,Commercial Services,ORGANIZATIONAL-UNIT-SAL-TEAM-02,LOC-NORTH,2026-08-01
EMP016,Khurram Gill,Sales,POS-016,S017,Pipeline Management,Functional,Core,Needs Development,2,Basic,37.2,3.2,16,Not Required,No,DEPARTMENT-003,Commercial Services,ORGANIZATIONAL-UNIT-SAL-TEAM-02,LOC-NORTH,2026-08-01
EMP016,Khurram Gill,Sales,POS-016,S018,Product Knowledge,Functional,Core,Needs Development,3,Competent,53.8,4.1,17,Not Required,No,DEPARTMENT-003,Commercial Services,ORGANIZATIONAL-UNIT-SAL-TEAM-02,LOC-NORTH,2026-08-01
EMP017,Amir Haider,Customer Support,POS-017,S037,Customer Service,Functional,Core,Verified,4,Advanced,71.2,1.9,8,Not Required,Yes,DEPARTMENT-004,Commercial Services,ORGANIZATIONAL-UNIT-CS-TEAM-03,LOC-CENTRAL,2026-08-01
EMP017,Amir Haider,Customer Support,POS-017,S038,Complaint Resolution,Behavioral,Core,Developing,4,Advanced,74.6,1.7,16,Not Required,Yes,DEPARTMENT-004,Commercial Services,ORGANIZATIONAL-UNIT-CS-TEAM-03,LOC-CENTRAL,2026-08-01
EMP017,Amir Haider,Customer Support,POS-017,S039,Call Handling,Functional,Core,Developing,3,Competent,64.2,2.5,13,Not Required,No,DEPARTMENT-004,Commercial Services,ORGANIZATIONAL-UNIT-CS-TEAM-03,LOC-CENTRAL,2026-08-01
EMP017,Amir Haider,Customer Support,POS-017,S018,Product Knowledge,Functional,Core,Needs Development,2,Basic,44.9,1.8,3,Not Required,No,DEPARTMENT-004,Commercial Services,ORGANIZATIONAL-UNIT-CS-TEAM-03,LOC-CENTRAL,2026-08-01
EMP017,Amir Haider,Customer Support,POS-017,S051,Empathy & Active Listening,Behavioral,Common,Developing,3,Competent,55.7,1.9,9,Not Required,No,DEPARTMENT-004,Commercial Services,ORGANIZATIONAL-UNIT-CS-TEAM-03,LOC-CENTRAL,2026-08-01
EMP018,Sidra Tariq,Engineering,POS-018,S001,Python Programming,Technical,Core,Needs Development,3,Competent,48.8,2.6,7,Not Required,Yes,DEPARTMENT-005,Technology and Innovation,ORGANIZATIONAL-UNIT-ENG-TEAM-01,LOC-HQ,2026-08-01
EMP018,Sidra Tariq,Engineering,POS-018,S002,SQL & Databases,Technical,Core,Developing,4,Advanced,63.8,2.6,4,Not Required,Yes,DEPARTMENT-005,Technology and Innovation,ORGANIZATIONAL-UNIT-ENG-TEAM-01,LOC-HQ,2026-08-01
EMP018,Sidra Tariq,Engineering,POS-018,S003,API Development,Technical,Core,Needs Development,3,Competent,52.8,4.2,7,Not Required,No,DEPARTMENT-005,Technology and Innovation,ORGANIZATIONAL-UNIT-ENG-TEAM-01,LOC-HQ,2026-08-01
EMP018,Sidra Tariq,Engineering,POS-018,S004,Software Testing,Technical,Core,Needs Development,3,Competent,52.3,3.1,13,Not Required,No,DEPARTMENT-005,Technology and Innovation,ORGANIZATIONAL-UNIT-ENG-TEAM-01,LOC-HQ,2026-08-01
EMP018,Sidra Tariq,Engineering,POS-018,S044,Problem Solving,Behavioral,Common,Needs Development,3,Competent,52.0,4.1,16,Not Required,No,DEPARTMENT-005,Technology and Innovation,ORGANIZATIONAL-UNIT-ENG-TEAM-01,LOC-HQ,2026-08-01
EMP019,Hina Hussain,IT,POS-019,S009,Network Administration,Technical,Core,Developing,3,Competent,66.8,2.1,6,Certification Planned,Yes,DEPARTMENT-007,Technology and Innovation,ORGANIZATIONAL-UNIT-IT-TEAM-02,LOC-HQ,2026-08-01
EMP019,Hina Hussain,IT,POS-019,S007,Cloud Platforms,Technical,Digital,Verified,4,Advanced,82.2,3.2,1,Certification Planned,Yes,DEPARTMENT-007,Technology and Innovation,ORGANIZATIONAL-UNIT-IT-TEAM-02,LOC-HQ,2026-08-01
EMP019,Hina Hussain,IT,POS-019,S010,IT Service Management,Functional,Core,Developing,3,Competent,60.4,2.9,18,Not Certified,No,DEPARTMENT-007,Technology and Innovation,ORGANIZATIONAL-UNIT-IT-TEAM-02,LOC-HQ,2026-08-01
EMP019,Hina Hussain,IT,POS-019,S008,Cybersecurity,Technical,Digital,Verified,4,Advanced,78.8,3.4,1,Certification Planned,No,DEPARTMENT-007,Technology and Innovation,ORGANIZATIONAL-UNIT-IT-TEAM-02,LOC-HQ,2026-08-01
EMP019,Hina Hussain,IT,POS-019,S011,Incident Management,Functional,Core,Verified,4,Advanced,78.6,1.8,9,Not Required,No,DEPARTMENT-007,Technology and Innovation,ORGANIZATIONAL-UNIT-IT-TEAM-02,LOC-HQ,2026-08-01
EMP020,Waqas Khan,Customer Support,POS-020,S037,Customer Service,Functional,Core,Developing,3,Competent,55.4,2.9,2,Not Required,Yes,DEPARTMENT-004,Commercial Services,ORGANIZATIONAL-UNIT-CS-TEAM-03,LOC-CENTRAL,2026-08-01
EMP020,Waqas Khan,Customer Support,POS-020,S038,Complaint Resolution,Behavioral,Core,Needs Development,3,Competent,53.0,2.3,15,Not Required,Yes,DEPARTMENT-004,Commercial Services,ORGANIZATIONAL-UNIT-CS-TEAM-03,LOC-CENTRAL,2026-08-01
EMP020,Waqas Khan,Customer Support,POS-020,S039,Call Handling,Functional,Core,Needs Development,2,Basic,35.0,3.3,15,Not Required,No,DEPARTMENT-004,Commercial Services,ORGANIZATIONAL-UNIT-CS-TEAM-03,LOC-CENTRAL,2026-08-01
EMP020,Waqas Khan,Customer Support,POS-020,S018,Product Knowledge,Functional,Core,Needs Development,3,Competent,52.5,3.1,10,Not Required,No,DEPARTMENT-004,Commercial Services,ORGANIZATIONAL-UNIT-CS-TEAM-03,LOC-CENTRAL,2026-08-01
EMP020,Waqas Khan,Customer Support,POS-020,S051,Empathy & Active Listening,Behavioral,Common,Developing,3,Competent,58.9,2.3,9,Not Required,No,DEPARTMENT-004,Commercial Services,ORGANIZATIONAL-UNIT-CS-TEAM-03,LOC-CENTRAL,2026-08-01
EMP021,Usman Khan,Customer Support,POS-021,S037,Customer Service,Functional,Core,Needs Development,2,Basic,38.5,1.6,17,Not Required,Yes,DEPARTMENT-004,Commercial Services,ORGANIZATIONAL-UNIT-CS-TEAM-01,LOC-CENTRAL,2026-08-01
EMP021,Usman Khan,Customer Support,POS-021,S038,Complaint Resolution,Behavioral,Core,Developing,3,Competent,56.4,2.5,10,Not Required,Yes,DEPARTMENT-004,Commercial Services,ORGANIZATIONAL-UNIT-CS-TEAM-01,LOC-CENTRAL,2026-08-01
EMP021,Usman Khan,Customer Support,POS-021,S039,Call Handling,Functional,Core,Needs Development,2,Basic,41.8,2.1,5,Not Required,No,DEPARTMENT-004,Commercial Services,ORGANIZATIONAL-UNIT-CS-TEAM-01,LOC-CENTRAL,2026-08-01
EMP021,Usman Khan,Customer Support,POS-021,S018,Product Knowledge,Functional,Core,Needs Development,2,Basic,49.6,1.8,4,Not Required,No,DEPARTMENT-004,Commercial Services,ORGANIZATIONAL-UNIT-CS-TEAM-01,LOC-CENTRAL,2026-08-01
EMP021,Usman Khan,Customer Support,POS-021,S051,Empathy & Active Listening,Behavioral,Common,Needs Development,2,Basic,36.4,2.0,17,Not Required,No,DEPARTMENT-004,Commercial Services,ORGANIZATIONAL-UNIT-CS-TEAM-01,LOC-CENTRAL,2026-08-01
EMP022,Laiba Raza,Sales,POS-022,S016,Account Management,Functional,Core,Developing,3,Competent,58.1,4.0,4,Not Required,Yes,DEPARTMENT-003,Commercial Services,ORGANIZATIONAL-UNIT-SAL-TEAM-02,LOC-NORTH,2026-08-01
EMP022,Laiba Raza,Sales,POS-022,S014,Negotiation,Behavioral,Core,Developing,4,Advanced,79.4,5.0,17,Not Required,Yes,DEPARTMENT-003,Commercial Services,ORGANIZATIONAL-UNIT-SAL-TEAM-02,LOC-NORTH,2026-08-01
EMP022,Laiba Raza,Sales,POS-022,S015,CRM Management,Digital,Core,Developing,3,Competent,58.2,6.6,11,Not Required,No,DEPARTMENT-003,Commercial Services,ORGANIZATIONAL-UNIT-SAL-TEAM-02,LOC-NORTH,2026-08-01
EMP022,Laiba Raza,Sales,POS-022,S017,Pipeline Management,Functional,Core,Verified,4,Advanced,73.1,6.2,11,Not Required,No,DEPARTMENT-003,Commercial Services,ORGANIZATIONAL-UNIT-SAL-TEAM-02,LOC-NORTH,2026-08-01
EMP022,Laiba Raza,Sales,POS-022,S018,Product Knowledge,Functional,Core,Developing,3,Competent,59.2,4.1,12,Not Required,No,DEPARTMENT-003,Commercial Services,ORGANIZATIONAL-UNIT-SAL-TEAM-02,LOC-NORTH,2026-08-01
EMP023,Fatima Masood,Operations,POS-023,S020,SOP Compliance,Compliance,Core,Needs Development,2,Basic,39.5,2.1,6,Not Required,Yes,DEPARTMENT-006,Enterprise Operations,ORGANIZATIONAL-UNIT-OPS-TEAM-03,LOC-CENTRAL,2026-08-01
EMP023,Fatima Masood,Operations,POS-023,S024,Workflow Coordination,Functional,Core,Developing,3,Competent,55.4,1.5,12,Not Required,Yes,DEPARTMENT-006,Enterprise Operations,ORGANIZATIONAL-UNIT-OPS-TEAM-03,LOC-CENTRAL,2026-08-01
EMP023,Fatima Masood,Operations,POS-023,S022,Quality Control,Functional,Core,Needs Development,2,Basic,35.0,2.1,2,Not Required,No,DEPARTMENT-006,Enterprise Operations,ORGANIZATIONAL-UNIT-OPS-TEAM-03,LOC-CENTRAL,2026-08-01
EMP023,Fatima Masood,Operations,POS-023,S029,Advanced Excel,Digital,Core,Needs Development,2,Basic,35.2,1.2,4,Not Certified,No,DEPARTMENT-006,Enterprise Operations,ORGANIZATIONAL-UNIT-OPS-TEAM-03,LOC-CENTRAL,2026-08-01
EMP023,Fatima Masood,Operations,POS-023,S043,Teamwork,Behavioral,Common,Needs Development,2,Basic,35.0,1.3,11,Not Required,No,DEPARTMENT-006,Enterprise Operations,ORGANIZATIONAL-UNIT-OPS-TEAM-03,LOC-CENTRAL,2026-08-01
EMP024,Fatima Arif,IT,POS-024,S009,Network Administration,Technical,Core,Developing,4,Advanced,73.5,6.2,18,Certification Planned,Yes,DEPARTMENT-007,Technology and Innovation,ORGANIZATIONAL-UNIT-IT-TEAM-01,LOC-HQ,2026-08-01
EMP024,Fatima Arif,IT,POS-024,S007,Cloud Platforms,Technical,Digital,Needs Development,3,Competent,54.3,4.0,2,Not Certified,Yes,DEPARTMENT-007,Technology and Innovation,ORGANIZATIONAL-UNIT-IT-TEAM-01,LOC-HQ,2026-08-01
EMP024,Fatima Arif,IT,POS-024,S010,IT Service Management,Functional,Core,Developing,3,Competent,59.9,5.1,2,Not Certified,No,DEPARTMENT-007,Technology and Innovation,ORGANIZATIONAL-UNIT-IT-TEAM-01,LOC-HQ,2026-08-01
EMP024,Fatima Arif,IT,POS-024,S008,Cybersecurity,Technical,Digital,Developing,3,Competent,57.1,4.0,11,Not Certified,No,DEPARTMENT-007,Technology and Innovation,ORGANIZATIONAL-UNIT-IT-TEAM-01,LOC-HQ,2026-08-01
EMP024,Fatima Arif,IT,POS-024,S011,Incident Management,Functional,Core,Developing,3,Competent,66.7,5.3,16,Not Required,No,DEPARTMENT-007,Technology and Innovation,ORGANIZATIONAL-UNIT-IT-TEAM-01,LOC-HQ,2026-08-01
EMP025,Raza Mughal,Finance,POS-025,S025,Financial Analysis,Functional,Core,Verified,4,Advanced,78.4,3.3,10,Certification Planned,Yes,DEPARTMENT-002,Corporate Services,ORGANIZATIONAL-UNIT-FIN-TEAM-02,LOC-HQ,2026-08-01
EMP025,Raza Mughal,Finance,POS-025,S026,Accounting & Reconciliation,Functional,Core,Developing,4,Advanced,68.1,4.1,18,Not Required,Yes,DEPARTMENT-002,Corporate Services,ORGANIZATIONAL-UNIT-FIN-TEAM-02,LOC-HQ,2026-08-01
EMP025,Raza Mughal,Finance,POS-025,S027,Budgeting & Forecasting,Functional,Core,Needs Development,3,Competent,53.6,4.5,3,Not Required,No,DEPARTMENT-002,Corporate Services,ORGANIZATIONAL-UNIT-FIN-TEAM-02,LOC-HQ,2026-08-01
EMP025,Raza Mughal,Finance,POS-025,S029,Advanced Excel,Digital,Core,Needs Development,3,Competent,52.6,2.6,15,Not Certified,No,DEPARTMENT-002,Corporate Services,ORGANIZATIONAL-UNIT-FIN-TEAM-02,LOC-HQ,2026-08-01
EMP025,Raza Mughal,Finance,POS-025,S030,Risk Analysis,Functional,Core,Developing,3,Competent,56.3,3.2,5,Not Certified,No,DEPARTMENT-002,Corporate Services,ORGANIZATIONAL-UNIT-FIN-TEAM-02,LOC-HQ,2026-08-01
EMP026,Anum Qureshi,Operations,POS-026,S046,Leadership,Leadership,Leadership,Developing,4,Advanced,62.2,13.6,8,Not Required,Yes,DEPARTMENT-006,Enterprise Operations,ORGANIZATIONAL-UNIT-OPS,LOC-CENTRAL,2026-08-01
EMP026,Anum Qureshi,Operations,POS-026,S019,Process Management,Functional,Core,Developing,4,Advanced,64.3,14.2,16,Not Required,Yes,DEPARTMENT-006,Enterprise Operations,ORGANIZATIONAL-UNIT-OPS,LOC-CENTRAL,2026-08-01
EMP026,Anum Qureshi,Operations,POS-026,S023,Risk & Controls,Compliance,Core,Developing,4,Advanced,58.0,13.2,13,Not Required,No,DEPARTMENT-006,Enterprise Operations,ORGANIZATIONAL-UNIT-OPS,LOC-CENTRAL,2026-08-01
EMP026,Anum Qureshi,Operations,POS-026,S050,Project Management,Leadership,Common,Verified,4,Advanced,73.6,15.2,5,Certification Planned,No,DEPARTMENT-006,Enterprise Operations,ORGANIZATIONAL-UNIT-OPS,LOC-CENTRAL,2026-08-01
EMP026,Anum Qureshi,Operations,POS-026,S045,Stakeholder Management,Behavioral,Leadership,Developing,4,Advanced,63.4,16.1,5,Not Required,No,DEPARTMENT-006,Enterprise Operations,ORGANIZATIONAL-UNIT-OPS,LOC-CENTRAL,2026-08-01
EMP027,Akbar Hassan,Customer Support,POS-027,S037,Customer Service,Functional,Core,Verified,4,Advanced,72.2,3.8,8,Not Required,Yes,DEPARTMENT-004,Commercial Services,ORGANIZATIONAL-UNIT-CS-TEAM-01,LOC-CENTRAL,2026-08-01
EMP027,Akbar Hassan,Customer Support,POS-027,S040,SLA Management,Functional,Core,Developing,4,Advanced,65.6,3.1,1,Not Required,Yes,DEPARTMENT-004,Commercial Services,ORGANIZATIONAL-UNIT-CS-TEAM-01,LOC-CENTRAL,2026-08-01
EMP027,Akbar Hassan,Customer Support,POS-027,S015,CRM Management,Digital,Core,Needs Development,3,Competent,50.8,5.8,4,Not Required,No,DEPARTMENT-004,Commercial Services,ORGANIZATIONAL-UNIT-CS-TEAM-01,LOC-CENTRAL,2026-08-01
EMP027,Akbar Hassan,Customer Support,POS-027,S038,Complaint Resolution,Behavioral,Core,Developing,3,Competent,56.9,4.5,3,Not Required,No,DEPARTMENT-004,Commercial Services,ORGANIZATIONAL-UNIT-CS-TEAM-01,LOC-CENTRAL,2026-08-01
EMP027,Akbar Hassan,Customer Support,POS-027,S042,Communication,Behavioral,Common,Developing,3,Competent,59.1,3.8,15,Not Required,No,DEPARTMENT-004,Commercial Services,ORGANIZATIONAL-UNIT-CS-TEAM-01,LOC-CENTRAL,2026-08-01
EMP028,Salman Aziz,Sales,POS-028,S016,Account Management,Functional,Core,Verified,5,Expert,98.3,3.6,1,Not Required,Yes,DEPARTMENT-003,Commercial Services,ORGANIZATIONAL-UNIT-SAL-TEAM-02,LOC-NORTH,2026-08-01
EMP028,Salman Aziz,Sales,POS-028,S014,Negotiation,Behavioral,Core,Verified,5,Expert,88.6,6.1,7,Not Required,Yes,DEPARTMENT-003,Commercial Services,ORGANIZATIONAL-UNIT-SAL-TEAM-02,LOC-NORTH,2026-08-01
EMP028,Salman Aziz,Sales,POS-028,S017,Pipeline Management,Functional,Core,Verified,5,Expert,91.9,3.7,2,Not Required,No,DEPARTMENT-003,Commercial Services,ORGANIZATIONAL-UNIT-SAL-TEAM-02,LOC-NORTH,2026-08-01
EMP028,Salman Aziz,Sales,POS-028,S045,Stakeholder Management,Behavioral,Leadership,Developing,5,Expert,95.9,4.4,15,Not Required,No,DEPARTMENT-003,Commercial Services,ORGANIZATIONAL-UNIT-SAL-TEAM-02,LOC-NORTH,2026-08-01
EMP028,Salman Aziz,Sales,POS-028,S047,Coaching & Mentoring,Leadership,Leadership,Developing,5,Expert,96.6,6.1,14,Not Required,No,DEPARTMENT-003,Commercial Services,ORGANIZATIONAL-UNIT-SAL-TEAM-02,LOC-NORTH,2026-08-01
EMP029,Ali Saleem,Engineering,POS-029,S001,Python Programming,Technical,Core,Developing,3,Competent,61.1,3.1,1,Not Required,Yes,DEPARTMENT-005,Technology and Innovation,ORGANIZATIONAL-UNIT-ENG-TEAM-03,LOC-HQ,2026-08-01
EMP029,Ali Saleem,Engineering,POS-029,S002,SQL & Databases,Technical,Core,Developing,4,Advanced,77.6,3.8,15,Not Required,Yes,DEPARTMENT-005,Technology and Innovation,ORGANIZATIONAL-UNIT-ENG-TEAM-03,LOC-HQ,2026-08-01
EMP029,Ali Saleem,Engineering,POS-029,S003,API Development,Technical,Core,Developing,3,Competent,57.0,3.2,6,Not Required,No,DEPARTMENT-005,Technology and Innovation,ORGANIZATIONAL-UNIT-ENG-TEAM-03,LOC-HQ,2026-08-01
EMP029,Ali Saleem,Engineering,POS-029,S004,Software Testing,Technical,Core,Developing,3,Competent,60.3,3.3,12,Not Required,No,DEPARTMENT-005,Technology and Innovation,ORGANIZATIONAL-UNIT-ENG-TEAM-03,LOC-HQ,2026-08-01
EMP029,Ali Saleem,Engineering,POS-029,S044,Problem Solving,Behavioral,Common,Developing,4,Advanced,75.3,3.7,16,Not Required,No,DEPARTMENT-005,Technology and Innovation,ORGANIZATIONAL-UNIT-ENG-TEAM-03,LOC-HQ,2026-08-01
EMP030,Hamza Ahmad,Finance,POS-030,S025,Financial Analysis,Functional,Core,Verified,5,Expert,95.1,9.7,6,Certified,Yes,DEPARTMENT-002,Corporate Services,ORGANIZATIONAL-UNIT-FIN-TEAM-01,LOC-HQ,2026-08-01
EMP030,Hamza Ahmad,Finance,POS-030,S028,Regulatory Reporting,Compliance,Core,Verified,4,Advanced,78.9,9.7,2,Certification Planned,Yes,DEPARTMENT-002,Corporate Services,ORGANIZATIONAL-UNIT-FIN-TEAM-01,LOC-HQ,2026-08-01
EMP030,Hamza Ahmad,Finance,POS-030,S027,Budgeting & Forecasting,Functional,Core,Verified,4,Advanced,82.8,10.2,9,Not Required,No,DEPARTMENT-002,Corporate Services,ORGANIZATIONAL-UNIT-FIN-TEAM-01,LOC-HQ,2026-08-01
EMP030,Hamza Ahmad,Finance,POS-030,S030,Risk Analysis,Functional,Core,Verified,5,Expert,99.0,12.4,3,Certification Planned,No,DEPARTMENT-002,Corporate Services,ORGANIZATIONAL-UNIT-FIN-TEAM-01,LOC-HQ,2026-08-01
EMP030,Hamza Ahmad,Finance,POS-030,S045,Stakeholder Management,Behavioral,Leadership,Verified,5,Expert,100.0,8.6,9,Not Required,No,DEPARTMENT-002,Corporate Services,ORGANIZATIONAL-UNIT-FIN-TEAM-01,LOC-HQ,2026-08-01
EMP031,Sadia Haider,Engineering,POS-031,S005,System Design,Technical,Core,Developing,5,Expert,93.8,6.6,13,Not Required,Yes,DEPARTMENT-005,Technology and Innovation,ORGANIZATIONAL-UNIT-ENG-TEAM-02,LOC-HQ,2026-08-01
EMP031,Sadia Haider,Engineering,POS-031,S003,API Development,Technical,Core,Developing,5,Expert,99.6,6.6,15,Not Required,Yes,DEPARTMENT-005,Technology and Innovation,ORGANIZATIONAL-UNIT-ENG-TEAM-02,LOC-HQ,2026-08-01
EMP031,Sadia Haider,Engineering,POS-031,S001,Python Programming,Technical,Core,Verified,4,Advanced,79.5,5.0,11,Not Required,No,DEPARTMENT-005,Technology and Innovation,ORGANIZATIONAL-UNIT-ENG-TEAM-02,LOC-HQ,2026-08-01
EMP031,Sadia Haider,Engineering,POS-031,S050,Project Management,Leadership,Common,Verified,5,Expert,100.0,7.5,7,Certified,No,DEPARTMENT-005,Technology and Innovation,ORGANIZATIONAL-UNIT-ENG-TEAM-02,LOC-HQ,2026-08-01
EMP031,Sadia Haider,Engineering,POS-031,S047,Coaching & Mentoring,Leadership,Leadership,Verified,4,Advanced,76.2,7.5,7,Not Required,No,DEPARTMENT-005,Technology and Innovation,ORGANIZATIONAL-UNIT-ENG-TEAM-02,LOC-HQ,2026-08-01
EMP032,Laiba Mahmood,Sales,POS-032,S012,B2B Sales,Functional,Core,Needs Development,3,Competent,51.5,2.0,14,Not Required,Yes,DEPARTMENT-003,Commercial Services,ORGANIZATIONAL-UNIT-SAL-TEAM-03,LOC-NORTH,2026-08-01
EMP032,Laiba Mahmood,Sales,POS-032,S013,Lead Generation,Functional,Core,Needs Development,2,Basic,39.8,2.0,10,Not Required,Yes,DEPARTMENT-003,Commercial Services,ORGANIZATIONAL-UNIT-SAL-TEAM-03,LOC-NORTH,2026-08-01
EMP032,Laiba Mahmood,Sales,POS-032,S018,Product Knowledge,Functional,Core,Developing,3,Competent,56.2,1.2,12,Not Required,No,DEPARTMENT-003,Commercial Services,ORGANIZATIONAL-UNIT-SAL-TEAM-03,LOC-NORTH,2026-08-01
EMP032,Laiba Mahmood,Sales,POS-032,S015,CRM Management,Digital,Core,Needs Development,2,Basic,40.3,1.8,6,Not Required,No,DEPARTMENT-003,Commercial Services,ORGANIZATIONAL-UNIT-SAL-TEAM-03,LOC-NORTH,2026-08-01
EMP032,Laiba Mahmood,Sales,POS-032,S042,Communication,Behavioral,Common,Needs Development,2,Basic,45.3,1.2,9,Not Required,No,DEPARTMENT-003,Commercial Services,ORGANIZATIONAL-UNIT-SAL-TEAM-03,LOC-NORTH,2026-08-01
EMP033,Ali Chaudhry,IT,POS-033,S010,IT Service Management,Functional,Core,Developing,3,Competent,67.2,0.7,5,Certification Planned,Yes,DEPARTMENT-007,Technology and Innovation,ORGANIZATIONAL-UNIT-IT-TEAM-01,LOC-HQ,2026-08-01
EMP033,Ali Chaudhry,IT,POS-033,S011,Incident Management,Functional,Core,Needs Development,2,Basic,40.4,0.7,14,Not Required,Yes,DEPARTMENT-007,Technology and Innovation,ORGANIZATIONAL-UNIT-IT-TEAM-01,LOC-HQ,2026-08-01
EMP033,Ali Chaudhry,IT,POS-033,S009,Network Administration,Technical,Core,Developing,3,Competent,64.3,0.6,5,Certification Planned,No,DEPARTMENT-007,Technology and Innovation,ORGANIZATIONAL-UNIT-IT-TEAM-01,LOC-HQ,2026-08-01
EMP033,Ali Chaudhry,IT,POS-033,S042,Communication,Behavioral,Common,Developing,3,Competent,62.1,0.5,16,Not Required,No,DEPARTMENT-007,Technology and Innovation,ORGANIZATIONAL-UNIT-IT-TEAM-01,LOC-HQ,2026-08-01
EMP033,Ali Chaudhry,IT,POS-033,S053,Documentation,Behavioral,Common,Developing,3,Competent,57.6,0.6,17,Not Required,No,DEPARTMENT-007,Technology and Innovation,ORGANIZATIONAL-UNIT-IT-TEAM-01,LOC-HQ,2026-08-01
EMP034,Nida Sheikh,Sales,POS-034,S012,B2B Sales,Functional,Core,Developing,3,Competent,58.4,2.6,12,Not Required,Yes,DEPARTMENT-003,Commercial Services,ORGANIZATIONAL-UNIT-SAL-TEAM-02,LOC-NORTH,2026-08-01
EMP034,Nida Sheikh,Sales,POS-034,S013,Lead Generation,Functional,Core,Needs Development,3,Competent,52.8,3.1,11,Not Required,Yes,DEPARTMENT-003,Commercial Services,ORGANIZATIONAL-UNIT-SAL-TEAM-02,LOC-NORTH,2026-08-01
EMP034,Nida Sheikh,Sales,POS-034,S018,Product Knowledge,Functional,Core,Needs Development,2,Basic,40.4,2.6,11,Not Required,No,DEPARTMENT-003,Commercial Services,ORGANIZATIONAL-UNIT-SAL-TEAM-02,LOC-NORTH,2026-08-01
EMP034,Nida Sheikh,Sales,POS-034,S015,CRM Management,Digital,Core,Needs Development,2,Basic,37.6,1.6,2,Not Required,No,DEPARTMENT-003,Commercial Services,ORGANIZATIONAL-UNIT-SAL-TEAM-02,LOC-NORTH,2026-08-01
EMP034,Nida Sheikh,Sales,POS-034,S042,Communication,Behavioral,Common,Needs Development,2,Basic,35.0,2.8,3,Not Required,No,DEPARTMENT-003,Commercial Services,ORGANIZATIONAL-UNIT-SAL-TEAM-02,LOC-NORTH,2026-08-01
EMP035,Shahbaz Malik,Engineering,POS-035,S001,Python Programming,Technical,Core,Developing,4,Advanced,71.2,3.6,14,Not Required,Yes,DEPARTMENT-005,Technology and Innovation,ORGANIZATIONAL-UNIT-ENG-TEAM-03,LOC-HQ,2026-08-01
EMP035,Shahbaz Malik,Engineering,POS-035,S002,SQL & Databases,Technical,Core,Developing,4,Advanced,76.5,4.4,13,Not Required,Yes,DEPARTMENT-005,Technology and Innovation,ORGANIZATIONAL-UNIT-ENG-TEAM-03,LOC-HQ,2026-08-01
EMP035,Shahbaz Malik,Engineering,POS-035,S003,API Development,Technical,Core,Needs Development,3,Competent,54.6,4.2,18,Not Required,No,DEPARTMENT-005,Technology and Innovation,ORGANIZATIONAL-UNIT-ENG-TEAM-03,LOC-HQ,2026-08-01
EMP035,Shahbaz Malik,Engineering,POS-035,S004,Software Testing,Technical,Core,Developing,3,Competent,63.1,5.5,14,Not Required,No,DEPARTMENT-005,Technology and Innovation,ORGANIZATIONAL-UNIT-ENG-TEAM-03,LOC-HQ,2026-08-01
EMP035,Shahbaz Malik,Engineering,POS-035,S044,Problem Solving,Behavioral,Common,Needs Development,3,Competent,51.3,4.3,18,Not Required,No,DEPARTMENT-005,Technology and Innovation,ORGANIZATIONAL-UNIT-ENG-TEAM-03,LOC-HQ,2026-08-01
EMP036,Zoya Chaudhry,Sales,POS-036,S012,B2B Sales,Functional,Core,Developing,3,Competent,60.2,0.3,4,Not Required,Yes,DEPARTMENT-003,Commercial Services,ORGANIZATIONAL-UNIT-SAL-TEAM-01,LOC-NORTH,2026-08-01
EMP036,Zoya Chaudhry,Sales,POS-036,S013,Lead Generation,Functional,Core,Developing,3,Competent,65.7,0.4,11,Not Required,Yes,DEPARTMENT-003,Commercial Services,ORGANIZATIONAL-UNIT-SAL-TEAM-01,LOC-NORTH,2026-08-01
EMP036,Zoya Chaudhry,Sales,POS-036,S018,Product Knowledge,Functional,Core,Needs Development,2,Basic,44.3,0.3,9,Not Required,No,DEPARTMENT-003,Commercial Services,ORGANIZATIONAL-UNIT-SAL-TEAM-01,LOC-NORTH,2026-08-01
EMP036,Zoya Chaudhry,Sales,POS-036,S015,CRM Management,Digital,Core,Needs Development,2,Basic,44.3,0.5,11,Not Required,No,DEPARTMENT-003,Commercial Services,ORGANIZATIONAL-UNIT-SAL-TEAM-01,LOC-NORTH,2026-08-01
EMP036,Zoya Chaudhry,Sales,POS-036,S042,Communication,Behavioral,Common,Developing,3,Competent,66.8,0.3,12,Not Required,No,DEPARTMENT-003,Commercial Services,ORGANIZATIONAL-UNIT-SAL-TEAM-01,LOC-NORTH,2026-08-01
EMP037,Zara Mahmood,IT,POS-037,S009,Network Administration,Technical,Core,Developing,4,Advanced,70.0,3.0,17,Certification Planned,Yes,DEPARTMENT-007,Technology and Innovation,ORGANIZATIONAL-UNIT-IT-TEAM-02,LOC-HQ,2026-08-01
EMP037,Zara Mahmood,IT,POS-037,S007,Cloud Platforms,Technical,Digital,Developing,3,Competent,55.6,2.9,7,Not Certified,Yes,DEPARTMENT-007,Technology and Innovation,ORGANIZATIONAL-UNIT-IT-TEAM-02,LOC-HQ,2026-08-01
EMP037,Zara Mahmood,IT,POS-037,S010,IT Service Management,Functional,Core,Needs Development,3,Competent,52.2,3.2,2,Not Certified,No,DEPARTMENT-007,Technology and Innovation,ORGANIZATIONAL-UNIT-IT-TEAM-02,LOC-HQ,2026-08-01
EMP037,Zara Mahmood,IT,POS-037,S008,Cybersecurity,Technical,Digital,Needs Development,3,Competent,53.7,2.1,14,Not Certified,No,DEPARTMENT-007,Technology and Innovation,ORGANIZATIONAL-UNIT-IT-TEAM-02,LOC-HQ,2026-08-01
EMP037,Zara Mahmood,IT,POS-037,S011,Incident Management,Functional,Core,Developing,3,Competent,59.3,3.2,10,Not Required,No,DEPARTMENT-007,Technology and Innovation,ORGANIZATIONAL-UNIT-IT-TEAM-02,LOC-HQ,2026-08-01
EMP038,Ali Mahmood,Customer Support,POS-038,S037,Customer Service,Functional,Core,Verified,4,Advanced,71.6,4.7,8,Not Required,Yes,DEPARTMENT-004,Commercial Services,ORGANIZATIONAL-UNIT-CS-TEAM-03,LOC-CENTRAL,2026-08-01
EMP038,Ali Mahmood,Customer Support,POS-038,S040,SLA Management,Functional,Core,Verified,4,Advanced,83.5,3.6,10,Not Required,Yes,DEPARTMENT-004,Commercial Services,ORGANIZATIONAL-UNIT-CS-TEAM-03,LOC-CENTRAL,2026-08-01
EMP038,Ali Mahmood,Customer Support,POS-038,S015,CRM Management,Digital,Core,Verified,4,Advanced,73.7,5.6,8,Not Required,No,DEPARTMENT-004,Commercial Services,ORGANIZATIONAL-UNIT-CS-TEAM-03,LOC-CENTRAL,2026-08-01
EMP038,Ali Mahmood,Customer Support,POS-038,S038,Complaint Resolution,Behavioral,Core,Developing,3,Competent,63.5,4.4,6,Not Required,No,DEPARTMENT-004,Commercial Services,ORGANIZATIONAL-UNIT-CS-TEAM-03,LOC-CENTRAL,2026-08-01
EMP038,Ali Mahmood,Customer Support,POS-038,S042,Communication,Behavioral,Common,Developing,3,Competent,61.6,4.1,14,Not Required,No,DEPARTMENT-004,Commercial Services,ORGANIZATIONAL-UNIT-CS-TEAM-03,LOC-CENTRAL,2026-08-01
EMP039,Kamran Hussain,Operations,POS-039,S020,SOP Compliance,Compliance,Core,Developing,3,Competent,57.4,1.0,1,Not Required,Yes,DEPARTMENT-006,Enterprise Operations,ORGANIZATIONAL-UNIT-OPS-TEAM-01,LOC-CENTRAL,2026-08-01
EMP039,Kamran Hussain,Operations,POS-039,S024,Workflow Coordination,Functional,Core,Needs Development,2,Basic,41.5,0.7,8,Not Required,Yes,DEPARTMENT-006,Enterprise Operations,ORGANIZATIONAL-UNIT-OPS-TEAM-01,LOC-CENTRAL,2026-08-01
EMP039,Kamran Hussain,Operations,POS-039,S022,Quality Control,Functional,Core,Needs Development,2,Basic,35.0,0.9,2,Not Required,No,DEPARTMENT-006,Enterprise Operations,ORGANIZATIONAL-UNIT-OPS-TEAM-01,LOC-CENTRAL,2026-08-01
EMP039,Kamran Hussain,Operations,POS-039,S029,Advanced Excel,Digital,Core,Developing,3,Competent,59.1,0.5,11,Not Certified,No,DEPARTMENT-006,Enterprise Operations,ORGANIZATIONAL-UNIT-OPS-TEAM-01,LOC-CENTRAL,2026-08-01
EMP039,Kamran Hussain,Operations,POS-039,S043,Teamwork,Behavioral,Common,Needs Development,3,Competent,52.2,0.8,6,Not Required,No,DEPARTMENT-006,Enterprise Operations,ORGANIZATIONAL-UNIT-OPS-TEAM-01,LOC-CENTRAL,2026-08-01
EMP040,Ahmad Sheikh,Customer Support,POS-040,S037,Customer Service,Functional,Core,Needs Development,3,Competent,46.6,1.8,2,Not Required,Yes,DEPARTMENT-004,Commercial Services,ORGANIZATIONAL-UNIT-CS-TEAM-02,LOC-CENTRAL,2026-08-01
EMP040,Ahmad Sheikh,Customer Support,POS-040,S038,Complaint Resolution,Behavioral,Core,Developing,3,Competent,62.2,3.3,13,Not Required,Yes,DEPARTMENT-004,Commercial Services,ORGANIZATIONAL-UNIT-CS-TEAM-02,LOC-CENTRAL,2026-08-01
EMP040,Ahmad Sheikh,Customer Support,POS-040,S039,Call Handling,Functional,Core,Needs Development,2,Basic,37.9,2.5,11,Not Required,No,DEPARTMENT-004,Commercial Services,ORGANIZATIONAL-UNIT-CS-TEAM-02,LOC-CENTRAL,2026-08-01
EMP040,Ahmad Sheikh,Customer Support,POS-040,S018,Product Knowledge,Functional,Core,Needs Development,2,Basic,40.6,2.9,3,Not Required,No,DEPARTMENT-004,Commercial Services,ORGANIZATIONAL-UNIT-CS-TEAM-02,LOC-CENTRAL,2026-08-01
EMP040,Ahmad Sheikh,Customer Support,POS-040,S051,Empathy & Active Listening,Behavioral,Common,Developing,3,Competent,64.3,2.1,4,Not Required,No,DEPARTMENT-004,Commercial Services,ORGANIZATIONAL-UNIT-CS-TEAM-02,LOC-CENTRAL,2026-08-01
EMP041,Omer Nawaz,Operations,POS-041,S020,SOP Compliance,Compliance,Core,Needs Development,2,Basic,35.0,2.0,1,Not Required,Yes,DEPARTMENT-006,Enterprise Operations,ORGANIZATIONAL-UNIT-OPS-TEAM-03,LOC-CENTRAL,2026-08-01
EMP041,Omer Nawaz,Operations,POS-041,S024,Workflow Coordination,Functional,Core,Needs Development,2,Basic,36.3,1.8,14,Not Required,Yes,DEPARTMENT-006,Enterprise Operations,ORGANIZATIONAL-UNIT-OPS-TEAM-03,LOC-CENTRAL,2026-08-01
EMP041,Omer Nawaz,Operations,POS-041,S022,Quality Control,Functional,Core,Needs Development,2,Basic,35.0,1.3,7,Not Required,No,DEPARTMENT-006,Enterprise Operations,ORGANIZATIONAL-UNIT-OPS-TEAM-03,LOC-CENTRAL,2026-08-01
EMP041,Omer Nawaz,Operations,POS-041,S029,Advanced Excel,Digital,Core,Needs Development,2,Basic,35.0,1.9,3,Not Certified,No,DEPARTMENT-006,Enterprise Operations,ORGANIZATIONAL-UNIT-OPS-TEAM-03,LOC-CENTRAL,2026-08-01
EMP041,Omer Nawaz,Operations,POS-041,S043,Teamwork,Behavioral,Common,Needs Development,2,Basic,35.5,1.7,8,Not Required,No,DEPARTMENT-006,Enterprise Operations,ORGANIZATIONAL-UNIT-OPS-TEAM-03,LOC-CENTRAL,2026-08-01
EMP042,Amna Aslam,Customer Support,POS-042,S037,Customer Service,Functional,Core,Verified,4,Advanced,75.6,4.3,10,Not Required,Yes,DEPARTMENT-004,Commercial Services,ORGANIZATIONAL-UNIT-CS-TEAM-01,LOC-CENTRAL,2026-08-01
EMP042,Amna Aslam,Customer Support,POS-042,S040,SLA Management,Functional,Core,Verified,4,Advanced,71.8,3.9,11,Not Required,Yes,DEPARTMENT-004,Commercial Services,ORGANIZATIONAL-UNIT-CS-TEAM-01,LOC-CENTRAL,2026-08-01
EMP042,Amna Aslam,Customer Support,POS-042,S015,CRM Management,Digital,Core,Developing,3,Competent,58.3,4.3,7,Not Required,No,DEPARTMENT-004,Commercial Services,ORGANIZATIONAL-UNIT-CS-TEAM-01,LOC-CENTRAL,2026-08-01
EMP042,Amna Aslam,Customer Support,POS-042,S038,Complaint Resolution,Behavioral,Core,Developing,3,Competent,55.8,3.8,7,Not Required,No,DEPARTMENT-004,Commercial Services,ORGANIZATIONAL-UNIT-CS-TEAM-01,LOC-CENTRAL,2026-08-01
EMP042,Amna Aslam,Customer Support,POS-042,S042,Communication,Behavioral,Common,Developing,3,Competent,60.5,3.2,9,Not Required,No,DEPARTMENT-004,Commercial Services,ORGANIZATIONAL-UNIT-CS-TEAM-01,LOC-CENTRAL,2026-08-01
EMP043,Amir Javed,Operations,POS-043,S019,Process Management,Functional,Core,Developing,4,Advanced,70.9,4.8,16,Not Required,Yes,DEPARTMENT-006,Enterprise Operations,ORGANIZATIONAL-UNIT-OPS-TEAM-02,LOC-CENTRAL,2026-08-01
EMP043,Amir Javed,Operations,POS-043,S021,Process Improvement,Functional,Core,Needs Development,3,Competent,54.8,7.8,4,Not Required,Yes,DEPARTMENT-006,Enterprise Operations,ORGANIZATIONAL-UNIT-OPS-TEAM-02,LOC-CENTRAL,2026-08-01
EMP043,Amir Javed,Operations,POS-043,S022,Quality Control,Functional,Core,Verified,4,Advanced,78.5,6.8,10,Not Required,No,DEPARTMENT-006,Enterprise Operations,ORGANIZATIONAL-UNIT-OPS-TEAM-02,LOC-CENTRAL,2026-08-01
EMP043,Amir Javed,Operations,POS-043,S029,Advanced Excel,Digital,Core,Developing,3,Competent,56.4,7.6,16,Not Certified,No,DEPARTMENT-006,Enterprise Operations,ORGANIZATIONAL-UNIT-OPS-TEAM-02,LOC-CENTRAL,2026-08-01
EMP043,Amir Javed,Operations,POS-043,S044,Problem Solving,Behavioral,Common,Developing,3,Competent,56.7,4.2,5,Not Required,No,DEPARTMENT-006,Enterprise Operations,ORGANIZATIONAL-UNIT-OPS-TEAM-02,LOC-CENTRAL,2026-08-01
EMP044,Hafsa Khan,Finance,POS-044,S025,Financial Analysis,Functional,Core,Verified,4,Advanced,70.7,3.7,10,Certification Planned,Yes,DEPARTMENT-002,Corporate Services,ORGANIZATIONAL-UNIT-FIN-TEAM-03,LOC-HQ,2026-08-01
EMP044,Hafsa Khan,Finance,POS-044,S026,Accounting & Reconciliation,Functional,Core,Verified,4,Advanced,75.9,2.8,5,Not Required,Yes,DEPARTMENT-002,Corporate Services,ORGANIZATIONAL-UNIT-FIN-TEAM-03,LOC-HQ,2026-08-01
EMP044,Hafsa Khan,Finance,POS-044,S027,Budgeting & Forecasting,Functional,Core,Developing,3,Competent,57.8,2.3,12,Not Required,No,DEPARTMENT-002,Corporate Services,ORGANIZATIONAL-UNIT-FIN-TEAM-03,LOC-HQ,2026-08-01
EMP044,Hafsa Khan,Finance,POS-044,S029,Advanced Excel,Digital,Core,Verified,4,Advanced,77.2,2.5,5,Certification Planned,No,DEPARTMENT-002,Corporate Services,ORGANIZATIONAL-UNIT-FIN-TEAM-03,LOC-HQ,2026-08-01
EMP044,Hafsa Khan,Finance,POS-044,S030,Risk Analysis,Functional,Core,Needs Development,3,Competent,53.8,3.3,8,Not Certified,No,DEPARTMENT-002,Corporate Services,ORGANIZATIONAL-UNIT-FIN-TEAM-03,LOC-HQ,2026-08-01
EMP045,Saad Ahmad,Operations,POS-045,S020,SOP Compliance,Compliance,Core,Developing,3,Competent,59.1,1.4,16,Not Required,Yes,DEPARTMENT-006,Enterprise Operations,ORGANIZATIONAL-UNIT-OPS-TEAM-01,LOC-CENTRAL,2026-08-01
EMP045,Saad Ahmad,Operations,POS-045,S024,Workflow Coordination,Functional,Core,Developing,3,Competent,64.3,1.8,6,Not Required,Yes,DEPARTMENT-006,Enterprise Operations,ORGANIZATIONAL-UNIT-OPS-TEAM-01,LOC-CENTRAL,2026-08-01
EMP045,Saad Ahmad,Operations,POS-045,S022,Quality Control,Functional,Core,Developing,3,Competent,66.4,1.2,5,Not Required,No,DEPARTMENT-006,Enterprise Operations,ORGANIZATIONAL-UNIT-OPS-TEAM-01,LOC-CENTRAL,2026-08-01
EMP045,Saad Ahmad,Operations,POS-045,S029,Advanced Excel,Digital,Core,Developing,3,Competent,61.0,1.2,5,Not Certified,No,DEPARTMENT-006,Enterprise Operations,ORGANIZATIONAL-UNIT-OPS-TEAM-01,LOC-CENTRAL,2026-08-01
EMP045,Saad Ahmad,Operations,POS-045,S043,Teamwork,Behavioral,Common,Developing,3,Competent,62.4,1.7,7,Not Required,No,DEPARTMENT-006,Enterprise Operations,ORGANIZATIONAL-UNIT-OPS-TEAM-01,LOC-CENTRAL,2026-08-01
EMP046,Salman Iqbal,Customer Support,POS-046,S037,Customer Service,Functional,Core,Developing,3,Competent,55.5,2.2,11,Not Required,Yes,DEPARTMENT-004,Commercial Services,ORGANIZATIONAL-UNIT-CS-TEAM-02,LOC-CENTRAL,2026-08-01
EMP046,Salman Iqbal,Customer Support,POS-046,S038,Complaint Resolution,Behavioral,Core,Developing,3,Competent,60.2,1.4,3,Not Required,Yes,DEPARTMENT-004,Commercial Services,ORGANIZATIONAL-UNIT-CS-TEAM-02,LOC-CENTRAL,2026-08-01
EMP046,Salman Iqbal,Customer Support,POS-046,S039,Call Handling,Functional,Core,Needs Development,2,Basic,43.3,2.2,17,Not Required,No,DEPARTMENT-004,Commercial Services,ORGANIZATIONAL-UNIT-CS-TEAM-02,LOC-CENTRAL,2026-08-01
EMP046,Salman Iqbal,Customer Support,POS-046,S018,Product Knowledge,Functional,Core,Needs Development,2,Basic,35.7,2.4,3,Not Required,No,DEPARTMENT-004,Commercial Services,ORGANIZATIONAL-UNIT-CS-TEAM-02,LOC-CENTRAL,2026-08-01
EMP046,Salman Iqbal,Customer Support,POS-046,S051,Empathy & Active Listening,Behavioral,Common,Needs Development,2,Basic,35.0,1.6,4,Not Required,No,DEPARTMENT-004,Commercial Services,ORGANIZATIONAL-UNIT-CS-TEAM-02,LOC-CENTRAL,2026-08-01
EMP047,Mahnoor Iqbal,Finance,POS-047,S025,Financial Analysis,Functional,Core,Developing,4,Advanced,84.2,8.1,18,Certification Planned,Yes,DEPARTMENT-002,Corporate Services,ORGANIZATIONAL-UNIT-FIN-TEAM-03,LOC-HQ,2026-08-01
EMP047,Mahnoor Iqbal,Finance,POS-047,S028,Regulatory Reporting,Compliance,Core,Verified,4,Advanced,71.8,6.0,4,Certification Planned,Yes,DEPARTMENT-002,Corporate Services,ORGANIZATIONAL-UNIT-FIN-TEAM-03,LOC-HQ,2026-08-01
EMP047,Mahnoor Iqbal,Finance,POS-047,S027,Budgeting & Forecasting,Functional,Core,Developing,4,Advanced,76.4,6.3,13,Not Required,No,DEPARTMENT-002,Corporate Services,ORGANIZATIONAL-UNIT-FIN-TEAM-03,LOC-HQ,2026-08-01
EMP047,Mahnoor Iqbal,Finance,POS-047,S030,Risk Analysis,Functional,Core,Verified,5,Expert,100.0,6.7,3,Certified,No,DEPARTMENT-002,Corporate Services,ORGANIZATIONAL-UNIT-FIN-TEAM-03,LOC-HQ,2026-08-01
EMP047,Mahnoor Iqbal,Finance,POS-047,S045,Stakeholder Management,Behavioral,Leadership,Verified,5,Expert,97.9,8.0,2,Not Required,No,DEPARTMENT-002,Corporate Services,ORGANIZATIONAL-UNIT-FIN-TEAM-03,LOC-HQ,2026-08-01
EMP048,Sehrish Shah,Operations,POS-048,S020,SOP Compliance,Compliance,Core,Needs Development,2,Basic,36.1,1.2,13,Not Required,Yes,DEPARTMENT-006,Enterprise Operations,ORGANIZATIONAL-UNIT-OPS-TEAM-01,LOC-CENTRAL,2026-08-01
EMP048,Sehrish Shah,Operations,POS-048,S024,Workflow Coordination,Functional,Core,Needs Development,3,Competent,54.8,1.5,14,Not Required,Yes,DEPARTMENT-006,Enterprise Operations,ORGANIZATIONAL-UNIT-OPS-TEAM-01,LOC-CENTRAL,2026-08-01
EMP048,Sehrish Shah,Operations,POS-048,S022,Quality Control,Functional,Core,Needs Development,2,Basic,35.0,1.2,8,Not Required,No,DEPARTMENT-006,Enterprise Operations,ORGANIZATIONAL-UNIT-OPS-TEAM-01,LOC-CENTRAL,2026-08-01
EMP048,Sehrish Shah,Operations,POS-048,S029,Advanced Excel,Digital,Core,Needs Development,2,Basic,45.9,1.2,14,Not Certified,No,DEPARTMENT-006,Enterprise Operations,ORGANIZATIONAL-UNIT-OPS-TEAM-01,LOC-CENTRAL,2026-08-01
EMP048,Sehrish Shah,Operations,POS-048,S043,Teamwork,Behavioral,Common,Developing,3,Competent,57.1,1.5,13,Not Required,No,DEPARTMENT-006,Enterprise Operations,ORGANIZATIONAL-UNIT-OPS-TEAM-01,LOC-CENTRAL,2026-08-01
EMP049,Sara Aslam,Sales,POS-049,S012,B2B Sales,Functional,Core,Needs Development,3,Competent,54.2,1.7,5,Not Required,Yes,DEPARTMENT-003,Commercial Services,ORGANIZATIONAL-UNIT-SAL-TEAM-02,LOC-NORTH,2026-08-01
EMP049,Sara Aslam,Sales,POS-049,S013,Lead Generation,Functional,Core,Needs Development,3,Competent,54.0,2.2,10,Not Required,Yes,DEPARTMENT-003,Commercial Services,ORGANIZATIONAL-UNIT-SAL-TEAM-02,LOC-NORTH,2026-08-01
EMP049,Sara Aslam,Sales,POS-049,S018,Product Knowledge,Functional,Core,Needs Development,2,Basic,46.7,2.5,6,Not Required,No,DEPARTMENT-003,Commercial Services,ORGANIZATIONAL-UNIT-SAL-TEAM-02,LOC-NORTH,2026-08-01
EMP049,Sara Aslam,Sales,POS-049,S015,CRM Management,Digital,Core,Developing,3,Competent,57.7,2.3,7,Not Required,No,DEPARTMENT-003,Commercial Services,ORGANIZATIONAL-UNIT-SAL-TEAM-02,LOC-NORTH,2026-08-01
EMP049,Sara Aslam,Sales,POS-049,S042,Communication,Behavioral,Common,Developing,3,Competent,56.6,2.5,3,Not Required,No,DEPARTMENT-003,Commercial Services,ORGANIZATIONAL-UNIT-SAL-TEAM-02,LOC-NORTH,2026-08-01
EMP050,Mohsin Butt,Finance,POS-050,S026,Accounting & Reconciliation,Functional,Core,Needs Development,2,Basic,35.0,1.9,18,Not Required,Yes,DEPARTMENT-002,Corporate Services,ORGANIZATIONAL-UNIT-FIN-TEAM-03,LOC-HQ,2026-08-01
EMP050,Mohsin Butt,Finance,POS-050,S029,Advanced Excel,Digital,Core,Needs Development,2,Basic,41.2,1.3,2,Not Certified,Yes,DEPARTMENT-002,Corporate Services,ORGANIZATIONAL-UNIT-FIN-TEAM-03,LOC-HQ,2026-08-01
EMP050,Mohsin Butt,Finance,POS-050,S053,Documentation,Behavioral,Common,Needs Development,2,Basic,35.0,2.0,3,Not Required,No,DEPARTMENT-002,Corporate Services,ORGANIZATIONAL-UNIT-FIN-TEAM-03,LOC-HQ,2026-08-01
EMP050,Mohsin Butt,Finance,POS-050,S043,Teamwork,Behavioral,Common,Needs Development,2,Basic,39.0,1.2,2,Not Required,No,DEPARTMENT-002,Corporate Services,ORGANIZATIONAL-UNIT-FIN-TEAM-03,LOC-HQ,2026-08-01
EMP050,Mohsin Butt,Finance,POS-050,S030,Risk Analysis,Functional,Core,Needs Development,2,Basic,35.7,1.7,11,Not Certified,No,DEPARTMENT-002,Corporate Services,ORGANIZATIONAL-UNIT-FIN-TEAM-03,LOC-HQ,2026-08-01
EMP051,Asad Ahmad,IT,POS-051,S008,Cybersecurity,Technical,Digital,Developing,5,Expert,86.0,7.7,17,Certified,Yes,DEPARTMENT-007,Technology and Innovation,ORGANIZATIONAL-UNIT-IT-TEAM-01,LOC-HQ,2026-08-01
EMP051,Asad Ahmad,IT,POS-051,S007,Cloud Platforms,Technical,Digital,Verified,5,Expert,93.0,12.4,11,Certification Planned,Yes,DEPARTMENT-007,Technology and Innovation,ORGANIZATIONAL-UNIT-IT-TEAM-01,LOC-HQ,2026-08-01
EMP051,Asad Ahmad,IT,POS-051,S009,Network Administration,Technical,Core,Developing,4,Advanced,71.2,11.1,18,Certification Planned,No,DEPARTMENT-007,Technology and Innovation,ORGANIZATIONAL-UNIT-IT-TEAM-01,LOC-HQ,2026-08-01
EMP051,Asad Ahmad,IT,POS-051,S050,Project Management,Leadership,Common,Verified,5,Expert,96.3,12.3,2,Certification Planned,No,DEPARTMENT-007,Technology and Innovation,ORGANIZATIONAL-UNIT-IT-TEAM-01,LOC-HQ,2026-08-01
EMP051,Asad Ahmad,IT,POS-051,S044,Problem Solving,Behavioral,Common,Developing,4,Advanced,77.3,10.7,14,Not Required,No,DEPARTMENT-007,Technology and Innovation,ORGANIZATIONAL-UNIT-IT-TEAM-01,LOC-HQ,2026-08-01
EMP052,Raza Hassan,Customer Support,POS-052,S037,Customer Service,Functional,Core,Needs Development,3,Competent,46.0,1.8,2,Not Required,Yes,DEPARTMENT-004,Commercial Services,ORGANIZATIONAL-UNIT-CS-TEAM-02,LOC-CENTRAL,2026-08-01
EMP052,Raza Hassan,Customer Support,POS-052,S038,Complaint Resolution,Behavioral,Core,Needs Development,2,Basic,35.0,2.1,15,Not Required,Yes,DEPARTMENT-004,Commercial Services,ORGANIZATIONAL-UNIT-CS-TEAM-02,LOC-CENTRAL,2026-08-01
EMP052,Raza Hassan,Customer Support,POS-052,S039,Call Handling,Functional,Core,Needs Development,2,Basic,38.8,1.4,7,Not Required,No,DEPARTMENT-004,Commercial Services,ORGANIZATIONAL-UNIT-CS-TEAM-02,LOC-CENTRAL,2026-08-01
EMP052,Raza Hassan,Customer Support,POS-052,S018,Product Knowledge,Functional,Core,Needs Development,2,Basic,36.8,1.7,17,Not Required,No,DEPARTMENT-004,Commercial Services,ORGANIZATIONAL-UNIT-CS-TEAM-02,LOC-CENTRAL,2026-08-01
EMP052,Raza Hassan,Customer Support,POS-052,S051,Empathy & Active Listening,Behavioral,Common,Needs Development,2,Basic,38.6,1.6,4,Not Required,No,DEPARTMENT-004,Commercial Services,ORGANIZATIONAL-UNIT-CS-TEAM-02,LOC-CENTRAL,2026-08-01
EMP053,Zeeshan Abbasi,HR,POS-053,S031,Recruitment & Selection,Functional,Core,Needs Development,2,Basic,41.5,1.9,13,Not Required,Yes,DEPARTMENT-001,Corporate Services,ORGANIZATIONAL-UNIT-HR-TEAM-03,LOC-HQ,2026-08-01
EMP053,Zeeshan Abbasi,HR,POS-053,S032,HRIS & Employee Data,Digital,Core,Developing,3,Competent,59.6,1.5,3,Not Certified,Yes,DEPARTMENT-001,Corporate Services,ORGANIZATIONAL-UNIT-HR-TEAM-03,LOC-HQ,2026-08-01
EMP053,Zeeshan Abbasi,HR,POS-053,S034,Employee Relations,Behavioral,Core,Developing,3,Competent,57.6,1.8,3,Not Required,No,DEPARTMENT-001,Corporate Services,ORGANIZATIONAL-UNIT-HR-TEAM-03,LOC-HQ,2026-08-01
EMP053,Zeeshan Abbasi,HR,POS-053,S042,Communication,Behavioral,Common,Needs Development,2,Basic,43.2,2.6,10,Not Required,No,DEPARTMENT-001,Corporate Services,ORGANIZATIONAL-UNIT-HR-TEAM-03,LOC-HQ,2026-08-01
EMP053,Zeeshan Abbasi,HR,POS-053,S053,Documentation,Behavioral,Common,Needs Development,2,Basic,37.6,1.8,16,Not Required,No,DEPARTMENT-001,Corporate Services,ORGANIZATIONAL-UNIT-HR-TEAM-03,LOC-HQ,2026-08-01
EMP054,Waqas Aslam,Engineering,POS-054,S001,Python Programming,Technical,Core,Developing,3,Competent,57.6,0.4,9,Not Required,Yes,DEPARTMENT-005,Technology and Innovation,ORGANIZATIONAL-UNIT-ENG-TEAM-01,LOC-HQ,2026-08-01
EMP054,Waqas Aslam,Engineering,POS-054,S002,SQL & Databases,Technical,Core,Developing,3,Competent,65.9,0.4,16,Not Required,Yes,DEPARTMENT-005,Technology and Innovation,ORGANIZATIONAL-UNIT-ENG-TEAM-01,LOC-HQ,2026-08-01
EMP054,Waqas Aslam,Engineering,POS-054,S004,Software Testing,Technical,Core,Developing,3,Competent,57.5,0.4,7,Not Required,No,DEPARTMENT-005,Technology and Innovation,ORGANIZATIONAL-UNIT-ENG-TEAM-01,LOC-HQ,2026-08-01
EMP054,Waqas Aslam,Engineering,POS-054,S044,Problem Solving,Behavioral,Common,Developing,3,Competent,64.0,0.4,1,Not Required,No,DEPARTMENT-005,Technology and Innovation,ORGANIZATIONAL-UNIT-ENG-TEAM-01,LOC-HQ,2026-08-01
EMP054,Waqas Aslam,Engineering,POS-054,S043,Teamwork,Behavioral,Common,Developing,3,Competent,63.3,0.5,8,Not Required,No,DEPARTMENT-005,Technology and Innovation,ORGANIZATIONAL-UNIT-ENG-TEAM-01,LOC-HQ,2026-08-01
EMP055,Sadia Mahmood,Engineering,POS-055,S001,Python Programming,Technical,Core,Developing,4,Advanced,66.9,2.2,9,Not Required,Yes,DEPARTMENT-005,Technology and Innovation,ORGANIZATIONAL-UNIT-ENG-TEAM-02,LOC-HQ,2026-08-01
EMP055,Sadia Mahmood,Engineering,POS-055,S002,SQL & Databases,Technical,Core,Developing,3,Competent,58.4,2.5,14,Not Required,Yes,DEPARTMENT-005,Technology and Innovation,ORGANIZATIONAL-UNIT-ENG-TEAM-02,LOC-HQ,2026-08-01
EMP055,Sadia Mahmood,Engineering,POS-055,S003,API Development,Technical,Core,Needs Development,2,Basic,35.0,2.5,1,Not Required,No,DEPARTMENT-005,Technology and Innovation,ORGANIZATIONAL-UNIT-ENG-TEAM-02,LOC-HQ,2026-08-01
EMP055,Sadia Mahmood,Engineering,POS-055,S004,Software Testing,Technical,Core,Needs Development,3,Competent,52.3,1.7,6,Not Required,No,DEPARTMENT-005,Technology and Innovation,ORGANIZATIONAL-UNIT-ENG-TEAM-02,LOC-HQ,2026-08-01
EMP055,Sadia Mahmood,Engineering,POS-055,S044,Problem Solving,Behavioral,Common,Needs Development,3,Competent,52.0,2.3,8,Not Required,No,DEPARTMENT-005,Technology and Innovation,ORGANIZATIONAL-UNIT-ENG-TEAM-02,LOC-HQ,2026-08-01
EMP056,Saba Hassan,Operations,POS-056,S019,Process Management,Functional,Core,Verified,4,Advanced,74.7,4.6,8,Not Required,Yes,DEPARTMENT-006,Enterprise Operations,ORGANIZATIONAL-UNIT-OPS-TEAM-03,LOC-CENTRAL,2026-08-01
EMP056,Saba Hassan,Operations,POS-056,S021,Process Improvement,Functional,Core,Verified,4,Advanced,71.2,3.9,5,Not Required,Yes,DEPARTMENT-006,Enterprise Operations,ORGANIZATIONAL-UNIT-OPS-TEAM-03,LOC-CENTRAL,2026-08-01
EMP056,Saba Hassan,Operations,POS-056,S022,Quality Control,Functional,Core,Needs Development,3,Competent,52.9,3.9,5,Not Required,No,DEPARTMENT-006,Enterprise Operations,ORGANIZATIONAL-UNIT-OPS-TEAM-03,LOC-CENTRAL,2026-08-01
EMP056,Saba Hassan,Operations,POS-056,S029,Advanced Excel,Digital,Core,Developing,4,Advanced,77.1,5.4,13,Certification Planned,No,DEPARTMENT-006,Enterprise Operations,ORGANIZATIONAL-UNIT-OPS-TEAM-03,LOC-CENTRAL,2026-08-01
EMP056,Saba Hassan,Operations,POS-056,S044,Problem Solving,Behavioral,Common,Verified,4,Advanced,82.2,4.5,12,Not Required,No,DEPARTMENT-006,Enterprise Operations,ORGANIZATIONAL-UNIT-OPS-TEAM-03,LOC-CENTRAL,2026-08-01
EMP057,Raza Haider,IT,POS-057,S010,IT Service Management,Functional,Core,Needs Development,3,Competent,50.5,0.6,3,Not Certified,Yes,DEPARTMENT-007,Technology and Innovation,ORGANIZATIONAL-UNIT-IT-TEAM-01,LOC-HQ,2026-08-01
EMP057,Raza Haider,IT,POS-057,S011,Incident Management,Functional,Core,Needs Development,3,Competent,51.7,0.3,5,Not Required,Yes,DEPARTMENT-007,Technology and Innovation,ORGANIZATIONAL-UNIT-IT-TEAM-01,LOC-HQ,2026-08-01
EMP057,Raza Haider,IT,POS-057,S009,Network Administration,Technical,Core,Needs Development,3,Competent,51.6,0.4,9,Not Certified,No,DEPARTMENT-007,Technology and Innovation,ORGANIZATIONAL-UNIT-IT-TEAM-01,LOC-HQ,2026-08-01
EMP057,Raza Haider,IT,POS-057,S042,Communication,Behavioral,Common,Needs Development,2,Basic,35.0,0.4,7,Not Required,No,DEPARTMENT-007,Technology and Innovation,ORGANIZATIONAL-UNIT-IT-TEAM-01,LOC-HQ,2026-08-01
EMP057,Raza Haider,IT,POS-057,S053,Documentation,Behavioral,Common,Needs Development,2,Basic,35.0,0.7,18,Not Required,No,DEPARTMENT-007,Technology and Innovation,ORGANIZATIONAL-UNIT-IT-TEAM-01,LOC-HQ,2026-08-01
EMP058,Shahid Malik,Engineering,POS-058,S005,System Design,Technical,Core,Verified,4,Advanced,70.8,6.1,2,Not Required,Yes,DEPARTMENT-005,Technology and Innovation,ORGANIZATIONAL-UNIT-ENG-TEAM-02,LOC-HQ,2026-08-01
EMP058,Shahid Malik,Engineering,POS-058,S003,API Development,Technical,Core,Developing,4,Advanced,64.6,6.8,7,Not Required,Yes,DEPARTMENT-005,Technology and Innovation,ORGANIZATIONAL-UNIT-ENG-TEAM-02,LOC-HQ,2026-08-01
EMP058,Shahid Malik,Engineering,POS-058,S001,Python Programming,Technical,Core,Verified,4,Advanced,70.2,9.6,11,Not Required,No,DEPARTMENT-005,Technology and Innovation,ORGANIZATIONAL-UNIT-ENG-TEAM-02,LOC-HQ,2026-08-01
EMP058,Shahid Malik,Engineering,POS-058,S050,Project Management,Leadership,Common,Verified,4,Advanced,70.2,11.7,8,Certification Planned,No,DEPARTMENT-005,Technology and Innovation,ORGANIZATIONAL-UNIT-ENG-TEAM-02,LOC-HQ,2026-08-01
EMP058,Shahid Malik,Engineering,POS-058,S047,Coaching & Mentoring,Leadership,Leadership,Verified,4,Advanced,72.5,10.4,5,Not Required,No,DEPARTMENT-005,Technology and Innovation,ORGANIZATIONAL-UNIT-ENG-TEAM-02,LOC-HQ,2026-08-01
EMP059,Anum Masood,Sales,POS-059,S016,Account Management,Functional,Core,Verified,5,Expert,87.8,6.4,9,Not Required,Yes,DEPARTMENT-003,Commercial Services,ORGANIZATIONAL-UNIT-SAL-TEAM-03,LOC-NORTH,2026-08-01
EMP059,Anum Masood,Sales,POS-059,S014,Negotiation,Behavioral,Core,Verified,5,Expert,97.3,8.2,3,Not Required,Yes,DEPARTMENT-003,Commercial Services,ORGANIZATIONAL-UNIT-SAL-TEAM-03,LOC-NORTH,2026-08-01
EMP059,Anum Masood,Sales,POS-059,S017,Pipeline Management,Functional,Core,Verified,4,Advanced,76.0,10.9,4,Not Required,No,DEPARTMENT-003,Commercial Services,ORGANIZATIONAL-UNIT-SAL-TEAM-03,LOC-NORTH,2026-08-01
EMP059,Anum Masood,Sales,POS-059,S045,Stakeholder Management,Behavioral,Leadership,Verified,4,Advanced,73.6,11.6,4,Not Required,No,DEPARTMENT-003,Commercial Services,ORGANIZATIONAL-UNIT-SAL-TEAM-03,LOC-NORTH,2026-08-01
EMP059,Anum Masood,Sales,POS-059,S047,Coaching & Mentoring,Leadership,Leadership,Verified,5,Expert,92.5,7.4,2,Not Required,No,DEPARTMENT-003,Commercial Services,ORGANIZATIONAL-UNIT-SAL-TEAM-03,LOC-NORTH,2026-08-01
EMP060,Mohsin Yousaf,Sales,POS-060,S012,B2B Sales,Functional,Core,Needs Development,3,Competent,54.1,1.2,10,Not Required,Yes,DEPARTMENT-003,Commercial Services,ORGANIZATIONAL-UNIT-SAL-TEAM-01,LOC-NORTH,2026-08-01
EMP060,Mohsin Yousaf,Sales,POS-060,S013,Lead Generation,Functional,Core,Developing,3,Competent,59.4,1.3,12,Not Required,Yes,DEPARTMENT-003,Commercial Services,ORGANIZATIONAL-UNIT-SAL-TEAM-01,LOC-NORTH,2026-08-01
EMP060,Mohsin Yousaf,Sales,POS-060,S018,Product Knowledge,Functional,Core,Needs Development,2,Basic,35.7,1.5,16,Not Required,No,DEPARTMENT-003,Commercial Services,ORGANIZATIONAL-UNIT-SAL-TEAM-01,LOC-NORTH,2026-08-01
EMP060,Mohsin Yousaf,Sales,POS-060,S015,CRM Management,Digital,Core,Developing,3,Competent,60.3,1.2,14,Not Required,No,DEPARTMENT-003,Commercial Services,ORGANIZATIONAL-UNIT-SAL-TEAM-01,LOC-NORTH,2026-08-01
EMP060,Mohsin Yousaf,Sales,POS-060,S042,Communication,Behavioral,Common,Developing,3,Competent,55.6,1.6,1,Not Required,No,DEPARTMENT-003,Commercial Services,ORGANIZATIONAL-UNIT-SAL-TEAM-01,LOC-NORTH,2026-08-01
EMP061,Asad Bashir,Sales,POS-061,S012,B2B Sales,Functional,Core,Developing,3,Competent,57.8,2.0,11,Not Required,Yes,DEPARTMENT-003,Commercial Services,ORGANIZATIONAL-UNIT-SAL-TEAM-02,LOC-NORTH,2026-08-01
EMP061,Asad Bashir,Sales,POS-061,S013,Lead Generation,Functional,Core,Developing,3,Competent,59.3,1.6,14,Not Required,Yes,DEPARTMENT-003,Commercial Services,ORGANIZATIONAL-UNIT-SAL-TEAM-02,LOC-NORTH,2026-08-01
EMP061,Asad Bashir,Sales,POS-061,S018,Product Knowledge,Functional,Core,Needs Development,2,Basic,40.8,2.0,14,Not Required,No,DEPARTMENT-003,Commercial Services,ORGANIZATIONAL-UNIT-SAL-TEAM-02,LOC-NORTH,2026-08-01
EMP061,Asad Bashir,Sales,POS-061,S015,CRM Management,Digital,Core,Needs Development,2,Basic,37.9,2.6,8,Not Required,No,DEPARTMENT-003,Commercial Services,ORGANIZATIONAL-UNIT-SAL-TEAM-02,LOC-NORTH,2026-08-01
EMP061,Asad Bashir,Sales,POS-061,S042,Communication,Behavioral,Common,Needs Development,2,Basic,44.1,2.0,7,Not Required,No,DEPARTMENT-003,Commercial Services,ORGANIZATIONAL-UNIT-SAL-TEAM-02,LOC-NORTH,2026-08-01
EMP062,Fahad Dar,Sales,POS-062,S016,Account Management,Functional,Core,Verified,4,Advanced,79.1,2.7,7,Not Required,Yes,DEPARTMENT-003,Commercial Services,ORGANIZATIONAL-UNIT-SAL-TEAM-03,LOC-NORTH,2026-08-01
EMP062,Fahad Dar,Sales,POS-062,S014,Negotiation,Behavioral,Core,Verified,5,Expert,97.8,4.2,2,Not Required,Yes,DEPARTMENT-003,Commercial Services,ORGANIZATIONAL-UNIT-SAL-TEAM-03,LOC-NORTH,2026-08-01
EMP062,Fahad Dar,Sales,POS-062,S015,CRM Management,Digital,Core,Developing,4,Advanced,78.5,3.2,18,Not Required,No,DEPARTMENT-003,Commercial Services,ORGANIZATIONAL-UNIT-SAL-TEAM-03,LOC-NORTH,2026-08-01
EMP062,Fahad Dar,Sales,POS-062,S017,Pipeline Management,Functional,Core,Verified,4,Advanced,83.0,5.4,11,Not Required,No,DEPARTMENT-003,Commercial Services,ORGANIZATIONAL-UNIT-SAL-TEAM-03,LOC-NORTH,2026-08-01
EMP062,Fahad Dar,Sales,POS-062,S018,Product Knowledge,Functional,Core,Verified,4,Advanced,83.0,5.5,2,Not Required,No,DEPARTMENT-003,Commercial Services,ORGANIZATIONAL-UNIT-SAL-TEAM-03,LOC-NORTH,2026-08-01
EMP063,Ahmad Tariq,Sales,POS-063,S012,B2B Sales,Functional,Core,Needs Development,3,Competent,53.0,2.6,15,Not Required,Yes,DEPARTMENT-003,Commercial Services,ORGANIZATIONAL-UNIT-SAL-TEAM-01,LOC-NORTH,2026-08-01
EMP063,Ahmad Tariq,Sales,POS-063,S013,Lead Generation,Functional,Core,Needs Development,3,Competent,45.4,2.6,2,Not Required,Yes,DEPARTMENT-003,Commercial Services,ORGANIZATIONAL-UNIT-SAL-TEAM-01,LOC-NORTH,2026-08-01
EMP063,Ahmad Tariq,Sales,POS-063,S018,Product Knowledge,Functional,Core,Needs Development,2,Basic,36.9,2.6,18,Not Required,No,DEPARTMENT-003,Commercial Services,ORGANIZATIONAL-UNIT-SAL-TEAM-01,LOC-NORTH,2026-08-01
EMP063,Ahmad Tariq,Sales,POS-063,S015,CRM Management,Digital,Core,Needs Development,2,Basic,40.9,1.6,2,Not Required,No,DEPARTMENT-003,Commercial Services,ORGANIZATIONAL-UNIT-SAL-TEAM-01,LOC-NORTH,2026-08-01
EMP063,Ahmad Tariq,Sales,POS-063,S042,Communication,Behavioral,Common,Needs Development,2,Basic,35.0,1.5,14,Not Required,No,DEPARTMENT-003,Commercial Services,ORGANIZATIONAL-UNIT-SAL-TEAM-01,LOC-NORTH,2026-08-01
EMP064,Hassan Sheikh,Sales,POS-064,S012,B2B Sales,Functional,Core,Developing,3,Competent,59.3,2.0,4,Not Required,Yes,DEPARTMENT-003,Commercial Services,ORGANIZATIONAL-UNIT-SAL-TEAM-02,LOC-NORTH,2026-08-01
EMP064,Hassan Sheikh,Sales,POS-064,S013,Lead Generation,Functional,Core,Developing,3,Competent,60.1,1.5,17,Not Required,Yes,DEPARTMENT-003,Commercial Services,ORGANIZATIONAL-UNIT-SAL-TEAM-02,LOC-NORTH,2026-08-01
EMP064,Hassan Sheikh,Sales,POS-064,S018,Product Knowledge,Functional,Core,Developing,3,Competent,59.5,1.7,6,Not Required,No,DEPARTMENT-003,Commercial Services,ORGANIZATIONAL-UNIT-SAL-TEAM-02,LOC-NORTH,2026-08-01
EMP064,Hassan Sheikh,Sales,POS-064,S015,CRM Management,Digital,Core,Needs Development,3,Competent,54.8,3.0,9,Not Required,No,DEPARTMENT-003,Commercial Services,ORGANIZATIONAL-UNIT-SAL-TEAM-02,LOC-NORTH,2026-08-01
EMP064,Hassan Sheikh,Sales,POS-064,S042,Communication,Behavioral,Common,Developing,3,Competent,59.5,1.7,15,Not Required,No,DEPARTMENT-003,Commercial Services,ORGANIZATIONAL-UNIT-SAL-TEAM-02,LOC-NORTH,2026-08-01
EMP065,Amna Gill,Sales,POS-065,S016,Account Management,Functional,Core,Needs Development,3,Competent,48.8,1.5,11,Not Required,Yes,DEPARTMENT-003,Commercial Services,ORGANIZATIONAL-UNIT-SAL-TEAM-03,LOC-NORTH,2026-08-01
EMP065,Amna Gill,Sales,POS-065,S014,Negotiation,Behavioral,Core,Developing,3,Competent,55.7,2.4,4,Not Required,Yes,DEPARTMENT-003,Commercial Services,ORGANIZATIONAL-UNIT-SAL-TEAM-03,LOC-NORTH,2026-08-01
EMP065,Amna Gill,Sales,POS-065,S015,CRM Management,Digital,Core,Needs Development,3,Competent,54.7,1.8,12,Not Required,No,DEPARTMENT-003,Commercial Services,ORGANIZATIONAL-UNIT-SAL-TEAM-03,LOC-NORTH,2026-08-01
EMP065,Amna Gill,Sales,POS-065,S017,Pipeline Management,Functional,Core,Needs Development,3,Competent,51.7,2.3,6,Not Required,No,DEPARTMENT-003,Commercial Services,ORGANIZATIONAL-UNIT-SAL-TEAM-03,LOC-NORTH,2026-08-01
EMP065,Amna Gill,Sales,POS-065,S018,Product Knowledge,Functional,Core,Needs Development,3,Competent,53.6,2.2,4,Not Required,No,DEPARTMENT-003,Commercial Services,ORGANIZATIONAL-UNIT-SAL-TEAM-03,LOC-NORTH,2026-08-01
EMP066,Ali Gill,HR,POS-066,S033,Performance Management,Functional,Core,Developing,4,Advanced,72.1,5.6,14,Not Required,Yes,DEPARTMENT-001,Corporate Services,ORGANIZATIONAL-UNIT-HR-TEAM-01,LOC-HQ,2026-08-01
EMP066,Ali Gill,HR,POS-066,S034,Employee Relations,Behavioral,Core,Needs Development,3,Competent,52.6,6.4,5,Not Required,Yes,DEPARTMENT-001,Corporate Services,ORGANIZATIONAL-UNIT-HR-TEAM-01,LOC-HQ,2026-08-01
EMP066,Ali Gill,HR,POS-066,S035,Learning & Development,Functional,Core,Developing,4,Advanced,67.2,6.1,9,Not Required,No,DEPARTMENT-001,Corporate Services,ORGANIZATIONAL-UNIT-HR-TEAM-01,LOC-HQ,2026-08-01
EMP066,Ali Gill,HR,POS-066,S047,Coaching & Mentoring,Leadership,Leadership,Needs Development,3,Competent,54.7,5.0,14,Not Required,No,DEPARTMENT-001,Corporate Services,ORGANIZATIONAL-UNIT-HR-TEAM-01,LOC-HQ,2026-08-01
EMP066,Ali Gill,HR,POS-066,S045,Stakeholder Management,Behavioral,Leadership,Needs Development,3,Competent,46.5,6.2,15,Not Required,No,DEPARTMENT-001,Corporate Services,ORGANIZATIONAL-UNIT-HR-TEAM-01,LOC-HQ,2026-08-01
EMP067,Nida Hameed,Operations,POS-067,S046,Leadership,Leadership,Leadership,Verified,5,Expert,92.1,7.7,10,Not Required,Yes,DEPARTMENT-006,Enterprise Operations,ORGANIZATIONAL-UNIT-OPS,LOC-CENTRAL,2026-08-01
EMP067,Nida Hameed,Operations,POS-067,S019,Process Management,Functional,Core,Verified,5,Expert,89.3,9.1,3,Not Required,Yes,DEPARTMENT-006,Enterprise Operations,ORGANIZATIONAL-UNIT-OPS,LOC-CENTRAL,2026-08-01
EMP067,Nida Hameed,Operations,POS-067,S023,Risk & Controls,Compliance,Core,Verified,5,Expert,82.9,9.2,11,Not Required,No,DEPARTMENT-006,Enterprise Operations,ORGANIZATIONAL-UNIT-OPS,LOC-CENTRAL,2026-08-01
EMP067,Nida Hameed,Operations,POS-067,S050,Project Management,Leadership,Common,Verified,4,Advanced,72.7,6.1,5,Certification Planned,No,DEPARTMENT-006,Enterprise Operations,ORGANIZATIONAL-UNIT-OPS,LOC-CENTRAL,2026-08-01
EMP067,Nida Hameed,Operations,POS-067,S045,Stakeholder Management,Behavioral,Leadership,Developing,4,Advanced,68.7,8.9,5,Not Required,No,DEPARTMENT-006,Enterprise Operations,ORGANIZATIONAL-UNIT-OPS,LOC-CENTRAL,2026-08-01
EMP068,Sidra Hussain,Customer Support,POS-068,S046,Leadership,Leadership,Leadership,Verified,5,Expert,88.5,9.6,8,Not Required,Yes,DEPARTMENT-004,Commercial Services,ORGANIZATIONAL-UNIT-CS,LOC-CENTRAL,2026-08-01
EMP068,Sidra Hussain,Customer Support,POS-068,S047,Coaching & Mentoring,Leadership,Leadership,Verified,4,Advanced,70.5,10.4,12,Not Required,Yes,DEPARTMENT-004,Commercial Services,ORGANIZATIONAL-UNIT-CS,LOC-CENTRAL,2026-08-01
EMP068,Sidra Hussain,Customer Support,POS-068,S040,SLA Management,Functional,Core,Verified,5,Expert,89.2,15.8,11,Not Required,No,DEPARTMENT-004,Commercial Services,ORGANIZATIONAL-UNIT-CS,LOC-CENTRAL,2026-08-01
EMP068,Sidra Hussain,Customer Support,POS-068,S045,Stakeholder Management,Behavioral,Leadership,Verified,4,Advanced,73.3,11.6,7,Not Required,No,DEPARTMENT-004,Commercial Services,ORGANIZATIONAL-UNIT-CS,LOC-CENTRAL,2026-08-01
EMP068,Sidra Hussain,Customer Support,POS-068,S021,Process Improvement,Functional,Core,Verified,4,Advanced,74.1,12.4,2,Not Required,No,DEPARTMENT-004,Commercial Services,ORGANIZATIONAL-UNIT-CS,LOC-CENTRAL,2026-08-01
EMP069,Mehwish Hussain,Operations,POS-069,S020,SOP Compliance,Compliance,Core,Developing,3,Competent,60.4,1.8,7,Not Required,Yes,DEPARTMENT-006,Enterprise Operations,ORGANIZATIONAL-UNIT-OPS-TEAM-01,LOC-CENTRAL,2026-08-01
EMP069,Mehwish Hussain,Operations,POS-069,S024,Workflow Coordination,Functional,Core,Needs Development,2,Basic,36.9,2.9,11,Not Required,Yes,DEPARTMENT-006,Enterprise Operations,ORGANIZATIONAL-UNIT-OPS-TEAM-01,LOC-CENTRAL,2026-08-01
EMP069,Mehwish Hussain,Operations,POS-069,S022,Quality Control,Functional,Core,Developing,3,Competent,57.5,2.1,15,Not Required,No,DEPARTMENT-006,Enterprise Operations,ORGANIZATIONAL-UNIT-OPS-TEAM-01,LOC-CENTRAL,2026-08-01
EMP069,Mehwish Hussain,Operations,POS-069,S029,Advanced Excel,Digital,Core,Needs Development,3,Competent,54.7,2.4,3,Not Certified,No,DEPARTMENT-006,Enterprise Operations,ORGANIZATIONAL-UNIT-OPS-TEAM-01,LOC-CENTRAL,2026-08-01
EMP069,Mehwish Hussain,Operations,POS-069,S043,Teamwork,Behavioral,Common,Needs Development,2,Basic,35.8,2.2,10,Not Required,No,DEPARTMENT-006,Enterprise Operations,ORGANIZATIONAL-UNIT-OPS-TEAM-01,LOC-CENTRAL,2026-08-01
EMP070,Bilal Saeed,Engineering,POS-070,S005,System Design,Technical,Core,Developing,4,Advanced,66.4,6.6,17,Not Required,Yes,DEPARTMENT-005,Technology and Innovation,ORGANIZATIONAL-UNIT-ENG,LOC-HQ,2026-08-01
EMP070,Bilal Saeed,Engineering,POS-070,S050,Project Management,Leadership,Common,Verified,5,Expert,84.1,5.7,7,Certification Planned,Yes,DEPARTMENT-005,Technology and Innovation,ORGANIZATIONAL-UNIT-ENG,LOC-HQ,2026-08-01
EMP070,Bilal Saeed,Engineering,POS-070,S046,Leadership,Leadership,Leadership,Verified,4,Advanced,73.3,5.4,10,Not Required,No,DEPARTMENT-005,Technology and Innovation,ORGANIZATIONAL-UNIT-ENG,LOC-HQ,2026-08-01
EMP070,Bilal Saeed,Engineering,POS-070,S045,Stakeholder Management,Behavioral,Leadership,Developing,4,Advanced,71.8,5.9,13,Not Required,No,DEPARTMENT-005,Technology and Innovation,ORGANIZATIONAL-UNIT-ENG,LOC-HQ,2026-08-01
EMP070,Bilal Saeed,Engineering,POS-070,S006,DevOps & CI/CD,Technical,Digital,Developing,4,Advanced,68.6,6.9,15,Certification Planned,No,DEPARTMENT-005,Technology and Innovation,ORGANIZATIONAL-UNIT-ENG,LOC-HQ,2026-08-01
EMP071,Eman Abbasi,Finance,POS-071,S025,Financial Analysis,Functional,Core,Needs Development,3,Competent,54.0,4.7,13,Not Certified,Yes,DEPARTMENT-002,Corporate Services,ORGANIZATIONAL-UNIT-FIN-TEAM-03,LOC-HQ,2026-08-01
EMP071,Eman Abbasi,Finance,POS-071,S026,Accounting & Reconciliation,Functional,Core,Needs Development,3,Competent,52.4,3.6,17,Not Required,Yes,DEPARTMENT-002,Corporate Services,ORGANIZATIONAL-UNIT-FIN-TEAM-03,LOC-HQ,2026-08-01
EMP071,Eman Abbasi,Finance,POS-071,S027,Budgeting & Forecasting,Functional,Core,Developing,4,Advanced,67.3,3.3,17,Not Required,No,DEPARTMENT-002,Corporate Services,ORGANIZATIONAL-UNIT-FIN-TEAM-03,LOC-HQ,2026-08-01
EMP071,Eman Abbasi,Finance,POS-071,S029,Advanced Excel,Digital,Core,Needs Development,3,Competent,47.9,5.0,17,Not Certified,No,DEPARTMENT-002,Corporate Services,ORGANIZATIONAL-UNIT-FIN-TEAM-03,LOC-HQ,2026-08-01
EMP071,Eman Abbasi,Finance,POS-071,S030,Risk Analysis,Functional,Core,Needs Development,3,Competent,38.4,6.0,6,Not Certified,No,DEPARTMENT-002,Corporate Services,ORGANIZATIONAL-UNIT-FIN-TEAM-03,LOC-HQ,2026-08-01
EMP072,Fahad Hassan,Customer Support,POS-072,S040,SLA Management,Functional,Core,Verified,5,Expert,97.9,7.1,1,Not Required,Yes,DEPARTMENT-004,Commercial Services,ORGANIZATIONAL-UNIT-CS-TEAM-01,LOC-CENTRAL,2026-08-01
EMP072,Fahad Hassan,Customer Support,POS-072,S041,Knowledge Base Management,Digital,Core,Developing,4,Advanced,78.2,8.0,13,Not Required,Yes,DEPARTMENT-004,Commercial Services,ORGANIZATIONAL-UNIT-CS-TEAM-01,LOC-CENTRAL,2026-08-01
EMP072,Fahad Hassan,Customer Support,POS-072,S047,Coaching & Mentoring,Leadership,Leadership,Verified,5,Expert,92.8,6.4,3,Not Required,No,DEPARTMENT-004,Commercial Services,ORGANIZATIONAL-UNIT-CS-TEAM-01,LOC-CENTRAL,2026-08-01
EMP072,Fahad Hassan,Customer Support,POS-072,S038,Complaint Resolution,Behavioral,Core,Verified,4,Advanced,79.6,10.7,10,Not Required,No,DEPARTMENT-004,Commercial Services,ORGANIZATIONAL-UNIT-CS-TEAM-01,LOC-CENTRAL,2026-08-01
EMP072,Fahad Hassan,Customer Support,POS-072,S043,Teamwork,Behavioral,Common,Verified,4,Advanced,73.8,10.4,6,Not Required,No,DEPARTMENT-004,Commercial Services,ORGANIZATIONAL-UNIT-CS-TEAM-01,LOC-CENTRAL,2026-08-01
EMP073,Ali Yousaf,Customer Support,POS-073,S037,Customer Service,Functional,Core,Needs Development,2,Basic,35.0,0.6,15,Not Required,Yes,DEPARTMENT-004,Commercial Services,ORGANIZATIONAL-UNIT-CS-TEAM-02,LOC-CENTRAL,2026-08-01
EMP073,Ali Yousaf,Customer Support,POS-073,S038,Complaint Resolution,Behavioral,Core,Needs Development,2,Basic,35.0,0.7,2,Not Required,Yes,DEPARTMENT-004,Commercial Services,ORGANIZATIONAL-UNIT-CS-TEAM-02,LOC-CENTRAL,2026-08-01
EMP073,Ali Yousaf,Customer Support,POS-073,S039,Call Handling,Functional,Core,Needs Development,2,Basic,35.0,1.0,4,Not Required,No,DEPARTMENT-004,Commercial Services,ORGANIZATIONAL-UNIT-CS-TEAM-02,LOC-CENTRAL,2026-08-01
EMP073,Ali Yousaf,Customer Support,POS-073,S018,Product Knowledge,Functional,Core,Needs Development,2,Basic,35.0,0.8,14,Not Required,No,DEPARTMENT-004,Commercial Services,ORGANIZATIONAL-UNIT-CS-TEAM-02,LOC-CENTRAL,2026-08-01
EMP073,Ali Yousaf,Customer Support,POS-073,S051,Empathy & Active Listening,Behavioral,Common,Needs Development,2,Basic,35.0,0.7,7,Not Required,No,DEPARTMENT-004,Commercial Services,ORGANIZATIONAL-UNIT-CS-TEAM-02,LOC-CENTRAL,2026-08-01
EMP074,Omer Hameed,Sales,POS-074,S012,B2B Sales,Functional,Core,Needs Development,2,Basic,35.0,1.9,11,Not Required,Yes,DEPARTMENT-003,Commercial Services,ORGANIZATIONAL-UNIT-SAL-TEAM-03,LOC-NORTH,2026-08-01
EMP074,Omer Hameed,Sales,POS-074,S013,Lead Generation,Functional,Core,Needs Development,3,Competent,46.6,1.5,4,Not Required,Yes,DEPARTMENT-003,Commercial Services,ORGANIZATIONAL-UNIT-SAL-TEAM-03,LOC-NORTH,2026-08-01
EMP074,Omer Hameed,Sales,POS-074,S018,Product Knowledge,Functional,Core,Needs Development,2,Basic,36.8,2.2,17,Not Required,No,DEPARTMENT-003,Commercial Services,ORGANIZATIONAL-UNIT-SAL-TEAM-03,LOC-NORTH,2026-08-01
EMP074,Omer Hameed,Sales,POS-074,S015,CRM Management,Digital,Core,Needs Development,3,Competent,47.5,1.6,11,Not Required,No,DEPARTMENT-003,Commercial Services,ORGANIZATIONAL-UNIT-SAL-TEAM-03,LOC-NORTH,2026-08-01
EMP074,Omer Hameed,Sales,POS-074,S042,Communication,Behavioral,Common,Needs Development,3,Competent,51.5,2.0,1,Not Required,No,DEPARTMENT-003,Commercial Services,ORGANIZATIONAL-UNIT-SAL-TEAM-03,LOC-NORTH,2026-08-01
EMP075,Asad Raza,Operations,POS-075,S019,Process Management,Functional,Core,Verified,4,Advanced,72.0,3.1,6,Not Required,Yes,DEPARTMENT-006,Enterprise Operations,ORGANIZATIONAL-UNIT-OPS-TEAM-01,LOC-CENTRAL,2026-08-01
EMP075,Asad Raza,Operations,POS-075,S021,Process Improvement,Functional,Core,Developing,3,Competent,60.6,2.3,3,Not Required,Yes,DEPARTMENT-006,Enterprise Operations,ORGANIZATIONAL-UNIT-OPS-TEAM-01,LOC-CENTRAL,2026-08-01
EMP075,Asad Raza,Operations,POS-075,S022,Quality Control,Functional,Core,Developing,3,Competent,61.7,2.6,12,Not Required,No,DEPARTMENT-006,Enterprise Operations,ORGANIZATIONAL-UNIT-OPS-TEAM-01,LOC-CENTRAL,2026-08-01
EMP075,Asad Raza,Operations,POS-075,S029,Advanced Excel,Digital,Core,Developing,3,Competent,56.1,4.0,12,Not Certified,No,DEPARTMENT-006,Enterprise Operations,ORGANIZATIONAL-UNIT-OPS-TEAM-01,LOC-CENTRAL,2026-08-01
EMP075,Asad Raza,Operations,POS-075,S044,Problem Solving,Behavioral,Common,Developing,3,Competent,61.4,3.2,2,Not Required,No,DEPARTMENT-006,Enterprise Operations,ORGANIZATIONAL-UNIT-OPS-TEAM-01,LOC-CENTRAL,2026-08-01
EMP076,Fahad Shah,Engineering,POS-076,S001,Python Programming,Technical,Core,Developing,3,Competent,55.5,3.8,3,Not Required,Yes,DEPARTMENT-005,Technology and Innovation,ORGANIZATIONAL-UNIT-ENG-TEAM-02,LOC-HQ,2026-08-01
EMP076,Fahad Shah,Engineering,POS-076,S002,SQL & Databases,Technical,Core,Developing,3,Competent,55.7,5.0,16,Not Required,Yes,DEPARTMENT-005,Technology and Innovation,ORGANIZATIONAL-UNIT-ENG-TEAM-02,LOC-HQ,2026-08-01
EMP076,Fahad Shah,Engineering,POS-076,S003,API Development,Technical,Core,Developing,3,Competent,57.8,3.5,14,Not Required,No,DEPARTMENT-005,Technology and Innovation,ORGANIZATIONAL-UNIT-ENG-TEAM-02,LOC-HQ,2026-08-01
EMP076,Fahad Shah,Engineering,POS-076,S004,Software Testing,Technical,Core,Developing,3,Competent,56.4,6.1,7,Not Required,No,DEPARTMENT-005,Technology and Innovation,ORGANIZATIONAL-UNIT-ENG-TEAM-02,LOC-HQ,2026-08-01
EMP076,Fahad Shah,Engineering,POS-076,S044,Problem Solving,Behavioral,Common,Verified,4,Advanced,77.7,5.3,1,Not Required,No,DEPARTMENT-005,Technology and Innovation,ORGANIZATIONAL-UNIT-ENG-TEAM-02,LOC-HQ,2026-08-01
EMP077,Ahmad Awan,Customer Support,POS-077,S040,SLA Management,Functional,Core,Developing,5,Expert,100.0,5.3,15,Not Required,Yes,DEPARTMENT-004,Commercial Services,ORGANIZATIONAL-UNIT-CS-TEAM-03,LOC-CENTRAL,2026-08-01
EMP077,Ahmad Awan,Customer Support,POS-077,S041,Knowledge Base Management,Digital,Core,Verified,5,Expert,100.0,9.1,4,Not Required,Yes,DEPARTMENT-004,Commercial Services,ORGANIZATIONAL-UNIT-CS-TEAM-03,LOC-CENTRAL,2026-08-01
EMP077,Ahmad Awan,Customer Support,POS-077,S047,Coaching & Mentoring,Leadership,Leadership,Verified,5,Expert,96.1,6.3,12,Not Required,No,DEPARTMENT-004,Commercial Services,ORGANIZATIONAL-UNIT-CS-TEAM-03,LOC-CENTRAL,2026-08-01
EMP077,Ahmad Awan,Customer Support,POS-077,S038,Complaint Resolution,Behavioral,Core,Verified,5,Expert,99.2,9.4,10,Not Required,No,DEPARTMENT-004,Commercial Services,ORGANIZATIONAL-UNIT-CS-TEAM-03,LOC-CENTRAL,2026-08-01
EMP077,Ahmad Awan,Customer Support,POS-077,S043,Teamwork,Behavioral,Common,Verified,5,Expert,95.8,9.1,11,Not Required,No,DEPARTMENT-004,Commercial Services,ORGANIZATIONAL-UNIT-CS-TEAM-03,LOC-CENTRAL,2026-08-01
EMP078,Ahmad Nawaz,Engineering,POS-078,S001,Python Programming,Technical,Core,Developing,3,Competent,56.2,2.6,3,Not Required,Yes,DEPARTMENT-005,Technology and Innovation,ORGANIZATIONAL-UNIT-ENG-TEAM-01,LOC-HQ,2026-08-01
EMP078,Ahmad Nawaz,Engineering,POS-078,S002,SQL & Databases,Technical,Core,Needs Development,3,Competent,52.7,2.1,18,Not Required,Yes,DEPARTMENT-005,Technology and Innovation,ORGANIZATIONAL-UNIT-ENG-TEAM-01,LOC-HQ,2026-08-01
EMP078,Ahmad Nawaz,Engineering,POS-078,S003,API Development,Technical,Core,Needs Development,3,Competent,53.0,1.6,15,Not Required,No,DEPARTMENT-005,Technology and Innovation,ORGANIZATIONAL-UNIT-ENG-TEAM-01,LOC-HQ,2026-08-01
EMP078,Ahmad Nawaz,Engineering,POS-078,S004,Software Testing,Technical,Core,Developing,3,Competent,56.7,2.2,8,Not Required,No,DEPARTMENT-005,Technology and Innovation,ORGANIZATIONAL-UNIT-ENG-TEAM-01,LOC-HQ,2026-08-01
EMP078,Ahmad Nawaz,Engineering,POS-078,S044,Problem Solving,Behavioral,Common,Developing,3,Competent,64.3,2.1,4,Not Required,No,DEPARTMENT-005,Technology and Innovation,ORGANIZATIONAL-UNIT-ENG-TEAM-01,LOC-HQ,2026-08-01
EMP079,Hina Aslam,Customer Support,POS-079,S037,Customer Service,Functional,Core,Developing,3,Competent,59.6,0.9,6,Not Required,Yes,DEPARTMENT-004,Commercial Services,ORGANIZATIONAL-UNIT-CS-TEAM-02,LOC-CENTRAL,2026-08-01
EMP079,Hina Aslam,Customer Support,POS-079,S038,Complaint Resolution,Behavioral,Core,Needs Development,2,Basic,35.0,1.5,16,Not Required,Yes,DEPARTMENT-004,Commercial Services,ORGANIZATIONAL-UNIT-CS-TEAM-02,LOC-CENTRAL,2026-08-01
EMP079,Hina Aslam,Customer Support,POS-079,S039,Call Handling,Functional,Core,Needs Development,2,Basic,37.9,1.0,2,Not Required,No,DEPARTMENT-004,Commercial Services,ORGANIZATIONAL-UNIT-CS-TEAM-02,LOC-CENTRAL,2026-08-01
EMP079,Hina Aslam,Customer Support,POS-079,S018,Product Knowledge,Functional,Core,Needs Development,2,Basic,41.9,1.0,10,Not Required,No,DEPARTMENT-004,Commercial Services,ORGANIZATIONAL-UNIT-CS-TEAM-02,LOC-CENTRAL,2026-08-01
EMP079,Hina Aslam,Customer Support,POS-079,S051,Empathy & Active Listening,Behavioral,Common,Developing,3,Competent,62.1,0.9,17,Not Required,No,DEPARTMENT-004,Commercial Services,ORGANIZATIONAL-UNIT-CS-TEAM-02,LOC-CENTRAL,2026-08-01
EMP080,Ali Mughal,Engineering,POS-080,S005,System Design,Technical,Core,Developing,5,Expert,100.0,12.7,15,Not Required,Yes,DEPARTMENT-005,Technology and Innovation,ORGANIZATIONAL-UNIT-ENG,LOC-HQ,2026-08-01
EMP080,Ali Mughal,Engineering,POS-080,S050,Project Management,Leadership,Common,Verified,5,Expert,100.0,8.6,5,Certified,Yes,DEPARTMENT-005,Technology and Innovation,ORGANIZATIONAL-UNIT-ENG,LOC-HQ,2026-08-01
EMP080,Ali Mughal,Engineering,POS-080,S046,Leadership,Leadership,Leadership,Developing,5,Expert,99.3,8.3,14,Not Required,No,DEPARTMENT-005,Technology and Innovation,ORGANIZATIONAL-UNIT-ENG,LOC-HQ,2026-08-01
EMP080,Ali Mughal,Engineering,POS-080,S045,Stakeholder Management,Behavioral,Leadership,Verified,5,Expert,95.1,8.8,7,Not Required,No,DEPARTMENT-005,Technology and Innovation,ORGANIZATIONAL-UNIT-ENG,LOC-HQ,2026-08-01
EMP080,Ali Mughal,Engineering,POS-080,S006,DevOps & CI/CD,Technical,Digital,Verified,5,Expert,99.8,8.2,10,Certification Planned,No,DEPARTMENT-005,Technology and Innovation,ORGANIZATIONAL-UNIT-ENG,LOC-HQ,2026-08-01
EMP081,Sonia Arif,HR,POS-081,S033,Performance Management,Functional,Core,Verified,5,Expert,100.0,7.9,4,Not Required,Yes,DEPARTMENT-001,Corporate Services,ORGANIZATIONAL-UNIT-HR-TEAM-01,LOC-HQ,2026-08-01
EMP081,Sonia Arif,HR,POS-081,S034,Employee Relations,Behavioral,Core,Developing,5,Expert,89.1,8.9,16,Not Required,Yes,DEPARTMENT-001,Corporate Services,ORGANIZATIONAL-UNIT-HR-TEAM-01,LOC-HQ,2026-08-01
EMP081,Sonia Arif,HR,POS-081,S035,Learning & Development,Functional,Core,Developing,4,Advanced,80.8,6.5,16,Not Required,No,DEPARTMENT-001,Corporate Services,ORGANIZATIONAL-UNIT-HR-TEAM-01,LOC-HQ,2026-08-01
EMP081,Sonia Arif,HR,POS-081,S047,Coaching & Mentoring,Leadership,Leadership,Verified,5,Expert,96.3,6.9,9,Not Required,No,DEPARTMENT-001,Corporate Services,ORGANIZATIONAL-UNIT-HR-TEAM-01,LOC-HQ,2026-08-01
EMP081,Sonia Arif,HR,POS-081,S045,Stakeholder Management,Behavioral,Leadership,Verified,4,Advanced,82.4,10.3,9,Not Required,No,DEPARTMENT-001,Corporate Services,ORGANIZATIONAL-UNIT-HR-TEAM-01,LOC-HQ,2026-08-01
EMP082,Ali Dar,Engineering,POS-082,S001,Python Programming,Technical,Core,Needs Development,2,Basic,36.5,0.7,8,Not Required,Yes,DEPARTMENT-005,Technology and Innovation,ORGANIZATIONAL-UNIT-ENG-TEAM-02,LOC-HQ,2026-08-01
EMP082,Ali Dar,Engineering,POS-082,S002,SQL & Databases,Technical,Core,Needs Development,2,Basic,41.5,0.6,5,Not Required,Yes,DEPARTMENT-005,Technology and Innovation,ORGANIZATIONAL-UNIT-ENG-TEAM-02,LOC-HQ,2026-08-01
EMP082,Ali Dar,Engineering,POS-082,S004,Software Testing,Technical,Core,Needs Development,2,Basic,35.0,0.4,11,Not Required,No,DEPARTMENT-005,Technology and Innovation,ORGANIZATIONAL-UNIT-ENG-TEAM-02,LOC-HQ,2026-08-01
EMP082,Ali Dar,Engineering,POS-082,S044,Problem Solving,Behavioral,Common,Needs Development,2,Basic,35.0,0.6,5,Not Required,No,DEPARTMENT-005,Technology and Innovation,ORGANIZATIONAL-UNIT-ENG-TEAM-02,LOC-HQ,2026-08-01
EMP082,Ali Dar,Engineering,POS-082,S043,Teamwork,Behavioral,Common,Needs Development,2,Basic,39.5,0.5,3,Not Required,No,DEPARTMENT-005,Technology and Innovation,ORGANIZATIONAL-UNIT-ENG-TEAM-02,LOC-HQ,2026-08-01
EMP083,Raza Aziz,Customer Support,POS-083,S037,Customer Service,Functional,Core,Needs Development,2,Basic,35.0,2.8,6,Not Required,Yes,DEPARTMENT-004,Commercial Services,ORGANIZATIONAL-UNIT-CS-TEAM-03,LOC-CENTRAL,2026-08-01
EMP083,Raza Aziz,Customer Support,POS-083,S038,Complaint Resolution,Behavioral,Core,Needs Development,3,Competent,53.3,1.6,18,Not Required,Yes,DEPARTMENT-004,Commercial Services,ORGANIZATIONAL-UNIT-CS-TEAM-03,LOC-CENTRAL,2026-08-01
EMP083,Raza Aziz,Customer Support,POS-083,S039,Call Handling,Functional,Core,Needs Development,2,Basic,41.3,2.1,12,Not Required,No,DEPARTMENT-004,Commercial Services,ORGANIZATIONAL-UNIT-CS-TEAM-03,LOC-CENTRAL,2026-08-01
EMP083,Raza Aziz,Customer Support,POS-083,S018,Product Knowledge,Functional,Core,Needs Development,2,Basic,37.7,2.3,5,Not Required,No,DEPARTMENT-004,Commercial Services,ORGANIZATIONAL-UNIT-CS-TEAM-03,LOC-CENTRAL,2026-08-01
EMP083,Raza Aziz,Customer Support,POS-083,S051,Empathy & Active Listening,Behavioral,Common,Needs Development,2,Basic,45.2,2.5,12,Not Required,No,DEPARTMENT-004,Commercial Services,ORGANIZATIONAL-UNIT-CS-TEAM-03,LOC-CENTRAL,2026-08-01
EMP084,Zara Ullah,HR,POS-084,S033,Performance Management,Functional,Core,Developing,4,Advanced,65.8,5.6,4,Not Required,Yes,DEPARTMENT-001,Corporate Services,ORGANIZATIONAL-UNIT-HR-TEAM-01,LOC-HQ,2026-08-01
EMP084,Zara Ullah,HR,POS-084,S031,Recruitment & Selection,Functional,Core,Developing,3,Competent,61.6,5.8,7,Not Required,Yes,DEPARTMENT-001,Corporate Services,ORGANIZATIONAL-UNIT-HR-TEAM-01,LOC-HQ,2026-08-01
EMP084,Zara Ullah,HR,POS-084,S032,HRIS & Employee Data,Digital,Core,Developing,4,Advanced,67.4,6.6,3,Certification Planned,No,DEPARTMENT-001,Corporate Services,ORGANIZATIONAL-UNIT-HR-TEAM-01,LOC-HQ,2026-08-01
EMP084,Zara Ullah,HR,POS-084,S035,Learning & Development,Functional,Core,Needs Development,3,Competent,49.7,4.9,14,Not Required,No,DEPARTMENT-001,Corporate Services,ORGANIZATIONAL-UNIT-HR-TEAM-01,LOC-HQ,2026-08-01
EMP084,Zara Ullah,HR,POS-084,S034,Employee Relations,Behavioral,Core,Needs Development,3,Competent,53.1,4.9,3,Not Required,No,DEPARTMENT-001,Corporate Services,ORGANIZATIONAL-UNIT-HR-TEAM-01,LOC-HQ,2026-08-01
EMP085,Sara Yousaf,HR,POS-085,S033,Performance Management,Functional,Core,Verified,4,Advanced,74.2,9.5,8,Not Required,Yes,DEPARTMENT-001,Corporate Services,ORGANIZATIONAL-UNIT-HR-TEAM-02,LOC-HQ,2026-08-01
EMP085,Sara Yousaf,HR,POS-085,S034,Employee Relations,Behavioral,Core,Verified,4,Advanced,74.3,8.7,2,Not Required,Yes,DEPARTMENT-001,Corporate Services,ORGANIZATIONAL-UNIT-HR-TEAM-02,LOC-HQ,2026-08-01
EMP085,Sara Yousaf,HR,POS-085,S035,Learning & Development,Functional,Core,Verified,4,Advanced,72.4,9.7,2,Not Required,No,DEPARTMENT-001,Corporate Services,ORGANIZATIONAL-UNIT-HR-TEAM-02,LOC-HQ,2026-08-01
EMP085,Sara Yousaf,HR,POS-085,S047,Coaching & Mentoring,Leadership,Leadership,Verified,5,Expert,89.7,7.6,5,Not Required,No,DEPARTMENT-001,Corporate Services,ORGANIZATIONAL-UNIT-HR-TEAM-02,LOC-HQ,2026-08-01
EMP085,Sara Yousaf,HR,POS-085,S045,Stakeholder Management,Behavioral,Leadership,Verified,4,Advanced,72.6,9.0,11,Not Required,No,DEPARTMENT-001,Corporate Services,ORGANIZATIONAL-UNIT-HR-TEAM-02,LOC-HQ,2026-08-01
EMP086,Hina Tariq,Operations,POS-086,S020,SOP Compliance,Compliance,Core,Developing,3,Competent,60.0,1.2,15,Not Required,Yes,DEPARTMENT-006,Enterprise Operations,ORGANIZATIONAL-UNIT-OPS-TEAM-03,LOC-CENTRAL,2026-08-01
EMP086,Hina Tariq,Operations,POS-086,S024,Workflow Coordination,Functional,Core,Developing,3,Competent,66.7,2.1,7,Not Required,Yes,DEPARTMENT-006,Enterprise Operations,ORGANIZATIONAL-UNIT-OPS-TEAM-03,LOC-CENTRAL,2026-08-01
EMP086,Hina Tariq,Operations,POS-086,S022,Quality Control,Functional,Core,Developing,3,Competent,59.0,1.9,16,Not Required,No,DEPARTMENT-006,Enterprise Operations,ORGANIZATIONAL-UNIT-OPS-TEAM-03,LOC-CENTRAL,2026-08-01
EMP086,Hina Tariq,Operations,POS-086,S029,Advanced Excel,Digital,Core,Developing,3,Competent,60.8,1.9,4,Not Certified,No,DEPARTMENT-006,Enterprise Operations,ORGANIZATIONAL-UNIT-OPS-TEAM-03,LOC-CENTRAL,2026-08-01
EMP086,Hina Tariq,Operations,POS-086,S043,Teamwork,Behavioral,Common,Needs Development,2,Basic,39.8,2.0,12,Not Required,No,DEPARTMENT-006,Enterprise Operations,ORGANIZATIONAL-UNIT-OPS-TEAM-03,LOC-CENTRAL,2026-08-01
EMP087,Kashif Hameed,HR,POS-087,S046,Leadership,Leadership,Leadership,Developing,5,Expert,94.7,10.0,13,Not Required,Yes,DEPARTMENT-001,Corporate Services,ORGANIZATIONAL-UNIT-HR,LOC-HQ,2026-08-01
EMP087,Kashif Hameed,HR,POS-087,S033,Performance Management,Functional,Core,Verified,4,Advanced,80.7,8.8,6,Not Required,Yes,DEPARTMENT-001,Corporate Services,ORGANIZATIONAL-UNIT-HR,LOC-HQ,2026-08-01
EMP087,Kashif Hameed,HR,POS-087,S034,Employee Relations,Behavioral,Core,Developing,5,Expert,95.7,9.3,17,Not Required,No,DEPARTMENT-001,Corporate Services,ORGANIZATIONAL-UNIT-HR,LOC-HQ,2026-08-01
EMP087,Kashif Hameed,HR,POS-087,S035,Learning & Development,Functional,Core,Developing,5,Expert,96.7,11.6,16,Not Required,No,DEPARTMENT-001,Corporate Services,ORGANIZATIONAL-UNIT-HR,LOC-HQ,2026-08-01
EMP087,Kashif Hameed,HR,POS-087,S045,Stakeholder Management,Behavioral,Leadership,Verified,5,Expert,97.1,10.6,12,Not Required,No,DEPARTMENT-001,Corporate Services,ORGANIZATIONAL-UNIT-HR,LOC-HQ,2026-08-01
EMP088,Sana Mughal,Operations,POS-088,S019,Process Management,Functional,Core,Verified,4,Advanced,80.4,3.7,8,Not Required,Yes,DEPARTMENT-006,Enterprise Operations,ORGANIZATIONAL-UNIT-OPS-TEAM-02,LOC-CENTRAL,2026-08-01
EMP088,Sana Mughal,Operations,POS-088,S021,Process Improvement,Functional,Core,Verified,4,Advanced,79.8,4.3,11,Not Required,Yes,DEPARTMENT-006,Enterprise Operations,ORGANIZATIONAL-UNIT-OPS-TEAM-02,LOC-CENTRAL,2026-08-01
EMP088,Sana Mughal,Operations,POS-088,S022,Quality Control,Functional,Core,Verified,4,Advanced,80.7,2.9,4,Not Required,No,DEPARTMENT-006,Enterprise Operations,ORGANIZATIONAL-UNIT-OPS-TEAM-02,LOC-CENTRAL,2026-08-01
EMP088,Sana Mughal,Operations,POS-088,S029,Advanced Excel,Digital,Core,Verified,4,Advanced,73.8,4.4,6,Certification Planned,No,DEPARTMENT-006,Enterprise Operations,ORGANIZATIONAL-UNIT-OPS-TEAM-02,LOC-CENTRAL,2026-08-01
EMP088,Sana Mughal,Operations,POS-088,S044,Problem Solving,Behavioral,Common,Developing,4,Advanced,78.0,4.4,14,Not Required,No,DEPARTMENT-006,Enterprise Operations,ORGANIZATIONAL-UNIT-OPS-TEAM-02,LOC-CENTRAL,2026-08-01
EMP089,Muneeb Haider,HR,POS-089,S031,Recruitment & Selection,Functional,Core,Developing,3,Competent,62.6,2.2,18,Not Required,Yes,DEPARTMENT-001,Corporate Services,ORGANIZATIONAL-UNIT-HR-TEAM-03,LOC-HQ,2026-08-01
EMP089,Muneeb Haider,HR,POS-089,S032,HRIS & Employee Data,Digital,Core,Developing,3,Competent,62.4,3.1,9,Certification Planned,Yes,DEPARTMENT-001,Corporate Services,ORGANIZATIONAL-UNIT-HR-TEAM-03,LOC-HQ,2026-08-01
EMP089,Muneeb Haider,HR,POS-089,S034,Employee Relations,Behavioral,Core,Developing,3,Competent,63.3,2.6,15,Not Required,No,DEPARTMENT-001,Corporate Services,ORGANIZATIONAL-UNIT-HR-TEAM-03,LOC-HQ,2026-08-01
EMP089,Muneeb Haider,HR,POS-089,S042,Communication,Behavioral,Common,Developing,3,Competent,58.9,2.2,12,Not Required,No,DEPARTMENT-001,Corporate Services,ORGANIZATIONAL-UNIT-HR-TEAM-03,LOC-HQ,2026-08-01
EMP089,Muneeb Haider,HR,POS-089,S053,Documentation,Behavioral,Common,Needs Development,3,Competent,53.0,2.6,5,Not Required,No,DEPARTMENT-001,Corporate Services,ORGANIZATIONAL-UNIT-HR-TEAM-03,LOC-HQ,2026-08-01
EMP090,Noman Ahmad,Finance,POS-090,S025,Financial Analysis,Functional,Core,Verified,4,Advanced,75.4,3.0,7,Certification Planned,Yes,DEPARTMENT-002,Corporate Services,ORGANIZATIONAL-UNIT-FIN-TEAM-01,LOC-HQ,2026-08-01
EMP090,Noman Ahmad,Finance,POS-090,S026,Accounting & Reconciliation,Functional,Core,Developing,3,Competent,56.5,4.0,13,Not Required,Yes,DEPARTMENT-002,Corporate Services,ORGANIZATIONAL-UNIT-FIN-TEAM-01,LOC-HQ,2026-08-01
EMP090,Noman Ahmad,Finance,POS-090,S027,Budgeting & Forecasting,Functional,Core,Verified,4,Advanced,76.8,2.7,7,Not Required,No,DEPARTMENT-002,Corporate Services,ORGANIZATIONAL-UNIT-FIN-TEAM-01,LOC-HQ,2026-08-01
EMP090,Noman Ahmad,Finance,POS-090,S029,Advanced Excel,Digital,Core,Developing,4,Advanced,66.0,2.4,17,Certification Planned,No,DEPARTMENT-002,Corporate Services,ORGANIZATIONAL-UNIT-FIN-TEAM-01,LOC-HQ,2026-08-01
EMP090,Noman Ahmad,Finance,POS-090,S030,Risk Analysis,Functional,Core,Developing,3,Competent,58.7,3.7,15,Not Certified,No,DEPARTMENT-002,Corporate Services,ORGANIZATIONAL-UNIT-FIN-TEAM-01,LOC-HQ,2026-08-01
EMP091,Nida Mughal,Finance,POS-091,S025,Financial Analysis,Functional,Core,Developing,4,Advanced,73.3,6.6,16,Certification Planned,Yes,DEPARTMENT-002,Corporate Services,ORGANIZATIONAL-UNIT-FIN-TEAM-02,LOC-HQ,2026-08-01
EMP091,Nida Mughal,Finance,POS-091,S028,Regulatory Reporting,Compliance,Core,Developing,5,Expert,96.7,6.0,14,Certification Planned,Yes,DEPARTMENT-002,Corporate Services,ORGANIZATIONAL-UNIT-FIN-TEAM-02,LOC-HQ,2026-08-01
EMP091,Nida Mughal,Finance,POS-091,S027,Budgeting & Forecasting,Functional,Core,Developing,4,Advanced,75.9,4.9,14,Not Required,No,DEPARTMENT-002,Corporate Services,ORGANIZATIONAL-UNIT-FIN-TEAM-02,LOC-HQ,2026-08-01
EMP091,Nida Mughal,Finance,POS-091,S030,Risk Analysis,Functional,Core,Verified,4,Advanced,81.7,5.7,4,Certified,No,DEPARTMENT-002,Corporate Services,ORGANIZATIONAL-UNIT-FIN-TEAM-02,LOC-HQ,2026-08-01
EMP091,Nida Mughal,Finance,POS-091,S045,Stakeholder Management,Behavioral,Leadership,Verified,4,Advanced,78.8,6.3,5,Not Required,No,DEPARTMENT-002,Corporate Services,ORGANIZATIONAL-UNIT-FIN-TEAM-02,LOC-HQ,2026-08-01
EMP092,Mahnoor Ali,Engineering,POS-092,S005,System Design,Technical,Core,Verified,5,Expert,82.7,5.0,9,Not Required,Yes,DEPARTMENT-005,Technology and Innovation,ORGANIZATIONAL-UNIT-ENG-TEAM-03,LOC-HQ,2026-08-01
EMP092,Mahnoor Ali,Engineering,POS-092,S003,API Development,Technical,Core,Verified,4,Advanced,77.9,5.9,4,Not Required,Yes,DEPARTMENT-005,Technology and Innovation,ORGANIZATIONAL-UNIT-ENG-TEAM-03,LOC-HQ,2026-08-01
EMP092,Mahnoor Ali,Engineering,POS-092,S001,Python Programming,Technical,Core,Verified,4,Advanced,70.3,4.5,9,Not Required,No,DEPARTMENT-005,Technology and Innovation,ORGANIZATIONAL-UNIT-ENG-TEAM-03,LOC-HQ,2026-08-01
EMP092,Mahnoor Ali,Engineering,POS-092,S050,Project Management,Leadership,Common,Verified,4,Advanced,74.9,6.1,11,Certification Planned,No,DEPARTMENT-005,Technology and Innovation,ORGANIZATIONAL-UNIT-ENG-TEAM-03,LOC-HQ,2026-08-01
EMP092,Mahnoor Ali,Engineering,POS-092,S047,Coaching & Mentoring,Leadership,Leadership,Verified,4,Advanced,73.4,4.1,5,Not Required,No,DEPARTMENT-005,Technology and Innovation,ORGANIZATIONAL-UNIT-ENG-TEAM-03,LOC-HQ,2026-08-01
EMP093,Danish Siddiqui,Sales,POS-093,S016,Account Management,Functional,Core,Developing,4,Advanced,76.9,6.9,15,Not Required,Yes,DEPARTMENT-003,Commercial Services,ORGANIZATIONAL-UNIT-SAL-TEAM-01,LOC-NORTH,2026-08-01
EMP093,Danish Siddiqui,Sales,POS-093,S014,Negotiation,Behavioral,Core,Verified,4,Advanced,78.1,14.1,10,Not Required,Yes,DEPARTMENT-003,Commercial Services,ORGANIZATIONAL-UNIT-SAL-TEAM-01,LOC-NORTH,2026-08-01
EMP093,Danish Siddiqui,Sales,POS-093,S017,Pipeline Management,Functional,Core,Developing,4,Advanced,73.5,7.4,16,Not Required,No,DEPARTMENT-003,Commercial Services,ORGANIZATIONAL-UNIT-SAL-TEAM-01,LOC-NORTH,2026-08-01
EMP093,Danish Siddiqui,Sales,POS-093,S045,Stakeholder Management,Behavioral,Leadership,Developing,4,Advanced,76.4,8.8,14,Not Required,No,DEPARTMENT-003,Commercial Services,ORGANIZATIONAL-UNIT-SAL-TEAM-01,LOC-NORTH,2026-08-01
EMP093,Danish Siddiqui,Sales,POS-093,S047,Coaching & Mentoring,Leadership,Leadership,Developing,4,Advanced,77.2,7.7,17,Not Required,No,DEPARTMENT-003,Commercial Services,ORGANIZATIONAL-UNIT-SAL-TEAM-01,LOC-NORTH,2026-08-01
EMP094,Akbar Abbasi,IT,POS-094,S008,Cybersecurity,Technical,Digital,Verified,4,Advanced,70.8,11.9,3,Certification Planned,Yes,DEPARTMENT-007,Technology and Innovation,ORGANIZATIONAL-UNIT-IT-TEAM-02,LOC-HQ,2026-08-01
EMP094,Akbar Abbasi,IT,POS-094,S007,Cloud Platforms,Technical,Digital,Developing,4,Advanced,62.5,11.4,6,Certification Planned,Yes,DEPARTMENT-007,Technology and Innovation,ORGANIZATIONAL-UNIT-IT-TEAM-02,LOC-HQ,2026-08-01
EMP094,Akbar Abbasi,IT,POS-094,S009,Network Administration,Technical,Core,Needs Development,3,Competent,53.4,7.0,3,Not Certified,No,DEPARTMENT-007,Technology and Innovation,ORGANIZATIONAL-UNIT-IT-TEAM-02,LOC-HQ,2026-08-01
EMP094,Akbar Abbasi,IT,POS-094,S050,Project Management,Leadership,Common,Developing,4,Advanced,71.0,6.2,17,Certification Planned,No,DEPARTMENT-007,Technology and Innovation,ORGANIZATIONAL-UNIT-IT-TEAM-02,LOC-HQ,2026-08-01
EMP094,Akbar Abbasi,IT,POS-094,S044,Problem Solving,Behavioral,Common,Developing,4,Advanced,66.4,6.4,9,Not Required,No,DEPARTMENT-007,Technology and Innovation,ORGANIZATIONAL-UNIT-IT-TEAM-02,LOC-HQ,2026-08-01
EMP095,Haris Mahmood,IT,POS-095,S010,IT Service Management,Functional,Core,Verified,5,Expert,90.3,10.9,6,Certification Planned,Yes,DEPARTMENT-007,Technology and Innovation,ORGANIZATIONAL-UNIT-IT,LOC-HQ,2026-08-01
EMP095,Haris Mahmood,IT,POS-095,S046,Leadership,Leadership,Leadership,Verified,5,Expert,99.1,8.9,9,Not Required,Yes,DEPARTMENT-007,Technology and Innovation,ORGANIZATIONAL-UNIT-IT,LOC-HQ,2026-08-01
EMP095,Haris Mahmood,IT,POS-095,S008,Cybersecurity,Technical,Digital,Verified,5,Expert,95.1,11.6,12,Certification Planned,No,DEPARTMENT-007,Technology and Innovation,ORGANIZATIONAL-UNIT-IT,LOC-HQ,2026-08-01
EMP095,Haris Mahmood,IT,POS-095,S050,Project Management,Leadership,Common,Developing,5,Expert,98.5,9.7,13,Certification Planned,No,DEPARTMENT-007,Technology and Innovation,ORGANIZATIONAL-UNIT-IT,LOC-HQ,2026-08-01
EMP095,Haris Mahmood,IT,POS-095,S045,Stakeholder Management,Behavioral,Leadership,Verified,5,Expert,89.8,9.9,12,Not Required,No,DEPARTMENT-007,Technology and Innovation,ORGANIZATIONAL-UNIT-IT,LOC-HQ,2026-08-01
EMP096,Ayesha Abbasi,Sales,POS-096,S016,Account Management,Functional,Core,Developing,3,Competent,59.8,4.0,18,Not Required,Yes,DEPARTMENT-003,Commercial Services,ORGANIZATIONAL-UNIT-SAL-TEAM-01,LOC-NORTH,2026-08-01
EMP096,Ayesha Abbasi,Sales,POS-096,S014,Negotiation,Behavioral,Core,Verified,4,Advanced,76.6,4.2,10,Not Required,Yes,DEPARTMENT-003,Commercial Services,ORGANIZATIONAL-UNIT-SAL-TEAM-01,LOC-NORTH,2026-08-01
EMP096,Ayesha Abbasi,Sales,POS-096,S015,CRM Management,Digital,Core,Developing,3,Competent,56.4,2.6,17,Not Required,No,DEPARTMENT-003,Commercial Services,ORGANIZATIONAL-UNIT-SAL-TEAM-01,LOC-NORTH,2026-08-01
EMP096,Ayesha Abbasi,Sales,POS-096,S017,Pipeline Management,Functional,Core,Needs Development,3,Competent,54.0,3.3,12,Not Required,No,DEPARTMENT-003,Commercial Services,ORGANIZATIONAL-UNIT-SAL-TEAM-01,LOC-NORTH,2026-08-01
EMP096,Ayesha Abbasi,Sales,POS-096,S018,Product Knowledge,Functional,Core,Developing,3,Competent,56.8,3.0,1,Not Required,No,DEPARTMENT-003,Commercial Services,ORGANIZATIONAL-UNIT-SAL-TEAM-01,LOC-NORTH,2026-08-01
EMP097,Sana Arif,Sales,POS-097,S012,B2B Sales,Functional,Core,Needs Development,2,Basic,35.6,0.5,10,Not Required,Yes,DEPARTMENT-003,Commercial Services,ORGANIZATIONAL-UNIT-SAL-TEAM-02,LOC-NORTH,2026-08-01
EMP097,Sana Arif,Sales,POS-097,S013,Lead Generation,Functional,Core,Needs Development,2,Basic,45.5,0.5,10,Not Required,Yes,DEPARTMENT-003,Commercial Services,ORGANIZATIONAL-UNIT-SAL-TEAM-02,LOC-NORTH,2026-08-01
EMP097,Sana Arif,Sales,POS-097,S018,Product Knowledge,Functional,Core,Needs Development,2,Basic,41.0,0.5,6,Not Required,No,DEPARTMENT-003,Commercial Services,ORGANIZATIONAL-UNIT-SAL-TEAM-02,LOC-NORTH,2026-08-01
EMP097,Sana Arif,Sales,POS-097,S015,CRM Management,Digital,Core,Developing,3,Competent,56.3,0.5,18,Not Required,No,DEPARTMENT-003,Commercial Services,ORGANIZATIONAL-UNIT-SAL-TEAM-02,LOC-NORTH,2026-08-01
EMP097,Sana Arif,Sales,POS-097,S042,Communication,Behavioral,Common,Developing,3,Competent,58.8,0.4,18,Not Required,No,DEPARTMENT-003,Commercial Services,ORGANIZATIONAL-UNIT-SAL-TEAM-02,LOC-NORTH,2026-08-01
EMP098,Sidra Zafar,Customer Support,POS-098,S037,Customer Service,Functional,Core,Needs Development,3,Competent,53.1,2.4,1,Not Required,Yes,DEPARTMENT-004,Commercial Services,ORGANIZATIONAL-UNIT-CS-TEAM-03,LOC-CENTRAL,2026-08-01
EMP098,Sidra Zafar,Customer Support,POS-098,S040,SLA Management,Functional,Core,Developing,3,Competent,56.2,3.5,1,Not Required,Yes,DEPARTMENT-004,Commercial Services,ORGANIZATIONAL-UNIT-CS-TEAM-03,LOC-CENTRAL,2026-08-01
EMP098,Sidra Zafar,Customer Support,POS-098,S015,CRM Management,Digital,Core,Needs Development,3,Competent,54.1,3.0,3,Not Required,No,DEPARTMENT-004,Commercial Services,ORGANIZATIONAL-UNIT-CS-TEAM-03,LOC-CENTRAL,2026-08-01
EMP098,Sidra Zafar,Customer Support,POS-098,S038,Complaint Resolution,Behavioral,Core,Needs Development,3,Competent,53.7,3.1,13,Not Required,No,DEPARTMENT-004,Commercial Services,ORGANIZATIONAL-UNIT-CS-TEAM-03,LOC-CENTRAL,2026-08-01
EMP098,Sidra Zafar,Customer Support,POS-098,S042,Communication,Behavioral,Common,Needs Development,3,Competent,53.5,3.7,13,Not Required,No,DEPARTMENT-004,Commercial Services,ORGANIZATIONAL-UNIT-CS-TEAM-03,LOC-CENTRAL,2026-08-01
EMP099,Bilal Aslam,Finance,POS-099,S025,Financial Analysis,Functional,Core,Developing,3,Competent,58.1,3.5,11,Not Certified,Yes,DEPARTMENT-002,Corporate Services,ORGANIZATIONAL-UNIT-FIN-TEAM-01,LOC-HQ,2026-08-01
EMP099,Bilal Aslam,Finance,POS-099,S026,Accounting & Reconciliation,Functional,Core,Developing,3,Competent,62.8,4.5,9,Not Required,Yes,DEPARTMENT-002,Corporate Services,ORGANIZATIONAL-UNIT-FIN-TEAM-01,LOC-HQ,2026-08-01
EMP099,Bilal Aslam,Finance,POS-099,S027,Budgeting & Forecasting,Functional,Core,Developing,4,Advanced,70.3,3.2,15,Not Required,No,DEPARTMENT-002,Corporate Services,ORGANIZATIONAL-UNIT-FIN-TEAM-01,LOC-HQ,2026-08-01
EMP099,Bilal Aslam,Finance,POS-099,S029,Advanced Excel,Digital,Core,Developing,3,Competent,56.7,2.7,8,Not Certified,No,DEPARTMENT-002,Corporate Services,ORGANIZATIONAL-UNIT-FIN-TEAM-01,LOC-HQ,2026-08-01
EMP099,Bilal Aslam,Finance,POS-099,S030,Risk Analysis,Functional,Core,Verified,4,Advanced,74.3,3.9,2,Certification Planned,No,DEPARTMENT-002,Corporate Services,ORGANIZATIONAL-UNIT-FIN-TEAM-01,LOC-HQ,2026-08-01
EMP100,Rabia Javed,Engineering,POS-100,S005,System Design,Technical,Core,Developing,4,Advanced,72.4,11.3,15,Not Required,Yes,DEPARTMENT-005,Technology and Innovation,ORGANIZATIONAL-UNIT-ENG-TEAM-02,LOC-HQ,2026-08-01
EMP100,Rabia Javed,Engineering,POS-100,S003,API Development,Technical,Core,Developing,4,Advanced,68.5,5.5,11,Not Required,Yes,DEPARTMENT-005,Technology and Innovation,ORGANIZATIONAL-UNIT-ENG-TEAM-02,LOC-HQ,2026-08-01
EMP100,Rabia Javed,Engineering,POS-100,S001,Python Programming,Technical,Core,Developing,4,Advanced,71.7,8.8,14,Not Required,No,DEPARTMENT-005,Technology and Innovation,ORGANIZATIONAL-UNIT-ENG-TEAM-02,LOC-HQ,2026-08-01
EMP100,Rabia Javed,Engineering,POS-100,S050,Project Management,Leadership,Common,Verified,5,Expert,86.5,7.5,3,Certified,No,DEPARTMENT-005,Technology and Innovation,ORGANIZATIONAL-UNIT-ENG-TEAM-02,LOC-HQ,2026-08-01
EMP100,Rabia Javed,Engineering,POS-100,S047,Coaching & Mentoring,Leadership,Leadership,Developing,4,Advanced,71.5,6.4,18,Not Required,No,DEPARTMENT-005,Technology and Innovation,ORGANIZATIONAL-UNIT-ENG-TEAM-02,LOC-HQ,2026-08-01
EMP101,Talha Dar,IT,POS-101,S009,Network Administration,Technical,Core,Developing,4,Advanced,82.5,3.9,15,Certification Planned,Yes,DEPARTMENT-007,Technology and Innovation,ORGANIZATIONAL-UNIT-IT-TEAM-03,LOC-HQ,2026-08-01
EMP101,Talha Dar,IT,POS-101,S007,Cloud Platforms,Technical,Digital,Verified,4,Advanced,75.7,4.4,2,Certification Planned,Yes,DEPARTMENT-007,Technology and Innovation,ORGANIZATIONAL-UNIT-IT-TEAM-03,LOC-HQ,2026-08-01
EMP101,Talha Dar,IT,POS-101,S010,IT Service Management,Functional,Core,Developing,3,Competent,57.9,3.6,16,Not Certified,No,DEPARTMENT-007,Technology and Innovation,ORGANIZATIONAL-UNIT-IT-TEAM-03,LOC-HQ,2026-08-01
EMP101,Talha Dar,IT,POS-101,S008,Cybersecurity,Technical,Digital,Developing,3,Competent,62.4,2.4,6,Certification Planned,No,DEPARTMENT-007,Technology and Innovation,ORGANIZATIONAL-UNIT-IT-TEAM-03,LOC-HQ,2026-08-01
EMP101,Talha Dar,IT,POS-101,S011,Incident Management,Functional,Core,Developing,3,Competent,57.2,3.7,2,Not Required,No,DEPARTMENT-007,Technology and Innovation,ORGANIZATIONAL-UNIT-IT-TEAM-03,LOC-HQ,2026-08-01
EMP102,Akbar Gill,Sales,POS-102,S012,B2B Sales,Functional,Core,Developing,3,Competent,56.6,2.0,9,Not Required,Yes,DEPARTMENT-003,Commercial Services,ORGANIZATIONAL-UNIT-SAL-TEAM-01,LOC-NORTH,2026-08-01
EMP102,Akbar Gill,Sales,POS-102,S013,Lead Generation,Functional,Core,Developing,3,Competent,64.2,2.5,3,Not Required,Yes,DEPARTMENT-003,Commercial Services,ORGANIZATIONAL-UNIT-SAL-TEAM-01,LOC-NORTH,2026-08-01
EMP102,Akbar Gill,Sales,POS-102,S018,Product Knowledge,Functional,Core,Needs Development,2,Basic,36.2,1.7,6,Not Required,No,DEPARTMENT-003,Commercial Services,ORGANIZATIONAL-UNIT-SAL-TEAM-01,LOC-NORTH,2026-08-01
EMP102,Akbar Gill,Sales,POS-102,S015,CRM Management,Digital,Core,Developing,3,Competent,58.4,2.6,17,Not Required,No,DEPARTMENT-003,Commercial Services,ORGANIZATIONAL-UNIT-SAL-TEAM-01,LOC-NORTH,2026-08-01
EMP102,Akbar Gill,Sales,POS-102,S042,Communication,Behavioral,Common,Developing,3,Competent,55.5,2.6,2,Not Required,No,DEPARTMENT-003,Commercial Services,ORGANIZATIONAL-UNIT-SAL-TEAM-01,LOC-NORTH,2026-08-01
EMP103,Noor Masood,Customer Support,POS-103,S037,Customer Service,Functional,Core,Needs Development,3,Competent,50.3,1.0,11,Not Required,Yes,DEPARTMENT-004,Commercial Services,ORGANIZATIONAL-UNIT-CS-TEAM-02,LOC-CENTRAL,2026-08-01
EMP103,Noor Masood,Customer Support,POS-103,S038,Complaint Resolution,Behavioral,Core,Developing,3,Competent,55.5,1.0,6,Not Required,Yes,DEPARTMENT-004,Commercial Services,ORGANIZATIONAL-UNIT-CS-TEAM-02,LOC-CENTRAL,2026-08-01
EMP103,Noor Masood,Customer Support,POS-103,S039,Call Handling,Functional,Core,Needs Development,2,Basic,44.0,0.8,8,Not Required,No,DEPARTMENT-004,Commercial Services,ORGANIZATIONAL-UNIT-CS-TEAM-02,LOC-CENTRAL,2026-08-01
EMP103,Noor Masood,Customer Support,POS-103,S018,Product Knowledge,Functional,Core,Needs Development,2,Basic,41.2,0.7,11,Not Required,No,DEPARTMENT-004,Commercial Services,ORGANIZATIONAL-UNIT-CS-TEAM-02,LOC-CENTRAL,2026-08-01
EMP103,Noor Masood,Customer Support,POS-103,S051,Empathy & Active Listening,Behavioral,Common,Needs Development,2,Basic,47.9,1.1,9,Not Required,No,DEPARTMENT-004,Commercial Services,ORGANIZATIONAL-UNIT-CS-TEAM-02,LOC-CENTRAL,2026-08-01
EMP104,Rabia Ali,IT,POS-104,S008,Cybersecurity,Technical,Digital,Developing,5,Expert,91.0,5.1,18,Certification Planned,Yes,DEPARTMENT-007,Technology and Innovation,ORGANIZATIONAL-UNIT-IT-TEAM-03,LOC-HQ,2026-08-01
EMP104,Rabia Ali,IT,POS-104,S007,Cloud Platforms,Technical,Digital,Verified,5,Expert,98.3,9.4,12,Certification Planned,Yes,DEPARTMENT-007,Technology and Innovation,ORGANIZATIONAL-UNIT-IT-TEAM-03,LOC-HQ,2026-08-01
EMP104,Rabia Ali,IT,POS-104,S009,Network Administration,Technical,Core,Verified,4,Advanced,75.5,10.6,12,Certification Planned,No,DEPARTMENT-007,Technology and Innovation,ORGANIZATIONAL-UNIT-IT-TEAM-03,LOC-HQ,2026-08-01
EMP104,Rabia Ali,IT,POS-104,S050,Project Management,Leadership,Common,Verified,5,Expert,86.7,5.5,11,Certification Planned,No,DEPARTMENT-007,Technology and Innovation,ORGANIZATIONAL-UNIT-IT-TEAM-03,LOC-HQ,2026-08-01
EMP104,Rabia Ali,IT,POS-104,S044,Problem Solving,Behavioral,Common,Verified,5,Expert,91.9,10.5,3,Not Required,No,DEPARTMENT-007,Technology and Innovation,ORGANIZATIONAL-UNIT-IT-TEAM-03,LOC-HQ,2026-08-01
EMP105,Areeba Raza,Sales,POS-105,S017,Pipeline Management,Functional,Core,Developing,5,Expert,91.4,14.3,16,Not Required,Yes,DEPARTMENT-003,Commercial Services,ORGANIZATIONAL-UNIT-SAL,LOC-NORTH,2026-08-01
EMP105,Areeba Raza,Sales,POS-105,S046,Leadership,Leadership,Leadership,Verified,5,Expert,100.0,15.8,12,Not Required,Yes,DEPARTMENT-003,Commercial Services,ORGANIZATIONAL-UNIT-SAL,LOC-NORTH,2026-08-01
EMP105,Areeba Raza,Sales,POS-105,S045,Stakeholder Management,Behavioral,Leadership,Verified,5,Expert,99.5,18.2,8,Not Required,No,DEPARTMENT-003,Commercial Services,ORGANIZATIONAL-UNIT-SAL,LOC-NORTH,2026-08-01
EMP105,Areeba Raza,Sales,POS-105,S047,Coaching & Mentoring,Leadership,Leadership,Verified,5,Expert,99.3,10.6,1,Not Required,No,DEPARTMENT-003,Commercial Services,ORGANIZATIONAL-UNIT-SAL,LOC-NORTH,2026-08-01
EMP105,Areeba Raza,Sales,POS-105,S014,Negotiation,Behavioral,Core,Verified,5,Expert,98.0,13.7,12,Not Required,No,DEPARTMENT-003,Commercial Services,ORGANIZATIONAL-UNIT-SAL,LOC-NORTH,2026-08-01
EMP106,Hina Saleem,HR,POS-106,S033,Performance Management,Functional,Core,Developing,5,Expert,92.3,7.1,16,Not Required,Yes,DEPARTMENT-001,Corporate Services,ORGANIZATIONAL-UNIT-HR-TEAM-02,LOC-HQ,2026-08-01
EMP106,Hina Saleem,HR,POS-106,S034,Employee Relations,Behavioral,Core,Verified,5,Expert,100.0,3.9,7,Not Required,Yes,DEPARTMENT-001,Corporate Services,ORGANIZATIONAL-UNIT-HR-TEAM-02,LOC-HQ,2026-08-01
EMP106,Hina Saleem,HR,POS-106,S035,Learning & Development,Functional,Core,Verified,5,Expert,100.0,6.4,11,Not Required,No,DEPARTMENT-001,Corporate Services,ORGANIZATIONAL-UNIT-HR-TEAM-02,LOC-HQ,2026-08-01
EMP106,Hina Saleem,HR,POS-106,S047,Coaching & Mentoring,Leadership,Leadership,Verified,5,Expert,98.9,5.1,3,Not Required,No,DEPARTMENT-001,Corporate Services,ORGANIZATIONAL-UNIT-HR-TEAM-02,LOC-HQ,2026-08-01
EMP106,Hina Saleem,HR,POS-106,S045,Stakeholder Management,Behavioral,Leadership,Verified,5,Expert,100.0,7.2,10,Not Required,No,DEPARTMENT-001,Corporate Services,ORGANIZATIONAL-UNIT-HR-TEAM-02,LOC-HQ,2026-08-01
EMP107,Zoya Mahmood,Engineering,POS-107,S001,Python Programming,Technical,Core,Verified,4,Advanced,72.1,4.3,9,Not Required,Yes,DEPARTMENT-005,Technology and Innovation,ORGANIZATIONAL-UNIT-ENG-TEAM-03,LOC-HQ,2026-08-01
EMP107,Zoya Mahmood,Engineering,POS-107,S002,SQL & Databases,Technical,Core,Developing,3,Competent,57.1,2.7,14,Not Required,Yes,DEPARTMENT-005,Technology and Innovation,ORGANIZATIONAL-UNIT-ENG-TEAM-03,LOC-HQ,2026-08-01
EMP107,Zoya Mahmood,Engineering,POS-107,S003,API Development,Technical,Core,Developing,3,Competent,55.0,4.6,12,Not Required,No,DEPARTMENT-005,Technology and Innovation,ORGANIZATIONAL-UNIT-ENG-TEAM-03,LOC-HQ,2026-08-01
EMP107,Zoya Mahmood,Engineering,POS-107,S004,Software Testing,Technical,Core,Needs Development,3,Competent,53.5,2.6,1,Not Required,No,DEPARTMENT-005,Technology and Innovation,ORGANIZATIONAL-UNIT-ENG-TEAM-03,LOC-HQ,2026-08-01
EMP107,Zoya Mahmood,Engineering,POS-107,S044,Problem Solving,Behavioral,Common,Needs Development,3,Competent,50.5,4.9,16,Not Required,No,DEPARTMENT-005,Technology and Innovation,ORGANIZATIONAL-UNIT-ENG-TEAM-03,LOC-HQ,2026-08-01
EMP108,Ayesha Ahmad,HR,POS-108,S033,Performance Management,Functional,Core,Developing,4,Advanced,74.8,4.0,16,Not Required,Yes,DEPARTMENT-001,Corporate Services,ORGANIZATIONAL-UNIT-HR-TEAM-01,LOC-HQ,2026-08-01
EMP108,Ayesha Ahmad,HR,POS-108,S031,Recruitment & Selection,Functional,Core,Verified,4,Advanced,78.9,2.8,8,Not Required,Yes,DEPARTMENT-001,Corporate Services,ORGANIZATIONAL-UNIT-HR-TEAM-01,LOC-HQ,2026-08-01
EMP108,Ayesha Ahmad,HR,POS-108,S032,HRIS & Employee Data,Digital,Core,Needs Development,3,Competent,54.9,3.2,18,Not Certified,No,DEPARTMENT-001,Corporate Services,ORGANIZATIONAL-UNIT-HR-TEAM-01,LOC-HQ,2026-08-01
EMP108,Ayesha Ahmad,HR,POS-108,S035,Learning & Development,Functional,Core,Verified,4,Advanced,74.6,2.5,8,Not Required,No,DEPARTMENT-001,Corporate Services,ORGANIZATIONAL-UNIT-HR-TEAM-01,LOC-HQ,2026-08-01
EMP108,Ayesha Ahmad,HR,POS-108,S034,Employee Relations,Behavioral,Core,Verified,4,Advanced,75.1,2.4,7,Not Required,No,DEPARTMENT-001,Corporate Services,ORGANIZATIONAL-UNIT-HR-TEAM-01,LOC-HQ,2026-08-01
EMP109,Ali Farooq,Sales,POS-109,S012,B2B Sales,Functional,Core,Needs Development,3,Competent,53.8,0.7,8,Not Required,Yes,DEPARTMENT-003,Commercial Services,ORGANIZATIONAL-UNIT-SAL-TEAM-02,LOC-NORTH,2026-08-01
EMP109,Ali Farooq,Sales,POS-109,S013,Lead Generation,Functional,Core,Developing,3,Competent,55.4,0.8,15,Not Required,Yes,DEPARTMENT-003,Commercial Services,ORGANIZATIONAL-UNIT-SAL-TEAM-02,LOC-NORTH,2026-08-01
EMP109,Ali Farooq,Sales,POS-109,S018,Product Knowledge,Functional,Core,Needs Development,2,Basic,39.2,1.2,1,Not Required,No,DEPARTMENT-003,Commercial Services,ORGANIZATIONAL-UNIT-SAL-TEAM-02,LOC-NORTH,2026-08-01
EMP109,Ali Farooq,Sales,POS-109,S015,CRM Management,Digital,Core,Needs Development,2,Basic,43.5,0.7,18,Not Required,No,DEPARTMENT-003,Commercial Services,ORGANIZATIONAL-UNIT-SAL-TEAM-02,LOC-NORTH,2026-08-01
EMP109,Ali Farooq,Sales,POS-109,S042,Communication,Behavioral,Common,Needs Development,3,Competent,51.9,0.7,7,Not Required,No,DEPARTMENT-003,Commercial Services,ORGANIZATIONAL-UNIT-SAL-TEAM-02,LOC-NORTH,2026-08-01
EMP110,Arslan Masood,IT,POS-110,S010,IT Service Management,Functional,Core,Needs Development,2,Basic,50.3,1.4,7,Not Certified,Yes,DEPARTMENT-007,Technology and Innovation,ORGANIZATIONAL-UNIT-IT-TEAM-03,LOC-HQ,2026-08-01
EMP110,Arslan Masood,IT,POS-110,S011,Incident Management,Functional,Core,Needs Development,2,Basic,49.9,1.0,13,Not Required,Yes,DEPARTMENT-007,Technology and Innovation,ORGANIZATIONAL-UNIT-IT-TEAM-03,LOC-HQ,2026-08-01
EMP110,Arslan Masood,IT,POS-110,S009,Network Administration,Technical,Core,Needs Development,2,Basic,45.2,1.6,10,Not Certified,No,DEPARTMENT-007,Technology and Innovation,ORGANIZATIONAL-UNIT-IT-TEAM-03,LOC-HQ,2026-08-01
EMP110,Arslan Masood,IT,POS-110,S042,Communication,Behavioral,Common,Developing,3,Competent,63.7,1.4,6,Not Required,No,DEPARTMENT-007,Technology and Innovation,ORGANIZATIONAL-UNIT-IT-TEAM-03,LOC-HQ,2026-08-01
EMP110,Arslan Masood,IT,POS-110,S053,Documentation,Behavioral,Common,Developing,3,Competent,62.8,1.2,8,Not Required,No,DEPARTMENT-007,Technology and Innovation,ORGANIZATIONAL-UNIT-IT-TEAM-03,LOC-HQ,2026-08-01
EMP111,Sadia Bashir,Sales,POS-111,S016,Account Management,Functional,Core,Developing,3,Competent,58.1,5.8,10,Not Required,Yes,DEPARTMENT-003,Commercial Services,ORGANIZATIONAL-UNIT-SAL-TEAM-01,LOC-NORTH,2026-08-01
EMP111,Sadia Bashir,Sales,POS-111,S014,Negotiation,Behavioral,Core,Verified,4,Advanced,74.2,4.3,12,Not Required,Yes,DEPARTMENT-003,Commercial Services,ORGANIZATIONAL-UNIT-SAL-TEAM-01,LOC-NORTH,2026-08-01
EMP111,Sadia Bashir,Sales,POS-111,S015,CRM Management,Digital,Core,Developing,3,Competent,59.0,3.7,9,Not Required,No,DEPARTMENT-003,Commercial Services,ORGANIZATIONAL-UNIT-SAL-TEAM-01,LOC-NORTH,2026-08-01
EMP111,Sadia Bashir,Sales,POS-111,S017,Pipeline Management,Functional,Core,Developing,3,Competent,63.0,3.4,4,Not Required,No,DEPARTMENT-003,Commercial Services,ORGANIZATIONAL-UNIT-SAL-TEAM-01,LOC-NORTH,2026-08-01
EMP111,Sadia Bashir,Sales,POS-111,S018,Product Knowledge,Functional,Core,Developing,3,Competent,59.5,5.1,11,Not Required,No,DEPARTMENT-003,Commercial Services,ORGANIZATIONAL-UNIT-SAL-TEAM-01,LOC-NORTH,2026-08-01
EMP112,Sara Javed,Sales,POS-112,S012,B2B Sales,Functional,Core,Needs Development,2,Basic,36.9,0.9,6,Not Required,Yes,DEPARTMENT-003,Commercial Services,ORGANIZATIONAL-UNIT-SAL-TEAM-02,LOC-NORTH,2026-08-01
EMP112,Sara Javed,Sales,POS-112,S013,Lead Generation,Functional,Core,Developing,3,Competent,58.4,0.6,16,Not Required,Yes,DEPARTMENT-003,Commercial Services,ORGANIZATIONAL-UNIT-SAL-TEAM-02,LOC-NORTH,2026-08-01
EMP112,Sara Javed,Sales,POS-112,S018,Product Knowledge,Functional,Core,Needs Development,3,Competent,50.3,0.9,5,Not Required,No,DEPARTMENT-003,Commercial Services,ORGANIZATIONAL-UNIT-SAL-TEAM-02,LOC-NORTH,2026-08-01
EMP112,Sara Javed,Sales,POS-112,S015,CRM Management,Digital,Core,Needs Development,2,Basic,40.7,0.5,15,Not Required,No,DEPARTMENT-003,Commercial Services,ORGANIZATIONAL-UNIT-SAL-TEAM-02,LOC-NORTH,2026-08-01
EMP112,Sara Javed,Sales,POS-112,S042,Communication,Behavioral,Common,Developing,3,Competent,62.9,0.9,6,Not Required,No,DEPARTMENT-003,Commercial Services,ORGANIZATIONAL-UNIT-SAL-TEAM-02,LOC-NORTH,2026-08-01
EMP113,Shahbaz Gill,IT,POS-113,S010,IT Service Management,Functional,Core,Needs Development,2,Basic,42.1,1.6,11,Not Certified,Yes,DEPARTMENT-007,Technology and Innovation,ORGANIZATIONAL-UNIT-IT-TEAM-03,LOC-HQ,2026-08-01
EMP113,Shahbaz Gill,IT,POS-113,S011,Incident Management,Functional,Core,Developing,3,Competent,58.7,1.6,13,Not Required,Yes,DEPARTMENT-007,Technology and Innovation,ORGANIZATIONAL-UNIT-IT-TEAM-03,LOC-HQ,2026-08-01
EMP113,Shahbaz Gill,IT,POS-113,S009,Network Administration,Technical,Core,Developing,3,Competent,56.9,1.3,3,Not Certified,No,DEPARTMENT-007,Technology and Innovation,ORGANIZATIONAL-UNIT-IT-TEAM-03,LOC-HQ,2026-08-01
EMP113,Shahbaz Gill,IT,POS-113,S042,Communication,Behavioral,Common,Needs Development,3,Competent,49.2,2.4,11,Not Required,No,DEPARTMENT-007,Technology and Innovation,ORGANIZATIONAL-UNIT-IT-TEAM-03,LOC-HQ,2026-08-01
EMP113,Shahbaz Gill,IT,POS-113,S053,Documentation,Behavioral,Common,Developing,3,Competent,59.2,1.6,9,Not Required,No,DEPARTMENT-007,Technology and Innovation,ORGANIZATIONAL-UNIT-IT-TEAM-03,LOC-HQ,2026-08-01
EMP114,Hamza Hussain,HR,POS-114,S033,Performance Management,Functional,Core,Developing,4,Advanced,78.5,4.6,17,Not Required,Yes,DEPARTMENT-001,Corporate Services,ORGANIZATIONAL-UNIT-HR-TEAM-01,LOC-HQ,2026-08-01
EMP114,Hamza Hussain,HR,POS-114,S031,Recruitment & Selection,Functional,Core,Developing,3,Competent,64.5,3.7,2,Not Required,Yes,DEPARTMENT-001,Corporate Services,ORGANIZATIONAL-UNIT-HR-TEAM-01,LOC-HQ,2026-08-01
EMP114,Hamza Hussain,HR,POS-114,S032,HRIS & Employee Data,Digital,Core,Needs Development,3,Competent,52.8,4.5,14,Not Certified,No,DEPARTMENT-001,Corporate Services,ORGANIZATIONAL-UNIT-HR-TEAM-01,LOC-HQ,2026-08-01
EMP114,Hamza Hussain,HR,POS-114,S035,Learning & Development,Functional,Core,Needs Development,3,Competent,51.9,3.5,3,Not Required,No,DEPARTMENT-001,Corporate Services,ORGANIZATIONAL-UNIT-HR-TEAM-01,LOC-HQ,2026-08-01
EMP114,Hamza Hussain,HR,POS-114,S034,Employee Relations,Behavioral,Core,Developing,3,Competent,61.1,3.6,3,Not Required,No,DEPARTMENT-001,Corporate Services,ORGANIZATIONAL-UNIT-HR-TEAM-01,LOC-HQ,2026-08-01
EMP115,Hafsa Abbasi,Engineering,POS-115,S001,Python Programming,Technical,Core,Verified,4,Advanced,83.6,4.1,1,Not Required,Yes,DEPARTMENT-005,Technology and Innovation,ORGANIZATIONAL-UNIT-ENG-TEAM-02,LOC-HQ,2026-08-01
EMP115,Hafsa Abbasi,Engineering,POS-115,S002,SQL & Databases,Technical,Core,Verified,4,Advanced,75.2,2.4,10,Not Required,Yes,DEPARTMENT-005,Technology and Innovation,ORGANIZATIONAL-UNIT-ENG-TEAM-02,LOC-HQ,2026-08-01
EMP115,Hafsa Abbasi,Engineering,POS-115,S003,API Development,Technical,Core,Developing,3,Competent,61.5,3.7,14,Not Required,No,DEPARTMENT-005,Technology and Innovation,ORGANIZATIONAL-UNIT-ENG-TEAM-02,LOC-HQ,2026-08-01
EMP115,Hafsa Abbasi,Engineering,POS-115,S004,Software Testing,Technical,Core,Verified,4,Advanced,79.3,3.9,11,Not Required,No,DEPARTMENT-005,Technology and Innovation,ORGANIZATIONAL-UNIT-ENG-TEAM-02,LOC-HQ,2026-08-01
EMP115,Hafsa Abbasi,Engineering,POS-115,S044,Problem Solving,Behavioral,Common,Developing,4,Advanced,80.8,3.0,14,Not Required,No,DEPARTMENT-005,Technology and Innovation,ORGANIZATIONAL-UNIT-ENG-TEAM-02,LOC-HQ,2026-08-01
EMP116,Ali Abbasi,Engineering,POS-116,S001,Python Programming,Technical,Core,Developing,3,Competent,68.3,1.3,4,Not Required,Yes,DEPARTMENT-005,Technology and Innovation,ORGANIZATIONAL-UNIT-ENG-TEAM-03,LOC-HQ,2026-08-01
EMP116,Ali Abbasi,Engineering,POS-116,S002,SQL & Databases,Technical,Core,Developing,3,Competent,68.9,1.7,5,Not Required,Yes,DEPARTMENT-005,Technology and Innovation,ORGANIZATIONAL-UNIT-ENG-TEAM-03,LOC-HQ,2026-08-01
EMP116,Ali Abbasi,Engineering,POS-116,S004,Software Testing,Technical,Core,Developing,3,Competent,66.8,1.7,3,Not Required,No,DEPARTMENT-005,Technology and Innovation,ORGANIZATIONAL-UNIT-ENG-TEAM-03,LOC-HQ,2026-08-01
EMP116,Ali Abbasi,Engineering,POS-116,S044,Problem Solving,Behavioral,Common,Developing,3,Competent,68.6,1.1,15,Not Required,No,DEPARTMENT-005,Technology and Innovation,ORGANIZATIONAL-UNIT-ENG-TEAM-03,LOC-HQ,2026-08-01
EMP116,Ali Abbasi,Engineering,POS-116,S043,Teamwork,Behavioral,Common,Developing,3,Competent,65.1,1.5,17,Not Required,No,DEPARTMENT-005,Technology and Innovation,ORGANIZATIONAL-UNIT-ENG-TEAM-03,LOC-HQ,2026-08-01
EMP117,Saad Ullah,Engineering,POS-117,S001,Python Programming,Technical,Core,Needs Development,2,Basic,44.0,2.6,7,Not Required,Yes,DEPARTMENT-005,Technology and Innovation,ORGANIZATIONAL-UNIT-ENG-TEAM-01,LOC-HQ,2026-08-01
EMP117,Saad Ullah,Engineering,POS-117,S002,SQL & Databases,Technical,Core,Needs Development,2,Basic,35.0,3.3,18,Not Required,Yes,DEPARTMENT-005,Technology and Innovation,ORGANIZATIONAL-UNIT-ENG-TEAM-01,LOC-HQ,2026-08-01
EMP117,Saad Ullah,Engineering,POS-117,S004,Software Testing,Technical,Core,Needs Development,2,Basic,42.5,3.4,13,Not Required,No,DEPARTMENT-005,Technology and Innovation,ORGANIZATIONAL-UNIT-ENG-TEAM-01,LOC-HQ,2026-08-01
EMP117,Saad Ullah,Engineering,POS-117,S044,Problem Solving,Behavioral,Common,Needs Development,2,Basic,44.8,2.4,5,Not Required,No,DEPARTMENT-005,Technology and Innovation,ORGANIZATIONAL-UNIT-ENG-TEAM-01,LOC-HQ,2026-08-01
EMP117,Saad Ullah,Engineering,POS-117,S043,Teamwork,Behavioral,Common,Developing,3,Competent,62.6,2.9,4,Not Required,No,DEPARTMENT-005,Technology and Innovation,ORGANIZATIONAL-UNIT-ENG-TEAM-01,LOC-HQ,2026-08-01
EMP118,Zoya Ali,Customer Support,POS-118,S037,Customer Service,Functional,Core,Developing,3,Competent,56.6,2.5,9,Not Required,Yes,DEPARTMENT-004,Commercial Services,ORGANIZATIONAL-UNIT-CS-TEAM-02,LOC-CENTRAL,2026-08-01
EMP118,Zoya Ali,Customer Support,POS-118,S040,SLA Management,Functional,Core,Verified,4,Advanced,71.7,1.9,1,Not Required,Yes,DEPARTMENT-004,Commercial Services,ORGANIZATIONAL-UNIT-CS-TEAM-02,LOC-CENTRAL,2026-08-01
EMP118,Zoya Ali,Customer Support,POS-118,S015,CRM Management,Digital,Core,Needs Development,3,Competent,54.1,3.0,18,Not Required,No,DEPARTMENT-004,Commercial Services,ORGANIZATIONAL-UNIT-CS-TEAM-02,LOC-CENTRAL,2026-08-01
EMP118,Zoya Ali,Customer Support,POS-118,S038,Complaint Resolution,Behavioral,Core,Needs Development,3,Competent,53.7,3.1,15,Not Required,No,DEPARTMENT-004,Commercial Services,ORGANIZATIONAL-UNIT-CS-TEAM-02,LOC-CENTRAL,2026-08-01
EMP118,Zoya Ali,Customer Support,POS-118,S042,Communication,Behavioral,Common,Needs Development,3,Competent,53.7,2.3,3,Not Required,No,DEPARTMENT-004,Commercial Services,ORGANIZATIONAL-UNIT-CS-TEAM-02,LOC-CENTRAL,2026-08-01
EMP119,Ayesha Nawaz,Customer Support,POS-119,S040,SLA Management,Functional,Core,Developing,4,Advanced,67.8,7.4,5,Not Required,Yes,DEPARTMENT-004,Commercial Services,ORGANIZATIONAL-UNIT-CS-TEAM-03,LOC-CENTRAL,2026-08-01
EMP119,Ayesha Nawaz,Customer Support,POS-119,S041,Knowledge Base Management,Digital,Core,Verified,4,Advanced,71.5,7.1,7,Not Required,Yes,DEPARTMENT-004,Commercial Services,ORGANIZATIONAL-UNIT-CS-TEAM-03,LOC-CENTRAL,2026-08-01
EMP119,Ayesha Nawaz,Customer Support,POS-119,S047,Coaching & Mentoring,Leadership,Leadership,Verified,4,Advanced,72.7,8.0,2,Not Required,No,DEPARTMENT-004,Commercial Services,ORGANIZATIONAL-UNIT-CS-TEAM-03,LOC-CENTRAL,2026-08-01
EMP119,Ayesha Nawaz,Customer Support,POS-119,S038,Complaint Resolution,Behavioral,Core,Developing,4,Advanced,67.8,5.1,7,Not Required,No,DEPARTMENT-004,Commercial Services,ORGANIZATIONAL-UNIT-CS-TEAM-03,LOC-CENTRAL,2026-08-01
EMP119,Ayesha Nawaz,Customer Support,POS-119,S043,Teamwork,Behavioral,Common,Verified,4,Advanced,71.2,6.7,10,Not Required,No,DEPARTMENT-004,Commercial Services,ORGANIZATIONAL-UNIT-CS-TEAM-03,LOC-CENTRAL,2026-08-01
EMP120,Ahmad Aziz,Operations,POS-120,S019,Process Management,Functional,Core,Verified,4,Advanced,83.0,6.2,12,Not Required,Yes,DEPARTMENT-006,Enterprise Operations,ORGANIZATIONAL-UNIT-OPS-TEAM-01,LOC-CENTRAL,2026-08-01
EMP120,Ahmad Aziz,Operations,POS-120,S021,Process Improvement,Functional,Core,Verified,4,Advanced,80.5,5.4,5,Not Required,Yes,DEPARTMENT-006,Enterprise Operations,ORGANIZATIONAL-UNIT-OPS-TEAM-01,LOC-CENTRAL,2026-08-01
EMP120,Ahmad Aziz,Operations,POS-120,S022,Quality Control,Functional,Core,Verified,4,Advanced,75.9,6.9,10,Not Required,No,DEPARTMENT-006,Enterprise Operations,ORGANIZATIONAL-UNIT-OPS-TEAM-01,LOC-CENTRAL,2026-08-01
EMP120,Ahmad Aziz,Operations,POS-120,S029,Advanced Excel,Digital,Core,Developing,3,Competent,60.3,6.4,13,Not Certified,No,DEPARTMENT-006,Enterprise Operations,ORGANIZATIONAL-UNIT-OPS-TEAM-01,LOC-CENTRAL,2026-08-01
EMP120,Ahmad Aziz,Operations,POS-120,S044,Problem Solving,Behavioral,Common,Verified,4,Advanced,80.0,6.0,3,Not Required,No,DEPARTMENT-006,Enterprise Operations,ORGANIZATIONAL-UNIT-OPS-TEAM-01,LOC-CENTRAL,2026-08-01
EMP121,Mehwish Tariq,Operations,POS-121,S020,SOP Compliance,Compliance,Core,Needs Development,3,Competent,54.2,3.2,14,Not Required,Yes,DEPARTMENT-006,Enterprise Operations,ORGANIZATIONAL-UNIT-OPS-TEAM-02,LOC-CENTRAL,2026-08-01
EMP121,Mehwish Tariq,Operations,POS-121,S024,Workflow Coordination,Functional,Core,Needs Development,3,Competent,54.3,2.0,4,Not Required,Yes,DEPARTMENT-006,Enterprise Operations,ORGANIZATIONAL-UNIT-OPS-TEAM-02,LOC-CENTRAL,2026-08-01
EMP121,Mehwish Tariq,Operations,POS-121,S022,Quality Control,Functional,Core,Developing,3,Competent,59.0,2.7,12,Not Required,No,DEPARTMENT-006,Enterprise Operations,ORGANIZATIONAL-UNIT-OPS-TEAM-02,LOC-CENTRAL,2026-08-01
EMP121,Mehwish Tariq,Operations,POS-121,S029,Advanced Excel,Digital,Core,Needs Development,2,Basic,36.8,3.0,14,Not Certified,No,DEPARTMENT-006,Enterprise Operations,ORGANIZATIONAL-UNIT-OPS-TEAM-02,LOC-CENTRAL,2026-08-01
EMP121,Mehwish Tariq,Operations,POS-121,S043,Teamwork,Behavioral,Common,Developing,3,Competent,55.0,1.8,7,Not Required,No,DEPARTMENT-006,Enterprise Operations,ORGANIZATIONAL-UNIT-OPS-TEAM-02,LOC-CENTRAL,2026-08-01
EMP122,Hafsa Ullah,Operations,POS-122,S020,SOP Compliance,Compliance,Core,Developing,3,Competent,59.9,0.5,11,Not Required,Yes,DEPARTMENT-006,Enterprise Operations,ORGANIZATIONAL-UNIT-OPS-TEAM-03,LOC-CENTRAL,2026-08-01
EMP122,Hafsa Ullah,Operations,POS-122,S024,Workflow Coordination,Functional,Core,Developing,3,Competent,62.3,0.9,16,Not Required,Yes,DEPARTMENT-006,Enterprise Operations,ORGANIZATIONAL-UNIT-OPS-TEAM-03,LOC-CENTRAL,2026-08-01
EMP122,Hafsa Ullah,Operations,POS-122,S022,Quality Control,Functional,Core,Needs Development,2,Basic,41.1,0.7,2,Not Required,No,DEPARTMENT-006,Enterprise Operations,ORGANIZATIONAL-UNIT-OPS-TEAM-03,LOC-CENTRAL,2026-08-01
EMP122,Hafsa Ullah,Operations,POS-122,S029,Advanced Excel,Digital,Core,Needs Development,2,Basic,36.8,0.9,2,Not Certified,No,DEPARTMENT-006,Enterprise Operations,ORGANIZATIONAL-UNIT-OPS-TEAM-03,LOC-CENTRAL,2026-08-01
EMP122,Hafsa Ullah,Operations,POS-122,S043,Teamwork,Behavioral,Common,Developing,3,Competent,63.2,1.0,2,Not Required,No,DEPARTMENT-006,Enterprise Operations,ORGANIZATIONAL-UNIT-OPS-TEAM-03,LOC-CENTRAL,2026-08-01
EMP123,Sehrish Ullah,Finance,POS-123,S025,Financial Analysis,Functional,Core,Verified,5,Expert,97.1,6.6,11,Certified,Yes,DEPARTMENT-002,Corporate Services,ORGANIZATIONAL-UNIT-FIN-TEAM-01,LOC-HQ,2026-08-01
EMP123,Sehrish Ullah,Finance,POS-123,S028,Regulatory Reporting,Compliance,Core,Verified,5,Expert,91.1,6.8,7,Certified,Yes,DEPARTMENT-002,Corporate Services,ORGANIZATIONAL-UNIT-FIN-TEAM-01,LOC-HQ,2026-08-01
EMP123,Sehrish Ullah,Finance,POS-123,S027,Budgeting & Forecasting,Functional,Core,Verified,4,Advanced,81.0,7.9,7,Not Required,No,DEPARTMENT-002,Corporate Services,ORGANIZATIONAL-UNIT-FIN-TEAM-01,LOC-HQ,2026-08-01
EMP123,Sehrish Ullah,Finance,POS-123,S030,Risk Analysis,Functional,Core,Developing,4,Advanced,79.7,7.2,16,Certified,No,DEPARTMENT-002,Corporate Services,ORGANIZATIONAL-UNIT-FIN-TEAM-01,LOC-HQ,2026-08-01
EMP123,Sehrish Ullah,Finance,POS-123,S045,Stakeholder Management,Behavioral,Leadership,Verified,4,Advanced,74.7,5.6,1,Not Required,No,DEPARTMENT-002,Corporate Services,ORGANIZATIONAL-UNIT-FIN-TEAM-01,LOC-HQ,2026-08-01
EMP124,Fahad Javed,Sales,POS-124,S016,Account Management,Functional,Core,Developing,3,Competent,55.3,2.5,10,Not Required,Yes,DEPARTMENT-003,Commercial Services,ORGANIZATIONAL-UNIT-SAL-TEAM-02,LOC-NORTH,2026-08-01
EMP124,Fahad Javed,Sales,POS-124,S014,Negotiation,Behavioral,Core,Needs Development,3,Competent,47.2,1.9,17,Not Required,Yes,DEPARTMENT-003,Commercial Services,ORGANIZATIONAL-UNIT-SAL-TEAM-02,LOC-NORTH,2026-08-01
EMP124,Fahad Javed,Sales,POS-124,S015,CRM Management,Digital,Core,Needs Development,3,Competent,44.8,3.2,11,Not Required,No,DEPARTMENT-003,Commercial Services,ORGANIZATIONAL-UNIT-SAL-TEAM-02,LOC-NORTH,2026-08-01
EMP124,Fahad Javed,Sales,POS-124,S017,Pipeline Management,Functional,Core,Needs Development,3,Competent,54.1,3.0,12,Not Required,No,DEPARTMENT-003,Commercial Services,ORGANIZATIONAL-UNIT-SAL-TEAM-02,LOC-NORTH,2026-08-01
EMP124,Fahad Javed,Sales,POS-124,S018,Product Knowledge,Functional,Core,Needs Development,3,Competent,53.0,3.3,12,Not Required,No,DEPARTMENT-003,Commercial Services,ORGANIZATIONAL-UNIT-SAL-TEAM-02,LOC-NORTH,2026-08-01
EMP125,Fatima Zafar,Sales,POS-125,S016,Account Management,Functional,Core,Verified,5,Expert,98.8,7.7,1,Not Required,Yes,DEPARTMENT-003,Commercial Services,ORGANIZATIONAL-UNIT-SAL-TEAM-03,LOC-NORTH,2026-08-01
EMP125,Fatima Zafar,Sales,POS-125,S014,Negotiation,Behavioral,Core,Verified,5,Expert,93.3,6.7,12,Not Required,Yes,DEPARTMENT-003,Commercial Services,ORGANIZATIONAL-UNIT-SAL-TEAM-03,LOC-NORTH,2026-08-01
EMP125,Fatima Zafar,Sales,POS-125,S017,Pipeline Management,Functional,Core,Verified,4,Advanced,77.9,7.1,7,Not Required,No,DEPARTMENT-003,Commercial Services,ORGANIZATIONAL-UNIT-SAL-TEAM-03,LOC-NORTH,2026-08-01
EMP125,Fatima Zafar,Sales,POS-125,S045,Stakeholder Management,Behavioral,Leadership,Developing,4,Advanced,81.4,11.0,18,Not Required,No,DEPARTMENT-003,Commercial Services,ORGANIZATIONAL-UNIT-SAL-TEAM-03,LOC-NORTH,2026-08-01
EMP125,Fatima Zafar,Sales,POS-125,S047,Coaching & Mentoring,Leadership,Leadership,Verified,5,Expert,97.2,12.8,4,Not Required,No,DEPARTMENT-003,Commercial Services,ORGANIZATIONAL-UNIT-SAL-TEAM-03,LOC-NORTH,2026-08-01
EMP126,Laiba Sheikh,Customer Support,POS-126,S040,SLA Management,Functional,Core,Verified,4,Advanced,72.7,4.1,8,Not Required,Yes,DEPARTMENT-004,Commercial Services,ORGANIZATIONAL-UNIT-CS-TEAM-01,LOC-CENTRAL,2026-08-01
EMP126,Laiba Sheikh,Customer Support,POS-126,S041,Knowledge Base Management,Digital,Core,Verified,4,Advanced,77.5,2.7,8,Not Required,Yes,DEPARTMENT-004,Commercial Services,ORGANIZATIONAL-UNIT-CS-TEAM-01,LOC-CENTRAL,2026-08-01
EMP126,Laiba Sheikh,Customer Support,POS-126,S047,Coaching & Mentoring,Leadership,Leadership,Verified,4,Advanced,76.5,4.2,11,Not Required,No,DEPARTMENT-004,Commercial Services,ORGANIZATIONAL-UNIT-CS-TEAM-01,LOC-CENTRAL,2026-08-01
EMP126,Laiba Sheikh,Customer Support,POS-126,S038,Complaint Resolution,Behavioral,Core,Verified,4,Advanced,75.8,2.8,8,Not Required,No,DEPARTMENT-004,Commercial Services,ORGANIZATIONAL-UNIT-CS-TEAM-01,LOC-CENTRAL,2026-08-01
EMP126,Laiba Sheikh,Customer Support,POS-126,S043,Teamwork,Behavioral,Common,Developing,4,Advanced,77.8,3.2,16,Not Required,No,DEPARTMENT-004,Commercial Services,ORGANIZATIONAL-UNIT-CS-TEAM-01,LOC-CENTRAL,2026-08-01
EMP127,Khurram Yousaf,HR,POS-127,S033,Performance Management,Functional,Core,Developing,4,Advanced,73.8,1.8,17,Not Required,Yes,DEPARTMENT-001,Corporate Services,ORGANIZATIONAL-UNIT-HR-TEAM-02,LOC-HQ,2026-08-01
EMP127,Khurram Yousaf,HR,POS-127,S031,Recruitment & Selection,Functional,Core,Developing,3,Competent,60.9,1.3,1,Not Required,Yes,DEPARTMENT-001,Corporate Services,ORGANIZATIONAL-UNIT-HR-TEAM-02,LOC-HQ,2026-08-01
EMP127,Khurram Yousaf,HR,POS-127,S032,HRIS & Employee Data,Digital,Core,Developing,3,Competent,57.4,1.2,11,Not Certified,No,DEPARTMENT-001,Corporate Services,ORGANIZATIONAL-UNIT-HR-TEAM-02,LOC-HQ,2026-08-01
EMP127,Khurram Yousaf,HR,POS-127,S035,Learning & Development,Functional,Core,Developing,3,Competent,60.1,1.2,18,Not Required,No,DEPARTMENT-001,Corporate Services,ORGANIZATIONAL-UNIT-HR-TEAM-02,LOC-HQ,2026-08-01
EMP127,Khurram Yousaf,HR,POS-127,S034,Employee Relations,Behavioral,Core,Developing,3,Competent,60.6,1.9,15,Not Required,No,DEPARTMENT-001,Corporate Services,ORGANIZATIONAL-UNIT-HR-TEAM-02,LOC-HQ,2026-08-01
EMP128,Zoya Farooq,Customer Support,POS-128,S046,Leadership,Leadership,Leadership,Verified,5,Expert,92.9,9.7,1,Not Required,Yes,DEPARTMENT-004,Commercial Services,ORGANIZATIONAL-UNIT-CS,LOC-CENTRAL,2026-08-01
EMP128,Zoya Farooq,Customer Support,POS-128,S047,Coaching & Mentoring,Leadership,Leadership,Verified,5,Expert,83.2,11.3,6,Not Required,Yes,DEPARTMENT-004,Commercial Services,ORGANIZATIONAL-UNIT-CS,LOC-CENTRAL,2026-08-01
EMP128,Zoya Farooq,Customer Support,POS-128,S040,SLA Management,Functional,Core,Verified,5,Expert,92.3,13.0,1,Not Required,No,DEPARTMENT-004,Commercial Services,ORGANIZATIONAL-UNIT-CS,LOC-CENTRAL,2026-08-01
EMP128,Zoya Farooq,Customer Support,POS-128,S045,Stakeholder Management,Behavioral,Leadership,Developing,4,Advanced,66.2,9.0,6,Not Required,No,DEPARTMENT-004,Commercial Services,ORGANIZATIONAL-UNIT-CS,LOC-CENTRAL,2026-08-01
EMP128,Zoya Farooq,Customer Support,POS-128,S021,Process Improvement,Functional,Core,Verified,4,Advanced,73.8,7.3,6,Not Required,No,DEPARTMENT-004,Commercial Services,ORGANIZATIONAL-UNIT-CS,LOC-CENTRAL,2026-08-01
EMP129,Danish Dar,Engineering,POS-129,S005,System Design,Technical,Core,Verified,5,Expert,96.1,15.6,11,Not Required,Yes,DEPARTMENT-005,Technology and Innovation,ORGANIZATIONAL-UNIT-ENG,LOC-HQ,2026-08-01
EMP129,Danish Dar,Engineering,POS-129,S050,Project Management,Leadership,Common,Verified,5,Expert,95.3,17.9,4,Certified,Yes,DEPARTMENT-005,Technology and Innovation,ORGANIZATIONAL-UNIT-ENG,LOC-HQ,2026-08-01
EMP129,Danish Dar,Engineering,POS-129,S046,Leadership,Leadership,Leadership,Developing,5,Expert,95.4,12.1,14,Not Required,No,DEPARTMENT-005,Technology and Innovation,ORGANIZATIONAL-UNIT-ENG,LOC-HQ,2026-08-01
EMP129,Danish Dar,Engineering,POS-129,S045,Stakeholder Management,Behavioral,Leadership,Developing,5,Expert,91.5,10.9,15,Not Required,No,DEPARTMENT-005,Technology and Innovation,ORGANIZATIONAL-UNIT-ENG,LOC-HQ,2026-08-01
EMP129,Danish Dar,Engineering,POS-129,S006,DevOps & CI/CD,Technical,Digital,Developing,5,Expert,96.8,11.7,13,Certification Planned,No,DEPARTMENT-005,Technology and Innovation,ORGANIZATIONAL-UNIT-ENG,LOC-HQ,2026-08-01
EMP130,Waqas Siddiqui,HR,POS-130,S033,Performance Management,Functional,Core,Verified,5,Expert,98.2,9.9,2,Not Required,Yes,DEPARTMENT-001,Corporate Services,ORGANIZATIONAL-UNIT-HR-TEAM-02,LOC-HQ,2026-08-01
EMP130,Waqas Siddiqui,HR,POS-130,S034,Employee Relations,Behavioral,Core,Verified,5,Expert,96.6,6.7,9,Not Required,Yes,DEPARTMENT-001,Corporate Services,ORGANIZATIONAL-UNIT-HR-TEAM-02,LOC-HQ,2026-08-01
EMP130,Waqas Siddiqui,HR,POS-130,S035,Learning & Development,Functional,Core,Verified,5,Expert,100.0,12.4,8,Not Required,No,DEPARTMENT-001,Corporate Services,ORGANIZATIONAL-UNIT-HR-TEAM-02,LOC-HQ,2026-08-01
EMP130,Waqas Siddiqui,HR,POS-130,S047,Coaching & Mentoring,Leadership,Leadership,Verified,5,Expert,100.0,13.4,11,Not Required,No,DEPARTMENT-001,Corporate Services,ORGANIZATIONAL-UNIT-HR-TEAM-02,LOC-HQ,2026-08-01
EMP130,Waqas Siddiqui,HR,POS-130,S045,Stakeholder Management,Behavioral,Leadership,Verified,5,Expert,100.0,11.7,1,Not Required,No,DEPARTMENT-001,Corporate Services,ORGANIZATIONAL-UNIT-HR-TEAM-02,LOC-HQ,2026-08-01
EMP131,Ahmad Yousaf,IT,POS-131,S009,Network Administration,Technical,Core,Developing,3,Competent,55.0,5.2,15,Not Certified,Yes,DEPARTMENT-007,Technology and Innovation,ORGANIZATIONAL-UNIT-IT-TEAM-03,LOC-HQ,2026-08-01
EMP131,Ahmad Yousaf,IT,POS-131,S007,Cloud Platforms,Technical,Digital,Developing,3,Competent,56.9,4.9,1,Not Certified,Yes,DEPARTMENT-007,Technology and Innovation,ORGANIZATIONAL-UNIT-IT-TEAM-03,LOC-HQ,2026-08-01
EMP131,Ahmad Yousaf,IT,POS-131,S010,IT Service Management,Functional,Core,Developing,3,Competent,55.7,4.7,3,Not Certified,No,DEPARTMENT-007,Technology and Innovation,ORGANIZATIONAL-UNIT-IT-TEAM-03,LOC-HQ,2026-08-01
EMP131,Ahmad Yousaf,IT,POS-131,S008,Cybersecurity,Technical,Digital,Needs Development,3,Competent,51.3,6.1,13,Not Certified,No,DEPARTMENT-007,Technology and Innovation,ORGANIZATIONAL-UNIT-IT-TEAM-03,LOC-HQ,2026-08-01
EMP131,Ahmad Yousaf,IT,POS-131,S011,Incident Management,Functional,Core,Developing,3,Competent,61.2,5.3,4,Not Required,No,DEPARTMENT-007,Technology and Innovation,ORGANIZATIONAL-UNIT-IT-TEAM-03,LOC-HQ,2026-08-01
EMP132,Arham Qureshi,IT,POS-132,S010,IT Service Management,Functional,Core,Developing,3,Competent,59.2,1.2,13,Not Certified,Yes,DEPARTMENT-007,Technology and Innovation,ORGANIZATIONAL-UNIT-IT-TEAM-01,LOC-HQ,2026-08-01
EMP132,Arham Qureshi,IT,POS-132,S011,Incident Management,Functional,Core,Needs Development,2,Basic,43.2,0.8,13,Not Required,Yes,DEPARTMENT-007,Technology and Innovation,ORGANIZATIONAL-UNIT-IT-TEAM-01,LOC-HQ,2026-08-01
EMP132,Arham Qureshi,IT,POS-132,S009,Network Administration,Technical,Core,Developing,3,Competent,57.8,1.3,7,Not Certified,No,DEPARTMENT-007,Technology and Innovation,ORGANIZATIONAL-UNIT-IT-TEAM-01,LOC-HQ,2026-08-01
EMP132,Arham Qureshi,IT,POS-132,S042,Communication,Behavioral,Common,Developing,3,Competent,59.4,0.7,11,Not Required,No,DEPARTMENT-007,Technology and Innovation,ORGANIZATIONAL-UNIT-IT-TEAM-01,LOC-HQ,2026-08-01
EMP132,Arham Qureshi,IT,POS-132,S053,Documentation,Behavioral,Common,Needs Development,3,Competent,54.3,0.8,15,Not Required,No,DEPARTMENT-007,Technology and Innovation,ORGANIZATIONAL-UNIT-IT-TEAM-01,LOC-HQ,2026-08-01
EMP133,Usman Raza,Engineering,POS-133,S001,Python Programming,Technical,Core,Verified,4,Advanced,79.3,5.5,10,Not Required,Yes,DEPARTMENT-005,Technology and Innovation,ORGANIZATIONAL-UNIT-ENG-TEAM-02,LOC-HQ,2026-08-01
EMP133,Usman Raza,Engineering,POS-133,S002,SQL & Databases,Technical,Core,Developing,4,Advanced,75.7,4.3,15,Not Required,Yes,DEPARTMENT-005,Technology and Innovation,ORGANIZATIONAL-UNIT-ENG-TEAM-02,LOC-HQ,2026-08-01
EMP133,Usman Raza,Engineering,POS-133,S003,API Development,Technical,Core,Verified,4,Advanced,75.9,4.3,6,Not Required,No,DEPARTMENT-005,Technology and Innovation,ORGANIZATIONAL-UNIT-ENG-TEAM-02,LOC-HQ,2026-08-01
EMP133,Usman Raza,Engineering,POS-133,S004,Software Testing,Technical,Core,Developing,3,Competent,60.6,6.7,4,Not Required,No,DEPARTMENT-005,Technology and Innovation,ORGANIZATIONAL-UNIT-ENG-TEAM-02,LOC-HQ,2026-08-01
EMP133,Usman Raza,Engineering,POS-133,S044,Problem Solving,Behavioral,Common,Developing,3,Competent,58.3,5.9,4,Not Required,No,DEPARTMENT-005,Technology and Innovation,ORGANIZATIONAL-UNIT-ENG-TEAM-02,LOC-HQ,2026-08-01
EMP134,Talha Awan,IT,POS-134,S009,Network Administration,Technical,Core,Verified,5,Expert,88.0,4.8,5,Certification Planned,Yes,DEPARTMENT-007,Technology and Innovation,ORGANIZATIONAL-UNIT-IT-TEAM-03,LOC-HQ,2026-08-01
EMP134,Talha Awan,IT,POS-134,S007,Cloud Platforms,Technical,Digital,Developing,4,Advanced,74.0,5.5,16,Certification Planned,Yes,DEPARTMENT-007,Technology and Innovation,ORGANIZATIONAL-UNIT-IT-TEAM-03,LOC-HQ,2026-08-01
EMP134,Talha Awan,IT,POS-134,S010,IT Service Management,Functional,Core,Developing,3,Competent,58.0,4.4,13,Not Certified,No,DEPARTMENT-007,Technology and Innovation,ORGANIZATIONAL-UNIT-IT-TEAM-03,LOC-HQ,2026-08-01
EMP134,Talha Awan,IT,POS-134,S008,Cybersecurity,Technical,Digital,Verified,4,Advanced,79.1,5.0,2,Certification Planned,No,DEPARTMENT-007,Technology and Innovation,ORGANIZATIONAL-UNIT-IT-TEAM-03,LOC-HQ,2026-08-01
EMP134,Talha Awan,IT,POS-134,S011,Incident Management,Functional,Core,Verified,4,Advanced,71.0,6.3,1,Not Required,No,DEPARTMENT-007,Technology and Innovation,ORGANIZATIONAL-UNIT-IT-TEAM-03,LOC-HQ,2026-08-01
EMP135,Eman Butt,Customer Support,POS-135,S037,Customer Service,Functional,Core,Verified,4,Advanced,71.6,2.9,9,Not Required,Yes,DEPARTMENT-004,Commercial Services,ORGANIZATIONAL-UNIT-CS-TEAM-01,LOC-CENTRAL,2026-08-01
EMP135,Eman Butt,Customer Support,POS-135,S040,SLA Management,Functional,Core,Verified,4,Advanced,75.7,5.6,9,Not Required,Yes,DEPARTMENT-004,Commercial Services,ORGANIZATIONAL-UNIT-CS-TEAM-01,LOC-CENTRAL,2026-08-01
EMP135,Eman Butt,Customer Support,POS-135,S015,CRM Management,Digital,Core,Verified,4,Advanced,77.2,4.5,8,Not Required,No,DEPARTMENT-004,Commercial Services,ORGANIZATIONAL-UNIT-CS-TEAM-01,LOC-CENTRAL,2026-08-01
EMP135,Eman Butt,Customer Support,POS-135,S038,Complaint Resolution,Behavioral,Core,Developing,4,Advanced,66.5,5.2,3,Not Required,No,DEPARTMENT-004,Commercial Services,ORGANIZATIONAL-UNIT-CS-TEAM-01,LOC-CENTRAL,2026-08-01
EMP135,Eman Butt,Customer Support,POS-135,S042,Communication,Behavioral,Common,Verified,4,Advanced,72.3,4.9,11,Not Required,No,DEPARTMENT-004,Commercial Services,ORGANIZATIONAL-UNIT-CS-TEAM-01,LOC-CENTRAL,2026-08-01
EMP136,Fatima Saleem,HR,POS-136,S033,Performance Management,Functional,Core,Developing,4,Advanced,75.2,2.9,17,Not Required,Yes,DEPARTMENT-001,Corporate Services,ORGANIZATIONAL-UNIT-HR-TEAM-02,LOC-HQ,2026-08-01
EMP136,Fatima Saleem,HR,POS-136,S031,Recruitment & Selection,Functional,Core,Verified,4,Advanced,74.7,3.9,6,Not Required,Yes,DEPARTMENT-001,Corporate Services,ORGANIZATIONAL-UNIT-HR-TEAM-02,LOC-HQ,2026-08-01
EMP136,Fatima Saleem,HR,POS-136,S032,HRIS & Employee Data,Digital,Core,Developing,3,Competent,56.3,2.0,8,Not Certified,No,DEPARTMENT-001,Corporate Services,ORGANIZATIONAL-UNIT-HR-TEAM-02,LOC-HQ,2026-08-01
EMP136,Fatima Saleem,HR,POS-136,S035,Learning & Development,Functional,Core,Verified,4,Advanced,72.4,2.5,6,Not Required,No,DEPARTMENT-001,Corporate Services,ORGANIZATIONAL-UNIT-HR-TEAM-02,LOC-HQ,2026-08-01
EMP136,Fatima Saleem,HR,POS-136,S034,Employee Relations,Behavioral,Core,Developing,3,Competent,60.7,2.3,12,Not Required,No,DEPARTMENT-001,Corporate Services,ORGANIZATIONAL-UNIT-HR-TEAM-02,LOC-HQ,2026-08-01
EMP137,Areeba Farooq,Customer Support,POS-137,S037,Customer Service,Functional,Core,Developing,3,Competent,60.9,1.3,15,Not Required,Yes,DEPARTMENT-004,Commercial Services,ORGANIZATIONAL-UNIT-CS-TEAM-03,LOC-CENTRAL,2026-08-01
EMP137,Areeba Farooq,Customer Support,POS-137,S038,Complaint Resolution,Behavioral,Core,Developing,3,Competent,57.4,1.2,11,Not Required,Yes,DEPARTMENT-004,Commercial Services,ORGANIZATIONAL-UNIT-CS-TEAM-03,LOC-CENTRAL,2026-08-01
EMP137,Areeba Farooq,Customer Support,POS-137,S039,Call Handling,Functional,Core,Developing,3,Competent,55.9,1.3,7,Not Required,No,DEPARTMENT-004,Commercial Services,ORGANIZATIONAL-UNIT-CS-TEAM-03,LOC-CENTRAL,2026-08-01
EMP137,Areeba Farooq,Customer Support,POS-137,S018,Product Knowledge,Functional,Core,Developing,3,Competent,61.9,1.7,18,Not Required,No,DEPARTMENT-004,Commercial Services,ORGANIZATIONAL-UNIT-CS-TEAM-03,LOC-CENTRAL,2026-08-01
EMP137,Areeba Farooq,Customer Support,POS-137,S051,Empathy & Active Listening,Behavioral,Common,Developing,3,Competent,62.8,1.6,11,Not Required,No,DEPARTMENT-004,Commercial Services,ORGANIZATIONAL-UNIT-CS-TEAM-03,LOC-CENTRAL,2026-08-01
EMP138,Amir Saleem,Engineering,POS-138,S001,Python Programming,Technical,Core,Developing,3,Competent,55.6,2.0,8,Not Required,Yes,DEPARTMENT-005,Technology and Innovation,ORGANIZATIONAL-UNIT-ENG-TEAM-01,LOC-HQ,2026-08-01
EMP138,Amir Saleem,Engineering,POS-138,S002,SQL & Databases,Technical,Core,Needs Development,3,Competent,47.0,1.8,16,Not Required,Yes,DEPARTMENT-005,Technology and Innovation,ORGANIZATIONAL-UNIT-ENG-TEAM-01,LOC-HQ,2026-08-01
EMP138,Amir Saleem,Engineering,POS-138,S003,API Development,Technical,Core,Needs Development,3,Competent,48.5,3.3,3,Not Required,No,DEPARTMENT-005,Technology and Innovation,ORGANIZATIONAL-UNIT-ENG-TEAM-01,LOC-HQ,2026-08-01
EMP138,Amir Saleem,Engineering,POS-138,S004,Software Testing,Technical,Core,Needs Development,3,Competent,48.9,2.3,16,Not Required,No,DEPARTMENT-005,Technology and Innovation,ORGANIZATIONAL-UNIT-ENG-TEAM-01,LOC-HQ,2026-08-01
EMP138,Amir Saleem,Engineering,POS-138,S044,Problem Solving,Behavioral,Common,Needs Development,2,Basic,35.0,3.5,1,Not Required,No,DEPARTMENT-005,Technology and Innovation,ORGANIZATIONAL-UNIT-ENG-TEAM-01,LOC-HQ,2026-08-01
EMP139,Iqra Saeed,Operations,POS-139,S020,SOP Compliance,Compliance,Core,Developing,3,Competent,58.3,1.6,12,Not Required,Yes,DEPARTMENT-006,Enterprise Operations,ORGANIZATIONAL-UNIT-OPS-TEAM-02,LOC-CENTRAL,2026-08-01
EMP139,Iqra Saeed,Operations,POS-139,S024,Workflow Coordination,Functional,Core,Developing,3,Competent,62.5,2.8,11,Not Required,Yes,DEPARTMENT-006,Enterprise Operations,ORGANIZATIONAL-UNIT-OPS-TEAM-02,LOC-CENTRAL,2026-08-01
EMP139,Iqra Saeed,Operations,POS-139,S022,Quality Control,Functional,Core,Needs Development,3,Competent,54.2,2.5,14,Not Required,No,DEPARTMENT-006,Enterprise Operations,ORGANIZATIONAL-UNIT-OPS-TEAM-02,LOC-CENTRAL,2026-08-01
EMP139,Iqra Saeed,Operations,POS-139,S029,Advanced Excel,Digital,Core,Needs Development,2,Basic,43.4,1.6,18,Not Certified,No,DEPARTMENT-006,Enterprise Operations,ORGANIZATIONAL-UNIT-OPS-TEAM-02,LOC-CENTRAL,2026-08-01
EMP139,Iqra Saeed,Operations,POS-139,S043,Teamwork,Behavioral,Common,Needs Development,2,Basic,35.0,2.1,5,Not Required,No,DEPARTMENT-006,Enterprise Operations,ORGANIZATIONAL-UNIT-OPS-TEAM-02,LOC-CENTRAL,2026-08-01
EMP140,Noman Rehman,Finance,POS-140,S025,Financial Analysis,Functional,Core,Verified,5,Expert,97.2,11.6,6,Certified,Yes,DEPARTMENT-002,Corporate Services,ORGANIZATIONAL-UNIT-FIN-TEAM-03,LOC-HQ,2026-08-01
EMP140,Noman Rehman,Finance,POS-140,S028,Regulatory Reporting,Compliance,Core,Developing,5,Expert,95.4,11.5,15,Certification Planned,Yes,DEPARTMENT-002,Corporate Services,ORGANIZATIONAL-UNIT-FIN-TEAM-03,LOC-HQ,2026-08-01
EMP140,Noman Rehman,Finance,POS-140,S027,Budgeting & Forecasting,Functional,Core,Developing,4,Advanced,77.4,8.1,18,Not Required,No,DEPARTMENT-002,Corporate Services,ORGANIZATIONAL-UNIT-FIN-TEAM-03,LOC-HQ,2026-08-01
EMP140,Noman Rehman,Finance,POS-140,S030,Risk Analysis,Functional,Core,Developing,5,Expert,88.8,6.1,14,Certification Planned,No,DEPARTMENT-002,Corporate Services,ORGANIZATIONAL-UNIT-FIN-TEAM-03,LOC-HQ,2026-08-01
EMP140,Noman Rehman,Finance,POS-140,S045,Stakeholder Management,Behavioral,Leadership,Verified,5,Expert,100.0,9.7,6,Not Required,No,DEPARTMENT-002,Corporate Services,ORGANIZATIONAL-UNIT-FIN-TEAM-03,LOC-HQ,2026-08-01
EMP141,Asad Zafar,Operations,POS-141,S046,Leadership,Leadership,Leadership,Verified,5,Expert,79.9,9.5,8,Not Required,Yes,DEPARTMENT-006,Enterprise Operations,ORGANIZATIONAL-UNIT-OPS,LOC-CENTRAL,2026-08-01
EMP141,Asad Zafar,Operations,POS-141,S019,Process Management,Functional,Core,Developing,4,Advanced,74.4,9.9,18,Not Required,Yes,DEPARTMENT-006,Enterprise Operations,ORGANIZATIONAL-UNIT-OPS,LOC-CENTRAL,2026-08-01
EMP141,Asad Zafar,Operations,POS-141,S023,Risk & Controls,Compliance,Core,Developing,4,Advanced,67.9,9.2,8,Not Required,No,DEPARTMENT-006,Enterprise Operations,ORGANIZATIONAL-UNIT-OPS,LOC-CENTRAL,2026-08-01
EMP141,Asad Zafar,Operations,POS-141,S050,Project Management,Leadership,Common,Verified,4,Advanced,74.8,8.9,6,Certification Planned,No,DEPARTMENT-006,Enterprise Operations,ORGANIZATIONAL-UNIT-OPS,LOC-CENTRAL,2026-08-01
EMP141,Asad Zafar,Operations,POS-141,S045,Stakeholder Management,Behavioral,Leadership,Developing,4,Advanced,75.2,9.9,16,Not Required,No,DEPARTMENT-006,Enterprise Operations,ORGANIZATIONAL-UNIT-OPS,LOC-CENTRAL,2026-08-01
EMP142,Fahad Farooq,Engineering,POS-142,S005,System Design,Technical,Core,Verified,5,Expert,91.2,10.1,2,Not Required,Yes,DEPARTMENT-005,Technology and Innovation,ORGANIZATIONAL-UNIT-ENG,LOC-HQ,2026-08-01
EMP142,Fahad Farooq,Engineering,POS-142,S050,Project Management,Leadership,Common,Verified,5,Expert,96.8,14.0,8,Certified,Yes,DEPARTMENT-005,Technology and Innovation,ORGANIZATIONAL-UNIT-ENG,LOC-HQ,2026-08-01
EMP142,Fahad Farooq,Engineering,POS-142,S046,Leadership,Leadership,Leadership,Verified,5,Expert,87.8,14.0,10,Not Required,No,DEPARTMENT-005,Technology and Innovation,ORGANIZATIONAL-UNIT-ENG,LOC-HQ,2026-08-01
EMP142,Fahad Farooq,Engineering,POS-142,S045,Stakeholder Management,Behavioral,Leadership,Verified,4,Advanced,77.6,10.8,12,Not Required,No,DEPARTMENT-005,Technology and Innovation,ORGANIZATIONAL-UNIT-ENG,LOC-HQ,2026-08-01
EMP142,Fahad Farooq,Engineering,POS-142,S006,DevOps & CI/CD,Technical,Digital,Developing,5,Expert,92.7,11.2,13,Certified,No,DEPARTMENT-005,Technology and Innovation,ORGANIZATIONAL-UNIT-ENG,LOC-HQ,2026-08-01
EMP143,Hamza Awan,Finance,POS-143,S025,Financial Analysis,Functional,Core,Verified,4,Advanced,80.4,4.1,6,Certified,Yes,DEPARTMENT-002,Corporate Services,ORGANIZATIONAL-UNIT-FIN-TEAM-03,LOC-HQ,2026-08-01
EMP143,Hamza Awan,Finance,POS-143,S026,Accounting & Reconciliation,Functional,Core,Verified,4,Advanced,73.0,2.4,1,Not Required,Yes,DEPARTMENT-002,Corporate Services,ORGANIZATIONAL-UNIT-FIN-TEAM-03,LOC-HQ,2026-08-01
EMP143,Hamza Awan,Finance,POS-143,S027,Budgeting & Forecasting,Functional,Core,Developing,3,Competent,61.1,3.2,12,Not Required,No,DEPARTMENT-002,Corporate Services,ORGANIZATIONAL-UNIT-FIN-TEAM-03,LOC-HQ,2026-08-01
EMP143,Hamza Awan,Finance,POS-143,S029,Advanced Excel,Digital,Core,Verified,4,Advanced,70.7,2.4,7,Certification Planned,No,DEPARTMENT-002,Corporate Services,ORGANIZATIONAL-UNIT-FIN-TEAM-03,LOC-HQ,2026-08-01
EMP143,Hamza Awan,Finance,POS-143,S030,Risk Analysis,Functional,Core,Developing,3,Competent,58.3,3.7,11,Not Certified,No,DEPARTMENT-002,Corporate Services,ORGANIZATIONAL-UNIT-FIN-TEAM-03,LOC-HQ,2026-08-01
EMP144,Imran Ullah,Customer Support,POS-144,S046,Leadership,Leadership,Leadership,Verified,4,Advanced,72.5,15.0,7,Not Required,Yes,DEPARTMENT-004,Commercial Services,ORGANIZATIONAL-UNIT-CS,LOC-CENTRAL,2026-08-01
EMP144,Imran Ullah,Customer Support,POS-144,S047,Coaching & Mentoring,Leadership,Leadership,Developing,4,Advanced,72.2,10.9,16,Not Required,Yes,DEPARTMENT-004,Commercial Services,ORGANIZATIONAL-UNIT-CS,LOC-CENTRAL,2026-08-01
EMP144,Imran Ullah,Customer Support,POS-144,S040,SLA Management,Functional,Core,Developing,4,Advanced,68.0,13.2,7,Not Required,No,DEPARTMENT-004,Commercial Services,ORGANIZATIONAL-UNIT-CS,LOC-CENTRAL,2026-08-01
EMP144,Imran Ullah,Customer Support,POS-144,S045,Stakeholder Management,Behavioral,Leadership,Developing,4,Advanced,68.5,8.1,1,Not Required,No,DEPARTMENT-004,Commercial Services,ORGANIZATIONAL-UNIT-CS,LOC-CENTRAL,2026-08-01
EMP144,Imran Ullah,Customer Support,POS-144,S021,Process Improvement,Functional,Core,Developing,4,Advanced,68.4,13.4,14,Not Required,No,DEPARTMENT-004,Commercial Services,ORGANIZATIONAL-UNIT-CS,LOC-CENTRAL,2026-08-01
EMP145,Ahsan Anwar,Sales,POS-145,S016,Account Management,Functional,Core,Verified,4,Advanced,72.2,3.3,9,Not Required,Yes,DEPARTMENT-003,Commercial Services,ORGANIZATIONAL-UNIT-SAL-TEAM-02,LOC-NORTH,2026-08-01
EMP145,Ahsan Anwar,Sales,POS-145,S014,Negotiation,Behavioral,Core,Developing,4,Advanced,84.5,5.0,18,Not Required,Yes,DEPARTMENT-003,Commercial Services,ORGANIZATIONAL-UNIT-SAL-TEAM-02,LOC-NORTH,2026-08-01
EMP145,Ahsan Anwar,Sales,POS-145,S015,CRM Management,Digital,Core,Developing,3,Competent,57.9,5.0,12,Not Required,No,DEPARTMENT-003,Commercial Services,ORGANIZATIONAL-UNIT-SAL-TEAM-02,LOC-NORTH,2026-08-01
EMP145,Ahsan Anwar,Sales,POS-145,S017,Pipeline Management,Functional,Core,Developing,3,Competent,61.0,3.2,12,Not Required,No,DEPARTMENT-003,Commercial Services,ORGANIZATIONAL-UNIT-SAL-TEAM-02,LOC-NORTH,2026-08-01
EMP145,Ahsan Anwar,Sales,POS-145,S018,Product Knowledge,Functional,Core,Developing,3,Competent,56.8,3.8,6,Not Required,No,DEPARTMENT-003,Commercial Services,ORGANIZATIONAL-UNIT-SAL-TEAM-02,LOC-NORTH,2026-08-01
EMP146,Talha Khan,Finance,POS-146,S025,Financial Analysis,Functional,Core,Needs Development,3,Competent,53.0,5.3,15,Not Certified,Yes,DEPARTMENT-002,Corporate Services,ORGANIZATIONAL-UNIT-FIN-TEAM-03,LOC-HQ,2026-08-01
EMP146,Talha Khan,Finance,POS-146,S026,Accounting & Reconciliation,Functional,Core,Verified,4,Advanced,73.7,3.1,7,Not Required,Yes,DEPARTMENT-002,Corporate Services,ORGANIZATIONAL-UNIT-FIN-TEAM-03,LOC-HQ,2026-08-01
EMP146,Talha Khan,Finance,POS-146,S027,Budgeting & Forecasting,Functional,Core,Verified,4,Advanced,79.1,4.9,7,Not Required,No,DEPARTMENT-002,Corporate Services,ORGANIZATIONAL-UNIT-FIN-TEAM-03,LOC-HQ,2026-08-01
EMP146,Talha Khan,Finance,POS-146,S029,Advanced Excel,Digital,Core,Verified,4,Advanced,83.6,3.6,10,Certified,No,DEPARTMENT-002,Corporate Services,ORGANIZATIONAL-UNIT-FIN-TEAM-03,LOC-HQ,2026-08-01
EMP146,Talha Khan,Finance,POS-146,S030,Risk Analysis,Functional,Core,Developing,3,Competent,65.1,3.3,2,Certification Planned,No,DEPARTMENT-002,Corporate Services,ORGANIZATIONAL-UNIT-FIN-TEAM-03,LOC-HQ,2026-08-01
EMP147,Hassan Javed,Customer Support,POS-147,S046,Leadership,Leadership,Leadership,Developing,4,Advanced,65.0,6.9,14,Not Required,Yes,DEPARTMENT-004,Commercial Services,ORGANIZATIONAL-UNIT-CS,LOC-CENTRAL,2026-08-01
EMP147,Hassan Javed,Customer Support,POS-147,S047,Coaching & Mentoring,Leadership,Leadership,Developing,5,Expert,78.1,8.5,18,Not Required,Yes,DEPARTMENT-004,Commercial Services,ORGANIZATIONAL-UNIT-CS,LOC-CENTRAL,2026-08-01
EMP147,Hassan Javed,Customer Support,POS-147,S040,SLA Management,Functional,Core,Developing,4,Advanced,60.9,9.7,11,Not Required,No,DEPARTMENT-004,Commercial Services,ORGANIZATIONAL-UNIT-CS,LOC-CENTRAL,2026-08-01
EMP147,Hassan Javed,Customer Support,POS-147,S045,Stakeholder Management,Behavioral,Leadership,Verified,4,Advanced,73.5,6.9,3,Not Required,No,DEPARTMENT-004,Commercial Services,ORGANIZATIONAL-UNIT-CS,LOC-CENTRAL,2026-08-01
EMP147,Hassan Javed,Customer Support,POS-147,S021,Process Improvement,Functional,Core,Developing,4,Advanced,64.1,6.1,3,Not Required,No,DEPARTMENT-004,Commercial Services,ORGANIZATIONAL-UNIT-CS,LOC-CENTRAL,2026-08-01
EMP148,Sadia Malik,Sales,POS-148,S012,B2B Sales,Functional,Core,Developing,3,Competent,60.7,0.6,7,Not Required,Yes,DEPARTMENT-003,Commercial Services,ORGANIZATIONAL-UNIT-SAL-TEAM-02,LOC-NORTH,2026-08-01
EMP148,Sadia Malik,Sales,POS-148,S013,Lead Generation,Functional,Core,Needs Development,2,Basic,35.0,0.8,4,Not Required,Yes,DEPARTMENT-003,Commercial Services,ORGANIZATIONAL-UNIT-SAL-TEAM-02,LOC-NORTH,2026-08-01
EMP148,Sadia Malik,Sales,POS-148,S018,Product Knowledge,Functional,Core,Needs Development,2,Basic,43.1,1.3,17,Not Required,No,DEPARTMENT-003,Commercial Services,ORGANIZATIONAL-UNIT-SAL-TEAM-02,LOC-NORTH,2026-08-01
EMP148,Sadia Malik,Sales,POS-148,S015,CRM Management,Digital,Core,Needs Development,2,Basic,38.1,0.6,8,Not Required,No,DEPARTMENT-003,Commercial Services,ORGANIZATIONAL-UNIT-SAL-TEAM-02,LOC-NORTH,2026-08-01
EMP148,Sadia Malik,Sales,POS-148,S042,Communication,Behavioral,Common,Needs Development,2,Basic,40.4,0.8,3,Not Required,No,DEPARTMENT-003,Commercial Services,ORGANIZATIONAL-UNIT-SAL-TEAM-02,LOC-NORTH,2026-08-01
EMP149,Muneeb Hameed,Operations,POS-149,S019,Process Management,Functional,Core,Developing,3,Competent,62.6,3.9,3,Not Required,Yes,DEPARTMENT-006,Enterprise Operations,ORGANIZATIONAL-UNIT-OPS-TEAM-03,LOC-CENTRAL,2026-08-01
EMP149,Muneeb Hameed,Operations,POS-149,S021,Process Improvement,Functional,Core,Needs Development,3,Competent,53.5,4.2,10,Not Required,Yes,DEPARTMENT-006,Enterprise Operations,ORGANIZATIONAL-UNIT-OPS-TEAM-03,LOC-CENTRAL,2026-08-01
EMP149,Muneeb Hameed,Operations,POS-149,S022,Quality Control,Functional,Core,Developing,3,Competent,63.6,5.6,5,Not Required,No,DEPARTMENT-006,Enterprise Operations,ORGANIZATIONAL-UNIT-OPS-TEAM-03,LOC-CENTRAL,2026-08-01
EMP149,Muneeb Hameed,Operations,POS-149,S029,Advanced Excel,Digital,Core,Developing,3,Competent,61.5,3.6,7,Not Certified,No,DEPARTMENT-006,Enterprise Operations,ORGANIZATIONAL-UNIT-OPS-TEAM-03,LOC-CENTRAL,2026-08-01
EMP149,Muneeb Hameed,Operations,POS-149,S044,Problem Solving,Behavioral,Common,Developing,4,Advanced,73.7,3.6,18,Not Required,No,DEPARTMENT-006,Enterprise Operations,ORGANIZATIONAL-UNIT-OPS-TEAM-03,LOC-CENTRAL,2026-08-01
EMP150,Sana Nawaz,Customer Support,POS-150,S037,Customer Service,Functional,Core,Needs Development,2,Basic,38.0,1.4,13,Not Required,Yes,DEPARTMENT-004,Commercial Services,ORGANIZATIONAL-UNIT-CS-TEAM-01,LOC-CENTRAL,2026-08-01
EMP150,Sana Nawaz,Customer Support,POS-150,S038,Complaint Resolution,Behavioral,Core,Needs Development,3,Competent,53.6,1.2,10,Not Required,Yes,DEPARTMENT-004,Commercial Services,ORGANIZATIONAL-UNIT-CS-TEAM-01,LOC-CENTRAL,2026-08-01
EMP150,Sana Nawaz,Customer Support,POS-150,S039,Call Handling,Functional,Core,Needs Development,2,Basic,37.5,1.1,6,Not Required,No,DEPARTMENT-004,Commercial Services,ORGANIZATIONAL-UNIT-CS-TEAM-01,LOC-CENTRAL,2026-08-01
EMP150,Sana Nawaz,Customer Support,POS-150,S018,Product Knowledge,Functional,Core,Needs Development,2,Basic,36.5,0.9,15,Not Required,No,DEPARTMENT-004,Commercial Services,ORGANIZATIONAL-UNIT-CS-TEAM-01,LOC-CENTRAL,2026-08-01
EMP150,Sana Nawaz,Customer Support,POS-150,S051,Empathy & Active Listening,Behavioral,Common,Needs Development,2,Basic,39.3,1.3,12,Not Required,No,DEPARTMENT-004,Commercial Services,ORGANIZATIONAL-UNIT-CS-TEAM-01,LOC-CENTRAL,2026-08-01
EMP151,Farhan Rehman,Engineering,POS-151,S001,Python Programming,Technical,Core,Developing,3,Competent,57.8,0.4,15,Not Required,Yes,DEPARTMENT-005,Technology and Innovation,ORGANIZATIONAL-UNIT-ENG-TEAM-02,LOC-HQ,2026-08-01
EMP151,Farhan Rehman,Engineering,POS-151,S002,SQL & Databases,Technical,Core,Needs Development,2,Basic,45.0,0.6,3,Not Required,Yes,DEPARTMENT-005,Technology and Innovation,ORGANIZATIONAL-UNIT-ENG-TEAM-02,LOC-HQ,2026-08-01
EMP151,Farhan Rehman,Engineering,POS-151,S004,Software Testing,Technical,Core,Needs Development,2,Basic,42.6,0.7,4,Not Required,No,DEPARTMENT-005,Technology and Innovation,ORGANIZATIONAL-UNIT-ENG-TEAM-02,LOC-HQ,2026-08-01
EMP151,Farhan Rehman,Engineering,POS-151,S044,Problem Solving,Behavioral,Common,Needs Development,2,Basic,43.2,0.6,16,Not Required,No,DEPARTMENT-005,Technology and Innovation,ORGANIZATIONAL-UNIT-ENG-TEAM-02,LOC-HQ,2026-08-01
EMP151,Farhan Rehman,Engineering,POS-151,S043,Teamwork,Behavioral,Common,Developing,3,Competent,61.0,0.6,13,Not Required,No,DEPARTMENT-005,Technology and Innovation,ORGANIZATIONAL-UNIT-ENG-TEAM-02,LOC-HQ,2026-08-01
EMP152,Mahnoor Tariq,IT,POS-152,S008,Cybersecurity,Technical,Digital,Verified,5,Expert,91.5,6.5,6,Certified,Yes,DEPARTMENT-007,Technology and Innovation,ORGANIZATIONAL-UNIT-IT-TEAM-03,LOC-HQ,2026-08-01
EMP152,Mahnoor Tariq,IT,POS-152,S007,Cloud Platforms,Technical,Digital,Verified,4,Advanced,72.7,7.5,9,Certification Planned,Yes,DEPARTMENT-007,Technology and Innovation,ORGANIZATIONAL-UNIT-IT-TEAM-03,LOC-HQ,2026-08-01
EMP152,Mahnoor Tariq,IT,POS-152,S009,Network Administration,Technical,Core,Verified,5,Expert,89.4,11.1,1,Certified,No,DEPARTMENT-007,Technology and Innovation,ORGANIZATIONAL-UNIT-IT-TEAM-03,LOC-HQ,2026-08-01
EMP152,Mahnoor Tariq,IT,POS-152,S050,Project Management,Leadership,Common,Verified,5,Expert,92.0,7.6,12,Certified,No,DEPARTMENT-007,Technology and Innovation,ORGANIZATIONAL-UNIT-IT-TEAM-03,LOC-HQ,2026-08-01
EMP152,Mahnoor Tariq,IT,POS-152,S044,Problem Solving,Behavioral,Common,Developing,4,Advanced,70.8,6.3,18,Not Required,No,DEPARTMENT-007,Technology and Innovation,ORGANIZATIONAL-UNIT-IT-TEAM-03,LOC-HQ,2026-08-01
EMP153,Kashif Abbasi,Engineering,POS-153,S001,Python Programming,Technical,Core,Developing,3,Competent,55.4,3.8,10,Not Required,Yes,DEPARTMENT-005,Technology and Innovation,ORGANIZATIONAL-UNIT-ENG-TEAM-01,LOC-HQ,2026-08-01
EMP153,Kashif Abbasi,Engineering,POS-153,S002,SQL & Databases,Technical,Core,Needs Development,3,Competent,54.7,5.9,3,Not Required,Yes,DEPARTMENT-005,Technology and Innovation,ORGANIZATIONAL-UNIT-ENG-TEAM-01,LOC-HQ,2026-08-01
EMP153,Kashif Abbasi,Engineering,POS-153,S003,API Development,Technical,Core,Developing,4,Advanced,62.5,5.8,7,Not Required,No,DEPARTMENT-005,Technology and Innovation,ORGANIZATIONAL-UNIT-ENG-TEAM-01,LOC-HQ,2026-08-01
EMP153,Kashif Abbasi,Engineering,POS-153,S004,Software Testing,Technical,Core,Needs Development,3,Competent,53.1,3.5,11,Not Required,No,DEPARTMENT-005,Technology and Innovation,ORGANIZATIONAL-UNIT-ENG-TEAM-01,LOC-HQ,2026-08-01
EMP153,Kashif Abbasi,Engineering,POS-153,S044,Problem Solving,Behavioral,Common,Developing,3,Competent,57.6,5.7,4,Not Required,No,DEPARTMENT-005,Technology and Innovation,ORGANIZATIONAL-UNIT-ENG-TEAM-01,LOC-HQ,2026-08-01
EMP154,Hina Abbasi,Engineering,POS-154,S001,Python Programming,Technical,Core,Needs Development,2,Basic,35.0,1.6,4,Not Required,Yes,DEPARTMENT-005,Technology and Innovation,ORGANIZATIONAL-UNIT-ENG-TEAM-02,LOC-HQ,2026-08-01
EMP154,Hina Abbasi,Engineering,POS-154,S002,SQL & Databases,Technical,Core,Needs Development,3,Competent,52.2,1.3,7,Not Required,Yes,DEPARTMENT-005,Technology and Innovation,ORGANIZATIONAL-UNIT-ENG-TEAM-02,LOC-HQ,2026-08-01
EMP154,Hina Abbasi,Engineering,POS-154,S004,Software Testing,Technical,Core,Needs Development,2,Basic,38.1,1.3,18,Not Required,No,DEPARTMENT-005,Technology and Innovation,ORGANIZATIONAL-UNIT-ENG-TEAM-02,LOC-HQ,2026-08-01
EMP154,Hina Abbasi,Engineering,POS-154,S044,Problem Solving,Behavioral,Common,Needs Development,2,Basic,35.0,1.4,3,Not Required,No,DEPARTMENT-005,Technology and Innovation,ORGANIZATIONAL-UNIT-ENG-TEAM-02,LOC-HQ,2026-08-01
EMP154,Hina Abbasi,Engineering,POS-154,S043,Teamwork,Behavioral,Common,Developing,3,Competent,56.9,1.5,17,Not Required,No,DEPARTMENT-005,Technology and Innovation,ORGANIZATIONAL-UNIT-ENG-TEAM-02,LOC-HQ,2026-08-01
EMP155,Noman Malik,Customer Support,POS-155,S037,Customer Service,Functional,Core,Verified,4,Advanced,71.0,3.9,11,Not Required,Yes,DEPARTMENT-004,Commercial Services,ORGANIZATIONAL-UNIT-CS-TEAM-03,LOC-CENTRAL,2026-08-01
EMP155,Noman Malik,Customer Support,POS-155,S040,SLA Management,Functional,Core,Developing,4,Advanced,65.8,2.9,14,Not Required,Yes,DEPARTMENT-004,Commercial Services,ORGANIZATIONAL-UNIT-CS-TEAM-03,LOC-CENTRAL,2026-08-01
EMP155,Noman Malik,Customer Support,POS-155,S015,CRM Management,Digital,Core,Developing,4,Advanced,71.0,4.8,15,Not Required,No,DEPARTMENT-004,Commercial Services,ORGANIZATIONAL-UNIT-CS-TEAM-03,LOC-CENTRAL,2026-08-01
EMP155,Noman Malik,Customer Support,POS-155,S038,Complaint Resolution,Behavioral,Core,Developing,3,Competent,57.6,4.4,17,Not Required,No,DEPARTMENT-004,Commercial Services,ORGANIZATIONAL-UNIT-CS-TEAM-03,LOC-CENTRAL,2026-08-01
EMP155,Noman Malik,Customer Support,POS-155,S042,Communication,Behavioral,Common,Verified,4,Advanced,70.7,3.2,8,Not Required,No,DEPARTMENT-004,Commercial Services,ORGANIZATIONAL-UNIT-CS-TEAM-03,LOC-CENTRAL,2026-08-01
EMP156,Asad Malik,Engineering,POS-156,S001,Python Programming,Technical,Core,Verified,4,Advanced,89.0,3.0,11,Not Required,Yes,DEPARTMENT-005,Technology and Innovation,ORGANIZATIONAL-UNIT-ENG-TEAM-01,LOC-HQ,2026-08-01
EMP156,Asad Malik,Engineering,POS-156,S002,SQL & Databases,Technical,Core,Developing,4,Advanced,83.6,3.8,13,Not Required,Yes,DEPARTMENT-005,Technology and Innovation,ORGANIZATIONAL-UNIT-ENG-TEAM-01,LOC-HQ,2026-08-01
EMP156,Asad Malik,Engineering,POS-156,S003,API Development,Technical,Core,Verified,4,Advanced,85.8,2.2,7,Not Required,No,DEPARTMENT-005,Technology and Innovation,ORGANIZATIONAL-UNIT-ENG-TEAM-01,LOC-HQ,2026-08-01
EMP156,Asad Malik,Engineering,POS-156,S004,Software Testing,Technical,Core,Verified,4,Advanced,85.2,4.1,1,Not Required,No,DEPARTMENT-005,Technology and Innovation,ORGANIZATIONAL-UNIT-ENG-TEAM-01,LOC-HQ,2026-08-01
EMP156,Asad Malik,Engineering,POS-156,S044,Problem Solving,Behavioral,Common,Verified,4,Advanced,78.6,3.0,9,Not Required,No,DEPARTMENT-005,Technology and Innovation,ORGANIZATIONAL-UNIT-ENG-TEAM-01,LOC-HQ,2026-08-01
EMP157,Saba Qureshi,Operations,POS-157,S020,SOP Compliance,Compliance,Core,Developing,3,Competent,59.7,1.3,3,Not Required,Yes,DEPARTMENT-006,Enterprise Operations,ORGANIZATIONAL-UNIT-OPS-TEAM-02,LOC-CENTRAL,2026-08-01
EMP157,Saba Qureshi,Operations,POS-157,S024,Workflow Coordination,Functional,Core,Needs Development,2,Basic,48.4,2.6,14,Not Required,Yes,DEPARTMENT-006,Enterprise Operations,ORGANIZATIONAL-UNIT-OPS-TEAM-02,LOC-CENTRAL,2026-08-01
EMP157,Saba Qureshi,Operations,POS-157,S022,Quality Control,Functional,Core,Needs Development,2,Basic,45.5,1.7,5,Not Required,No,DEPARTMENT-006,Enterprise Operations,ORGANIZATIONAL-UNIT-OPS-TEAM-02,LOC-CENTRAL,2026-08-01
EMP157,Saba Qureshi,Operations,POS-157,S029,Advanced Excel,Digital,Core,Needs Development,2,Basic,49.1,1.5,14,Not Certified,No,DEPARTMENT-006,Enterprise Operations,ORGANIZATIONAL-UNIT-OPS-TEAM-02,LOC-CENTRAL,2026-08-01
EMP157,Saba Qureshi,Operations,POS-157,S043,Teamwork,Behavioral,Common,Developing,3,Competent,60.9,2.5,14,Not Required,No,DEPARTMENT-006,Enterprise Operations,ORGANIZATIONAL-UNIT-OPS-TEAM-02,LOC-CENTRAL,2026-08-01
EMP158,Imran Zafar,Operations,POS-158,S020,SOP Compliance,Compliance,Core,Needs Development,2,Basic,37.2,2.1,6,Not Required,Yes,DEPARTMENT-006,Enterprise Operations,ORGANIZATIONAL-UNIT-OPS-TEAM-03,LOC-CENTRAL,2026-08-01
EMP158,Imran Zafar,Operations,POS-158,S024,Workflow Coordination,Functional,Core,Developing,3,Competent,62.6,3.2,8,Not Required,Yes,DEPARTMENT-006,Enterprise Operations,ORGANIZATIONAL-UNIT-OPS-TEAM-03,LOC-CENTRAL,2026-08-01
EMP158,Imran Zafar,Operations,POS-158,S022,Quality Control,Functional,Core,Developing,3,Competent,59.0,2.7,1,Not Required,No,DEPARTMENT-006,Enterprise Operations,ORGANIZATIONAL-UNIT-OPS-TEAM-03,LOC-CENTRAL,2026-08-01
EMP158,Imran Zafar,Operations,POS-158,S029,Advanced Excel,Digital,Core,Developing,3,Competent,55.7,3.7,11,Not Certified,No,DEPARTMENT-006,Enterprise Operations,ORGANIZATIONAL-UNIT-OPS-TEAM-03,LOC-CENTRAL,2026-08-01
EMP158,Imran Zafar,Operations,POS-158,S043,Teamwork,Behavioral,Common,Needs Development,3,Competent,52.8,3.4,15,Not Required,No,DEPARTMENT-006,Enterprise Operations,ORGANIZATIONAL-UNIT-OPS-TEAM-03,LOC-CENTRAL,2026-08-01
EMP159,Raza Ahmad,Engineering,POS-159,S005,System Design,Technical,Core,Verified,5,Expert,84.5,8.4,5,Not Required,Yes,DEPARTMENT-005,Technology and Innovation,ORGANIZATIONAL-UNIT-ENG-TEAM-01,LOC-HQ,2026-08-01
EMP159,Raza Ahmad,Engineering,POS-159,S003,API Development,Technical,Core,Developing,4,Advanced,60.9,5.6,17,Not Required,Yes,DEPARTMENT-005,Technology and Innovation,ORGANIZATIONAL-UNIT-ENG-TEAM-01,LOC-HQ,2026-08-01
EMP159,Raza Ahmad,Engineering,POS-159,S001,Python Programming,Technical,Core,Developing,4,Advanced,66.2,7.1,13,Not Required,No,DEPARTMENT-005,Technology and Innovation,ORGANIZATIONAL-UNIT-ENG-TEAM-01,LOC-HQ,2026-08-01
EMP159,Raza Ahmad,Engineering,POS-159,S050,Project Management,Leadership,Common,Developing,5,Expert,83.7,9.0,14,Certification Planned,No,DEPARTMENT-005,Technology and Innovation,ORGANIZATIONAL-UNIT-ENG-TEAM-01,LOC-HQ,2026-08-01
EMP159,Raza Ahmad,Engineering,POS-159,S047,Coaching & Mentoring,Leadership,Leadership,Verified,4,Advanced,73.0,7.2,7,Not Required,No,DEPARTMENT-005,Technology and Innovation,ORGANIZATIONAL-UNIT-ENG-TEAM-01,LOC-HQ,2026-08-01
EMP160,Rabia Ullah,Finance,POS-160,S025,Financial Analysis,Functional,Core,Developing,4,Advanced,77.2,7.2,13,Certification Planned,Yes,DEPARTMENT-002,Corporate Services,ORGANIZATIONAL-UNIT-FIN-TEAM-02,LOC-HQ,2026-08-01
EMP160,Rabia Ullah,Finance,POS-160,S028,Regulatory Reporting,Compliance,Core,Developing,5,Expert,86.6,9.0,16,Certified,Yes,DEPARTMENT-002,Corporate Services,ORGANIZATIONAL-UNIT-FIN-TEAM-02,LOC-HQ,2026-08-01
EMP160,Rabia Ullah,Finance,POS-160,S027,Budgeting & Forecasting,Functional,Core,Developing,4,Advanced,78.8,8.5,14,Not Required,No,DEPARTMENT-002,Corporate Services,ORGANIZATIONAL-UNIT-FIN-TEAM-02,LOC-HQ,2026-08-01
EMP160,Rabia Ullah,Finance,POS-160,S030,Risk Analysis,Functional,Core,Verified,4,Advanced,81.7,5.5,4,Certified,No,DEPARTMENT-002,Corporate Services,ORGANIZATIONAL-UNIT-FIN-TEAM-02,LOC-HQ,2026-08-01
EMP160,Rabia Ullah,Finance,POS-160,S045,Stakeholder Management,Behavioral,Leadership,Verified,4,Advanced,76.9,7.7,10,Not Required,No,DEPARTMENT-002,Corporate Services,ORGANIZATIONAL-UNIT-FIN-TEAM-02,LOC-HQ,2026-08-01
EMP161,Iqra Yousaf,Finance,POS-161,S025,Financial Analysis,Functional,Core,Developing,4,Advanced,78.8,5.8,17,Certified,Yes,DEPARTMENT-002,Corporate Services,ORGANIZATIONAL-UNIT-FIN-TEAM-03,LOC-HQ,2026-08-01
EMP161,Iqra Yousaf,Finance,POS-161,S026,Accounting & Reconciliation,Functional,Core,Verified,4,Advanced,78.4,4.6,7,Not Required,Yes,DEPARTMENT-002,Corporate Services,ORGANIZATIONAL-UNIT-FIN-TEAM-03,LOC-HQ,2026-08-01
EMP161,Iqra Yousaf,Finance,POS-161,S027,Budgeting & Forecasting,Functional,Core,Verified,4,Advanced,70.4,5.2,4,Not Required,No,DEPARTMENT-002,Corporate Services,ORGANIZATIONAL-UNIT-FIN-TEAM-03,LOC-HQ,2026-08-01
EMP161,Iqra Yousaf,Finance,POS-161,S029,Advanced Excel,Digital,Core,Verified,4,Advanced,74.6,7.2,10,Certification Planned,No,DEPARTMENT-002,Corporate Services,ORGANIZATIONAL-UNIT-FIN-TEAM-03,LOC-HQ,2026-08-01
EMP161,Iqra Yousaf,Finance,POS-161,S030,Risk Analysis,Functional,Core,Developing,3,Competent,58.5,5.9,9,Not Certified,No,DEPARTMENT-002,Corporate Services,ORGANIZATIONAL-UNIT-FIN-TEAM-03,LOC-HQ,2026-08-01
EMP162,Bilal Shah,Customer Support,POS-162,S037,Customer Service,Functional,Core,Needs Development,3,Competent,51.1,0.5,2,Not Required,Yes,DEPARTMENT-004,Commercial Services,ORGANIZATIONAL-UNIT-CS-TEAM-01,LOC-CENTRAL,2026-08-01
EMP162,Bilal Shah,Customer Support,POS-162,S038,Complaint Resolution,Behavioral,Core,Needs Development,2,Basic,47.7,0.5,9,Not Required,Yes,DEPARTMENT-004,Commercial Services,ORGANIZATIONAL-UNIT-CS-TEAM-01,LOC-CENTRAL,2026-08-01
EMP162,Bilal Shah,Customer Support,POS-162,S039,Call Handling,Functional,Core,Needs Development,2,Basic,49.6,0.5,16,Not Required,No,DEPARTMENT-004,Commercial Services,ORGANIZATIONAL-UNIT-CS-TEAM-01,LOC-CENTRAL,2026-08-01
EMP162,Bilal Shah,Customer Support,POS-162,S018,Product Knowledge,Functional,Core,Developing,3,Competent,62.5,0.8,2,Not Required,No,DEPARTMENT-004,Commercial Services,ORGANIZATIONAL-UNIT-CS-TEAM-01,LOC-CENTRAL,2026-08-01
EMP162,Bilal Shah,Customer Support,POS-162,S051,Empathy & Active Listening,Behavioral,Common,Needs Development,2,Basic,45.1,0.8,17,Not Required,No,DEPARTMENT-004,Commercial Services,ORGANIZATIONAL-UNIT-CS-TEAM-01,LOC-CENTRAL,2026-08-01
EMP163,Sidra Sheikh,Engineering,POS-163,S001,Python Programming,Technical,Core,Needs Development,3,Competent,47.4,2.1,16,Not Required,Yes,DEPARTMENT-005,Technology and Innovation,ORGANIZATIONAL-UNIT-ENG-TEAM-02,LOC-HQ,2026-08-01
EMP163,Sidra Sheikh,Engineering,POS-163,S002,SQL & Databases,Technical,Core,Needs Development,2,Basic,35.0,2.7,13,Not Required,Yes,DEPARTMENT-005,Technology and Innovation,ORGANIZATIONAL-UNIT-ENG-TEAM-02,LOC-HQ,2026-08-01
EMP163,Sidra Sheikh,Engineering,POS-163,S003,API Development,Technical,Core,Developing,3,Competent,57.8,2.6,13,Not Required,No,DEPARTMENT-005,Technology and Innovation,ORGANIZATIONAL-UNIT-ENG-TEAM-02,LOC-HQ,2026-08-01
EMP163,Sidra Sheikh,Engineering,POS-163,S004,Software Testing,Technical,Core,Needs Development,3,Competent,51.0,1.9,7,Not Required,No,DEPARTMENT-005,Technology and Innovation,ORGANIZATIONAL-UNIT-ENG-TEAM-02,LOC-HQ,2026-08-01
EMP163,Sidra Sheikh,Engineering,POS-163,S044,Problem Solving,Behavioral,Common,Needs Development,3,Competent,52.6,2.7,15,Not Required,No,DEPARTMENT-005,Technology and Innovation,ORGANIZATIONAL-UNIT-ENG-TEAM-02,LOC-HQ,2026-08-01
EMP164,Zoya Saleem,Sales,POS-164,S012,B2B Sales,Functional,Core,Needs Development,3,Competent,49.8,1.4,13,Not Required,Yes,DEPARTMENT-003,Commercial Services,ORGANIZATIONAL-UNIT-SAL-TEAM-03,LOC-NORTH,2026-08-01
EMP164,Zoya Saleem,Sales,POS-164,S013,Lead Generation,Functional,Core,Needs Development,2,Basic,35.0,1.9,13,Not Required,Yes,DEPARTMENT-003,Commercial Services,ORGANIZATIONAL-UNIT-SAL-TEAM-03,LOC-NORTH,2026-08-01
EMP164,Zoya Saleem,Sales,POS-164,S018,Product Knowledge,Functional,Core,Needs Development,2,Basic,36.2,2.3,9,Not Required,No,DEPARTMENT-003,Commercial Services,ORGANIZATIONAL-UNIT-SAL-TEAM-03,LOC-NORTH,2026-08-01
EMP164,Zoya Saleem,Sales,POS-164,S015,CRM Management,Digital,Core,Needs Development,2,Basic,37.4,2.3,16,Not Required,No,DEPARTMENT-003,Commercial Services,ORGANIZATIONAL-UNIT-SAL-TEAM-03,LOC-NORTH,2026-08-01
EMP164,Zoya Saleem,Sales,POS-164,S042,Communication,Behavioral,Common,Needs Development,2,Basic,35.0,1.4,16,Not Required,No,DEPARTMENT-003,Commercial Services,ORGANIZATIONAL-UNIT-SAL-TEAM-03,LOC-NORTH,2026-08-01
EMP165,Waqas Butt,Sales,POS-165,S012,B2B Sales,Functional,Core,Needs Development,2,Basic,35.0,0.9,13,Not Required,Yes,DEPARTMENT-003,Commercial Services,ORGANIZATIONAL-UNIT-SAL-TEAM-01,LOC-NORTH,2026-08-01
EMP165,Waqas Butt,Sales,POS-165,S013,Lead Generation,Functional,Core,Needs Development,3,Competent,52.5,1.5,12,Not Required,Yes,DEPARTMENT-003,Commercial Services,ORGANIZATIONAL-UNIT-SAL-TEAM-01,LOC-NORTH,2026-08-01
EMP165,Waqas Butt,Sales,POS-165,S018,Product Knowledge,Functional,Core,Needs Development,2,Basic,36.0,1.0,14,Not Required,No,DEPARTMENT-003,Commercial Services,ORGANIZATIONAL-UNIT-SAL-TEAM-01,LOC-NORTH,2026-08-01
EMP165,Waqas Butt,Sales,POS-165,S015,CRM Management,Digital,Core,Needs Development,2,Basic,36.4,1.3,16,Not Required,No,DEPARTMENT-003,Commercial Services,ORGANIZATIONAL-UNIT-SAL-TEAM-01,LOC-NORTH,2026-08-01
EMP165,Waqas Butt,Sales,POS-165,S042,Communication,Behavioral,Common,Needs Development,2,Basic,38.5,1.0,1,Not Required,No,DEPARTMENT-003,Commercial Services,ORGANIZATIONAL-UNIT-SAL-TEAM-01,LOC-NORTH,2026-08-01
EMP166,Arslan Siddiqui,Sales,POS-166,S017,Pipeline Management,Functional,Core,Verified,5,Expert,89.8,9.4,8,Not Required,Yes,DEPARTMENT-003,Commercial Services,ORGANIZATIONAL-UNIT-SAL,LOC-NORTH,2026-08-01
EMP166,Arslan Siddiqui,Sales,POS-166,S046,Leadership,Leadership,Leadership,Verified,5,Expert,91.7,10.5,3,Not Required,Yes,DEPARTMENT-003,Commercial Services,ORGANIZATIONAL-UNIT-SAL,LOC-NORTH,2026-08-01
EMP166,Arslan Siddiqui,Sales,POS-166,S045,Stakeholder Management,Behavioral,Leadership,Verified,4,Advanced,70.1,9.2,3,Not Required,No,DEPARTMENT-003,Commercial Services,ORGANIZATIONAL-UNIT-SAL,LOC-NORTH,2026-08-01
EMP166,Arslan Siddiqui,Sales,POS-166,S047,Coaching & Mentoring,Leadership,Leadership,Developing,5,Expert,85.6,12.1,15,Not Required,No,DEPARTMENT-003,Commercial Services,ORGANIZATIONAL-UNIT-SAL,LOC-NORTH,2026-08-01
EMP166,Arslan Siddiqui,Sales,POS-166,S014,Negotiation,Behavioral,Core,Developing,4,Advanced,57.7,12.0,10,Not Required,No,DEPARTMENT-003,Commercial Services,ORGANIZATIONAL-UNIT-SAL,LOC-NORTH,2026-08-01
EMP167,Bilal Raza,Sales,POS-167,S016,Account Management,Functional,Core,Verified,4,Advanced,75.8,5.4,8,Not Required,Yes,DEPARTMENT-003,Commercial Services,ORGANIZATIONAL-UNIT-SAL-TEAM-03,LOC-NORTH,2026-08-01
EMP167,Bilal Raza,Sales,POS-167,S014,Negotiation,Behavioral,Core,Verified,4,Advanced,71.2,3.4,2,Not Required,Yes,DEPARTMENT-003,Commercial Services,ORGANIZATIONAL-UNIT-SAL-TEAM-03,LOC-NORTH,2026-08-01
EMP167,Bilal Raza,Sales,POS-167,S015,CRM Management,Digital,Core,Developing,4,Advanced,75.2,4.9,16,Not Required,No,DEPARTMENT-003,Commercial Services,ORGANIZATIONAL-UNIT-SAL-TEAM-03,LOC-NORTH,2026-08-01
EMP167,Bilal Raza,Sales,POS-167,S017,Pipeline Management,Functional,Core,Developing,3,Competent,63.0,4.5,3,Not Required,No,DEPARTMENT-003,Commercial Services,ORGANIZATIONAL-UNIT-SAL-TEAM-03,LOC-NORTH,2026-08-01
EMP167,Bilal Raza,Sales,POS-167,S018,Product Knowledge,Functional,Core,Developing,4,Advanced,77.3,3.6,17,Not Required,No,DEPARTMENT-003,Commercial Services,ORGANIZATIONAL-UNIT-SAL-TEAM-03,LOC-NORTH,2026-08-01
EMP168,Akbar Saleem,Customer Support,POS-168,S040,SLA Management,Functional,Core,Developing,4,Advanced,60.9,2.7,10,Not Required,Yes,DEPARTMENT-004,Commercial Services,ORGANIZATIONAL-UNIT-CS-TEAM-01,LOC-CENTRAL,2026-08-01
EMP168,Akbar Saleem,Customer Support,POS-168,S041,Knowledge Base Management,Digital,Core,Developing,4,Advanced,65.3,3.1,7,Not Required,Yes,DEPARTMENT-004,Commercial Services,ORGANIZATIONAL-UNIT-CS-TEAM-01,LOC-CENTRAL,2026-08-01
EMP168,Akbar Saleem,Customer Support,POS-168,S047,Coaching & Mentoring,Leadership,Leadership,Needs Development,3,Competent,51.1,4.1,4,Not Required,No,DEPARTMENT-004,Commercial Services,ORGANIZATIONAL-UNIT-CS-TEAM-01,LOC-CENTRAL,2026-08-01
EMP168,Akbar Saleem,Customer Support,POS-168,S038,Complaint Resolution,Behavioral,Core,Developing,4,Advanced,69.7,2.1,11,Not Required,No,DEPARTMENT-004,Commercial Services,ORGANIZATIONAL-UNIT-CS-TEAM-01,LOC-CENTRAL,2026-08-01
EMP168,Akbar Saleem,Customer Support,POS-168,S043,Teamwork,Behavioral,Common,Developing,4,Advanced,64.1,2.7,14,Not Required,No,DEPARTMENT-004,Commercial Services,ORGANIZATIONAL-UNIT-CS-TEAM-01,LOC-CENTRAL,2026-08-01
EMP169,Iqra Qureshi,IT,POS-169,S010,IT Service Management,Functional,Core,Developing,5,Expert,94.0,11.8,18,Certification Planned,Yes,DEPARTMENT-007,Technology and Innovation,ORGANIZATIONAL-UNIT-IT,LOC-HQ,2026-08-01
EMP169,Iqra Qureshi,IT,POS-169,S046,Leadership,Leadership,Leadership,Verified,5,Expert,95.0,15.9,5,Not Required,Yes,DEPARTMENT-007,Technology and Innovation,ORGANIZATIONAL-UNIT-IT,LOC-HQ,2026-08-01
EMP169,Iqra Qureshi,IT,POS-169,S008,Cybersecurity,Technical,Digital,Verified,4,Advanced,83.4,14.4,10,Certified,No,DEPARTMENT-007,Technology and Innovation,ORGANIZATIONAL-UNIT-IT,LOC-HQ,2026-08-01
EMP169,Iqra Qureshi,IT,POS-169,S050,Project Management,Leadership,Common,Verified,5,Expert,96.4,9.1,9,Certified,No,DEPARTMENT-007,Technology and Innovation,ORGANIZATIONAL-UNIT-IT,LOC-HQ,2026-08-01
EMP169,Iqra Qureshi,IT,POS-169,S045,Stakeholder Management,Behavioral,Leadership,Verified,5,Expert,92.5,14.4,9,Not Required,No,DEPARTMENT-007,Technology and Innovation,ORGANIZATIONAL-UNIT-IT,LOC-HQ,2026-08-01
EMP170,Hina Ahmad,Customer Support,POS-170,S037,Customer Service,Functional,Core,Needs Development,3,Competent,44.9,4.3,12,Not Required,Yes,DEPARTMENT-004,Commercial Services,ORGANIZATIONAL-UNIT-CS-TEAM-03,LOC-CENTRAL,2026-08-01
EMP170,Hina Ahmad,Customer Support,POS-170,S040,SLA Management,Functional,Core,Developing,3,Competent,60.7,2.8,17,Not Required,Yes,DEPARTMENT-004,Commercial Services,ORGANIZATIONAL-UNIT-CS-TEAM-03,LOC-CENTRAL,2026-08-01
EMP170,Hina Ahmad,Customer Support,POS-170,S015,CRM Management,Digital,Core,Needs Development,3,Competent,54.6,4.8,10,Not Required,No,DEPARTMENT-004,Commercial Services,ORGANIZATIONAL-UNIT-CS-TEAM-03,LOC-CENTRAL,2026-08-01
EMP170,Hina Ahmad,Customer Support,POS-170,S038,Complaint Resolution,Behavioral,Core,Developing,3,Competent,58.8,5.0,4,Not Required,No,DEPARTMENT-004,Commercial Services,ORGANIZATIONAL-UNIT-CS-TEAM-03,LOC-CENTRAL,2026-08-01
EMP170,Hina Ahmad,Customer Support,POS-170,S042,Communication,Behavioral,Common,Needs Development,3,Competent,50.1,2.4,1,Not Required,No,DEPARTMENT-004,Commercial Services,ORGANIZATIONAL-UNIT-CS-TEAM-03,LOC-CENTRAL,2026-08-01
EMP171,Usman Ullah,IT,POS-171,S010,IT Service Management,Functional,Core,Verified,4,Advanced,72.4,9.6,10,Certification Planned,Yes,DEPARTMENT-007,Technology and Innovation,ORGANIZATIONAL-UNIT-IT,LOC-HQ,2026-08-01
EMP171,Usman Ullah,IT,POS-171,S046,Leadership,Leadership,Leadership,Developing,5,Expert,88.6,10.9,16,Not Required,Yes,DEPARTMENT-007,Technology and Innovation,ORGANIZATIONAL-UNIT-IT,LOC-HQ,2026-08-01
EMP171,Usman Ullah,IT,POS-171,S008,Cybersecurity,Technical,Digital,Developing,4,Advanced,76.2,8.5,15,Certification Planned,No,DEPARTMENT-007,Technology and Innovation,ORGANIZATIONAL-UNIT-IT,LOC-HQ,2026-08-01
EMP171,Usman Ullah,IT,POS-171,S050,Project Management,Leadership,Common,Developing,5,Expert,87.7,9.3,15,Certified,No,DEPARTMENT-007,Technology and Innovation,ORGANIZATIONAL-UNIT-IT,LOC-HQ,2026-08-01
EMP171,Usman Ullah,IT,POS-171,S045,Stakeholder Management,Behavioral,Leadership,Verified,5,Expert,89.6,9.7,6,Not Required,No,DEPARTMENT-007,Technology and Innovation,ORGANIZATIONAL-UNIT-IT,LOC-HQ,2026-08-01
EMP172,Zoya Hassan,Operations,POS-172,S019,Process Management,Functional,Core,Needs Development,3,Competent,54.0,4.7,14,Not Required,Yes,DEPARTMENT-006,Enterprise Operations,ORGANIZATIONAL-UNIT-OPS-TEAM-02,LOC-CENTRAL,2026-08-01
EMP172,Zoya Hassan,Operations,POS-172,S021,Process Improvement,Functional,Core,Needs Development,3,Competent,48.3,4.8,6,Not Required,Yes,DEPARTMENT-006,Enterprise Operations,ORGANIZATIONAL-UNIT-OPS-TEAM-02,LOC-CENTRAL,2026-08-01
EMP172,Zoya Hassan,Operations,POS-172,S022,Quality Control,Functional,Core,Needs Development,3,Competent,54.9,3.5,10,Not Required,No,DEPARTMENT-006,Enterprise Operations,ORGANIZATIONAL-UNIT-OPS-TEAM-02,LOC-CENTRAL,2026-08-01
EMP172,Zoya Hassan,Operations,POS-172,S029,Advanced Excel,Digital,Core,Developing,3,Competent,60.1,4.3,4,Not Certified,No,DEPARTMENT-006,Enterprise Operations,ORGANIZATIONAL-UNIT-OPS-TEAM-02,LOC-CENTRAL,2026-08-01
EMP172,Zoya Hassan,Operations,POS-172,S044,Problem Solving,Behavioral,Common,Needs Development,3,Competent,49.6,4.0,2,Not Required,No,DEPARTMENT-006,Enterprise Operations,ORGANIZATIONAL-UNIT-OPS-TEAM-02,LOC-CENTRAL,2026-08-01
EMP173,Sidra Abbasi,Finance,POS-173,S025,Financial Analysis,Functional,Core,Developing,4,Advanced,74.9,3.8,16,Certification Planned,Yes,DEPARTMENT-002,Corporate Services,ORGANIZATIONAL-UNIT-FIN-TEAM-03,LOC-HQ,2026-08-01
EMP173,Sidra Abbasi,Finance,POS-173,S028,Regulatory Reporting,Compliance,Core,Developing,4,Advanced,69.9,4.8,2,Certification Planned,Yes,DEPARTMENT-002,Corporate Services,ORGANIZATIONAL-UNIT-FIN-TEAM-03,LOC-HQ,2026-08-01
EMP173,Sidra Abbasi,Finance,POS-173,S027,Budgeting & Forecasting,Functional,Core,Verified,4,Advanced,70.8,5.6,1,Not Required,No,DEPARTMENT-002,Corporate Services,ORGANIZATIONAL-UNIT-FIN-TEAM-03,LOC-HQ,2026-08-01
EMP173,Sidra Abbasi,Finance,POS-173,S030,Risk Analysis,Functional,Core,Developing,4,Advanced,68.7,3.6,4,Certification Planned,No,DEPARTMENT-002,Corporate Services,ORGANIZATIONAL-UNIT-FIN-TEAM-03,LOC-HQ,2026-08-01
EMP173,Sidra Abbasi,Finance,POS-173,S045,Stakeholder Management,Behavioral,Leadership,Developing,4,Advanced,68.1,5.5,16,Not Required,No,DEPARTMENT-002,Corporate Services,ORGANIZATIONAL-UNIT-FIN-TEAM-03,LOC-HQ,2026-08-01
EMP174,Hassan Aslam,Sales,POS-174,S016,Account Management,Functional,Core,Developing,3,Competent,60.9,3.9,6,Not Required,Yes,DEPARTMENT-003,Commercial Services,ORGANIZATIONAL-UNIT-SAL-TEAM-01,LOC-NORTH,2026-08-01
EMP174,Hassan Aslam,Sales,POS-174,S014,Negotiation,Behavioral,Core,Verified,4,Advanced,73.8,3.8,11,Not Required,Yes,DEPARTMENT-003,Commercial Services,ORGANIZATIONAL-UNIT-SAL-TEAM-01,LOC-NORTH,2026-08-01
EMP174,Hassan Aslam,Sales,POS-174,S015,CRM Management,Digital,Core,Needs Development,3,Competent,52.8,3.8,13,Not Required,No,DEPARTMENT-003,Commercial Services,ORGANIZATIONAL-UNIT-SAL-TEAM-01,LOC-NORTH,2026-08-01
EMP174,Hassan Aslam,Sales,POS-174,S017,Pipeline Management,Functional,Core,Needs Development,3,Competent,51.6,2.0,17,Not Required,No,DEPARTMENT-003,Commercial Services,ORGANIZATIONAL-UNIT-SAL-TEAM-01,LOC-NORTH,2026-08-01
EMP174,Hassan Aslam,Sales,POS-174,S018,Product Knowledge,Functional,Core,Needs Development,3,Competent,53.6,2.1,13,Not Required,No,DEPARTMENT-003,Commercial Services,ORGANIZATIONAL-UNIT-SAL-TEAM-01,LOC-NORTH,2026-08-01
EMP175,Hassan Arif,Operations,POS-175,S019,Process Management,Functional,Core,Verified,4,Advanced,77.2,1.4,6,Not Required,Yes,DEPARTMENT-006,Enterprise Operations,ORGANIZATIONAL-UNIT-OPS-TEAM-02,LOC-CENTRAL,2026-08-01
EMP175,Hassan Arif,Operations,POS-175,S021,Process Improvement,Functional,Core,Developing,3,Competent,62.0,1.6,4,Not Required,Yes,DEPARTMENT-006,Enterprise Operations,ORGANIZATIONAL-UNIT-OPS-TEAM-02,LOC-CENTRAL,2026-08-01
EMP175,Hassan Arif,Operations,POS-175,S022,Quality Control,Functional,Core,Developing,3,Competent,59.8,1.5,11,Not Required,No,DEPARTMENT-006,Enterprise Operations,ORGANIZATIONAL-UNIT-OPS-TEAM-02,LOC-CENTRAL,2026-08-01
EMP175,Hassan Arif,Operations,POS-175,S029,Advanced Excel,Digital,Core,Developing,3,Competent,58.4,2.1,15,Not Certified,No,DEPARTMENT-006,Enterprise Operations,ORGANIZATIONAL-UNIT-OPS-TEAM-02,LOC-CENTRAL,2026-08-01
EMP175,Hassan Arif,Operations,POS-175,S044,Problem Solving,Behavioral,Common,Needs Development,3,Competent,54.7,2.1,1,Not Required,No,DEPARTMENT-006,Enterprise Operations,ORGANIZATIONAL-UNIT-OPS-TEAM-02,LOC-CENTRAL,2026-08-01
EMP176,Ahsan Aziz,Sales,POS-176,S016,Account Management,Functional,Core,Developing,5,Expert,95.9,6.0,16,Not Required,Yes,DEPARTMENT-003,Commercial Services,ORGANIZATIONAL-UNIT-SAL-TEAM-03,LOC-NORTH,2026-08-01
EMP176,Ahsan Aziz,Sales,POS-176,S014,Negotiation,Behavioral,Core,Verified,5,Expert,93.1,6.7,5,Not Required,Yes,DEPARTMENT-003,Commercial Services,ORGANIZATIONAL-UNIT-SAL-TEAM-03,LOC-NORTH,2026-08-01
EMP176,Ahsan Aziz,Sales,POS-176,S017,Pipeline Management,Functional,Core,Verified,4,Advanced,74.6,6.0,11,Not Required,No,DEPARTMENT-003,Commercial Services,ORGANIZATIONAL-UNIT-SAL-TEAM-03,LOC-NORTH,2026-08-01
EMP176,Ahsan Aziz,Sales,POS-176,S045,Stakeholder Management,Behavioral,Leadership,Verified,4,Advanced,73.6,8.1,12,Not Required,No,DEPARTMENT-003,Commercial Services,ORGANIZATIONAL-UNIT-SAL-TEAM-03,LOC-NORTH,2026-08-01
EMP176,Ahsan Aziz,Sales,POS-176,S047,Coaching & Mentoring,Leadership,Leadership,Developing,5,Expert,93.6,7.8,14,Not Required,No,DEPARTMENT-003,Commercial Services,ORGANIZATIONAL-UNIT-SAL-TEAM-03,LOC-NORTH,2026-08-01
EMP177,Danish Anwar,HR,POS-177,S033,Performance Management,Functional,Core,Needs Development,3,Competent,51.6,4.4,12,Not Required,Yes,DEPARTMENT-001,Corporate Services,ORGANIZATIONAL-UNIT-HR-TEAM-01,LOC-HQ,2026-08-01
EMP177,Danish Anwar,HR,POS-177,S031,Recruitment & Selection,Functional,Core,Needs Development,3,Competent,46.6,3.7,4,Not Required,Yes,DEPARTMENT-001,Corporate Services,ORGANIZATIONAL-UNIT-HR-TEAM-01,LOC-HQ,2026-08-01
EMP177,Danish Anwar,HR,POS-177,S032,HRIS & Employee Data,Digital,Core,Needs Development,3,Competent,46.9,3.1,6,Not Certified,No,DEPARTMENT-001,Corporate Services,ORGANIZATIONAL-UNIT-HR-TEAM-01,LOC-HQ,2026-08-01
EMP177,Danish Anwar,HR,POS-177,S035,Learning & Development,Functional,Core,Needs Development,3,Competent,50.6,4.9,16,Not Required,No,DEPARTMENT-001,Corporate Services,ORGANIZATIONAL-UNIT-HR-TEAM-01,LOC-HQ,2026-08-01
EMP177,Danish Anwar,HR,POS-177,S034,Employee Relations,Behavioral,Core,Needs Development,3,Competent,54.2,3.6,11,Not Required,No,DEPARTMENT-001,Corporate Services,ORGANIZATIONAL-UNIT-HR-TEAM-01,LOC-HQ,2026-08-01
EMP178,Fatima Rehman,Sales,POS-178,S012,B2B Sales,Functional,Core,Developing,3,Competent,62.9,1.2,12,Not Required,Yes,DEPARTMENT-003,Commercial Services,ORGANIZATIONAL-UNIT-SAL-TEAM-02,LOC-NORTH,2026-08-01
EMP178,Fatima Rehman,Sales,POS-178,S013,Lead Generation,Functional,Core,Needs Development,3,Competent,50.3,1.0,13,Not Required,Yes,DEPARTMENT-003,Commercial Services,ORGANIZATIONAL-UNIT-SAL-TEAM-02,LOC-NORTH,2026-08-01
EMP178,Fatima Rehman,Sales,POS-178,S018,Product Knowledge,Functional,Core,Needs Development,2,Basic,42.7,1.1,8,Not Required,No,DEPARTMENT-003,Commercial Services,ORGANIZATIONAL-UNIT-SAL-TEAM-02,LOC-NORTH,2026-08-01
EMP178,Fatima Rehman,Sales,POS-178,S015,CRM Management,Digital,Core,Developing,3,Competent,59.2,1.1,12,Not Required,No,DEPARTMENT-003,Commercial Services,ORGANIZATIONAL-UNIT-SAL-TEAM-02,LOC-NORTH,2026-08-01
EMP178,Fatima Rehman,Sales,POS-178,S042,Communication,Behavioral,Common,Developing,3,Competent,61.9,0.8,12,Not Required,No,DEPARTMENT-003,Commercial Services,ORGANIZATIONAL-UNIT-SAL-TEAM-02,LOC-NORTH,2026-08-01
EMP179,Muneeb Javed,Operations,POS-179,S020,SOP Compliance,Compliance,Core,Needs Development,2,Basic,42.8,2.1,7,Not Required,Yes,DEPARTMENT-006,Enterprise Operations,ORGANIZATIONAL-UNIT-OPS-TEAM-03,LOC-CENTRAL,2026-08-01
EMP179,Muneeb Javed,Operations,POS-179,S024,Workflow Coordination,Functional,Core,Needs Development,3,Competent,54.0,2.2,10,Not Required,Yes,DEPARTMENT-006,Enterprise Operations,ORGANIZATIONAL-UNIT-OPS-TEAM-03,LOC-CENTRAL,2026-08-01
EMP179,Muneeb Javed,Operations,POS-179,S022,Quality Control,Functional,Core,Developing,3,Competent,59.7,1.6,5,Not Required,No,DEPARTMENT-006,Enterprise Operations,ORGANIZATIONAL-UNIT-OPS-TEAM-03,LOC-CENTRAL,2026-08-01
EMP179,Muneeb Javed,Operations,POS-179,S029,Advanced Excel,Digital,Core,Needs Development,2,Basic,41.0,1.6,12,Not Certified,No,DEPARTMENT-006,Enterprise Operations,ORGANIZATIONAL-UNIT-OPS-TEAM-03,LOC-CENTRAL,2026-08-01
EMP179,Muneeb Javed,Operations,POS-179,S043,Teamwork,Behavioral,Common,Developing,3,Competent,58.4,1.7,14,Not Required,No,DEPARTMENT-006,Enterprise Operations,ORGANIZATIONAL-UNIT-OPS-TEAM-03,LOC-CENTRAL,2026-08-01
EMP180,Arham Hussain,Customer Support,POS-180,S037,Customer Service,Functional,Core,Needs Development,2,Basic,41.0,1.8,11,Not Required,Yes,DEPARTMENT-004,Commercial Services,ORGANIZATIONAL-UNIT-CS-TEAM-01,LOC-CENTRAL,2026-08-01
EMP180,Arham Hussain,Customer Support,POS-180,S038,Complaint Resolution,Behavioral,Core,Needs Development,2,Basic,38.6,1.3,14,Not Required,Yes,DEPARTMENT-004,Commercial Services,ORGANIZATIONAL-UNIT-CS-TEAM-01,LOC-CENTRAL,2026-08-01
EMP180,Arham Hussain,Customer Support,POS-180,S039,Call Handling,Functional,Core,Needs Development,3,Competent,53.4,1.0,15,Not Required,No,DEPARTMENT-004,Commercial Services,ORGANIZATIONAL-UNIT-CS-TEAM-01,LOC-CENTRAL,2026-08-01
EMP180,Arham Hussain,Customer Support,POS-180,S018,Product Knowledge,Functional,Core,Needs Development,3,Competent,49.5,1.1,16,Not Required,No,DEPARTMENT-004,Commercial Services,ORGANIZATIONAL-UNIT-CS-TEAM-01,LOC-CENTRAL,2026-08-01
EMP180,Arham Hussain,Customer Support,POS-180,S051,Empathy & Active Listening,Behavioral,Common,Needs Development,2,Basic,40.8,1.8,3,Not Required,No,DEPARTMENT-004,Commercial Services,ORGANIZATIONAL-UNIT-CS-TEAM-01,LOC-CENTRAL,2026-08-01
EMP181,Saad Yousaf,Operations,POS-181,S020,SOP Compliance,Compliance,Core,Developing,3,Competent,58.6,1.4,12,Not Required,Yes,DEPARTMENT-006,Enterprise Operations,ORGANIZATIONAL-UNIT-OPS-TEAM-02,LOC-CENTRAL,2026-08-01
EMP181,Saad Yousaf,Operations,POS-181,S024,Workflow Coordination,Functional,Core,Needs Development,3,Competent,51.2,1.0,8,Not Required,Yes,DEPARTMENT-006,Enterprise Operations,ORGANIZATIONAL-UNIT-OPS-TEAM-02,LOC-CENTRAL,2026-08-01
EMP181,Saad Yousaf,Operations,POS-181,S022,Quality Control,Functional,Core,Developing,3,Competent,59.4,1.7,14,Not Required,No,DEPARTMENT-006,Enterprise Operations,ORGANIZATIONAL-UNIT-OPS-TEAM-02,LOC-CENTRAL,2026-08-01
EMP181,Saad Yousaf,Operations,POS-181,S029,Advanced Excel,Digital,Core,Needs Development,2,Basic,49.0,1.2,14,Not Certified,No,DEPARTMENT-006,Enterprise Operations,ORGANIZATIONAL-UNIT-OPS-TEAM-02,LOC-CENTRAL,2026-08-01
EMP181,Saad Yousaf,Operations,POS-181,S043,Teamwork,Behavioral,Common,Needs Development,3,Competent,54.8,0.9,3,Not Required,No,DEPARTMENT-006,Enterprise Operations,ORGANIZATIONAL-UNIT-OPS-TEAM-02,LOC-CENTRAL,2026-08-01
EMP182,Waqas Ahmad,Sales,POS-182,S016,Account Management,Functional,Core,Verified,4,Advanced,74.9,4.3,2,Not Required,Yes,DEPARTMENT-003,Commercial Services,ORGANIZATIONAL-UNIT-SAL-TEAM-03,LOC-NORTH,2026-08-01
EMP182,Waqas Ahmad,Sales,POS-182,S014,Negotiation,Behavioral,Core,Developing,4,Advanced,77.7,4.8,14,Not Required,Yes,DEPARTMENT-003,Commercial Services,ORGANIZATIONAL-UNIT-SAL-TEAM-03,LOC-NORTH,2026-08-01
EMP182,Waqas Ahmad,Sales,POS-182,S015,CRM Management,Digital,Core,Verified,4,Advanced,86.2,3.2,6,Not Required,No,DEPARTMENT-003,Commercial Services,ORGANIZATIONAL-UNIT-SAL-TEAM-03,LOC-NORTH,2026-08-01
EMP182,Waqas Ahmad,Sales,POS-182,S017,Pipeline Management,Functional,Core,Verified,4,Advanced,88.7,4.1,11,Not Required,No,DEPARTMENT-003,Commercial Services,ORGANIZATIONAL-UNIT-SAL-TEAM-03,LOC-NORTH,2026-08-01
EMP182,Waqas Ahmad,Sales,POS-182,S018,Product Knowledge,Functional,Core,Verified,4,Advanced,74.8,2.6,7,Not Required,No,DEPARTMENT-003,Commercial Services,ORGANIZATIONAL-UNIT-SAL-TEAM-03,LOC-NORTH,2026-08-01
EMP183,Zain Saleem,IT,POS-183,S010,IT Service Management,Functional,Core,Developing,3,Competent,60.7,2.7,9,Not Certified,Yes,DEPARTMENT-007,Technology and Innovation,ORGANIZATIONAL-UNIT-IT-TEAM-01,LOC-HQ,2026-08-01
EMP183,Zain Saleem,IT,POS-183,S011,Incident Management,Functional,Core,Needs Development,3,Competent,52.9,2.4,7,Not Required,Yes,DEPARTMENT-007,Technology and Innovation,ORGANIZATIONAL-UNIT-IT-TEAM-01,LOC-HQ,2026-08-01
EMP183,Zain Saleem,IT,POS-183,S009,Network Administration,Technical,Core,Needs Development,2,Basic,36.1,1.8,16,Not Certified,No,DEPARTMENT-007,Technology and Innovation,ORGANIZATIONAL-UNIT-IT-TEAM-01,LOC-HQ,2026-08-01
EMP183,Zain Saleem,IT,POS-183,S042,Communication,Behavioral,Common,Needs Development,2,Basic,47.0,2.5,13,Not Required,No,DEPARTMENT-007,Technology and Innovation,ORGANIZATIONAL-UNIT-IT-TEAM-01,LOC-HQ,2026-08-01
EMP183,Zain Saleem,IT,POS-183,S053,Documentation,Behavioral,Common,Developing,3,Competent,60.5,3.0,8,Not Required,No,DEPARTMENT-007,Technology and Innovation,ORGANIZATIONAL-UNIT-IT-TEAM-01,LOC-HQ,2026-08-01
EMP184,Iqra Hassan,Operations,POS-184,S020,SOP Compliance,Compliance,Core,Needs Development,2,Basic,35.1,0.6,12,Not Required,Yes,DEPARTMENT-006,Enterprise Operations,ORGANIZATIONAL-UNIT-OPS-TEAM-02,LOC-CENTRAL,2026-08-01
EMP184,Iqra Hassan,Operations,POS-184,S024,Workflow Coordination,Functional,Core,Needs Development,2,Basic,37.6,0.6,11,Not Required,Yes,DEPARTMENT-006,Enterprise Operations,ORGANIZATIONAL-UNIT-OPS-TEAM-02,LOC-CENTRAL,2026-08-01
EMP184,Iqra Hassan,Operations,POS-184,S022,Quality Control,Functional,Core,Needs Development,2,Basic,35.0,0.7,15,Not Required,No,DEPARTMENT-006,Enterprise Operations,ORGANIZATIONAL-UNIT-OPS-TEAM-02,LOC-CENTRAL,2026-08-01
EMP184,Iqra Hassan,Operations,POS-184,S029,Advanced Excel,Digital,Core,Needs Development,2,Basic,40.2,0.8,13,Not Certified,No,DEPARTMENT-006,Enterprise Operations,ORGANIZATIONAL-UNIT-OPS-TEAM-02,LOC-CENTRAL,2026-08-01
EMP184,Iqra Hassan,Operations,POS-184,S043,Teamwork,Behavioral,Common,Needs Development,2,Basic,36.5,0.7,18,Not Required,No,DEPARTMENT-006,Enterprise Operations,ORGANIZATIONAL-UNIT-OPS-TEAM-02,LOC-CENTRAL,2026-08-01
EMP185,Salman Hameed,Finance,POS-185,S025,Financial Analysis,Functional,Core,Developing,4,Advanced,73.1,4.2,15,Certification Planned,Yes,DEPARTMENT-002,Corporate Services,ORGANIZATIONAL-UNIT-FIN-TEAM-03,LOC-HQ,2026-08-01
EMP185,Salman Hameed,Finance,POS-185,S028,Regulatory Reporting,Compliance,Core,Developing,4,Advanced,73.3,5.3,13,Certification Planned,Yes,DEPARTMENT-002,Corporate Services,ORGANIZATIONAL-UNIT-FIN-TEAM-03,LOC-HQ,2026-08-01
EMP185,Salman Hameed,Finance,POS-185,S027,Budgeting & Forecasting,Functional,Core,Developing,4,Advanced,67.6,7.1,13,Not Required,No,DEPARTMENT-002,Corporate Services,ORGANIZATIONAL-UNIT-FIN-TEAM-03,LOC-HQ,2026-08-01
EMP185,Salman Hameed,Finance,POS-185,S030,Risk Analysis,Functional,Core,Developing,4,Advanced,69.0,7.4,11,Certification Planned,No,DEPARTMENT-002,Corporate Services,ORGANIZATIONAL-UNIT-FIN-TEAM-03,LOC-HQ,2026-08-01
EMP185,Salman Hameed,Finance,POS-185,S045,Stakeholder Management,Behavioral,Leadership,Developing,4,Advanced,59.9,5.2,16,Not Required,No,DEPARTMENT-002,Corporate Services,ORGANIZATIONAL-UNIT-FIN-TEAM-03,LOC-HQ,2026-08-01
EMP186,Zara Masood,IT,POS-186,S009,Network Administration,Technical,Core,Verified,4,Advanced,75.6,1.9,11,Certification Planned,Yes,DEPARTMENT-007,Technology and Innovation,ORGANIZATIONAL-UNIT-IT-TEAM-01,LOC-HQ,2026-08-01
EMP186,Zara Masood,IT,POS-186,S007,Cloud Platforms,Technical,Digital,Verified,4,Advanced,75.5,2.0,5,Certification Planned,Yes,DEPARTMENT-007,Technology and Innovation,ORGANIZATIONAL-UNIT-IT-TEAM-01,LOC-HQ,2026-08-01
EMP186,Zara Masood,IT,POS-186,S010,IT Service Management,Functional,Core,Developing,3,Competent,59.4,2.6,14,Not Certified,No,DEPARTMENT-007,Technology and Innovation,ORGANIZATIONAL-UNIT-IT-TEAM-01,LOC-HQ,2026-08-01
EMP186,Zara Masood,IT,POS-186,S008,Cybersecurity,Technical,Digital,Developing,4,Advanced,76.1,2.8,13,Certification Planned,No,DEPARTMENT-007,Technology and Innovation,ORGANIZATIONAL-UNIT-IT-TEAM-01,LOC-HQ,2026-08-01
EMP186,Zara Masood,IT,POS-186,S011,Incident Management,Functional,Core,Developing,3,Competent,58.9,1.6,14,Not Required,No,DEPARTMENT-007,Technology and Innovation,ORGANIZATIONAL-UNIT-IT-TEAM-01,LOC-HQ,2026-08-01
EMP187,Nida Mahmood,Operations,POS-187,S020,SOP Compliance,Compliance,Core,Developing,3,Competent,57.6,2.4,17,Not Required,Yes,DEPARTMENT-006,Enterprise Operations,ORGANIZATIONAL-UNIT-OPS-TEAM-02,LOC-CENTRAL,2026-08-01
EMP187,Nida Mahmood,Operations,POS-187,S024,Workflow Coordination,Functional,Core,Needs Development,2,Basic,35.5,1.8,18,Not Required,Yes,DEPARTMENT-006,Enterprise Operations,ORGANIZATIONAL-UNIT-OPS-TEAM-02,LOC-CENTRAL,2026-08-01
EMP187,Nida Mahmood,Operations,POS-187,S022,Quality Control,Functional,Core,Needs Development,2,Basic,37.7,1.8,9,Not Required,No,DEPARTMENT-006,Enterprise Operations,ORGANIZATIONAL-UNIT-OPS-TEAM-02,LOC-CENTRAL,2026-08-01
EMP187,Nida Mahmood,Operations,POS-187,S029,Advanced Excel,Digital,Core,Needs Development,2,Basic,38.7,2.0,3,Not Certified,No,DEPARTMENT-006,Enterprise Operations,ORGANIZATIONAL-UNIT-OPS-TEAM-02,LOC-CENTRAL,2026-08-01
EMP187,Nida Mahmood,Operations,POS-187,S043,Teamwork,Behavioral,Common,Needs Development,2,Basic,39.9,2.2,14,Not Required,No,DEPARTMENT-006,Enterprise Operations,ORGANIZATIONAL-UNIT-OPS-TEAM-02,LOC-CENTRAL,2026-08-01
EMP188,Areeba Ahmad,IT,POS-188,S008,Cybersecurity,Technical,Digital,Verified,4,Advanced,73.8,12.5,10,Certification Planned,Yes,DEPARTMENT-007,Technology and Innovation,ORGANIZATIONAL-UNIT-IT-TEAM-03,LOC-HQ,2026-08-01
EMP188,Areeba Ahmad,IT,POS-188,S007,Cloud Platforms,Technical,Digital,Developing,4,Advanced,63.3,11.0,17,Certification Planned,Yes,DEPARTMENT-007,Technology and Innovation,ORGANIZATIONAL-UNIT-IT-TEAM-03,LOC-HQ,2026-08-01
EMP188,Areeba Ahmad,IT,POS-188,S009,Network Administration,Technical,Core,Developing,4,Advanced,70.3,11.9,18,Certification Planned,No,DEPARTMENT-007,Technology and Innovation,ORGANIZATIONAL-UNIT-IT-TEAM-03,LOC-HQ,2026-08-01
EMP188,Areeba Ahmad,IT,POS-188,S050,Project Management,Leadership,Common,Developing,4,Advanced,68.8,7.8,15,Certification Planned,No,DEPARTMENT-007,Technology and Innovation,ORGANIZATIONAL-UNIT-IT-TEAM-03,LOC-HQ,2026-08-01
EMP188,Areeba Ahmad,IT,POS-188,S044,Problem Solving,Behavioral,Common,Needs Development,3,Competent,51.5,9.1,12,Not Required,No,DEPARTMENT-007,Technology and Innovation,ORGANIZATIONAL-UNIT-IT-TEAM-03,LOC-HQ,2026-08-01
EMP189,Omer Masood,Engineering,POS-189,S005,System Design,Technical,Core,Developing,4,Advanced,67.5,8.9,14,Not Required,Yes,DEPARTMENT-005,Technology and Innovation,ORGANIZATIONAL-UNIT-ENG,LOC-HQ,2026-08-01
EMP189,Omer Masood,Engineering,POS-189,S050,Project Management,Leadership,Common,Verified,5,Expert,92.6,9.5,3,Certification Planned,Yes,DEPARTMENT-005,Technology and Innovation,ORGANIZATIONAL-UNIT-ENG,LOC-HQ,2026-08-01
EMP189,Omer Masood,Engineering,POS-189,S046,Leadership,Leadership,Leadership,Verified,5,Expert,89.8,8.8,12,Not Required,No,DEPARTMENT-005,Technology and Innovation,ORGANIZATIONAL-UNIT-ENG,LOC-HQ,2026-08-01
EMP189,Omer Masood,Engineering,POS-189,S045,Stakeholder Management,Behavioral,Leadership,Developing,4,Advanced,71.2,8.7,14,Not Required,No,DEPARTMENT-005,Technology and Innovation,ORGANIZATIONAL-UNIT-ENG,LOC-HQ,2026-08-01
EMP189,Omer Masood,Engineering,POS-189,S006,DevOps & CI/CD,Technical,Digital,Verified,4,Advanced,71.0,7.2,7,Certification Planned,No,DEPARTMENT-005,Technology and Innovation,ORGANIZATIONAL-UNIT-ENG,LOC-HQ,2026-08-01
EMP190,Noor Saeed,HR,POS-190,S031,Recruitment & Selection,Functional,Core,Needs Development,2,Basic,35.0,1.5,13,Not Required,Yes,DEPARTMENT-001,Corporate Services,ORGANIZATIONAL-UNIT-HR-TEAM-02,LOC-HQ,2026-08-01
EMP190,Noor Saeed,HR,POS-190,S032,HRIS & Employee Data,Digital,Core,Needs Development,2,Basic,37.9,1.1,3,Not Certified,Yes,DEPARTMENT-001,Corporate Services,ORGANIZATIONAL-UNIT-HR-TEAM-02,LOC-HQ,2026-08-01
EMP190,Noor Saeed,HR,POS-190,S034,Employee Relations,Behavioral,Core,Needs Development,2,Basic,35.0,1.4,3,Not Required,No,DEPARTMENT-001,Corporate Services,ORGANIZATIONAL-UNIT-HR-TEAM-02,LOC-HQ,2026-08-01
EMP190,Noor Saeed,HR,POS-190,S042,Communication,Behavioral,Common,Needs Development,2,Basic,41.3,1.5,1,Not Required,No,DEPARTMENT-001,Corporate Services,ORGANIZATIONAL-UNIT-HR-TEAM-02,LOC-HQ,2026-08-01
EMP190,Noor Saeed,HR,POS-190,S053,Documentation,Behavioral,Common,Needs Development,2,Basic,36.1,1.1,11,Not Required,No,DEPARTMENT-001,Corporate Services,ORGANIZATIONAL-UNIT-HR-TEAM-02,LOC-HQ,2026-08-01
EMP191,Danish Yousaf,Operations,POS-191,S019,Process Management,Functional,Core,Verified,4,Advanced,72.0,4.9,8,Not Required,Yes,DEPARTMENT-006,Enterprise Operations,ORGANIZATIONAL-UNIT-OPS-TEAM-03,LOC-CENTRAL,2026-08-01
EMP191,Danish Yousaf,Operations,POS-191,S021,Process Improvement,Functional,Core,Verified,4,Advanced,73.9,4.7,2,Not Required,Yes,DEPARTMENT-006,Enterprise Operations,ORGANIZATIONAL-UNIT-OPS-TEAM-03,LOC-CENTRAL,2026-08-01
EMP191,Danish Yousaf,Operations,POS-191,S022,Quality Control,Functional,Core,Verified,4,Advanced,71.2,5.8,4,Not Required,No,DEPARTMENT-006,Enterprise Operations,ORGANIZATIONAL-UNIT-OPS-TEAM-03,LOC-CENTRAL,2026-08-01
EMP191,Danish Yousaf,Operations,POS-191,S029,Advanced Excel,Digital,Core,Verified,4,Advanced,72.2,7.0,8,Certification Planned,No,DEPARTMENT-006,Enterprise Operations,ORGANIZATIONAL-UNIT-OPS-TEAM-03,LOC-CENTRAL,2026-08-01
EMP191,Danish Yousaf,Operations,POS-191,S044,Problem Solving,Behavioral,Common,Developing,4,Advanced,80.7,4.6,14,Not Required,No,DEPARTMENT-006,Enterprise Operations,ORGANIZATIONAL-UNIT-OPS-TEAM-03,LOC-CENTRAL,2026-08-01
EMP192,Kashif Hussain,Sales,POS-192,S012,B2B Sales,Functional,Core,Developing,3,Competent,67.2,3.8,18,Not Required,Yes,DEPARTMENT-003,Commercial Services,ORGANIZATIONAL-UNIT-SAL-TEAM-01,LOC-NORTH,2026-08-01
EMP192,Kashif Hussain,Sales,POS-192,S013,Lead Generation,Functional,Core,Developing,3,Competent,61.3,2.7,10,Not Required,Yes,DEPARTMENT-003,Commercial Services,ORGANIZATIONAL-UNIT-SAL-TEAM-01,LOC-NORTH,2026-08-01
EMP192,Kashif Hussain,Sales,POS-192,S018,Product Knowledge,Functional,Core,Needs Development,2,Basic,39.1,2.0,17,Not Required,No,DEPARTMENT-003,Commercial Services,ORGANIZATIONAL-UNIT-SAL-TEAM-01,LOC-NORTH,2026-08-01
EMP192,Kashif Hussain,Sales,POS-192,S015,CRM Management,Digital,Core,Needs Development,2,Basic,40.8,3.2,3,Not Required,No,DEPARTMENT-003,Commercial Services,ORGANIZATIONAL-UNIT-SAL-TEAM-01,LOC-NORTH,2026-08-01
EMP192,Kashif Hussain,Sales,POS-192,S042,Communication,Behavioral,Common,Developing,3,Competent,59.0,3.3,9,Not Required,No,DEPARTMENT-003,Commercial Services,ORGANIZATIONAL-UNIT-SAL-TEAM-01,LOC-NORTH,2026-08-01
EMP193,Zain Qureshi,Operations,POS-193,S020,SOP Compliance,Compliance,Core,Developing,3,Competent,59.6,0.4,11,Not Required,Yes,DEPARTMENT-006,Enterprise Operations,ORGANIZATIONAL-UNIT-OPS-TEAM-02,LOC-CENTRAL,2026-08-01
EMP193,Zain Qureshi,Operations,POS-193,S024,Workflow Coordination,Functional,Core,Developing,3,Competent,60.0,0.3,1,Not Required,Yes,DEPARTMENT-006,Enterprise Operations,ORGANIZATIONAL-UNIT-OPS-TEAM-02,LOC-CENTRAL,2026-08-01
EMP193,Zain Qureshi,Operations,POS-193,S022,Quality Control,Functional,Core,Developing,3,Competent,58.7,0.4,8,Not Required,No,DEPARTMENT-006,Enterprise Operations,ORGANIZATIONAL-UNIT-OPS-TEAM-02,LOC-CENTRAL,2026-08-01
EMP193,Zain Qureshi,Operations,POS-193,S029,Advanced Excel,Digital,Core,Needs Development,3,Competent,53.7,0.5,1,Not Certified,No,DEPARTMENT-006,Enterprise Operations,ORGANIZATIONAL-UNIT-OPS-TEAM-02,LOC-CENTRAL,2026-08-01
EMP193,Zain Qureshi,Operations,POS-193,S043,Teamwork,Behavioral,Common,Developing,3,Competent,58.5,0.6,15,Not Required,No,DEPARTMENT-006,Enterprise Operations,ORGANIZATIONAL-UNIT-OPS-TEAM-02,LOC-CENTRAL,2026-08-01
EMP194,Shahid Ahmad,Customer Support,POS-194,S037,Customer Service,Functional,Core,Needs Development,3,Competent,50.1,2.3,11,Not Required,Yes,DEPARTMENT-004,Commercial Services,ORGANIZATIONAL-UNIT-CS-TEAM-03,LOC-CENTRAL,2026-08-01
EMP194,Shahid Ahmad,Customer Support,POS-194,S040,SLA Management,Functional,Core,Needs Development,3,Competent,52.0,1.5,12,Not Required,Yes,DEPARTMENT-004,Commercial Services,ORGANIZATIONAL-UNIT-CS-TEAM-03,LOC-CENTRAL,2026-08-01
EMP194,Shahid Ahmad,Customer Support,POS-194,S015,CRM Management,Digital,Core,Needs Development,3,Competent,51.3,2.6,13,Not Required,No,DEPARTMENT-004,Commercial Services,ORGANIZATIONAL-UNIT-CS-TEAM-03,LOC-CENTRAL,2026-08-01
EMP194,Shahid Ahmad,Customer Support,POS-194,S038,Complaint Resolution,Behavioral,Core,Needs Development,3,Competent,53.8,2.6,12,Not Required,No,DEPARTMENT-004,Commercial Services,ORGANIZATIONAL-UNIT-CS-TEAM-03,LOC-CENTRAL,2026-08-01
EMP194,Shahid Ahmad,Customer Support,POS-194,S042,Communication,Behavioral,Common,Needs Development,3,Competent,48.5,2.2,11,Not Required,No,DEPARTMENT-004,Commercial Services,ORGANIZATIONAL-UNIT-CS-TEAM-03,LOC-CENTRAL,2026-08-01
EMP195,Mohsin Khan,Engineering,POS-195,S005,System Design,Technical,Core,Verified,5,Expert,96.2,5.8,11,Not Required,Yes,DEPARTMENT-005,Technology and Innovation,ORGANIZATIONAL-UNIT-ENG,LOC-HQ,2026-08-01
EMP195,Mohsin Khan,Engineering,POS-195,S050,Project Management,Leadership,Common,Verified,5,Expert,96.9,10.3,5,Certified,Yes,DEPARTMENT-005,Technology and Innovation,ORGANIZATIONAL-UNIT-ENG,LOC-HQ,2026-08-01
EMP195,Mohsin Khan,Engineering,POS-195,S046,Leadership,Leadership,Leadership,Developing,5,Expert,100.0,7.8,13,Not Required,No,DEPARTMENT-005,Technology and Innovation,ORGANIZATIONAL-UNIT-ENG,LOC-HQ,2026-08-01
EMP195,Mohsin Khan,Engineering,POS-195,S045,Stakeholder Management,Behavioral,Leadership,Developing,5,Expert,95.9,9.7,15,Not Required,No,DEPARTMENT-005,Technology and Innovation,ORGANIZATIONAL-UNIT-ENG,LOC-HQ,2026-08-01
EMP195,Mohsin Khan,Engineering,POS-195,S006,DevOps & CI/CD,Technical,Digital,Verified,5,Expert,93.4,8.6,8,Certified,No,DEPARTMENT-005,Technology and Innovation,ORGANIZATIONAL-UNIT-ENG,LOC-HQ,2026-08-01
EMP196,Mohsin Abbasi,Engineering,POS-196,S001,Python Programming,Technical,Core,Verified,4,Advanced,78.6,4.7,1,Not Required,Yes,DEPARTMENT-005,Technology and Innovation,ORGANIZATIONAL-UNIT-ENG-TEAM-02,LOC-HQ,2026-08-01
EMP196,Mohsin Abbasi,Engineering,POS-196,S002,SQL & Databases,Technical,Core,Verified,4,Advanced,75.9,3.6,9,Not Required,Yes,DEPARTMENT-005,Technology and Innovation,ORGANIZATIONAL-UNIT-ENG-TEAM-02,LOC-HQ,2026-08-01
EMP196,Mohsin Abbasi,Engineering,POS-196,S003,API Development,Technical,Core,Developing,3,Competent,58.0,4.3,8,Not Required,No,DEPARTMENT-005,Technology and Innovation,ORGANIZATIONAL-UNIT-ENG-TEAM-02,LOC-HQ,2026-08-01
EMP196,Mohsin Abbasi,Engineering,POS-196,S004,Software Testing,Technical,Core,Developing,4,Advanced,75.1,3.4,18,Not Required,No,DEPARTMENT-005,Technology and Innovation,ORGANIZATIONAL-UNIT-ENG-TEAM-02,LOC-HQ,2026-08-01
EMP196,Mohsin Abbasi,Engineering,POS-196,S044,Problem Solving,Behavioral,Common,Developing,4,Advanced,76.0,2.7,17,Not Required,No,DEPARTMENT-005,Technology and Innovation,ORGANIZATIONAL-UNIT-ENG-TEAM-02,LOC-HQ,2026-08-01
EMP197,Zeeshan Qureshi,HR,POS-197,S046,Leadership,Leadership,Leadership,Verified,4,Advanced,73.1,7.0,6,Not Required,Yes,DEPARTMENT-001,Corporate Services,ORGANIZATIONAL-UNIT-HR,LOC-HQ,2026-08-01
EMP197,Zeeshan Qureshi,HR,POS-197,S033,Performance Management,Functional,Core,Developing,4,Advanced,68.5,9.9,17,Not Required,Yes,DEPARTMENT-001,Corporate Services,ORGANIZATIONAL-UNIT-HR,LOC-HQ,2026-08-01
EMP197,Zeeshan Qureshi,HR,POS-197,S034,Employee Relations,Behavioral,Core,Developing,4,Advanced,74.5,8.5,15,Not Required,No,DEPARTMENT-001,Corporate Services,ORGANIZATIONAL-UNIT-HR,LOC-HQ,2026-08-01
EMP197,Zeeshan Qureshi,HR,POS-197,S035,Learning & Development,Functional,Core,Verified,5,Expert,86.2,9.8,10,Not Required,No,DEPARTMENT-001,Corporate Services,ORGANIZATIONAL-UNIT-HR,LOC-HQ,2026-08-01
EMP197,Zeeshan Qureshi,HR,POS-197,S045,Stakeholder Management,Behavioral,Leadership,Developing,4,Advanced,75.3,5.6,16,Not Required,No,DEPARTMENT-001,Corporate Services,ORGANIZATIONAL-UNIT-HR,LOC-HQ,2026-08-01
EMP198,Ali Tariq,Operations,POS-198,S020,SOP Compliance,Compliance,Core,Needs Development,2,Basic,35.0,0.8,11,Not Required,Yes,DEPARTMENT-006,Enterprise Operations,ORGANIZATIONAL-UNIT-OPS-TEAM-01,LOC-CENTRAL,2026-08-01
EMP198,Ali Tariq,Operations,POS-198,S024,Workflow Coordination,Functional,Core,Needs Development,2,Basic,35.0,1.3,18,Not Required,Yes,DEPARTMENT-006,Enterprise Operations,ORGANIZATIONAL-UNIT-OPS-TEAM-01,LOC-CENTRAL,2026-08-01
EMP198,Ali Tariq,Operations,POS-198,S022,Quality Control,Functional,Core,Needs Development,2,Basic,36.0,0.7,2,Not Required,No,DEPARTMENT-006,Enterprise Operations,ORGANIZATIONAL-UNIT-OPS-TEAM-01,LOC-CENTRAL,2026-08-01
EMP198,Ali Tariq,Operations,POS-198,S029,Advanced Excel,Digital,Core,Needs Development,2,Basic,35.0,1.0,13,Not Certified,No,DEPARTMENT-006,Enterprise Operations,ORGANIZATIONAL-UNIT-OPS-TEAM-01,LOC-CENTRAL,2026-08-01
EMP198,Ali Tariq,Operations,POS-198,S043,Teamwork,Behavioral,Common,Needs Development,2,Basic,35.0,0.9,18,Not Required,No,DEPARTMENT-006,Enterprise Operations,ORGANIZATIONAL-UNIT-OPS-TEAM-01,LOC-CENTRAL,2026-08-01
EMP199,Zara Tariq,Customer Support,POS-199,S037,Customer Service,Functional,Core,Developing,3,Competent,70.9,3.0,18,Not Required,Yes,DEPARTMENT-004,Commercial Services,ORGANIZATIONAL-UNIT-CS-TEAM-02,LOC-CENTRAL,2026-08-01
EMP199,Zara Tariq,Customer Support,POS-199,S038,Complaint Resolution,Behavioral,Core,Developing,3,Competent,65.3,3.3,13,Not Required,Yes,DEPARTMENT-004,Commercial Services,ORGANIZATIONAL-UNIT-CS-TEAM-02,LOC-CENTRAL,2026-08-01
EMP199,Zara Tariq,Customer Support,POS-199,S039,Call Handling,Functional,Core,Needs Development,3,Competent,53.7,2.4,2,Not Required,No,DEPARTMENT-004,Commercial Services,ORGANIZATIONAL-UNIT-CS-TEAM-02,LOC-CENTRAL,2026-08-01
EMP199,Zara Tariq,Customer Support,POS-199,S018,Product Knowledge,Functional,Core,Developing,3,Competent,60.6,2.2,2,Not Required,No,DEPARTMENT-004,Commercial Services,ORGANIZATIONAL-UNIT-CS-TEAM-02,LOC-CENTRAL,2026-08-01
EMP199,Zara Tariq,Customer Support,POS-199,S051,Empathy & Active Listening,Behavioral,Common,Developing,3,Competent,59.0,3.3,13,Not Required,No,DEPARTMENT-004,Commercial Services,ORGANIZATIONAL-UNIT-CS-TEAM-02,LOC-CENTRAL,2026-08-01
EMP200,Ahmad Abbasi,Customer Support,POS-200,S037,Customer Service,Functional,Core,Developing,3,Competent,57.4,4.2,6,Not Required,Yes,DEPARTMENT-004,Commercial Services,ORGANIZATIONAL-UNIT-CS-TEAM-03,LOC-CENTRAL,2026-08-01
EMP200,Ahmad Abbasi,Customer Support,POS-200,S040,SLA Management,Functional,Core,Developing,4,Advanced,69.9,2.6,3,Not Required,Yes,DEPARTMENT-004,Commercial Services,ORGANIZATIONAL-UNIT-CS-TEAM-03,LOC-CENTRAL,2026-08-01
EMP200,Ahmad Abbasi,Customer Support,POS-200,S015,CRM Management,Digital,Core,Needs Development,3,Competent,51.0,3.6,14,Not Required,No,DEPARTMENT-004,Commercial Services,ORGANIZATIONAL-UNIT-CS-TEAM-03,LOC-CENTRAL,2026-08-01
EMP200,Ahmad Abbasi,Customer Support,POS-200,S038,Complaint Resolution,Behavioral,Core,Needs Development,3,Competent,49.1,3.0,8,Not Required,No,DEPARTMENT-004,Commercial Services,ORGANIZATIONAL-UNIT-CS-TEAM-03,LOC-CENTRAL,2026-08-01
EMP200,Ahmad Abbasi,Customer Support,POS-200,S042,Communication,Behavioral,Common,Needs Development,3,Competent,51.4,3.0,18,Not Required,No,DEPARTMENT-004,Commercial Services,ORGANIZATIONAL-UNIT-CS-TEAM-03,LOC-CENTRAL,2026-08-01
EMP201,Taha Saeed,HR,EXEC-HR-HEAD,S033,Performance Management,Functional,Core,Current,4,Advanced,95.6,11.5,6,Not Required,Yes,DEPARTMENT-001,Corporate Services,ORGANIZATIONAL-UNIT-HR,LOC-HQ,2026-08-01
EMP201,Taha Saeed,HR,EXEC-HR-HEAD,S046,Leadership,Leadership,Leadership,Current,5,Expert,96.9,13.0,0,Certified,No,DEPARTMENT-001,Corporate Services,ORGANIZATIONAL-UNIT-HR,LOC-HQ,2026-08-01
EMP201,Taha Saeed,HR,EXEC-HR-HEAD,S042,Communication,Behavioral,Common,Current,4,Advanced,82.1,11.9,1,Not Required,No,DEPARTMENT-001,Corporate Services,ORGANIZATIONAL-UNIT-HR,LOC-HQ,2026-08-01
EMP201,Taha Saeed,HR,EXEC-HR-HEAD,S035,Learning & Development,Functional,Core,Current,5,Expert,100,11.0,5,Not Required,No,DEPARTMENT-001,Corporate Services,ORGANIZATIONAL-UNIT-HR,LOC-HQ,2026-08-01
EMP201,Taha Saeed,HR,EXEC-HR-HEAD,S036,Payroll Administration,Functional,Core,Current,4,Advanced,86.6,11.3,5,Not Required,No,DEPARTMENT-001,Corporate Services,ORGANIZATIONAL-UNIT-HR,LOC-HQ,2026-08-01
EMP202,Usman Hashmi,HR,POS-201,S036,Payroll Administration,Functional,Core,Current,5,Expert,97.4,5.9,12,Not Required,Yes,DEPARTMENT-001,Corporate Services,ORGANIZATIONAL-UNIT-HR,LOC-HQ,2026-08-01
EMP202,Usman Hashmi,HR,POS-201,S032,HRIS & Employee Data,Digital,Core,Current,4,Advanced,92.9,7.4,14,Certified,No,DEPARTMENT-001,Corporate Services,ORGANIZATIONAL-UNIT-HR,LOC-HQ,2026-08-01
EMP202,Usman Hashmi,HR,POS-201,S042,Communication,Behavioral,Common,Current,3,Proficient,74.9,5.9,16,Certified,No,DEPARTMENT-001,Corporate Services,ORGANIZATIONAL-UNIT-HR,LOC-HQ,2026-08-01
EMP202,Usman Hashmi,HR,POS-201,S045,Stakeholder Management,Behavioral,Leadership,Current,5,Expert,95.7,7.3,13,Certified,No,DEPARTMENT-001,Corporate Services,ORGANIZATIONAL-UNIT-HR,LOC-HQ,2026-08-01
EMP202,Usman Hashmi,HR,POS-201,S035,Learning & Development,Functional,Core,Current,4,Advanced,85.8,8.2,0,Not Required,No,DEPARTMENT-001,Corporate Services,ORGANIZATIONAL-UNIT-HR,LOC-HQ,2026-08-01
EMP203,Zainab Awan,HR,POS-202,S045,Stakeholder Management,Behavioral,Leadership,Current,4,Advanced,81.1,9.7,18,Planned,Yes,DEPARTMENT-001,Corporate Services,ORGANIZATIONAL-UNIT-HR,LOC-HQ,2026-08-01
EMP203,Zainab Awan,HR,POS-202,S035,Learning & Development,Functional,Core,Current,3,Proficient,73.9,8.5,10,Not Required,No,DEPARTMENT-001,Corporate Services,ORGANIZATIONAL-UNIT-HR,LOC-HQ,2026-08-01
EMP203,Zainab Awan,HR,POS-202,S032,HRIS & Employee Data,Digital,Core,Current,4,Advanced,80.6,8.9,12,Not Required,No,DEPARTMENT-001,Corporate Services,ORGANIZATIONAL-UNIT-HR,LOC-HQ,2026-08-01
EMP203,Zainab Awan,HR,POS-202,S034,Employee Relations,Behavioral,Core,Current,4,Advanced,83.0,9.6,14,Not Required,No,DEPARTMENT-001,Corporate Services,ORGANIZATIONAL-UNIT-HR,LOC-HQ,2026-08-01
EMP203,Zainab Awan,HR,POS-202,S036,Payroll Administration,Functional,Core,Current,4,Advanced,77.9,9.2,5,Not Required,No,DEPARTMENT-001,Corporate Services,ORGANIZATIONAL-UNIT-HR,LOC-HQ,2026-08-01
EMP204,Mahnoor Khan,HR,POS-203,S031,Recruitment & Selection,Functional,Core,Current,4,Advanced,83.1,6.7,1,Not Required,Yes,DEPARTMENT-001,Corporate Services,ORGANIZATIONAL-UNIT-HR-TEAM-01,LOC-HQ,2026-08-01
EMP204,Mahnoor Khan,HR,POS-203,S046,Leadership,Leadership,Leadership,Current,3,Proficient,70.4,4.4,12,Not Required,No,DEPARTMENT-001,Corporate Services,ORGANIZATIONAL-UNIT-HR-TEAM-01,LOC-HQ,2026-08-01
EMP204,Mahnoor Khan,HR,POS-203,S033,Performance Management,Functional,Core,Current,4,Advanced,80.6,5.8,6,Not Required,No,DEPARTMENT-001,Corporate Services,ORGANIZATIONAL-UNIT-HR-TEAM-01,LOC-HQ,2026-08-01
EMP204,Mahnoor Khan,HR,POS-203,S049,Data Analysis,Digital,Common,Current,5,Expert,86.9,5.6,5,Planned,No,DEPARTMENT-001,Corporate Services,ORGANIZATIONAL-UNIT-HR-TEAM-01,LOC-HQ,2026-08-01
EMP204,Mahnoor Khan,HR,POS-203,S042,Communication,Behavioral,Common,Current,4,Advanced,79.3,5.8,17,Not Required,No,DEPARTMENT-001,Corporate Services,ORGANIZATIONAL-UNIT-HR-TEAM-01,LOC-HQ,2026-08-01
EMP205,Farhan Nadeem,HR,POS-204,S031,Recruitment & Selection,Functional,Core,Current,4,Advanced,81.0,9.6,6,Not Required,Yes,DEPARTMENT-001,Corporate Services,ORGANIZATIONAL-UNIT-HR-TEAM-03,LOC-HQ,2026-08-01
EMP205,Farhan Nadeem,HR,POS-204,S049,Data Analysis,Digital,Common,Current,5,Expert,95.0,9.6,15,Not Required,No,DEPARTMENT-001,Corporate Services,ORGANIZATIONAL-UNIT-HR-TEAM-03,LOC-HQ,2026-08-01
EMP205,Farhan Nadeem,HR,POS-204,S032,HRIS & Employee Data,Digital,Core,Current,4,Advanced,89.6,11.6,7,Certified,No,DEPARTMENT-001,Corporate Services,ORGANIZATIONAL-UNIT-HR-TEAM-03,LOC-HQ,2026-08-01
EMP205,Farhan Nadeem,HR,POS-204,S035,Learning & Development,Functional,Core,Current,5,Expert,95.8,10.4,15,Not Required,No,DEPARTMENT-001,Corporate Services,ORGANIZATIONAL-UNIT-HR-TEAM-03,LOC-HQ,2026-08-01
EMP205,Farhan Nadeem,HR,POS-204,S042,Communication,Behavioral,Common,Current,3,Proficient,74.8,9.6,6,Not Required,No,DEPARTMENT-001,Corporate Services,ORGANIZATIONAL-UNIT-HR-TEAM-03,LOC-HQ,2026-08-01
EMP206,Minal Abbasi,HR,POS-205,S035,Learning & Development,Functional,Core,Current,4,Advanced,94.1,11.0,13,Planned,Yes,DEPARTMENT-001,Corporate Services,ORGANIZATIONAL-UNIT-HR-TEAM-03,LOC-HQ,2026-08-01
EMP206,Minal Abbasi,HR,POS-205,S033,Performance Management,Functional,Core,Current,4,Advanced,89.8,10.6,3,Not Required,No,DEPARTMENT-001,Corporate Services,ORGANIZATIONAL-UNIT-HR-TEAM-03,LOC-HQ,2026-08-01
EMP206,Minal Abbasi,HR,POS-205,S045,Stakeholder Management,Behavioral,Leadership,Current,3,Proficient,73.4,10.4,7,Planned,No,DEPARTMENT-001,Corporate Services,ORGANIZATIONAL-UNIT-HR-TEAM-03,LOC-HQ,2026-08-01
EMP206,Minal Abbasi,HR,POS-205,S031,Recruitment & Selection,Functional,Core,Current,3,Proficient,80.3,9.7,8,Certified,No,DEPARTMENT-001,Corporate Services,ORGANIZATIONAL-UNIT-HR-TEAM-03,LOC-HQ,2026-08-01
EMP206,Minal Abbasi,HR,POS-205,S042,Communication,Behavioral,Common,Current,4,Advanced,82.3,9.3,18,Not Required,No,DEPARTMENT-001,Corporate Services,ORGANIZATIONAL-UNIT-HR-TEAM-03,LOC-HQ,2026-08-01
EMP207,Nida Sultan,HR,POS-206,S035,Learning & Development,Functional,Core,Current,4,Advanced,83.1,3.1,5,Certified,Yes,DEPARTMENT-001,Corporate Services,ORGANIZATIONAL-UNIT-HR-TEAM-01,LOC-HQ,2026-08-01
EMP207,Nida Sultan,HR,POS-206,S049,Data Analysis,Digital,Common,Developing,2,Developing,76.7,3.8,15,Certified,No,DEPARTMENT-001,Corporate Services,ORGANIZATIONAL-UNIT-HR-TEAM-01,LOC-HQ,2026-08-01
EMP207,Nida Sultan,HR,POS-206,S032,HRIS & Employee Data,Digital,Core,Current,5,Expert,89.8,3.2,8,Not Required,No,DEPARTMENT-001,Corporate Services,ORGANIZATIONAL-UNIT-HR-TEAM-01,LOC-HQ,2026-08-01
EMP207,Nida Sultan,HR,POS-206,S036,Payroll Administration,Functional,Core,Current,3,Proficient,72.0,3.0,4,Certified,No,DEPARTMENT-001,Corporate Services,ORGANIZATIONAL-UNIT-HR-TEAM-01,LOC-HQ,2026-08-01
EMP207,Nida Sultan,HR,POS-206,S046,Leadership,Leadership,Leadership,Developing,2,Developing,75.8,3.5,1,Planned,No,DEPARTMENT-001,Corporate Services,ORGANIZATIONAL-UNIT-HR-TEAM-01,LOC-HQ,2026-08-01
EMP208,Omar Rauf,HR,POS-207,S035,Learning & Development,Functional,Core,Current,3,Proficient,65.6,8.0,17,Not Required,Yes,DEPARTMENT-001,Corporate Services,ORGANIZATIONAL-UNIT-HR-TEAM-02,LOC-HQ,2026-08-01
EMP208,Omar Rauf,HR,POS-207,S046,Leadership,Leadership,Leadership,Current,5,Expert,84.9,8.5,9,Certified,No,DEPARTMENT-001,Corporate Services,ORGANIZATIONAL-UNIT-HR-TEAM-02,LOC-HQ,2026-08-01
EMP208,Omar Rauf,HR,POS-207,S031,Recruitment & Selection,Functional,Core,Current,5,Expert,93.1,8.5,17,Certified,No,DEPARTMENT-001,Corporate Services,ORGANIZATIONAL-UNIT-HR-TEAM-02,LOC-HQ,2026-08-01
EMP208,Omar Rauf,HR,POS-207,S033,Performance Management,Functional,Core,Current,5,Expert,96.1,8.8,13,Not Required,No,DEPARTMENT-001,Corporate Services,ORGANIZATIONAL-UNIT-HR-TEAM-02,LOC-HQ,2026-08-01
EMP208,Omar Rauf,HR,POS-207,S032,HRIS & Employee Data,Digital,Core,Current,4,Advanced,79.8,9.4,0,Not Required,No,DEPARTMENT-001,Corporate Services,ORGANIZATIONAL-UNIT-HR-TEAM-02,LOC-HQ,2026-08-01
EMP209,Adnan Aziz,HR,POS-208,S032,HRIS & Employee Data,Digital,Core,Current,4,Advanced,85.6,6.2,15,Not Required,Yes,DEPARTMENT-001,Corporate Services,ORGANIZATIONAL-UNIT-HR-TEAM-01,LOC-HQ,2026-08-01
EMP209,Adnan Aziz,HR,POS-208,S034,Employee Relations,Behavioral,Core,Current,5,Expert,100,5.3,0,Not Required,No,DEPARTMENT-001,Corporate Services,ORGANIZATIONAL-UNIT-HR-TEAM-01,LOC-HQ,2026-08-01
EMP209,Adnan Aziz,HR,POS-208,S045,Stakeholder Management,Behavioral,Leadership,Developing,2,Developing,67.6,5.7,1,Not Required,No,DEPARTMENT-001,Corporate Services,ORGANIZATIONAL-UNIT-HR-TEAM-01,LOC-HQ,2026-08-01
EMP209,Adnan Aziz,HR,POS-208,S036,Payroll Administration,Functional,Core,Current,3,Proficient,71.0,5.2,7,Planned,No,DEPARTMENT-001,Corporate Services,ORGANIZATIONAL-UNIT-HR-TEAM-01,LOC-HQ,2026-08-01
EMP209,Adnan Aziz,HR,POS-208,S049,Data Analysis,Digital,Common,Current,3,Proficient,71.2,5.0,3,Certified,No,DEPARTMENT-001,Corporate Services,ORGANIZATIONAL-UNIT-HR-TEAM-01,LOC-HQ,2026-08-01
EMP210,Maha Latif,HR,POS-209,S045,Stakeholder Management,Behavioral,Leadership,Current,4,Advanced,79.5,3.9,5,Not Required,Yes,DEPARTMENT-001,Corporate Services,ORGANIZATIONAL-UNIT-HR-TEAM-03,LOC-HQ,2026-08-01
EMP210,Maha Latif,HR,POS-209,S031,Recruitment & Selection,Functional,Core,Current,5,Expert,100,2.8,18,Not Required,No,DEPARTMENT-001,Corporate Services,ORGANIZATIONAL-UNIT-HR-TEAM-03,LOC-HQ,2026-08-01
EMP210,Maha Latif,HR,POS-209,S032,HRIS & Employee Data,Digital,Core,Current,5,Expert,94.9,2.9,17,Not Required,No,DEPARTMENT-001,Corporate Services,ORGANIZATIONAL-UNIT-HR-TEAM-03,LOC-HQ,2026-08-01
EMP210,Maha Latif,HR,POS-209,S034,Employee Relations,Behavioral,Core,Developing,2,Developing,67.7,2.2,2,Not Required,No,DEPARTMENT-001,Corporate Services,ORGANIZATIONAL-UNIT-HR-TEAM-03,LOC-HQ,2026-08-01
EMP210,Maha Latif,HR,POS-209,S046,Leadership,Leadership,Leadership,Current,5,Expert,88.8,3.5,16,Not Required,No,DEPARTMENT-001,Corporate Services,ORGANIZATIONAL-UNIT-HR-TEAM-03,LOC-HQ,2026-08-01
EMP211,Adnan Abbasi,HR,POS-210,S036,Payroll Administration,Functional,Core,Current,4,Advanced,89.6,7.0,13,Certified,Yes,DEPARTMENT-001,Corporate Services,ORGANIZATIONAL-UNIT-HR-TEAM-01,LOC-HQ,2026-08-01
EMP211,Adnan Abbasi,HR,POS-210,S035,Learning & Development,Functional,Core,Current,3,Proficient,74.5,7.2,11,Not Required,No,DEPARTMENT-001,Corporate Services,ORGANIZATIONAL-UNIT-HR-TEAM-01,LOC-HQ,2026-08-01
EMP211,Adnan Abbasi,HR,POS-210,S045,Stakeholder Management,Behavioral,Leadership,Current,5,Expert,100,5.6,1,Not Required,No,DEPARTMENT-001,Corporate Services,ORGANIZATIONAL-UNIT-HR-TEAM-01,LOC-HQ,2026-08-01
EMP211,Adnan Abbasi,HR,POS-210,S046,Leadership,Leadership,Leadership,Current,4,Advanced,83.4,7.2,1,Not Required,No,DEPARTMENT-001,Corporate Services,ORGANIZATIONAL-UNIT-HR-TEAM-01,LOC-HQ,2026-08-01
EMP211,Adnan Abbasi,HR,POS-210,S031,Recruitment & Selection,Functional,Core,Current,3,Proficient,80.7,5.8,12,Planned,No,DEPARTMENT-001,Corporate Services,ORGANIZATIONAL-UNIT-HR-TEAM-01,LOC-HQ,2026-08-01
EMP212,Talha Saleem,HR,POS-211,S046,Leadership,Leadership,Leadership,Current,4,Advanced,94.4,7.0,3,Not Required,Yes,DEPARTMENT-001,Corporate Services,ORGANIZATIONAL-UNIT-HR-TEAM-01,LOC-HQ,2026-08-01
EMP212,Talha Saleem,HR,POS-211,S032,HRIS & Employee Data,Digital,Core,Developing,2,Developing,64.3,6.3,9,Certified,No,DEPARTMENT-001,Corporate Services,ORGANIZATIONAL-UNIT-HR-TEAM-01,LOC-HQ,2026-08-01
EMP212,Talha Saleem,HR,POS-211,S045,Stakeholder Management,Behavioral,Leadership,Current,3,Proficient,80.4,8.1,0,Planned,No,DEPARTMENT-001,Corporate Services,ORGANIZATIONAL-UNIT-HR-TEAM-01,LOC-HQ,2026-08-01
EMP212,Talha Saleem,HR,POS-211,S034,Employee Relations,Behavioral,Core,Current,3,Proficient,68.9,5.7,14,Not Required,No,DEPARTMENT-001,Corporate Services,ORGANIZATIONAL-UNIT-HR-TEAM-01,LOC-HQ,2026-08-01
EMP212,Talha Saleem,HR,POS-211,S042,Communication,Behavioral,Common,Current,5,Expert,97.7,6.1,11,Not Required,No,DEPARTMENT-001,Corporate Services,ORGANIZATIONAL-UNIT-HR-TEAM-01,LOC-HQ,2026-08-01
EMP213,Talha Khalid,HR,POS-212,S032,HRIS & Employee Data,Digital,Core,Current,3,Proficient,73.4,7.3,8,Not Required,Yes,DEPARTMENT-001,Corporate Services,ORGANIZATIONAL-UNIT-HR-TEAM-01,LOC-HQ,2026-08-01
EMP213,Talha Khalid,HR,POS-212,S033,Performance Management,Functional,Core,Current,4,Advanced,66.9,8.2,12,Certified,No,DEPARTMENT-001,Corporate Services,ORGANIZATIONAL-UNIT-HR-TEAM-01,LOC-HQ,2026-08-01
EMP213,Talha Khalid,HR,POS-212,S049,Data Analysis,Digital,Common,Current,3,Proficient,78.1,8.7,13,Certified,No,DEPARTMENT-001,Corporate Services,ORGANIZATIONAL-UNIT-HR-TEAM-01,LOC-HQ,2026-08-01
EMP213,Talha Khalid,HR,POS-212,S045,Stakeholder Management,Behavioral,Leadership,Current,5,Expert,79.4,6.8,1,Certified,No,DEPARTMENT-001,Corporate Services,ORGANIZATIONAL-UNIT-HR-TEAM-01,LOC-HQ,2026-08-01
EMP213,Talha Khalid,HR,POS-212,S042,Communication,Behavioral,Common,Developing,2,Developing,67.0,6.2,9,Not Required,No,DEPARTMENT-001,Corporate Services,ORGANIZATIONAL-UNIT-HR-TEAM-01,LOC-HQ,2026-08-01
EMP214,Talha Ejaz,HR,POS-213,S042,Communication,Behavioral,Common,Developing,2,Developing,45.8,3.1,12,Not Required,Yes,DEPARTMENT-001,Corporate Services,ORGANIZATIONAL-UNIT-HR-TEAM-03,LOC-HQ,2026-08-01
EMP214,Talha Ejaz,HR,POS-213,S035,Learning & Development,Functional,Core,Current,3,Proficient,74.4,3.8,6,Not Required,No,DEPARTMENT-001,Corporate Services,ORGANIZATIONAL-UNIT-HR-TEAM-03,LOC-HQ,2026-08-01
EMP214,Talha Ejaz,HR,POS-213,S031,Recruitment & Selection,Functional,Core,Developing,2,Developing,51.1,2.5,5,Planned,No,DEPARTMENT-001,Corporate Services,ORGANIZATIONAL-UNIT-HR-TEAM-03,LOC-HQ,2026-08-01
EMP214,Talha Ejaz,HR,POS-213,S036,Payroll Administration,Functional,Core,Current,4,Advanced,86.4,3.6,14,Certified,No,DEPARTMENT-001,Corporate Services,ORGANIZATIONAL-UNIT-HR-TEAM-03,LOC-HQ,2026-08-01
EMP214,Talha Ejaz,HR,POS-213,S049,Data Analysis,Digital,Common,Current,3,Proficient,69.7,3.9,18,Not Required,No,DEPARTMENT-001,Corporate Services,ORGANIZATIONAL-UNIT-HR-TEAM-03,LOC-HQ,2026-08-01
EMP215,Mehwish Baig,HR,POS-214,S046,Leadership,Leadership,Leadership,Developing,2,Developing,71.1,2.8,15,Not Required,Yes,DEPARTMENT-001,Corporate Services,ORGANIZATIONAL-UNIT-HR-TEAM-01,LOC-HQ,2026-08-01
EMP215,Mehwish Baig,HR,POS-214,S049,Data Analysis,Digital,Common,Developing,2,Developing,70.1,2.3,15,Not Required,No,DEPARTMENT-001,Corporate Services,ORGANIZATIONAL-UNIT-HR-TEAM-01,LOC-HQ,2026-08-01
EMP215,Mehwish Baig,HR,POS-214,S034,Employee Relations,Behavioral,Core,Current,3,Proficient,80.7,2.7,0,Not Required,No,DEPARTMENT-001,Corporate Services,ORGANIZATIONAL-UNIT-HR-TEAM-01,LOC-HQ,2026-08-01
EMP215,Mehwish Baig,HR,POS-214,S036,Payroll Administration,Functional,Core,Current,4,Advanced,88.0,3.8,14,Planned,No,DEPARTMENT-001,Corporate Services,ORGANIZATIONAL-UNIT-HR-TEAM-01,LOC-HQ,2026-08-01
EMP215,Mehwish Baig,HR,POS-214,S045,Stakeholder Management,Behavioral,Leadership,Developing,2,Developing,62.2,4.9,13,Not Required,No,DEPARTMENT-001,Corporate Services,ORGANIZATIONAL-UNIT-HR-TEAM-01,LOC-HQ,2026-08-01
EMP216,Sana Mahmood,HR,POS-215,S031,Recruitment & Selection,Functional,Core,Developing,2,Developing,61.6,3.2,16,Not Required,Yes,DEPARTMENT-001,Corporate Services,ORGANIZATIONAL-UNIT-HR-TEAM-01,LOC-HQ,2026-08-01
EMP216,Sana Mahmood,HR,POS-215,S033,Performance Management,Functional,Core,Developing,2,Developing,70.1,3.0,17,Not Required,No,DEPARTMENT-001,Corporate Services,ORGANIZATIONAL-UNIT-HR-TEAM-01,LOC-HQ,2026-08-01
EMP216,Sana Mahmood,HR,POS-215,S035,Learning & Development,Functional,Core,Developing,2,Developing,57.6,2.3,14,Not Required,No,DEPARTMENT-001,Corporate Services,ORGANIZATIONAL-UNIT-HR-TEAM-01,LOC-HQ,2026-08-01
EMP216,Sana Mahmood,HR,POS-215,S046,Leadership,Leadership,Leadership,Current,4,Advanced,85.1,4.1,8,Not Required,No,DEPARTMENT-001,Corporate Services,ORGANIZATIONAL-UNIT-HR-TEAM-01,LOC-HQ,2026-08-01
EMP216,Sana Mahmood,HR,POS-215,S034,Employee Relations,Behavioral,Core,Current,3,Proficient,74.8,3.2,6,Certified,No,DEPARTMENT-001,Corporate Services,ORGANIZATIONAL-UNIT-HR-TEAM-01,LOC-HQ,2026-08-01
EMP217,Laiba Qureshi,HR,POS-216,S034,Employee Relations,Behavioral,Core,Developing,2,Developing,66.1,4.6,16,Planned,Yes,DEPARTMENT-001,Corporate Services,ORGANIZATIONAL-UNIT-HR-TEAM-01,LOC-HQ,2026-08-01
EMP217,Laiba Qureshi,HR,POS-216,S032,HRIS & Employee Data,Digital,Core,Current,4,Advanced,82.7,2.7,8,Not Required,No,DEPARTMENT-001,Corporate Services,ORGANIZATIONAL-UNIT-HR-TEAM-01,LOC-HQ,2026-08-01
EMP217,Laiba Qureshi,HR,POS-216,S046,Leadership,Leadership,Leadership,Current,3,Proficient,64.5,4.2,8,Not Required,No,DEPARTMENT-001,Corporate Services,ORGANIZATIONAL-UNIT-HR-TEAM-01,LOC-HQ,2026-08-01
EMP217,Laiba Qureshi,HR,POS-216,S045,Stakeholder Management,Behavioral,Leadership,Developing,2,Developing,62.3,2.7,15,Certified,No,DEPARTMENT-001,Corporate Services,ORGANIZATIONAL-UNIT-HR-TEAM-01,LOC-HQ,2026-08-01
EMP217,Laiba Qureshi,HR,POS-216,S036,Payroll Administration,Functional,Core,Current,3,Proficient,67.4,4.0,8,Certified,No,DEPARTMENT-001,Corporate Services,ORGANIZATIONAL-UNIT-HR-TEAM-01,LOC-HQ,2026-08-01
EMP218,Laiba Zafar,HR,POS-217,S032,HRIS & Employee Data,Digital,Core,Developing,2,Developing,64.6,3.6,8,Certified,Yes,DEPARTMENT-001,Corporate Services,ORGANIZATIONAL-UNIT-HR-TEAM-01,LOC-HQ,2026-08-01
EMP218,Laiba Zafar,HR,POS-217,S045,Stakeholder Management,Behavioral,Leadership,Developing,2,Developing,76.3,4.1,16,Not Required,No,DEPARTMENT-001,Corporate Services,ORGANIZATIONAL-UNIT-HR-TEAM-01,LOC-HQ,2026-08-01
EMP218,Laiba Zafar,HR,POS-217,S035,Learning & Development,Functional,Core,Current,4,Advanced,83.8,3.1,12,Not Required,No,DEPARTMENT-001,Corporate Services,ORGANIZATIONAL-UNIT-HR-TEAM-01,LOC-HQ,2026-08-01
EMP218,Laiba Zafar,HR,POS-217,S031,Recruitment & Selection,Functional,Core,Current,4,Advanced,72.6,2.6,15,Certified,No,DEPARTMENT-001,Corporate Services,ORGANIZATIONAL-UNIT-HR-TEAM-01,LOC-HQ,2026-08-01
EMP218,Laiba Zafar,HR,POS-217,S034,Employee Relations,Behavioral,Core,Developing,2,Developing,67.6,3.8,5,Certified,No,DEPARTMENT-001,Corporate Services,ORGANIZATIONAL-UNIT-HR-TEAM-01,LOC-HQ,2026-08-01
EMP219,Komal Yousaf,HR,POS-218,S031,Recruitment & Selection,Functional,Core,Developing,2,Developing,64.5,3.8,17,Not Required,Yes,DEPARTMENT-001,Corporate Services,ORGANIZATIONAL-UNIT-HR-TEAM-03,LOC-HQ,2026-08-01
EMP219,Komal Yousaf,HR,POS-218,S035,Learning & Development,Functional,Core,Current,4,Advanced,78.7,2.1,8,Certified,No,DEPARTMENT-001,Corporate Services,ORGANIZATIONAL-UNIT-HR-TEAM-03,LOC-HQ,2026-08-01
EMP219,Komal Yousaf,HR,POS-218,S042,Communication,Behavioral,Common,Developing,2,Developing,63.5,3.0,3,Not Required,No,DEPARTMENT-001,Corporate Services,ORGANIZATIONAL-UNIT-HR-TEAM-03,LOC-HQ,2026-08-01
EMP219,Komal Yousaf,HR,POS-218,S046,Leadership,Leadership,Leadership,Current,3,Proficient,74.0,2.9,3,Planned,No,DEPARTMENT-001,Corporate Services,ORGANIZATIONAL-UNIT-HR-TEAM-03,LOC-HQ,2026-08-01
EMP219,Komal Yousaf,HR,POS-218,S045,Stakeholder Management,Behavioral,Leadership,Developing,2,Developing,72.0,4.7,3,Not Required,No,DEPARTMENT-001,Corporate Services,ORGANIZATIONAL-UNIT-HR-TEAM-03,LOC-HQ,2026-08-01
EMP220,Taha Saleem,HR,POS-219,S034,Employee Relations,Behavioral,Core,Current,3,Proficient,73.0,3.0,17,Not Required,Yes,DEPARTMENT-001,Corporate Services,ORGANIZATIONAL-UNIT-HR-TEAM-01,LOC-HQ,2026-08-01
EMP220,Taha Saleem,HR,POS-219,S035,Learning & Development,Functional,Core,Developing,2,Developing,63.8,2.3,14,Not Required,No,DEPARTMENT-001,Corporate Services,ORGANIZATIONAL-UNIT-HR-TEAM-01,LOC-HQ,2026-08-01
EMP220,Taha Saleem,HR,POS-219,S042,Communication,Behavioral,Common,Current,4,Advanced,89.6,3.2,6,Not Required,No,DEPARTMENT-001,Corporate Services,ORGANIZATIONAL-UNIT-HR-TEAM-01,LOC-HQ,2026-08-01
EMP220,Taha Saleem,HR,POS-219,S032,HRIS & Employee Data,Digital,Core,Current,3,Proficient,58.8,3.5,16,Not Required,No,DEPARTMENT-001,Corporate Services,ORGANIZATIONAL-UNIT-HR-TEAM-01,LOC-HQ,2026-08-01
EMP220,Taha Saleem,HR,POS-219,S031,Recruitment & Selection,Functional,Core,Current,3,Proficient,75.6,4.9,10,Not Required,No,DEPARTMENT-001,Corporate Services,ORGANIZATIONAL-UNIT-HR-TEAM-01,LOC-HQ,2026-08-01
EMP221,Anam Akhtar,HR,POS-220,S046,Leadership,Leadership,Leadership,Current,4,Advanced,85.0,5.2,6,Not Required,Yes,DEPARTMENT-001,Corporate Services,ORGANIZATIONAL-UNIT-HR-TEAM-01,LOC-HQ,2026-08-01
EMP221,Anam Akhtar,HR,POS-220,S042,Communication,Behavioral,Common,Current,3,Proficient,79.5,5.6,7,Planned,No,DEPARTMENT-001,Corporate Services,ORGANIZATIONAL-UNIT-HR-TEAM-01,LOC-HQ,2026-08-01
EMP221,Anam Akhtar,HR,POS-220,S035,Learning & Development,Functional,Core,Current,3,Proficient,77.9,4.9,17,Not Required,No,DEPARTMENT-001,Corporate Services,ORGANIZATIONAL-UNIT-HR-TEAM-01,LOC-HQ,2026-08-01
EMP221,Anam Akhtar,HR,POS-220,S049,Data Analysis,Digital,Common,Current,4,Advanced,87.5,4.4,5,Not Required,No,DEPARTMENT-001,Corporate Services,ORGANIZATIONAL-UNIT-HR-TEAM-01,LOC-HQ,2026-08-01
EMP221,Anam Akhtar,HR,POS-220,S034,Employee Relations,Behavioral,Core,Current,4,Advanced,86.2,4.8,9,Not Required,No,DEPARTMENT-001,Corporate Services,ORGANIZATIONAL-UNIT-HR-TEAM-01,LOC-HQ,2026-08-01
EMP222,Farhan Khan,HR,POS-221,S045,Stakeholder Management,Behavioral,Leadership,Developing,2,Developing,66.8,2.6,14,Planned,Yes,DEPARTMENT-001,Corporate Services,ORGANIZATIONAL-UNIT-HR-TEAM-01,LOC-HQ,2026-08-01
EMP222,Farhan Khan,HR,POS-221,S042,Communication,Behavioral,Common,Current,4,Advanced,87.8,0.5,2,Planned,No,DEPARTMENT-001,Corporate Services,ORGANIZATIONAL-UNIT-HR-TEAM-01,LOC-HQ,2026-08-01
EMP222,Farhan Khan,HR,POS-221,S035,Learning & Development,Functional,Core,Current,3,Proficient,80.2,3.3,13,Planned,No,DEPARTMENT-001,Corporate Services,ORGANIZATIONAL-UNIT-HR-TEAM-01,LOC-HQ,2026-08-01
EMP222,Farhan Khan,HR,POS-221,S036,Payroll Administration,Functional,Core,Current,3,Proficient,75.5,0.5,5,Not Required,No,DEPARTMENT-001,Corporate Services,ORGANIZATIONAL-UNIT-HR-TEAM-01,LOC-HQ,2026-08-01
EMP222,Farhan Khan,HR,POS-221,S031,Recruitment & Selection,Functional,Core,Current,4,Advanced,88.6,1.0,0,Not Required,No,DEPARTMENT-001,Corporate Services,ORGANIZATIONAL-UNIT-HR-TEAM-01,LOC-HQ,2026-08-01
EMP223,Talha Mahmood,HR,POS-222,S031,Recruitment & Selection,Functional,Core,Current,3,Proficient,71.2,4.9,9,Planned,Yes,DEPARTMENT-001,Corporate Services,ORGANIZATIONAL-UNIT-HR-TEAM-01,LOC-HQ,2026-08-01
EMP223,Talha Mahmood,HR,POS-222,S042,Communication,Behavioral,Common,Current,4,Advanced,82.1,3.7,7,Not Required,No,DEPARTMENT-001,Corporate Services,ORGANIZATIONAL-UNIT-HR-TEAM-01,LOC-HQ,2026-08-01
EMP223,Talha Mahmood,HR,POS-222,S032,HRIS & Employee Data,Digital,Core,Current,4,Advanced,72.7,4.5,8,Certified,No,DEPARTMENT-001,Corporate Services,ORGANIZATIONAL-UNIT-HR-TEAM-01,LOC-HQ,2026-08-01
EMP223,Talha Mahmood,HR,POS-222,S046,Leadership,Leadership,Leadership,Current,3,Proficient,79.8,4.8,0,Planned,No,DEPARTMENT-001,Corporate Services,ORGANIZATIONAL-UNIT-HR-TEAM-01,LOC-HQ,2026-08-01
EMP223,Talha Mahmood,HR,POS-222,S034,Employee Relations,Behavioral,Core,Current,3,Proficient,66.2,3.3,7,Not Required,No,DEPARTMENT-001,Corporate Services,ORGANIZATIONAL-UNIT-HR-TEAM-01,LOC-HQ,2026-08-01
EMP224,Laiba Ali,HR,POS-223,S045,Stakeholder Management,Behavioral,Leadership,Current,3,Proficient,79.5,3.7,9,Not Required,Yes,DEPARTMENT-001,Corporate Services,ORGANIZATIONAL-UNIT-HR-TEAM-02,LOC-HQ,2026-08-01
EMP224,Laiba Ali,HR,POS-223,S036,Payroll Administration,Functional,Core,Developing,2,Developing,62.2,3.4,15,Planned,No,DEPARTMENT-001,Corporate Services,ORGANIZATIONAL-UNIT-HR-TEAM-02,LOC-HQ,2026-08-01
EMP224,Laiba Ali,HR,POS-223,S046,Leadership,Leadership,Leadership,Developing,2,Developing,71.9,1.5,3,Planned,No,DEPARTMENT-001,Corporate Services,ORGANIZATIONAL-UNIT-HR-TEAM-02,LOC-HQ,2026-08-01
EMP224,Laiba Ali,HR,POS-223,S035,Learning & Development,Functional,Core,Current,3,Proficient,74.9,3.0,0,Not Required,No,DEPARTMENT-001,Corporate Services,ORGANIZATIONAL-UNIT-HR-TEAM-02,LOC-HQ,2026-08-01
EMP224,Laiba Ali,HR,POS-223,S032,HRIS & Employee Data,Digital,Core,Developing,2,Developing,69.1,2.5,2,Not Required,No,DEPARTMENT-001,Corporate Services,ORGANIZATIONAL-UNIT-HR-TEAM-02,LOC-HQ,2026-08-01
EMP225,Noor Rauf,HR,POS-224,S034,Employee Relations,Behavioral,Core,Current,3,Proficient,65.3,1.3,18,Certified,Yes,DEPARTMENT-001,Corporate Services,ORGANIZATIONAL-UNIT-HR-TEAM-02,LOC-HQ,2026-08-01
EMP225,Noor Rauf,HR,POS-224,S046,Leadership,Leadership,Leadership,Current,3,Proficient,74.5,2.5,1,Not Required,No,DEPARTMENT-001,Corporate Services,ORGANIZATIONAL-UNIT-HR-TEAM-02,LOC-HQ,2026-08-01
EMP225,Noor Rauf,HR,POS-224,S033,Performance Management,Functional,Core,Developing,1,Beginner,46.2,3.8,14,Certified,No,DEPARTMENT-001,Corporate Services,ORGANIZATIONAL-UNIT-HR-TEAM-02,LOC-HQ,2026-08-01
EMP225,Noor Rauf,HR,POS-224,S035,Learning & Development,Functional,Core,Developing,2,Developing,72.6,2.1,4,Planned,No,DEPARTMENT-001,Corporate Services,ORGANIZATIONAL-UNIT-HR-TEAM-02,LOC-HQ,2026-08-01
EMP225,Noor Rauf,HR,POS-224,S032,HRIS & Employee Data,Digital,Core,Current,3,Proficient,77.4,1.0,9,Not Required,No,DEPARTMENT-001,Corporate Services,ORGANIZATIONAL-UNIT-HR-TEAM-02,LOC-HQ,2026-08-01
EMP226,Taha Raza,HR,POS-225,S031,Recruitment & Selection,Functional,Core,Developing,2,Developing,68.7,3.4,6,Certified,Yes,DEPARTMENT-001,Corporate Services,ORGANIZATIONAL-UNIT-HR-TEAM-01,LOC-HQ,2026-08-01
EMP226,Taha Raza,HR,POS-225,S034,Employee Relations,Behavioral,Core,Developing,2,Developing,54.3,2.6,14,Certified,No,DEPARTMENT-001,Corporate Services,ORGANIZATIONAL-UNIT-HR-TEAM-01,LOC-HQ,2026-08-01
EMP226,Taha Raza,HR,POS-225,S032,HRIS & Employee Data,Digital,Core,Developing,2,Developing,66.5,2.6,17,Certified,No,DEPARTMENT-001,Corporate Services,ORGANIZATIONAL-UNIT-HR-TEAM-01,LOC-HQ,2026-08-01
EMP226,Taha Raza,HR,POS-225,S033,Performance Management,Functional,Core,Developing,1,Beginner,42.4,2.4,14,Not Required,No,DEPARTMENT-001,Corporate Services,ORGANIZATIONAL-UNIT-HR-TEAM-01,LOC-HQ,2026-08-01
EMP226,Taha Raza,HR,POS-225,S042,Communication,Behavioral,Common,Developing,1,Beginner,57.7,1.4,5,Certified,No,DEPARTMENT-001,Corporate Services,ORGANIZATIONAL-UNIT-HR-TEAM-01,LOC-HQ,2026-08-01
EMP227,Fahad Sheikh,Finance,EXEC-FIN-HEAD,S028,Regulatory Reporting,Compliance,Core,Current,5,Expert,93.2,15.0,11,Certified,Yes,DEPARTMENT-002,Corporate Services,ORGANIZATIONAL-UNIT-FIN,LOC-HQ,2026-08-01
EMP227,Fahad Sheikh,Finance,EXEC-FIN-HEAD,S025,Financial Analysis,Functional,Core,Current,4,Advanced,82.8,13.1,14,Not Required,No,DEPARTMENT-002,Corporate Services,ORGANIZATIONAL-UNIT-FIN,LOC-HQ,2026-08-01
EMP227,Fahad Sheikh,Finance,EXEC-FIN-HEAD,S049,Data Analysis,Digital,Common,Current,4,Advanced,89.7,11.5,12,Certified,No,DEPARTMENT-002,Corporate Services,ORGANIZATIONAL-UNIT-FIN,LOC-HQ,2026-08-01
EMP227,Fahad Sheikh,Finance,EXEC-FIN-HEAD,S045,Stakeholder Management,Behavioral,Leadership,Current,5,Expert,88.5,14.4,4,Not Required,No,DEPARTMENT-002,Corporate Services,ORGANIZATIONAL-UNIT-FIN,LOC-HQ,2026-08-01
EMP227,Fahad Sheikh,Finance,EXEC-FIN-HEAD,S026,Accounting & Reconciliation,Functional,Core,Current,5,Expert,94.2,15.4,11,Certified,No,DEPARTMENT-002,Corporate Services,ORGANIZATIONAL-UNIT-FIN,LOC-HQ,2026-08-01
EMP228,Ahmed Farooq,Finance,POS-226,S026,Accounting & Reconciliation,Functional,Core,Current,3,Proficient,76.1,7.6,15,Planned,Yes,DEPARTMENT-002,Corporate Services,ORGANIZATIONAL-UNIT-FIN,LOC-HQ,2026-08-01
EMP228,Ahmed Farooq,Finance,POS-226,S046,Leadership,Leadership,Leadership,Current,3,Proficient,69.1,6.0,5,Not Required,No,DEPARTMENT-002,Corporate Services,ORGANIZATIONAL-UNIT-FIN,LOC-HQ,2026-08-01
EMP228,Ahmed Farooq,Finance,POS-226,S027,Budgeting & Forecasting,Functional,Core,Current,5,Expert,87.7,5.7,14,Not Required,No,DEPARTMENT-002,Corporate Services,ORGANIZATIONAL-UNIT-FIN,LOC-HQ,2026-08-01
EMP228,Ahmed Farooq,Finance,POS-226,S025,Financial Analysis,Functional,Core,Current,5,Expert,92.6,8.6,6,Planned,No,DEPARTMENT-002,Corporate Services,ORGANIZATIONAL-UNIT-FIN,LOC-HQ,2026-08-01
EMP228,Ahmed Farooq,Finance,POS-226,S028,Regulatory Reporting,Compliance,Core,Current,4,Advanced,80.3,7.1,2,Not Required,No,DEPARTMENT-002,Corporate Services,ORGANIZATIONAL-UNIT-FIN,LOC-HQ,2026-08-01
EMP229,Danish Sultan,Finance,POS-227,S030,Risk Analysis,Functional,Core,Current,5,Expert,81.8,8.0,2,Not Required,Yes,DEPARTMENT-002,Corporate Services,ORGANIZATIONAL-UNIT-FIN,LOC-HQ,2026-08-01
EMP229,Danish Sultan,Finance,POS-227,S049,Data Analysis,Digital,Common,Current,5,Expert,100,9.0,7,Certified,No,DEPARTMENT-002,Corporate Services,ORGANIZATIONAL-UNIT-FIN,LOC-HQ,2026-08-01
EMP229,Danish Sultan,Finance,POS-227,S045,Stakeholder Management,Behavioral,Leadership,Current,4,Advanced,87.8,6.1,3,Not Required,No,DEPARTMENT-002,Corporate Services,ORGANIZATIONAL-UNIT-FIN,LOC-HQ,2026-08-01
EMP229,Danish Sultan,Finance,POS-227,S025,Financial Analysis,Functional,Core,Current,3,Proficient,80.5,8.4,15,Not Required,No,DEPARTMENT-002,Corporate Services,ORGANIZATIONAL-UNIT-FIN,LOC-HQ,2026-08-01
EMP229,Danish Sultan,Finance,POS-227,S053,Documentation,Behavioral,Common,Current,4,Advanced,88.0,8.7,1,Not Required,No,DEPARTMENT-002,Corporate Services,ORGANIZATIONAL-UNIT-FIN,LOC-HQ,2026-08-01
EMP230,Saba Nadeem,Finance,POS-228,S026,Accounting & Reconciliation,Functional,Core,Current,5,Expert,99.1,15.0,4,Not Required,Yes,DEPARTMENT-002,Corporate Services,ORGANIZATIONAL-UNIT-FIN,LOC-HQ,2026-08-01
EMP230,Saba Nadeem,Finance,POS-228,S027,Budgeting & Forecasting,Functional,Core,Current,5,Expert,100,15.8,13,Not Required,No,DEPARTMENT-002,Corporate Services,ORGANIZATIONAL-UNIT-FIN,LOC-HQ,2026-08-01
EMP230,Saba Nadeem,Finance,POS-228,S049,Data Analysis,Digital,Common,Current,4,Advanced,91.6,11.4,3,Planned,No,DEPARTMENT-002,Corporate Services,ORGANIZATIONAL-UNIT-FIN,LOC-HQ,2026-08-01
EMP230,Saba Nadeem,Finance,POS-228,S028,Regulatory Reporting,Compliance,Core,Current,5,Expert,97.4,14.7,18,Not Required,No,DEPARTMENT-002,Corporate Services,ORGANIZATIONAL-UNIT-FIN,LOC-HQ,2026-08-01
EMP230,Saba Nadeem,Finance,POS-228,S053,Documentation,Behavioral,Common,Current,5,Expert,96.4,15.1,8,Not Required,No,DEPARTMENT-002,Corporate Services,ORGANIZATIONAL-UNIT-FIN,LOC-HQ,2026-08-01
EMP231,Ayesha Aziz,Finance,POS-229,S028,Regulatory Reporting,Compliance,Core,Current,4,Advanced,84.1,10.5,4,Not Required,Yes,DEPARTMENT-002,Corporate Services,ORGANIZATIONAL-UNIT-FIN,LOC-HQ,2026-08-01
EMP231,Ayesha Aziz,Finance,POS-229,S027,Budgeting & Forecasting,Functional,Core,Current,3,Proficient,74.1,9.0,8,Not Required,No,DEPARTMENT-002,Corporate Services,ORGANIZATIONAL-UNIT-FIN,LOC-HQ,2026-08-01
EMP231,Ayesha Aziz,Finance,POS-229,S053,Documentation,Behavioral,Common,Current,5,Expert,94.8,10.4,14,Certified,No,DEPARTMENT-002,Corporate Services,ORGANIZATIONAL-UNIT-FIN,LOC-HQ,2026-08-01
EMP231,Ayesha Aziz,Finance,POS-229,S049,Data Analysis,Digital,Common,Current,4,Advanced,88.3,9.5,1,Not Required,No,DEPARTMENT-002,Corporate Services,ORGANIZATIONAL-UNIT-FIN,LOC-HQ,2026-08-01
EMP231,Ayesha Aziz,Finance,POS-229,S046,Leadership,Leadership,Leadership,Current,3,Proficient,67.7,9.1,8,Certified,No,DEPARTMENT-002,Corporate Services,ORGANIZATIONAL-UNIT-FIN,LOC-HQ,2026-08-01
EMP232,Raza Iqbal,Finance,POS-230,S046,Leadership,Leadership,Leadership,Current,4,Advanced,83.2,12.2,6,Certified,Yes,DEPARTMENT-002,Corporate Services,ORGANIZATIONAL-UNIT-FIN,LOC-HQ,2026-08-01
EMP232,Raza Iqbal,Finance,POS-230,S026,Accounting & Reconciliation,Functional,Core,Current,3,Proficient,78.3,8.7,10,Not Required,No,DEPARTMENT-002,Corporate Services,ORGANIZATIONAL-UNIT-FIN,LOC-HQ,2026-08-01
EMP232,Raza Iqbal,Finance,POS-230,S025,Financial Analysis,Functional,Core,Current,5,Expert,100,12.3,15,Not Required,No,DEPARTMENT-002,Corporate Services,ORGANIZATIONAL-UNIT-FIN,LOC-HQ,2026-08-01
EMP232,Raza Iqbal,Finance,POS-230,S030,Risk Analysis,Functional,Core,Current,5,Expert,90.2,11.1,14,Not Required,No,DEPARTMENT-002,Corporate Services,ORGANIZATIONAL-UNIT-FIN,LOC-HQ,2026-08-01
EMP232,Raza Iqbal,Finance,POS-230,S049,Data Analysis,Digital,Common,Current,4,Advanced,81.7,12.0,6,Planned,No,DEPARTMENT-002,Corporate Services,ORGANIZATIONAL-UNIT-FIN,LOC-HQ,2026-08-01
EMP233,Eman Akhtar,Finance,POS-231,S045,Stakeholder Management,Behavioral,Leadership,Current,5,Expert,83.8,5.6,5,Not Required,Yes,DEPARTMENT-002,Corporate Services,ORGANIZATIONAL-UNIT-FIN-TEAM-03,LOC-HQ,2026-08-01
EMP233,Eman Akhtar,Finance,POS-231,S026,Accounting & Reconciliation,Functional,Core,Current,5,Expert,96.7,4.2,1,Certified,No,DEPARTMENT-002,Corporate Services,ORGANIZATIONAL-UNIT-FIN-TEAM-03,LOC-HQ,2026-08-01
EMP233,Eman Akhtar,Finance,POS-231,S030,Risk Analysis,Functional,Core,Current,4,Advanced,80.5,5.4,3,Not Required,No,DEPARTMENT-002,Corporate Services,ORGANIZATIONAL-UNIT-FIN-TEAM-03,LOC-HQ,2026-08-01
EMP233,Eman Akhtar,Finance,POS-231,S046,Leadership,Leadership,Leadership,Current,4,Advanced,84.7,4.4,7,Not Required,No,DEPARTMENT-002,Corporate Services,ORGANIZATIONAL-UNIT-FIN-TEAM-03,LOC-HQ,2026-08-01
EMP233,Eman Akhtar,Finance,POS-231,S029,Advanced Excel,Digital,Core,Current,3,Proficient,61.3,3.9,6,Certified,No,DEPARTMENT-002,Corporate Services,ORGANIZATIONAL-UNIT-FIN-TEAM-03,LOC-HQ,2026-08-01
EMP234,Hira Qureshi,Finance,POS-232,S028,Regulatory Reporting,Compliance,Core,Current,5,Expert,86.7,5.3,12,Not Required,Yes,DEPARTMENT-002,Corporate Services,ORGANIZATIONAL-UNIT-FIN-TEAM-01,LOC-HQ,2026-08-01
EMP234,Hira Qureshi,Finance,POS-232,S046,Leadership,Leadership,Leadership,Current,3,Proficient,72.4,6.6,13,Not Required,No,DEPARTMENT-002,Corporate Services,ORGANIZATIONAL-UNIT-FIN-TEAM-01,LOC-HQ,2026-08-01
EMP234,Hira Qureshi,Finance,POS-232,S045,Stakeholder Management,Behavioral,Leadership,Current,3,Proficient,69.6,4.0,17,Planned,No,DEPARTMENT-002,Corporate Services,ORGANIZATIONAL-UNIT-FIN-TEAM-01,LOC-HQ,2026-08-01
EMP234,Hira Qureshi,Finance,POS-232,S053,Documentation,Behavioral,Common,Current,5,Expert,95.7,5.3,14,Not Required,No,DEPARTMENT-002,Corporate Services,ORGANIZATIONAL-UNIT-FIN-TEAM-01,LOC-HQ,2026-08-01
EMP234,Hira Qureshi,Finance,POS-232,S030,Risk Analysis,Functional,Core,Current,3,Proficient,72.9,5.4,10,Not Required,No,DEPARTMENT-002,Corporate Services,ORGANIZATIONAL-UNIT-FIN-TEAM-01,LOC-HQ,2026-08-01
EMP235,Farhan Munir,Finance,POS-233,S053,Documentation,Behavioral,Common,Current,5,Expert,100,10.1,1,Not Required,Yes,DEPARTMENT-002,Corporate Services,ORGANIZATIONAL-UNIT-FIN-TEAM-02,LOC-HQ,2026-08-01
EMP235,Farhan Munir,Finance,POS-233,S028,Regulatory Reporting,Compliance,Core,Current,3,Proficient,76.5,9.3,14,Planned,No,DEPARTMENT-002,Corporate Services,ORGANIZATIONAL-UNIT-FIN-TEAM-02,LOC-HQ,2026-08-01
EMP235,Farhan Munir,Finance,POS-233,S030,Risk Analysis,Functional,Core,Developing,2,Developing,73.2,6.3,0,Planned,No,DEPARTMENT-002,Corporate Services,ORGANIZATIONAL-UNIT-FIN-TEAM-02,LOC-HQ,2026-08-01
EMP235,Farhan Munir,Finance,POS-233,S029,Advanced Excel,Digital,Core,Current,3,Proficient,71.5,7.3,6,Not Required,No,DEPARTMENT-002,Corporate Services,ORGANIZATIONAL-UNIT-FIN-TEAM-02,LOC-HQ,2026-08-01
EMP235,Farhan Munir,Finance,POS-233,S025,Financial Analysis,Functional,Core,Current,5,Expert,95.0,8.6,2,Planned,No,DEPARTMENT-002,Corporate Services,ORGANIZATIONAL-UNIT-FIN-TEAM-02,LOC-HQ,2026-08-01
EMP236,Anam Nadeem,Finance,POS-234,S029,Advanced Excel,Digital,Core,Current,3,Proficient,74.1,7.9,15,Not Required,Yes,DEPARTMENT-002,Corporate Services,ORGANIZATIONAL-UNIT-FIN-TEAM-02,LOC-HQ,2026-08-01
EMP236,Anam Nadeem,Finance,POS-234,S030,Risk Analysis,Functional,Core,Developing,2,Developing,67.2,6.5,11,Not Required,No,DEPARTMENT-002,Corporate Services,ORGANIZATIONAL-UNIT-FIN-TEAM-02,LOC-HQ,2026-08-01
EMP236,Anam Nadeem,Finance,POS-234,S026,Accounting & Reconciliation,Functional,Core,Current,4,Advanced,85.5,8.1,6,Certified,No,DEPARTMENT-002,Corporate Services,ORGANIZATIONAL-UNIT-FIN-TEAM-02,LOC-HQ,2026-08-01
EMP236,Anam Nadeem,Finance,POS-234,S027,Budgeting & Forecasting,Functional,Core,Current,5,Expert,95.3,5.4,3,Certified,No,DEPARTMENT-002,Corporate Services,ORGANIZATIONAL-UNIT-FIN-TEAM-02,LOC-HQ,2026-08-01
EMP236,Anam Nadeem,Finance,POS-234,S045,Stakeholder Management,Behavioral,Leadership,Current,3,Proficient,87.0,6.7,9,Not Required,No,DEPARTMENT-002,Corporate Services,ORGANIZATIONAL-UNIT-FIN-TEAM-02,LOC-HQ,2026-08-01
EMP237,Areeba Munir,Finance,POS-235,S049,Data Analysis,Digital,Common,Current,3,Proficient,74.0,3.5,2,Certified,Yes,DEPARTMENT-002,Corporate Services,ORGANIZATIONAL-UNIT-FIN-TEAM-03,LOC-HQ,2026-08-01
EMP237,Areeba Munir,Finance,POS-235,S046,Leadership,Leadership,Leadership,Developing,2,Developing,67.0,4.5,14,Planned,No,DEPARTMENT-002,Corporate Services,ORGANIZATIONAL-UNIT-FIN-TEAM-03,LOC-HQ,2026-08-01
EMP237,Areeba Munir,Finance,POS-235,S029,Advanced Excel,Digital,Core,Current,4,Advanced,73.7,6.1,8,Certified,No,DEPARTMENT-002,Corporate Services,ORGANIZATIONAL-UNIT-FIN-TEAM-03,LOC-HQ,2026-08-01
EMP237,Areeba Munir,Finance,POS-235,S025,Financial Analysis,Functional,Core,Developing,2,Developing,57.6,6.0,14,Planned,No,DEPARTMENT-002,Corporate Services,ORGANIZATIONAL-UNIT-FIN-TEAM-03,LOC-HQ,2026-08-01
EMP237,Areeba Munir,Finance,POS-235,S030,Risk Analysis,Functional,Core,Current,3,Proficient,76.0,5.5,8,Planned,No,DEPARTMENT-002,Corporate Services,ORGANIZATIONAL-UNIT-FIN-TEAM-03,LOC-HQ,2026-08-01
EMP238,Kinza Ali,Finance,POS-236,S025,Financial Analysis,Functional,Core,Current,3,Proficient,69.6,1.6,14,Planned,Yes,DEPARTMENT-002,Corporate Services,ORGANIZATIONAL-UNIT-FIN-TEAM-01,LOC-HQ,2026-08-01
EMP238,Kinza Ali,Finance,POS-236,S049,Data Analysis,Digital,Common,Developing,2,Developing,70.4,3.6,13,Not Required,No,DEPARTMENT-002,Corporate Services,ORGANIZATIONAL-UNIT-FIN-TEAM-01,LOC-HQ,2026-08-01
EMP238,Kinza Ali,Finance,POS-236,S030,Risk Analysis,Functional,Core,Developing,2,Developing,70.9,1.8,15,Planned,No,DEPARTMENT-002,Corporate Services,ORGANIZATIONAL-UNIT-FIN-TEAM-01,LOC-HQ,2026-08-01
EMP238,Kinza Ali,Finance,POS-236,S027,Budgeting & Forecasting,Functional,Core,Developing,2,Developing,72.2,3.0,15,Certified,No,DEPARTMENT-002,Corporate Services,ORGANIZATIONAL-UNIT-FIN-TEAM-01,LOC-HQ,2026-08-01
EMP238,Kinza Ali,Finance,POS-236,S046,Leadership,Leadership,Leadership,Current,3,Proficient,67.8,2.5,8,Not Required,No,DEPARTMENT-002,Corporate Services,ORGANIZATIONAL-UNIT-FIN-TEAM-01,LOC-HQ,2026-08-01
EMP239,Komal Sultan,Finance,POS-237,S027,Budgeting & Forecasting,Functional,Core,Developing,2,Developing,71.1,3.8,15,Certified,Yes,DEPARTMENT-002,Corporate Services,ORGANIZATIONAL-UNIT-FIN-TEAM-02,LOC-HQ,2026-08-01
EMP239,Komal Sultan,Finance,POS-237,S030,Risk Analysis,Functional,Core,Current,3,Proficient,88.9,3.0,2,Certified,No,DEPARTMENT-002,Corporate Services,ORGANIZATIONAL-UNIT-FIN-TEAM-02,LOC-HQ,2026-08-01
EMP239,Komal Sultan,Finance,POS-237,S026,Accounting & Reconciliation,Functional,Core,Current,4,Advanced,75.4,3.1,4,Not Required,No,DEPARTMENT-002,Corporate Services,ORGANIZATIONAL-UNIT-FIN-TEAM-02,LOC-HQ,2026-08-01
EMP239,Komal Sultan,Finance,POS-237,S028,Regulatory Reporting,Compliance,Core,Developing,2,Developing,56.5,4.0,8,Planned,No,DEPARTMENT-002,Corporate Services,ORGANIZATIONAL-UNIT-FIN-TEAM-02,LOC-HQ,2026-08-01
EMP239,Komal Sultan,Finance,POS-237,S049,Data Analysis,Digital,Common,Developing,2,Developing,63.8,3.4,15,Not Required,No,DEPARTMENT-002,Corporate Services,ORGANIZATIONAL-UNIT-FIN-TEAM-02,LOC-HQ,2026-08-01
EMP240,Eman Latif,Finance,POS-238,S045,Stakeholder Management,Behavioral,Leadership,Current,4,Advanced,93.5,1.7,0,Planned,Yes,DEPARTMENT-002,Corporate Services,ORGANIZATIONAL-UNIT-FIN-TEAM-01,LOC-HQ,2026-08-01
EMP240,Eman Latif,Finance,POS-238,S030,Risk Analysis,Functional,Core,Current,4,Advanced,94.7,2.8,14,Not Required,No,DEPARTMENT-002,Corporate Services,ORGANIZATIONAL-UNIT-FIN-TEAM-01,LOC-HQ,2026-08-01
EMP240,Eman Latif,Finance,POS-238,S026,Accounting & Reconciliation,Functional,Core,Developing,2,Developing,60.5,3.6,7,Not Required,No,DEPARTMENT-002,Corporate Services,ORGANIZATIONAL-UNIT-FIN-TEAM-01,LOC-HQ,2026-08-01
EMP240,Eman Latif,Finance,POS-238,S046,Leadership,Leadership,Leadership,Current,4,Advanced,85.7,1.5,12,Planned,No,DEPARTMENT-002,Corporate Services,ORGANIZATIONAL-UNIT-FIN-TEAM-01,LOC-HQ,2026-08-01
EMP240,Eman Latif,Finance,POS-238,S028,Regulatory Reporting,Compliance,Core,Current,4,Advanced,82.6,2.1,12,Planned,No,DEPARTMENT-002,Corporate Services,ORGANIZATIONAL-UNIT-FIN-TEAM-01,LOC-HQ,2026-08-01
EMP241,Mahnoor Hameed,Finance,POS-239,S053,Documentation,Behavioral,Common,Current,4,Advanced,87.6,1.6,1,Not Required,Yes,DEPARTMENT-002,Corporate Services,ORGANIZATIONAL-UNIT-FIN-TEAM-02,LOC-HQ,2026-08-01
EMP241,Mahnoor Hameed,Finance,POS-239,S027,Budgeting & Forecasting,Functional,Core,Current,4,Advanced,86.5,3.1,10,Not Required,No,DEPARTMENT-002,Corporate Services,ORGANIZATIONAL-UNIT-FIN-TEAM-02,LOC-HQ,2026-08-01
EMP241,Mahnoor Hameed,Finance,POS-239,S025,Financial Analysis,Functional,Core,Current,4,Advanced,85.8,3.3,4,Not Required,No,DEPARTMENT-002,Corporate Services,ORGANIZATIONAL-UNIT-FIN-TEAM-02,LOC-HQ,2026-08-01
EMP241,Mahnoor Hameed,Finance,POS-239,S045,Stakeholder Management,Behavioral,Leadership,Current,3,Proficient,68.4,1.8,12,Not Required,No,DEPARTMENT-002,Corporate Services,ORGANIZATIONAL-UNIT-FIN-TEAM-02,LOC-HQ,2026-08-01
EMP241,Mahnoor Hameed,Finance,POS-239,S030,Risk Analysis,Functional,Core,Developing,2,Developing,66.5,2.2,5,Not Required,No,DEPARTMENT-002,Corporate Services,ORGANIZATIONAL-UNIT-FIN-TEAM-02,LOC-HQ,2026-08-01
EMP242,Mehwish Dar,Finance,POS-240,S029,Advanced Excel,Digital,Core,Current,3,Proficient,78.1,2.6,10,Not Required,Yes,DEPARTMENT-002,Corporate Services,ORGANIZATIONAL-UNIT-FIN-TEAM-01,LOC-HQ,2026-08-01
EMP242,Mehwish Dar,Finance,POS-240,S046,Leadership,Leadership,Leadership,Current,4,Advanced,82.5,2.5,1,Not Required,No,DEPARTMENT-002,Corporate Services,ORGANIZATIONAL-UNIT-FIN-TEAM-01,LOC-HQ,2026-08-01
EMP242,Mehwish Dar,Finance,POS-240,S053,Documentation,Behavioral,Common,Current,4,Advanced,72.7,3.0,11,Not Required,No,DEPARTMENT-002,Corporate Services,ORGANIZATIONAL-UNIT-FIN-TEAM-01,LOC-HQ,2026-08-01
EMP242,Mehwish Dar,Finance,POS-240,S045,Stakeholder Management,Behavioral,Leadership,Current,3,Proficient,67.5,3.5,17,Planned,No,DEPARTMENT-002,Corporate Services,ORGANIZATIONAL-UNIT-FIN-TEAM-01,LOC-HQ,2026-08-01
EMP242,Mehwish Dar,Finance,POS-240,S025,Financial Analysis,Functional,Core,Developing,2,Developing,72.2,2.1,2,Not Required,No,DEPARTMENT-002,Corporate Services,ORGANIZATIONAL-UNIT-FIN-TEAM-01,LOC-HQ,2026-08-01
EMP243,Mehwish Khalid,Finance,POS-241,S030,Risk Analysis,Functional,Core,Current,3,Proficient,83.0,1.9,4,Planned,Yes,DEPARTMENT-002,Corporate Services,ORGANIZATIONAL-UNIT-FIN-TEAM-03,LOC-HQ,2026-08-01
EMP243,Mehwish Khalid,Finance,POS-241,S045,Stakeholder Management,Behavioral,Leadership,Current,4,Advanced,95.3,2.2,17,Not Required,No,DEPARTMENT-002,Corporate Services,ORGANIZATIONAL-UNIT-FIN-TEAM-03,LOC-HQ,2026-08-01
EMP243,Mehwish Khalid,Finance,POS-241,S053,Documentation,Behavioral,Common,Current,3,Proficient,84.9,1.9,12,Not Required,No,DEPARTMENT-002,Corporate Services,ORGANIZATIONAL-UNIT-FIN-TEAM-03,LOC-HQ,2026-08-01
EMP243,Mehwish Khalid,Finance,POS-241,S049,Data Analysis,Digital,Common,Current,4,Advanced,85.6,3.0,9,Not Required,No,DEPARTMENT-002,Corporate Services,ORGANIZATIONAL-UNIT-FIN-TEAM-03,LOC-HQ,2026-08-01
EMP243,Mehwish Khalid,Finance,POS-241,S025,Financial Analysis,Functional,Core,Current,4,Advanced,79.9,2.1,9,Not Required,No,DEPARTMENT-002,Corporate Services,ORGANIZATIONAL-UNIT-FIN-TEAM-03,LOC-HQ,2026-08-01
EMP244,Saad Rauf,Finance,POS-242,S053,Documentation,Behavioral,Common,Current,4,Advanced,76.8,5.4,5,Certified,Yes,DEPARTMENT-002,Corporate Services,ORGANIZATIONAL-UNIT-FIN-TEAM-03,LOC-HQ,2026-08-01
EMP244,Saad Rauf,Finance,POS-242,S030,Risk Analysis,Functional,Core,Developing,2,Developing,61.9,5.0,5,Not Required,No,DEPARTMENT-002,Corporate Services,ORGANIZATIONAL-UNIT-FIN-TEAM-03,LOC-HQ,2026-08-01
EMP244,Saad Rauf,Finance,POS-242,S026,Accounting & Reconciliation,Functional,Core,Developing,2,Developing,63.7,4.4,15,Not Required,No,DEPARTMENT-002,Corporate Services,ORGANIZATIONAL-UNIT-FIN-TEAM-03,LOC-HQ,2026-08-01
EMP244,Saad Rauf,Finance,POS-242,S049,Data Analysis,Digital,Common,Developing,2,Developing,61.6,4.4,11,Planned,No,DEPARTMENT-002,Corporate Services,ORGANIZATIONAL-UNIT-FIN-TEAM-03,LOC-HQ,2026-08-01
EMP244,Saad Rauf,Finance,POS-242,S025,Financial Analysis,Functional,Core,Current,3,Proficient,76.2,4.1,13,Not Required,No,DEPARTMENT-002,Corporate Services,ORGANIZATIONAL-UNIT-FIN-TEAM-03,LOC-HQ,2026-08-01
EMP245,Ayesha Habib,Finance,POS-243,S046,Leadership,Leadership,Leadership,Current,3,Proficient,74.7,2.0,7,Not Required,Yes,DEPARTMENT-002,Corporate Services,ORGANIZATIONAL-UNIT-FIN-TEAM-01,LOC-HQ,2026-08-01
EMP245,Ayesha Habib,Finance,POS-243,S030,Risk Analysis,Functional,Core,Developing,2,Developing,55.5,3.5,13,Planned,No,DEPARTMENT-002,Corporate Services,ORGANIZATIONAL-UNIT-FIN-TEAM-01,LOC-HQ,2026-08-01
EMP245,Ayesha Habib,Finance,POS-243,S029,Advanced Excel,Digital,Core,Developing,2,Developing,67.2,1.6,18,Not Required,No,DEPARTMENT-002,Corporate Services,ORGANIZATIONAL-UNIT-FIN-TEAM-01,LOC-HQ,2026-08-01
EMP245,Ayesha Habib,Finance,POS-243,S049,Data Analysis,Digital,Common,Current,3,Proficient,77.1,1.8,11,Not Required,No,DEPARTMENT-002,Corporate Services,ORGANIZATIONAL-UNIT-FIN-TEAM-01,LOC-HQ,2026-08-01
EMP245,Ayesha Habib,Finance,POS-243,S045,Stakeholder Management,Behavioral,Leadership,Developing,2,Developing,56.6,1.2,10,Not Required,No,DEPARTMENT-002,Corporate Services,ORGANIZATIONAL-UNIT-FIN-TEAM-01,LOC-HQ,2026-08-01
EMP246,Ahmed Zafar,Finance,POS-244,S049,Data Analysis,Digital,Common,Developing,2,Developing,55.2,2.2,18,Certified,Yes,DEPARTMENT-002,Corporate Services,ORGANIZATIONAL-UNIT-FIN-TEAM-02,LOC-HQ,2026-08-01
EMP246,Ahmed Zafar,Finance,POS-244,S028,Regulatory Reporting,Compliance,Core,Current,4,Advanced,89.1,4.8,16,Not Required,No,DEPARTMENT-002,Corporate Services,ORGANIZATIONAL-UNIT-FIN-TEAM-02,LOC-HQ,2026-08-01
EMP246,Ahmed Zafar,Finance,POS-244,S029,Advanced Excel,Digital,Core,Developing,2,Developing,61.4,3.1,6,Planned,No,DEPARTMENT-002,Corporate Services,ORGANIZATIONAL-UNIT-FIN-TEAM-02,LOC-HQ,2026-08-01
EMP246,Ahmed Zafar,Finance,POS-244,S053,Documentation,Behavioral,Common,Developing,2,Developing,69.0,2.1,13,Not Required,No,DEPARTMENT-002,Corporate Services,ORGANIZATIONAL-UNIT-FIN-TEAM-02,LOC-HQ,2026-08-01
EMP246,Ahmed Zafar,Finance,POS-244,S027,Budgeting & Forecasting,Functional,Core,Developing,2,Developing,72.3,2.8,8,Not Required,No,DEPARTMENT-002,Corporate Services,ORGANIZATIONAL-UNIT-FIN-TEAM-02,LOC-HQ,2026-08-01
EMP247,Maha Aslam,Finance,POS-245,S049,Data Analysis,Digital,Common,Developing,2,Developing,49.5,4.3,12,Planned,Yes,DEPARTMENT-002,Corporate Services,ORGANIZATIONAL-UNIT-FIN-TEAM-01,LOC-HQ,2026-08-01
EMP247,Maha Aslam,Finance,POS-245,S026,Accounting & Reconciliation,Functional,Core,Current,3,Proficient,77.7,3.3,11,Not Required,No,DEPARTMENT-002,Corporate Services,ORGANIZATIONAL-UNIT-FIN-TEAM-01,LOC-HQ,2026-08-01
EMP247,Maha Aslam,Finance,POS-245,S045,Stakeholder Management,Behavioral,Leadership,Current,3,Proficient,69.5,4.2,16,Planned,No,DEPARTMENT-002,Corporate Services,ORGANIZATIONAL-UNIT-FIN-TEAM-01,LOC-HQ,2026-08-01
EMP247,Maha Aslam,Finance,POS-245,S027,Budgeting & Forecasting,Functional,Core,Developing,2,Developing,67.8,3.6,18,Not Required,No,DEPARTMENT-002,Corporate Services,ORGANIZATIONAL-UNIT-FIN-TEAM-01,LOC-HQ,2026-08-01
EMP247,Maha Aslam,Finance,POS-245,S025,Financial Analysis,Functional,Core,Current,4,Advanced,85.0,3.4,9,Planned,No,DEPARTMENT-002,Corporate Services,ORGANIZATIONAL-UNIT-FIN-TEAM-01,LOC-HQ,2026-08-01
EMP248,Anam Zafar,Finance,POS-246,S045,Stakeholder Management,Behavioral,Leadership,Developing,2,Developing,60.8,3.7,5,Planned,Yes,DEPARTMENT-002,Corporate Services,ORGANIZATIONAL-UNIT-FIN-TEAM-01,LOC-HQ,2026-08-01
EMP248,Anam Zafar,Finance,POS-246,S030,Risk Analysis,Functional,Core,Current,4,Advanced,96.6,5.0,14,Not Required,No,DEPARTMENT-002,Corporate Services,ORGANIZATIONAL-UNIT-FIN-TEAM-01,LOC-HQ,2026-08-01
EMP248,Anam Zafar,Finance,POS-246,S053,Documentation,Behavioral,Common,Current,4,Advanced,78.6,3.8,10,Not Required,No,DEPARTMENT-002,Corporate Services,ORGANIZATIONAL-UNIT-FIN-TEAM-01,LOC-HQ,2026-08-01
EMP248,Anam Zafar,Finance,POS-246,S049,Data Analysis,Digital,Common,Developing,2,Developing,57.1,5.9,9,Planned,No,DEPARTMENT-002,Corporate Services,ORGANIZATIONAL-UNIT-FIN-TEAM-01,LOC-HQ,2026-08-01
EMP248,Anam Zafar,Finance,POS-246,S046,Leadership,Leadership,Leadership,Current,4,Advanced,86.0,3.7,7,Certified,No,DEPARTMENT-002,Corporate Services,ORGANIZATIONAL-UNIT-FIN-TEAM-01,LOC-HQ,2026-08-01
EMP249,Noor Qureshi,Finance,POS-247,S029,Advanced Excel,Digital,Core,Current,3,Proficient,63.8,0.4,17,Certified,Yes,DEPARTMENT-002,Corporate Services,ORGANIZATIONAL-UNIT-FIN-TEAM-01,LOC-HQ,2026-08-01
EMP249,Noor Qureshi,Finance,POS-247,S027,Budgeting & Forecasting,Functional,Core,Developing,1,Beginner,56.2,1.8,12,Not Required,No,DEPARTMENT-002,Corporate Services,ORGANIZATIONAL-UNIT-FIN-TEAM-01,LOC-HQ,2026-08-01
EMP249,Noor Qureshi,Finance,POS-247,S049,Data Analysis,Digital,Common,Developing,1,Beginner,52.6,1.8,12,Not Required,No,DEPARTMENT-002,Corporate Services,ORGANIZATIONAL-UNIT-FIN-TEAM-01,LOC-HQ,2026-08-01
EMP249,Noor Qureshi,Finance,POS-247,S046,Leadership,Leadership,Leadership,Developing,1,Beginner,52.4,2.0,7,Not Required,No,DEPARTMENT-002,Corporate Services,ORGANIZATIONAL-UNIT-FIN-TEAM-01,LOC-HQ,2026-08-01
EMP249,Noor Qureshi,Finance,POS-247,S028,Regulatory Reporting,Compliance,Core,Developing,2,Developing,72.2,2.3,8,Not Required,No,DEPARTMENT-002,Corporate Services,ORGANIZATIONAL-UNIT-FIN-TEAM-01,LOC-HQ,2026-08-01
EMP250,Taha Malik,Finance,POS-248,S030,Risk Analysis,Functional,Core,Developing,2,Developing,56.6,3.1,17,Certified,Yes,DEPARTMENT-002,Corporate Services,ORGANIZATIONAL-UNIT-FIN-TEAM-03,LOC-HQ,2026-08-01
EMP250,Taha Malik,Finance,POS-248,S045,Stakeholder Management,Behavioral,Leadership,Developing,1,Beginner,55.5,4.0,8,Planned,No,DEPARTMENT-002,Corporate Services,ORGANIZATIONAL-UNIT-FIN-TEAM-03,LOC-HQ,2026-08-01
EMP250,Taha Malik,Finance,POS-248,S029,Advanced Excel,Digital,Core,Current,3,Proficient,74.7,2.3,13,Planned,No,DEPARTMENT-002,Corporate Services,ORGANIZATIONAL-UNIT-FIN-TEAM-03,LOC-HQ,2026-08-01
EMP250,Taha Malik,Finance,POS-248,S053,Documentation,Behavioral,Common,Developing,1,Beginner,64.4,3.2,3,Not Required,No,DEPARTMENT-002,Corporate Services,ORGANIZATIONAL-UNIT-FIN-TEAM-03,LOC-HQ,2026-08-01
EMP250,Taha Malik,Finance,POS-248,S049,Data Analysis,Digital,Common,Developing,1,Beginner,55.0,3.1,14,Certified,No,DEPARTMENT-002,Corporate Services,ORGANIZATIONAL-UNIT-FIN-TEAM-03,LOC-HQ,2026-08-01
EMP251,Mahnoor Javed,Finance,POS-249,S045,Stakeholder Management,Behavioral,Leadership,Current,3,Proficient,73.7,1.8,1,Planned,Yes,DEPARTMENT-002,Corporate Services,ORGANIZATIONAL-UNIT-FIN-TEAM-03,LOC-HQ,2026-08-01
EMP251,Mahnoor Javed,Finance,POS-249,S027,Budgeting & Forecasting,Functional,Core,Current,3,Proficient,79.5,1.5,18,Not Required,No,DEPARTMENT-002,Corporate Services,ORGANIZATIONAL-UNIT-FIN-TEAM-03,LOC-HQ,2026-08-01
EMP251,Mahnoor Javed,Finance,POS-249,S053,Documentation,Behavioral,Common,Developing,1,Beginner,54.1,2.9,3,Not Required,No,DEPARTMENT-002,Corporate Services,ORGANIZATIONAL-UNIT-FIN-TEAM-03,LOC-HQ,2026-08-01
EMP251,Mahnoor Javed,Finance,POS-249,S049,Data Analysis,Digital,Common,Developing,2,Developing,77.3,1.6,0,Not Required,No,DEPARTMENT-002,Corporate Services,ORGANIZATIONAL-UNIT-FIN-TEAM-03,LOC-HQ,2026-08-01
EMP251,Mahnoor Javed,Finance,POS-249,S026,Accounting & Reconciliation,Functional,Core,Developing,1,Beginner,53.4,0.7,12,Planned,No,DEPARTMENT-002,Corporate Services,ORGANIZATIONAL-UNIT-FIN-TEAM-03,LOC-HQ,2026-08-01
EMP252,Iqra Ismail,Sales,EXEC-SAL-HEAD,S045,Stakeholder Management,Behavioral,Leadership,Current,4,Advanced,79.1,9.7,3,Planned,Yes,DEPARTMENT-003,Commercial Services,ORGANIZATIONAL-UNIT-SAL,LOC-NORTH,2026-08-01
EMP252,Iqra Ismail,Sales,EXEC-SAL-HEAD,S014,Negotiation,Behavioral,Core,Current,5,Expert,100,9.8,9,Not Required,No,DEPARTMENT-003,Commercial Services,ORGANIZATIONAL-UNIT-SAL,LOC-NORTH,2026-08-01
EMP252,Iqra Ismail,Sales,EXEC-SAL-HEAD,S016,Account Management,Functional,Core,Current,5,Expert,81.7,11.3,3,Not Required,No,DEPARTMENT-003,Commercial Services,ORGANIZATIONAL-UNIT-SAL,LOC-NORTH,2026-08-01
EMP252,Iqra Ismail,Sales,EXEC-SAL-HEAD,S017,Pipeline Management,Functional,Core,Current,5,Expert,96.9,10.5,17,Not Required,No,DEPARTMENT-003,Commercial Services,ORGANIZATIONAL-UNIT-SAL,LOC-NORTH,2026-08-01
EMP252,Iqra Ismail,Sales,EXEC-SAL-HEAD,S042,Communication,Behavioral,Common,Current,4,Advanced,87.0,10.2,15,Planned,No,DEPARTMENT-003,Commercial Services,ORGANIZATIONAL-UNIT-SAL,LOC-NORTH,2026-08-01
EMP253,Hassan Nawaz,Sales,POS-250,S016,Account Management,Functional,Core,Current,5,Expert,92.4,6.8,14,Not Required,Yes,DEPARTMENT-003,Commercial Services,ORGANIZATIONAL-UNIT-SAL-TEAM-02,LOC-NORTH,2026-08-01
EMP253,Hassan Nawaz,Sales,POS-250,S042,Communication,Behavioral,Common,Current,5,Expert,100,5.9,2,Not Required,No,DEPARTMENT-003,Commercial Services,ORGANIZATIONAL-UNIT-SAL-TEAM-02,LOC-NORTH,2026-08-01
EMP253,Hassan Nawaz,Sales,POS-250,S013,Lead Generation,Functional,Core,Current,4,Advanced,78.8,5.1,12,Not Required,No,DEPARTMENT-003,Commercial Services,ORGANIZATIONAL-UNIT-SAL-TEAM-02,LOC-NORTH,2026-08-01
EMP253,Hassan Nawaz,Sales,POS-250,S015,CRM Management,Digital,Core,Current,3,Proficient,75.2,6.4,17,Planned,No,DEPARTMENT-003,Commercial Services,ORGANIZATIONAL-UNIT-SAL-TEAM-02,LOC-NORTH,2026-08-01
EMP253,Hassan Nawaz,Sales,POS-250,S017,Pipeline Management,Functional,Core,Current,3,Proficient,76.8,7.2,4,Not Required,No,DEPARTMENT-003,Commercial Services,ORGANIZATIONAL-UNIT-SAL-TEAM-02,LOC-NORTH,2026-08-01
EMP254,Farhan Awan,Sales,POS-251,S016,Account Management,Functional,Core,Current,5,Expert,96.5,7.8,9,Not Required,Yes,DEPARTMENT-003,Commercial Services,ORGANIZATIONAL-UNIT-SAL-TEAM-02,LOC-NORTH,2026-08-01
EMP254,Farhan Awan,Sales,POS-251,S049,Data Analysis,Digital,Common,Current,3,Proficient,71.8,9.0,8,Not Required,No,DEPARTMENT-003,Commercial Services,ORGANIZATIONAL-UNIT-SAL-TEAM-02,LOC-NORTH,2026-08-01
EMP254,Farhan Awan,Sales,POS-251,S045,Stakeholder Management,Behavioral,Leadership,Current,5,Expert,92.6,7.2,6,Not Required,No,DEPARTMENT-003,Commercial Services,ORGANIZATIONAL-UNIT-SAL-TEAM-02,LOC-NORTH,2026-08-01
EMP254,Farhan Awan,Sales,POS-251,S018,Product Knowledge,Functional,Core,Current,3,Proficient,78.2,7.9,0,Not Required,No,DEPARTMENT-003,Commercial Services,ORGANIZATIONAL-UNIT-SAL-TEAM-02,LOC-NORTH,2026-08-01
EMP254,Farhan Awan,Sales,POS-251,S012,B2B Sales,Functional,Core,Current,3,Proficient,72.0,7.9,15,Certified,No,DEPARTMENT-003,Commercial Services,ORGANIZATIONAL-UNIT-SAL-TEAM-02,LOC-NORTH,2026-08-01
EMP255,Rabia Rashid,Sales,POS-252,S014,Negotiation,Behavioral,Core,Current,5,Expert,93.4,14.5,0,Not Required,Yes,DEPARTMENT-003,Commercial Services,ORGANIZATIONAL-UNIT-SAL-TEAM-02,LOC-NORTH,2026-08-01
EMP255,Rabia Rashid,Sales,POS-252,S015,CRM Management,Digital,Core,Current,3,Proficient,81.1,9.0,3,Not Required,No,DEPARTMENT-003,Commercial Services,ORGANIZATIONAL-UNIT-SAL-TEAM-02,LOC-NORTH,2026-08-01
EMP255,Rabia Rashid,Sales,POS-252,S045,Stakeholder Management,Behavioral,Leadership,Current,3,Proficient,72.2,9.8,6,Planned,No,DEPARTMENT-003,Commercial Services,ORGANIZATIONAL-UNIT-SAL-TEAM-02,LOC-NORTH,2026-08-01
EMP255,Rabia Rashid,Sales,POS-252,S042,Communication,Behavioral,Common,Current,3,Proficient,81.7,9.2,9,Planned,No,DEPARTMENT-003,Commercial Services,ORGANIZATIONAL-UNIT-SAL-TEAM-02,LOC-NORTH,2026-08-01
EMP255,Rabia Rashid,Sales,POS-252,S013,Lead Generation,Functional,Core,Current,4,Advanced,91.0,12.8,6,Not Required,No,DEPARTMENT-003,Commercial Services,ORGANIZATIONAL-UNIT-SAL-TEAM-02,LOC-NORTH,2026-08-01
EMP256,Omar Farooq,Sales,POS-253,S012,B2B Sales,Functional,Core,Developing,1,Beginner,60.9,2.2,7,Not Required,Yes,DEPARTMENT-003,Commercial Services,ORGANIZATIONAL-UNIT-SAL-TEAM-02,LOC-NORTH,2026-08-01
EMP256,Omar Farooq,Sales,POS-253,S016,Account Management,Functional,Core,Developing,1,Beginner,51.7,2.6,6,Certified,No,DEPARTMENT-003,Commercial Services,ORGANIZATIONAL-UNIT-SAL-TEAM-02,LOC-NORTH,2026-08-01
EMP256,Omar Farooq,Sales,POS-253,S017,Pipeline Management,Functional,Core,Developing,2,Developing,72.8,2.2,13,Not Required,No,DEPARTMENT-003,Commercial Services,ORGANIZATIONAL-UNIT-SAL-TEAM-02,LOC-NORTH,2026-08-01
EMP256,Omar Farooq,Sales,POS-253,S013,Lead Generation,Functional,Core,Developing,1,Beginner,48.2,1.8,9,Not Required,No,DEPARTMENT-003,Commercial Services,ORGANIZATIONAL-UNIT-SAL-TEAM-02,LOC-NORTH,2026-08-01
EMP256,Omar Farooq,Sales,POS-253,S045,Stakeholder Management,Behavioral,Leadership,Current,3,Proficient,75.7,0.9,16,Planned,No,DEPARTMENT-003,Commercial Services,ORGANIZATIONAL-UNIT-SAL-TEAM-02,LOC-NORTH,2026-08-01
EMP257,Adnan Baig,Sales,POS-254,S014,Negotiation,Behavioral,Core,Developing,1,Beginner,56.4,0.7,13,Not Required,Yes,DEPARTMENT-003,Commercial Services,ORGANIZATIONAL-UNIT-SAL-TEAM-02,LOC-NORTH,2026-08-01
EMP257,Adnan Baig,Sales,POS-254,S016,Account Management,Functional,Core,Current,3,Proficient,75.8,0.9,17,Not Required,No,DEPARTMENT-003,Commercial Services,ORGANIZATIONAL-UNIT-SAL-TEAM-02,LOC-NORTH,2026-08-01
EMP257,Adnan Baig,Sales,POS-254,S045,Stakeholder Management,Behavioral,Leadership,Developing,2,Developing,61.4,1.2,15,Not Required,No,DEPARTMENT-003,Commercial Services,ORGANIZATIONAL-UNIT-SAL-TEAM-02,LOC-NORTH,2026-08-01
EMP257,Adnan Baig,Sales,POS-254,S015,CRM Management,Digital,Core,Developing,1,Beginner,54.4,2.7,9,Not Required,No,DEPARTMENT-003,Commercial Services,ORGANIZATIONAL-UNIT-SAL-TEAM-02,LOC-NORTH,2026-08-01
EMP257,Adnan Baig,Sales,POS-254,S018,Product Knowledge,Functional,Core,Current,3,Proficient,78.4,3.1,7,Planned,No,DEPARTMENT-003,Commercial Services,ORGANIZATIONAL-UNIT-SAL-TEAM-02,LOC-NORTH,2026-08-01
EMP258,Ayesha Khalid,Sales,POS-255,S017,Pipeline Management,Functional,Core,Developing,1,Beginner,50.3,3.2,14,Certified,Yes,DEPARTMENT-003,Commercial Services,ORGANIZATIONAL-UNIT-SAL-TEAM-01,LOC-NORTH,2026-08-01
EMP258,Ayesha Khalid,Sales,POS-255,S012,B2B Sales,Functional,Core,Current,3,Proficient,74.8,3.1,14,Not Required,No,DEPARTMENT-003,Commercial Services,ORGANIZATIONAL-UNIT-SAL-TEAM-01,LOC-NORTH,2026-08-01
EMP258,Ayesha Khalid,Sales,POS-255,S049,Data Analysis,Digital,Common,Current,3,Proficient,76.8,1.2,12,Not Required,No,DEPARTMENT-003,Commercial Services,ORGANIZATIONAL-UNIT-SAL-TEAM-01,LOC-NORTH,2026-08-01
EMP258,Ayesha Khalid,Sales,POS-255,S042,Communication,Behavioral,Common,Developing,2,Developing,53.0,3.9,1,Certified,No,DEPARTMENT-003,Commercial Services,ORGANIZATIONAL-UNIT-SAL-TEAM-01,LOC-NORTH,2026-08-01
EMP258,Ayesha Khalid,Sales,POS-255,S016,Account Management,Functional,Core,Developing,2,Developing,71.3,1.4,14,Planned,No,DEPARTMENT-003,Commercial Services,ORGANIZATIONAL-UNIT-SAL-TEAM-01,LOC-NORTH,2026-08-01
EMP259,Usman Nasir,Customer Support,EXEC-CS-HEAD,S038,Complaint Resolution,Behavioral,Core,Current,5,Expert,100,14.2,12,Not Required,Yes,DEPARTMENT-004,Commercial Services,ORGANIZATIONAL-UNIT-CS,LOC-CENTRAL,2026-08-01
EMP259,Usman Nasir,Customer Support,EXEC-CS-HEAD,S039,Call Handling,Functional,Core,Current,5,Expert,94.2,14.8,0,Certified,No,DEPARTMENT-004,Commercial Services,ORGANIZATIONAL-UNIT-CS,LOC-CENTRAL,2026-08-01
EMP259,Usman Nasir,Customer Support,EXEC-CS-HEAD,S044,Problem Solving,Behavioral,Common,Current,5,Expert,100,15.0,17,Planned,No,DEPARTMENT-004,Commercial Services,ORGANIZATIONAL-UNIT-CS,LOC-CENTRAL,2026-08-01
EMP259,Usman Nasir,Customer Support,EXEC-CS-HEAD,S051,Empathy & Active Listening,Behavioral,Common,Current,5,Expert,100,15.6,9,Not Required,No,DEPARTMENT-004,Commercial Services,ORGANIZATIONAL-UNIT-CS,LOC-CENTRAL,2026-08-01
EMP259,Usman Nasir,Customer Support,EXEC-CS-HEAD,S040,SLA Management,Functional,Core,Current,4,Advanced,82.7,13.1,3,Not Required,No,DEPARTMENT-004,Commercial Services,ORGANIZATIONAL-UNIT-CS,LOC-CENTRAL,2026-08-01
EMP260,Rabia Farooq,Customer Support,POS-256,S038,Complaint Resolution,Behavioral,Core,Current,5,Expert,95.1,10.4,3,Not Required,Yes,DEPARTMENT-004,Commercial Services,ORGANIZATIONAL-UNIT-CS-TEAM-03,LOC-CENTRAL,2026-08-01
EMP260,Rabia Farooq,Customer Support,POS-256,S052,Time Management,Behavioral,Common,Current,5,Expert,85.4,9.3,16,Not Required,No,DEPARTMENT-004,Commercial Services,ORGANIZATIONAL-UNIT-CS-TEAM-03,LOC-CENTRAL,2026-08-01
EMP260,Rabia Farooq,Customer Support,POS-256,S041,Knowledge Base Management,Digital,Core,Current,4,Advanced,86.3,10.2,3,Not Required,No,DEPARTMENT-004,Commercial Services,ORGANIZATIONAL-UNIT-CS-TEAM-03,LOC-CENTRAL,2026-08-01
EMP260,Rabia Farooq,Customer Support,POS-256,S051,Empathy & Active Listening,Behavioral,Common,Current,4,Advanced,84.2,11.0,18,Certified,No,DEPARTMENT-004,Commercial Services,ORGANIZATIONAL-UNIT-CS-TEAM-03,LOC-CENTRAL,2026-08-01
EMP260,Rabia Farooq,Customer Support,POS-256,S044,Problem Solving,Behavioral,Common,Current,3,Proficient,80.8,9.4,11,Not Required,No,DEPARTMENT-004,Commercial Services,ORGANIZATIONAL-UNIT-CS-TEAM-03,LOC-CENTRAL,2026-08-01
EMP261,Anam Ahmed,Customer Support,POS-257,S037,Customer Service,Functional,Core,Current,3,Proficient,76.3,9.1,7,Not Required,Yes,DEPARTMENT-004,Commercial Services,ORGANIZATIONAL-UNIT-CS-TEAM-01,LOC-CENTRAL,2026-08-01
EMP261,Anam Ahmed,Customer Support,POS-257,S044,Problem Solving,Behavioral,Common,Current,3,Proficient,77.8,9.6,1,Not Required,No,DEPARTMENT-004,Commercial Services,ORGANIZATIONAL-UNIT-CS-TEAM-01,LOC-CENTRAL,2026-08-01
EMP261,Anam Ahmed,Customer Support,POS-257,S053,Documentation,Behavioral,Common,Current,4,Advanced,83.9,10.1,12,Planned,No,DEPARTMENT-004,Commercial Services,ORGANIZATIONAL-UNIT-CS-TEAM-01,LOC-CENTRAL,2026-08-01
EMP261,Anam Ahmed,Customer Support,POS-257,S052,Time Management,Behavioral,Common,Current,5,Expert,99.5,8.7,1,Not Required,No,DEPARTMENT-004,Commercial Services,ORGANIZATIONAL-UNIT-CS-TEAM-01,LOC-CENTRAL,2026-08-01
EMP261,Anam Ahmed,Customer Support,POS-257,S041,Knowledge Base Management,Digital,Core,Current,4,Advanced,89.7,8.8,9,Planned,No,DEPARTMENT-004,Commercial Services,ORGANIZATIONAL-UNIT-CS-TEAM-01,LOC-CENTRAL,2026-08-01
EMP262,Omar Riaz,Customer Support,POS-258,S044,Problem Solving,Behavioral,Common,Current,3,Proficient,60.2,8.9,15,Certified,Yes,DEPARTMENT-004,Commercial Services,ORGANIZATIONAL-UNIT-CS-TEAM-02,LOC-CENTRAL,2026-08-01
EMP262,Omar Riaz,Customer Support,POS-258,S040,SLA Management,Functional,Core,Current,5,Expert,98.1,12.7,8,Not Required,No,DEPARTMENT-004,Commercial Services,ORGANIZATIONAL-UNIT-CS-TEAM-02,LOC-CENTRAL,2026-08-01
EMP262,Omar Riaz,Customer Support,POS-258,S042,Communication,Behavioral,Common,Current,4,Advanced,89.6,11.5,15,Not Required,No,DEPARTMENT-004,Commercial Services,ORGANIZATIONAL-UNIT-CS-TEAM-02,LOC-CENTRAL,2026-08-01
EMP262,Omar Riaz,Customer Support,POS-258,S039,Call Handling,Functional,Core,Current,4,Advanced,70.7,11.4,18,Not Required,No,DEPARTMENT-004,Commercial Services,ORGANIZATIONAL-UNIT-CS-TEAM-02,LOC-CENTRAL,2026-08-01
EMP262,Omar Riaz,Customer Support,POS-258,S041,Knowledge Base Management,Digital,Core,Current,3,Proficient,72.4,9.5,10,Certified,No,DEPARTMENT-004,Commercial Services,ORGANIZATIONAL-UNIT-CS-TEAM-02,LOC-CENTRAL,2026-08-01
EMP263,Anusha Rauf,Customer Support,POS-259,S053,Documentation,Behavioral,Common,Current,4,Advanced,90.6,5.8,1,Not Required,Yes,DEPARTMENT-004,Commercial Services,ORGANIZATIONAL-UNIT-CS-TEAM-01,LOC-CENTRAL,2026-08-01
EMP263,Anusha Rauf,Customer Support,POS-259,S042,Communication,Behavioral,Common,Current,4,Advanced,90.0,5.8,8,Not Required,No,DEPARTMENT-004,Commercial Services,ORGANIZATIONAL-UNIT-CS-TEAM-01,LOC-CENTRAL,2026-08-01
EMP263,Anusha Rauf,Customer Support,POS-259,S039,Call Handling,Functional,Core,Current,4,Advanced,85.0,5.6,13,Not Required,No,DEPARTMENT-004,Commercial Services,ORGANIZATIONAL-UNIT-CS-TEAM-01,LOC-CENTRAL,2026-08-01
EMP263,Anusha Rauf,Customer Support,POS-259,S037,Customer Service,Functional,Core,Current,4,Advanced,98.3,6.7,12,Not Required,No,DEPARTMENT-004,Commercial Services,ORGANIZATIONAL-UNIT-CS-TEAM-01,LOC-CENTRAL,2026-08-01
EMP263,Anusha Rauf,Customer Support,POS-259,S038,Complaint Resolution,Behavioral,Core,Developing,2,Developing,65.2,6.6,14,Not Required,No,DEPARTMENT-004,Commercial Services,ORGANIZATIONAL-UNIT-CS-TEAM-01,LOC-CENTRAL,2026-08-01
EMP264,Areeba Rauf,Customer Support,POS-260,S051,Empathy & Active Listening,Behavioral,Common,Current,3,Proficient,77.3,4.0,2,Certified,Yes,DEPARTMENT-004,Commercial Services,ORGANIZATIONAL-UNIT-CS-TEAM-03,LOC-CENTRAL,2026-08-01
EMP264,Areeba Rauf,Customer Support,POS-260,S042,Communication,Behavioral,Common,Current,3,Proficient,74.6,4.9,9,Not Required,No,DEPARTMENT-004,Commercial Services,ORGANIZATIONAL-UNIT-CS-TEAM-03,LOC-CENTRAL,2026-08-01
EMP264,Areeba Rauf,Customer Support,POS-260,S039,Call Handling,Functional,Core,Current,5,Expert,95.3,4.5,17,Certified,No,DEPARTMENT-004,Commercial Services,ORGANIZATIONAL-UNIT-CS-TEAM-03,LOC-CENTRAL,2026-08-01
EMP264,Areeba Rauf,Customer Support,POS-260,S053,Documentation,Behavioral,Common,Current,5,Expert,93.0,3.5,1,Not Required,No,DEPARTMENT-004,Commercial Services,ORGANIZATIONAL-UNIT-CS-TEAM-03,LOC-CENTRAL,2026-08-01
EMP264,Areeba Rauf,Customer Support,POS-260,S044,Problem Solving,Behavioral,Common,Current,3,Proficient,59.6,4.4,17,Not Required,No,DEPARTMENT-004,Commercial Services,ORGANIZATIONAL-UNIT-CS-TEAM-03,LOC-CENTRAL,2026-08-01
EMP265,Danish Saleem,Customer Support,POS-261,S051,Empathy & Active Listening,Behavioral,Common,Developing,1,Beginner,56.8,2.0,7,Not Required,Yes,DEPARTMENT-004,Commercial Services,ORGANIZATIONAL-UNIT-CS-TEAM-01,LOC-CENTRAL,2026-08-01
EMP265,Danish Saleem,Customer Support,POS-261,S044,Problem Solving,Behavioral,Common,Developing,1,Beginner,58.8,2.0,13,Planned,No,DEPARTMENT-004,Commercial Services,ORGANIZATIONAL-UNIT-CS-TEAM-01,LOC-CENTRAL,2026-08-01
EMP265,Danish Saleem,Customer Support,POS-261,S038,Complaint Resolution,Behavioral,Core,Developing,2,Developing,60.9,2.8,9,Not Required,No,DEPARTMENT-004,Commercial Services,ORGANIZATIONAL-UNIT-CS-TEAM-01,LOC-CENTRAL,2026-08-01
EMP265,Danish Saleem,Customer Support,POS-261,S037,Customer Service,Functional,Core,Current,3,Proficient,70.5,1.3,0,Planned,No,DEPARTMENT-004,Commercial Services,ORGANIZATIONAL-UNIT-CS-TEAM-01,LOC-CENTRAL,2026-08-01
EMP265,Danish Saleem,Customer Support,POS-261,S053,Documentation,Behavioral,Common,Current,3,Proficient,83.8,1.2,12,Not Required,No,DEPARTMENT-004,Commercial Services,ORGANIZATIONAL-UNIT-CS-TEAM-01,LOC-CENTRAL,2026-08-01
EMP266,Maryam Khalid,Customer Support,POS-262,S053,Documentation,Behavioral,Common,Developing,2,Developing,64.5,2.0,5,Not Required,Yes,DEPARTMENT-004,Commercial Services,ORGANIZATIONAL-UNIT-CS-TEAM-01,LOC-CENTRAL,2026-08-01
EMP266,Maryam Khalid,Customer Support,POS-262,S051,Empathy & Active Listening,Behavioral,Common,Developing,1,Beginner,61.8,2.6,14,Planned,No,DEPARTMENT-004,Commercial Services,ORGANIZATIONAL-UNIT-CS-TEAM-01,LOC-CENTRAL,2026-08-01
EMP266,Maryam Khalid,Customer Support,POS-262,S052,Time Management,Behavioral,Common,Developing,1,Beginner,55.9,3.1,10,Not Required,No,DEPARTMENT-004,Commercial Services,ORGANIZATIONAL-UNIT-CS-TEAM-01,LOC-CENTRAL,2026-08-01
EMP266,Maryam Khalid,Customer Support,POS-262,S042,Communication,Behavioral,Common,Developing,1,Beginner,52.9,2.3,5,Certified,No,DEPARTMENT-004,Commercial Services,ORGANIZATIONAL-UNIT-CS-TEAM-01,LOC-CENTRAL,2026-08-01
EMP266,Maryam Khalid,Customer Support,POS-262,S044,Problem Solving,Behavioral,Common,Developing,2,Developing,62.4,1.7,5,Not Required,No,DEPARTMENT-004,Commercial Services,ORGANIZATIONAL-UNIT-CS-TEAM-01,LOC-CENTRAL,2026-08-01
EMP267,Haris Awan,Customer Support,POS-263,S038,Complaint Resolution,Behavioral,Core,Developing,2,Developing,65.8,1.6,4,Not Required,Yes,DEPARTMENT-004,Commercial Services,ORGANIZATIONAL-UNIT-CS-TEAM-01,LOC-CENTRAL,2026-08-01
EMP267,Haris Awan,Customer Support,POS-263,S041,Knowledge Base Management,Digital,Core,Developing,2,Developing,71.8,0.6,8,Certified,No,DEPARTMENT-004,Commercial Services,ORGANIZATIONAL-UNIT-CS-TEAM-01,LOC-CENTRAL,2026-08-01
EMP267,Haris Awan,Customer Support,POS-263,S039,Call Handling,Functional,Core,Current,3,Proficient,69.0,0.3,13,Planned,No,DEPARTMENT-004,Commercial Services,ORGANIZATIONAL-UNIT-CS-TEAM-01,LOC-CENTRAL,2026-08-01
EMP267,Haris Awan,Customer Support,POS-263,S037,Customer Service,Functional,Core,Current,3,Proficient,76.1,0.4,7,Planned,No,DEPARTMENT-004,Commercial Services,ORGANIZATIONAL-UNIT-CS-TEAM-01,LOC-CENTRAL,2026-08-01
EMP267,Haris Awan,Customer Support,POS-263,S042,Communication,Behavioral,Common,Developing,1,Beginner,60.8,0.5,7,Certified,No,DEPARTMENT-004,Commercial Services,ORGANIZATIONAL-UNIT-CS-TEAM-01,LOC-CENTRAL,2026-08-01
EMP268,Fatima Mughal,Engineering,EXEC-ENG-HEAD,S053,Documentation,Behavioral,Common,Current,4,Advanced,88.4,11.6,15,Not Required,Yes,DEPARTMENT-005,Technology and Innovation,ORGANIZATIONAL-UNIT-ENG,LOC-HQ,2026-08-01
EMP268,Fatima Mughal,Engineering,EXEC-ENG-HEAD,S004,Software Testing,Technical,Core,Current,4,Advanced,86.1,11.1,6,Planned,No,DEPARTMENT-005,Technology and Innovation,ORGANIZATIONAL-UNIT-ENG,LOC-HQ,2026-08-01
EMP268,Fatima Mughal,Engineering,EXEC-ENG-HEAD,S005,System Design,Technical,Core,Current,5,Expert,96.8,12.6,8,Planned,No,DEPARTMENT-005,Technology and Innovation,ORGANIZATIONAL-UNIT-ENG,LOC-HQ,2026-08-01
EMP268,Fatima Mughal,Engineering,EXEC-ENG-HEAD,S050,Project Management,Leadership,Common,Current,5,Expert,91.3,11.6,16,Not Required,No,DEPARTMENT-005,Technology and Innovation,ORGANIZATIONAL-UNIT-ENG,LOC-HQ,2026-08-01
EMP268,Fatima Mughal,Engineering,EXEC-ENG-HEAD,S002,SQL & Databases,Technical,Core,Current,4,Advanced,92.0,12.6,0,Not Required,No,DEPARTMENT-005,Technology and Innovation,ORGANIZATIONAL-UNIT-ENG,LOC-HQ,2026-08-01
EMP269,Noor Bukhari,Engineering,POS-264,S005,System Design,Technical,Core,Current,5,Expert,92.6,11.8,2,Planned,Yes,DEPARTMENT-005,Technology and Innovation,ORGANIZATIONAL-UNIT-ENG-TEAM-03,LOC-HQ,2026-08-01
EMP269,Noor Bukhari,Engineering,POS-264,S050,Project Management,Leadership,Common,Current,3,Proficient,73.8,9.8,10,Not Required,No,DEPARTMENT-005,Technology and Innovation,ORGANIZATIONAL-UNIT-ENG-TEAM-03,LOC-HQ,2026-08-01
EMP269,Noor Bukhari,Engineering,POS-264,S053,Documentation,Behavioral,Common,Current,4,Advanced,80.2,11.2,17,Planned,No,DEPARTMENT-005,Technology and Innovation,ORGANIZATIONAL-UNIT-ENG-TEAM-03,LOC-HQ,2026-08-01
EMP269,Noor Bukhari,Engineering,POS-264,S044,Problem Solving,Behavioral,Common,Current,3,Proficient,76.4,9.1,13,Certified,No,DEPARTMENT-005,Technology and Innovation,ORGANIZATIONAL-UNIT-ENG-TEAM-03,LOC-HQ,2026-08-01
EMP269,Noor Bukhari,Engineering,POS-264,S007,Cloud Platforms,Technical,Digital,Current,3,Proficient,83.5,9.3,13,Certified,No,DEPARTMENT-005,Technology and Innovation,ORGANIZATIONAL-UNIT-ENG-TEAM-03,LOC-HQ,2026-08-01
EMP270,Laiba Saeed,Engineering,POS-265,S053,Documentation,Behavioral,Common,Current,5,Expert,97.4,10.8,14,Not Required,Yes,DEPARTMENT-005,Technology and Innovation,ORGANIZATIONAL-UNIT-ENG-TEAM-03,LOC-HQ,2026-08-01
EMP270,Laiba Saeed,Engineering,POS-265,S003,API Development,Technical,Core,Current,5,Expert,86.1,12.3,4,Certified,No,DEPARTMENT-005,Technology and Innovation,ORGANIZATIONAL-UNIT-ENG-TEAM-03,LOC-HQ,2026-08-01
EMP270,Laiba Saeed,Engineering,POS-265,S001,Python Programming,Technical,Core,Current,4,Advanced,88.6,11.5,10,Not Required,No,DEPARTMENT-005,Technology and Innovation,ORGANIZATIONAL-UNIT-ENG-TEAM-03,LOC-HQ,2026-08-01
EMP270,Laiba Saeed,Engineering,POS-265,S007,Cloud Platforms,Technical,Digital,Current,4,Advanced,83.8,12.4,12,Not Required,No,DEPARTMENT-005,Technology and Innovation,ORGANIZATIONAL-UNIT-ENG-TEAM-03,LOC-HQ,2026-08-01
EMP270,Laiba Saeed,Engineering,POS-265,S006,DevOps & CI/CD,Technical,Digital,Current,3,Proficient,75.2,8.6,13,Planned,No,DEPARTMENT-005,Technology and Innovation,ORGANIZATIONAL-UNIT-ENG-TEAM-03,LOC-HQ,2026-08-01
EMP271,Minal Khalid,Engineering,POS-266,S050,Project Management,Leadership,Common,Current,4,Advanced,93.6,5.4,13,Certified,Yes,DEPARTMENT-005,Technology and Innovation,ORGANIZATIONAL-UNIT-ENG-TEAM-03,LOC-HQ,2026-08-01
EMP271,Minal Khalid,Engineering,POS-266,S005,System Design,Technical,Core,Developing,2,Developing,65.4,5.3,15,Not Required,No,DEPARTMENT-005,Technology and Innovation,ORGANIZATIONAL-UNIT-ENG-TEAM-03,LOC-HQ,2026-08-01
EMP271,Minal Khalid,Engineering,POS-266,S004,Software Testing,Technical,Core,Current,3,Proficient,76.4,5.1,11,Not Required,No,DEPARTMENT-005,Technology and Innovation,ORGANIZATIONAL-UNIT-ENG-TEAM-03,LOC-HQ,2026-08-01
EMP271,Minal Khalid,Engineering,POS-266,S053,Documentation,Behavioral,Common,Current,4,Advanced,93.2,4.5,9,Not Required,No,DEPARTMENT-005,Technology and Innovation,ORGANIZATIONAL-UNIT-ENG-TEAM-03,LOC-HQ,2026-08-01
EMP271,Minal Khalid,Engineering,POS-266,S001,Python Programming,Technical,Core,Current,4,Advanced,99.2,2.9,17,Not Required,No,DEPARTMENT-005,Technology and Innovation,ORGANIZATIONAL-UNIT-ENG-TEAM-03,LOC-HQ,2026-08-01
EMP272,Ali Siddiqui,Engineering,POS-267,S004,Software Testing,Technical,Core,Current,3,Proficient,68.4,1.8,12,Not Required,Yes,DEPARTMENT-005,Technology and Innovation,ORGANIZATIONAL-UNIT-ENG-TEAM-03,LOC-HQ,2026-08-01
EMP272,Ali Siddiqui,Engineering,POS-267,S053,Documentation,Behavioral,Common,Developing,2,Developing,71.4,3.9,16,Planned,No,DEPARTMENT-005,Technology and Innovation,ORGANIZATIONAL-UNIT-ENG-TEAM-03,LOC-HQ,2026-08-01
EMP272,Ali Siddiqui,Engineering,POS-267,S050,Project Management,Leadership,Common,Current,4,Advanced,85.7,2.9,17,Certified,No,DEPARTMENT-005,Technology and Innovation,ORGANIZATIONAL-UNIT-ENG-TEAM-03,LOC-HQ,2026-08-01
EMP272,Ali Siddiqui,Engineering,POS-267,S001,Python Programming,Technical,Core,Developing,2,Developing,59.4,3.0,12,Not Required,No,DEPARTMENT-005,Technology and Innovation,ORGANIZATIONAL-UNIT-ENG-TEAM-03,LOC-HQ,2026-08-01
EMP272,Ali Siddiqui,Engineering,POS-267,S003,API Development,Technical,Core,Developing,2,Developing,68.1,2.9,1,Not Required,No,DEPARTMENT-005,Technology and Innovation,ORGANIZATIONAL-UNIT-ENG-TEAM-03,LOC-HQ,2026-08-01
EMP273,Haris Ejaz,Engineering,POS-268,S007,Cloud Platforms,Technical,Digital,Current,3,Proficient,79.3,5.1,1,Not Required,Yes,DEPARTMENT-005,Technology and Innovation,ORGANIZATIONAL-UNIT-ENG-TEAM-01,LOC-HQ,2026-08-01
EMP273,Haris Ejaz,Engineering,POS-268,S003,API Development,Technical,Core,Current,4,Advanced,89.7,5.8,4,Not Required,No,DEPARTMENT-005,Technology and Innovation,ORGANIZATIONAL-UNIT-ENG-TEAM-01,LOC-HQ,2026-08-01
EMP273,Haris Ejaz,Engineering,POS-268,S001,Python Programming,Technical,Core,Current,4,Advanced,88.8,4.4,12,Planned,No,DEPARTMENT-005,Technology and Innovation,ORGANIZATIONAL-UNIT-ENG-TEAM-01,LOC-HQ,2026-08-01
EMP273,Haris Ejaz,Engineering,POS-268,S005,System Design,Technical,Core,Current,3,Proficient,72.2,4.4,1,Planned,No,DEPARTMENT-005,Technology and Innovation,ORGANIZATIONAL-UNIT-ENG-TEAM-01,LOC-HQ,2026-08-01
EMP273,Haris Ejaz,Engineering,POS-268,S050,Project Management,Leadership,Common,Developing,2,Developing,65.5,5.0,18,Certified,No,DEPARTMENT-005,Technology and Innovation,ORGANIZATIONAL-UNIT-ENG-TEAM-01,LOC-HQ,2026-08-01
EMP274,Adnan Awan,Engineering,POS-269,S004,Software Testing,Technical,Core,Current,3,Proficient,76.7,0.5,10,Not Required,Yes,DEPARTMENT-005,Technology and Innovation,ORGANIZATIONAL-UNIT-ENG-TEAM-03,LOC-HQ,2026-08-01
EMP274,Adnan Awan,Engineering,POS-269,S002,SQL & Databases,Technical,Core,Current,3,Proficient,69.7,2.7,17,Not Required,No,DEPARTMENT-005,Technology and Innovation,ORGANIZATIONAL-UNIT-ENG-TEAM-03,LOC-HQ,2026-08-01
EMP274,Adnan Awan,Engineering,POS-269,S044,Problem Solving,Behavioral,Common,Current,3,Proficient,66.7,2.0,1,Certified,No,DEPARTMENT-005,Technology and Innovation,ORGANIZATIONAL-UNIT-ENG-TEAM-03,LOC-HQ,2026-08-01
EMP274,Adnan Awan,Engineering,POS-269,S001,Python Programming,Technical,Core,Developing,1,Beginner,56.5,3.0,0,Not Required,No,DEPARTMENT-005,Technology and Innovation,ORGANIZATIONAL-UNIT-ENG-TEAM-03,LOC-HQ,2026-08-01
EMP274,Adnan Awan,Engineering,POS-269,S005,System Design,Technical,Core,Developing,1,Beginner,54.6,2.7,9,Planned,No,DEPARTMENT-005,Technology and Innovation,ORGANIZATIONAL-UNIT-ENG-TEAM-03,LOC-HQ,2026-08-01
EMP275,Fatima Saeed,Engineering,POS-270,S005,System Design,Technical,Core,Current,3,Proficient,72.9,2.7,16,Not Required,Yes,DEPARTMENT-005,Technology and Innovation,ORGANIZATIONAL-UNIT-ENG-TEAM-01,LOC-HQ,2026-08-01
EMP275,Fatima Saeed,Engineering,POS-270,S053,Documentation,Behavioral,Common,Developing,2,Developing,64.3,2.3,11,Not Required,No,DEPARTMENT-005,Technology and Innovation,ORGANIZATIONAL-UNIT-ENG-TEAM-01,LOC-HQ,2026-08-01
EMP275,Fatima Saeed,Engineering,POS-270,S007,Cloud Platforms,Technical,Digital,Developing,1,Beginner,60.7,3.5,3,Certified,No,DEPARTMENT-005,Technology and Innovation,ORGANIZATIONAL-UNIT-ENG-TEAM-01,LOC-HQ,2026-08-01
EMP275,Fatima Saeed,Engineering,POS-270,S050,Project Management,Leadership,Common,Developing,2,Developing,72.1,2.8,4,Not Required,No,DEPARTMENT-005,Technology and Innovation,ORGANIZATIONAL-UNIT-ENG-TEAM-01,LOC-HQ,2026-08-01
EMP275,Fatima Saeed,Engineering,POS-270,S003,API Development,Technical,Core,Developing,2,Developing,60.9,3.6,2,Planned,No,DEPARTMENT-005,Technology and Innovation,ORGANIZATIONAL-UNIT-ENG-TEAM-01,LOC-HQ,2026-08-01
EMP276,Ali Riaz,Engineering,POS-271,S050,Project Management,Leadership,Common,Developing,2,Developing,55.9,2.7,10,Certified,Yes,DEPARTMENT-005,Technology and Innovation,ORGANIZATIONAL-UNIT-ENG-TEAM-03,LOC-HQ,2026-08-01
EMP276,Ali Riaz,Engineering,POS-271,S044,Problem Solving,Behavioral,Common,Developing,1,Beginner,64.7,2.0,5,Not Required,No,DEPARTMENT-005,Technology and Innovation,ORGANIZATIONAL-UNIT-ENG-TEAM-03,LOC-HQ,2026-08-01
EMP276,Ali Riaz,Engineering,POS-271,S007,Cloud Platforms,Technical,Digital,Developing,2,Developing,54.0,1.9,10,Not Required,No,DEPARTMENT-005,Technology and Innovation,ORGANIZATIONAL-UNIT-ENG-TEAM-03,LOC-HQ,2026-08-01
EMP276,Ali Riaz,Engineering,POS-271,S005,System Design,Technical,Core,Current,3,Proficient,73.2,2.2,10,Not Required,No,DEPARTMENT-005,Technology and Innovation,ORGANIZATIONAL-UNIT-ENG-TEAM-03,LOC-HQ,2026-08-01
EMP276,Ali Riaz,Engineering,POS-271,S053,Documentation,Behavioral,Common,Developing,1,Beginner,47.5,0.5,4,Certified,No,DEPARTMENT-005,Technology and Innovation,ORGANIZATIONAL-UNIT-ENG-TEAM-03,LOC-HQ,2026-08-01
EMP277,Amna Chaudhry,Operations,EXEC-OPS-HEAD,S046,Leadership,Leadership,Leadership,Current,5,Expert,94.5,15.1,6,Not Required,Yes,DEPARTMENT-006,Enterprise Operations,ORGANIZATIONAL-UNIT-OPS,LOC-CENTRAL,2026-08-01
EMP277,Amna Chaudhry,Operations,EXEC-OPS-HEAD,S023,Risk & Controls,Compliance,Core,Current,4,Advanced,81.8,12.4,17,Not Required,No,DEPARTMENT-006,Enterprise Operations,ORGANIZATIONAL-UNIT-OPS,LOC-CENTRAL,2026-08-01
EMP277,Amna Chaudhry,Operations,EXEC-OPS-HEAD,S049,Data Analysis,Digital,Common,Current,4,Advanced,84.2,12.7,4,Certified,No,DEPARTMENT-006,Enterprise Operations,ORGANIZATIONAL-UNIT-OPS,LOC-CENTRAL,2026-08-01
EMP277,Amna Chaudhry,Operations,EXEC-OPS-HEAD,S044,Problem Solving,Behavioral,Common,Current,4,Advanced,90.5,12.7,16,Planned,No,DEPARTMENT-006,Enterprise Operations,ORGANIZATIONAL-UNIT-OPS,LOC-CENTRAL,2026-08-01
EMP277,Amna Chaudhry,Operations,EXEC-OPS-HEAD,S019,Process Management,Functional,Core,Current,5,Expert,85.2,14.6,6,Not Required,No,DEPARTMENT-006,Enterprise Operations,ORGANIZATIONAL-UNIT-OPS,LOC-CENTRAL,2026-08-01
EMP278,Kinza Mirza,Operations,POS-272,S046,Leadership,Leadership,Leadership,Current,3,Proficient,76.7,10.3,5,Not Required,Yes,DEPARTMENT-006,Enterprise Operations,ORGANIZATIONAL-UNIT-OPS,LOC-CENTRAL,2026-08-01
EMP278,Kinza Mirza,Operations,POS-272,S024,Workflow Coordination,Functional,Core,Current,3,Proficient,80.3,10.4,7,Certified,No,DEPARTMENT-006,Enterprise Operations,ORGANIZATIONAL-UNIT-OPS,LOC-CENTRAL,2026-08-01
EMP278,Kinza Mirza,Operations,POS-272,S023,Risk & Controls,Compliance,Core,Current,5,Expert,92.6,14.0,12,Certified,No,DEPARTMENT-006,Enterprise Operations,ORGANIZATIONAL-UNIT-OPS,LOC-CENTRAL,2026-08-01
EMP278,Kinza Mirza,Operations,POS-272,S044,Problem Solving,Behavioral,Common,Current,5,Expert,93.5,15.1,17,Planned,No,DEPARTMENT-006,Enterprise Operations,ORGANIZATIONAL-UNIT-OPS,LOC-CENTRAL,2026-08-01
EMP278,Kinza Mirza,Operations,POS-272,S021,Process Improvement,Functional,Core,Current,4,Advanced,85.6,11.7,13,Not Required,No,DEPARTMENT-006,Enterprise Operations,ORGANIZATIONAL-UNIT-OPS,LOC-CENTRAL,2026-08-01
EMP279,Minal Ali,Operations,POS-273,S024,Workflow Coordination,Functional,Core,Current,5,Expert,99.0,12.1,0,Not Required,Yes,DEPARTMENT-006,Enterprise Operations,ORGANIZATIONAL-UNIT-OPS-TEAM-02,LOC-CENTRAL,2026-08-01
EMP279,Minal Ali,Operations,POS-273,S046,Leadership,Leadership,Leadership,Current,4,Advanced,82.4,10.0,1,Not Required,No,DEPARTMENT-006,Enterprise Operations,ORGANIZATIONAL-UNIT-OPS-TEAM-02,LOC-CENTRAL,2026-08-01
EMP279,Minal Ali,Operations,POS-273,S021,Process Improvement,Functional,Core,Current,5,Expert,91.4,12.1,13,Not Required,No,DEPARTMENT-006,Enterprise Operations,ORGANIZATIONAL-UNIT-OPS-TEAM-02,LOC-CENTRAL,2026-08-01
EMP279,Minal Ali,Operations,POS-273,S050,Project Management,Leadership,Common,Current,3,Proficient,80.7,9.5,3,Not Required,No,DEPARTMENT-006,Enterprise Operations,ORGANIZATIONAL-UNIT-OPS-TEAM-02,LOC-CENTRAL,2026-08-01
EMP279,Minal Ali,Operations,POS-273,S044,Problem Solving,Behavioral,Common,Current,4,Advanced,88.9,11.7,12,Not Required,No,DEPARTMENT-006,Enterprise Operations,ORGANIZATIONAL-UNIT-OPS-TEAM-02,LOC-CENTRAL,2026-08-01
EMP280,Noman Waheed,Operations,POS-274,S046,Leadership,Leadership,Leadership,Current,3,Proficient,82.4,3.5,0,Certified,Yes,DEPARTMENT-006,Enterprise Operations,ORGANIZATIONAL-UNIT-OPS-TEAM-03,LOC-CENTRAL,2026-08-01
EMP280,Noman Waheed,Operations,POS-274,S023,Risk & Controls,Compliance,Core,Current,4,Advanced,91.5,4.6,8,Certified,No,DEPARTMENT-006,Enterprise Operations,ORGANIZATIONAL-UNIT-OPS-TEAM-03,LOC-CENTRAL,2026-08-01
EMP280,Noman Waheed,Operations,POS-274,S044,Problem Solving,Behavioral,Common,Current,5,Expert,97.8,5.6,15,Not Required,No,DEPARTMENT-006,Enterprise Operations,ORGANIZATIONAL-UNIT-OPS-TEAM-03,LOC-CENTRAL,2026-08-01
EMP280,Noman Waheed,Operations,POS-274,S050,Project Management,Leadership,Common,Current,4,Advanced,91.6,4.0,4,Not Required,No,DEPARTMENT-006,Enterprise Operations,ORGANIZATIONAL-UNIT-OPS-TEAM-03,LOC-CENTRAL,2026-08-01
EMP280,Noman Waheed,Operations,POS-274,S049,Data Analysis,Digital,Common,Current,3,Proficient,84.8,3.6,6,Certified,No,DEPARTMENT-006,Enterprise Operations,ORGANIZATIONAL-UNIT-OPS-TEAM-03,LOC-CENTRAL,2026-08-01
EMP281,Noman Shah,Operations,POS-275,S044,Problem Solving,Behavioral,Common,Current,3,Proficient,75.4,9.1,18,Not Required,Yes,DEPARTMENT-006,Enterprise Operations,ORGANIZATIONAL-UNIT-OPS-TEAM-01,LOC-CENTRAL,2026-08-01
EMP281,Noman Shah,Operations,POS-275,S046,Leadership,Leadership,Leadership,Current,5,Expert,94.8,10.4,3,Not Required,No,DEPARTMENT-006,Enterprise Operations,ORGANIZATIONAL-UNIT-OPS-TEAM-01,LOC-CENTRAL,2026-08-01
EMP281,Noman Shah,Operations,POS-275,S020,SOP Compliance,Compliance,Core,Current,3,Proficient,77.3,8.8,14,Certified,No,DEPARTMENT-006,Enterprise Operations,ORGANIZATIONAL-UNIT-OPS-TEAM-01,LOC-CENTRAL,2026-08-01
EMP281,Noman Shah,Operations,POS-275,S024,Workflow Coordination,Functional,Core,Current,3,Proficient,69.4,8.3,10,Not Required,No,DEPARTMENT-006,Enterprise Operations,ORGANIZATIONAL-UNIT-OPS-TEAM-01,LOC-CENTRAL,2026-08-01
EMP281,Noman Shah,Operations,POS-275,S021,Process Improvement,Functional,Core,Current,4,Advanced,86.9,8.3,13,Certified,No,DEPARTMENT-006,Enterprise Operations,ORGANIZATIONAL-UNIT-OPS-TEAM-01,LOC-CENTRAL,2026-08-01
EMP282,Sana Latif,Operations,POS-276,S046,Leadership,Leadership,Leadership,Current,3,Proficient,83.9,9.5,12,Certified,Yes,DEPARTMENT-006,Enterprise Operations,ORGANIZATIONAL-UNIT-OPS-TEAM-01,LOC-CENTRAL,2026-08-01
EMP282,Sana Latif,Operations,POS-276,S024,Workflow Coordination,Functional,Core,Current,4,Advanced,93.8,10.8,5,Planned,No,DEPARTMENT-006,Enterprise Operations,ORGANIZATIONAL-UNIT-OPS-TEAM-01,LOC-CENTRAL,2026-08-01
EMP282,Sana Latif,Operations,POS-276,S021,Process Improvement,Functional,Core,Current,3,Proficient,81.1,9.9,8,Certified,No,DEPARTMENT-006,Enterprise Operations,ORGANIZATIONAL-UNIT-OPS-TEAM-01,LOC-CENTRAL,2026-08-01
EMP282,Sana Latif,Operations,POS-276,S044,Problem Solving,Behavioral,Common,Current,4,Advanced,91.7,11.7,9,Certified,No,DEPARTMENT-006,Enterprise Operations,ORGANIZATIONAL-UNIT-OPS-TEAM-01,LOC-CENTRAL,2026-08-01
EMP282,Sana Latif,Operations,POS-276,S023,Risk & Controls,Compliance,Core,Current,5,Expert,100,9.3,12,Not Required,No,DEPARTMENT-006,Enterprise Operations,ORGANIZATIONAL-UNIT-OPS-TEAM-01,LOC-CENTRAL,2026-08-01
EMP283,Komal Baig,Operations,POS-277,S019,Process Management,Functional,Core,Current,3,Proficient,66.3,8.6,0,Certified,Yes,DEPARTMENT-006,Enterprise Operations,ORGANIZATIONAL-UNIT-OPS-TEAM-03,LOC-CENTRAL,2026-08-01
EMP283,Komal Baig,Operations,POS-277,S046,Leadership,Leadership,Leadership,Current,4,Advanced,96.7,11.8,14,Not Required,No,DEPARTMENT-006,Enterprise Operations,ORGANIZATIONAL-UNIT-OPS-TEAM-03,LOC-CENTRAL,2026-08-01
EMP283,Komal Baig,Operations,POS-277,S022,Quality Control,Functional,Core,Current,3,Proficient,71.3,9.8,18,Certified,No,DEPARTMENT-006,Enterprise Operations,ORGANIZATIONAL-UNIT-OPS-TEAM-03,LOC-CENTRAL,2026-08-01
EMP283,Komal Baig,Operations,POS-277,S021,Process Improvement,Functional,Core,Current,5,Expert,100,13.1,4,Certified,No,DEPARTMENT-006,Enterprise Operations,ORGANIZATIONAL-UNIT-OPS-TEAM-03,LOC-CENTRAL,2026-08-01
EMP283,Komal Baig,Operations,POS-277,S044,Problem Solving,Behavioral,Common,Current,5,Expert,100,11.6,0,Planned,No,DEPARTMENT-006,Enterprise Operations,ORGANIZATIONAL-UNIT-OPS-TEAM-03,LOC-CENTRAL,2026-08-01
EMP284,Hamza Aziz,Operations,POS-278,S050,Project Management,Leadership,Common,Current,5,Expert,92.7,10.0,6,Planned,Yes,DEPARTMENT-006,Enterprise Operations,ORGANIZATIONAL-UNIT-OPS-TEAM-02,LOC-CENTRAL,2026-08-01
EMP284,Hamza Aziz,Operations,POS-278,S049,Data Analysis,Digital,Common,Current,5,Expert,100,12.1,18,Not Required,No,DEPARTMENT-006,Enterprise Operations,ORGANIZATIONAL-UNIT-OPS-TEAM-02,LOC-CENTRAL,2026-08-01
EMP284,Hamza Aziz,Operations,POS-278,S023,Risk & Controls,Compliance,Core,Current,3,Proficient,74.6,9.0,17,Not Required,No,DEPARTMENT-006,Enterprise Operations,ORGANIZATIONAL-UNIT-OPS-TEAM-02,LOC-CENTRAL,2026-08-01
EMP284,Hamza Aziz,Operations,POS-278,S046,Leadership,Leadership,Leadership,Current,3,Proficient,66.7,8.8,14,Planned,No,DEPARTMENT-006,Enterprise Operations,ORGANIZATIONAL-UNIT-OPS-TEAM-02,LOC-CENTRAL,2026-08-01
EMP284,Hamza Aziz,Operations,POS-278,S024,Workflow Coordination,Functional,Core,Current,3,Proficient,81.7,9.1,18,Not Required,No,DEPARTMENT-006,Enterprise Operations,ORGANIZATIONAL-UNIT-OPS-TEAM-02,LOC-CENTRAL,2026-08-01
EMP285,Maryam Baig,Operations,POS-279,S021,Process Improvement,Functional,Core,Current,3,Proficient,82.8,9.7,5,Planned,Yes,DEPARTMENT-006,Enterprise Operations,ORGANIZATIONAL-UNIT-OPS-TEAM-03,LOC-CENTRAL,2026-08-01
EMP285,Maryam Baig,Operations,POS-279,S024,Workflow Coordination,Functional,Core,Current,4,Advanced,95.4,9.2,8,Not Required,No,DEPARTMENT-006,Enterprise Operations,ORGANIZATIONAL-UNIT-OPS-TEAM-03,LOC-CENTRAL,2026-08-01
EMP285,Maryam Baig,Operations,POS-279,S023,Risk & Controls,Compliance,Core,Current,4,Advanced,92.9,10.7,0,Not Required,No,DEPARTMENT-006,Enterprise Operations,ORGANIZATIONAL-UNIT-OPS-TEAM-03,LOC-CENTRAL,2026-08-01
EMP285,Maryam Baig,Operations,POS-279,S019,Process Management,Functional,Core,Current,3,Proficient,78.9,9.8,9,Not Required,No,DEPARTMENT-006,Enterprise Operations,ORGANIZATIONAL-UNIT-OPS-TEAM-03,LOC-CENTRAL,2026-08-01
EMP285,Maryam Baig,Operations,POS-279,S020,SOP Compliance,Compliance,Core,Current,5,Expert,95.0,10.3,8,Planned,No,DEPARTMENT-006,Enterprise Operations,ORGANIZATIONAL-UNIT-OPS-TEAM-03,LOC-CENTRAL,2026-08-01
EMP286,Taha Munir,Operations,POS-280,S024,Workflow Coordination,Functional,Core,Current,5,Expert,99.5,9.9,0,Not Required,Yes,DEPARTMENT-006,Enterprise Operations,ORGANIZATIONAL-UNIT-OPS-TEAM-01,LOC-CENTRAL,2026-08-01
EMP286,Taha Munir,Operations,POS-280,S046,Leadership,Leadership,Leadership,Current,4,Advanced,79.5,11.2,2,Not Required,No,DEPARTMENT-006,Enterprise Operations,ORGANIZATIONAL-UNIT-OPS-TEAM-01,LOC-CENTRAL,2026-08-01
EMP286,Taha Munir,Operations,POS-280,S023,Risk & Controls,Compliance,Core,Current,4,Advanced,86.5,11.7,9,Not Required,No,DEPARTMENT-006,Enterprise Operations,ORGANIZATIONAL-UNIT-OPS-TEAM-01,LOC-CENTRAL,2026-08-01
EMP286,Taha Munir,Operations,POS-280,S019,Process Management,Functional,Core,Current,3,Proficient,76.4,9.6,6,Not Required,No,DEPARTMENT-006,Enterprise Operations,ORGANIZATIONAL-UNIT-OPS-TEAM-01,LOC-CENTRAL,2026-08-01
EMP286,Taha Munir,Operations,POS-280,S044,Problem Solving,Behavioral,Common,Current,5,Expert,90.3,12.6,15,Not Required,No,DEPARTMENT-006,Enterprise Operations,ORGANIZATIONAL-UNIT-OPS-TEAM-01,LOC-CENTRAL,2026-08-01
EMP287,Komal Waheed,Operations,POS-281,S050,Project Management,Leadership,Common,Developing,2,Developing,63.7,5.1,2,Planned,Yes,DEPARTMENT-006,Enterprise Operations,ORGANIZATIONAL-UNIT-OPS-TEAM-02,LOC-CENTRAL,2026-08-01
EMP287,Komal Waheed,Operations,POS-281,S022,Quality Control,Functional,Core,Current,5,Expert,82.9,5.8,2,Certified,No,DEPARTMENT-006,Enterprise Operations,ORGANIZATIONAL-UNIT-OPS-TEAM-02,LOC-CENTRAL,2026-08-01
EMP287,Komal Waheed,Operations,POS-281,S046,Leadership,Leadership,Leadership,Current,5,Expert,91.1,5.4,2,Not Required,No,DEPARTMENT-006,Enterprise Operations,ORGANIZATIONAL-UNIT-OPS-TEAM-02,LOC-CENTRAL,2026-08-01
EMP287,Komal Waheed,Operations,POS-281,S023,Risk & Controls,Compliance,Core,Current,5,Expert,90.6,5.3,14,Certified,No,DEPARTMENT-006,Enterprise Operations,ORGANIZATIONAL-UNIT-OPS-TEAM-02,LOC-CENTRAL,2026-08-01
EMP287,Komal Waheed,Operations,POS-281,S024,Workflow Coordination,Functional,Core,Current,4,Advanced,82.2,5.4,16,Planned,No,DEPARTMENT-006,Enterprise Operations,ORGANIZATIONAL-UNIT-OPS-TEAM-02,LOC-CENTRAL,2026-08-01
EMP288,Hira Chaudhry,Operations,POS-282,S020,SOP Compliance,Compliance,Core,Current,5,Expert,86.7,6.4,0,Certified,Yes,DEPARTMENT-006,Enterprise Operations,ORGANIZATIONAL-UNIT-OPS-TEAM-01,LOC-CENTRAL,2026-08-01
EMP288,Hira Chaudhry,Operations,POS-282,S019,Process Management,Functional,Core,Developing,2,Developing,56.7,7.0,18,Not Required,No,DEPARTMENT-006,Enterprise Operations,ORGANIZATIONAL-UNIT-OPS-TEAM-01,LOC-CENTRAL,2026-08-01
EMP288,Hira Chaudhry,Operations,POS-282,S023,Risk & Controls,Compliance,Core,Developing,2,Developing,55.8,6.7,12,Certified,No,DEPARTMENT-006,Enterprise Operations,ORGANIZATIONAL-UNIT-OPS-TEAM-01,LOC-CENTRAL,2026-08-01
EMP288,Hira Chaudhry,Operations,POS-282,S021,Process Improvement,Functional,Core,Current,5,Expert,100,7.7,17,Certified,No,DEPARTMENT-006,Enterprise Operations,ORGANIZATIONAL-UNIT-OPS-TEAM-01,LOC-CENTRAL,2026-08-01
EMP288,Hira Chaudhry,Operations,POS-282,S050,Project Management,Leadership,Common,Current,3,Proficient,67.2,6.7,5,Not Required,No,DEPARTMENT-006,Enterprise Operations,ORGANIZATIONAL-UNIT-OPS-TEAM-01,LOC-CENTRAL,2026-08-01
EMP289,Ali Javed,Operations,POS-283,S046,Leadership,Leadership,Leadership,Developing,2,Developing,79.9,3.0,1,Planned,Yes,DEPARTMENT-006,Enterprise Operations,ORGANIZATIONAL-UNIT-OPS-TEAM-03,LOC-CENTRAL,2026-08-01
EMP289,Ali Javed,Operations,POS-283,S024,Workflow Coordination,Functional,Core,Developing,1,Beginner,62.7,3.8,8,Not Required,No,DEPARTMENT-006,Enterprise Operations,ORGANIZATIONAL-UNIT-OPS-TEAM-03,LOC-CENTRAL,2026-08-01
EMP289,Ali Javed,Operations,POS-283,S023,Risk & Controls,Compliance,Core,Developing,1,Beginner,50.7,2.6,5,Not Required,No,DEPARTMENT-006,Enterprise Operations,ORGANIZATIONAL-UNIT-OPS-TEAM-03,LOC-CENTRAL,2026-08-01
EMP289,Ali Javed,Operations,POS-283,S019,Process Management,Functional,Core,Developing,2,Developing,68.9,2.8,11,Not Required,No,DEPARTMENT-006,Enterprise Operations,ORGANIZATIONAL-UNIT-OPS-TEAM-03,LOC-CENTRAL,2026-08-01
EMP289,Ali Javed,Operations,POS-283,S050,Project Management,Leadership,Common,Developing,2,Developing,59.4,3.2,5,Not Required,No,DEPARTMENT-006,Enterprise Operations,ORGANIZATIONAL-UNIT-OPS-TEAM-03,LOC-CENTRAL,2026-08-01
EMP290,Sara Shah,Operations,POS-284,S019,Process Management,Functional,Core,Developing,1,Beginner,55.2,3.3,9,Not Required,Yes,DEPARTMENT-006,Enterprise Operations,ORGANIZATIONAL-UNIT-OPS-TEAM-01,LOC-CENTRAL,2026-08-01
EMP290,Sara Shah,Operations,POS-284,S024,Workflow Coordination,Functional,Core,Developing,2,Developing,74.7,0.6,16,Not Required,No,DEPARTMENT-006,Enterprise Operations,ORGANIZATIONAL-UNIT-OPS-TEAM-01,LOC-CENTRAL,2026-08-01
EMP290,Sara Shah,Operations,POS-284,S050,Project Management,Leadership,Common,Developing,2,Developing,61.7,1.3,11,Not Required,No,DEPARTMENT-006,Enterprise Operations,ORGANIZATIONAL-UNIT-OPS-TEAM-01,LOC-CENTRAL,2026-08-01
EMP290,Sara Shah,Operations,POS-284,S046,Leadership,Leadership,Leadership,Developing,1,Beginner,57.7,1.3,8,Not Required,No,DEPARTMENT-006,Enterprise Operations,ORGANIZATIONAL-UNIT-OPS-TEAM-01,LOC-CENTRAL,2026-08-01
EMP290,Sara Shah,Operations,POS-284,S023,Risk & Controls,Compliance,Core,Developing,1,Beginner,62.0,0.9,7,Not Required,No,DEPARTMENT-006,Enterprise Operations,ORGANIZATIONAL-UNIT-OPS-TEAM-01,LOC-CENTRAL,2026-08-01
EMP291,Raza Khan,Operations,POS-285,S019,Process Management,Functional,Core,Developing,1,Beginner,51.3,3.5,2,Not Required,Yes,DEPARTMENT-006,Enterprise Operations,ORGANIZATIONAL-UNIT-OPS-TEAM-02,LOC-CENTRAL,2026-08-01
EMP291,Raza Khan,Operations,POS-285,S024,Workflow Coordination,Functional,Core,Developing,2,Developing,71.6,3.6,0,Certified,No,DEPARTMENT-006,Enterprise Operations,ORGANIZATIONAL-UNIT-OPS-TEAM-02,LOC-CENTRAL,2026-08-01
EMP291,Raza Khan,Operations,POS-285,S050,Project Management,Leadership,Common,Current,3,Proficient,73.8,3.6,8,Not Required,No,DEPARTMENT-006,Enterprise Operations,ORGANIZATIONAL-UNIT-OPS-TEAM-02,LOC-CENTRAL,2026-08-01
EMP291,Raza Khan,Operations,POS-285,S023,Risk & Controls,Compliance,Core,Developing,1,Beginner,59.5,1.8,1,Certified,No,DEPARTMENT-006,Enterprise Operations,ORGANIZATIONAL-UNIT-OPS-TEAM-02,LOC-CENTRAL,2026-08-01
EMP291,Raza Khan,Operations,POS-285,S020,SOP Compliance,Compliance,Core,Current,3,Proficient,78.9,2.0,4,Not Required,No,DEPARTMENT-006,Enterprise Operations,ORGANIZATIONAL-UNIT-OPS-TEAM-02,LOC-CENTRAL,2026-08-01
EMP292,Imran Mughal,IT,EXEC-IT-HEAD,S044,Problem Solving,Behavioral,Common,Current,4,Advanced,89.4,11.9,15,Not Required,Yes,DEPARTMENT-007,Technology and Innovation,ORGANIZATIONAL-UNIT-IT,LOC-HQ,2026-08-01
EMP292,Imran Mughal,IT,EXEC-IT-HEAD,S010,IT Service Management,Functional,Core,Current,4,Advanced,77.0,11.7,4,Planned,No,DEPARTMENT-007,Technology and Innovation,ORGANIZATIONAL-UNIT-IT,LOC-HQ,2026-08-01
EMP292,Imran Mughal,IT,EXEC-IT-HEAD,S009,Network Administration,Technical,Core,Current,4,Advanced,76.2,12.9,7,Not Required,No,DEPARTMENT-007,Technology and Innovation,ORGANIZATIONAL-UNIT-IT,LOC-HQ,2026-08-01
EMP292,Imran Mughal,IT,EXEC-IT-HEAD,S011,Incident Management,Functional,Core,Current,5,Expert,79.2,11.8,8,Not Required,No,DEPARTMENT-007,Technology and Innovation,ORGANIZATIONAL-UNIT-IT,LOC-HQ,2026-08-01
EMP292,Imran Mughal,IT,EXEC-IT-HEAD,S050,Project Management,Leadership,Common,Current,4,Advanced,91.9,12.1,17,Not Required,No,DEPARTMENT-007,Technology and Innovation,ORGANIZATIONAL-UNIT-IT,LOC-HQ,2026-08-01
EMP293,Asad Akhtar,IT,POS-286,S010,IT Service Management,Functional,Core,Current,5,Expert,88.5,10.1,10,Not Required,Yes,DEPARTMENT-007,Technology and Innovation,ORGANIZATIONAL-UNIT-IT,LOC-HQ,2026-08-01
EMP293,Asad Akhtar,IT,POS-286,S044,Problem Solving,Behavioral,Common,Current,5,Expert,83.4,7.5,10,Planned,No,DEPARTMENT-007,Technology and Innovation,ORGANIZATIONAL-UNIT-IT,LOC-HQ,2026-08-01
EMP293,Asad Akhtar,IT,POS-286,S046,Leadership,Leadership,Leadership,Current,4,Advanced,76.9,8.1,8,Certified,No,DEPARTMENT-007,Technology and Innovation,ORGANIZATIONAL-UNIT-IT,LOC-HQ,2026-08-01
EMP293,Asad Akhtar,IT,POS-286,S053,Documentation,Behavioral,Common,Current,5,Expert,94.5,9.4,12,Not Required,No,DEPARTMENT-007,Technology and Innovation,ORGANIZATIONAL-UNIT-IT,LOC-HQ,2026-08-01
EMP293,Asad Akhtar,IT,POS-286,S050,Project Management,Leadership,Common,Current,4,Advanced,100,10.3,12,Certified,No,DEPARTMENT-007,Technology and Innovation,ORGANIZATIONAL-UNIT-IT,LOC-HQ,2026-08-01
EMP294,Sara Mirza,IT,POS-287,S007,Cloud Platforms,Technical,Digital,Current,4,Advanced,87.6,11.9,9,Not Required,Yes,DEPARTMENT-007,Technology and Innovation,ORGANIZATIONAL-UNIT-IT,LOC-HQ,2026-08-01
EMP294,Sara Mirza,IT,POS-287,S009,Network Administration,Technical,Core,Current,3,Proficient,72.0,10.2,8,Not Required,No,DEPARTMENT-007,Technology and Innovation,ORGANIZATIONAL-UNIT-IT,LOC-HQ,2026-08-01
EMP294,Sara Mirza,IT,POS-287,S050,Project Management,Leadership,Common,Current,4,Advanced,82.7,11.7,16,Certified,No,DEPARTMENT-007,Technology and Innovation,ORGANIZATIONAL-UNIT-IT,LOC-HQ,2026-08-01
EMP294,Sara Mirza,IT,POS-287,S046,Leadership,Leadership,Leadership,Current,5,Expert,91.4,15.2,1,Not Required,No,DEPARTMENT-007,Technology and Innovation,ORGANIZATIONAL-UNIT-IT,LOC-HQ,2026-08-01
EMP294,Sara Mirza,IT,POS-287,S044,Problem Solving,Behavioral,Common,Current,3,Proficient,65.0,9.3,5,Not Required,No,DEPARTMENT-007,Technology and Innovation,ORGANIZATIONAL-UNIT-IT,LOC-HQ,2026-08-01
EMP295,Raza Rehman,IT,POS-288,S050,Project Management,Leadership,Common,Current,4,Advanced,78.1,7.2,16,Not Required,Yes,DEPARTMENT-007,Technology and Innovation,ORGANIZATIONAL-UNIT-IT,LOC-HQ,2026-08-01
EMP295,Raza Rehman,IT,POS-288,S011,Incident Management,Functional,Core,Current,3,Proficient,88.9,7.5,12,Planned,No,DEPARTMENT-007,Technology and Innovation,ORGANIZATIONAL-UNIT-IT,LOC-HQ,2026-08-01
EMP295,Raza Rehman,IT,POS-288,S053,Documentation,Behavioral,Common,Current,4,Advanced,90.7,7.6,11,Certified,No,DEPARTMENT-007,Technology and Innovation,ORGANIZATIONAL-UNIT-IT,LOC-HQ,2026-08-01
EMP295,Raza Rehman,IT,POS-288,S010,IT Service Management,Functional,Core,Current,4,Advanced,95.5,8.0,7,Not Required,No,DEPARTMENT-007,Technology and Innovation,ORGANIZATIONAL-UNIT-IT,LOC-HQ,2026-08-01
EMP295,Raza Rehman,IT,POS-288,S007,Cloud Platforms,Technical,Digital,Current,5,Expert,97.4,7.2,8,Not Required,No,DEPARTMENT-007,Technology and Innovation,ORGANIZATIONAL-UNIT-IT,LOC-HQ,2026-08-01
EMP296,Fahad Aziz,IT,POS-289,S007,Cloud Platforms,Technical,Digital,Current,4,Advanced,83.0,12.4,12,Planned,Yes,DEPARTMENT-007,Technology and Innovation,ORGANIZATIONAL-UNIT-IT-TEAM-02,LOC-HQ,2026-08-01
EMP296,Fahad Aziz,IT,POS-289,S046,Leadership,Leadership,Leadership,Current,3,Proficient,63.9,9.8,12,Not Required,No,DEPARTMENT-007,Technology and Innovation,ORGANIZATIONAL-UNIT-IT-TEAM-02,LOC-HQ,2026-08-01
EMP296,Fahad Aziz,IT,POS-289,S009,Network Administration,Technical,Core,Current,3,Proficient,70.5,10.0,0,Not Required,No,DEPARTMENT-007,Technology and Innovation,ORGANIZATIONAL-UNIT-IT-TEAM-02,LOC-HQ,2026-08-01
EMP296,Fahad Aziz,IT,POS-289,S050,Project Management,Leadership,Common,Current,5,Expert,92.5,12.4,7,Certified,No,DEPARTMENT-007,Technology and Innovation,ORGANIZATIONAL-UNIT-IT-TEAM-02,LOC-HQ,2026-08-01
EMP296,Fahad Aziz,IT,POS-289,S002,SQL & Databases,Technical,Core,Current,4,Advanced,84.9,11.9,12,Not Required,No,DEPARTMENT-007,Technology and Innovation,ORGANIZATIONAL-UNIT-IT-TEAM-02,LOC-HQ,2026-08-01
EMP297,Usman Mughal,IT,POS-290,S044,Problem Solving,Behavioral,Common,Current,4,Advanced,92.0,7.3,12,Not Required,Yes,DEPARTMENT-007,Technology and Innovation,ORGANIZATIONAL-UNIT-IT-TEAM-01,LOC-HQ,2026-08-01
EMP297,Usman Mughal,IT,POS-290,S009,Network Administration,Technical,Core,Current,3,Proficient,72.1,6.1,14,Certified,No,DEPARTMENT-007,Technology and Innovation,ORGANIZATIONAL-UNIT-IT-TEAM-01,LOC-HQ,2026-08-01
EMP297,Usman Mughal,IT,POS-290,S010,IT Service Management,Functional,Core,Current,3,Proficient,70.3,5.8,17,Not Required,No,DEPARTMENT-007,Technology and Innovation,ORGANIZATIONAL-UNIT-IT-TEAM-01,LOC-HQ,2026-08-01
EMP297,Usman Mughal,IT,POS-290,S002,SQL & Databases,Technical,Core,Current,4,Advanced,80.9,6.7,16,Certified,No,DEPARTMENT-007,Technology and Innovation,ORGANIZATIONAL-UNIT-IT-TEAM-01,LOC-HQ,2026-08-01
EMP297,Usman Mughal,IT,POS-290,S050,Project Management,Leadership,Common,Current,4,Advanced,89.0,6.4,11,Not Required,No,DEPARTMENT-007,Technology and Innovation,ORGANIZATIONAL-UNIT-IT-TEAM-01,LOC-HQ,2026-08-01
EMP298,Ayesha Mughal,IT,POS-291,S010,IT Service Management,Functional,Core,Current,3,Proficient,70.9,8.2,18,Not Required,Yes,DEPARTMENT-007,Technology and Innovation,ORGANIZATIONAL-UNIT-IT-TEAM-01,LOC-HQ,2026-08-01
EMP298,Ayesha Mughal,IT,POS-291,S008,Cybersecurity,Technical,Digital,Current,5,Expert,95.0,6.3,5,Certified,No,DEPARTMENT-007,Technology and Innovation,ORGANIZATIONAL-UNIT-IT-TEAM-01,LOC-HQ,2026-08-01
EMP298,Ayesha Mughal,IT,POS-291,S007,Cloud Platforms,Technical,Digital,Current,5,Expert,99.8,8.6,5,Not Required,No,DEPARTMENT-007,Technology and Innovation,ORGANIZATIONAL-UNIT-IT-TEAM-01,LOC-HQ,2026-08-01
EMP298,Ayesha Mughal,IT,POS-291,S009,Network Administration,Technical,Core,Current,4,Advanced,84.3,7.6,15,Certified,No,DEPARTMENT-007,Technology and Innovation,ORGANIZATIONAL-UNIT-IT-TEAM-01,LOC-HQ,2026-08-01
EMP298,Ayesha Mughal,IT,POS-291,S053,Documentation,Behavioral,Common,Current,4,Advanced,88.4,6.6,15,Certified,No,DEPARTMENT-007,Technology and Innovation,ORGANIZATIONAL-UNIT-IT-TEAM-01,LOC-HQ,2026-08-01
EMP299,Noor Nadeem,IT,POS-292,S008,Cybersecurity,Technical,Digital,Current,4,Advanced,77.4,5.4,3,Certified,Yes,DEPARTMENT-007,Technology and Innovation,ORGANIZATIONAL-UNIT-IT-TEAM-02,LOC-HQ,2026-08-01
EMP299,Noor Nadeem,IT,POS-292,S046,Leadership,Leadership,Leadership,Current,4,Advanced,92.9,4.7,6,Not Required,No,DEPARTMENT-007,Technology and Innovation,ORGANIZATIONAL-UNIT-IT-TEAM-02,LOC-HQ,2026-08-01
EMP299,Noor Nadeem,IT,POS-292,S002,SQL & Databases,Technical,Core,Current,5,Expert,100,4.6,9,Planned,No,DEPARTMENT-007,Technology and Innovation,ORGANIZATIONAL-UNIT-IT-TEAM-02,LOC-HQ,2026-08-01
EMP299,Noor Nadeem,IT,POS-292,S010,IT Service Management,Functional,Core,Current,4,Advanced,88.7,6.5,14,Certified,No,DEPARTMENT-007,Technology and Innovation,ORGANIZATIONAL-UNIT-IT-TEAM-02,LOC-HQ,2026-08-01
EMP299,Noor Nadeem,IT,POS-292,S053,Documentation,Behavioral,Common,Current,3,Proficient,80.4,4.7,0,Certified,No,DEPARTMENT-007,Technology and Innovation,ORGANIZATIONAL-UNIT-IT-TEAM-02,LOC-HQ,2026-08-01
EMP300,Talha Akhtar,IT,POS-293,S011,Incident Management,Functional,Core,Current,3,Proficient,81.6,2.3,12,Not Required,Yes,DEPARTMENT-007,Technology and Innovation,ORGANIZATIONAL-UNIT-IT-TEAM-03,LOC-HQ,2026-08-01
EMP300,Talha Akhtar,IT,POS-293,S053,Documentation,Behavioral,Common,Current,5,Expert,92.2,4.3,10,Not Required,No,DEPARTMENT-007,Technology and Innovation,ORGANIZATIONAL-UNIT-IT-TEAM-03,LOC-HQ,2026-08-01
EMP300,Talha Akhtar,IT,POS-293,S007,Cloud Platforms,Technical,Digital,Current,4,Advanced,100,4.1,5,Planned,No,DEPARTMENT-007,Technology and Innovation,ORGANIZATIONAL-UNIT-IT-TEAM-03,LOC-HQ,2026-08-01
EMP300,Talha Akhtar,IT,POS-293,S046,Leadership,Leadership,Leadership,Developing,2,Developing,73.2,2.0,15,Planned,No,DEPARTMENT-007,Technology and Innovation,ORGANIZATIONAL-UNIT-IT-TEAM-03,LOC-HQ,2026-08-01
EMP300,Talha Akhtar,IT,POS-293,S002,SQL & Databases,Technical,Core,Current,3,Proficient,80.8,4.2,6,Planned,No,DEPARTMENT-007,Technology and Innovation,ORGANIZATIONAL-UNIT-IT-TEAM-03,LOC-HQ,2026-08-01
EMP301,Talha Ali,IT,POS-294,S050,Project Management,Leadership,Common,Current,4,Advanced,85.6,2.6,17,Not Required,Yes,DEPARTMENT-007,Technology and Innovation,ORGANIZATIONAL-UNIT-IT-TEAM-03,LOC-HQ,2026-08-01
EMP301,Talha Ali,IT,POS-294,S011,Incident Management,Functional,Core,Developing,2,Developing,64.7,2.2,0,Not Required,No,DEPARTMENT-007,Technology and Innovation,ORGANIZATIONAL-UNIT-IT-TEAM-03,LOC-HQ,2026-08-01
EMP301,Talha Ali,IT,POS-294,S009,Network Administration,Technical,Core,Current,3,Proficient,71.2,3.2,16,Not Required,No,DEPARTMENT-007,Technology and Innovation,ORGANIZATIONAL-UNIT-IT-TEAM-03,LOC-HQ,2026-08-01
EMP301,Talha Ali,IT,POS-294,S002,SQL & Databases,Technical,Core,Current,5,Expert,94.5,3.3,2,Not Required,No,DEPARTMENT-007,Technology and Innovation,ORGANIZATIONAL-UNIT-IT-TEAM-03,LOC-HQ,2026-08-01
EMP301,Talha Ali,IT,POS-294,S007,Cloud Platforms,Technical,Digital,Current,4,Advanced,81.0,2.4,12,Planned,No,DEPARTMENT-007,Technology and Innovation,ORGANIZATIONAL-UNIT-IT-TEAM-03,LOC-HQ,2026-08-01
EMP302,Zainab Mahmood,IT,POS-295,S050,Project Management,Leadership,Common,Current,4,Advanced,88.9,5.6,7,Not Required,Yes,DEPARTMENT-007,Technology and Innovation,ORGANIZATIONAL-UNIT-IT-TEAM-01,LOC-HQ,2026-08-01
EMP302,Zainab Mahmood,IT,POS-295,S010,IT Service Management,Functional,Core,Developing,2,Developing,65.1,3.5,15,Not Required,No,DEPARTMENT-007,Technology and Innovation,ORGANIZATIONAL-UNIT-IT-TEAM-01,LOC-HQ,2026-08-01
EMP302,Zainab Mahmood,IT,POS-295,S011,Incident Management,Functional,Core,Current,5,Expert,100,4.8,12,Planned,No,DEPARTMENT-007,Technology and Innovation,ORGANIZATIONAL-UNIT-IT-TEAM-01,LOC-HQ,2026-08-01
EMP302,Zainab Mahmood,IT,POS-295,S044,Problem Solving,Behavioral,Common,Developing,2,Developing,78.6,4.8,0,Not Required,No,DEPARTMENT-007,Technology and Innovation,ORGANIZATIONAL-UNIT-IT-TEAM-01,LOC-HQ,2026-08-01
EMP302,Zainab Mahmood,IT,POS-295,S053,Documentation,Behavioral,Common,Developing,2,Developing,69.3,4.1,17,Not Required,No,DEPARTMENT-007,Technology and Innovation,ORGANIZATIONAL-UNIT-IT-TEAM-01,LOC-HQ,2026-08-01
EMP303,Saba Hameed,IT,POS-296,S002,SQL & Databases,Technical,Core,Current,3,Proficient,75.7,5.5,2,Not Required,Yes,DEPARTMENT-007,Technology and Innovation,ORGANIZATIONAL-UNIT-IT-TEAM-03,LOC-HQ,2026-08-01
EMP303,Saba Hameed,IT,POS-296,S009,Network Administration,Technical,Core,Current,3,Proficient,79.0,7.5,4,Not Required,No,DEPARTMENT-007,Technology and Innovation,ORGANIZATIONAL-UNIT-IT-TEAM-03,LOC-HQ,2026-08-01
EMP303,Saba Hameed,IT,POS-296,S050,Project Management,Leadership,Common,Current,5,Expert,88.6,7.6,16,Certified,No,DEPARTMENT-007,Technology and Innovation,ORGANIZATIONAL-UNIT-IT-TEAM-03,LOC-HQ,2026-08-01
EMP303,Saba Hameed,IT,POS-296,S053,Documentation,Behavioral,Common,Current,3,Proficient,82.0,6.5,12,Certified,No,DEPARTMENT-007,Technology and Innovation,ORGANIZATIONAL-UNIT-IT-TEAM-03,LOC-HQ,2026-08-01
EMP303,Saba Hameed,IT,POS-296,S008,Cybersecurity,Technical,Digital,Current,3,Proficient,66.3,5.4,4,Planned,No,DEPARTMENT-007,Technology and Innovation,ORGANIZATIONAL-UNIT-IT-TEAM-03,LOC-HQ,2026-08-01
EMP304,Sana Akhtar,IT,POS-297,S007,Cloud Platforms,Technical,Digital,Developing,2,Developing,65.9,6.0,14,Not Required,Yes,DEPARTMENT-007,Technology and Innovation,ORGANIZATIONAL-UNIT-IT-TEAM-02,LOC-HQ,2026-08-01
EMP304,Sana Akhtar,IT,POS-297,S008,Cybersecurity,Technical,Digital,Developing,2,Developing,75.8,4.2,13,Certified,No,DEPARTMENT-007,Technology and Innovation,ORGANIZATIONAL-UNIT-IT-TEAM-02,LOC-HQ,2026-08-01
EMP304,Sana Akhtar,IT,POS-297,S002,SQL & Databases,Technical,Core,Current,3,Proficient,75.0,4.2,15,Certified,No,DEPARTMENT-007,Technology and Innovation,ORGANIZATIONAL-UNIT-IT-TEAM-02,LOC-HQ,2026-08-01
EMP304,Sana Akhtar,IT,POS-297,S053,Documentation,Behavioral,Common,Developing,2,Developing,53.8,4.0,12,Certified,No,DEPARTMENT-007,Technology and Innovation,ORGANIZATIONAL-UNIT-IT-TEAM-02,LOC-HQ,2026-08-01
EMP304,Sana Akhtar,IT,POS-297,S010,IT Service Management,Functional,Core,Current,4,Advanced,76.0,4.3,12,Not Required,No,DEPARTMENT-007,Technology and Innovation,ORGANIZATIONAL-UNIT-IT-TEAM-02,LOC-HQ,2026-08-01
EMP305,Talha Habib,IT,POS-298,S002,SQL & Databases,Technical,Core,Current,4,Advanced,87.4,9.2,1,Not Required,Yes,DEPARTMENT-007,Technology and Innovation,ORGANIZATIONAL-UNIT-IT-TEAM-02,LOC-HQ,2026-08-01
EMP305,Talha Habib,IT,POS-298,S011,Incident Management,Functional,Core,Current,4,Advanced,81.9,9.5,10,Not Required,No,DEPARTMENT-007,Technology and Innovation,ORGANIZATIONAL-UNIT-IT-TEAM-02,LOC-HQ,2026-08-01
EMP305,Talha Habib,IT,POS-298,S046,Leadership,Leadership,Leadership,Current,4,Advanced,85.5,9.0,9,Certified,No,DEPARTMENT-007,Technology and Innovation,ORGANIZATIONAL-UNIT-IT-TEAM-02,LOC-HQ,2026-08-01
EMP305,Talha Habib,IT,POS-298,S044,Problem Solving,Behavioral,Common,Current,5,Expert,94.3,10.0,11,Planned,No,DEPARTMENT-007,Technology and Innovation,ORGANIZATIONAL-UNIT-IT-TEAM-02,LOC-HQ,2026-08-01
EMP305,Talha Habib,IT,POS-298,S010,IT Service Management,Functional,Core,Current,4,Advanced,82.0,7.8,11,Planned,No,DEPARTMENT-007,Technology and Innovation,ORGANIZATIONAL-UNIT-IT-TEAM-02,LOC-HQ,2026-08-01
EMP306,Imran Hameed,IT,POS-299,S007,Cloud Platforms,Technical,Digital,Current,4,Advanced,84.1,3.5,14,Not Required,Yes,DEPARTMENT-007,Technology and Innovation,ORGANIZATIONAL-UNIT-IT-TEAM-02,LOC-HQ,2026-08-01
EMP306,Imran Hameed,IT,POS-299,S002,SQL & Databases,Technical,Core,Developing,2,Developing,70.8,4.8,15,Not Required,No,DEPARTMENT-007,Technology and Innovation,ORGANIZATIONAL-UNIT-IT-TEAM-02,LOC-HQ,2026-08-01
EMP306,Imran Hameed,IT,POS-299,S011,Incident Management,Functional,Core,Current,3,Proficient,80.7,4.3,6,Planned,No,DEPARTMENT-007,Technology and Innovation,ORGANIZATIONAL-UNIT-IT-TEAM-02,LOC-HQ,2026-08-01
EMP306,Imran Hameed,IT,POS-299,S010,IT Service Management,Functional,Core,Current,3,Proficient,67.2,4.5,2,Not Required,No,DEPARTMENT-007,Technology and Innovation,ORGANIZATIONAL-UNIT-IT-TEAM-02,LOC-HQ,2026-08-01
EMP306,Imran Hameed,IT,POS-299,S050,Project Management,Leadership,Common,Current,4,Advanced,81.8,2.9,3,Planned,No,DEPARTMENT-007,Technology and Innovation,ORGANIZATIONAL-UNIT-IT-TEAM-02,LOC-HQ,2026-08-01
EMP307,Omar Habib,IT,POS-300,S008,Cybersecurity,Technical,Digital,Current,4,Advanced,91.7,3.6,7,Not Required,Yes,DEPARTMENT-007,Technology and Innovation,ORGANIZATIONAL-UNIT-IT-TEAM-02,LOC-HQ,2026-08-01
EMP307,Omar Habib,IT,POS-300,S053,Documentation,Behavioral,Common,Current,4,Advanced,81.5,4.5,2,Certified,No,DEPARTMENT-007,Technology and Innovation,ORGANIZATIONAL-UNIT-IT-TEAM-02,LOC-HQ,2026-08-01
EMP307,Omar Habib,IT,POS-300,S010,IT Service Management,Functional,Core,Developing,2,Developing,67.0,4.4,9,Not Required,No,DEPARTMENT-007,Technology and Innovation,ORGANIZATIONAL-UNIT-IT-TEAM-02,LOC-HQ,2026-08-01
EMP307,Omar Habib,IT,POS-300,S050,Project Management,Leadership,Common,Developing,2,Developing,59.7,5.9,12,Planned,No,DEPARTMENT-007,Technology and Innovation,ORGANIZATIONAL-UNIT-IT-TEAM-02,LOC-HQ,2026-08-01
EMP307,Omar Habib,IT,POS-300,S046,Leadership,Leadership,Leadership,Current,4,Advanced,80.9,3.4,10,Planned,No,DEPARTMENT-007,Technology and Innovation,ORGANIZATIONAL-UNIT-IT-TEAM-02,LOC-HQ,2026-08-01
EMP308,Adnan Riaz,IT,POS-301,S011,Incident Management,Functional,Core,Current,3,Proficient,77.5,2.8,7,Not Required,Yes,DEPARTMENT-007,Technology and Innovation,ORGANIZATIONAL-UNIT-IT-TEAM-01,LOC-HQ,2026-08-01
EMP308,Adnan Riaz,IT,POS-301,S008,Cybersecurity,Technical,Digital,Current,4,Advanced,80.9,1.7,0,Planned,No,DEPARTMENT-007,Technology and Innovation,ORGANIZATIONAL-UNIT-IT-TEAM-01,LOC-HQ,2026-08-01
EMP308,Adnan Riaz,IT,POS-301,S046,Leadership,Leadership,Leadership,Developing,2,Developing,70.1,4.3,13,Planned,No,DEPARTMENT-007,Technology and Innovation,ORGANIZATIONAL-UNIT-IT-TEAM-01,LOC-HQ,2026-08-01
EMP308,Adnan Riaz,IT,POS-301,S050,Project Management,Leadership,Common,Developing,2,Developing,65.5,2.2,6,Certified,No,DEPARTMENT-007,Technology and Innovation,ORGANIZATIONAL-UNIT-IT-TEAM-01,LOC-HQ,2026-08-01
EMP308,Adnan Riaz,IT,POS-301,S007,Cloud Platforms,Technical,Digital,Developing,2,Developing,73.6,4.1,11,Not Required,No,DEPARTMENT-007,Technology and Innovation,ORGANIZATIONAL-UNIT-IT-TEAM-01,LOC-HQ,2026-08-01
EMP309,Shahzaib Hashmi,IT,POS-302,S002,SQL & Databases,Technical,Core,Current,4,Advanced,87.3,5.1,11,Not Required,Yes,DEPARTMENT-007,Technology and Innovation,ORGANIZATIONAL-UNIT-IT-TEAM-03,LOC-HQ,2026-08-01
EMP309,Shahzaib Hashmi,IT,POS-302,S009,Network Administration,Technical,Core,Current,4,Advanced,91.8,5.0,6,Not Required,No,DEPARTMENT-007,Technology and Innovation,ORGANIZATIONAL-UNIT-IT-TEAM-03,LOC-HQ,2026-08-01
EMP309,Shahzaib Hashmi,IT,POS-302,S007,Cloud Platforms,Technical,Digital,Current,4,Advanced,86.7,4.3,7,Planned,No,DEPARTMENT-007,Technology and Innovation,ORGANIZATIONAL-UNIT-IT-TEAM-03,LOC-HQ,2026-08-01
EMP309,Shahzaib Hashmi,IT,POS-302,S011,Incident Management,Functional,Core,Current,4,Advanced,85.9,4.6,0,Not Required,No,DEPARTMENT-007,Technology and Innovation,ORGANIZATIONAL-UNIT-IT-TEAM-03,LOC-HQ,2026-08-01
EMP309,Shahzaib Hashmi,IT,POS-302,S008,Cybersecurity,Technical,Digital,Current,3,Proficient,67.2,5.3,3,Certified,No,DEPARTMENT-007,Technology and Innovation,ORGANIZATIONAL-UNIT-IT-TEAM-03,LOC-HQ,2026-08-01
EMP310,Maryam Chaudhry,IT,POS-303,S008,Cybersecurity,Technical,Digital,Developing,2,Developing,77.4,1.3,4,Certified,Yes,DEPARTMENT-007,Technology and Innovation,ORGANIZATIONAL-UNIT-IT-TEAM-02,LOC-HQ,2026-08-01
EMP310,Maryam Chaudhry,IT,POS-303,S002,SQL & Databases,Technical,Core,Current,3,Proficient,80.1,1.9,9,Planned,No,DEPARTMENT-007,Technology and Innovation,ORGANIZATIONAL-UNIT-IT-TEAM-02,LOC-HQ,2026-08-01
EMP310,Maryam Chaudhry,IT,POS-303,S053,Documentation,Behavioral,Common,Developing,2,Developing,71.8,3.0,4,Certified,No,DEPARTMENT-007,Technology and Innovation,ORGANIZATIONAL-UNIT-IT-TEAM-02,LOC-HQ,2026-08-01
EMP310,Maryam Chaudhry,IT,POS-303,S010,IT Service Management,Functional,Core,Current,3,Proficient,69.9,3.6,5,Not Required,No,DEPARTMENT-007,Technology and Innovation,ORGANIZATIONAL-UNIT-IT-TEAM-02,LOC-HQ,2026-08-01
EMP310,Maryam Chaudhry,IT,POS-303,S011,Incident Management,Functional,Core,Current,4,Advanced,77.2,2.4,4,Planned,No,DEPARTMENT-007,Technology and Innovation,ORGANIZATIONAL-UNIT-IT-TEAM-02,LOC-HQ,2026-08-01
EMP311,Junaid Zafar,IT,POS-304,S007,Cloud Platforms,Technical,Digital,Current,4,Advanced,87.6,1.0,1,Not Required,Yes,DEPARTMENT-007,Technology and Innovation,ORGANIZATIONAL-UNIT-IT-TEAM-02,LOC-HQ,2026-08-01
EMP311,Junaid Zafar,IT,POS-304,S046,Leadership,Leadership,Leadership,Developing,2,Developing,69.1,1.2,6,Not Required,No,DEPARTMENT-007,Technology and Innovation,ORGANIZATIONAL-UNIT-IT-TEAM-02,LOC-HQ,2026-08-01
EMP311,Junaid Zafar,IT,POS-304,S011,Incident Management,Functional,Core,Current,4,Advanced,81.2,1.1,4,Not Required,No,DEPARTMENT-007,Technology and Innovation,ORGANIZATIONAL-UNIT-IT-TEAM-02,LOC-HQ,2026-08-01
EMP311,Junaid Zafar,IT,POS-304,S050,Project Management,Leadership,Common,Current,3,Proficient,66.1,2.2,8,Not Required,No,DEPARTMENT-007,Technology and Innovation,ORGANIZATIONAL-UNIT-IT-TEAM-02,LOC-HQ,2026-08-01
EMP311,Junaid Zafar,IT,POS-304,S008,Cybersecurity,Technical,Digital,Current,4,Advanced,85.8,2.4,18,Certified,No,DEPARTMENT-007,Technology and Innovation,ORGANIZATIONAL-UNIT-IT-TEAM-02,LOC-HQ,2026-08-01
EMP312,Areeba Tariq,IT,POS-305,S007,Cloud Platforms,Technical,Digital,Current,3,Proficient,74.6,5.8,12,Certified,Yes,DEPARTMENT-007,Technology and Innovation,ORGANIZATIONAL-UNIT-IT-TEAM-01,LOC-HQ,2026-08-01
EMP312,Areeba Tariq,IT,POS-305,S010,IT Service Management,Functional,Core,Developing,2,Developing,61.4,4.5,5,Certified,No,DEPARTMENT-007,Technology and Innovation,ORGANIZATIONAL-UNIT-IT-TEAM-01,LOC-HQ,2026-08-01
EMP312,Areeba Tariq,IT,POS-305,S053,Documentation,Behavioral,Common,Developing,2,Developing,74.4,3.8,16,Planned,No,DEPARTMENT-007,Technology and Innovation,ORGANIZATIONAL-UNIT-IT-TEAM-01,LOC-HQ,2026-08-01
EMP312,Areeba Tariq,IT,POS-305,S046,Leadership,Leadership,Leadership,Current,3,Proficient,81.9,4.3,18,Not Required,No,DEPARTMENT-007,Technology and Innovation,ORGANIZATIONAL-UNIT-IT-TEAM-01,LOC-HQ,2026-08-01
EMP312,Areeba Tariq,IT,POS-305,S002,SQL & Databases,Technical,Core,Current,3,Proficient,74.1,4.7,3,Not Required,No,DEPARTMENT-007,Technology and Innovation,ORGANIZATIONAL-UNIT-IT-TEAM-01,LOC-HQ,2026-08-01
EMP313,Kamran Mughal,IT,POS-306,S002,SQL & Databases,Technical,Core,Developing,1,Beginner,60.3,2.4,6,Not Required,Yes,DEPARTMENT-007,Technology and Innovation,ORGANIZATIONAL-UNIT-IT-TEAM-01,LOC-HQ,2026-08-01
EMP313,Kamran Mughal,IT,POS-306,S046,Leadership,Leadership,Leadership,Current,3,Proficient,80.4,2.8,16,Certified,No,DEPARTMENT-007,Technology and Innovation,ORGANIZATIONAL-UNIT-IT-TEAM-01,LOC-HQ,2026-08-01
EMP313,Kamran Mughal,IT,POS-306,S007,Cloud Platforms,Technical,Digital,Developing,2,Developing,68.4,3.1,5,Not Required,No,DEPARTMENT-007,Technology and Innovation,ORGANIZATIONAL-UNIT-IT-TEAM-01,LOC-HQ,2026-08-01
EMP313,Kamran Mughal,IT,POS-306,S050,Project Management,Leadership,Common,Developing,1,Beginner,68.1,2.3,15,Not Required,No,DEPARTMENT-007,Technology and Innovation,ORGANIZATIONAL-UNIT-IT-TEAM-01,LOC-HQ,2026-08-01
EMP313,Kamran Mughal,IT,POS-306,S044,Problem Solving,Behavioral,Common,Current,3,Proficient,62.7,2.0,1,Planned,No,DEPARTMENT-007,Technology and Innovation,ORGANIZATIONAL-UNIT-IT-TEAM-01,LOC-HQ,2026-08-01
EMP314,Anam Hameed,IT,POS-307,S046,Leadership,Leadership,Leadership,Developing,1,Beginner,60.9,3.5,4,Not Required,Yes,DEPARTMENT-007,Technology and Innovation,ORGANIZATIONAL-UNIT-IT-TEAM-01,LOC-HQ,2026-08-01
EMP314,Anam Hameed,IT,POS-307,S008,Cybersecurity,Technical,Digital,Current,3,Proficient,80.5,2.5,17,Not Required,No,DEPARTMENT-007,Technology and Innovation,ORGANIZATIONAL-UNIT-IT-TEAM-01,LOC-HQ,2026-08-01
EMP314,Anam Hameed,IT,POS-307,S009,Network Administration,Technical,Core,Developing,2,Developing,73.5,3.5,1,Planned,No,DEPARTMENT-007,Technology and Innovation,ORGANIZATIONAL-UNIT-IT-TEAM-01,LOC-HQ,2026-08-01
EMP314,Anam Hameed,IT,POS-307,S050,Project Management,Leadership,Common,Developing,2,Developing,66.3,1.9,18,Not Required,No,DEPARTMENT-007,Technology and Innovation,ORGANIZATIONAL-UNIT-IT-TEAM-01,LOC-HQ,2026-08-01
EMP314,Anam Hameed,IT,POS-307,S007,Cloud Platforms,Technical,Digital,Current,3,Proficient,81.0,3.8,3,Not Required,No,DEPARTMENT-007,Technology and Innovation,ORGANIZATIONAL-UNIT-IT-TEAM-01,LOC-HQ,2026-08-01
EMP315,Maha Abbasi,IT,POS-308,S011,Incident Management,Functional,Core,Developing,1,Beginner,50.3,1.3,6,Planned,Yes,DEPARTMENT-007,Technology and Innovation,ORGANIZATIONAL-UNIT-IT-TEAM-03,LOC-HQ,2026-08-01
EMP315,Maha Abbasi,IT,POS-308,S010,IT Service Management,Functional,Core,Developing,1,Beginner,59.8,2.9,1,Planned,No,DEPARTMENT-007,Technology and Innovation,ORGANIZATIONAL-UNIT-IT-TEAM-03,LOC-HQ,2026-08-01
EMP315,Maha Abbasi,IT,POS-308,S002,SQL & Databases,Technical,Core,Developing,1,Beginner,57.1,0.3,14,Certified,No,DEPARTMENT-007,Technology and Innovation,ORGANIZATIONAL-UNIT-IT-TEAM-03,LOC-HQ,2026-08-01
EMP315,Maha Abbasi,IT,POS-308,S053,Documentation,Behavioral,Common,Developing,2,Developing,69.0,2.8,17,Planned,No,DEPARTMENT-007,Technology and Innovation,ORGANIZATIONAL-UNIT-IT-TEAM-03,LOC-HQ,2026-08-01
EMP315,Maha Abbasi,IT,POS-308,S007,Cloud Platforms,Technical,Digital,Developing,1,Beginner,52.5,3.2,10,Certified,No,DEPARTMENT-007,Technology and Innovation,ORGANIZATIONAL-UNIT-IT-TEAM-03,LOC-HQ,2026-08-01
EMP316,Imran Abbasi,Medical Care,EXEC-MED-HEAD,S056,Clinical Documentation,Healthcare,Core,Current,5,Expert,88.6,15.3,12,Not Required,Yes,DEPARTMENT-008,Healthcare Services,ORGANIZATIONAL-UNIT-MED,LOC-MEDICAL,2026-08-01
EMP316,Imran Abbasi,Medical Care,EXEC-MED-HEAD,S060,Care Coordination,Healthcare,Core,Current,5,Expert,97.0,14.9,10,Certified,No,DEPARTMENT-008,Healthcare Services,ORGANIZATIONAL-UNIT-MED,LOC-MEDICAL,2026-08-01
EMP316,Imran Abbasi,Medical Care,EXEC-MED-HEAD,S051,Empathy & Active Listening,Behavioral,Common,Current,4,Advanced,89.7,11.2,2,Not Required,No,DEPARTMENT-008,Healthcare Services,ORGANIZATIONAL-UNIT-MED,LOC-MEDICAL,2026-08-01
EMP316,Imran Abbasi,Medical Care,EXEC-MED-HEAD,S055,Patient Care,Healthcare,Core,Current,4,Advanced,81.9,11.3,9,Not Required,No,DEPARTMENT-008,Healthcare Services,ORGANIZATIONAL-UNIT-MED,LOC-MEDICAL,2026-08-01
EMP316,Imran Abbasi,Medical Care,EXEC-MED-HEAD,S058,Infection Prevention,Healthcare,Core,Current,4,Advanced,77.7,11.4,13,Certified,No,DEPARTMENT-008,Healthcare Services,ORGANIZATIONAL-UNIT-MED,LOC-MEDICAL,2026-08-01
EMP317,Anam Khan,Medical Care,POS-309,S056,Clinical Documentation,Healthcare,Core,Current,4,Advanced,83.8,8.6,16,Not Required,Yes,DEPARTMENT-008,Healthcare Services,ORGANIZATIONAL-UNIT-MED,LOC-MEDICAL,2026-08-01
EMP317,Anam Khan,Medical Care,POS-309,S054,Clinical Assessment,Healthcare,Core,Current,4,Advanced,81.8,9.5,6,Certified,No,DEPARTMENT-008,Healthcare Services,ORGANIZATIONAL-UNIT-MED,LOC-MEDICAL,2026-08-01
EMP317,Anam Khan,Medical Care,POS-309,S051,Empathy & Active Listening,Behavioral,Common,Current,5,Expert,98.2,9.3,13,Certified,No,DEPARTMENT-008,Healthcare Services,ORGANIZATIONAL-UNIT-MED,LOC-MEDICAL,2026-08-01
EMP317,Anam Khan,Medical Care,POS-309,S043,Teamwork,Behavioral,Common,Current,3,Proficient,73.9,8.5,11,Certified,No,DEPARTMENT-008,Healthcare Services,ORGANIZATIONAL-UNIT-MED,LOC-MEDICAL,2026-08-01
EMP317,Anam Khan,Medical Care,POS-309,S060,Care Coordination,Healthcare,Core,Current,5,Expert,99.8,10.2,12,Planned,No,DEPARTMENT-008,Healthcare Services,ORGANIZATIONAL-UNIT-MED,LOC-MEDICAL,2026-08-01
EMP318,Haris Khalid,Medical Care,POS-310,S051,Empathy & Active Listening,Behavioral,Common,Current,4,Advanced,89.3,6.6,14,Certified,Yes,DEPARTMENT-008,Healthcare Services,ORGANIZATIONAL-UNIT-MED,LOC-MEDICAL,2026-08-01
EMP318,Haris Khalid,Medical Care,POS-310,S054,Clinical Assessment,Healthcare,Core,Current,5,Expert,100.0,8.7,1,Not Required,No,DEPARTMENT-008,Healthcare Services,ORGANIZATIONAL-UNIT-MED,LOC-MEDICAL,2026-08-01
EMP318,Haris Khalid,Medical Care,POS-310,S056,Clinical Documentation,Healthcare,Core,Current,3,Proficient,81.1,6.1,9,Not Required,No,DEPARTMENT-008,Healthcare Services,ORGANIZATIONAL-UNIT-MED,LOC-MEDICAL,2026-08-01
EMP318,Haris Khalid,Medical Care,POS-310,S060,Care Coordination,Healthcare,Core,Current,5,Expert,90.2,8.9,1,Planned,No,DEPARTMENT-008,Healthcare Services,ORGANIZATIONAL-UNIT-MED,LOC-MEDICAL,2026-08-01
EMP318,Haris Khalid,Medical Care,POS-310,S057,Medication Safety,Healthcare,Core,Current,3,Proficient,78.7,8.7,3,Certified,No,DEPARTMENT-008,Healthcare Services,ORGANIZATIONAL-UNIT-MED,LOC-MEDICAL,2026-08-01
EMP319,Anusha Baig,Medical Care,POS-311,S051,Empathy & Active Listening,Behavioral,Common,Current,4,Advanced,83.2,10.5,16,Certified,Yes,DEPARTMENT-008,Healthcare Services,ORGANIZATIONAL-UNIT-MED,LOC-MEDICAL,2026-08-01
EMP319,Anusha Baig,Medical Care,POS-311,S043,Teamwork,Behavioral,Common,Current,3,Proficient,76.7,10.1,7,Not Required,No,DEPARTMENT-008,Healthcare Services,ORGANIZATIONAL-UNIT-MED,LOC-MEDICAL,2026-08-01
EMP319,Anusha Baig,Medical Care,POS-311,S058,Infection Prevention,Healthcare,Core,Current,4,Advanced,80.1,10.7,10,Not Required,No,DEPARTMENT-008,Healthcare Services,ORGANIZATIONAL-UNIT-MED,LOC-MEDICAL,2026-08-01
EMP319,Anusha Baig,Medical Care,POS-311,S060,Care Coordination,Healthcare,Core,Current,3,Proficient,70.5,8.7,11,Not Required,No,DEPARTMENT-008,Healthcare Services,ORGANIZATIONAL-UNIT-MED,LOC-MEDICAL,2026-08-01
EMP319,Anusha Baig,Medical Care,POS-311,S056,Clinical Documentation,Healthcare,Core,Current,4,Advanced,81.7,11.4,16,Planned,No,DEPARTMENT-008,Healthcare Services,ORGANIZATIONAL-UNIT-MED,LOC-MEDICAL,2026-08-01
EMP320,Shahzaib Iqbal,Medical Care,POS-312,S054,Clinical Assessment,Healthcare,Core,Current,5,Expert,100,10.7,5,Not Required,Yes,DEPARTMENT-008,Healthcare Services,ORGANIZATIONAL-UNIT-MED,LOC-MEDICAL,2026-08-01
EMP320,Shahzaib Iqbal,Medical Care,POS-312,S059,Emergency Response,Healthcare,Core,Current,4,Advanced,85.6,10.9,9,Certified,No,DEPARTMENT-008,Healthcare Services,ORGANIZATIONAL-UNIT-MED,LOC-MEDICAL,2026-08-01
EMP320,Shahzaib Iqbal,Medical Care,POS-312,S055,Patient Care,Healthcare,Core,Current,4,Advanced,92.1,10.0,11,Certified,No,DEPARTMENT-008,Healthcare Services,ORGANIZATIONAL-UNIT-MED,LOC-MEDICAL,2026-08-01
EMP320,Shahzaib Iqbal,Medical Care,POS-312,S057,Medication Safety,Healthcare,Core,Current,3,Proficient,75.9,8.9,11,Certified,No,DEPARTMENT-008,Healthcare Services,ORGANIZATIONAL-UNIT-MED,LOC-MEDICAL,2026-08-01
EMP320,Shahzaib Iqbal,Medical Care,POS-312,S051,Empathy & Active Listening,Behavioral,Common,Current,3,Proficient,65.3,9.4,3,Not Required,No,DEPARTMENT-008,Healthcare Services,ORGANIZATIONAL-UNIT-MED,LOC-MEDICAL,2026-08-01
EMP321,Hira Awan,Medical Care,POS-313,S060,Care Coordination,Healthcare,Core,Current,4,Advanced,86.5,11.5,18,Not Required,Yes,DEPARTMENT-008,Healthcare Services,ORGANIZATIONAL-UNIT-MED,LOC-MEDICAL,2026-08-01
EMP321,Hira Awan,Medical Care,POS-313,S054,Clinical Assessment,Healthcare,Core,Current,3,Proficient,69.8,9.4,18,Planned,No,DEPARTMENT-008,Healthcare Services,ORGANIZATIONAL-UNIT-MED,LOC-MEDICAL,2026-08-01
EMP321,Hira Awan,Medical Care,POS-313,S043,Teamwork,Behavioral,Common,Current,5,Expert,100,14.8,12,Not Required,No,DEPARTMENT-008,Healthcare Services,ORGANIZATIONAL-UNIT-MED,LOC-MEDICAL,2026-08-01
EMP321,Hira Awan,Medical Care,POS-313,S056,Clinical Documentation,Healthcare,Core,Current,3,Proficient,77.5,8.6,13,Not Required,No,DEPARTMENT-008,Healthcare Services,ORGANIZATIONAL-UNIT-MED,LOC-MEDICAL,2026-08-01
EMP321,Hira Awan,Medical Care,POS-313,S059,Emergency Response,Healthcare,Core,Current,3,Proficient,76.0,9.8,6,Not Required,No,DEPARTMENT-008,Healthcare Services,ORGANIZATIONAL-UNIT-MED,LOC-MEDICAL,2026-08-01
EMP322,Kinza Butt,Medical Care,POS-314,S060,Care Coordination,Healthcare,Core,Current,5,Expert,97.5,15.3,8,Planned,Yes,DEPARTMENT-008,Healthcare Services,ORGANIZATIONAL-UNIT-MED,LOC-MEDICAL,2026-08-01
EMP322,Kinza Butt,Medical Care,POS-314,S059,Emergency Response,Healthcare,Core,Current,4,Advanced,88.3,12.1,16,Certified,No,DEPARTMENT-008,Healthcare Services,ORGANIZATIONAL-UNIT-MED,LOC-MEDICAL,2026-08-01
EMP322,Kinza Butt,Medical Care,POS-314,S051,Empathy & Active Listening,Behavioral,Common,Current,5,Expert,90.5,14.4,18,Certified,No,DEPARTMENT-008,Healthcare Services,ORGANIZATIONAL-UNIT-MED,LOC-MEDICAL,2026-08-01
EMP322,Kinza Butt,Medical Care,POS-314,S057,Medication Safety,Healthcare,Core,Current,4,Advanced,86.5,11.4,13,Planned,No,DEPARTMENT-008,Healthcare Services,ORGANIZATIONAL-UNIT-MED,LOC-MEDICAL,2026-08-01
EMP322,Kinza Butt,Medical Care,POS-314,S046,Leadership,Leadership,Leadership,Current,4,Advanced,75.2,12.1,10,Not Required,No,DEPARTMENT-008,Healthcare Services,ORGANIZATIONAL-UNIT-MED,LOC-MEDICAL,2026-08-01
EMP323,Rabia Bukhari,Medical Care,POS-315,S055,Patient Care,Healthcare,Core,Current,4,Advanced,74.9,6.6,16,Certified,Yes,DEPARTMENT-008,Healthcare Services,ORGANIZATIONAL-UNIT-MED-TEAM-03,LOC-MEDICAL,2026-08-01
EMP323,Rabia Bukhari,Medical Care,POS-315,S059,Emergency Response,Healthcare,Core,Current,5,Expert,93.9,5.2,6,Planned,No,DEPARTMENT-008,Healthcare Services,ORGANIZATIONAL-UNIT-MED-TEAM-03,LOC-MEDICAL,2026-08-01
EMP323,Rabia Bukhari,Medical Care,POS-315,S051,Empathy & Active Listening,Behavioral,Common,Current,4,Advanced,77.1,4.2,2,Planned,No,DEPARTMENT-008,Healthcare Services,ORGANIZATIONAL-UNIT-MED-TEAM-03,LOC-MEDICAL,2026-08-01
EMP323,Rabia Bukhari,Medical Care,POS-315,S043,Teamwork,Behavioral,Common,Current,5,Expert,100,3.8,3,Not Required,No,DEPARTMENT-008,Healthcare Services,ORGANIZATIONAL-UNIT-MED-TEAM-03,LOC-MEDICAL,2026-08-01
EMP323,Rabia Bukhari,Medical Care,POS-315,S046,Leadership,Leadership,Leadership,Current,3,Proficient,72.1,4.8,5,Not Required,No,DEPARTMENT-008,Healthcare Services,ORGANIZATIONAL-UNIT-MED-TEAM-03,LOC-MEDICAL,2026-08-01
EMP324,Waqas Farooq,Medical Care,POS-316,S054,Clinical Assessment,Healthcare,Core,Current,5,Expert,91.5,10.3,9,Not Required,Yes,DEPARTMENT-008,Healthcare Services,ORGANIZATIONAL-UNIT-MED-TEAM-02,LOC-MEDICAL,2026-08-01
EMP324,Waqas Farooq,Medical Care,POS-316,S060,Care Coordination,Healthcare,Core,Current,3,Proficient,73.5,9.2,11,Planned,No,DEPARTMENT-008,Healthcare Services,ORGANIZATIONAL-UNIT-MED-TEAM-02,LOC-MEDICAL,2026-08-01
EMP324,Waqas Farooq,Medical Care,POS-316,S057,Medication Safety,Healthcare,Core,Current,3,Proficient,74.3,8.5,1,Planned,No,DEPARTMENT-008,Healthcare Services,ORGANIZATIONAL-UNIT-MED-TEAM-02,LOC-MEDICAL,2026-08-01
EMP324,Waqas Farooq,Medical Care,POS-316,S058,Infection Prevention,Healthcare,Core,Current,4,Advanced,86.7,9.0,11,Certified,No,DEPARTMENT-008,Healthcare Services,ORGANIZATIONAL-UNIT-MED-TEAM-02,LOC-MEDICAL,2026-08-01
EMP324,Waqas Farooq,Medical Care,POS-316,S051,Empathy & Active Listening,Behavioral,Common,Current,3,Proficient,65.9,9.5,12,Certified,No,DEPARTMENT-008,Healthcare Services,ORGANIZATIONAL-UNIT-MED-TEAM-02,LOC-MEDICAL,2026-08-01
EMP325,Eman Iqbal,Medical Care,POS-317,S059,Emergency Response,Healthcare,Core,Current,5,Expert,100,8.4,1,Not Required,Yes,DEPARTMENT-008,Healthcare Services,ORGANIZATIONAL-UNIT-MED-TEAM-02,LOC-MEDICAL,2026-08-01
EMP325,Eman Iqbal,Medical Care,POS-317,S043,Teamwork,Behavioral,Common,Current,3,Proficient,62.4,8.8,15,Not Required,No,DEPARTMENT-008,Healthcare Services,ORGANIZATIONAL-UNIT-MED-TEAM-02,LOC-MEDICAL,2026-08-01
EMP325,Eman Iqbal,Medical Care,POS-317,S057,Medication Safety,Healthcare,Core,Current,3,Proficient,74.2,8.0,10,Planned,No,DEPARTMENT-008,Healthcare Services,ORGANIZATIONAL-UNIT-MED-TEAM-02,LOC-MEDICAL,2026-08-01
EMP325,Eman Iqbal,Medical Care,POS-317,S056,Clinical Documentation,Healthcare,Core,Current,4,Advanced,86.9,8.2,3,Certified,No,DEPARTMENT-008,Healthcare Services,ORGANIZATIONAL-UNIT-MED-TEAM-02,LOC-MEDICAL,2026-08-01
EMP325,Eman Iqbal,Medical Care,POS-317,S058,Infection Prevention,Healthcare,Core,Current,3,Proficient,86.9,6.6,15,Certified,No,DEPARTMENT-008,Healthcare Services,ORGANIZATIONAL-UNIT-MED-TEAM-02,LOC-MEDICAL,2026-08-01
EMP326,Hira Yousaf,Medical Care,POS-318,S051,Empathy & Active Listening,Behavioral,Common,Current,5,Expert,89.5,10.1,5,Not Required,Yes,DEPARTMENT-008,Healthcare Services,ORGANIZATIONAL-UNIT-MED-TEAM-01,LOC-MEDICAL,2026-08-01
EMP326,Hira Yousaf,Medical Care,POS-318,S060,Care Coordination,Healthcare,Core,Current,3,Proficient,62.9,9.3,3,Not Required,No,DEPARTMENT-008,Healthcare Services,ORGANIZATIONAL-UNIT-MED-TEAM-01,LOC-MEDICAL,2026-08-01
EMP326,Hira Yousaf,Medical Care,POS-318,S043,Teamwork,Behavioral,Common,Current,5,Expert,100,11.2,2,Planned,No,DEPARTMENT-008,Healthcare Services,ORGANIZATIONAL-UNIT-MED-TEAM-01,LOC-MEDICAL,2026-08-01
EMP326,Hira Yousaf,Medical Care,POS-318,S059,Emergency Response,Healthcare,Core,Current,4,Advanced,79.2,11.3,17,Planned,No,DEPARTMENT-008,Healthcare Services,ORGANIZATIONAL-UNIT-MED-TEAM-01,LOC-MEDICAL,2026-08-01
EMP326,Hira Yousaf,Medical Care,POS-318,S054,Clinical Assessment,Healthcare,Core,Current,4,Advanced,77.3,11.3,11,Not Required,No,DEPARTMENT-008,Healthcare Services,ORGANIZATIONAL-UNIT-MED-TEAM-01,LOC-MEDICAL,2026-08-01
EMP327,Sidra Yousaf,Medical Care,POS-319,S060,Care Coordination,Healthcare,Core,Current,4,Advanced,84.5,12.5,8,Not Required,Yes,DEPARTMENT-008,Healthcare Services,ORGANIZATIONAL-UNIT-MED-TEAM-01,LOC-MEDICAL,2026-08-01
EMP327,Sidra Yousaf,Medical Care,POS-319,S057,Medication Safety,Healthcare,Core,Current,3,Proficient,73.2,8.5,2,Not Required,No,DEPARTMENT-008,Healthcare Services,ORGANIZATIONAL-UNIT-MED-TEAM-01,LOC-MEDICAL,2026-08-01
EMP327,Sidra Yousaf,Medical Care,POS-319,S046,Leadership,Leadership,Leadership,Current,4,Advanced,78.4,12.4,10,Not Required,No,DEPARTMENT-008,Healthcare Services,ORGANIZATIONAL-UNIT-MED-TEAM-01,LOC-MEDICAL,2026-08-01
EMP327,Sidra Yousaf,Medical Care,POS-319,S054,Clinical Assessment,Healthcare,Core,Current,4,Advanced,94.4,12.1,10,Not Required,No,DEPARTMENT-008,Healthcare Services,ORGANIZATIONAL-UNIT-MED-TEAM-01,LOC-MEDICAL,2026-08-01
EMP327,Sidra Yousaf,Medical Care,POS-319,S043,Teamwork,Behavioral,Common,Current,4,Advanced,89.4,12.2,17,Not Required,No,DEPARTMENT-008,Healthcare Services,ORGANIZATIONAL-UNIT-MED-TEAM-01,LOC-MEDICAL,2026-08-01
EMP328,Raza Javed,Medical Care,POS-320,S043,Teamwork,Behavioral,Common,Current,3,Proficient,85.7,8.2,12,Planned,Yes,DEPARTMENT-008,Healthcare Services,ORGANIZATIONAL-UNIT-MED-TEAM-02,LOC-MEDICAL,2026-08-01
EMP328,Raza Javed,Medical Care,POS-320,S055,Patient Care,Healthcare,Core,Current,3,Proficient,86.6,9.1,14,Certified,No,DEPARTMENT-008,Healthcare Services,ORGANIZATIONAL-UNIT-MED-TEAM-02,LOC-MEDICAL,2026-08-01
EMP328,Raza Javed,Medical Care,POS-320,S057,Medication Safety,Healthcare,Core,Current,3,Proficient,66.9,8.8,1,Planned,No,DEPARTMENT-008,Healthcare Services,ORGANIZATIONAL-UNIT-MED-TEAM-02,LOC-MEDICAL,2026-08-01
EMP328,Raza Javed,Medical Care,POS-320,S056,Clinical Documentation,Healthcare,Core,Current,4,Advanced,87.2,9.0,9,Planned,No,DEPARTMENT-008,Healthcare Services,ORGANIZATIONAL-UNIT-MED-TEAM-02,LOC-MEDICAL,2026-08-01
EMP328,Raza Javed,Medical Care,POS-320,S060,Care Coordination,Healthcare,Core,Current,4,Advanced,83.0,8.1,10,Planned,No,DEPARTMENT-008,Healthcare Services,ORGANIZATIONAL-UNIT-MED-TEAM-02,LOC-MEDICAL,2026-08-01
EMP329,Ali Aziz,Medical Care,POS-321,S046,Leadership,Leadership,Leadership,Current,5,Expert,100,11.0,18,Not Required,Yes,DEPARTMENT-008,Healthcare Services,ORGANIZATIONAL-UNIT-MED-TEAM-02,LOC-MEDICAL,2026-08-01
EMP329,Ali Aziz,Medical Care,POS-321,S058,Infection Prevention,Healthcare,Core,Current,3,Proficient,81.3,9.6,12,Certified,No,DEPARTMENT-008,Healthcare Services,ORGANIZATIONAL-UNIT-MED-TEAM-02,LOC-MEDICAL,2026-08-01
EMP329,Ali Aziz,Medical Care,POS-321,S056,Clinical Documentation,Healthcare,Core,Current,3,Proficient,70.4,9.2,10,Certified,No,DEPARTMENT-008,Healthcare Services,ORGANIZATIONAL-UNIT-MED-TEAM-02,LOC-MEDICAL,2026-08-01
EMP329,Ali Aziz,Medical Care,POS-321,S051,Empathy & Active Listening,Behavioral,Common,Current,4,Advanced,80.6,11.5,1,Certified,No,DEPARTMENT-008,Healthcare Services,ORGANIZATIONAL-UNIT-MED-TEAM-02,LOC-MEDICAL,2026-08-01
EMP329,Ali Aziz,Medical Care,POS-321,S043,Teamwork,Behavioral,Common,Current,4,Advanced,80.7,11.8,8,Not Required,No,DEPARTMENT-008,Healthcare Services,ORGANIZATIONAL-UNIT-MED-TEAM-02,LOC-MEDICAL,2026-08-01
EMP330,Farhan Khalid,Medical Care,POS-322,S057,Medication Safety,Healthcare,Core,Current,3,Proficient,78.9,5.1,2,Not Required,Yes,DEPARTMENT-008,Healthcare Services,ORGANIZATIONAL-UNIT-MED-TEAM-03,LOC-MEDICAL,2026-08-01
EMP330,Farhan Khalid,Medical Care,POS-322,S046,Leadership,Leadership,Leadership,Current,5,Expert,93.7,4.8,9,Planned,No,DEPARTMENT-008,Healthcare Services,ORGANIZATIONAL-UNIT-MED-TEAM-03,LOC-MEDICAL,2026-08-01
EMP330,Farhan Khalid,Medical Care,POS-322,S060,Care Coordination,Healthcare,Core,Current,4,Advanced,87.2,4.5,5,Certified,No,DEPARTMENT-008,Healthcare Services,ORGANIZATIONAL-UNIT-MED-TEAM-03,LOC-MEDICAL,2026-08-01
EMP330,Farhan Khalid,Medical Care,POS-322,S055,Patient Care,Healthcare,Core,Current,3,Proficient,85.8,5.7,11,Planned,No,DEPARTMENT-008,Healthcare Services,ORGANIZATIONAL-UNIT-MED-TEAM-03,LOC-MEDICAL,2026-08-01
EMP330,Farhan Khalid,Medical Care,POS-322,S054,Clinical Assessment,Healthcare,Core,Current,5,Expert,86.1,4.8,3,Not Required,No,DEPARTMENT-008,Healthcare Services,ORGANIZATIONAL-UNIT-MED-TEAM-03,LOC-MEDICAL,2026-08-01
EMP331,Iqra Saleem,Medical Care,POS-323,S043,Teamwork,Behavioral,Common,Developing,2,Developing,54.4,6.2,16,Certified,Yes,DEPARTMENT-008,Healthcare Services,ORGANIZATIONAL-UNIT-MED-TEAM-03,LOC-MEDICAL,2026-08-01
EMP331,Iqra Saleem,Medical Care,POS-323,S051,Empathy & Active Listening,Behavioral,Common,Developing,2,Developing,55.7,5.8,16,Certified,No,DEPARTMENT-008,Healthcare Services,ORGANIZATIONAL-UNIT-MED-TEAM-03,LOC-MEDICAL,2026-08-01
EMP331,Iqra Saleem,Medical Care,POS-323,S055,Patient Care,Healthcare,Core,Current,4,Advanced,88.2,6.7,18,Not Required,No,DEPARTMENT-008,Healthcare Services,ORGANIZATIONAL-UNIT-MED-TEAM-03,LOC-MEDICAL,2026-08-01
EMP331,Iqra Saleem,Medical Care,POS-323,S058,Infection Prevention,Healthcare,Core,Current,4,Advanced,81.6,6.5,9,Not Required,No,DEPARTMENT-008,Healthcare Services,ORGANIZATIONAL-UNIT-MED-TEAM-03,LOC-MEDICAL,2026-08-01
EMP331,Iqra Saleem,Medical Care,POS-323,S057,Medication Safety,Healthcare,Core,Current,4,Advanced,81.2,7.7,0,Planned,No,DEPARTMENT-008,Healthcare Services,ORGANIZATIONAL-UNIT-MED-TEAM-03,LOC-MEDICAL,2026-08-01
EMP332,Maryam Ismail,Medical Care,POS-324,S058,Infection Prevention,Healthcare,Core,Developing,2,Developing,61.8,5.2,16,Not Required,Yes,DEPARTMENT-008,Healthcare Services,ORGANIZATIONAL-UNIT-MED-TEAM-01,LOC-MEDICAL,2026-08-01
EMP332,Maryam Ismail,Medical Care,POS-324,S056,Clinical Documentation,Healthcare,Core,Current,4,Advanced,79.7,4.6,1,Certified,No,DEPARTMENT-008,Healthcare Services,ORGANIZATIONAL-UNIT-MED-TEAM-01,LOC-MEDICAL,2026-08-01
EMP332,Maryam Ismail,Medical Care,POS-324,S059,Emergency Response,Healthcare,Core,Current,4,Advanced,92.7,5.7,15,Not Required,No,DEPARTMENT-008,Healthcare Services,ORGANIZATIONAL-UNIT-MED-TEAM-01,LOC-MEDICAL,2026-08-01
EMP332,Maryam Ismail,Medical Care,POS-324,S060,Care Coordination,Healthcare,Core,Current,4,Advanced,96.9,5.1,1,Not Required,No,DEPARTMENT-008,Healthcare Services,ORGANIZATIONAL-UNIT-MED-TEAM-01,LOC-MEDICAL,2026-08-01
EMP332,Maryam Ismail,Medical Care,POS-324,S046,Leadership,Leadership,Leadership,Current,3,Proficient,75.4,5.8,13,Not Required,No,DEPARTMENT-008,Healthcare Services,ORGANIZATIONAL-UNIT-MED-TEAM-01,LOC-MEDICAL,2026-08-01
EMP333,Bilal Zafar,Medical Care,POS-325,S054,Clinical Assessment,Healthcare,Core,Current,3,Proficient,78.9,7.1,16,Certified,Yes,DEPARTMENT-008,Healthcare Services,ORGANIZATIONAL-UNIT-MED-TEAM-03,LOC-MEDICAL,2026-08-01
EMP333,Bilal Zafar,Medical Care,POS-325,S059,Emergency Response,Healthcare,Core,Developing,2,Developing,58.0,5.6,17,Certified,No,DEPARTMENT-008,Healthcare Services,ORGANIZATIONAL-UNIT-MED-TEAM-03,LOC-MEDICAL,2026-08-01
EMP333,Bilal Zafar,Medical Care,POS-325,S057,Medication Safety,Healthcare,Core,Developing,2,Developing,56.4,6.9,2,Planned,No,DEPARTMENT-008,Healthcare Services,ORGANIZATIONAL-UNIT-MED-TEAM-03,LOC-MEDICAL,2026-08-01
EMP333,Bilal Zafar,Medical Care,POS-325,S058,Infection Prevention,Healthcare,Core,Current,4,Advanced,93.4,8.4,7,Planned,No,DEPARTMENT-008,Healthcare Services,ORGANIZATIONAL-UNIT-MED-TEAM-03,LOC-MEDICAL,2026-08-01
EMP333,Bilal Zafar,Medical Care,POS-325,S060,Care Coordination,Healthcare,Core,Developing,2,Developing,69.2,6.8,13,Certified,No,DEPARTMENT-008,Healthcare Services,ORGANIZATIONAL-UNIT-MED-TEAM-03,LOC-MEDICAL,2026-08-01
EMP334,Fahad Hashmi,Medical Care,POS-326,S046,Leadership,Leadership,Leadership,Developing,2,Developing,60.8,6.1,14,Not Required,Yes,DEPARTMENT-008,Healthcare Services,ORGANIZATIONAL-UNIT-MED-TEAM-03,LOC-MEDICAL,2026-08-01
EMP334,Fahad Hashmi,Medical Care,POS-326,S059,Emergency Response,Healthcare,Core,Current,4,Advanced,83.8,6.0,13,Certified,No,DEPARTMENT-008,Healthcare Services,ORGANIZATIONAL-UNIT-MED-TEAM-03,LOC-MEDICAL,2026-08-01
EMP334,Fahad Hashmi,Medical Care,POS-326,S051,Empathy & Active Listening,Behavioral,Common,Developing,2,Developing,77.2,6.2,9,Certified,No,DEPARTMENT-008,Healthcare Services,ORGANIZATIONAL-UNIT-MED-TEAM-03,LOC-MEDICAL,2026-08-01
EMP334,Fahad Hashmi,Medical Care,POS-326,S043,Teamwork,Behavioral,Common,Developing,2,Developing,65.8,4.2,3,Planned,No,DEPARTMENT-008,Healthcare Services,ORGANIZATIONAL-UNIT-MED-TEAM-03,LOC-MEDICAL,2026-08-01
EMP334,Fahad Hashmi,Medical Care,POS-326,S058,Infection Prevention,Healthcare,Core,Current,5,Expert,96.1,5.5,5,Not Required,No,DEPARTMENT-008,Healthcare Services,ORGANIZATIONAL-UNIT-MED-TEAM-03,LOC-MEDICAL,2026-08-01
EMP335,Haris Rauf,Medical Care,POS-327,S043,Teamwork,Behavioral,Common,Developing,2,Developing,70.7,7.3,14,Not Required,Yes,DEPARTMENT-008,Healthcare Services,ORGANIZATIONAL-UNIT-MED-TEAM-01,LOC-MEDICAL,2026-08-01
EMP335,Haris Rauf,Medical Care,POS-327,S060,Care Coordination,Healthcare,Core,Developing,2,Developing,65.3,6.2,9,Not Required,No,DEPARTMENT-008,Healthcare Services,ORGANIZATIONAL-UNIT-MED-TEAM-01,LOC-MEDICAL,2026-08-01
EMP335,Haris Rauf,Medical Care,POS-327,S056,Clinical Documentation,Healthcare,Core,Current,5,Expert,96.3,7.1,8,Certified,No,DEPARTMENT-008,Healthcare Services,ORGANIZATIONAL-UNIT-MED-TEAM-01,LOC-MEDICAL,2026-08-01
EMP335,Haris Rauf,Medical Care,POS-327,S058,Infection Prevention,Healthcare,Core,Current,5,Expert,100,8.1,4,Not Required,No,DEPARTMENT-008,Healthcare Services,ORGANIZATIONAL-UNIT-MED-TEAM-01,LOC-MEDICAL,2026-08-01
EMP335,Haris Rauf,Medical Care,POS-327,S057,Medication Safety,Healthcare,Core,Current,5,Expert,97.9,6.4,1,Not Required,No,DEPARTMENT-008,Healthcare Services,ORGANIZATIONAL-UNIT-MED-TEAM-01,LOC-MEDICAL,2026-08-01
EMP336,Kinza Faisal,Medical Care,POS-328,S060,Care Coordination,Healthcare,Core,Developing,2,Developing,68.1,6.3,0,Not Required,Yes,DEPARTMENT-008,Healthcare Services,ORGANIZATIONAL-UNIT-MED-TEAM-02,LOC-MEDICAL,2026-08-01
EMP336,Kinza Faisal,Medical Care,POS-328,S046,Leadership,Leadership,Leadership,Developing,2,Developing,54.1,5.1,12,Not Required,No,DEPARTMENT-008,Healthcare Services,ORGANIZATIONAL-UNIT-MED-TEAM-02,LOC-MEDICAL,2026-08-01
EMP336,Kinza Faisal,Medical Care,POS-328,S058,Infection Prevention,Healthcare,Core,Developing,2,Developing,70.1,6.7,9,Planned,No,DEPARTMENT-008,Healthcare Services,ORGANIZATIONAL-UNIT-MED-TEAM-02,LOC-MEDICAL,2026-08-01
EMP336,Kinza Faisal,Medical Care,POS-328,S056,Clinical Documentation,Healthcare,Core,Developing,2,Developing,70.0,7.5,8,Planned,No,DEPARTMENT-008,Healthcare Services,ORGANIZATIONAL-UNIT-MED-TEAM-02,LOC-MEDICAL,2026-08-01
EMP336,Kinza Faisal,Medical Care,POS-328,S043,Teamwork,Behavioral,Common,Current,3,Proficient,77.4,5.3,14,Certified,No,DEPARTMENT-008,Healthcare Services,ORGANIZATIONAL-UNIT-MED-TEAM-02,LOC-MEDICAL,2026-08-01
EMP337,Junaid Mahmood,Medical Care,POS-329,S060,Care Coordination,Healthcare,Core,Current,3,Proficient,79.7,9.2,3,Not Required,Yes,DEPARTMENT-008,Healthcare Services,ORGANIZATIONAL-UNIT-MED-TEAM-03,LOC-MEDICAL,2026-08-01
EMP337,Junaid Mahmood,Medical Care,POS-329,S046,Leadership,Leadership,Leadership,Current,5,Expert,91.8,8.2,18,Certified,No,DEPARTMENT-008,Healthcare Services,ORGANIZATIONAL-UNIT-MED-TEAM-03,LOC-MEDICAL,2026-08-01
EMP337,Junaid Mahmood,Medical Care,POS-329,S056,Clinical Documentation,Healthcare,Core,Current,4,Advanced,93.1,8.2,11,Planned,No,DEPARTMENT-008,Healthcare Services,ORGANIZATIONAL-UNIT-MED-TEAM-03,LOC-MEDICAL,2026-08-01
EMP337,Junaid Mahmood,Medical Care,POS-329,S057,Medication Safety,Healthcare,Core,Developing,2,Developing,65.4,5.9,0,Not Required,No,DEPARTMENT-008,Healthcare Services,ORGANIZATIONAL-UNIT-MED-TEAM-03,LOC-MEDICAL,2026-08-01
EMP337,Junaid Mahmood,Medical Care,POS-329,S055,Patient Care,Healthcare,Core,Current,5,Expert,98.0,7.7,8,Certified,No,DEPARTMENT-008,Healthcare Services,ORGANIZATIONAL-UNIT-MED-TEAM-03,LOC-MEDICAL,2026-08-01
EMP338,Imran Malik,Medical Care,POS-330,S055,Patient Care,Healthcare,Core,Current,4,Advanced,86.8,8.6,4,Not Required,Yes,DEPARTMENT-008,Healthcare Services,ORGANIZATIONAL-UNIT-MED-TEAM-01,LOC-MEDICAL,2026-08-01
EMP338,Imran Malik,Medical Care,POS-330,S054,Clinical Assessment,Healthcare,Core,Current,5,Expert,93.9,9.6,1,Not Required,No,DEPARTMENT-008,Healthcare Services,ORGANIZATIONAL-UNIT-MED-TEAM-01,LOC-MEDICAL,2026-08-01
EMP338,Imran Malik,Medical Care,POS-330,S051,Empathy & Active Listening,Behavioral,Common,Developing,2,Developing,68.0,7.2,7,Certified,No,DEPARTMENT-008,Healthcare Services,ORGANIZATIONAL-UNIT-MED-TEAM-01,LOC-MEDICAL,2026-08-01
EMP338,Imran Malik,Medical Care,POS-330,S057,Medication Safety,Healthcare,Core,Current,4,Advanced,94.9,7.3,3,Planned,No,DEPARTMENT-008,Healthcare Services,ORGANIZATIONAL-UNIT-MED-TEAM-01,LOC-MEDICAL,2026-08-01
EMP338,Imran Malik,Medical Care,POS-330,S046,Leadership,Leadership,Leadership,Current,4,Advanced,97.9,8.8,2,Not Required,No,DEPARTMENT-008,Healthcare Services,ORGANIZATIONAL-UNIT-MED-TEAM-01,LOC-MEDICAL,2026-08-01
EMP339,Saba Saleem,Medical Care,POS-331,S054,Clinical Assessment,Healthcare,Core,Developing,2,Developing,66.5,4.7,12,Not Required,Yes,DEPARTMENT-008,Healthcare Services,ORGANIZATIONAL-UNIT-MED-TEAM-02,LOC-MEDICAL,2026-08-01
EMP339,Saba Saleem,Medical Care,POS-331,S043,Teamwork,Behavioral,Common,Current,4,Advanced,92.5,4.0,8,Planned,No,DEPARTMENT-008,Healthcare Services,ORGANIZATIONAL-UNIT-MED-TEAM-02,LOC-MEDICAL,2026-08-01
EMP339,Saba Saleem,Medical Care,POS-331,S051,Empathy & Active Listening,Behavioral,Common,Current,5,Expert,92.1,2.5,7,Planned,No,DEPARTMENT-008,Healthcare Services,ORGANIZATIONAL-UNIT-MED-TEAM-02,LOC-MEDICAL,2026-08-01
EMP339,Saba Saleem,Medical Care,POS-331,S058,Infection Prevention,Healthcare,Core,Developing,2,Developing,66.6,4.7,12,Not Required,No,DEPARTMENT-008,Healthcare Services,ORGANIZATIONAL-UNIT-MED-TEAM-02,LOC-MEDICAL,2026-08-01
EMP339,Saba Saleem,Medical Care,POS-331,S056,Clinical Documentation,Healthcare,Core,Current,5,Expert,95.3,4.1,10,Not Required,No,DEPARTMENT-008,Healthcare Services,ORGANIZATIONAL-UNIT-MED-TEAM-02,LOC-MEDICAL,2026-08-01
EMP340,Eman Raza,Medical Care,POS-332,S057,Medication Safety,Healthcare,Core,Current,4,Advanced,87.6,3.9,18,Planned,Yes,DEPARTMENT-008,Healthcare Services,ORGANIZATIONAL-UNIT-MED-TEAM-03,LOC-MEDICAL,2026-08-01
EMP340,Eman Raza,Medical Care,POS-332,S056,Clinical Documentation,Healthcare,Core,Current,4,Advanced,87.4,4.5,9,Certified,No,DEPARTMENT-008,Healthcare Services,ORGANIZATIONAL-UNIT-MED-TEAM-03,LOC-MEDICAL,2026-08-01
EMP340,Eman Raza,Medical Care,POS-332,S055,Patient Care,Healthcare,Core,Developing,2,Developing,73.5,3.6,2,Planned,No,DEPARTMENT-008,Healthcare Services,ORGANIZATIONAL-UNIT-MED-TEAM-03,LOC-MEDICAL,2026-08-01
EMP340,Eman Raza,Medical Care,POS-332,S043,Teamwork,Behavioral,Common,Developing,2,Developing,69.2,2.9,4,Not Required,No,DEPARTMENT-008,Healthcare Services,ORGANIZATIONAL-UNIT-MED-TEAM-03,LOC-MEDICAL,2026-08-01
EMP340,Eman Raza,Medical Care,POS-332,S058,Infection Prevention,Healthcare,Core,Developing,2,Developing,72.1,3.8,17,Certified,No,DEPARTMENT-008,Healthcare Services,ORGANIZATIONAL-UNIT-MED-TEAM-03,LOC-MEDICAL,2026-08-01
EMP341,Kashif Latif,Medical Care,POS-333,S058,Infection Prevention,Healthcare,Core,Current,5,Expert,96.9,9.2,5,Not Required,Yes,DEPARTMENT-008,Healthcare Services,ORGANIZATIONAL-UNIT-MED-TEAM-03,LOC-MEDICAL,2026-08-01
EMP341,Kashif Latif,Medical Care,POS-333,S046,Leadership,Leadership,Leadership,Developing,2,Developing,63.6,6.0,6,Planned,No,DEPARTMENT-008,Healthcare Services,ORGANIZATIONAL-UNIT-MED-TEAM-03,LOC-MEDICAL,2026-08-01
EMP341,Kashif Latif,Medical Care,POS-333,S055,Patient Care,Healthcare,Core,Current,5,Expert,80.0,9.5,5,Planned,No,DEPARTMENT-008,Healthcare Services,ORGANIZATIONAL-UNIT-MED-TEAM-03,LOC-MEDICAL,2026-08-01
EMP341,Kashif Latif,Medical Care,POS-333,S059,Emergency Response,Healthcare,Core,Current,4,Advanced,87.4,8.3,0,Not Required,No,DEPARTMENT-008,Healthcare Services,ORGANIZATIONAL-UNIT-MED-TEAM-03,LOC-MEDICAL,2026-08-01
EMP341,Kashif Latif,Medical Care,POS-333,S051,Empathy & Active Listening,Behavioral,Common,Current,3,Proficient,79.1,9.4,18,Certified,No,DEPARTMENT-008,Healthcare Services,ORGANIZATIONAL-UNIT-MED-TEAM-03,LOC-MEDICAL,2026-08-01
EMP342,Maha Mughal,Medical Care,POS-334,S051,Empathy & Active Listening,Behavioral,Common,Developing,2,Developing,68.2,7.1,10,Not Required,Yes,DEPARTMENT-008,Healthcare Services,ORGANIZATIONAL-UNIT-MED-TEAM-02,LOC-MEDICAL,2026-08-01
EMP342,Maha Mughal,Medical Care,POS-334,S055,Patient Care,Healthcare,Core,Developing,2,Developing,68.3,6.3,0,Not Required,No,DEPARTMENT-008,Healthcare Services,ORGANIZATIONAL-UNIT-MED-TEAM-02,LOC-MEDICAL,2026-08-01
EMP342,Maha Mughal,Medical Care,POS-334,S059,Emergency Response,Healthcare,Core,Current,5,Expert,91.9,6.9,10,Not Required,No,DEPARTMENT-008,Healthcare Services,ORGANIZATIONAL-UNIT-MED-TEAM-02,LOC-MEDICAL,2026-08-01
EMP342,Maha Mughal,Medical Care,POS-334,S056,Clinical Documentation,Healthcare,Core,Current,4,Advanced,93.4,9.5,11,Planned,No,DEPARTMENT-008,Healthcare Services,ORGANIZATIONAL-UNIT-MED-TEAM-02,LOC-MEDICAL,2026-08-01
EMP342,Maha Mughal,Medical Care,POS-334,S043,Teamwork,Behavioral,Common,Current,3,Proficient,70.6,8.6,12,Not Required,No,DEPARTMENT-008,Healthcare Services,ORGANIZATIONAL-UNIT-MED-TEAM-02,LOC-MEDICAL,2026-08-01
EMP343,Taha Butt,Medical Care,POS-335,S059,Emergency Response,Healthcare,Core,Current,3,Proficient,68.0,4.1,8,Not Required,Yes,DEPARTMENT-008,Healthcare Services,ORGANIZATIONAL-UNIT-MED-TEAM-01,LOC-MEDICAL,2026-08-01
EMP343,Taha Butt,Medical Care,POS-335,S046,Leadership,Leadership,Leadership,Current,5,Expert,94.0,4.0,7,Not Required,No,DEPARTMENT-008,Healthcare Services,ORGANIZATIONAL-UNIT-MED-TEAM-01,LOC-MEDICAL,2026-08-01
EMP343,Taha Butt,Medical Care,POS-335,S043,Teamwork,Behavioral,Common,Current,4,Advanced,76.0,2.8,18,Not Required,No,DEPARTMENT-008,Healthcare Services,ORGANIZATIONAL-UNIT-MED-TEAM-01,LOC-MEDICAL,2026-08-01
EMP343,Taha Butt,Medical Care,POS-335,S054,Clinical Assessment,Healthcare,Core,Developing,2,Developing,48.3,3.9,18,Not Required,No,DEPARTMENT-008,Healthcare Services,ORGANIZATIONAL-UNIT-MED-TEAM-01,LOC-MEDICAL,2026-08-01
EMP343,Taha Butt,Medical Care,POS-335,S056,Clinical Documentation,Healthcare,Core,Developing,2,Developing,75.3,4.9,5,Certified,No,DEPARTMENT-008,Healthcare Services,ORGANIZATIONAL-UNIT-MED-TEAM-01,LOC-MEDICAL,2026-08-01
EMP344,Saba Latif,Medical Care,POS-336,S055,Patient Care,Healthcare,Core,Current,3,Proficient,79.4,4.5,3,Planned,Yes,DEPARTMENT-008,Healthcare Services,ORGANIZATIONAL-UNIT-MED-TEAM-02,LOC-MEDICAL,2026-08-01
EMP344,Saba Latif,Medical Care,POS-336,S046,Leadership,Leadership,Leadership,Current,4,Advanced,83.3,4.4,18,Planned,No,DEPARTMENT-008,Healthcare Services,ORGANIZATIONAL-UNIT-MED-TEAM-02,LOC-MEDICAL,2026-08-01
EMP344,Saba Latif,Medical Care,POS-336,S051,Empathy & Active Listening,Behavioral,Common,Current,3,Proficient,75.4,4.0,15,Planned,No,DEPARTMENT-008,Healthcare Services,ORGANIZATIONAL-UNIT-MED-TEAM-02,LOC-MEDICAL,2026-08-01
EMP344,Saba Latif,Medical Care,POS-336,S043,Teamwork,Behavioral,Common,Current,4,Advanced,82.2,5.9,10,Certified,No,DEPARTMENT-008,Healthcare Services,ORGANIZATIONAL-UNIT-MED-TEAM-02,LOC-MEDICAL,2026-08-01
EMP344,Saba Latif,Medical Care,POS-336,S058,Infection Prevention,Healthcare,Core,Developing,2,Developing,69.4,3.3,16,Not Required,No,DEPARTMENT-008,Healthcare Services,ORGANIZATIONAL-UNIT-MED-TEAM-02,LOC-MEDICAL,2026-08-01
EMP345,Sana Chaudhry,Medical Care,POS-337,S051,Empathy & Active Listening,Behavioral,Common,Developing,2,Developing,74.0,4.7,9,Planned,Yes,DEPARTMENT-008,Healthcare Services,ORGANIZATIONAL-UNIT-MED-TEAM-02,LOC-MEDICAL,2026-08-01
EMP345,Sana Chaudhry,Medical Care,POS-337,S055,Patient Care,Healthcare,Core,Developing,2,Developing,71.3,4.4,15,Not Required,No,DEPARTMENT-008,Healthcare Services,ORGANIZATIONAL-UNIT-MED-TEAM-02,LOC-MEDICAL,2026-08-01
EMP345,Sana Chaudhry,Medical Care,POS-337,S058,Infection Prevention,Healthcare,Core,Current,4,Advanced,86.9,2.7,5,Not Required,No,DEPARTMENT-008,Healthcare Services,ORGANIZATIONAL-UNIT-MED-TEAM-02,LOC-MEDICAL,2026-08-01
EMP345,Sana Chaudhry,Medical Care,POS-337,S046,Leadership,Leadership,Leadership,Developing,2,Developing,60.8,4.5,12,Not Required,No,DEPARTMENT-008,Healthcare Services,ORGANIZATIONAL-UNIT-MED-TEAM-02,LOC-MEDICAL,2026-08-01
EMP345,Sana Chaudhry,Medical Care,POS-337,S060,Care Coordination,Healthcare,Core,Current,3,Proficient,70.9,2.8,11,Certified,No,DEPARTMENT-008,Healthcare Services,ORGANIZATIONAL-UNIT-MED-TEAM-02,LOC-MEDICAL,2026-08-01
EMP346,Hira Hashmi,Medical Care,POS-338,S059,Emergency Response,Healthcare,Core,Current,3,Proficient,78.3,3.4,1,Not Required,Yes,DEPARTMENT-008,Healthcare Services,ORGANIZATIONAL-UNIT-MED-TEAM-02,LOC-MEDICAL,2026-08-01
EMP346,Hira Hashmi,Medical Care,POS-338,S046,Leadership,Leadership,Leadership,Current,3,Proficient,63.9,4.6,0,Not Required,No,DEPARTMENT-008,Healthcare Services,ORGANIZATIONAL-UNIT-MED-TEAM-02,LOC-MEDICAL,2026-08-01
EMP346,Hira Hashmi,Medical Care,POS-338,S057,Medication Safety,Healthcare,Core,Current,3,Proficient,72.5,2.3,9,Not Required,No,DEPARTMENT-008,Healthcare Services,ORGANIZATIONAL-UNIT-MED-TEAM-02,LOC-MEDICAL,2026-08-01
EMP346,Hira Hashmi,Medical Care,POS-338,S058,Infection Prevention,Healthcare,Core,Current,3,Proficient,69.2,4.8,6,Not Required,No,DEPARTMENT-008,Healthcare Services,ORGANIZATIONAL-UNIT-MED-TEAM-02,LOC-MEDICAL,2026-08-01
EMP346,Hira Hashmi,Medical Care,POS-338,S043,Teamwork,Behavioral,Common,Current,3,Proficient,81.5,2.9,2,Not Required,No,DEPARTMENT-008,Healthcare Services,ORGANIZATIONAL-UNIT-MED-TEAM-02,LOC-MEDICAL,2026-08-01
EMP347,Maryam Tariq,Medical Care,POS-339,S060,Care Coordination,Healthcare,Core,Developing,2,Developing,66.9,5.0,6,Not Required,Yes,DEPARTMENT-008,Healthcare Services,ORGANIZATIONAL-UNIT-MED-TEAM-01,LOC-MEDICAL,2026-08-01
EMP347,Maryam Tariq,Medical Care,POS-339,S058,Infection Prevention,Healthcare,Core,Current,4,Advanced,85.6,4.7,18,Planned,No,DEPARTMENT-008,Healthcare Services,ORGANIZATIONAL-UNIT-MED-TEAM-01,LOC-MEDICAL,2026-08-01
EMP347,Maryam Tariq,Medical Care,POS-339,S043,Teamwork,Behavioral,Common,Current,4,Advanced,88.7,4.1,5,Planned,No,DEPARTMENT-008,Healthcare Services,ORGANIZATIONAL-UNIT-MED-TEAM-01,LOC-MEDICAL,2026-08-01
EMP347,Maryam Tariq,Medical Care,POS-339,S054,Clinical Assessment,Healthcare,Core,Current,3,Proficient,69.1,6.1,11,Certified,No,DEPARTMENT-008,Healthcare Services,ORGANIZATIONAL-UNIT-MED-TEAM-01,LOC-MEDICAL,2026-08-01
EMP347,Maryam Tariq,Medical Care,POS-339,S056,Clinical Documentation,Healthcare,Core,Current,3,Proficient,73.8,3.6,6,Not Required,No,DEPARTMENT-008,Healthcare Services,ORGANIZATIONAL-UNIT-MED-TEAM-01,LOC-MEDICAL,2026-08-01
EMP348,Anusha Latif,Medical Care,POS-340,S057,Medication Safety,Healthcare,Core,Current,4,Advanced,84.0,1.1,12,Not Required,Yes,DEPARTMENT-008,Healthcare Services,ORGANIZATIONAL-UNIT-MED-TEAM-02,LOC-MEDICAL,2026-08-01
EMP348,Anusha Latif,Medical Care,POS-340,S051,Empathy & Active Listening,Behavioral,Common,Current,4,Advanced,90.9,3.5,0,Planned,No,DEPARTMENT-008,Healthcare Services,ORGANIZATIONAL-UNIT-MED-TEAM-02,LOC-MEDICAL,2026-08-01
EMP348,Anusha Latif,Medical Care,POS-340,S055,Patient Care,Healthcare,Core,Current,4,Advanced,97.8,2.2,16,Certified,No,DEPARTMENT-008,Healthcare Services,ORGANIZATIONAL-UNIT-MED-TEAM-02,LOC-MEDICAL,2026-08-01
EMP348,Anusha Latif,Medical Care,POS-340,S043,Teamwork,Behavioral,Common,Current,3,Proficient,76.5,2.1,11,Not Required,No,DEPARTMENT-008,Healthcare Services,ORGANIZATIONAL-UNIT-MED-TEAM-02,LOC-MEDICAL,2026-08-01
EMP348,Anusha Latif,Medical Care,POS-340,S056,Clinical Documentation,Healthcare,Core,Current,4,Advanced,83.9,3.3,7,Certified,No,DEPARTMENT-008,Healthcare Services,ORGANIZATIONAL-UNIT-MED-TEAM-02,LOC-MEDICAL,2026-08-01
EMP349,Iqra Nawaz,Medical Care,POS-341,S055,Patient Care,Healthcare,Core,Developing,2,Developing,64.2,2.1,14,Not Required,Yes,DEPARTMENT-008,Healthcare Services,ORGANIZATIONAL-UNIT-MED-TEAM-02,LOC-MEDICAL,2026-08-01
EMP349,Iqra Nawaz,Medical Care,POS-341,S051,Empathy & Active Listening,Behavioral,Common,Current,3,Proficient,85.7,1.8,1,Not Required,No,DEPARTMENT-008,Healthcare Services,ORGANIZATIONAL-UNIT-MED-TEAM-02,LOC-MEDICAL,2026-08-01
EMP349,Iqra Nawaz,Medical Care,POS-341,S060,Care Coordination,Healthcare,Core,Developing,2,Developing,71.9,2.6,4,Planned,No,DEPARTMENT-008,Healthcare Services,ORGANIZATIONAL-UNIT-MED-TEAM-02,LOC-MEDICAL,2026-08-01
EMP349,Iqra Nawaz,Medical Care,POS-341,S046,Leadership,Leadership,Leadership,Current,3,Proficient,83.9,0.9,8,Planned,No,DEPARTMENT-008,Healthcare Services,ORGANIZATIONAL-UNIT-MED-TEAM-02,LOC-MEDICAL,2026-08-01
EMP349,Iqra Nawaz,Medical Care,POS-341,S058,Infection Prevention,Healthcare,Core,Developing,2,Developing,61.5,1.2,6,Not Required,No,DEPARTMENT-008,Healthcare Services,ORGANIZATIONAL-UNIT-MED-TEAM-02,LOC-MEDICAL,2026-08-01
EMP350,Noor Abbasi,Medical Care,POS-342,S057,Medication Safety,Healthcare,Core,Current,4,Advanced,78.8,5.3,16,Certified,Yes,DEPARTMENT-008,Healthcare Services,ORGANIZATIONAL-UNIT-MED-TEAM-03,LOC-MEDICAL,2026-08-01
EMP350,Noor Abbasi,Medical Care,POS-342,S060,Care Coordination,Healthcare,Core,Current,3,Proficient,89.1,4.2,5,Not Required,No,DEPARTMENT-008,Healthcare Services,ORGANIZATIONAL-UNIT-MED-TEAM-03,LOC-MEDICAL,2026-08-01
EMP350,Noor Abbasi,Medical Care,POS-342,S055,Patient Care,Healthcare,Core,Current,3,Proficient,72.8,3.8,11,Not Required,No,DEPARTMENT-008,Healthcare Services,ORGANIZATIONAL-UNIT-MED-TEAM-03,LOC-MEDICAL,2026-08-01
EMP350,Noor Abbasi,Medical Care,POS-342,S043,Teamwork,Behavioral,Common,Current,3,Proficient,68.6,3.0,10,Not Required,No,DEPARTMENT-008,Healthcare Services,ORGANIZATIONAL-UNIT-MED-TEAM-03,LOC-MEDICAL,2026-08-01
EMP350,Noor Abbasi,Medical Care,POS-342,S056,Clinical Documentation,Healthcare,Core,Current,4,Advanced,75.4,2.4,14,Planned,No,DEPARTMENT-008,Healthcare Services,ORGANIZATIONAL-UNIT-MED-TEAM-03,LOC-MEDICAL,2026-08-01
EMP351,Talha Shah,Medical Care,POS-343,S054,Clinical Assessment,Healthcare,Core,Current,4,Advanced,86.4,4.5,5,Not Required,Yes,DEPARTMENT-008,Healthcare Services,ORGANIZATIONAL-UNIT-MED-TEAM-02,LOC-MEDICAL,2026-08-01
EMP351,Talha Shah,Medical Care,POS-343,S043,Teamwork,Behavioral,Common,Current,3,Proficient,69.6,5.1,14,Planned,No,DEPARTMENT-008,Healthcare Services,ORGANIZATIONAL-UNIT-MED-TEAM-02,LOC-MEDICAL,2026-08-01
EMP351,Talha Shah,Medical Care,POS-343,S057,Medication Safety,Healthcare,Core,Current,4,Advanced,87.1,4.3,3,Planned,No,DEPARTMENT-008,Healthcare Services,ORGANIZATIONAL-UNIT-MED-TEAM-02,LOC-MEDICAL,2026-08-01
EMP351,Talha Shah,Medical Care,POS-343,S058,Infection Prevention,Healthcare,Core,Current,4,Advanced,83.7,3.8,8,Planned,No,DEPARTMENT-008,Healthcare Services,ORGANIZATIONAL-UNIT-MED-TEAM-02,LOC-MEDICAL,2026-08-01
EMP351,Talha Shah,Medical Care,POS-343,S046,Leadership,Leadership,Leadership,Current,4,Advanced,74.9,4.4,13,Certified,No,DEPARTMENT-008,Healthcare Services,ORGANIZATIONAL-UNIT-MED-TEAM-02,LOC-MEDICAL,2026-08-01
EMP352,Bilal Mughal,Medical Care,POS-344,S054,Clinical Assessment,Healthcare,Core,Developing,2,Developing,62.4,5.7,12,Certified,Yes,DEPARTMENT-008,Healthcare Services,ORGANIZATIONAL-UNIT-MED-TEAM-01,LOC-MEDICAL,2026-08-01
EMP352,Bilal Mughal,Medical Care,POS-344,S043,Teamwork,Behavioral,Common,Current,4,Advanced,87.0,2.9,6,Not Required,No,DEPARTMENT-008,Healthcare Services,ORGANIZATIONAL-UNIT-MED-TEAM-01,LOC-MEDICAL,2026-08-01
EMP352,Bilal Mughal,Medical Care,POS-344,S056,Clinical Documentation,Healthcare,Core,Current,3,Proficient,74.1,3.4,12,Certified,No,DEPARTMENT-008,Healthcare Services,ORGANIZATIONAL-UNIT-MED-TEAM-01,LOC-MEDICAL,2026-08-01
EMP352,Bilal Mughal,Medical Care,POS-344,S058,Infection Prevention,Healthcare,Core,Developing,2,Developing,68.5,3.7,2,Not Required,No,DEPARTMENT-008,Healthcare Services,ORGANIZATIONAL-UNIT-MED-TEAM-01,LOC-MEDICAL,2026-08-01
EMP352,Bilal Mughal,Medical Care,POS-344,S051,Empathy & Active Listening,Behavioral,Common,Developing,2,Developing,63.2,5.4,4,Not Required,No,DEPARTMENT-008,Healthcare Services,ORGANIZATIONAL-UNIT-MED-TEAM-01,LOC-MEDICAL,2026-08-01
EMP353,Nida Latif,Medical Care,POS-345,S059,Emergency Response,Healthcare,Core,Developing,2,Developing,63.3,2.5,13,Not Required,Yes,DEPARTMENT-008,Healthcare Services,ORGANIZATIONAL-UNIT-MED-TEAM-03,LOC-MEDICAL,2026-08-01
EMP353,Nida Latif,Medical Care,POS-345,S054,Clinical Assessment,Healthcare,Core,Current,4,Advanced,80.3,2.3,3,Not Required,No,DEPARTMENT-008,Healthcare Services,ORGANIZATIONAL-UNIT-MED-TEAM-03,LOC-MEDICAL,2026-08-01
EMP353,Nida Latif,Medical Care,POS-345,S043,Teamwork,Behavioral,Common,Current,3,Proficient,71.9,2.4,5,Planned,No,DEPARTMENT-008,Healthcare Services,ORGANIZATIONAL-UNIT-MED-TEAM-03,LOC-MEDICAL,2026-08-01
EMP353,Nida Latif,Medical Care,POS-345,S060,Care Coordination,Healthcare,Core,Developing,2,Developing,68.5,3.0,18,Not Required,No,DEPARTMENT-008,Healthcare Services,ORGANIZATIONAL-UNIT-MED-TEAM-03,LOC-MEDICAL,2026-08-01
EMP353,Nida Latif,Medical Care,POS-345,S055,Patient Care,Healthcare,Core,Current,4,Advanced,77.2,1.6,17,Not Required,No,DEPARTMENT-008,Healthcare Services,ORGANIZATIONAL-UNIT-MED-TEAM-03,LOC-MEDICAL,2026-08-01
EMP354,Anam Khalid,Medical Care,POS-346,S054,Clinical Assessment,Healthcare,Core,Current,4,Advanced,85.3,5.2,8,Certified,Yes,DEPARTMENT-008,Healthcare Services,ORGANIZATIONAL-UNIT-MED-TEAM-02,LOC-MEDICAL,2026-08-01
EMP354,Anam Khalid,Medical Care,POS-346,S055,Patient Care,Healthcare,Core,Current,4,Advanced,84.1,3.5,1,Not Required,No,DEPARTMENT-008,Healthcare Services,ORGANIZATIONAL-UNIT-MED-TEAM-02,LOC-MEDICAL,2026-08-01
EMP354,Anam Khalid,Medical Care,POS-346,S051,Empathy & Active Listening,Behavioral,Common,Developing,2,Developing,66.0,4.8,15,Certified,No,DEPARTMENT-008,Healthcare Services,ORGANIZATIONAL-UNIT-MED-TEAM-02,LOC-MEDICAL,2026-08-01
EMP354,Anam Khalid,Medical Care,POS-346,S046,Leadership,Leadership,Leadership,Current,3,Proficient,75.0,3.7,9,Not Required,No,DEPARTMENT-008,Healthcare Services,ORGANIZATIONAL-UNIT-MED-TEAM-02,LOC-MEDICAL,2026-08-01
EMP354,Anam Khalid,Medical Care,POS-346,S043,Teamwork,Behavioral,Common,Developing,2,Developing,73.3,4.4,9,Not Required,No,DEPARTMENT-008,Healthcare Services,ORGANIZATIONAL-UNIT-MED-TEAM-02,LOC-MEDICAL,2026-08-01
EMP355,Saad Shah,Medical Care,POS-347,S057,Medication Safety,Healthcare,Core,Current,4,Advanced,90.5,5.7,18,Not Required,Yes,DEPARTMENT-008,Healthcare Services,ORGANIZATIONAL-UNIT-MED-TEAM-03,LOC-MEDICAL,2026-08-01
EMP355,Saad Shah,Medical Care,POS-347,S055,Patient Care,Healthcare,Core,Current,4,Advanced,88.8,5.3,2,Not Required,No,DEPARTMENT-008,Healthcare Services,ORGANIZATIONAL-UNIT-MED-TEAM-03,LOC-MEDICAL,2026-08-01
EMP355,Saad Shah,Medical Care,POS-347,S051,Empathy & Active Listening,Behavioral,Common,Developing,2,Developing,60.2,5.7,10,Not Required,No,DEPARTMENT-008,Healthcare Services,ORGANIZATIONAL-UNIT-MED-TEAM-03,LOC-MEDICAL,2026-08-01
EMP355,Saad Shah,Medical Care,POS-347,S058,Infection Prevention,Healthcare,Core,Current,3,Proficient,79.3,5.2,1,Not Required,No,DEPARTMENT-008,Healthcare Services,ORGANIZATIONAL-UNIT-MED-TEAM-03,LOC-MEDICAL,2026-08-01
EMP355,Saad Shah,Medical Care,POS-347,S054,Clinical Assessment,Healthcare,Core,Developing,2,Developing,60.5,4.4,12,Not Required,No,DEPARTMENT-008,Healthcare Services,ORGANIZATIONAL-UNIT-MED-TEAM-03,LOC-MEDICAL,2026-08-01
EMP356,Hira Mirza,Medical Care,POS-348,S046,Leadership,Leadership,Leadership,Current,4,Advanced,87.2,1.0,1,Planned,Yes,DEPARTMENT-008,Healthcare Services,ORGANIZATIONAL-UNIT-MED-TEAM-03,LOC-MEDICAL,2026-08-01
EMP356,Hira Mirza,Medical Care,POS-348,S056,Clinical Documentation,Healthcare,Core,Developing,2,Developing,70.5,2.0,0,Not Required,No,DEPARTMENT-008,Healthcare Services,ORGANIZATIONAL-UNIT-MED-TEAM-03,LOC-MEDICAL,2026-08-01
EMP356,Hira Mirza,Medical Care,POS-348,S059,Emergency Response,Healthcare,Core,Current,4,Advanced,84.9,1.4,9,Not Required,No,DEPARTMENT-008,Healthcare Services,ORGANIZATIONAL-UNIT-MED-TEAM-03,LOC-MEDICAL,2026-08-01
EMP356,Hira Mirza,Medical Care,POS-348,S060,Care Coordination,Healthcare,Core,Developing,2,Developing,75.0,2.1,15,Not Required,No,DEPARTMENT-008,Healthcare Services,ORGANIZATIONAL-UNIT-MED-TEAM-03,LOC-MEDICAL,2026-08-01
EMP356,Hira Mirza,Medical Care,POS-348,S054,Clinical Assessment,Healthcare,Core,Current,4,Advanced,87.4,1.1,15,Not Required,No,DEPARTMENT-008,Healthcare Services,ORGANIZATIONAL-UNIT-MED-TEAM-03,LOC-MEDICAL,2026-08-01
EMP357,Kamran Ismail,Medical Care,POS-349,S059,Emergency Response,Healthcare,Core,Current,4,Advanced,79.3,5.2,8,Planned,Yes,DEPARTMENT-008,Healthcare Services,ORGANIZATIONAL-UNIT-MED-TEAM-03,LOC-MEDICAL,2026-08-01
EMP357,Kamran Ismail,Medical Care,POS-349,S043,Teamwork,Behavioral,Common,Developing,2,Developing,63.6,3.2,8,Not Required,No,DEPARTMENT-008,Healthcare Services,ORGANIZATIONAL-UNIT-MED-TEAM-03,LOC-MEDICAL,2026-08-01
EMP357,Kamran Ismail,Medical Care,POS-349,S051,Empathy & Active Listening,Behavioral,Common,Developing,2,Developing,61.2,3.5,7,Certified,No,DEPARTMENT-008,Healthcare Services,ORGANIZATIONAL-UNIT-MED-TEAM-03,LOC-MEDICAL,2026-08-01
EMP357,Kamran Ismail,Medical Care,POS-349,S056,Clinical Documentation,Healthcare,Core,Current,4,Advanced,79.5,4.4,14,Certified,No,DEPARTMENT-008,Healthcare Services,ORGANIZATIONAL-UNIT-MED-TEAM-03,LOC-MEDICAL,2026-08-01
EMP357,Kamran Ismail,Medical Care,POS-349,S055,Patient Care,Healthcare,Core,Current,3,Proficient,79.7,5.2,12,Not Required,No,DEPARTMENT-008,Healthcare Services,ORGANIZATIONAL-UNIT-MED-TEAM-03,LOC-MEDICAL,2026-08-01
EMP358,Junaid Saeed,Medical Care,POS-350,S055,Patient Care,Healthcare,Core,Current,3,Proficient,76.8,3.2,16,Certified,Yes,DEPARTMENT-008,Healthcare Services,ORGANIZATIONAL-UNIT-MED-TEAM-03,LOC-MEDICAL,2026-08-01
EMP358,Junaid Saeed,Medical Care,POS-350,S046,Leadership,Leadership,Leadership,Developing,2,Developing,64.1,2.7,16,Not Required,No,DEPARTMENT-008,Healthcare Services,ORGANIZATIONAL-UNIT-MED-TEAM-03,LOC-MEDICAL,2026-08-01
EMP358,Junaid Saeed,Medical Care,POS-350,S051,Empathy & Active Listening,Behavioral,Common,Developing,1,Beginner,49.1,1.2,9,Not Required,No,DEPARTMENT-008,Healthcare Services,ORGANIZATIONAL-UNIT-MED-TEAM-03,LOC-MEDICAL,2026-08-01
EMP358,Junaid Saeed,Medical Care,POS-350,S043,Teamwork,Behavioral,Common,Developing,1,Beginner,50.7,3.5,1,Not Required,No,DEPARTMENT-008,Healthcare Services,ORGANIZATIONAL-UNIT-MED-TEAM-03,LOC-MEDICAL,2026-08-01
EMP358,Junaid Saeed,Medical Care,POS-350,S060,Care Coordination,Healthcare,Core,Current,3,Proficient,74.2,3.5,1,Not Required,No,DEPARTMENT-008,Healthcare Services,ORGANIZATIONAL-UNIT-MED-TEAM-03,LOC-MEDICAL,2026-08-01
EMP359,Saba Mahmood,Medical Care,POS-351,S056,Clinical Documentation,Healthcare,Core,Developing,1,Beginner,51.7,2.4,3,Certified,Yes,DEPARTMENT-008,Healthcare Services,ORGANIZATIONAL-UNIT-MED-TEAM-01,LOC-MEDICAL,2026-08-01
EMP359,Saba Mahmood,Medical Care,POS-351,S054,Clinical Assessment,Healthcare,Core,Current,3,Proficient,80.8,0.6,6,Not Required,No,DEPARTMENT-008,Healthcare Services,ORGANIZATIONAL-UNIT-MED-TEAM-01,LOC-MEDICAL,2026-08-01
EMP359,Saba Mahmood,Medical Care,POS-351,S051,Empathy & Active Listening,Behavioral,Common,Developing,1,Beginner,51.7,2.7,10,Certified,No,DEPARTMENT-008,Healthcare Services,ORGANIZATIONAL-UNIT-MED-TEAM-01,LOC-MEDICAL,2026-08-01
EMP359,Saba Mahmood,Medical Care,POS-351,S058,Infection Prevention,Healthcare,Core,Developing,1,Beginner,54.7,1.1,12,Planned,No,DEPARTMENT-008,Healthcare Services,ORGANIZATIONAL-UNIT-MED-TEAM-01,LOC-MEDICAL,2026-08-01
EMP359,Saba Mahmood,Medical Care,POS-351,S057,Medication Safety,Healthcare,Core,Current,3,Proficient,68.9,1.3,16,Not Required,No,DEPARTMENT-008,Healthcare Services,ORGANIZATIONAL-UNIT-MED-TEAM-01,LOC-MEDICAL,2026-08-01
EMP360,Omar Qureshi,Medical Care,POS-352,S054,Clinical Assessment,Healthcare,Core,Current,3,Proficient,73.2,2.1,14,Not Required,Yes,DEPARTMENT-008,Healthcare Services,ORGANIZATIONAL-UNIT-MED-TEAM-01,LOC-MEDICAL,2026-08-01
EMP360,Omar Qureshi,Medical Care,POS-352,S057,Medication Safety,Healthcare,Core,Developing,2,Developing,57.6,2.4,3,Certified,No,DEPARTMENT-008,Healthcare Services,ORGANIZATIONAL-UNIT-MED-TEAM-01,LOC-MEDICAL,2026-08-01
EMP360,Omar Qureshi,Medical Care,POS-352,S056,Clinical Documentation,Healthcare,Core,Developing,1,Beginner,60.1,3.2,3,Not Required,No,DEPARTMENT-008,Healthcare Services,ORGANIZATIONAL-UNIT-MED-TEAM-01,LOC-MEDICAL,2026-08-01
EMP360,Omar Qureshi,Medical Care,POS-352,S060,Care Coordination,Healthcare,Core,Developing,2,Developing,75.5,2.8,15,Not Required,No,DEPARTMENT-008,Healthcare Services,ORGANIZATIONAL-UNIT-MED-TEAM-01,LOC-MEDICAL,2026-08-01
EMP360,Omar Qureshi,Medical Care,POS-352,S059,Emergency Response,Healthcare,Core,Current,3,Proficient,80.3,1.4,4,Not Required,No,DEPARTMENT-008,Healthcare Services,ORGANIZATIONAL-UNIT-MED-TEAM-01,LOC-MEDICAL,2026-08-01
EMP361,Hira Siddiqui,Training & Development,EXEC-TRN-HEAD,S062,Curriculum Design,Learning,Core,Current,4,Advanced,98.4,12.3,8,Planned,Yes,DEPARTMENT-009,Learning Services,ORGANIZATIONAL-UNIT-TRN,LOC-CAMPUS,2026-08-01
EMP361,Hira Siddiqui,Training & Development,EXEC-TRN-HEAD,S064,Learning Evaluation,Learning,Core,Current,4,Advanced,87.1,12.7,15,Not Required,No,DEPARTMENT-009,Learning Services,ORGANIZATIONAL-UNIT-TRN,LOC-CAMPUS,2026-08-01
EMP361,Hira Siddiqui,Training & Development,EXEC-TRN-HEAD,S045,Stakeholder Management,Behavioral,Leadership,Current,5,Expert,94.0,13.1,13,Planned,No,DEPARTMENT-009,Learning Services,ORGANIZATIONAL-UNIT-TRN,LOC-CAMPUS,2026-08-01
EMP361,Hira Siddiqui,Training & Development,EXEC-TRN-HEAD,S050,Project Management,Leadership,Common,Current,5,Expert,93.9,12.2,2,Not Required,No,DEPARTMENT-009,Learning Services,ORGANIZATIONAL-UNIT-TRN,LOC-CAMPUS,2026-08-01
EMP361,Hira Siddiqui,Training & Development,EXEC-TRN-HEAD,S046,Leadership,Leadership,Leadership,Current,4,Advanced,93.1,11.9,9,Certified,No,DEPARTMENT-009,Learning Services,ORGANIZATIONAL-UNIT-TRN,LOC-CAMPUS,2026-08-01
EMP362,Iqra Mahmood,Training & Development,POS-353,S061,Training Needs Analysis,Learning,Core,Current,3,Proficient,78.7,5.8,18,Certified,Yes,DEPARTMENT-009,Learning Services,ORGANIZATIONAL-UNIT-TRN,LOC-CAMPUS,2026-08-01
EMP362,Iqra Mahmood,Training & Development,POS-353,S042,Communication,Behavioral,Common,Current,4,Advanced,75.0,7.4,9,Planned,No,DEPARTMENT-009,Learning Services,ORGANIZATIONAL-UNIT-TRN,LOC-CAMPUS,2026-08-01
EMP362,Iqra Mahmood,Training & Development,POS-353,S063,Facilitation,Learning,Core,Current,4,Advanced,86.8,6.9,2,Not Required,No,DEPARTMENT-009,Learning Services,ORGANIZATIONAL-UNIT-TRN,LOC-CAMPUS,2026-08-01
EMP362,Iqra Mahmood,Training & Development,POS-353,S047,Coaching & Mentoring,Leadership,Leadership,Current,4,Advanced,88.2,6.2,14,Not Required,No,DEPARTMENT-009,Learning Services,ORGANIZATIONAL-UNIT-TRN,LOC-CAMPUS,2026-08-01
EMP362,Iqra Mahmood,Training & Development,POS-353,S045,Stakeholder Management,Behavioral,Leadership,Current,3,Proficient,68.2,7.7,11,Planned,No,DEPARTMENT-009,Learning Services,ORGANIZATIONAL-UNIT-TRN,LOC-CAMPUS,2026-08-01
EMP363,Shahzaib Rauf,Training & Development,POS-354,S065,Learning Management Systems,Learning,Core,Current,3,Proficient,69.6,9.5,0,Not Required,Yes,DEPARTMENT-009,Learning Services,ORGANIZATIONAL-UNIT-TRN,LOC-CAMPUS,2026-08-01
EMP363,Shahzaib Rauf,Training & Development,POS-354,S064,Learning Evaluation,Learning,Core,Current,5,Expert,89.5,12.8,16,Not Required,No,DEPARTMENT-009,Learning Services,ORGANIZATIONAL-UNIT-TRN,LOC-CAMPUS,2026-08-01
EMP363,Shahzaib Rauf,Training & Development,POS-354,S062,Curriculum Design,Learning,Core,Current,5,Expert,97.3,10.5,12,Certified,No,DEPARTMENT-009,Learning Services,ORGANIZATIONAL-UNIT-TRN,LOC-CAMPUS,2026-08-01
EMP363,Shahzaib Rauf,Training & Development,POS-354,S042,Communication,Behavioral,Common,Current,5,Expert,91.4,11.0,18,Planned,No,DEPARTMENT-009,Learning Services,ORGANIZATIONAL-UNIT-TRN,LOC-CAMPUS,2026-08-01
EMP363,Shahzaib Rauf,Training & Development,POS-354,S050,Project Management,Leadership,Common,Current,5,Expert,98.4,12.1,17,Planned,No,DEPARTMENT-009,Learning Services,ORGANIZATIONAL-UNIT-TRN,LOC-CAMPUS,2026-08-01
EMP364,Iqra Malik,Training & Development,POS-355,S064,Learning Evaluation,Learning,Core,Current,3,Proficient,74.9,10.2,11,Not Required,Yes,DEPARTMENT-009,Learning Services,ORGANIZATIONAL-UNIT-TRN,LOC-CAMPUS,2026-08-01
EMP364,Iqra Malik,Training & Development,POS-355,S046,Leadership,Leadership,Leadership,Current,3,Proficient,72.3,10.4,7,Certified,No,DEPARTMENT-009,Learning Services,ORGANIZATIONAL-UNIT-TRN,LOC-CAMPUS,2026-08-01
EMP364,Iqra Malik,Training & Development,POS-355,S061,Training Needs Analysis,Learning,Core,Current,4,Advanced,83.3,13.1,15,Planned,No,DEPARTMENT-009,Learning Services,ORGANIZATIONAL-UNIT-TRN,LOC-CAMPUS,2026-08-01
EMP364,Iqra Malik,Training & Development,POS-355,S065,Learning Management Systems,Learning,Core,Current,4,Advanced,81.7,11.9,11,Certified,No,DEPARTMENT-009,Learning Services,ORGANIZATIONAL-UNIT-TRN,LOC-CAMPUS,2026-08-01
EMP364,Iqra Malik,Training & Development,POS-355,S047,Coaching & Mentoring,Leadership,Leadership,Current,5,Expert,100,15.0,6,Not Required,No,DEPARTMENT-009,Learning Services,ORGANIZATIONAL-UNIT-TRN,LOC-CAMPUS,2026-08-01
EMP365,Noor Raza,Training & Development,POS-356,S047,Coaching & Mentoring,Leadership,Leadership,Current,5,Expert,89.9,10.8,16,Not Required,Yes,DEPARTMENT-009,Learning Services,ORGANIZATIONAL-UNIT-TRN,LOC-CAMPUS,2026-08-01
EMP365,Noor Raza,Training & Development,POS-356,S063,Facilitation,Learning,Core,Current,3,Proficient,78.3,9.0,0,Not Required,No,DEPARTMENT-009,Learning Services,ORGANIZATIONAL-UNIT-TRN,LOC-CAMPUS,2026-08-01
EMP365,Noor Raza,Training & Development,POS-356,S046,Leadership,Leadership,Leadership,Current,3,Proficient,67.9,9.4,6,Certified,No,DEPARTMENT-009,Learning Services,ORGANIZATIONAL-UNIT-TRN,LOC-CAMPUS,2026-08-01
EMP365,Noor Raza,Training & Development,POS-356,S045,Stakeholder Management,Behavioral,Leadership,Current,5,Expert,93.9,10.3,11,Certified,No,DEPARTMENT-009,Learning Services,ORGANIZATIONAL-UNIT-TRN,LOC-CAMPUS,2026-08-01
EMP365,Noor Raza,Training & Development,POS-356,S042,Communication,Behavioral,Common,Current,3,Proficient,79.1,8.7,5,Planned,No,DEPARTMENT-009,Learning Services,ORGANIZATIONAL-UNIT-TRN,LOC-CAMPUS,2026-08-01
EMP366,Saad Khan,Training & Development,POS-357,S047,Coaching & Mentoring,Leadership,Leadership,Current,3,Proficient,77.3,10.3,9,Certified,Yes,DEPARTMENT-009,Learning Services,ORGANIZATIONAL-UNIT-TRN,LOC-CAMPUS,2026-08-01
EMP366,Saad Khan,Training & Development,POS-357,S042,Communication,Behavioral,Common,Current,4,Advanced,81.0,12.3,13,Not Required,No,DEPARTMENT-009,Learning Services,ORGANIZATIONAL-UNIT-TRN,LOC-CAMPUS,2026-08-01
EMP366,Saad Khan,Training & Development,POS-357,S065,Learning Management Systems,Learning,Core,Current,4,Advanced,78.6,11.7,11,Planned,No,DEPARTMENT-009,Learning Services,ORGANIZATIONAL-UNIT-TRN,LOC-CAMPUS,2026-08-01
EMP366,Saad Khan,Training & Development,POS-357,S046,Leadership,Leadership,Leadership,Current,4,Advanced,89.1,12.5,6,Planned,No,DEPARTMENT-009,Learning Services,ORGANIZATIONAL-UNIT-TRN,LOC-CAMPUS,2026-08-01
EMP366,Saad Khan,Training & Development,POS-357,S064,Learning Evaluation,Learning,Core,Current,5,Expert,89.5,10.6,3,Certified,No,DEPARTMENT-009,Learning Services,ORGANIZATIONAL-UNIT-TRN,LOC-CAMPUS,2026-08-01
EMP367,Laiba Siddiqui,Training & Development,POS-358,S047,Coaching & Mentoring,Leadership,Leadership,Current,5,Expert,85.4,10.2,6,Not Required,Yes,DEPARTMENT-009,Learning Services,ORGANIZATIONAL-UNIT-TRN,LOC-CAMPUS,2026-08-01
EMP367,Laiba Siddiqui,Training & Development,POS-358,S042,Communication,Behavioral,Common,Current,3,Proficient,71.8,9.5,8,Planned,No,DEPARTMENT-009,Learning Services,ORGANIZATIONAL-UNIT-TRN,LOC-CAMPUS,2026-08-01
EMP367,Laiba Siddiqui,Training & Development,POS-358,S063,Facilitation,Learning,Core,Current,4,Advanced,88.1,9.3,14,Not Required,No,DEPARTMENT-009,Learning Services,ORGANIZATIONAL-UNIT-TRN,LOC-CAMPUS,2026-08-01
EMP367,Laiba Siddiqui,Training & Development,POS-358,S065,Learning Management Systems,Learning,Core,Current,5,Expert,99.7,9.1,13,Certified,No,DEPARTMENT-009,Learning Services,ORGANIZATIONAL-UNIT-TRN,LOC-CAMPUS,2026-08-01
EMP367,Laiba Siddiqui,Training & Development,POS-358,S045,Stakeholder Management,Behavioral,Leadership,Current,5,Expert,89.4,10.2,3,Certified,No,DEPARTMENT-009,Learning Services,ORGANIZATIONAL-UNIT-TRN,LOC-CAMPUS,2026-08-01
EMP368,Saba Hashmi,Training & Development,POS-359,S061,Training Needs Analysis,Learning,Core,Current,5,Expert,76.4,7.0,8,Certified,Yes,DEPARTMENT-009,Learning Services,ORGANIZATIONAL-UNIT-TRN-TEAM-01,LOC-CAMPUS,2026-08-01
EMP368,Saba Hashmi,Training & Development,POS-359,S062,Curriculum Design,Learning,Core,Current,3,Proficient,77.4,4.3,7,Planned,No,DEPARTMENT-009,Learning Services,ORGANIZATIONAL-UNIT-TRN-TEAM-01,LOC-CAMPUS,2026-08-01
EMP368,Saba Hashmi,Training & Development,POS-359,S064,Learning Evaluation,Learning,Core,Current,4,Advanced,88.5,6.0,2,Not Required,No,DEPARTMENT-009,Learning Services,ORGANIZATIONAL-UNIT-TRN-TEAM-01,LOC-CAMPUS,2026-08-01
EMP368,Saba Hashmi,Training & Development,POS-359,S046,Leadership,Leadership,Leadership,Current,3,Proficient,75.7,6.6,10,Not Required,No,DEPARTMENT-009,Learning Services,ORGANIZATIONAL-UNIT-TRN-TEAM-01,LOC-CAMPUS,2026-08-01
EMP368,Saba Hashmi,Training & Development,POS-359,S047,Coaching & Mentoring,Leadership,Leadership,Current,4,Advanced,73.6,5.6,7,Certified,No,DEPARTMENT-009,Learning Services,ORGANIZATIONAL-UNIT-TRN-TEAM-01,LOC-CAMPUS,2026-08-01
EMP369,Maha Rauf,Training & Development,POS-360,S063,Facilitation,Learning,Core,Current,5,Expert,94.1,12.6,13,Certified,Yes,DEPARTMENT-009,Learning Services,ORGANIZATIONAL-UNIT-TRN-TEAM-03,LOC-CAMPUS,2026-08-01
EMP369,Maha Rauf,Training & Development,POS-360,S065,Learning Management Systems,Learning,Core,Current,3,Proficient,67.2,8.7,10,Certified,No,DEPARTMENT-009,Learning Services,ORGANIZATIONAL-UNIT-TRN-TEAM-03,LOC-CAMPUS,2026-08-01
EMP369,Maha Rauf,Training & Development,POS-360,S042,Communication,Behavioral,Common,Current,5,Expert,97.1,12.3,18,Certified,No,DEPARTMENT-009,Learning Services,ORGANIZATIONAL-UNIT-TRN-TEAM-03,LOC-CAMPUS,2026-08-01
EMP369,Maha Rauf,Training & Development,POS-360,S050,Project Management,Leadership,Common,Current,5,Expert,93.0,12.9,9,Planned,No,DEPARTMENT-009,Learning Services,ORGANIZATIONAL-UNIT-TRN-TEAM-03,LOC-CAMPUS,2026-08-01
EMP369,Maha Rauf,Training & Development,POS-360,S045,Stakeholder Management,Behavioral,Leadership,Current,5,Expert,100,11.9,18,Planned,No,DEPARTMENT-009,Learning Services,ORGANIZATIONAL-UNIT-TRN-TEAM-03,LOC-CAMPUS,2026-08-01
EMP370,Anusha Mahmood,Training & Development,POS-361,S045,Stakeholder Management,Behavioral,Leadership,Current,5,Expert,95.0,14.7,5,Certified,Yes,DEPARTMENT-009,Learning Services,ORGANIZATIONAL-UNIT-TRN-TEAM-02,LOC-CAMPUS,2026-08-01
EMP370,Anusha Mahmood,Training & Development,POS-361,S042,Communication,Behavioral,Common,Current,4,Advanced,85.4,12.3,11,Not Required,No,DEPARTMENT-009,Learning Services,ORGANIZATIONAL-UNIT-TRN-TEAM-02,LOC-CAMPUS,2026-08-01
EMP370,Anusha Mahmood,Training & Development,POS-361,S062,Curriculum Design,Learning,Core,Current,5,Expert,85.6,13.4,6,Not Required,No,DEPARTMENT-009,Learning Services,ORGANIZATIONAL-UNIT-TRN-TEAM-02,LOC-CAMPUS,2026-08-01
EMP370,Anusha Mahmood,Training & Development,POS-361,S063,Facilitation,Learning,Core,Current,4,Advanced,82.5,12.5,15,Not Required,No,DEPARTMENT-009,Learning Services,ORGANIZATIONAL-UNIT-TRN-TEAM-02,LOC-CAMPUS,2026-08-01
EMP370,Anusha Mahmood,Training & Development,POS-361,S050,Project Management,Leadership,Common,Current,3,Proficient,77.8,8.8,0,Certified,No,DEPARTMENT-009,Learning Services,ORGANIZATIONAL-UNIT-TRN-TEAM-02,LOC-CAMPUS,2026-08-01
EMP371,Omar Tariq,Training & Development,POS-362,S042,Communication,Behavioral,Common,Current,3,Proficient,65.6,7.1,4,Not Required,Yes,DEPARTMENT-009,Learning Services,ORGANIZATIONAL-UNIT-TRN-TEAM-01,LOC-CAMPUS,2026-08-01
EMP371,Omar Tariq,Training & Development,POS-362,S065,Learning Management Systems,Learning,Core,Current,5,Expert,96.6,5.1,0,Not Required,No,DEPARTMENT-009,Learning Services,ORGANIZATIONAL-UNIT-TRN-TEAM-01,LOC-CAMPUS,2026-08-01
EMP371,Omar Tariq,Training & Development,POS-362,S046,Leadership,Leadership,Leadership,Current,4,Advanced,94.9,6.6,18,Not Required,No,DEPARTMENT-009,Learning Services,ORGANIZATIONAL-UNIT-TRN-TEAM-01,LOC-CAMPUS,2026-08-01
EMP371,Omar Tariq,Training & Development,POS-362,S050,Project Management,Leadership,Common,Current,4,Advanced,84.0,7.0,8,Not Required,No,DEPARTMENT-009,Learning Services,ORGANIZATIONAL-UNIT-TRN-TEAM-01,LOC-CAMPUS,2026-08-01
EMP371,Omar Tariq,Training & Development,POS-362,S062,Curriculum Design,Learning,Core,Current,3,Proficient,73.6,5.5,18,Certified,No,DEPARTMENT-009,Learning Services,ORGANIZATIONAL-UNIT-TRN-TEAM-01,LOC-CAMPUS,2026-08-01
EMP372,Hassan Nadeem,Training & Development,POS-363,S062,Curriculum Design,Learning,Core,Current,4,Advanced,78.6,3.6,0,Not Required,Yes,DEPARTMENT-009,Learning Services,ORGANIZATIONAL-UNIT-TRN-TEAM-01,LOC-CAMPUS,2026-08-01
EMP372,Hassan Nadeem,Training & Development,POS-363,S047,Coaching & Mentoring,Leadership,Leadership,Current,3,Proficient,76.4,5.1,12,Not Required,No,DEPARTMENT-009,Learning Services,ORGANIZATIONAL-UNIT-TRN-TEAM-01,LOC-CAMPUS,2026-08-01
EMP372,Hassan Nadeem,Training & Development,POS-363,S064,Learning Evaluation,Learning,Core,Current,4,Advanced,83.4,5.3,5,Certified,No,DEPARTMENT-009,Learning Services,ORGANIZATIONAL-UNIT-TRN-TEAM-01,LOC-CAMPUS,2026-08-01
EMP372,Hassan Nadeem,Training & Development,POS-363,S063,Facilitation,Learning,Core,Current,5,Expert,96.8,4.3,8,Planned,No,DEPARTMENT-009,Learning Services,ORGANIZATIONAL-UNIT-TRN-TEAM-01,LOC-CAMPUS,2026-08-01
EMP372,Hassan Nadeem,Training & Development,POS-363,S050,Project Management,Leadership,Common,Current,3,Proficient,87.1,3.8,17,Not Required,No,DEPARTMENT-009,Learning Services,ORGANIZATIONAL-UNIT-TRN-TEAM-01,LOC-CAMPUS,2026-08-01
EMP373,Noman Nawaz,Training & Development,POS-364,S061,Training Needs Analysis,Learning,Core,Current,3,Proficient,74.0,8.4,12,Planned,Yes,DEPARTMENT-009,Learning Services,ORGANIZATIONAL-UNIT-TRN-TEAM-03,LOC-CAMPUS,2026-08-01
EMP373,Noman Nawaz,Training & Development,POS-364,S045,Stakeholder Management,Behavioral,Leadership,Current,3,Proficient,71.8,10.2,17,Certified,No,DEPARTMENT-009,Learning Services,ORGANIZATIONAL-UNIT-TRN-TEAM-03,LOC-CAMPUS,2026-08-01
EMP373,Noman Nawaz,Training & Development,POS-364,S064,Learning Evaluation,Learning,Core,Current,3,Proficient,72.9,9.3,9,Planned,No,DEPARTMENT-009,Learning Services,ORGANIZATIONAL-UNIT-TRN-TEAM-03,LOC-CAMPUS,2026-08-01
EMP373,Noman Nawaz,Training & Development,POS-364,S047,Coaching & Mentoring,Leadership,Leadership,Current,3,Proficient,73.8,10.2,16,Certified,No,DEPARTMENT-009,Learning Services,ORGANIZATIONAL-UNIT-TRN-TEAM-03,LOC-CAMPUS,2026-08-01
EMP373,Noman Nawaz,Training & Development,POS-364,S063,Facilitation,Learning,Core,Current,4,Advanced,90.2,11.9,0,Not Required,No,DEPARTMENT-009,Learning Services,ORGANIZATIONAL-UNIT-TRN-TEAM-03,LOC-CAMPUS,2026-08-01
EMP374,Iqra Habib,Training & Development,POS-365,S047,Coaching & Mentoring,Leadership,Leadership,Current,4,Advanced,85.1,7.7,5,Not Required,Yes,DEPARTMENT-009,Learning Services,ORGANIZATIONAL-UNIT-TRN-TEAM-01,LOC-CAMPUS,2026-08-01
EMP374,Iqra Habib,Training & Development,POS-365,S042,Communication,Behavioral,Common,Current,5,Expert,90.0,6.1,10,Planned,No,DEPARTMENT-009,Learning Services,ORGANIZATIONAL-UNIT-TRN-TEAM-01,LOC-CAMPUS,2026-08-01
EMP374,Iqra Habib,Training & Development,POS-365,S065,Learning Management Systems,Learning,Core,Current,3,Proficient,77.4,7.3,7,Planned,No,DEPARTMENT-009,Learning Services,ORGANIZATIONAL-UNIT-TRN-TEAM-01,LOC-CAMPUS,2026-08-01
EMP374,Iqra Habib,Training & Development,POS-365,S064,Learning Evaluation,Learning,Core,Current,5,Expert,93.4,7.5,10,Certified,No,DEPARTMENT-009,Learning Services,ORGANIZATIONAL-UNIT-TRN-TEAM-01,LOC-CAMPUS,2026-08-01
EMP374,Iqra Habib,Training & Development,POS-365,S061,Training Needs Analysis,Learning,Core,Current,3,Proficient,72.0,7.7,4,Not Required,No,DEPARTMENT-009,Learning Services,ORGANIZATIONAL-UNIT-TRN-TEAM-01,LOC-CAMPUS,2026-08-01
EMP375,Sana Mirza,Training & Development,POS-366,S061,Training Needs Analysis,Learning,Core,Current,3,Proficient,83.4,9.9,17,Not Required,Yes,DEPARTMENT-009,Learning Services,ORGANIZATIONAL-UNIT-TRN-TEAM-02,LOC-CAMPUS,2026-08-01
EMP375,Sana Mirza,Training & Development,POS-366,S045,Stakeholder Management,Behavioral,Leadership,Current,5,Expert,93.7,11.0,1,Not Required,No,DEPARTMENT-009,Learning Services,ORGANIZATIONAL-UNIT-TRN-TEAM-02,LOC-CAMPUS,2026-08-01
EMP375,Sana Mirza,Training & Development,POS-366,S064,Learning Evaluation,Learning,Core,Current,3,Proficient,67.3,8.6,0,Planned,No,DEPARTMENT-009,Learning Services,ORGANIZATIONAL-UNIT-TRN-TEAM-02,LOC-CAMPUS,2026-08-01
EMP375,Sana Mirza,Training & Development,POS-366,S046,Leadership,Leadership,Leadership,Current,4,Advanced,90.4,9.4,0,Not Required,No,DEPARTMENT-009,Learning Services,ORGANIZATIONAL-UNIT-TRN-TEAM-02,LOC-CAMPUS,2026-08-01
EMP375,Sana Mirza,Training & Development,POS-366,S063,Facilitation,Learning,Core,Current,3,Proficient,67.6,9.6,16,Not Required,No,DEPARTMENT-009,Learning Services,ORGANIZATIONAL-UNIT-TRN-TEAM-02,LOC-CAMPUS,2026-08-01
EMP376,Amna Nasir,Training & Development,POS-367,S062,Curriculum Design,Learning,Core,Current,5,Expert,100,5.7,14,Not Required,Yes,DEPARTMENT-009,Learning Services,ORGANIZATIONAL-UNIT-TRN-TEAM-03,LOC-CAMPUS,2026-08-01
EMP376,Amna Nasir,Training & Development,POS-367,S065,Learning Management Systems,Learning,Core,Current,3,Proficient,67.8,6.5,10,Not Required,No,DEPARTMENT-009,Learning Services,ORGANIZATIONAL-UNIT-TRN-TEAM-03,LOC-CAMPUS,2026-08-01
EMP376,Amna Nasir,Training & Development,POS-367,S063,Facilitation,Learning,Core,Developing,2,Developing,57.5,4.7,5,Planned,No,DEPARTMENT-009,Learning Services,ORGANIZATIONAL-UNIT-TRN-TEAM-03,LOC-CAMPUS,2026-08-01
EMP376,Amna Nasir,Training & Development,POS-367,S042,Communication,Behavioral,Common,Current,4,Advanced,92.8,6.5,5,Planned,No,DEPARTMENT-009,Learning Services,ORGANIZATIONAL-UNIT-TRN-TEAM-03,LOC-CAMPUS,2026-08-01
EMP376,Amna Nasir,Training & Development,POS-367,S045,Stakeholder Management,Behavioral,Leadership,Current,4,Advanced,87.0,5.5,12,Certified,No,DEPARTMENT-009,Learning Services,ORGANIZATIONAL-UNIT-TRN-TEAM-03,LOC-CAMPUS,2026-08-01
EMP377,Anam Mirza,Training & Development,POS-368,S064,Learning Evaluation,Learning,Core,Current,4,Advanced,94.0,3.7,12,Not Required,Yes,DEPARTMENT-009,Learning Services,ORGANIZATIONAL-UNIT-TRN-TEAM-02,LOC-CAMPUS,2026-08-01
EMP377,Anam Mirza,Training & Development,POS-368,S045,Stakeholder Management,Behavioral,Leadership,Developing,2,Developing,64.6,2.5,15,Not Required,No,DEPARTMENT-009,Learning Services,ORGANIZATIONAL-UNIT-TRN-TEAM-02,LOC-CAMPUS,2026-08-01
EMP377,Anam Mirza,Training & Development,POS-368,S050,Project Management,Leadership,Common,Current,4,Advanced,79.7,2.6,1,Not Required,No,DEPARTMENT-009,Learning Services,ORGANIZATIONAL-UNIT-TRN-TEAM-02,LOC-CAMPUS,2026-08-01
EMP377,Anam Mirza,Training & Development,POS-368,S042,Communication,Behavioral,Common,Current,5,Expert,98.3,4.5,5,Planned,No,DEPARTMENT-009,Learning Services,ORGANIZATIONAL-UNIT-TRN-TEAM-02,LOC-CAMPUS,2026-08-01
EMP377,Anam Mirza,Training & Development,POS-368,S061,Training Needs Analysis,Learning,Core,Current,3,Proficient,76.6,3.9,1,Certified,No,DEPARTMENT-009,Learning Services,ORGANIZATIONAL-UNIT-TRN-TEAM-02,LOC-CAMPUS,2026-08-01
EMP378,Anam Qureshi,Training & Development,POS-369,S045,Stakeholder Management,Behavioral,Leadership,Current,5,Expert,91.8,8.2,5,Planned,Yes,DEPARTMENT-009,Learning Services,ORGANIZATIONAL-UNIT-TRN-TEAM-03,LOC-CAMPUS,2026-08-01
EMP378,Anam Qureshi,Training & Development,POS-369,S042,Communication,Behavioral,Common,Current,5,Expert,94.6,7.0,5,Not Required,No,DEPARTMENT-009,Learning Services,ORGANIZATIONAL-UNIT-TRN-TEAM-03,LOC-CAMPUS,2026-08-01
EMP378,Anam Qureshi,Training & Development,POS-369,S065,Learning Management Systems,Learning,Core,Developing,2,Developing,70.6,5.7,1,Not Required,No,DEPARTMENT-009,Learning Services,ORGANIZATIONAL-UNIT-TRN-TEAM-03,LOC-CAMPUS,2026-08-01
EMP378,Anam Qureshi,Training & Development,POS-369,S046,Leadership,Leadership,Leadership,Developing,2,Developing,69.8,6.8,3,Not Required,No,DEPARTMENT-009,Learning Services,ORGANIZATIONAL-UNIT-TRN-TEAM-03,LOC-CAMPUS,2026-08-01
EMP378,Anam Qureshi,Training & Development,POS-369,S063,Facilitation,Learning,Core,Current,3,Proficient,80.9,9.2,18,Not Required,No,DEPARTMENT-009,Learning Services,ORGANIZATIONAL-UNIT-TRN-TEAM-03,LOC-CAMPUS,2026-08-01
EMP379,Anusha Qureshi,Training & Development,POS-370,S046,Leadership,Leadership,Leadership,Current,4,Advanced,94.8,4.1,1,Not Required,Yes,DEPARTMENT-009,Learning Services,ORGANIZATIONAL-UNIT-TRN-TEAM-01,LOC-CAMPUS,2026-08-01
EMP379,Anusha Qureshi,Training & Development,POS-370,S065,Learning Management Systems,Learning,Core,Current,4,Advanced,82.9,6.0,0,Not Required,No,DEPARTMENT-009,Learning Services,ORGANIZATIONAL-UNIT-TRN-TEAM-01,LOC-CAMPUS,2026-08-01
EMP379,Anusha Qureshi,Training & Development,POS-370,S064,Learning Evaluation,Learning,Core,Current,4,Advanced,73.1,6.2,7,Planned,No,DEPARTMENT-009,Learning Services,ORGANIZATIONAL-UNIT-TRN-TEAM-01,LOC-CAMPUS,2026-08-01
EMP379,Anusha Qureshi,Training & Development,POS-370,S042,Communication,Behavioral,Common,Developing,2,Developing,68.4,5.4,12,Not Required,No,DEPARTMENT-009,Learning Services,ORGANIZATIONAL-UNIT-TRN-TEAM-01,LOC-CAMPUS,2026-08-01
EMP379,Anusha Qureshi,Training & Development,POS-370,S047,Coaching & Mentoring,Leadership,Leadership,Current,5,Expert,96.9,6.1,1,Not Required,No,DEPARTMENT-009,Learning Services,ORGANIZATIONAL-UNIT-TRN-TEAM-01,LOC-CAMPUS,2026-08-01
EMP380,Maha Waheed,Training & Development,POS-371,S047,Coaching & Mentoring,Leadership,Leadership,Developing,2,Developing,62.0,4.3,10,Not Required,Yes,DEPARTMENT-009,Learning Services,ORGANIZATIONAL-UNIT-TRN-TEAM-02,LOC-CAMPUS,2026-08-01
EMP380,Maha Waheed,Training & Development,POS-371,S046,Leadership,Leadership,Leadership,Developing,2,Developing,61.3,4.1,5,Certified,No,DEPARTMENT-009,Learning Services,ORGANIZATIONAL-UNIT-TRN-TEAM-02,LOC-CAMPUS,2026-08-01
EMP380,Maha Waheed,Training & Development,POS-371,S061,Training Needs Analysis,Learning,Core,Current,4,Advanced,87.4,3.2,14,Not Required,No,DEPARTMENT-009,Learning Services,ORGANIZATIONAL-UNIT-TRN-TEAM-02,LOC-CAMPUS,2026-08-01
EMP380,Maha Waheed,Training & Development,POS-371,S063,Facilitation,Learning,Core,Developing,2,Developing,61.3,4.4,3,Certified,No,DEPARTMENT-009,Learning Services,ORGANIZATIONAL-UNIT-TRN-TEAM-02,LOC-CAMPUS,2026-08-01
EMP380,Maha Waheed,Training & Development,POS-371,S062,Curriculum Design,Learning,Core,Current,5,Expert,94.1,3.8,5,Not Required,No,DEPARTMENT-009,Learning Services,ORGANIZATIONAL-UNIT-TRN-TEAM-02,LOC-CAMPUS,2026-08-01
EMP381,Iqra Latif,Training & Development,POS-372,S065,Learning Management Systems,Learning,Core,Current,5,Expert,97.9,7.7,12,Planned,Yes,DEPARTMENT-009,Learning Services,ORGANIZATIONAL-UNIT-TRN-TEAM-03,LOC-CAMPUS,2026-08-01
EMP381,Iqra Latif,Training & Development,POS-372,S063,Facilitation,Learning,Core,Developing,2,Developing,59.7,6.4,15,Certified,No,DEPARTMENT-009,Learning Services,ORGANIZATIONAL-UNIT-TRN-TEAM-03,LOC-CAMPUS,2026-08-01
EMP381,Iqra Latif,Training & Development,POS-372,S047,Coaching & Mentoring,Leadership,Leadership,Current,3,Proficient,72.7,9.2,18,Certified,No,DEPARTMENT-009,Learning Services,ORGANIZATIONAL-UNIT-TRN-TEAM-03,LOC-CAMPUS,2026-08-01
EMP381,Iqra Latif,Training & Development,POS-372,S046,Leadership,Leadership,Leadership,Developing,2,Developing,51.9,5.8,16,Planned,No,DEPARTMENT-009,Learning Services,ORGANIZATIONAL-UNIT-TRN-TEAM-03,LOC-CAMPUS,2026-08-01
EMP381,Iqra Latif,Training & Development,POS-372,S062,Curriculum Design,Learning,Core,Current,4,Advanced,84.3,9.4,1,Planned,No,DEPARTMENT-009,Learning Services,ORGANIZATIONAL-UNIT-TRN-TEAM-03,LOC-CAMPUS,2026-08-01
EMP382,Fahad Ahmed,Training & Development,POS-373,S050,Project Management,Leadership,Common,Current,4,Advanced,79.5,6.1,12,Not Required,Yes,DEPARTMENT-009,Learning Services,ORGANIZATIONAL-UNIT-TRN-TEAM-03,LOC-CAMPUS,2026-08-01
EMP382,Fahad Ahmed,Training & Development,POS-373,S046,Leadership,Leadership,Leadership,Current,5,Expert,96.1,7.5,7,Certified,No,DEPARTMENT-009,Learning Services,ORGANIZATIONAL-UNIT-TRN-TEAM-03,LOC-CAMPUS,2026-08-01
EMP382,Fahad Ahmed,Training & Development,POS-373,S047,Coaching & Mentoring,Leadership,Leadership,Developing,2,Developing,67.4,5.6,18,Not Required,No,DEPARTMENT-009,Learning Services,ORGANIZATIONAL-UNIT-TRN-TEAM-03,LOC-CAMPUS,2026-08-01
EMP382,Fahad Ahmed,Training & Development,POS-373,S045,Stakeholder Management,Behavioral,Leadership,Developing,2,Developing,66.3,5.8,7,Not Required,No,DEPARTMENT-009,Learning Services,ORGANIZATIONAL-UNIT-TRN-TEAM-03,LOC-CAMPUS,2026-08-01
EMP382,Fahad Ahmed,Training & Development,POS-373,S065,Learning Management Systems,Learning,Core,Current,4,Advanced,79.3,5.9,11,Not Required,No,DEPARTMENT-009,Learning Services,ORGANIZATIONAL-UNIT-TRN-TEAM-03,LOC-CAMPUS,2026-08-01
EMP383,Rabia Awan,Training & Development,POS-374,S063,Facilitation,Learning,Core,Current,3,Proficient,74.9,7.2,0,Not Required,Yes,DEPARTMENT-009,Learning Services,ORGANIZATIONAL-UNIT-TRN-TEAM-03,LOC-CAMPUS,2026-08-01
EMP383,Rabia Awan,Training & Development,POS-374,S047,Coaching & Mentoring,Leadership,Leadership,Current,5,Expert,96.9,8.8,14,Not Required,No,DEPARTMENT-009,Learning Services,ORGANIZATIONAL-UNIT-TRN-TEAM-03,LOC-CAMPUS,2026-08-01
EMP383,Rabia Awan,Training & Development,POS-374,S065,Learning Management Systems,Learning,Core,Current,3,Proficient,75.0,7.8,14,Planned,No,DEPARTMENT-009,Learning Services,ORGANIZATIONAL-UNIT-TRN-TEAM-03,LOC-CAMPUS,2026-08-01
EMP383,Rabia Awan,Training & Development,POS-374,S061,Training Needs Analysis,Learning,Core,Current,3,Proficient,82.3,6.8,0,Not Required,No,DEPARTMENT-009,Learning Services,ORGANIZATIONAL-UNIT-TRN-TEAM-03,LOC-CAMPUS,2026-08-01
EMP383,Rabia Awan,Training & Development,POS-374,S042,Communication,Behavioral,Common,Current,3,Proficient,67.6,7.8,7,Not Required,No,DEPARTMENT-009,Learning Services,ORGANIZATIONAL-UNIT-TRN-TEAM-03,LOC-CAMPUS,2026-08-01
EMP384,Ayesha Farooq,Training & Development,POS-375,S045,Stakeholder Management,Behavioral,Leadership,Current,4,Advanced,88.6,5.3,5,Certified,Yes,DEPARTMENT-009,Learning Services,ORGANIZATIONAL-UNIT-TRN-TEAM-01,LOC-CAMPUS,2026-08-01
EMP384,Ayesha Farooq,Training & Development,POS-375,S047,Coaching & Mentoring,Leadership,Leadership,Developing,2,Developing,52.8,6.8,8,Not Required,No,DEPARTMENT-009,Learning Services,ORGANIZATIONAL-UNIT-TRN-TEAM-01,LOC-CAMPUS,2026-08-01
EMP384,Ayesha Farooq,Training & Development,POS-375,S042,Communication,Behavioral,Common,Current,4,Advanced,83.1,7.5,13,Certified,No,DEPARTMENT-009,Learning Services,ORGANIZATIONAL-UNIT-TRN-TEAM-01,LOC-CAMPUS,2026-08-01
EMP384,Ayesha Farooq,Training & Development,POS-375,S061,Training Needs Analysis,Learning,Core,Current,4,Advanced,88.1,5.6,10,Not Required,No,DEPARTMENT-009,Learning Services,ORGANIZATIONAL-UNIT-TRN-TEAM-01,LOC-CAMPUS,2026-08-01
EMP384,Ayesha Farooq,Training & Development,POS-375,S064,Learning Evaluation,Learning,Core,Current,3,Proficient,85.4,6.9,11,Certified,No,DEPARTMENT-009,Learning Services,ORGANIZATIONAL-UNIT-TRN-TEAM-01,LOC-CAMPUS,2026-08-01
EMP385,Waqas Raza,Training & Development,POS-376,S061,Training Needs Analysis,Learning,Core,Current,3,Proficient,76.1,6.5,0,Certified,Yes,DEPARTMENT-009,Learning Services,ORGANIZATIONAL-UNIT-TRN-TEAM-01,LOC-CAMPUS,2026-08-01
EMP385,Waqas Raza,Training & Development,POS-376,S047,Coaching & Mentoring,Leadership,Leadership,Current,3,Proficient,71.0,8.8,11,Not Required,No,DEPARTMENT-009,Learning Services,ORGANIZATIONAL-UNIT-TRN-TEAM-01,LOC-CAMPUS,2026-08-01
EMP385,Waqas Raza,Training & Development,POS-376,S045,Stakeholder Management,Behavioral,Leadership,Current,5,Expert,96.2,8.0,5,Certified,No,DEPARTMENT-009,Learning Services,ORGANIZATIONAL-UNIT-TRN-TEAM-01,LOC-CAMPUS,2026-08-01
EMP385,Waqas Raza,Training & Development,POS-376,S065,Learning Management Systems,Learning,Core,Developing,2,Developing,66.0,6.8,6,Not Required,No,DEPARTMENT-009,Learning Services,ORGANIZATIONAL-UNIT-TRN-TEAM-01,LOC-CAMPUS,2026-08-01
EMP385,Waqas Raza,Training & Development,POS-376,S050,Project Management,Leadership,Common,Developing,2,Developing,63.1,6.5,16,Not Required,No,DEPARTMENT-009,Learning Services,ORGANIZATIONAL-UNIT-TRN-TEAM-01,LOC-CAMPUS,2026-08-01
EMP386,Areeba Nasir,Training & Development,POS-377,S050,Project Management,Leadership,Common,Developing,2,Developing,54.7,6.0,3,Certified,Yes,DEPARTMENT-009,Learning Services,ORGANIZATIONAL-UNIT-TRN-TEAM-02,LOC-CAMPUS,2026-08-01
EMP386,Areeba Nasir,Training & Development,POS-377,S064,Learning Evaluation,Learning,Core,Current,4,Advanced,91.3,8.3,4,Not Required,No,DEPARTMENT-009,Learning Services,ORGANIZATIONAL-UNIT-TRN-TEAM-02,LOC-CAMPUS,2026-08-01
EMP386,Areeba Nasir,Training & Development,POS-377,S047,Coaching & Mentoring,Leadership,Leadership,Developing,2,Developing,67.3,6.3,9,Not Required,No,DEPARTMENT-009,Learning Services,ORGANIZATIONAL-UNIT-TRN-TEAM-02,LOC-CAMPUS,2026-08-01
EMP386,Areeba Nasir,Training & Development,POS-377,S061,Training Needs Analysis,Learning,Core,Current,5,Expert,96.1,7.9,5,Not Required,No,DEPARTMENT-009,Learning Services,ORGANIZATIONAL-UNIT-TRN-TEAM-02,LOC-CAMPUS,2026-08-01
EMP386,Areeba Nasir,Training & Development,POS-377,S042,Communication,Behavioral,Common,Current,4,Advanced,88.3,7.3,13,Planned,No,DEPARTMENT-009,Learning Services,ORGANIZATIONAL-UNIT-TRN-TEAM-02,LOC-CAMPUS,2026-08-01
EMP387,Usman Rashid,Training & Development,POS-378,S046,Leadership,Leadership,Leadership,Current,4,Advanced,84.5,3.0,9,Not Required,Yes,DEPARTMENT-009,Learning Services,ORGANIZATIONAL-UNIT-TRN-TEAM-01,LOC-CAMPUS,2026-08-01
EMP387,Usman Rashid,Training & Development,POS-378,S047,Coaching & Mentoring,Leadership,Leadership,Current,4,Advanced,85.4,5.2,1,Not Required,No,DEPARTMENT-009,Learning Services,ORGANIZATIONAL-UNIT-TRN-TEAM-01,LOC-CAMPUS,2026-08-01
EMP387,Usman Rashid,Training & Development,POS-378,S050,Project Management,Leadership,Common,Developing,2,Developing,65.8,4.0,11,Certified,No,DEPARTMENT-009,Learning Services,ORGANIZATIONAL-UNIT-TRN-TEAM-01,LOC-CAMPUS,2026-08-01
EMP387,Usman Rashid,Training & Development,POS-378,S061,Training Needs Analysis,Learning,Core,Developing,2,Developing,66.6,5.2,16,Not Required,No,DEPARTMENT-009,Learning Services,ORGANIZATIONAL-UNIT-TRN-TEAM-01,LOC-CAMPUS,2026-08-01
EMP387,Usman Rashid,Training & Development,POS-378,S064,Learning Evaluation,Learning,Core,Current,4,Advanced,81.4,4.3,14,Not Required,No,DEPARTMENT-009,Learning Services,ORGANIZATIONAL-UNIT-TRN-TEAM-01,LOC-CAMPUS,2026-08-01
EMP388,Kashif Mughal,Training & Development,POS-379,S050,Project Management,Leadership,Common,Developing,2,Developing,50.5,2.5,17,Not Required,Yes,DEPARTMENT-009,Learning Services,ORGANIZATIONAL-UNIT-TRN-TEAM-03,LOC-CAMPUS,2026-08-01
EMP388,Kashif Mughal,Training & Development,POS-379,S046,Leadership,Leadership,Leadership,Developing,2,Developing,73.4,3.2,8,Not Required,No,DEPARTMENT-009,Learning Services,ORGANIZATIONAL-UNIT-TRN-TEAM-03,LOC-CAMPUS,2026-08-01
EMP388,Kashif Mughal,Training & Development,POS-379,S065,Learning Management Systems,Learning,Core,Current,3,Proficient,77.9,4.1,5,Planned,No,DEPARTMENT-009,Learning Services,ORGANIZATIONAL-UNIT-TRN-TEAM-03,LOC-CAMPUS,2026-08-01
EMP388,Kashif Mughal,Training & Development,POS-379,S045,Stakeholder Management,Behavioral,Leadership,Developing,2,Developing,63.3,5.2,5,Planned,No,DEPARTMENT-009,Learning Services,ORGANIZATIONAL-UNIT-TRN-TEAM-03,LOC-CAMPUS,2026-08-01
EMP388,Kashif Mughal,Training & Development,POS-379,S063,Facilitation,Learning,Core,Current,5,Expert,99.2,3.1,4,Not Required,No,DEPARTMENT-009,Learning Services,ORGANIZATIONAL-UNIT-TRN-TEAM-03,LOC-CAMPUS,2026-08-01
EMP389,Amna Latif,Training & Development,POS-380,S047,Coaching & Mentoring,Leadership,Leadership,Current,3,Proficient,73.1,6.6,7,Not Required,Yes,DEPARTMENT-009,Learning Services,ORGANIZATIONAL-UNIT-TRN-TEAM-03,LOC-CAMPUS,2026-08-01
EMP389,Amna Latif,Training & Development,POS-380,S045,Stakeholder Management,Behavioral,Leadership,Current,4,Advanced,90.9,8.1,15,Not Required,No,DEPARTMENT-009,Learning Services,ORGANIZATIONAL-UNIT-TRN-TEAM-03,LOC-CAMPUS,2026-08-01
EMP389,Amna Latif,Training & Development,POS-380,S042,Communication,Behavioral,Common,Current,3,Proficient,67.1,6.4,13,Not Required,No,DEPARTMENT-009,Learning Services,ORGANIZATIONAL-UNIT-TRN-TEAM-03,LOC-CAMPUS,2026-08-01
EMP389,Amna Latif,Training & Development,POS-380,S064,Learning Evaluation,Learning,Core,Current,4,Advanced,82.7,7.4,12,Not Required,No,DEPARTMENT-009,Learning Services,ORGANIZATIONAL-UNIT-TRN-TEAM-03,LOC-CAMPUS,2026-08-01
EMP389,Amna Latif,Training & Development,POS-380,S062,Curriculum Design,Learning,Core,Developing,2,Developing,66.8,6.3,17,Not Required,No,DEPARTMENT-009,Learning Services,ORGANIZATIONAL-UNIT-TRN-TEAM-03,LOC-CAMPUS,2026-08-01
EMP390,Nida Ali,Training & Development,POS-381,S050,Project Management,Leadership,Common,Developing,2,Developing,71.5,3.5,0,Planned,Yes,DEPARTMENT-009,Learning Services,ORGANIZATIONAL-UNIT-TRN-TEAM-03,LOC-CAMPUS,2026-08-01
EMP390,Nida Ali,Training & Development,POS-381,S046,Leadership,Leadership,Leadership,Developing,2,Developing,67.9,2.7,16,Not Required,No,DEPARTMENT-009,Learning Services,ORGANIZATIONAL-UNIT-TRN-TEAM-03,LOC-CAMPUS,2026-08-01
EMP390,Nida Ali,Training & Development,POS-381,S065,Learning Management Systems,Learning,Core,Current,4,Advanced,80.4,4.0,11,Not Required,No,DEPARTMENT-009,Learning Services,ORGANIZATIONAL-UNIT-TRN-TEAM-03,LOC-CAMPUS,2026-08-01
EMP390,Nida Ali,Training & Development,POS-381,S063,Facilitation,Learning,Core,Developing,2,Developing,63.8,5.4,15,Certified,No,DEPARTMENT-009,Learning Services,ORGANIZATIONAL-UNIT-TRN-TEAM-03,LOC-CAMPUS,2026-08-01
EMP390,Nida Ali,Training & Development,POS-381,S061,Training Needs Analysis,Learning,Core,Developing,2,Developing,64.5,4.7,12,Planned,No,DEPARTMENT-009,Learning Services,ORGANIZATIONAL-UNIT-TRN-TEAM-03,LOC-CAMPUS,2026-08-01
EMP391,Zainab Aslam,Training & Development,POS-382,S042,Communication,Behavioral,Common,Current,3,Proficient,78.1,5.2,10,Not Required,Yes,DEPARTMENT-009,Learning Services,ORGANIZATIONAL-UNIT-TRN-TEAM-02,LOC-CAMPUS,2026-08-01
EMP391,Zainab Aslam,Training & Development,POS-382,S065,Learning Management Systems,Learning,Core,Developing,2,Developing,61.1,4.9,18,Certified,No,DEPARTMENT-009,Learning Services,ORGANIZATIONAL-UNIT-TRN-TEAM-02,LOC-CAMPUS,2026-08-01
EMP391,Zainab Aslam,Training & Development,POS-382,S046,Leadership,Leadership,Leadership,Developing,2,Developing,71.6,5.6,6,Not Required,No,DEPARTMENT-009,Learning Services,ORGANIZATIONAL-UNIT-TRN-TEAM-02,LOC-CAMPUS,2026-08-01
EMP391,Zainab Aslam,Training & Development,POS-382,S050,Project Management,Leadership,Common,Developing,2,Developing,56.8,5.0,16,Certified,No,DEPARTMENT-009,Learning Services,ORGANIZATIONAL-UNIT-TRN-TEAM-02,LOC-CAMPUS,2026-08-01
EMP391,Zainab Aslam,Training & Development,POS-382,S064,Learning Evaluation,Learning,Core,Developing,2,Developing,68.2,5.6,7,Certified,No,DEPARTMENT-009,Learning Services,ORGANIZATIONAL-UNIT-TRN-TEAM-02,LOC-CAMPUS,2026-08-01
EMP392,Danish Zafar,Training & Development,POS-383,S065,Learning Management Systems,Learning,Core,Current,3,Proficient,79.2,2.1,16,Planned,Yes,DEPARTMENT-009,Learning Services,ORGANIZATIONAL-UNIT-TRN-TEAM-03,LOC-CAMPUS,2026-08-01
EMP392,Danish Zafar,Training & Development,POS-383,S046,Leadership,Leadership,Leadership,Current,3,Proficient,70.6,2.0,5,Not Required,No,DEPARTMENT-009,Learning Services,ORGANIZATIONAL-UNIT-TRN-TEAM-03,LOC-CAMPUS,2026-08-01
EMP392,Danish Zafar,Training & Development,POS-383,S050,Project Management,Leadership,Common,Developing,2,Developing,71.9,3.1,17,Not Required,No,DEPARTMENT-009,Learning Services,ORGANIZATIONAL-UNIT-TRN-TEAM-03,LOC-CAMPUS,2026-08-01
EMP392,Danish Zafar,Training & Development,POS-383,S064,Learning Evaluation,Learning,Core,Current,4,Advanced,87.4,3.7,4,Planned,No,DEPARTMENT-009,Learning Services,ORGANIZATIONAL-UNIT-TRN-TEAM-03,LOC-CAMPUS,2026-08-01
EMP392,Danish Zafar,Training & Development,POS-383,S061,Training Needs Analysis,Learning,Core,Current,3,Proficient,71.7,3.0,0,Certified,No,DEPARTMENT-009,Learning Services,ORGANIZATIONAL-UNIT-TRN-TEAM-03,LOC-CAMPUS,2026-08-01
EMP393,Nida Awan,Training & Development,POS-384,S064,Learning Evaluation,Learning,Core,Current,4,Advanced,82.8,2.7,4,Certified,Yes,DEPARTMENT-009,Learning Services,ORGANIZATIONAL-UNIT-TRN-TEAM-01,LOC-CAMPUS,2026-08-01
EMP393,Nida Awan,Training & Development,POS-384,S047,Coaching & Mentoring,Leadership,Leadership,Current,3,Proficient,67.0,1.9,6,Not Required,No,DEPARTMENT-009,Learning Services,ORGANIZATIONAL-UNIT-TRN-TEAM-01,LOC-CAMPUS,2026-08-01
EMP393,Nida Awan,Training & Development,POS-384,S046,Leadership,Leadership,Leadership,Current,3,Proficient,73.5,1.2,8,Planned,No,DEPARTMENT-009,Learning Services,ORGANIZATIONAL-UNIT-TRN-TEAM-01,LOC-CAMPUS,2026-08-01
EMP393,Nida Awan,Training & Development,POS-384,S050,Project Management,Leadership,Common,Current,4,Advanced,86.9,3.0,0,Planned,No,DEPARTMENT-009,Learning Services,ORGANIZATIONAL-UNIT-TRN-TEAM-01,LOC-CAMPUS,2026-08-01
EMP393,Nida Awan,Training & Development,POS-384,S045,Stakeholder Management,Behavioral,Leadership,Developing,2,Developing,60.6,0.5,4,Certified,No,DEPARTMENT-009,Learning Services,ORGANIZATIONAL-UNIT-TRN-TEAM-01,LOC-CAMPUS,2026-08-01
EMP394,Usman Ansari,Training & Development,POS-385,S046,Leadership,Leadership,Leadership,Current,4,Advanced,100,2.5,2,Not Required,Yes,DEPARTMENT-009,Learning Services,ORGANIZATIONAL-UNIT-TRN-TEAM-02,LOC-CAMPUS,2026-08-01
EMP394,Usman Ansari,Training & Development,POS-385,S063,Facilitation,Learning,Core,Developing,2,Developing,65.5,1.9,13,Certified,No,DEPARTMENT-009,Learning Services,ORGANIZATIONAL-UNIT-TRN-TEAM-02,LOC-CAMPUS,2026-08-01
EMP394,Usman Ansari,Training & Development,POS-385,S062,Curriculum Design,Learning,Core,Current,3,Proficient,66.1,0.8,0,Not Required,No,DEPARTMENT-009,Learning Services,ORGANIZATIONAL-UNIT-TRN-TEAM-02,LOC-CAMPUS,2026-08-01
EMP394,Usman Ansari,Training & Development,POS-385,S065,Learning Management Systems,Learning,Core,Current,4,Advanced,99.3,3.1,0,Not Required,No,DEPARTMENT-009,Learning Services,ORGANIZATIONAL-UNIT-TRN-TEAM-02,LOC-CAMPUS,2026-08-01
EMP394,Usman Ansari,Training & Development,POS-385,S047,Coaching & Mentoring,Leadership,Leadership,Current,3,Proficient,78.8,1.9,11,Planned,No,DEPARTMENT-009,Learning Services,ORGANIZATIONAL-UNIT-TRN-TEAM-02,LOC-CAMPUS,2026-08-01
EMP395,Ayesha Raza,Training & Development,POS-386,S061,Training Needs Analysis,Learning,Core,Current,3,Proficient,81.3,4.9,13,Not Required,Yes,DEPARTMENT-009,Learning Services,ORGANIZATIONAL-UNIT-TRN-TEAM-03,LOC-CAMPUS,2026-08-01
EMP395,Ayesha Raza,Training & Development,POS-386,S045,Stakeholder Management,Behavioral,Leadership,Developing,2,Developing,64.3,3.8,10,Certified,No,DEPARTMENT-009,Learning Services,ORGANIZATIONAL-UNIT-TRN-TEAM-03,LOC-CAMPUS,2026-08-01
EMP395,Ayesha Raza,Training & Development,POS-386,S062,Curriculum Design,Learning,Core,Current,4,Advanced,82.9,4.6,0,Planned,No,DEPARTMENT-009,Learning Services,ORGANIZATIONAL-UNIT-TRN-TEAM-03,LOC-CAMPUS,2026-08-01
EMP395,Ayesha Raza,Training & Development,POS-386,S046,Leadership,Leadership,Leadership,Current,3,Proficient,70.1,4.0,9,Not Required,No,DEPARTMENT-009,Learning Services,ORGANIZATIONAL-UNIT-TRN-TEAM-03,LOC-CAMPUS,2026-08-01
EMP395,Ayesha Raza,Training & Development,POS-386,S065,Learning Management Systems,Learning,Core,Current,4,Advanced,80.0,3.1,4,Not Required,No,DEPARTMENT-009,Learning Services,ORGANIZATIONAL-UNIT-TRN-TEAM-03,LOC-CAMPUS,2026-08-01
EMP396,Minal Ahmed,Training & Development,POS-387,S065,Learning Management Systems,Learning,Core,Current,4,Advanced,77.9,2.8,17,Not Required,Yes,DEPARTMENT-009,Learning Services,ORGANIZATIONAL-UNIT-TRN-TEAM-01,LOC-CAMPUS,2026-08-01
EMP396,Minal Ahmed,Training & Development,POS-387,S050,Project Management,Leadership,Common,Developing,2,Developing,70.4,2.5,18,Not Required,No,DEPARTMENT-009,Learning Services,ORGANIZATIONAL-UNIT-TRN-TEAM-01,LOC-CAMPUS,2026-08-01
EMP396,Minal Ahmed,Training & Development,POS-387,S045,Stakeholder Management,Behavioral,Leadership,Current,4,Advanced,75.6,3.3,14,Not Required,No,DEPARTMENT-009,Learning Services,ORGANIZATIONAL-UNIT-TRN-TEAM-01,LOC-CAMPUS,2026-08-01
EMP396,Minal Ahmed,Training & Development,POS-387,S062,Curriculum Design,Learning,Core,Developing,2,Developing,69.1,1.9,10,Certified,No,DEPARTMENT-009,Learning Services,ORGANIZATIONAL-UNIT-TRN-TEAM-01,LOC-CAMPUS,2026-08-01
EMP396,Minal Ahmed,Training & Development,POS-387,S061,Training Needs Analysis,Learning,Core,Current,3,Proficient,74.8,3.1,7,Not Required,No,DEPARTMENT-009,Learning Services,ORGANIZATIONAL-UNIT-TRN-TEAM-01,LOC-CAMPUS,2026-08-01
EMP397,Maryam Ahmed,Training & Development,POS-388,S063,Facilitation,Learning,Core,Developing,2,Developing,51.1,3.9,14,Not Required,Yes,DEPARTMENT-009,Learning Services,ORGANIZATIONAL-UNIT-TRN-TEAM-01,LOC-CAMPUS,2026-08-01
EMP397,Maryam Ahmed,Training & Development,POS-388,S062,Curriculum Design,Learning,Core,Current,4,Advanced,84.2,2.1,11,Certified,No,DEPARTMENT-009,Learning Services,ORGANIZATIONAL-UNIT-TRN-TEAM-01,LOC-CAMPUS,2026-08-01
EMP397,Maryam Ahmed,Training & Development,POS-388,S046,Leadership,Leadership,Leadership,Developing,2,Developing,76.0,3.5,1,Not Required,No,DEPARTMENT-009,Learning Services,ORGANIZATIONAL-UNIT-TRN-TEAM-01,LOC-CAMPUS,2026-08-01
EMP397,Maryam Ahmed,Training & Development,POS-388,S042,Communication,Behavioral,Common,Developing,2,Developing,58.1,2.8,7,Not Required,No,DEPARTMENT-009,Learning Services,ORGANIZATIONAL-UNIT-TRN-TEAM-01,LOC-CAMPUS,2026-08-01
EMP397,Maryam Ahmed,Training & Development,POS-388,S047,Coaching & Mentoring,Leadership,Leadership,Developing,2,Developing,58.2,3.7,9,Not Required,No,DEPARTMENT-009,Learning Services,ORGANIZATIONAL-UNIT-TRN-TEAM-01,LOC-CAMPUS,2026-08-01
EMP398,Hassan Chaudhry,Training & Development,POS-389,S042,Communication,Behavioral,Common,Current,4,Advanced,81.6,4.6,9,Not Required,Yes,DEPARTMENT-009,Learning Services,ORGANIZATIONAL-UNIT-TRN-TEAM-01,LOC-CAMPUS,2026-08-01
EMP398,Hassan Chaudhry,Training & Development,POS-389,S050,Project Management,Leadership,Common,Current,3,Proficient,78.5,2.3,9,Not Required,No,DEPARTMENT-009,Learning Services,ORGANIZATIONAL-UNIT-TRN-TEAM-01,LOC-CAMPUS,2026-08-01
EMP398,Hassan Chaudhry,Training & Development,POS-389,S065,Learning Management Systems,Learning,Core,Developing,2,Developing,61.4,2.4,10,Not Required,No,DEPARTMENT-009,Learning Services,ORGANIZATIONAL-UNIT-TRN-TEAM-01,LOC-CAMPUS,2026-08-01
EMP398,Hassan Chaudhry,Training & Development,POS-389,S064,Learning Evaluation,Learning,Core,Developing,2,Developing,77.5,4.4,11,Planned,No,DEPARTMENT-009,Learning Services,ORGANIZATIONAL-UNIT-TRN-TEAM-01,LOC-CAMPUS,2026-08-01
EMP398,Hassan Chaudhry,Training & Development,POS-389,S047,Coaching & Mentoring,Leadership,Leadership,Current,4,Advanced,86.7,3.5,1,Planned,No,DEPARTMENT-009,Learning Services,ORGANIZATIONAL-UNIT-TRN-TEAM-01,LOC-CAMPUS,2026-08-01
EMP399,Nida Khalid,Training & Development,POS-390,S050,Project Management,Leadership,Common,Current,3,Proficient,72.9,2.9,9,Not Required,Yes,DEPARTMENT-009,Learning Services,ORGANIZATIONAL-UNIT-TRN-TEAM-01,LOC-CAMPUS,2026-08-01
EMP399,Nida Khalid,Training & Development,POS-390,S065,Learning Management Systems,Learning,Core,Current,4,Advanced,86.0,3.6,8,Not Required,No,DEPARTMENT-009,Learning Services,ORGANIZATIONAL-UNIT-TRN-TEAM-01,LOC-CAMPUS,2026-08-01
EMP399,Nida Khalid,Training & Development,POS-390,S047,Coaching & Mentoring,Leadership,Leadership,Current,3,Proficient,75.9,3.6,3,Not Required,No,DEPARTMENT-009,Learning Services,ORGANIZATIONAL-UNIT-TRN-TEAM-01,LOC-CAMPUS,2026-08-01
EMP399,Nida Khalid,Training & Development,POS-390,S046,Leadership,Leadership,Leadership,Current,4,Advanced,88.9,4.7,9,Not Required,No,DEPARTMENT-009,Learning Services,ORGANIZATIONAL-UNIT-TRN-TEAM-01,LOC-CAMPUS,2026-08-01
EMP399,Nida Khalid,Training & Development,POS-390,S045,Stakeholder Management,Behavioral,Leadership,Current,3,Proficient,88.9,4.4,9,Planned,No,DEPARTMENT-009,Learning Services,ORGANIZATIONAL-UNIT-TRN-TEAM-01,LOC-CAMPUS,2026-08-01
EMP400,Hassan Shah,Training & Development,POS-391,S063,Facilitation,Learning,Core,Current,3,Proficient,73.4,2.3,8,Planned,Yes,DEPARTMENT-009,Learning Services,ORGANIZATIONAL-UNIT-TRN-TEAM-01,LOC-CAMPUS,2026-08-01
EMP400,Hassan Shah,Training & Development,POS-391,S061,Training Needs Analysis,Learning,Core,Current,3,Proficient,74.7,3.0,1,Planned,No,DEPARTMENT-009,Learning Services,ORGANIZATIONAL-UNIT-TRN-TEAM-01,LOC-CAMPUS,2026-08-01
EMP400,Hassan Shah,Training & Development,POS-391,S046,Leadership,Leadership,Leadership,Current,4,Advanced,92.9,1.4,13,Certified,No,DEPARTMENT-009,Learning Services,ORGANIZATIONAL-UNIT-TRN-TEAM-01,LOC-CAMPUS,2026-08-01
EMP400,Hassan Shah,Training & Development,POS-391,S042,Communication,Behavioral,Common,Current,3,Proficient,78.1,1.4,5,Not Required,No,DEPARTMENT-009,Learning Services,ORGANIZATIONAL-UNIT-TRN-TEAM-01,LOC-CAMPUS,2026-08-01
EMP400,Hassan Shah,Training & Development,POS-391,S064,Learning Evaluation,Learning,Core,Developing,2,Developing,63.3,2.6,12,Not Required,No,DEPARTMENT-009,Learning Services,ORGANIZATIONAL-UNIT-TRN-TEAM-01,LOC-CAMPUS,2026-08-01
EMP401,Ahmed Malik,Training & Development,POS-392,S050,Project Management,Leadership,Common,Current,4,Advanced,84.3,5.3,15,Not Required,Yes,DEPARTMENT-009,Learning Services,ORGANIZATIONAL-UNIT-TRN-TEAM-03,LOC-CAMPUS,2026-08-01
EMP401,Ahmed Malik,Training & Development,POS-392,S064,Learning Evaluation,Learning,Core,Current,4,Advanced,82.1,4.9,13,Not Required,No,DEPARTMENT-009,Learning Services,ORGANIZATIONAL-UNIT-TRN-TEAM-03,LOC-CAMPUS,2026-08-01
EMP401,Ahmed Malik,Training & Development,POS-392,S065,Learning Management Systems,Learning,Core,Current,4,Advanced,86.4,5.3,7,Not Required,No,DEPARTMENT-009,Learning Services,ORGANIZATIONAL-UNIT-TRN-TEAM-03,LOC-CAMPUS,2026-08-01
EMP401,Ahmed Malik,Training & Development,POS-392,S046,Leadership,Leadership,Leadership,Current,3,Proficient,66.1,5.1,1,Certified,No,DEPARTMENT-009,Learning Services,ORGANIZATIONAL-UNIT-TRN-TEAM-03,LOC-CAMPUS,2026-08-01
EMP401,Ahmed Malik,Training & Development,POS-392,S045,Stakeholder Management,Behavioral,Leadership,Current,4,Advanced,90.6,3.4,18,Certified,No,DEPARTMENT-009,Learning Services,ORGANIZATIONAL-UNIT-TRN-TEAM-03,LOC-CAMPUS,2026-08-01
EMP402,Asad Habib,Training & Development,POS-393,S042,Communication,Behavioral,Common,Current,3,Proficient,67.0,4.3,18,Not Required,Yes,DEPARTMENT-009,Learning Services,ORGANIZATIONAL-UNIT-TRN-TEAM-02,LOC-CAMPUS,2026-08-01
EMP402,Asad Habib,Training & Development,POS-393,S046,Leadership,Leadership,Leadership,Current,3,Proficient,70.9,3.3,8,Not Required,No,DEPARTMENT-009,Learning Services,ORGANIZATIONAL-UNIT-TRN-TEAM-02,LOC-CAMPUS,2026-08-01
EMP402,Asad Habib,Training & Development,POS-393,S065,Learning Management Systems,Learning,Core,Developing,2,Developing,64.0,3.5,10,Planned,No,DEPARTMENT-009,Learning Services,ORGANIZATIONAL-UNIT-TRN-TEAM-02,LOC-CAMPUS,2026-08-01
EMP402,Asad Habib,Training & Development,POS-393,S045,Stakeholder Management,Behavioral,Leadership,Current,4,Advanced,87.3,3.9,16,Not Required,No,DEPARTMENT-009,Learning Services,ORGANIZATIONAL-UNIT-TRN-TEAM-02,LOC-CAMPUS,2026-08-01
EMP402,Asad Habib,Training & Development,POS-393,S064,Learning Evaluation,Learning,Core,Current,4,Advanced,85.3,4.6,2,Not Required,No,DEPARTMENT-009,Learning Services,ORGANIZATIONAL-UNIT-TRN-TEAM-02,LOC-CAMPUS,2026-08-01
EMP403,Ayesha Khan,Training & Development,POS-394,S065,Learning Management Systems,Learning,Core,Developing,1,Beginner,60.1,2.9,2,Certified,Yes,DEPARTMENT-009,Learning Services,ORGANIZATIONAL-UNIT-TRN-TEAM-01,LOC-CAMPUS,2026-08-01
EMP403,Ayesha Khan,Training & Development,POS-394,S050,Project Management,Leadership,Common,Developing,2,Developing,63.4,0.6,1,Certified,No,DEPARTMENT-009,Learning Services,ORGANIZATIONAL-UNIT-TRN-TEAM-01,LOC-CAMPUS,2026-08-01
EMP403,Ayesha Khan,Training & Development,POS-394,S063,Facilitation,Learning,Core,Developing,2,Developing,58.4,0.9,0,Certified,No,DEPARTMENT-009,Learning Services,ORGANIZATIONAL-UNIT-TRN-TEAM-01,LOC-CAMPUS,2026-08-01
EMP403,Ayesha Khan,Training & Development,POS-394,S062,Curriculum Design,Learning,Core,Developing,2,Developing,63.0,1.8,13,Not Required,No,DEPARTMENT-009,Learning Services,ORGANIZATIONAL-UNIT-TRN-TEAM-01,LOC-CAMPUS,2026-08-01
EMP403,Ayesha Khan,Training & Development,POS-394,S042,Communication,Behavioral,Common,Developing,1,Beginner,58.7,2.8,14,Planned,No,DEPARTMENT-009,Learning Services,ORGANIZATIONAL-UNIT-TRN-TEAM-01,LOC-CAMPUS,2026-08-01
EMP404,Adnan Aslam,Training & Development,POS-395,S047,Coaching & Mentoring,Leadership,Leadership,Current,3,Proficient,80.0,0.5,2,Not Required,Yes,DEPARTMENT-009,Learning Services,ORGANIZATIONAL-UNIT-TRN-TEAM-03,LOC-CAMPUS,2026-08-01
EMP404,Adnan Aslam,Training & Development,POS-395,S045,Stakeholder Management,Behavioral,Leadership,Developing,1,Beginner,50.0,2.8,13,Planned,No,DEPARTMENT-009,Learning Services,ORGANIZATIONAL-UNIT-TRN-TEAM-03,LOC-CAMPUS,2026-08-01
EMP404,Adnan Aslam,Training & Development,POS-395,S046,Leadership,Leadership,Leadership,Developing,1,Beginner,58.3,0.9,4,Not Required,No,DEPARTMENT-009,Learning Services,ORGANIZATIONAL-UNIT-TRN-TEAM-03,LOC-CAMPUS,2026-08-01
EMP404,Adnan Aslam,Training & Development,POS-395,S042,Communication,Behavioral,Common,Current,3,Proficient,70.2,1.7,18,Not Required,No,DEPARTMENT-009,Learning Services,ORGANIZATIONAL-UNIT-TRN-TEAM-03,LOC-CAMPUS,2026-08-01
EMP404,Adnan Aslam,Training & Development,POS-395,S050,Project Management,Leadership,Common,Developing,1,Beginner,58.3,2.0,5,Not Required,No,DEPARTMENT-009,Learning Services,ORGANIZATIONAL-UNIT-TRN-TEAM-03,LOC-CAMPUS,2026-08-01
EMP405,Kinza Yousaf,Training & Development,POS-396,S061,Training Needs Analysis,Learning,Core,Current,3,Proficient,78.7,2.3,17,Not Required,Yes,DEPARTMENT-009,Learning Services,ORGANIZATIONAL-UNIT-TRN-TEAM-02,LOC-CAMPUS,2026-08-01
EMP405,Kinza Yousaf,Training & Development,POS-396,S065,Learning Management Systems,Learning,Core,Current,3,Proficient,83.0,2.0,15,Planned,No,DEPARTMENT-009,Learning Services,ORGANIZATIONAL-UNIT-TRN-TEAM-02,LOC-CAMPUS,2026-08-01
EMP405,Kinza Yousaf,Training & Development,POS-396,S047,Coaching & Mentoring,Leadership,Leadership,Developing,1,Beginner,43.4,1.9,10,Certified,No,DEPARTMENT-009,Learning Services,ORGANIZATIONAL-UNIT-TRN-TEAM-02,LOC-CAMPUS,2026-08-01
EMP405,Kinza Yousaf,Training & Development,POS-396,S064,Learning Evaluation,Learning,Core,Developing,1,Beginner,50.2,2.6,6,Not Required,No,DEPARTMENT-009,Learning Services,ORGANIZATIONAL-UNIT-TRN-TEAM-02,LOC-CAMPUS,2026-08-01
EMP405,Kinza Yousaf,Training & Development,POS-396,S050,Project Management,Leadership,Common,Developing,2,Developing,56.4,2.0,1,Not Required,No,DEPARTMENT-009,Learning Services,ORGANIZATIONAL-UNIT-TRN-TEAM-02,LOC-CAMPUS,2026-08-01
EMP406,Taha Ejaz,Administration & Facilities,EXEC-ADM-HEAD,S070,Records Management,Administration,Core,Current,5,Expert,93.0,14.8,9,Planned,Yes,DEPARTMENT-010,Corporate Services,ORGANIZATIONAL-UNIT-ADM,LOC-HQ,2026-08-01
EMP406,Taha Ejaz,Administration & Facilities,EXEC-ADM-HEAD,S042,Communication,Behavioral,Common,Current,4,Advanced,85.3,12.7,5,Not Required,No,DEPARTMENT-010,Corporate Services,ORGANIZATIONAL-UNIT-ADM,LOC-HQ,2026-08-01
EMP406,Taha Ejaz,Administration & Facilities,EXEC-ADM-HEAD,S066,Office Administration,Administration,Core,Current,4,Advanced,76.9,12.3,8,Not Required,No,DEPARTMENT-010,Corporate Services,ORGANIZATIONAL-UNIT-ADM,LOC-HQ,2026-08-01
EMP406,Taha Ejaz,Administration & Facilities,EXEC-ADM-HEAD,S067,Facilities Management,Administration,Core,Current,4,Advanced,78.3,12.7,14,Planned,No,DEPARTMENT-010,Corporate Services,ORGANIZATIONAL-UNIT-ADM,LOC-HQ,2026-08-01
EMP406,Taha Ejaz,Administration & Facilities,EXEC-ADM-HEAD,S046,Leadership,Leadership,Leadership,Current,5,Expert,91.1,15.2,18,Certified,No,DEPARTMENT-010,Corporate Services,ORGANIZATIONAL-UNIT-ADM,LOC-HQ,2026-08-01
EMP407,Rabia Raza,Administration & Facilities,POS-397,S070,Records Management,Administration,Core,Current,5,Expert,99.4,14.6,5,Not Required,Yes,DEPARTMENT-010,Corporate Services,ORGANIZATIONAL-UNIT-ADM,LOC-HQ,2026-08-01
EMP407,Rabia Raza,Administration & Facilities,POS-397,S053,Documentation,Behavioral,Common,Current,4,Advanced,92.5,12.9,4,Not Required,No,DEPARTMENT-010,Corporate Services,ORGANIZATIONAL-UNIT-ADM,LOC-HQ,2026-08-01
EMP407,Rabia Raza,Administration & Facilities,POS-397,S046,Leadership,Leadership,Leadership,Current,3,Proficient,78.0,9.5,16,Not Required,No,DEPARTMENT-010,Corporate Services,ORGANIZATIONAL-UNIT-ADM,LOC-HQ,2026-08-01
EMP407,Rabia Raza,Administration & Facilities,POS-397,S067,Facilities Management,Administration,Core,Current,4,Advanced,86.0,11.3,11,Certified,No,DEPARTMENT-010,Corporate Services,ORGANIZATIONAL-UNIT-ADM,LOC-HQ,2026-08-01
EMP407,Rabia Raza,Administration & Facilities,POS-397,S066,Office Administration,Administration,Core,Current,3,Proficient,65.4,10.1,0,Not Required,No,DEPARTMENT-010,Corporate Services,ORGANIZATIONAL-UNIT-ADM,LOC-HQ,2026-08-01
EMP408,Anam Yousaf,Administration & Facilities,POS-398,S042,Communication,Behavioral,Common,Current,3,Proficient,86.4,7.2,10,Certified,Yes,DEPARTMENT-010,Corporate Services,ORGANIZATIONAL-UNIT-ADM,LOC-HQ,2026-08-01
EMP408,Anam Yousaf,Administration & Facilities,POS-398,S067,Facilities Management,Administration,Core,Current,4,Advanced,85.6,7.9,13,Planned,No,DEPARTMENT-010,Corporate Services,ORGANIZATIONAL-UNIT-ADM,LOC-HQ,2026-08-01
EMP408,Anam Yousaf,Administration & Facilities,POS-398,S020,SOP Compliance,Compliance,Core,Current,3,Proficient,81.4,8.8,4,Not Required,No,DEPARTMENT-010,Corporate Services,ORGANIZATIONAL-UNIT-ADM,LOC-HQ,2026-08-01
EMP408,Anam Yousaf,Administration & Facilities,POS-398,S066,Office Administration,Administration,Core,Current,4,Advanced,78.7,7.3,4,Not Required,No,DEPARTMENT-010,Corporate Services,ORGANIZATIONAL-UNIT-ADM,LOC-HQ,2026-08-01
EMP408,Anam Yousaf,Administration & Facilities,POS-398,S070,Records Management,Administration,Core,Current,5,Expert,100,9.4,10,Not Required,No,DEPARTMENT-010,Corporate Services,ORGANIZATIONAL-UNIT-ADM,LOC-HQ,2026-08-01
EMP409,Waqas Akhtar,Administration & Facilities,POS-399,S020,SOP Compliance,Compliance,Core,Current,4,Advanced,86.8,12.3,3,Planned,Yes,DEPARTMENT-010,Corporate Services,ORGANIZATIONAL-UNIT-ADM,LOC-HQ,2026-08-01
EMP409,Waqas Akhtar,Administration & Facilities,POS-399,S046,Leadership,Leadership,Leadership,Current,5,Expert,94.6,14.3,8,Not Required,No,DEPARTMENT-010,Corporate Services,ORGANIZATIONAL-UNIT-ADM,LOC-HQ,2026-08-01
EMP409,Waqas Akhtar,Administration & Facilities,POS-399,S067,Facilities Management,Administration,Core,Current,4,Advanced,88.1,11.8,13,Planned,No,DEPARTMENT-010,Corporate Services,ORGANIZATIONAL-UNIT-ADM,LOC-HQ,2026-08-01
EMP409,Waqas Akhtar,Administration & Facilities,POS-399,S070,Records Management,Administration,Core,Current,4,Advanced,92.2,12.2,13,Not Required,No,DEPARTMENT-010,Corporate Services,ORGANIZATIONAL-UNIT-ADM,LOC-HQ,2026-08-01
EMP409,Waqas Akhtar,Administration & Facilities,POS-399,S053,Documentation,Behavioral,Common,Current,5,Expert,100,15.3,18,Not Required,No,DEPARTMENT-010,Corporate Services,ORGANIZATIONAL-UNIT-ADM,LOC-HQ,2026-08-01
EMP410,Asad Rehman,Administration & Facilities,POS-400,S067,Facilities Management,Administration,Core,Current,5,Expert,93.4,12.3,10,Not Required,Yes,DEPARTMENT-010,Corporate Services,ORGANIZATIONAL-UNIT-ADM,LOC-HQ,2026-08-01
EMP410,Asad Rehman,Administration & Facilities,POS-400,S020,SOP Compliance,Compliance,Core,Current,4,Advanced,86.4,12.0,8,Planned,No,DEPARTMENT-010,Corporate Services,ORGANIZATIONAL-UNIT-ADM,LOC-HQ,2026-08-01
EMP410,Asad Rehman,Administration & Facilities,POS-400,S053,Documentation,Behavioral,Common,Current,5,Expert,82.9,10.6,0,Not Required,No,DEPARTMENT-010,Corporate Services,ORGANIZATIONAL-UNIT-ADM,LOC-HQ,2026-08-01
EMP410,Asad Rehman,Administration & Facilities,POS-400,S046,Leadership,Leadership,Leadership,Current,4,Advanced,84.6,10.0,7,Planned,No,DEPARTMENT-010,Corporate Services,ORGANIZATIONAL-UNIT-ADM,LOC-HQ,2026-08-01
EMP410,Asad Rehman,Administration & Facilities,POS-400,S070,Records Management,Administration,Core,Current,4,Advanced,68.9,11.9,6,Not Required,No,DEPARTMENT-010,Corporate Services,ORGANIZATIONAL-UNIT-ADM,LOC-HQ,2026-08-01
EMP411,Hamza Habib,Administration & Facilities,POS-401,S042,Communication,Behavioral,Common,Current,5,Expert,97.6,12.9,0,Not Required,Yes,DEPARTMENT-010,Corporate Services,ORGANIZATIONAL-UNIT-ADM,LOC-HQ,2026-08-01
EMP411,Hamza Habib,Administration & Facilities,POS-401,S046,Leadership,Leadership,Leadership,Current,5,Expert,92.3,14.7,12,Certified,No,DEPARTMENT-010,Corporate Services,ORGANIZATIONAL-UNIT-ADM,LOC-HQ,2026-08-01
EMP411,Hamza Habib,Administration & Facilities,POS-401,S067,Facilities Management,Administration,Core,Current,5,Expert,94.2,14.6,3,Not Required,No,DEPARTMENT-010,Corporate Services,ORGANIZATIONAL-UNIT-ADM,LOC-HQ,2026-08-01
EMP411,Hamza Habib,Administration & Facilities,POS-401,S070,Records Management,Administration,Core,Current,4,Advanced,89.2,12.6,15,Planned,No,DEPARTMENT-010,Corporate Services,ORGANIZATIONAL-UNIT-ADM,LOC-HQ,2026-08-01
EMP411,Hamza Habib,Administration & Facilities,POS-401,S066,Office Administration,Administration,Core,Current,5,Expert,90.5,14.6,16,Not Required,No,DEPARTMENT-010,Corporate Services,ORGANIZATIONAL-UNIT-ADM,LOC-HQ,2026-08-01
EMP412,Noor Mahmood,Administration & Facilities,POS-402,S068,Vendor Coordination,Administration,Core,Current,3,Proficient,72.8,8.9,0,Certified,Yes,DEPARTMENT-010,Corporate Services,ORGANIZATIONAL-UNIT-ADM,LOC-HQ,2026-08-01
EMP412,Noor Mahmood,Administration & Facilities,POS-402,S046,Leadership,Leadership,Leadership,Current,4,Advanced,89.4,10.6,5,Not Required,No,DEPARTMENT-010,Corporate Services,ORGANIZATIONAL-UNIT-ADM,LOC-HQ,2026-08-01
EMP412,Noor Mahmood,Administration & Facilities,POS-402,S020,SOP Compliance,Compliance,Core,Current,5,Expert,93.8,10.9,15,Not Required,No,DEPARTMENT-010,Corporate Services,ORGANIZATIONAL-UNIT-ADM,LOC-HQ,2026-08-01
EMP412,Noor Mahmood,Administration & Facilities,POS-402,S066,Office Administration,Administration,Core,Current,5,Expert,89.2,11.4,9,Not Required,No,DEPARTMENT-010,Corporate Services,ORGANIZATIONAL-UNIT-ADM,LOC-HQ,2026-08-01
EMP412,Noor Mahmood,Administration & Facilities,POS-402,S052,Time Management,Behavioral,Common,Current,4,Advanced,90.2,9.9,13,Certified,No,DEPARTMENT-010,Corporate Services,ORGANIZATIONAL-UNIT-ADM,LOC-HQ,2026-08-01
EMP413,Ali Akhtar,Administration & Facilities,POS-403,S042,Communication,Behavioral,Common,Current,3,Proficient,71.9,5.8,13,Planned,Yes,DEPARTMENT-010,Corporate Services,ORGANIZATIONAL-UNIT-ADM-TEAM-01,LOC-HQ,2026-08-01
EMP413,Ali Akhtar,Administration & Facilities,POS-403,S052,Time Management,Behavioral,Common,Current,3,Proficient,67.0,5.4,17,Certified,No,DEPARTMENT-010,Corporate Services,ORGANIZATIONAL-UNIT-ADM-TEAM-01,LOC-HQ,2026-08-01
EMP413,Ali Akhtar,Administration & Facilities,POS-403,S068,Vendor Coordination,Administration,Core,Current,4,Advanced,81.9,5.3,13,Not Required,No,DEPARTMENT-010,Corporate Services,ORGANIZATIONAL-UNIT-ADM-TEAM-01,LOC-HQ,2026-08-01
EMP413,Ali Akhtar,Administration & Facilities,POS-403,S046,Leadership,Leadership,Leadership,Current,5,Expert,100,7.3,0,Not Required,No,DEPARTMENT-010,Corporate Services,ORGANIZATIONAL-UNIT-ADM-TEAM-01,LOC-HQ,2026-08-01
EMP413,Ali Akhtar,Administration & Facilities,POS-403,S070,Records Management,Administration,Core,Current,4,Advanced,78.9,7.1,10,Planned,No,DEPARTMENT-010,Corporate Services,ORGANIZATIONAL-UNIT-ADM-TEAM-01,LOC-HQ,2026-08-01
EMP414,Zainab Tariq,Administration & Facilities,POS-404,S052,Time Management,Behavioral,Common,Current,5,Expert,94.1,6.2,10,Not Required,Yes,DEPARTMENT-010,Corporate Services,ORGANIZATIONAL-UNIT-ADM-TEAM-03,LOC-HQ,2026-08-01
EMP414,Zainab Tariq,Administration & Facilities,POS-404,S046,Leadership,Leadership,Leadership,Current,3,Proficient,69.5,6.7,12,Planned,No,DEPARTMENT-010,Corporate Services,ORGANIZATIONAL-UNIT-ADM-TEAM-03,LOC-HQ,2026-08-01
EMP414,Zainab Tariq,Administration & Facilities,POS-404,S069,Asset Management,Administration,Core,Current,4,Advanced,74.6,7.9,3,Planned,No,DEPARTMENT-010,Corporate Services,ORGANIZATIONAL-UNIT-ADM-TEAM-03,LOC-HQ,2026-08-01
EMP414,Zainab Tariq,Administration & Facilities,POS-404,S068,Vendor Coordination,Administration,Core,Current,4,Advanced,80.3,7.4,13,Certified,No,DEPARTMENT-010,Corporate Services,ORGANIZATIONAL-UNIT-ADM-TEAM-03,LOC-HQ,2026-08-01
EMP414,Zainab Tariq,Administration & Facilities,POS-404,S053,Documentation,Behavioral,Common,Current,3,Proficient,77.3,6.0,3,Not Required,No,DEPARTMENT-010,Corporate Services,ORGANIZATIONAL-UNIT-ADM-TEAM-03,LOC-HQ,2026-08-01
EMP415,Mahnoor Aziz,Administration & Facilities,POS-405,S067,Facilities Management,Administration,Core,Current,4,Advanced,80.0,8.4,11,Certified,Yes,DEPARTMENT-010,Corporate Services,ORGANIZATIONAL-UNIT-ADM-TEAM-02,LOC-HQ,2026-08-01
EMP415,Mahnoor Aziz,Administration & Facilities,POS-405,S020,SOP Compliance,Compliance,Core,Current,3,Proficient,76.3,7.3,3,Not Required,No,DEPARTMENT-010,Corporate Services,ORGANIZATIONAL-UNIT-ADM-TEAM-02,LOC-HQ,2026-08-01
EMP415,Mahnoor Aziz,Administration & Facilities,POS-405,S042,Communication,Behavioral,Common,Current,5,Expert,81.2,8.4,3,Not Required,No,DEPARTMENT-010,Corporate Services,ORGANIZATIONAL-UNIT-ADM-TEAM-02,LOC-HQ,2026-08-01
EMP415,Mahnoor Aziz,Administration & Facilities,POS-405,S052,Time Management,Behavioral,Common,Current,5,Expert,100,8.1,5,Not Required,No,DEPARTMENT-010,Corporate Services,ORGANIZATIONAL-UNIT-ADM-TEAM-02,LOC-HQ,2026-08-01
EMP415,Mahnoor Aziz,Administration & Facilities,POS-405,S069,Asset Management,Administration,Core,Current,3,Proficient,70.3,8.1,14,Not Required,No,DEPARTMENT-010,Corporate Services,ORGANIZATIONAL-UNIT-ADM-TEAM-02,LOC-HQ,2026-08-01
EMP416,Nida Raza,Administration & Facilities,POS-406,S066,Office Administration,Administration,Core,Current,5,Expert,93.6,4.6,5,Certified,Yes,DEPARTMENT-010,Corporate Services,ORGANIZATIONAL-UNIT-ADM-TEAM-01,LOC-HQ,2026-08-01
EMP416,Nida Raza,Administration & Facilities,POS-406,S042,Communication,Behavioral,Common,Current,3,Proficient,72.9,5.0,6,Not Required,No,DEPARTMENT-010,Corporate Services,ORGANIZATIONAL-UNIT-ADM-TEAM-01,LOC-HQ,2026-08-01
EMP416,Nida Raza,Administration & Facilities,POS-406,S068,Vendor Coordination,Administration,Core,Current,5,Expert,94.7,7.0,5,Not Required,No,DEPARTMENT-010,Corporate Services,ORGANIZATIONAL-UNIT-ADM-TEAM-01,LOC-HQ,2026-08-01
EMP416,Nida Raza,Administration & Facilities,POS-406,S020,SOP Compliance,Compliance,Core,Current,4,Advanced,94.4,6.6,14,Not Required,No,DEPARTMENT-010,Corporate Services,ORGANIZATIONAL-UNIT-ADM-TEAM-01,LOC-HQ,2026-08-01
EMP416,Nida Raza,Administration & Facilities,POS-406,S067,Facilities Management,Administration,Core,Current,4,Advanced,83.9,6.7,7,Not Required,No,DEPARTMENT-010,Corporate Services,ORGANIZATIONAL-UNIT-ADM-TEAM-01,LOC-HQ,2026-08-01
EMP417,Saba Ali,Administration & Facilities,POS-407,S053,Documentation,Behavioral,Common,Current,3,Proficient,69.5,10.0,2,Not Required,Yes,DEPARTMENT-010,Corporate Services,ORGANIZATIONAL-UNIT-ADM-TEAM-03,LOC-HQ,2026-08-01
EMP417,Saba Ali,Administration & Facilities,POS-407,S070,Records Management,Administration,Core,Current,3,Proficient,82.3,9.6,14,Certified,No,DEPARTMENT-010,Corporate Services,ORGANIZATIONAL-UNIT-ADM-TEAM-03,LOC-HQ,2026-08-01
EMP417,Saba Ali,Administration & Facilities,POS-407,S068,Vendor Coordination,Administration,Core,Current,4,Advanced,87.3,10.4,1,Not Required,No,DEPARTMENT-010,Corporate Services,ORGANIZATIONAL-UNIT-ADM-TEAM-03,LOC-HQ,2026-08-01
EMP417,Saba Ali,Administration & Facilities,POS-407,S069,Asset Management,Administration,Core,Current,4,Advanced,88.8,10.0,4,Planned,No,DEPARTMENT-010,Corporate Services,ORGANIZATIONAL-UNIT-ADM-TEAM-03,LOC-HQ,2026-08-01
EMP417,Saba Ali,Administration & Facilities,POS-407,S020,SOP Compliance,Compliance,Core,Current,3,Proficient,68.0,9.9,16,Not Required,No,DEPARTMENT-010,Corporate Services,ORGANIZATIONAL-UNIT-ADM-TEAM-03,LOC-HQ,2026-08-01
EMP418,Imran Raza,Administration & Facilities,POS-408,S042,Communication,Behavioral,Common,Current,4,Advanced,92.3,12.8,12,Not Required,Yes,DEPARTMENT-010,Corporate Services,ORGANIZATIONAL-UNIT-ADM-TEAM-02,LOC-HQ,2026-08-01
EMP418,Imran Raza,Administration & Facilities,POS-408,S069,Asset Management,Administration,Core,Current,5,Expert,94.9,12.7,12,Certified,No,DEPARTMENT-010,Corporate Services,ORGANIZATIONAL-UNIT-ADM-TEAM-02,LOC-HQ,2026-08-01
EMP418,Imran Raza,Administration & Facilities,POS-408,S052,Time Management,Behavioral,Common,Current,5,Expert,90.1,13.4,14,Planned,No,DEPARTMENT-010,Corporate Services,ORGANIZATIONAL-UNIT-ADM-TEAM-02,LOC-HQ,2026-08-01
EMP418,Imran Raza,Administration & Facilities,POS-408,S068,Vendor Coordination,Administration,Core,Current,4,Advanced,89.9,12.9,15,Planned,No,DEPARTMENT-010,Corporate Services,ORGANIZATIONAL-UNIT-ADM-TEAM-02,LOC-HQ,2026-08-01
EMP418,Imran Raza,Administration & Facilities,POS-408,S070,Records Management,Administration,Core,Current,3,Proficient,79.7,9.1,13,Not Required,No,DEPARTMENT-010,Corporate Services,ORGANIZATIONAL-UNIT-ADM-TEAM-02,LOC-HQ,2026-08-01
EMP419,Anam Baig,Administration & Facilities,POS-409,S042,Communication,Behavioral,Common,Current,4,Advanced,88.5,10.8,9,Certified,Yes,DEPARTMENT-010,Corporate Services,ORGANIZATIONAL-UNIT-ADM-TEAM-03,LOC-HQ,2026-08-01
EMP419,Anam Baig,Administration & Facilities,POS-409,S069,Asset Management,Administration,Core,Current,3,Proficient,74.2,9.3,3,Not Required,No,DEPARTMENT-010,Corporate Services,ORGANIZATIONAL-UNIT-ADM-TEAM-03,LOC-HQ,2026-08-01
EMP419,Anam Baig,Administration & Facilities,POS-409,S046,Leadership,Leadership,Leadership,Current,3,Proficient,70.8,8.7,13,Not Required,No,DEPARTMENT-010,Corporate Services,ORGANIZATIONAL-UNIT-ADM-TEAM-03,LOC-HQ,2026-08-01
EMP419,Anam Baig,Administration & Facilities,POS-409,S052,Time Management,Behavioral,Common,Current,5,Expert,81.3,11.2,17,Not Required,No,DEPARTMENT-010,Corporate Services,ORGANIZATIONAL-UNIT-ADM-TEAM-03,LOC-HQ,2026-08-01
EMP419,Anam Baig,Administration & Facilities,POS-409,S066,Office Administration,Administration,Core,Current,4,Advanced,87.9,11.4,7,Certified,No,DEPARTMENT-010,Corporate Services,ORGANIZATIONAL-UNIT-ADM-TEAM-03,LOC-HQ,2026-08-01
EMP420,Imran Faisal,Administration & Facilities,POS-410,S069,Asset Management,Administration,Core,Current,4,Advanced,87.9,4.3,9,Not Required,Yes,DEPARTMENT-010,Corporate Services,ORGANIZATIONAL-UNIT-ADM-TEAM-02,LOC-HQ,2026-08-01
EMP420,Imran Faisal,Administration & Facilities,POS-410,S066,Office Administration,Administration,Core,Current,3,Proficient,67.1,6.3,2,Certified,No,DEPARTMENT-010,Corporate Services,ORGANIZATIONAL-UNIT-ADM-TEAM-02,LOC-HQ,2026-08-01
EMP420,Imran Faisal,Administration & Facilities,POS-410,S020,SOP Compliance,Compliance,Core,Current,4,Advanced,97.4,4.2,7,Not Required,No,DEPARTMENT-010,Corporate Services,ORGANIZATIONAL-UNIT-ADM-TEAM-02,LOC-HQ,2026-08-01
EMP420,Imran Faisal,Administration & Facilities,POS-410,S070,Records Management,Administration,Core,Current,3,Proficient,63.6,3.7,18,Certified,No,DEPARTMENT-010,Corporate Services,ORGANIZATIONAL-UNIT-ADM-TEAM-02,LOC-HQ,2026-08-01
EMP420,Imran Faisal,Administration & Facilities,POS-410,S068,Vendor Coordination,Administration,Core,Current,4,Advanced,93.4,5.9,4,Not Required,No,DEPARTMENT-010,Corporate Services,ORGANIZATIONAL-UNIT-ADM-TEAM-02,LOC-HQ,2026-08-01
EMP421,Amna Mirza,Administration & Facilities,POS-411,S020,SOP Compliance,Compliance,Core,Current,4,Advanced,86.5,6.4,14,Planned,Yes,DEPARTMENT-010,Corporate Services,ORGANIZATIONAL-UNIT-ADM-TEAM-03,LOC-HQ,2026-08-01
EMP421,Amna Mirza,Administration & Facilities,POS-411,S066,Office Administration,Administration,Core,Current,4,Advanced,84.1,5.6,16,Not Required,No,DEPARTMENT-010,Corporate Services,ORGANIZATIONAL-UNIT-ADM-TEAM-03,LOC-HQ,2026-08-01
EMP421,Amna Mirza,Administration & Facilities,POS-411,S042,Communication,Behavioral,Common,Current,3,Proficient,77.2,5.2,10,Not Required,No,DEPARTMENT-010,Corporate Services,ORGANIZATIONAL-UNIT-ADM-TEAM-03,LOC-HQ,2026-08-01
EMP421,Amna Mirza,Administration & Facilities,POS-411,S053,Documentation,Behavioral,Common,Current,5,Expert,95.2,7.2,5,Planned,No,DEPARTMENT-010,Corporate Services,ORGANIZATIONAL-UNIT-ADM-TEAM-03,LOC-HQ,2026-08-01
EMP421,Amna Mirza,Administration & Facilities,POS-411,S070,Records Management,Administration,Core,Current,5,Expert,92.9,4.7,15,Not Required,No,DEPARTMENT-010,Corporate Services,ORGANIZATIONAL-UNIT-ADM-TEAM-03,LOC-HQ,2026-08-01
EMP422,Farhan Ismail,Administration & Facilities,POS-412,S070,Records Management,Administration,Core,Current,4,Advanced,79.8,5.0,9,Certified,Yes,DEPARTMENT-010,Corporate Services,ORGANIZATIONAL-UNIT-ADM-TEAM-02,LOC-HQ,2026-08-01
EMP422,Farhan Ismail,Administration & Facilities,POS-412,S067,Facilities Management,Administration,Core,Current,4,Advanced,87.1,6.0,0,Not Required,No,DEPARTMENT-010,Corporate Services,ORGANIZATIONAL-UNIT-ADM-TEAM-02,LOC-HQ,2026-08-01
EMP422,Farhan Ismail,Administration & Facilities,POS-412,S068,Vendor Coordination,Administration,Core,Current,4,Advanced,83.3,5.4,5,Not Required,No,DEPARTMENT-010,Corporate Services,ORGANIZATIONAL-UNIT-ADM-TEAM-02,LOC-HQ,2026-08-01
EMP422,Farhan Ismail,Administration & Facilities,POS-412,S046,Leadership,Leadership,Leadership,Developing,2,Developing,73.6,5.3,3,Planned,No,DEPARTMENT-010,Corporate Services,ORGANIZATIONAL-UNIT-ADM-TEAM-02,LOC-HQ,2026-08-01
EMP422,Farhan Ismail,Administration & Facilities,POS-412,S053,Documentation,Behavioral,Common,Current,4,Advanced,79.5,7.2,0,Planned,No,DEPARTMENT-010,Corporate Services,ORGANIZATIONAL-UNIT-ADM-TEAM-02,LOC-HQ,2026-08-01
EMP423,Danish Latif,Administration & Facilities,POS-413,S020,SOP Compliance,Compliance,Core,Current,4,Advanced,92.5,1.3,11,Not Required,Yes,DEPARTMENT-010,Corporate Services,ORGANIZATIONAL-UNIT-ADM-TEAM-02,LOC-HQ,2026-08-01
EMP423,Danish Latif,Administration & Facilities,POS-413,S068,Vendor Coordination,Administration,Core,Developing,2,Developing,71.8,2.2,9,Certified,No,DEPARTMENT-010,Corporate Services,ORGANIZATIONAL-UNIT-ADM-TEAM-02,LOC-HQ,2026-08-01
EMP423,Danish Latif,Administration & Facilities,POS-413,S053,Documentation,Behavioral,Common,Current,3,Proficient,79.0,1.4,16,Not Required,No,DEPARTMENT-010,Corporate Services,ORGANIZATIONAL-UNIT-ADM-TEAM-02,LOC-HQ,2026-08-01
EMP423,Danish Latif,Administration & Facilities,POS-413,S046,Leadership,Leadership,Leadership,Current,4,Advanced,82.4,1.7,11,Planned,No,DEPARTMENT-010,Corporate Services,ORGANIZATIONAL-UNIT-ADM-TEAM-02,LOC-HQ,2026-08-01
EMP423,Danish Latif,Administration & Facilities,POS-413,S052,Time Management,Behavioral,Common,Current,4,Advanced,77.8,3.8,2,Certified,No,DEPARTMENT-010,Corporate Services,ORGANIZATIONAL-UNIT-ADM-TEAM-02,LOC-HQ,2026-08-01
EMP424,Omar Hameed,Administration & Facilities,POS-414,S020,SOP Compliance,Compliance,Core,Developing,2,Developing,65.8,6.4,4,Not Required,Yes,DEPARTMENT-010,Corporate Services,ORGANIZATIONAL-UNIT-ADM-TEAM-02,LOC-HQ,2026-08-01
EMP424,Omar Hameed,Administration & Facilities,POS-414,S053,Documentation,Behavioral,Common,Current,3,Proficient,70.6,5.4,11,Not Required,No,DEPARTMENT-010,Corporate Services,ORGANIZATIONAL-UNIT-ADM-TEAM-02,LOC-HQ,2026-08-01
EMP424,Omar Hameed,Administration & Facilities,POS-414,S068,Vendor Coordination,Administration,Core,Current,3,Proficient,72.7,7.6,11,Not Required,No,DEPARTMENT-010,Corporate Services,ORGANIZATIONAL-UNIT-ADM-TEAM-02,LOC-HQ,2026-08-01
EMP424,Omar Hameed,Administration & Facilities,POS-414,S067,Facilities Management,Administration,Core,Current,5,Expert,93.3,7.8,2,Certified,No,DEPARTMENT-010,Corporate Services,ORGANIZATIONAL-UNIT-ADM-TEAM-02,LOC-HQ,2026-08-01
EMP424,Omar Hameed,Administration & Facilities,POS-414,S052,Time Management,Behavioral,Common,Developing,2,Developing,57.4,6.5,9,Planned,No,DEPARTMENT-010,Corporate Services,ORGANIZATIONAL-UNIT-ADM-TEAM-02,LOC-HQ,2026-08-01
EMP425,Saad Awan,Administration & Facilities,POS-415,S052,Time Management,Behavioral,Common,Developing,2,Developing,63.2,5.5,11,Not Required,Yes,DEPARTMENT-010,Corporate Services,ORGANIZATIONAL-UNIT-ADM-TEAM-01,LOC-HQ,2026-08-01
EMP425,Saad Awan,Administration & Facilities,POS-415,S046,Leadership,Leadership,Leadership,Current,4,Advanced,81.3,4.7,18,Not Required,No,DEPARTMENT-010,Corporate Services,ORGANIZATIONAL-UNIT-ADM-TEAM-01,LOC-HQ,2026-08-01
EMP425,Saad Awan,Administration & Facilities,POS-415,S066,Office Administration,Administration,Core,Current,5,Expert,95.6,6.9,16,Certified,No,DEPARTMENT-010,Corporate Services,ORGANIZATIONAL-UNIT-ADM-TEAM-01,LOC-HQ,2026-08-01
EMP425,Saad Awan,Administration & Facilities,POS-415,S068,Vendor Coordination,Administration,Core,Current,5,Expert,94.3,7.1,10,Not Required,No,DEPARTMENT-010,Corporate Services,ORGANIZATIONAL-UNIT-ADM-TEAM-01,LOC-HQ,2026-08-01
EMP425,Saad Awan,Administration & Facilities,POS-415,S042,Communication,Behavioral,Common,Developing,2,Developing,62.8,6.1,12,Planned,No,DEPARTMENT-010,Corporate Services,ORGANIZATIONAL-UNIT-ADM-TEAM-01,LOC-HQ,2026-08-01
EMP426,Hassan Khan,Administration & Facilities,POS-416,S066,Office Administration,Administration,Core,Developing,2,Developing,53.2,6.7,7,Certified,Yes,DEPARTMENT-010,Corporate Services,ORGANIZATIONAL-UNIT-ADM-TEAM-02,LOC-HQ,2026-08-01
EMP426,Hassan Khan,Administration & Facilities,POS-416,S067,Facilities Management,Administration,Core,Current,5,Expert,95.7,9.4,18,Planned,No,DEPARTMENT-010,Corporate Services,ORGANIZATIONAL-UNIT-ADM-TEAM-02,LOC-HQ,2026-08-01
EMP426,Hassan Khan,Administration & Facilities,POS-416,S020,SOP Compliance,Compliance,Core,Current,3,Proficient,72.5,7.5,5,Certified,No,DEPARTMENT-010,Corporate Services,ORGANIZATIONAL-UNIT-ADM-TEAM-02,LOC-HQ,2026-08-01
EMP426,Hassan Khan,Administration & Facilities,POS-416,S052,Time Management,Behavioral,Common,Current,4,Advanced,82.6,8.9,9,Certified,No,DEPARTMENT-010,Corporate Services,ORGANIZATIONAL-UNIT-ADM-TEAM-02,LOC-HQ,2026-08-01
EMP426,Hassan Khan,Administration & Facilities,POS-416,S042,Communication,Behavioral,Common,Current,5,Expert,100,7.1,15,Certified,No,DEPARTMENT-010,Corporate Services,ORGANIZATIONAL-UNIT-ADM-TEAM-02,LOC-HQ,2026-08-01
EMP427,Zainab Ahmed,Administration & Facilities,POS-417,S068,Vendor Coordination,Administration,Core,Current,3,Proficient,67.0,4.1,18,Certified,Yes,DEPARTMENT-010,Corporate Services,ORGANIZATIONAL-UNIT-ADM-TEAM-03,LOC-HQ,2026-08-01
EMP427,Zainab Ahmed,Administration & Facilities,POS-417,S046,Leadership,Leadership,Leadership,Current,4,Advanced,85.8,2.6,14,Certified,No,DEPARTMENT-010,Corporate Services,ORGANIZATIONAL-UNIT-ADM-TEAM-03,LOC-HQ,2026-08-01
EMP427,Zainab Ahmed,Administration & Facilities,POS-417,S053,Documentation,Behavioral,Common,Current,3,Proficient,68.9,3.2,1,Not Required,No,DEPARTMENT-010,Corporate Services,ORGANIZATIONAL-UNIT-ADM-TEAM-03,LOC-HQ,2026-08-01
EMP427,Zainab Ahmed,Administration & Facilities,POS-417,S070,Records Management,Administration,Core,Developing,2,Developing,65.0,3.4,13,Not Required,No,DEPARTMENT-010,Corporate Services,ORGANIZATIONAL-UNIT-ADM-TEAM-03,LOC-HQ,2026-08-01
EMP427,Zainab Ahmed,Administration & Facilities,POS-417,S066,Office Administration,Administration,Core,Current,5,Expert,100,3.1,5,Not Required,No,DEPARTMENT-010,Corporate Services,ORGANIZATIONAL-UNIT-ADM-TEAM-03,LOC-HQ,2026-08-01
EMP428,Kinza Munir,Administration & Facilities,POS-418,S020,SOP Compliance,Compliance,Core,Developing,2,Developing,59.9,3.2,0,Not Required,Yes,DEPARTMENT-010,Corporate Services,ORGANIZATIONAL-UNIT-ADM-TEAM-02,LOC-HQ,2026-08-01
EMP428,Kinza Munir,Administration & Facilities,POS-418,S042,Communication,Behavioral,Common,Developing,2,Developing,67.5,4.7,11,Not Required,No,DEPARTMENT-010,Corporate Services,ORGANIZATIONAL-UNIT-ADM-TEAM-02,LOC-HQ,2026-08-01
EMP428,Kinza Munir,Administration & Facilities,POS-418,S052,Time Management,Behavioral,Common,Current,3,Proficient,75.8,3.3,9,Planned,No,DEPARTMENT-010,Corporate Services,ORGANIZATIONAL-UNIT-ADM-TEAM-02,LOC-HQ,2026-08-01
EMP428,Kinza Munir,Administration & Facilities,POS-418,S070,Records Management,Administration,Core,Current,4,Advanced,88.2,2.2,17,Not Required,No,DEPARTMENT-010,Corporate Services,ORGANIZATIONAL-UNIT-ADM-TEAM-02,LOC-HQ,2026-08-01
EMP428,Kinza Munir,Administration & Facilities,POS-418,S067,Facilities Management,Administration,Core,Current,4,Advanced,81.3,4.3,5,Not Required,No,DEPARTMENT-010,Corporate Services,ORGANIZATIONAL-UNIT-ADM-TEAM-02,LOC-HQ,2026-08-01
EMP429,Komal Latif,Administration & Facilities,POS-419,S066,Office Administration,Administration,Core,Current,4,Advanced,66.9,9.7,1,Not Required,Yes,DEPARTMENT-010,Corporate Services,ORGANIZATIONAL-UNIT-ADM-TEAM-02,LOC-HQ,2026-08-01
EMP429,Komal Latif,Administration & Facilities,POS-419,S046,Leadership,Leadership,Leadership,Developing,2,Developing,59.6,6.7,7,Planned,No,DEPARTMENT-010,Corporate Services,ORGANIZATIONAL-UNIT-ADM-TEAM-02,LOC-HQ,2026-08-01
EMP429,Komal Latif,Administration & Facilities,POS-419,S042,Communication,Behavioral,Common,Current,5,Expert,84.7,9.5,10,Planned,No,DEPARTMENT-010,Corporate Services,ORGANIZATIONAL-UNIT-ADM-TEAM-02,LOC-HQ,2026-08-01
EMP429,Komal Latif,Administration & Facilities,POS-419,S053,Documentation,Behavioral,Common,Developing,2,Developing,56.0,6.0,1,Certified,No,DEPARTMENT-010,Corporate Services,ORGANIZATIONAL-UNIT-ADM-TEAM-02,LOC-HQ,2026-08-01
EMP429,Komal Latif,Administration & Facilities,POS-419,S070,Records Management,Administration,Core,Current,4,Advanced,71.5,7.6,11,Planned,No,DEPARTMENT-010,Corporate Services,ORGANIZATIONAL-UNIT-ADM-TEAM-02,LOC-HQ,2026-08-01
EMP430,Saad Raza,Administration & Facilities,POS-420,S042,Communication,Behavioral,Common,Current,4,Advanced,86.5,7.8,15,Not Required,Yes,DEPARTMENT-010,Corporate Services,ORGANIZATIONAL-UNIT-ADM-TEAM-01,LOC-HQ,2026-08-01
EMP430,Saad Raza,Administration & Facilities,POS-420,S052,Time Management,Behavioral,Common,Developing,2,Developing,63.9,6.8,3,Not Required,No,DEPARTMENT-010,Corporate Services,ORGANIZATIONAL-UNIT-ADM-TEAM-01,LOC-HQ,2026-08-01
EMP430,Saad Raza,Administration & Facilities,POS-420,S067,Facilities Management,Administration,Core,Current,3,Proficient,80.2,8.5,10,Planned,No,DEPARTMENT-010,Corporate Services,ORGANIZATIONAL-UNIT-ADM-TEAM-01,LOC-HQ,2026-08-01
EMP430,Saad Raza,Administration & Facilities,POS-420,S068,Vendor Coordination,Administration,Core,Current,5,Expert,100,8.9,2,Not Required,No,DEPARTMENT-010,Corporate Services,ORGANIZATIONAL-UNIT-ADM-TEAM-01,LOC-HQ,2026-08-01
EMP430,Saad Raza,Administration & Facilities,POS-420,S046,Leadership,Leadership,Leadership,Current,3,Proficient,80.4,8.5,13,Not Required,No,DEPARTMENT-010,Corporate Services,ORGANIZATIONAL-UNIT-ADM-TEAM-01,LOC-HQ,2026-08-01
EMP431,Noman Iqbal,Administration & Facilities,POS-421,S066,Office Administration,Administration,Core,Current,3,Proficient,70.3,5.9,9,Not Required,Yes,DEPARTMENT-010,Corporate Services,ORGANIZATIONAL-UNIT-ADM-TEAM-03,LOC-HQ,2026-08-01
EMP431,Noman Iqbal,Administration & Facilities,POS-421,S067,Facilities Management,Administration,Core,Current,3,Proficient,69.3,5.1,18,Not Required,No,DEPARTMENT-010,Corporate Services,ORGANIZATIONAL-UNIT-ADM-TEAM-03,LOC-HQ,2026-08-01
EMP431,Noman Iqbal,Administration & Facilities,POS-421,S070,Records Management,Administration,Core,Current,3,Proficient,72.9,4.3,16,Not Required,No,DEPARTMENT-010,Corporate Services,ORGANIZATIONAL-UNIT-ADM-TEAM-03,LOC-HQ,2026-08-01
EMP431,Noman Iqbal,Administration & Facilities,POS-421,S042,Communication,Behavioral,Common,Current,5,Expert,94.4,6.7,1,Certified,No,DEPARTMENT-010,Corporate Services,ORGANIZATIONAL-UNIT-ADM-TEAM-03,LOC-HQ,2026-08-01
EMP431,Noman Iqbal,Administration & Facilities,POS-421,S053,Documentation,Behavioral,Common,Developing,2,Developing,59.6,4.8,14,Not Required,No,DEPARTMENT-010,Corporate Services,ORGANIZATIONAL-UNIT-ADM-TEAM-03,LOC-HQ,2026-08-01
EMP432,Kinza Hashmi,Administration & Facilities,POS-422,S046,Leadership,Leadership,Leadership,Developing,2,Developing,72.7,4.2,11,Planned,Yes,DEPARTMENT-010,Corporate Services,ORGANIZATIONAL-UNIT-ADM-TEAM-01,LOC-HQ,2026-08-01
EMP432,Kinza Hashmi,Administration & Facilities,POS-422,S067,Facilities Management,Administration,Core,Current,5,Expert,93.2,6.5,14,Planned,No,DEPARTMENT-010,Corporate Services,ORGANIZATIONAL-UNIT-ADM-TEAM-01,LOC-HQ,2026-08-01
EMP432,Kinza Hashmi,Administration & Facilities,POS-422,S052,Time Management,Behavioral,Common,Developing,2,Developing,65.2,6.6,1,Certified,No,DEPARTMENT-010,Corporate Services,ORGANIZATIONAL-UNIT-ADM-TEAM-01,LOC-HQ,2026-08-01
EMP432,Kinza Hashmi,Administration & Facilities,POS-422,S020,SOP Compliance,Compliance,Core,Current,3,Proficient,78.4,4.8,16,Certified,No,DEPARTMENT-010,Corporate Services,ORGANIZATIONAL-UNIT-ADM-TEAM-01,LOC-HQ,2026-08-01
EMP432,Kinza Hashmi,Administration & Facilities,POS-422,S042,Communication,Behavioral,Common,Current,3,Proficient,81.7,4.6,11,Not Required,No,DEPARTMENT-010,Corporate Services,ORGANIZATIONAL-UNIT-ADM-TEAM-01,LOC-HQ,2026-08-01
EMP433,Amna Mahmood,Administration & Facilities,POS-423,S042,Communication,Behavioral,Common,Current,3,Proficient,72.2,5.2,7,Not Required,Yes,DEPARTMENT-010,Corporate Services,ORGANIZATIONAL-UNIT-ADM-TEAM-03,LOC-HQ,2026-08-01
EMP433,Amna Mahmood,Administration & Facilities,POS-423,S066,Office Administration,Administration,Core,Current,4,Advanced,79.9,4.4,7,Not Required,No,DEPARTMENT-010,Corporate Services,ORGANIZATIONAL-UNIT-ADM-TEAM-03,LOC-HQ,2026-08-01
EMP433,Amna Mahmood,Administration & Facilities,POS-423,S020,SOP Compliance,Compliance,Core,Developing,2,Developing,72.4,4.4,2,Not Required,No,DEPARTMENT-010,Corporate Services,ORGANIZATIONAL-UNIT-ADM-TEAM-03,LOC-HQ,2026-08-01
EMP433,Amna Mahmood,Administration & Facilities,POS-423,S070,Records Management,Administration,Core,Current,3,Proficient,71.1,5.1,8,Not Required,No,DEPARTMENT-010,Corporate Services,ORGANIZATIONAL-UNIT-ADM-TEAM-03,LOC-HQ,2026-08-01
EMP433,Amna Mahmood,Administration & Facilities,POS-423,S052,Time Management,Behavioral,Common,Current,3,Proficient,76.0,4.2,10,Certified,No,DEPARTMENT-010,Corporate Services,ORGANIZATIONAL-UNIT-ADM-TEAM-03,LOC-HQ,2026-08-01
EMP434,Ayesha Awan,Administration & Facilities,POS-424,S053,Documentation,Behavioral,Common,Current,5,Expert,100,1.5,9,Planned,Yes,DEPARTMENT-010,Corporate Services,ORGANIZATIONAL-UNIT-ADM-TEAM-02,LOC-HQ,2026-08-01
EMP434,Ayesha Awan,Administration & Facilities,POS-424,S042,Communication,Behavioral,Common,Current,5,Expert,94.0,1.8,6,Not Required,No,DEPARTMENT-010,Corporate Services,ORGANIZATIONAL-UNIT-ADM-TEAM-02,LOC-HQ,2026-08-01
EMP434,Ayesha Awan,Administration & Facilities,POS-424,S052,Time Management,Behavioral,Common,Current,4,Advanced,77.6,3.9,15,Not Required,No,DEPARTMENT-010,Corporate Services,ORGANIZATIONAL-UNIT-ADM-TEAM-02,LOC-HQ,2026-08-01
EMP434,Ayesha Awan,Administration & Facilities,POS-424,S066,Office Administration,Administration,Core,Current,4,Advanced,85.1,3.3,13,Not Required,No,DEPARTMENT-010,Corporate Services,ORGANIZATIONAL-UNIT-ADM-TEAM-02,LOC-HQ,2026-08-01
EMP434,Ayesha Awan,Administration & Facilities,POS-424,S046,Leadership,Leadership,Leadership,Current,5,Expert,95.5,4.0,3,Not Required,No,DEPARTMENT-010,Corporate Services,ORGANIZATIONAL-UNIT-ADM-TEAM-02,LOC-HQ,2026-08-01
EMP435,Kamran Sultan,Administration & Facilities,POS-425,S068,Vendor Coordination,Administration,Core,Current,4,Advanced,79.2,4.6,13,Planned,Yes,DEPARTMENT-010,Corporate Services,ORGANIZATIONAL-UNIT-ADM-TEAM-01,LOC-HQ,2026-08-01
EMP435,Kamran Sultan,Administration & Facilities,POS-425,S069,Asset Management,Administration,Core,Current,3,Proficient,76.4,4.1,18,Planned,No,DEPARTMENT-010,Corporate Services,ORGANIZATIONAL-UNIT-ADM-TEAM-01,LOC-HQ,2026-08-01
EMP435,Kamran Sultan,Administration & Facilities,POS-425,S066,Office Administration,Administration,Core,Current,3,Proficient,81.1,1.8,12,Certified,No,DEPARTMENT-010,Corporate Services,ORGANIZATIONAL-UNIT-ADM-TEAM-01,LOC-HQ,2026-08-01
EMP435,Kamran Sultan,Administration & Facilities,POS-425,S046,Leadership,Leadership,Leadership,Current,4,Advanced,88.7,3.5,14,Not Required,No,DEPARTMENT-010,Corporate Services,ORGANIZATIONAL-UNIT-ADM-TEAM-01,LOC-HQ,2026-08-01
EMP435,Kamran Sultan,Administration & Facilities,POS-425,S053,Documentation,Behavioral,Common,Current,4,Advanced,93.8,2.4,1,Not Required,No,DEPARTMENT-010,Corporate Services,ORGANIZATIONAL-UNIT-ADM-TEAM-01,LOC-HQ,2026-08-01
EMP436,Anusha Chaudhry,Administration & Facilities,POS-426,S053,Documentation,Behavioral,Common,Current,3,Proficient,73.4,1.2,8,Not Required,Yes,DEPARTMENT-010,Corporate Services,ORGANIZATIONAL-UNIT-ADM-TEAM-01,LOC-HQ,2026-08-01
EMP436,Anusha Chaudhry,Administration & Facilities,POS-426,S069,Asset Management,Administration,Core,Developing,2,Developing,62.3,1.1,10,Certified,No,DEPARTMENT-010,Corporate Services,ORGANIZATIONAL-UNIT-ADM-TEAM-01,LOC-HQ,2026-08-01
EMP436,Anusha Chaudhry,Administration & Facilities,POS-426,S052,Time Management,Behavioral,Common,Current,3,Proficient,77.2,3.1,3,Not Required,No,DEPARTMENT-010,Corporate Services,ORGANIZATIONAL-UNIT-ADM-TEAM-01,LOC-HQ,2026-08-01
EMP436,Anusha Chaudhry,Administration & Facilities,POS-426,S067,Facilities Management,Administration,Core,Current,4,Advanced,87.4,2.8,17,Not Required,No,DEPARTMENT-010,Corporate Services,ORGANIZATIONAL-UNIT-ADM-TEAM-01,LOC-HQ,2026-08-01
EMP436,Anusha Chaudhry,Administration & Facilities,POS-426,S068,Vendor Coordination,Administration,Core,Developing,2,Developing,71.8,0.5,6,Planned,No,DEPARTMENT-010,Corporate Services,ORGANIZATIONAL-UNIT-ADM-TEAM-01,LOC-HQ,2026-08-01
EMP437,Ali Ismail,Administration & Facilities,POS-427,S070,Records Management,Administration,Core,Current,4,Advanced,80.9,4.1,6,Not Required,Yes,DEPARTMENT-010,Corporate Services,ORGANIZATIONAL-UNIT-ADM-TEAM-02,LOC-HQ,2026-08-01
EMP437,Ali Ismail,Administration & Facilities,POS-427,S066,Office Administration,Administration,Core,Current,4,Advanced,73.4,3.3,2,Planned,No,DEPARTMENT-010,Corporate Services,ORGANIZATIONAL-UNIT-ADM-TEAM-02,LOC-HQ,2026-08-01
EMP437,Ali Ismail,Administration & Facilities,POS-427,S069,Asset Management,Administration,Core,Current,3,Proficient,84.1,4.8,11,Not Required,No,DEPARTMENT-010,Corporate Services,ORGANIZATIONAL-UNIT-ADM-TEAM-02,LOC-HQ,2026-08-01
EMP437,Ali Ismail,Administration & Facilities,POS-427,S020,SOP Compliance,Compliance,Core,Current,3,Proficient,70.4,5.7,14,Certified,No,DEPARTMENT-010,Corporate Services,ORGANIZATIONAL-UNIT-ADM-TEAM-02,LOC-HQ,2026-08-01
EMP437,Ali Ismail,Administration & Facilities,POS-427,S053,Documentation,Behavioral,Common,Current,3,Proficient,90.3,5.1,6,Not Required,No,DEPARTMENT-010,Corporate Services,ORGANIZATIONAL-UNIT-ADM-TEAM-02,LOC-HQ,2026-08-01
EMP438,Fahad Habib,Administration & Facilities,POS-428,S020,SOP Compliance,Compliance,Core,Developing,2,Developing,67.1,2.6,1,Not Required,Yes,DEPARTMENT-010,Corporate Services,ORGANIZATIONAL-UNIT-ADM-TEAM-01,LOC-HQ,2026-08-01
EMP438,Fahad Habib,Administration & Facilities,POS-428,S052,Time Management,Behavioral,Common,Current,3,Proficient,75.9,3.1,6,Planned,No,DEPARTMENT-010,Corporate Services,ORGANIZATIONAL-UNIT-ADM-TEAM-01,LOC-HQ,2026-08-01
EMP438,Fahad Habib,Administration & Facilities,POS-428,S046,Leadership,Leadership,Leadership,Current,4,Advanced,84.9,1.5,5,Planned,No,DEPARTMENT-010,Corporate Services,ORGANIZATIONAL-UNIT-ADM-TEAM-01,LOC-HQ,2026-08-01
EMP438,Fahad Habib,Administration & Facilities,POS-428,S067,Facilities Management,Administration,Core,Developing,2,Developing,70.8,4.0,3,Not Required,No,DEPARTMENT-010,Corporate Services,ORGANIZATIONAL-UNIT-ADM-TEAM-01,LOC-HQ,2026-08-01
EMP438,Fahad Habib,Administration & Facilities,POS-428,S042,Communication,Behavioral,Common,Developing,2,Developing,71.7,3.4,4,Not Required,No,DEPARTMENT-010,Corporate Services,ORGANIZATIONAL-UNIT-ADM-TEAM-01,LOC-HQ,2026-08-01
EMP439,Imran Shah,Administration & Facilities,POS-429,S068,Vendor Coordination,Administration,Core,Developing,2,Developing,63.8,3.2,11,Not Required,Yes,DEPARTMENT-010,Corporate Services,ORGANIZATIONAL-UNIT-ADM-TEAM-02,LOC-HQ,2026-08-01
EMP439,Imran Shah,Administration & Facilities,POS-429,S020,SOP Compliance,Compliance,Core,Developing,2,Developing,63.1,1.2,18,Not Required,No,DEPARTMENT-010,Corporate Services,ORGANIZATIONAL-UNIT-ADM-TEAM-02,LOC-HQ,2026-08-01
EMP439,Imran Shah,Administration & Facilities,POS-429,S046,Leadership,Leadership,Leadership,Current,3,Proficient,81.0,2.0,8,Not Required,No,DEPARTMENT-010,Corporate Services,ORGANIZATIONAL-UNIT-ADM-TEAM-02,LOC-HQ,2026-08-01
EMP439,Imran Shah,Administration & Facilities,POS-429,S069,Asset Management,Administration,Core,Current,3,Proficient,73.7,3.6,0,Not Required,No,DEPARTMENT-010,Corporate Services,ORGANIZATIONAL-UNIT-ADM-TEAM-02,LOC-HQ,2026-08-01
EMP439,Imran Shah,Administration & Facilities,POS-429,S042,Communication,Behavioral,Common,Developing,2,Developing,68.9,2.6,14,Not Required,No,DEPARTMENT-010,Corporate Services,ORGANIZATIONAL-UNIT-ADM-TEAM-02,LOC-HQ,2026-08-01
EMP440,Iqra Zafar,Administration & Facilities,POS-430,S066,Office Administration,Administration,Core,Current,3,Proficient,69.5,5.3,9,Not Required,Yes,DEPARTMENT-010,Corporate Services,ORGANIZATIONAL-UNIT-ADM-TEAM-02,LOC-HQ,2026-08-01
EMP440,Iqra Zafar,Administration & Facilities,POS-430,S068,Vendor Coordination,Administration,Core,Current,3,Proficient,66.0,4.9,18,Not Required,No,DEPARTMENT-010,Corporate Services,ORGANIZATIONAL-UNIT-ADM-TEAM-02,LOC-HQ,2026-08-01
EMP440,Iqra Zafar,Administration & Facilities,POS-430,S042,Communication,Behavioral,Common,Developing,2,Developing,69.7,4.7,6,Planned,No,DEPARTMENT-010,Corporate Services,ORGANIZATIONAL-UNIT-ADM-TEAM-02,LOC-HQ,2026-08-01
EMP440,Iqra Zafar,Administration & Facilities,POS-430,S069,Asset Management,Administration,Core,Current,3,Proficient,70.9,3.2,7,Not Required,No,DEPARTMENT-010,Corporate Services,ORGANIZATIONAL-UNIT-ADM-TEAM-02,LOC-HQ,2026-08-01
EMP440,Iqra Zafar,Administration & Facilities,POS-430,S052,Time Management,Behavioral,Common,Developing,2,Developing,71.4,4.1,3,Not Required,No,DEPARTMENT-010,Corporate Services,ORGANIZATIONAL-UNIT-ADM-TEAM-02,LOC-HQ,2026-08-01
EMP441,Mahnoor Waheed,Administration & Facilities,POS-431,S053,Documentation,Behavioral,Common,Current,4,Advanced,85.9,2.8,12,Not Required,Yes,DEPARTMENT-010,Corporate Services,ORGANIZATIONAL-UNIT-ADM-TEAM-03,LOC-HQ,2026-08-01
EMP441,Mahnoor Waheed,Administration & Facilities,POS-431,S046,Leadership,Leadership,Leadership,Current,3,Proficient,72.4,4.8,5,Not Required,No,DEPARTMENT-010,Corporate Services,ORGANIZATIONAL-UNIT-ADM-TEAM-03,LOC-HQ,2026-08-01
EMP441,Mahnoor Waheed,Administration & Facilities,POS-431,S068,Vendor Coordination,Administration,Core,Current,3,Proficient,75.9,3.3,12,Not Required,No,DEPARTMENT-010,Corporate Services,ORGANIZATIONAL-UNIT-ADM-TEAM-03,LOC-HQ,2026-08-01
EMP441,Mahnoor Waheed,Administration & Facilities,POS-431,S052,Time Management,Behavioral,Common,Current,4,Advanced,83.6,2.9,15,Not Required,No,DEPARTMENT-010,Corporate Services,ORGANIZATIONAL-UNIT-ADM-TEAM-03,LOC-HQ,2026-08-01
EMP441,Mahnoor Waheed,Administration & Facilities,POS-431,S070,Records Management,Administration,Core,Developing,2,Developing,61.5,5.2,7,Not Required,No,DEPARTMENT-010,Corporate Services,ORGANIZATIONAL-UNIT-ADM-TEAM-03,LOC-HQ,2026-08-01
EMP442,Usman Riaz,Administration & Facilities,POS-432,S068,Vendor Coordination,Administration,Core,Current,3,Proficient,82.1,1.0,4,Not Required,Yes,DEPARTMENT-010,Corporate Services,ORGANIZATIONAL-UNIT-ADM-TEAM-02,LOC-HQ,2026-08-01
EMP442,Usman Riaz,Administration & Facilities,POS-432,S046,Leadership,Leadership,Leadership,Developing,2,Developing,62.6,0.8,17,Not Required,No,DEPARTMENT-010,Corporate Services,ORGANIZATIONAL-UNIT-ADM-TEAM-02,LOC-HQ,2026-08-01
EMP442,Usman Riaz,Administration & Facilities,POS-432,S070,Records Management,Administration,Core,Current,4,Advanced,81.1,2.7,5,Not Required,No,DEPARTMENT-010,Corporate Services,ORGANIZATIONAL-UNIT-ADM-TEAM-02,LOC-HQ,2026-08-01
EMP442,Usman Riaz,Administration & Facilities,POS-432,S053,Documentation,Behavioral,Common,Current,4,Advanced,75.5,2.1,12,Not Required,No,DEPARTMENT-010,Corporate Services,ORGANIZATIONAL-UNIT-ADM-TEAM-02,LOC-HQ,2026-08-01
EMP442,Usman Riaz,Administration & Facilities,POS-432,S020,SOP Compliance,Compliance,Core,Current,3,Proficient,85.1,2.6,4,Not Required,No,DEPARTMENT-010,Corporate Services,ORGANIZATIONAL-UNIT-ADM-TEAM-02,LOC-HQ,2026-08-01
EMP443,Noman Ismail,Administration & Facilities,POS-433,S046,Leadership,Leadership,Leadership,Current,4,Advanced,89.8,4.1,8,Not Required,Yes,DEPARTMENT-010,Corporate Services,ORGANIZATIONAL-UNIT-ADM-TEAM-03,LOC-HQ,2026-08-01
EMP443,Noman Ismail,Administration & Facilities,POS-433,S020,SOP Compliance,Compliance,Core,Developing,2,Developing,61.8,2.4,12,Planned,No,DEPARTMENT-010,Corporate Services,ORGANIZATIONAL-UNIT-ADM-TEAM-03,LOC-HQ,2026-08-01
EMP443,Noman Ismail,Administration & Facilities,POS-433,S068,Vendor Coordination,Administration,Core,Current,4,Advanced,94.0,2.9,1,Not Required,No,DEPARTMENT-010,Corporate Services,ORGANIZATIONAL-UNIT-ADM-TEAM-03,LOC-HQ,2026-08-01
EMP443,Noman Ismail,Administration & Facilities,POS-433,S052,Time Management,Behavioral,Common,Developing,2,Developing,65.7,3.8,18,Not Required,No,DEPARTMENT-010,Corporate Services,ORGANIZATIONAL-UNIT-ADM-TEAM-03,LOC-HQ,2026-08-01
EMP443,Noman Ismail,Administration & Facilities,POS-433,S066,Office Administration,Administration,Core,Developing,2,Developing,57.8,1.6,17,Certified,No,DEPARTMENT-010,Corporate Services,ORGANIZATIONAL-UNIT-ADM-TEAM-03,LOC-HQ,2026-08-01
EMP444,Ahmed Latif,Administration & Facilities,POS-434,S046,Leadership,Leadership,Leadership,Developing,2,Developing,63.8,4.2,10,Not Required,Yes,DEPARTMENT-010,Corporate Services,ORGANIZATIONAL-UNIT-ADM-TEAM-03,LOC-HQ,2026-08-01
EMP444,Ahmed Latif,Administration & Facilities,POS-434,S068,Vendor Coordination,Administration,Core,Current,4,Advanced,88.3,3.5,15,Certified,No,DEPARTMENT-010,Corporate Services,ORGANIZATIONAL-UNIT-ADM-TEAM-03,LOC-HQ,2026-08-01
EMP444,Ahmed Latif,Administration & Facilities,POS-434,S067,Facilities Management,Administration,Core,Developing,2,Developing,59.2,5.6,7,Not Required,No,DEPARTMENT-010,Corporate Services,ORGANIZATIONAL-UNIT-ADM-TEAM-03,LOC-HQ,2026-08-01
EMP444,Ahmed Latif,Administration & Facilities,POS-434,S052,Time Management,Behavioral,Common,Developing,2,Developing,62.9,5.4,8,Planned,No,DEPARTMENT-010,Corporate Services,ORGANIZATIONAL-UNIT-ADM-TEAM-03,LOC-HQ,2026-08-01
EMP444,Ahmed Latif,Administration & Facilities,POS-434,S069,Asset Management,Administration,Core,Current,3,Proficient,80.9,4.1,13,Not Required,No,DEPARTMENT-010,Corporate Services,ORGANIZATIONAL-UNIT-ADM-TEAM-03,LOC-HQ,2026-08-01
EMP445,Areeba Baig,Administration & Facilities,POS-435,S068,Vendor Coordination,Administration,Core,Current,3,Proficient,77.7,2.7,18,Not Required,Yes,DEPARTMENT-010,Corporate Services,ORGANIZATIONAL-UNIT-ADM-TEAM-02,LOC-HQ,2026-08-01
EMP445,Areeba Baig,Administration & Facilities,POS-435,S042,Communication,Behavioral,Common,Developing,2,Developing,60.9,2.8,9,Planned,No,DEPARTMENT-010,Corporate Services,ORGANIZATIONAL-UNIT-ADM-TEAM-02,LOC-HQ,2026-08-01
EMP445,Areeba Baig,Administration & Facilities,POS-435,S066,Office Administration,Administration,Core,Current,4,Advanced,90.7,1.7,2,Not Required,No,DEPARTMENT-010,Corporate Services,ORGANIZATIONAL-UNIT-ADM-TEAM-02,LOC-HQ,2026-08-01
EMP445,Areeba Baig,Administration & Facilities,POS-435,S020,SOP Compliance,Compliance,Core,Current,3,Proficient,84.6,3.9,10,Planned,No,DEPARTMENT-010,Corporate Services,ORGANIZATIONAL-UNIT-ADM-TEAM-02,LOC-HQ,2026-08-01
EMP445,Areeba Baig,Administration & Facilities,POS-435,S070,Records Management,Administration,Core,Current,3,Proficient,80.4,3.1,8,Not Required,No,DEPARTMENT-010,Corporate Services,ORGANIZATIONAL-UNIT-ADM-TEAM-02,LOC-HQ,2026-08-01
EMP446,Nida Khan,Administration & Facilities,POS-436,S046,Leadership,Leadership,Leadership,Current,4,Advanced,78.4,1.9,0,Not Required,Yes,DEPARTMENT-010,Corporate Services,ORGANIZATIONAL-UNIT-ADM-TEAM-02,LOC-HQ,2026-08-01
EMP446,Nida Khan,Administration & Facilities,POS-436,S042,Communication,Behavioral,Common,Current,4,Advanced,89.2,4.7,0,Not Required,No,DEPARTMENT-010,Corporate Services,ORGANIZATIONAL-UNIT-ADM-TEAM-02,LOC-HQ,2026-08-01
EMP446,Nida Khan,Administration & Facilities,POS-436,S020,SOP Compliance,Compliance,Core,Developing,2,Developing,84.2,1.9,5,Planned,No,DEPARTMENT-010,Corporate Services,ORGANIZATIONAL-UNIT-ADM-TEAM-02,LOC-HQ,2026-08-01
EMP446,Nida Khan,Administration & Facilities,POS-436,S052,Time Management,Behavioral,Common,Current,4,Advanced,79.9,4.5,4,Certified,No,DEPARTMENT-010,Corporate Services,ORGANIZATIONAL-UNIT-ADM-TEAM-02,LOC-HQ,2026-08-01
EMP446,Nida Khan,Administration & Facilities,POS-436,S066,Office Administration,Administration,Core,Current,4,Advanced,90.0,2.2,13,Not Required,No,DEPARTMENT-010,Corporate Services,ORGANIZATIONAL-UNIT-ADM-TEAM-02,LOC-HQ,2026-08-01
EMP447,Junaid Qureshi,Administration & Facilities,POS-437,S066,Office Administration,Administration,Core,Current,4,Advanced,83.7,4.3,0,Not Required,Yes,DEPARTMENT-010,Corporate Services,ORGANIZATIONAL-UNIT-ADM-TEAM-01,LOC-HQ,2026-08-01
EMP447,Junaid Qureshi,Administration & Facilities,POS-437,S067,Facilities Management,Administration,Core,Developing,2,Developing,51.5,2.6,12,Not Required,No,DEPARTMENT-010,Corporate Services,ORGANIZATIONAL-UNIT-ADM-TEAM-01,LOC-HQ,2026-08-01
EMP447,Junaid Qureshi,Administration & Facilities,POS-437,S042,Communication,Behavioral,Common,Current,3,Proficient,73.5,3.0,12,Not Required,No,DEPARTMENT-010,Corporate Services,ORGANIZATIONAL-UNIT-ADM-TEAM-01,LOC-HQ,2026-08-01
EMP447,Junaid Qureshi,Administration & Facilities,POS-437,S052,Time Management,Behavioral,Common,Current,4,Advanced,82.0,2.5,17,Certified,No,DEPARTMENT-010,Corporate Services,ORGANIZATIONAL-UNIT-ADM-TEAM-01,LOC-HQ,2026-08-01
EMP447,Junaid Qureshi,Administration & Facilities,POS-437,S069,Asset Management,Administration,Core,Current,4,Advanced,85.6,1.7,17,Certified,No,DEPARTMENT-010,Corporate Services,ORGANIZATIONAL-UNIT-ADM-TEAM-01,LOC-HQ,2026-08-01
EMP448,Kashif Siddiqui,Administration & Facilities,POS-438,S068,Vendor Coordination,Administration,Core,Developing,1,Beginner,45.6,3.5,13,Not Required,Yes,DEPARTMENT-010,Corporate Services,ORGANIZATIONAL-UNIT-ADM-TEAM-01,LOC-HQ,2026-08-01
EMP448,Kashif Siddiqui,Administration & Facilities,POS-438,S066,Office Administration,Administration,Core,Current,3,Proficient,79.1,1.8,10,Not Required,No,DEPARTMENT-010,Corporate Services,ORGANIZATIONAL-UNIT-ADM-TEAM-01,LOC-HQ,2026-08-01
EMP448,Kashif Siddiqui,Administration & Facilities,POS-438,S069,Asset Management,Administration,Core,Developing,2,Developing,69.6,2.1,15,Planned,No,DEPARTMENT-010,Corporate Services,ORGANIZATIONAL-UNIT-ADM-TEAM-01,LOC-HQ,2026-08-01
EMP448,Kashif Siddiqui,Administration & Facilities,POS-438,S052,Time Management,Behavioral,Common,Current,3,Proficient,75.7,3.3,18,Not Required,No,DEPARTMENT-010,Corporate Services,ORGANIZATIONAL-UNIT-ADM-TEAM-01,LOC-HQ,2026-08-01
EMP448,Kashif Siddiqui,Administration & Facilities,POS-438,S067,Facilities Management,Administration,Core,Current,3,Proficient,80.1,0.9,14,Certified,No,DEPARTMENT-010,Corporate Services,ORGANIZATIONAL-UNIT-ADM-TEAM-01,LOC-HQ,2026-08-01
EMP449,Rabia Mahmood,Administration & Facilities,POS-439,S042,Communication,Behavioral,Common,Developing,2,Developing,67.4,1.0,13,Not Required,Yes,DEPARTMENT-010,Corporate Services,ORGANIZATIONAL-UNIT-ADM-TEAM-01,LOC-HQ,2026-08-01
EMP449,Rabia Mahmood,Administration & Facilities,POS-439,S070,Records Management,Administration,Core,Developing,1,Beginner,53.2,0.4,3,Not Required,No,DEPARTMENT-010,Corporate Services,ORGANIZATIONAL-UNIT-ADM-TEAM-01,LOC-HQ,2026-08-01
EMP449,Rabia Mahmood,Administration & Facilities,POS-439,S066,Office Administration,Administration,Core,Developing,2,Developing,53.7,1.8,12,Not Required,No,DEPARTMENT-010,Corporate Services,ORGANIZATIONAL-UNIT-ADM-TEAM-01,LOC-HQ,2026-08-01
EMP449,Rabia Mahmood,Administration & Facilities,POS-439,S020,SOP Compliance,Compliance,Core,Current,3,Proficient,86.1,2.9,4,Not Required,No,DEPARTMENT-010,Corporate Services,ORGANIZATIONAL-UNIT-ADM-TEAM-01,LOC-HQ,2026-08-01
EMP449,Rabia Mahmood,Administration & Facilities,POS-439,S046,Leadership,Leadership,Leadership,Developing,1,Beginner,71.8,0.2,10,Not Required,No,DEPARTMENT-010,Corporate Services,ORGANIZATIONAL-UNIT-ADM-TEAM-01,LOC-HQ,2026-08-01
EMP450,Sana Baig,Administration & Facilities,POS-440,S052,Time Management,Behavioral,Common,Developing,2,Developing,54.6,1.8,10,Not Required,Yes,DEPARTMENT-010,Corporate Services,ORGANIZATIONAL-UNIT-ADM-TEAM-01,LOC-HQ,2026-08-01
EMP450,Sana Baig,Administration & Facilities,POS-440,S067,Facilities Management,Administration,Core,Developing,1,Beginner,52.8,3.4,18,Not Required,No,DEPARTMENT-010,Corporate Services,ORGANIZATIONAL-UNIT-ADM-TEAM-01,LOC-HQ,2026-08-01
EMP450,Sana Baig,Administration & Facilities,POS-440,S053,Documentation,Behavioral,Common,Developing,1,Beginner,57.9,0.8,13,Certified,No,DEPARTMENT-010,Corporate Services,ORGANIZATIONAL-UNIT-ADM-TEAM-01,LOC-HQ,2026-08-01
EMP450,Sana Baig,Administration & Facilities,POS-440,S069,Asset Management,Administration,Core,Developing,2,Developing,71.9,1.9,17,Not Required,No,DEPARTMENT-010,Corporate Services,ORGANIZATIONAL-UNIT-ADM-TEAM-01,LOC-HQ,2026-08-01
EMP450,Sana Baig,Administration & Facilities,POS-440,S042,Communication,Behavioral,Common,Current,3,Proficient,82.5,3.0,1,Not Required,No,DEPARTMENT-010,Corporate Services,ORGANIZATIONAL-UNIT-ADM-TEAM-01,LOC-HQ,2026-08-01
EMP451,Nida Farooq,Legal & Compliance,EXEC-LGL-HEAD,S072,Regulatory Compliance,Legal and Compliance,Core,Current,4,Advanced,87.0,12.1,7,Not Required,Yes,DEPARTMENT-011,Corporate Services,ORGANIZATIONAL-UNIT-LGL,LOC-HQ,2026-08-01
EMP451,Nida Farooq,Legal & Compliance,EXEC-LGL-HEAD,S023,Risk & Controls,Compliance,Core,Current,4,Advanced,92.8,11.9,17,Certified,No,DEPARTMENT-011,Corporate Services,ORGANIZATIONAL-UNIT-LGL,LOC-HQ,2026-08-01
EMP451,Nida Farooq,Legal & Compliance,EXEC-LGL-HEAD,S073,Policy Interpretation,Legal and Compliance,Core,Current,5,Expert,98.3,14.0,6,Not Required,No,DEPARTMENT-011,Corporate Services,ORGANIZATIONAL-UNIT-LGL,LOC-HQ,2026-08-01
EMP451,Nida Farooq,Legal & Compliance,EXEC-LGL-HEAD,S074,Legal Research,Legal and Compliance,Core,Current,5,Expert,83.4,14.4,11,Planned,No,DEPARTMENT-011,Corporate Services,ORGANIZATIONAL-UNIT-LGL,LOC-HQ,2026-08-01
EMP451,Nida Farooq,Legal & Compliance,EXEC-LGL-HEAD,S042,Communication,Behavioral,Common,Current,4,Advanced,79.7,12.4,14,Planned,No,DEPARTMENT-011,Corporate Services,ORGANIZATIONAL-UNIT-LGL,LOC-HQ,2026-08-01
EMP452,Iqra Chaudhry,Legal & Compliance,POS-441,S053,Documentation,Behavioral,Common,Current,5,Expert,100,11.1,8,Not Required,Yes,DEPARTMENT-011,Corporate Services,ORGANIZATIONAL-UNIT-LGL,LOC-HQ,2026-08-01
EMP452,Iqra Chaudhry,Legal & Compliance,POS-441,S045,Stakeholder Management,Behavioral,Leadership,Current,3,Proficient,76.2,8.5,6,Certified,No,DEPARTMENT-011,Corporate Services,ORGANIZATIONAL-UNIT-LGL,LOC-HQ,2026-08-01
EMP452,Iqra Chaudhry,Legal & Compliance,POS-441,S074,Legal Research,Legal and Compliance,Core,Current,5,Expert,94.6,8.4,2,Not Required,No,DEPARTMENT-011,Corporate Services,ORGANIZATIONAL-UNIT-LGL,LOC-HQ,2026-08-01
EMP452,Iqra Chaudhry,Legal & Compliance,POS-441,S042,Communication,Behavioral,Common,Current,3,Proficient,68.7,9.7,11,Certified,No,DEPARTMENT-011,Corporate Services,ORGANIZATIONAL-UNIT-LGL,LOC-HQ,2026-08-01
EMP452,Iqra Chaudhry,Legal & Compliance,POS-441,S046,Leadership,Leadership,Leadership,Current,3,Proficient,71.4,9.8,17,Not Required,No,DEPARTMENT-011,Corporate Services,ORGANIZATIONAL-UNIT-LGL,LOC-HQ,2026-08-01
EMP453,Arham Baig,Legal & Compliance,POS-442,S053,Documentation,Behavioral,Common,Current,3,Proficient,80.8,6.7,7,Not Required,Yes,DEPARTMENT-011,Corporate Services,ORGANIZATIONAL-UNIT-LGL,LOC-HQ,2026-08-01
EMP453,Arham Baig,Legal & Compliance,POS-442,S071,Contract Review,Legal and Compliance,Core,Current,4,Advanced,84.7,7.9,5,Not Required,No,DEPARTMENT-011,Corporate Services,ORGANIZATIONAL-UNIT-LGL,LOC-HQ,2026-08-01
EMP453,Arham Baig,Legal & Compliance,POS-442,S072,Regulatory Compliance,Legal and Compliance,Core,Current,3,Proficient,72.9,6.1,16,Certified,No,DEPARTMENT-011,Corporate Services,ORGANIZATIONAL-UNIT-LGL,LOC-HQ,2026-08-01
EMP453,Arham Baig,Legal & Compliance,POS-442,S042,Communication,Behavioral,Common,Current,4,Advanced,77.6,9.0,3,Not Required,No,DEPARTMENT-011,Corporate Services,ORGANIZATIONAL-UNIT-LGL,LOC-HQ,2026-08-01
EMP453,Arham Baig,Legal & Compliance,POS-442,S074,Legal Research,Legal and Compliance,Core,Current,3,Proficient,82.4,6.7,0,Certified,No,DEPARTMENT-011,Corporate Services,ORGANIZATIONAL-UNIT-LGL,LOC-HQ,2026-08-01
EMP454,Arham Rashid,Legal & Compliance,POS-443,S072,Regulatory Compliance,Legal and Compliance,Core,Current,5,Expert,81.8,7.7,3,Certified,Yes,DEPARTMENT-011,Corporate Services,ORGANIZATIONAL-UNIT-LGL,LOC-HQ,2026-08-01
EMP454,Arham Rashid,Legal & Compliance,POS-443,S073,Policy Interpretation,Legal and Compliance,Core,Current,4,Advanced,77.7,9.8,15,Not Required,No,DEPARTMENT-011,Corporate Services,ORGANIZATIONAL-UNIT-LGL,LOC-HQ,2026-08-01
EMP454,Arham Rashid,Legal & Compliance,POS-443,S023,Risk & Controls,Compliance,Core,Current,5,Expert,100,10.1,13,Not Required,No,DEPARTMENT-011,Corporate Services,ORGANIZATIONAL-UNIT-LGL,LOC-HQ,2026-08-01
EMP454,Arham Rashid,Legal & Compliance,POS-443,S045,Stakeholder Management,Behavioral,Leadership,Current,3,Proficient,73.4,8.5,10,Not Required,No,DEPARTMENT-011,Corporate Services,ORGANIZATIONAL-UNIT-LGL,LOC-HQ,2026-08-01
EMP454,Arham Rashid,Legal & Compliance,POS-443,S071,Contract Review,Legal and Compliance,Core,Current,4,Advanced,80.4,10.2,18,Planned,No,DEPARTMENT-011,Corporate Services,ORGANIZATIONAL-UNIT-LGL,LOC-HQ,2026-08-01
EMP455,Adnan Saeed,Legal & Compliance,POS-444,S071,Contract Review,Legal and Compliance,Core,Current,5,Expert,98.7,9.1,0,Certified,Yes,DEPARTMENT-011,Corporate Services,ORGANIZATIONAL-UNIT-LGL,LOC-HQ,2026-08-01
EMP455,Adnan Saeed,Legal & Compliance,POS-444,S073,Policy Interpretation,Legal and Compliance,Core,Current,3,Proficient,72.1,9.2,6,Planned,No,DEPARTMENT-011,Corporate Services,ORGANIZATIONAL-UNIT-LGL,LOC-HQ,2026-08-01
EMP455,Adnan Saeed,Legal & Compliance,POS-444,S042,Communication,Behavioral,Common,Current,5,Expert,93.2,7.5,14,Not Required,No,DEPARTMENT-011,Corporate Services,ORGANIZATIONAL-UNIT-LGL,LOC-HQ,2026-08-01
EMP455,Adnan Saeed,Legal & Compliance,POS-444,S046,Leadership,Leadership,Leadership,Current,4,Advanced,92.3,8.4,0,Not Required,No,DEPARTMENT-011,Corporate Services,ORGANIZATIONAL-UNIT-LGL,LOC-HQ,2026-08-01
EMP455,Adnan Saeed,Legal & Compliance,POS-444,S075,Case Management,Legal and Compliance,Core,Current,3,Proficient,73.6,8.0,18,Certified,No,DEPARTMENT-011,Corporate Services,ORGANIZATIONAL-UNIT-LGL,LOC-HQ,2026-08-01
EMP456,Areeba Saleem,Legal & Compliance,POS-445,S074,Legal Research,Legal and Compliance,Core,Current,5,Expert,86.8,14.1,13,Certified,Yes,DEPARTMENT-011,Corporate Services,ORGANIZATIONAL-UNIT-LGL,LOC-HQ,2026-08-01
EMP456,Areeba Saleem,Legal & Compliance,POS-445,S023,Risk & Controls,Compliance,Core,Current,3,Proficient,70.0,8.6,5,Not Required,No,DEPARTMENT-011,Corporate Services,ORGANIZATIONAL-UNIT-LGL,LOC-HQ,2026-08-01
EMP456,Areeba Saleem,Legal & Compliance,POS-445,S045,Stakeholder Management,Behavioral,Leadership,Current,5,Expert,87.4,13.2,14,Not Required,No,DEPARTMENT-011,Corporate Services,ORGANIZATIONAL-UNIT-LGL,LOC-HQ,2026-08-01
EMP456,Areeba Saleem,Legal & Compliance,POS-445,S072,Regulatory Compliance,Legal and Compliance,Core,Current,5,Expert,90.5,12.4,13,Not Required,No,DEPARTMENT-011,Corporate Services,ORGANIZATIONAL-UNIT-LGL,LOC-HQ,2026-08-01
EMP456,Areeba Saleem,Legal & Compliance,POS-445,S053,Documentation,Behavioral,Common,Current,3,Proficient,69.5,9.2,13,Not Required,No,DEPARTMENT-011,Corporate Services,ORGANIZATIONAL-UNIT-LGL,LOC-HQ,2026-08-01
EMP457,Saba Abbasi,Legal & Compliance,POS-446,S074,Legal Research,Legal and Compliance,Core,Current,5,Expert,93.9,11.2,18,Not Required,Yes,DEPARTMENT-011,Corporate Services,ORGANIZATIONAL-UNIT-LGL,LOC-HQ,2026-08-01
EMP457,Saba Abbasi,Legal & Compliance,POS-446,S046,Leadership,Leadership,Leadership,Current,5,Expert,93.9,13.1,14,Not Required,No,DEPARTMENT-011,Corporate Services,ORGANIZATIONAL-UNIT-LGL,LOC-HQ,2026-08-01
EMP457,Saba Abbasi,Legal & Compliance,POS-446,S073,Policy Interpretation,Legal and Compliance,Core,Current,3,Proficient,71.0,8.7,15,Not Required,No,DEPARTMENT-011,Corporate Services,ORGANIZATIONAL-UNIT-LGL,LOC-HQ,2026-08-01
EMP457,Saba Abbasi,Legal & Compliance,POS-446,S075,Case Management,Legal and Compliance,Core,Current,4,Advanced,82.6,10.9,17,Not Required,No,DEPARTMENT-011,Corporate Services,ORGANIZATIONAL-UNIT-LGL,LOC-HQ,2026-08-01
EMP457,Saba Abbasi,Legal & Compliance,POS-446,S071,Contract Review,Legal and Compliance,Core,Current,5,Expert,99.4,11.1,7,Planned,No,DEPARTMENT-011,Corporate Services,ORGANIZATIONAL-UNIT-LGL,LOC-HQ,2026-08-01
EMP458,Taha Ansari,Legal & Compliance,POS-447,S072,Regulatory Compliance,Legal and Compliance,Core,Current,3,Proficient,69.0,9.1,7,Not Required,Yes,DEPARTMENT-011,Corporate Services,ORGANIZATIONAL-UNIT-LGL-TEAM-02,LOC-HQ,2026-08-01
EMP458,Taha Ansari,Legal & Compliance,POS-447,S042,Communication,Behavioral,Common,Current,5,Expert,91.1,10.4,18,Planned,No,DEPARTMENT-011,Corporate Services,ORGANIZATIONAL-UNIT-LGL-TEAM-02,LOC-HQ,2026-08-01
EMP458,Taha Ansari,Legal & Compliance,POS-447,S074,Legal Research,Legal and Compliance,Core,Current,4,Advanced,84.6,12.0,10,Not Required,No,DEPARTMENT-011,Corporate Services,ORGANIZATIONAL-UNIT-LGL-TEAM-02,LOC-HQ,2026-08-01
EMP458,Taha Ansari,Legal & Compliance,POS-447,S045,Stakeholder Management,Behavioral,Leadership,Current,5,Expert,95.6,10.4,3,Planned,No,DEPARTMENT-011,Corporate Services,ORGANIZATIONAL-UNIT-LGL-TEAM-02,LOC-HQ,2026-08-01
EMP458,Taha Ansari,Legal & Compliance,POS-447,S046,Leadership,Leadership,Leadership,Current,4,Advanced,85.3,9.6,2,Not Required,No,DEPARTMENT-011,Corporate Services,ORGANIZATIONAL-UNIT-LGL-TEAM-02,LOC-HQ,2026-08-01
EMP459,Minal Iqbal,Legal & Compliance,POS-448,S074,Legal Research,Legal and Compliance,Core,Current,4,Advanced,89.0,7.4,0,Not Required,Yes,DEPARTMENT-011,Corporate Services,ORGANIZATIONAL-UNIT-LGL-TEAM-03,LOC-HQ,2026-08-01
EMP459,Minal Iqbal,Legal & Compliance,POS-448,S073,Policy Interpretation,Legal and Compliance,Core,Current,3,Proficient,89.1,6.4,7,Not Required,No,DEPARTMENT-011,Corporate Services,ORGANIZATIONAL-UNIT-LGL-TEAM-03,LOC-HQ,2026-08-01
EMP459,Minal Iqbal,Legal & Compliance,POS-448,S042,Communication,Behavioral,Common,Current,3,Proficient,67.9,7.5,11,Planned,No,DEPARTMENT-011,Corporate Services,ORGANIZATIONAL-UNIT-LGL-TEAM-03,LOC-HQ,2026-08-01
EMP459,Minal Iqbal,Legal & Compliance,POS-448,S075,Case Management,Legal and Compliance,Core,Current,4,Advanced,83.9,6.2,3,Planned,No,DEPARTMENT-011,Corporate Services,ORGANIZATIONAL-UNIT-LGL-TEAM-03,LOC-HQ,2026-08-01
EMP459,Minal Iqbal,Legal & Compliance,POS-448,S071,Contract Review,Legal and Compliance,Core,Current,4,Advanced,84.2,6.2,3,Not Required,No,DEPARTMENT-011,Corporate Services,ORGANIZATIONAL-UNIT-LGL-TEAM-03,LOC-HQ,2026-08-01
EMP460,Ayesha Javed,Legal & Compliance,POS-449,S074,Legal Research,Legal and Compliance,Core,Current,4,Advanced,83.5,11.8,13,Certified,Yes,DEPARTMENT-011,Corporate Services,ORGANIZATIONAL-UNIT-LGL-TEAM-02,LOC-HQ,2026-08-01
EMP460,Ayesha Javed,Legal & Compliance,POS-449,S042,Communication,Behavioral,Common,Current,3,Proficient,73.2,8.5,6,Certified,No,DEPARTMENT-011,Corporate Services,ORGANIZATIONAL-UNIT-LGL-TEAM-02,LOC-HQ,2026-08-01
EMP460,Ayesha Javed,Legal & Compliance,POS-449,S072,Regulatory Compliance,Legal and Compliance,Core,Current,4,Advanced,80.6,10.9,2,Not Required,No,DEPARTMENT-011,Corporate Services,ORGANIZATIONAL-UNIT-LGL-TEAM-02,LOC-HQ,2026-08-01
EMP460,Ayesha Javed,Legal & Compliance,POS-449,S071,Contract Review,Legal and Compliance,Core,Current,4,Advanced,80.9,11.5,1,Planned,No,DEPARTMENT-011,Corporate Services,ORGANIZATIONAL-UNIT-LGL-TEAM-02,LOC-HQ,2026-08-01
EMP460,Ayesha Javed,Legal & Compliance,POS-449,S046,Leadership,Leadership,Leadership,Current,4,Advanced,81.8,11.5,8,Planned,No,DEPARTMENT-011,Corporate Services,ORGANIZATIONAL-UNIT-LGL-TEAM-02,LOC-HQ,2026-08-01
EMP461,Taha Qureshi,Legal & Compliance,POS-450,S074,Legal Research,Legal and Compliance,Core,Current,3,Proficient,70.3,7.8,2,Not Required,Yes,DEPARTMENT-011,Corporate Services,ORGANIZATIONAL-UNIT-LGL-TEAM-03,LOC-HQ,2026-08-01
EMP461,Taha Qureshi,Legal & Compliance,POS-450,S042,Communication,Behavioral,Common,Current,4,Advanced,90.3,7.6,3,Certified,No,DEPARTMENT-011,Corporate Services,ORGANIZATIONAL-UNIT-LGL-TEAM-03,LOC-HQ,2026-08-01
EMP461,Taha Qureshi,Legal & Compliance,POS-450,S045,Stakeholder Management,Behavioral,Leadership,Current,5,Expert,95.0,9.2,18,Planned,No,DEPARTMENT-011,Corporate Services,ORGANIZATIONAL-UNIT-LGL-TEAM-03,LOC-HQ,2026-08-01
EMP461,Taha Qureshi,Legal & Compliance,POS-450,S053,Documentation,Behavioral,Common,Current,5,Expert,85.0,9.0,18,Not Required,No,DEPARTMENT-011,Corporate Services,ORGANIZATIONAL-UNIT-LGL-TEAM-03,LOC-HQ,2026-08-01
EMP461,Taha Qureshi,Legal & Compliance,POS-450,S071,Contract Review,Legal and Compliance,Core,Current,5,Expert,97.6,7.0,8,Not Required,No,DEPARTMENT-011,Corporate Services,ORGANIZATIONAL-UNIT-LGL-TEAM-03,LOC-HQ,2026-08-01
EMP462,Waqas Ali,Legal & Compliance,POS-451,S071,Contract Review,Legal and Compliance,Core,Current,3,Proficient,82.5,6.6,12,Certified,Yes,DEPARTMENT-011,Corporate Services,ORGANIZATIONAL-UNIT-LGL-TEAM-02,LOC-HQ,2026-08-01
EMP462,Waqas Ali,Legal & Compliance,POS-451,S023,Risk & Controls,Compliance,Core,Current,5,Expert,93.1,6.3,9,Not Required,No,DEPARTMENT-011,Corporate Services,ORGANIZATIONAL-UNIT-LGL-TEAM-02,LOC-HQ,2026-08-01
EMP462,Waqas Ali,Legal & Compliance,POS-451,S042,Communication,Behavioral,Common,Current,4,Advanced,89.7,6.2,6,Not Required,No,DEPARTMENT-011,Corporate Services,ORGANIZATIONAL-UNIT-LGL-TEAM-02,LOC-HQ,2026-08-01
EMP462,Waqas Ali,Legal & Compliance,POS-451,S075,Case Management,Legal and Compliance,Core,Current,5,Expert,100,7.2,10,Not Required,No,DEPARTMENT-011,Corporate Services,ORGANIZATIONAL-UNIT-LGL-TEAM-02,LOC-HQ,2026-08-01
EMP462,Waqas Ali,Legal & Compliance,POS-451,S073,Policy Interpretation,Legal and Compliance,Core,Current,3,Proficient,72.2,7.2,8,Not Required,No,DEPARTMENT-011,Corporate Services,ORGANIZATIONAL-UNIT-LGL-TEAM-02,LOC-HQ,2026-08-01
EMP463,Talha Ansari,Legal & Compliance,POS-452,S045,Stakeholder Management,Behavioral,Leadership,Current,3,Proficient,78.6,9.7,15,Planned,Yes,DEPARTMENT-011,Corporate Services,ORGANIZATIONAL-UNIT-LGL-TEAM-02,LOC-HQ,2026-08-01
EMP463,Talha Ansari,Legal & Compliance,POS-452,S075,Case Management,Legal and Compliance,Core,Current,3,Proficient,72.5,9.5,0,Not Required,No,DEPARTMENT-011,Corporate Services,ORGANIZATIONAL-UNIT-LGL-TEAM-02,LOC-HQ,2026-08-01
EMP463,Talha Ansari,Legal & Compliance,POS-452,S071,Contract Review,Legal and Compliance,Core,Current,3,Proficient,72.8,9.1,7,Certified,No,DEPARTMENT-011,Corporate Services,ORGANIZATIONAL-UNIT-LGL-TEAM-02,LOC-HQ,2026-08-01
EMP463,Talha Ansari,Legal & Compliance,POS-452,S023,Risk & Controls,Compliance,Core,Current,4,Advanced,90.8,10.2,10,Planned,No,DEPARTMENT-011,Corporate Services,ORGANIZATIONAL-UNIT-LGL-TEAM-02,LOC-HQ,2026-08-01
EMP463,Talha Ansari,Legal & Compliance,POS-452,S046,Leadership,Leadership,Leadership,Current,4,Advanced,84.4,10.9,4,Planned,No,DEPARTMENT-011,Corporate Services,ORGANIZATIONAL-UNIT-LGL-TEAM-02,LOC-HQ,2026-08-01
EMP464,Nida Ismail,Legal & Compliance,POS-453,S071,Contract Review,Legal and Compliance,Core,Current,4,Advanced,85.9,11.9,12,Not Required,Yes,DEPARTMENT-011,Corporate Services,ORGANIZATIONAL-UNIT-LGL-TEAM-03,LOC-HQ,2026-08-01
EMP464,Nida Ismail,Legal & Compliance,POS-453,S073,Policy Interpretation,Legal and Compliance,Core,Current,4,Advanced,89.1,12.0,10,Not Required,No,DEPARTMENT-011,Corporate Services,ORGANIZATIONAL-UNIT-LGL-TEAM-03,LOC-HQ,2026-08-01
EMP464,Nida Ismail,Legal & Compliance,POS-453,S023,Risk & Controls,Compliance,Core,Current,4,Advanced,78.8,12.8,15,Not Required,No,DEPARTMENT-011,Corporate Services,ORGANIZATIONAL-UNIT-LGL-TEAM-03,LOC-HQ,2026-08-01
EMP464,Nida Ismail,Legal & Compliance,POS-453,S046,Leadership,Leadership,Leadership,Current,5,Expert,82.1,11.8,18,Not Required,No,DEPARTMENT-011,Corporate Services,ORGANIZATIONAL-UNIT-LGL-TEAM-03,LOC-HQ,2026-08-01
EMP464,Nida Ismail,Legal & Compliance,POS-453,S075,Case Management,Legal and Compliance,Core,Current,4,Advanced,84.0,12.2,10,Certified,No,DEPARTMENT-011,Corporate Services,ORGANIZATIONAL-UNIT-LGL-TEAM-03,LOC-HQ,2026-08-01
EMP465,Amna Habib,Legal & Compliance,POS-454,S071,Contract Review,Legal and Compliance,Core,Current,3,Proficient,69.7,8.7,9,Certified,Yes,DEPARTMENT-011,Corporate Services,ORGANIZATIONAL-UNIT-LGL-TEAM-02,LOC-HQ,2026-08-01
EMP465,Amna Habib,Legal & Compliance,POS-454,S073,Policy Interpretation,Legal and Compliance,Core,Current,5,Expert,99.2,7.6,5,Not Required,No,DEPARTMENT-011,Corporate Services,ORGANIZATIONAL-UNIT-LGL-TEAM-02,LOC-HQ,2026-08-01
EMP465,Amna Habib,Legal & Compliance,POS-454,S042,Communication,Behavioral,Common,Current,4,Advanced,91.3,8.9,14,Not Required,No,DEPARTMENT-011,Corporate Services,ORGANIZATIONAL-UNIT-LGL-TEAM-02,LOC-HQ,2026-08-01
EMP465,Amna Habib,Legal & Compliance,POS-454,S023,Risk & Controls,Compliance,Core,Current,3,Proficient,79.1,7.6,13,Certified,No,DEPARTMENT-011,Corporate Services,ORGANIZATIONAL-UNIT-LGL-TEAM-02,LOC-HQ,2026-08-01
EMP465,Amna Habib,Legal & Compliance,POS-454,S075,Case Management,Legal and Compliance,Core,Current,5,Expert,95.2,9.6,10,Planned,No,DEPARTMENT-011,Corporate Services,ORGANIZATIONAL-UNIT-LGL-TEAM-02,LOC-HQ,2026-08-01
EMP466,Kashif Saleem,Legal & Compliance,POS-455,S053,Documentation,Behavioral,Common,Current,3,Proficient,75.7,4.2,17,Not Required,Yes,DEPARTMENT-011,Corporate Services,ORGANIZATIONAL-UNIT-LGL-TEAM-02,LOC-HQ,2026-08-01
EMP466,Kashif Saleem,Legal & Compliance,POS-455,S042,Communication,Behavioral,Common,Developing,2,Developing,64.6,4.7,18,Certified,No,DEPARTMENT-011,Corporate Services,ORGANIZATIONAL-UNIT-LGL-TEAM-02,LOC-HQ,2026-08-01
EMP466,Kashif Saleem,Legal & Compliance,POS-455,S074,Legal Research,Legal and Compliance,Core,Current,5,Expert,85.9,4.7,14,Not Required,No,DEPARTMENT-011,Corporate Services,ORGANIZATIONAL-UNIT-LGL-TEAM-02,LOC-HQ,2026-08-01
EMP466,Kashif Saleem,Legal & Compliance,POS-455,S073,Policy Interpretation,Legal and Compliance,Core,Developing,2,Developing,56.6,3.6,15,Certified,No,DEPARTMENT-011,Corporate Services,ORGANIZATIONAL-UNIT-LGL-TEAM-02,LOC-HQ,2026-08-01
EMP466,Kashif Saleem,Legal & Compliance,POS-455,S071,Contract Review,Legal and Compliance,Core,Current,4,Advanced,77.4,4.3,6,Not Required,No,DEPARTMENT-011,Corporate Services,ORGANIZATIONAL-UNIT-LGL-TEAM-02,LOC-HQ,2026-08-01
EMP467,Maryam Dar,Legal & Compliance,POS-456,S074,Legal Research,Legal and Compliance,Core,Current,5,Expert,90.4,3.5,4,Not Required,Yes,DEPARTMENT-011,Corporate Services,ORGANIZATIONAL-UNIT-LGL-TEAM-02,LOC-HQ,2026-08-01
EMP467,Maryam Dar,Legal & Compliance,POS-456,S046,Leadership,Leadership,Leadership,Developing,2,Developing,63.9,2.8,0,Certified,No,DEPARTMENT-011,Corporate Services,ORGANIZATIONAL-UNIT-LGL-TEAM-02,LOC-HQ,2026-08-01
EMP467,Maryam Dar,Legal & Compliance,POS-456,S075,Case Management,Legal and Compliance,Core,Current,4,Advanced,81.5,3.3,17,Not Required,No,DEPARTMENT-011,Corporate Services,ORGANIZATIONAL-UNIT-LGL-TEAM-02,LOC-HQ,2026-08-01
EMP467,Maryam Dar,Legal & Compliance,POS-456,S045,Stakeholder Management,Behavioral,Leadership,Current,3,Proficient,72.3,3.7,16,Not Required,No,DEPARTMENT-011,Corporate Services,ORGANIZATIONAL-UNIT-LGL-TEAM-02,LOC-HQ,2026-08-01
EMP467,Maryam Dar,Legal & Compliance,POS-456,S073,Policy Interpretation,Legal and Compliance,Core,Current,3,Proficient,74.1,1.3,8,Not Required,No,DEPARTMENT-011,Corporate Services,ORGANIZATIONAL-UNIT-LGL-TEAM-02,LOC-HQ,2026-08-01
EMP468,Eman Mirza,Legal & Compliance,POS-457,S072,Regulatory Compliance,Legal and Compliance,Core,Current,3,Proficient,78.5,5.7,5,Not Required,Yes,DEPARTMENT-011,Corporate Services,ORGANIZATIONAL-UNIT-LGL-TEAM-01,LOC-HQ,2026-08-01
EMP468,Eman Mirza,Legal & Compliance,POS-457,S073,Policy Interpretation,Legal and Compliance,Core,Current,4,Advanced,81.6,6.3,17,Not Required,No,DEPARTMENT-011,Corporate Services,ORGANIZATIONAL-UNIT-LGL-TEAM-01,LOC-HQ,2026-08-01
EMP468,Eman Mirza,Legal & Compliance,POS-457,S023,Risk & Controls,Compliance,Core,Developing,2,Developing,67.4,7.2,17,Not Required,No,DEPARTMENT-011,Corporate Services,ORGANIZATIONAL-UNIT-LGL-TEAM-01,LOC-HQ,2026-08-01
EMP468,Eman Mirza,Legal & Compliance,POS-457,S042,Communication,Behavioral,Common,Current,5,Expert,91.9,5.0,15,Not Required,No,DEPARTMENT-011,Corporate Services,ORGANIZATIONAL-UNIT-LGL-TEAM-01,LOC-HQ,2026-08-01
EMP468,Eman Mirza,Legal & Compliance,POS-457,S045,Stakeholder Management,Behavioral,Leadership,Current,4,Advanced,89.9,5.7,7,Planned,No,DEPARTMENT-011,Corporate Services,ORGANIZATIONAL-UNIT-LGL-TEAM-01,LOC-HQ,2026-08-01
EMP469,Sidra Mughal,Legal & Compliance,POS-458,S045,Stakeholder Management,Behavioral,Leadership,Current,3,Proficient,67.0,3.7,12,Planned,Yes,DEPARTMENT-011,Corporate Services,ORGANIZATIONAL-UNIT-LGL-TEAM-01,LOC-HQ,2026-08-01
EMP469,Sidra Mughal,Legal & Compliance,POS-458,S042,Communication,Behavioral,Common,Current,5,Expert,89.2,3.8,5,Not Required,No,DEPARTMENT-011,Corporate Services,ORGANIZATIONAL-UNIT-LGL-TEAM-01,LOC-HQ,2026-08-01
EMP469,Sidra Mughal,Legal & Compliance,POS-458,S071,Contract Review,Legal and Compliance,Core,Developing,2,Developing,62.4,3.3,9,Planned,No,DEPARTMENT-011,Corporate Services,ORGANIZATIONAL-UNIT-LGL-TEAM-01,LOC-HQ,2026-08-01
EMP469,Sidra Mughal,Legal & Compliance,POS-458,S046,Leadership,Leadership,Leadership,Current,3,Proficient,72.1,2.6,17,Not Required,No,DEPARTMENT-011,Corporate Services,ORGANIZATIONAL-UNIT-LGL-TEAM-01,LOC-HQ,2026-08-01
EMP469,Sidra Mughal,Legal & Compliance,POS-458,S073,Policy Interpretation,Legal and Compliance,Core,Current,5,Expert,93.9,2.8,9,Certified,No,DEPARTMENT-011,Corporate Services,ORGANIZATIONAL-UNIT-LGL-TEAM-01,LOC-HQ,2026-08-01
EMP470,Anam Javed,Legal & Compliance,POS-459,S023,Risk & Controls,Compliance,Core,Current,4,Advanced,88.0,3.4,7,Not Required,Yes,DEPARTMENT-011,Corporate Services,ORGANIZATIONAL-UNIT-LGL-TEAM-01,LOC-HQ,2026-08-01
EMP470,Anam Javed,Legal & Compliance,POS-459,S075,Case Management,Legal and Compliance,Core,Current,4,Advanced,94.0,3.6,15,Not Required,No,DEPARTMENT-011,Corporate Services,ORGANIZATIONAL-UNIT-LGL-TEAM-01,LOC-HQ,2026-08-01
EMP470,Anam Javed,Legal & Compliance,POS-459,S053,Documentation,Behavioral,Common,Current,5,Expert,88.0,3.2,14,Planned,No,DEPARTMENT-011,Corporate Services,ORGANIZATIONAL-UNIT-LGL-TEAM-01,LOC-HQ,2026-08-01
EMP470,Anam Javed,Legal & Compliance,POS-459,S073,Policy Interpretation,Legal and Compliance,Core,Current,3,Proficient,69.9,3.2,8,Not Required,No,DEPARTMENT-011,Corporate Services,ORGANIZATIONAL-UNIT-LGL-TEAM-01,LOC-HQ,2026-08-01
EMP470,Anam Javed,Legal & Compliance,POS-459,S071,Contract Review,Legal and Compliance,Core,Current,3,Proficient,86.5,2.2,1,Certified,No,DEPARTMENT-011,Corporate Services,ORGANIZATIONAL-UNIT-LGL-TEAM-01,LOC-HQ,2026-08-01
EMP471,Anusha Iqbal,Legal & Compliance,POS-460,S046,Leadership,Leadership,Leadership,Current,4,Advanced,79.2,8.6,5,Not Required,Yes,DEPARTMENT-011,Corporate Services,ORGANIZATIONAL-UNIT-LGL-TEAM-03,LOC-HQ,2026-08-01
EMP471,Anusha Iqbal,Legal & Compliance,POS-460,S072,Regulatory Compliance,Legal and Compliance,Core,Current,5,Expert,96.3,5.9,3,Not Required,No,DEPARTMENT-011,Corporate Services,ORGANIZATIONAL-UNIT-LGL-TEAM-03,LOC-HQ,2026-08-01
EMP471,Anusha Iqbal,Legal & Compliance,POS-460,S075,Case Management,Legal and Compliance,Core,Current,5,Expert,77.8,7.9,3,Not Required,No,DEPARTMENT-011,Corporate Services,ORGANIZATIONAL-UNIT-LGL-TEAM-03,LOC-HQ,2026-08-01
EMP471,Anusha Iqbal,Legal & Compliance,POS-460,S053,Documentation,Behavioral,Common,Current,3,Proficient,81.3,8.0,6,Not Required,No,DEPARTMENT-011,Corporate Services,ORGANIZATIONAL-UNIT-LGL-TEAM-03,LOC-HQ,2026-08-01
EMP471,Anusha Iqbal,Legal & Compliance,POS-460,S073,Policy Interpretation,Legal and Compliance,Core,Current,4,Advanced,81.2,7.4,4,Not Required,No,DEPARTMENT-011,Corporate Services,ORGANIZATIONAL-UNIT-LGL-TEAM-03,LOC-HQ,2026-08-01
EMP472,Sidra Iqbal,Legal & Compliance,POS-461,S046,Leadership,Leadership,Leadership,Developing,2,Developing,66.2,3.8,14,Not Required,Yes,DEPARTMENT-011,Corporate Services,ORGANIZATIONAL-UNIT-LGL-TEAM-02,LOC-HQ,2026-08-01
EMP472,Sidra Iqbal,Legal & Compliance,POS-461,S053,Documentation,Behavioral,Common,Developing,2,Developing,64.5,5.4,6,Not Required,No,DEPARTMENT-011,Corporate Services,ORGANIZATIONAL-UNIT-LGL-TEAM-02,LOC-HQ,2026-08-01
EMP472,Sidra Iqbal,Legal & Compliance,POS-461,S023,Risk & Controls,Compliance,Core,Current,4,Advanced,74.6,4.8,2,Planned,No,DEPARTMENT-011,Corporate Services,ORGANIZATIONAL-UNIT-LGL-TEAM-02,LOC-HQ,2026-08-01
EMP472,Sidra Iqbal,Legal & Compliance,POS-461,S042,Communication,Behavioral,Common,Current,5,Expert,93.2,5.4,8,Not Required,No,DEPARTMENT-011,Corporate Services,ORGANIZATIONAL-UNIT-LGL-TEAM-02,LOC-HQ,2026-08-01
EMP472,Sidra Iqbal,Legal & Compliance,POS-461,S045,Stakeholder Management,Behavioral,Leadership,Current,5,Expert,100,3.7,7,Certified,No,DEPARTMENT-011,Corporate Services,ORGANIZATIONAL-UNIT-LGL-TEAM-02,LOC-HQ,2026-08-01
EMP473,Areeba Saeed,Legal & Compliance,POS-462,S073,Policy Interpretation,Legal and Compliance,Core,Current,5,Expert,95.2,4.2,8,Not Required,Yes,DEPARTMENT-011,Corporate Services,ORGANIZATIONAL-UNIT-LGL-TEAM-02,LOC-HQ,2026-08-01
EMP473,Areeba Saeed,Legal & Compliance,POS-462,S053,Documentation,Behavioral,Common,Current,3,Proficient,70.0,3.9,7,Planned,No,DEPARTMENT-011,Corporate Services,ORGANIZATIONAL-UNIT-LGL-TEAM-02,LOC-HQ,2026-08-01
EMP473,Areeba Saeed,Legal & Compliance,POS-462,S042,Communication,Behavioral,Common,Current,4,Advanced,84.6,3.4,16,Not Required,No,DEPARTMENT-011,Corporate Services,ORGANIZATIONAL-UNIT-LGL-TEAM-02,LOC-HQ,2026-08-01
EMP473,Areeba Saeed,Legal & Compliance,POS-462,S071,Contract Review,Legal and Compliance,Core,Current,3,Proficient,75.3,5.5,4,Certified,No,DEPARTMENT-011,Corporate Services,ORGANIZATIONAL-UNIT-LGL-TEAM-02,LOC-HQ,2026-08-01
EMP473,Areeba Saeed,Legal & Compliance,POS-462,S045,Stakeholder Management,Behavioral,Leadership,Current,3,Proficient,76.4,5.6,12,Not Required,No,DEPARTMENT-011,Corporate Services,ORGANIZATIONAL-UNIT-LGL-TEAM-02,LOC-HQ,2026-08-01
EMP474,Mehwish Riaz,Legal & Compliance,POS-463,S046,Leadership,Leadership,Leadership,Current,5,Expert,86.1,8.0,6,Certified,Yes,DEPARTMENT-011,Corporate Services,ORGANIZATIONAL-UNIT-LGL-TEAM-03,LOC-HQ,2026-08-01
EMP474,Mehwish Riaz,Legal & Compliance,POS-463,S075,Case Management,Legal and Compliance,Core,Developing,2,Developing,71.2,6.2,4,Certified,No,DEPARTMENT-011,Corporate Services,ORGANIZATIONAL-UNIT-LGL-TEAM-03,LOC-HQ,2026-08-01
EMP474,Mehwish Riaz,Legal & Compliance,POS-463,S045,Stakeholder Management,Behavioral,Leadership,Current,5,Expert,87.4,9.1,5,Not Required,No,DEPARTMENT-011,Corporate Services,ORGANIZATIONAL-UNIT-LGL-TEAM-03,LOC-HQ,2026-08-01
EMP474,Mehwish Riaz,Legal & Compliance,POS-463,S042,Communication,Behavioral,Common,Developing,2,Developing,60.8,5.7,5,Planned,No,DEPARTMENT-011,Corporate Services,ORGANIZATIONAL-UNIT-LGL-TEAM-03,LOC-HQ,2026-08-01
EMP474,Mehwish Riaz,Legal & Compliance,POS-463,S073,Policy Interpretation,Legal and Compliance,Core,Current,4,Advanced,85.5,8.1,5,Not Required,No,DEPARTMENT-011,Corporate Services,ORGANIZATIONAL-UNIT-LGL-TEAM-03,LOC-HQ,2026-08-01
EMP475,Amna Akhtar,Legal & Compliance,POS-464,S074,Legal Research,Legal and Compliance,Core,Current,5,Expert,100,3.8,14,Planned,Yes,DEPARTMENT-011,Corporate Services,ORGANIZATIONAL-UNIT-LGL-TEAM-03,LOC-HQ,2026-08-01
EMP475,Amna Akhtar,Legal & Compliance,POS-464,S046,Leadership,Leadership,Leadership,Developing,2,Developing,61.9,4.0,15,Not Required,No,DEPARTMENT-011,Corporate Services,ORGANIZATIONAL-UNIT-LGL-TEAM-03,LOC-HQ,2026-08-01
EMP475,Amna Akhtar,Legal & Compliance,POS-464,S071,Contract Review,Legal and Compliance,Core,Current,3,Proficient,74.8,3.9,17,Not Required,No,DEPARTMENT-011,Corporate Services,ORGANIZATIONAL-UNIT-LGL-TEAM-03,LOC-HQ,2026-08-01
EMP475,Amna Akhtar,Legal & Compliance,POS-464,S053,Documentation,Behavioral,Common,Current,3,Proficient,74.2,4.1,4,Certified,No,DEPARTMENT-011,Corporate Services,ORGANIZATIONAL-UNIT-LGL-TEAM-03,LOC-HQ,2026-08-01
EMP475,Amna Akhtar,Legal & Compliance,POS-464,S075,Case Management,Legal and Compliance,Core,Developing,2,Developing,65.8,3.5,15,Not Required,No,DEPARTMENT-011,Corporate Services,ORGANIZATIONAL-UNIT-LGL-TEAM-03,LOC-HQ,2026-08-01
EMP476,Shahzaib Mahmood,Legal & Compliance,POS-465,S045,Stakeholder Management,Behavioral,Leadership,Current,4,Advanced,90.0,3.3,12,Not Required,Yes,DEPARTMENT-011,Corporate Services,ORGANIZATIONAL-UNIT-LGL-TEAM-01,LOC-HQ,2026-08-01
EMP476,Shahzaib Mahmood,Legal & Compliance,POS-465,S042,Communication,Behavioral,Common,Current,4,Advanced,91.0,2.4,0,Planned,No,DEPARTMENT-011,Corporate Services,ORGANIZATIONAL-UNIT-LGL-TEAM-01,LOC-HQ,2026-08-01
EMP476,Shahzaib Mahmood,Legal & Compliance,POS-465,S023,Risk & Controls,Compliance,Core,Current,3,Proficient,75.7,2.5,10,Certified,No,DEPARTMENT-011,Corporate Services,ORGANIZATIONAL-UNIT-LGL-TEAM-01,LOC-HQ,2026-08-01
EMP476,Shahzaib Mahmood,Legal & Compliance,POS-465,S071,Contract Review,Legal and Compliance,Core,Current,3,Proficient,74.0,2.8,8,Certified,No,DEPARTMENT-011,Corporate Services,ORGANIZATIONAL-UNIT-LGL-TEAM-01,LOC-HQ,2026-08-01
EMP476,Shahzaib Mahmood,Legal & Compliance,POS-465,S053,Documentation,Behavioral,Common,Developing,2,Developing,68.8,1.5,15,Not Required,No,DEPARTMENT-011,Corporate Services,ORGANIZATIONAL-UNIT-LGL-TEAM-01,LOC-HQ,2026-08-01
EMP477,Farhan Faisal,Legal & Compliance,POS-466,S045,Stakeholder Management,Behavioral,Leadership,Current,5,Expert,83.3,3.0,2,Not Required,Yes,DEPARTMENT-011,Corporate Services,ORGANIZATIONAL-UNIT-LGL-TEAM-03,LOC-HQ,2026-08-01
EMP477,Farhan Faisal,Legal & Compliance,POS-466,S074,Legal Research,Legal and Compliance,Core,Current,5,Expert,100,3.2,10,Certified,No,DEPARTMENT-011,Corporate Services,ORGANIZATIONAL-UNIT-LGL-TEAM-03,LOC-HQ,2026-08-01
EMP477,Farhan Faisal,Legal & Compliance,POS-466,S072,Regulatory Compliance,Legal and Compliance,Core,Current,5,Expert,95.2,4.5,11,Planned,No,DEPARTMENT-011,Corporate Services,ORGANIZATIONAL-UNIT-LGL-TEAM-03,LOC-HQ,2026-08-01
EMP477,Farhan Faisal,Legal & Compliance,POS-466,S071,Contract Review,Legal and Compliance,Core,Current,4,Advanced,96.0,3.4,16,Not Required,No,DEPARTMENT-011,Corporate Services,ORGANIZATIONAL-UNIT-LGL-TEAM-03,LOC-HQ,2026-08-01
EMP477,Farhan Faisal,Legal & Compliance,POS-466,S023,Risk & Controls,Compliance,Core,Current,3,Proficient,72.0,4.9,0,Not Required,No,DEPARTMENT-011,Corporate Services,ORGANIZATIONAL-UNIT-LGL-TEAM-03,LOC-HQ,2026-08-01
EMP478,Kinza Iqbal,Legal & Compliance,POS-467,S073,Policy Interpretation,Legal and Compliance,Core,Current,3,Proficient,72.9,7.6,10,Not Required,Yes,DEPARTMENT-011,Corporate Services,ORGANIZATIONAL-UNIT-LGL-TEAM-01,LOC-HQ,2026-08-01
EMP478,Kinza Iqbal,Legal & Compliance,POS-467,S046,Leadership,Leadership,Leadership,Current,5,Expert,95.7,9.7,1,Certified,No,DEPARTMENT-011,Corporate Services,ORGANIZATIONAL-UNIT-LGL-TEAM-01,LOC-HQ,2026-08-01
EMP478,Kinza Iqbal,Legal & Compliance,POS-467,S045,Stakeholder Management,Behavioral,Leadership,Current,4,Advanced,87.4,9.3,10,Planned,No,DEPARTMENT-011,Corporate Services,ORGANIZATIONAL-UNIT-LGL-TEAM-01,LOC-HQ,2026-08-01
EMP478,Kinza Iqbal,Legal & Compliance,POS-467,S074,Legal Research,Legal and Compliance,Core,Current,3,Proficient,67.1,7.4,5,Certified,No,DEPARTMENT-011,Corporate Services,ORGANIZATIONAL-UNIT-LGL-TEAM-01,LOC-HQ,2026-08-01
EMP478,Kinza Iqbal,Legal & Compliance,POS-467,S042,Communication,Behavioral,Common,Current,3,Proficient,81.1,8.6,1,Planned,No,DEPARTMENT-011,Corporate Services,ORGANIZATIONAL-UNIT-LGL-TEAM-01,LOC-HQ,2026-08-01
EMP479,Noman Latif,Legal & Compliance,POS-468,S074,Legal Research,Legal and Compliance,Core,Developing,2,Developing,60.4,6.3,16,Not Required,Yes,DEPARTMENT-011,Corporate Services,ORGANIZATIONAL-UNIT-LGL-TEAM-02,LOC-HQ,2026-08-01
EMP479,Noman Latif,Legal & Compliance,POS-468,S053,Documentation,Behavioral,Common,Current,3,Proficient,68.1,5.4,7,Planned,No,DEPARTMENT-011,Corporate Services,ORGANIZATIONAL-UNIT-LGL-TEAM-02,LOC-HQ,2026-08-01
EMP479,Noman Latif,Legal & Compliance,POS-468,S046,Leadership,Leadership,Leadership,Current,3,Proficient,72.4,5.1,10,Not Required,No,DEPARTMENT-011,Corporate Services,ORGANIZATIONAL-UNIT-LGL-TEAM-02,LOC-HQ,2026-08-01
EMP479,Noman Latif,Legal & Compliance,POS-468,S045,Stakeholder Management,Behavioral,Leadership,Current,5,Expert,94.3,6.7,4,Not Required,No,DEPARTMENT-011,Corporate Services,ORGANIZATIONAL-UNIT-LGL-TEAM-02,LOC-HQ,2026-08-01
EMP479,Noman Latif,Legal & Compliance,POS-468,S073,Policy Interpretation,Legal and Compliance,Core,Current,4,Advanced,79.1,5.9,14,Not Required,No,DEPARTMENT-011,Corporate Services,ORGANIZATIONAL-UNIT-LGL-TEAM-02,LOC-HQ,2026-08-01
EMP480,Ahmed Saeed,Legal & Compliance,POS-469,S072,Regulatory Compliance,Legal and Compliance,Core,Current,3,Proficient,65.6,3.9,3,Certified,Yes,DEPARTMENT-011,Corporate Services,ORGANIZATIONAL-UNIT-LGL-TEAM-01,LOC-HQ,2026-08-01
EMP480,Ahmed Saeed,Legal & Compliance,POS-469,S042,Communication,Behavioral,Common,Current,3,Proficient,72.3,1.8,10,Certified,No,DEPARTMENT-011,Corporate Services,ORGANIZATIONAL-UNIT-LGL-TEAM-01,LOC-HQ,2026-08-01
EMP480,Ahmed Saeed,Legal & Compliance,POS-469,S074,Legal Research,Legal and Compliance,Core,Current,4,Advanced,87.0,2.8,10,Not Required,No,DEPARTMENT-011,Corporate Services,ORGANIZATIONAL-UNIT-LGL-TEAM-01,LOC-HQ,2026-08-01
EMP480,Ahmed Saeed,Legal & Compliance,POS-469,S071,Contract Review,Legal and Compliance,Core,Current,3,Proficient,82.5,3.7,10,Certified,No,DEPARTMENT-011,Corporate Services,ORGANIZATIONAL-UNIT-LGL-TEAM-01,LOC-HQ,2026-08-01
EMP480,Ahmed Saeed,Legal & Compliance,POS-469,S023,Risk & Controls,Compliance,Core,Developing,2,Developing,71.6,4.4,7,Certified,No,DEPARTMENT-011,Corporate Services,ORGANIZATIONAL-UNIT-LGL-TEAM-01,LOC-HQ,2026-08-01
EMP481,Rabia Rehman,Legal & Compliance,POS-470,S071,Contract Review,Legal and Compliance,Core,Current,3,Proficient,80.1,1.4,18,Planned,Yes,DEPARTMENT-011,Corporate Services,ORGANIZATIONAL-UNIT-LGL-TEAM-03,LOC-HQ,2026-08-01
EMP481,Rabia Rehman,Legal & Compliance,POS-470,S072,Regulatory Compliance,Legal and Compliance,Core,Current,4,Advanced,83.2,3.7,2,Not Required,No,DEPARTMENT-011,Corporate Services,ORGANIZATIONAL-UNIT-LGL-TEAM-03,LOC-HQ,2026-08-01
EMP481,Rabia Rehman,Legal & Compliance,POS-470,S073,Policy Interpretation,Legal and Compliance,Core,Current,4,Advanced,99.5,3.4,6,Not Required,No,DEPARTMENT-011,Corporate Services,ORGANIZATIONAL-UNIT-LGL-TEAM-03,LOC-HQ,2026-08-01
EMP481,Rabia Rehman,Legal & Compliance,POS-470,S075,Case Management,Legal and Compliance,Core,Developing,2,Developing,66.7,1.0,12,Not Required,No,DEPARTMENT-011,Corporate Services,ORGANIZATIONAL-UNIT-LGL-TEAM-03,LOC-HQ,2026-08-01
EMP481,Rabia Rehman,Legal & Compliance,POS-470,S023,Risk & Controls,Compliance,Core,Current,3,Proficient,73.1,2.3,2,Not Required,No,DEPARTMENT-011,Corporate Services,ORGANIZATIONAL-UNIT-LGL-TEAM-03,LOC-HQ,2026-08-01
EMP482,Danish Malik,Legal & Compliance,POS-471,S071,Contract Review,Legal and Compliance,Core,Current,4,Advanced,76.1,3.0,7,Not Required,Yes,DEPARTMENT-011,Corporate Services,ORGANIZATIONAL-UNIT-LGL-TEAM-02,LOC-HQ,2026-08-01
EMP482,Danish Malik,Legal & Compliance,POS-471,S072,Regulatory Compliance,Legal and Compliance,Core,Current,4,Advanced,87.9,1.7,4,Not Required,No,DEPARTMENT-011,Corporate Services,ORGANIZATIONAL-UNIT-LGL-TEAM-02,LOC-HQ,2026-08-01
EMP482,Danish Malik,Legal & Compliance,POS-471,S053,Documentation,Behavioral,Common,Current,4,Advanced,91.4,2.1,18,Certified,No,DEPARTMENT-011,Corporate Services,ORGANIZATIONAL-UNIT-LGL-TEAM-02,LOC-HQ,2026-08-01
EMP482,Danish Malik,Legal & Compliance,POS-471,S023,Risk & Controls,Compliance,Core,Developing,2,Developing,62.7,4.1,1,Planned,No,DEPARTMENT-011,Corporate Services,ORGANIZATIONAL-UNIT-LGL-TEAM-02,LOC-HQ,2026-08-01
EMP482,Danish Malik,Legal & Compliance,POS-471,S042,Communication,Behavioral,Common,Developing,2,Developing,56.5,3.9,16,Planned,No,DEPARTMENT-011,Corporate Services,ORGANIZATIONAL-UNIT-LGL-TEAM-02,LOC-HQ,2026-08-01
EMP483,Bilal Mahmood,Legal & Compliance,POS-472,S045,Stakeholder Management,Behavioral,Leadership,Current,3,Proficient,82.7,2.6,16,Not Required,Yes,DEPARTMENT-011,Corporate Services,ORGANIZATIONAL-UNIT-LGL-TEAM-03,LOC-HQ,2026-08-01
EMP483,Bilal Mahmood,Legal & Compliance,POS-472,S053,Documentation,Behavioral,Common,Current,4,Advanced,93.5,2.4,15,Not Required,No,DEPARTMENT-011,Corporate Services,ORGANIZATIONAL-UNIT-LGL-TEAM-03,LOC-HQ,2026-08-01
EMP483,Bilal Mahmood,Legal & Compliance,POS-472,S042,Communication,Behavioral,Common,Current,3,Proficient,80.0,3.2,3,Not Required,No,DEPARTMENT-011,Corporate Services,ORGANIZATIONAL-UNIT-LGL-TEAM-03,LOC-HQ,2026-08-01
EMP483,Bilal Mahmood,Legal & Compliance,POS-472,S074,Legal Research,Legal and Compliance,Core,Current,4,Advanced,93.6,2.2,6,Not Required,No,DEPARTMENT-011,Corporate Services,ORGANIZATIONAL-UNIT-LGL-TEAM-03,LOC-HQ,2026-08-01
EMP483,Bilal Mahmood,Legal & Compliance,POS-472,S071,Contract Review,Legal and Compliance,Core,Current,4,Advanced,85.8,3.4,11,Not Required,No,DEPARTMENT-011,Corporate Services,ORGANIZATIONAL-UNIT-LGL-TEAM-03,LOC-HQ,2026-08-01
EMP484,Saba Mughal,Legal & Compliance,POS-473,S071,Contract Review,Legal and Compliance,Core,Developing,2,Developing,63.7,2.2,17,Certified,Yes,DEPARTMENT-011,Corporate Services,ORGANIZATIONAL-UNIT-LGL-TEAM-03,LOC-HQ,2026-08-01
EMP484,Saba Mughal,Legal & Compliance,POS-473,S046,Leadership,Leadership,Leadership,Current,3,Proficient,69.5,3.8,4,Not Required,No,DEPARTMENT-011,Corporate Services,ORGANIZATIONAL-UNIT-LGL-TEAM-03,LOC-HQ,2026-08-01
EMP484,Saba Mughal,Legal & Compliance,POS-473,S074,Legal Research,Legal and Compliance,Core,Current,4,Advanced,76.9,3.9,2,Not Required,No,DEPARTMENT-011,Corporate Services,ORGANIZATIONAL-UNIT-LGL-TEAM-03,LOC-HQ,2026-08-01
EMP484,Saba Mughal,Legal & Compliance,POS-473,S023,Risk & Controls,Compliance,Core,Current,3,Proficient,66.8,4.5,15,Not Required,No,DEPARTMENT-011,Corporate Services,ORGANIZATIONAL-UNIT-LGL-TEAM-03,LOC-HQ,2026-08-01
EMP484,Saba Mughal,Legal & Compliance,POS-473,S075,Case Management,Legal and Compliance,Core,Current,4,Advanced,84.3,2.3,8,Planned,No,DEPARTMENT-011,Corporate Services,ORGANIZATIONAL-UNIT-LGL-TEAM-03,LOC-HQ,2026-08-01
EMP485,Sana Nadeem,Legal & Compliance,POS-474,S042,Communication,Behavioral,Common,Current,3,Proficient,76.3,2.4,13,Planned,Yes,DEPARTMENT-011,Corporate Services,ORGANIZATIONAL-UNIT-LGL-TEAM-01,LOC-HQ,2026-08-01
EMP485,Sana Nadeem,Legal & Compliance,POS-474,S053,Documentation,Behavioral,Common,Current,3,Proficient,69.0,0.6,0,Not Required,No,DEPARTMENT-011,Corporate Services,ORGANIZATIONAL-UNIT-LGL-TEAM-01,LOC-HQ,2026-08-01
EMP485,Sana Nadeem,Legal & Compliance,POS-474,S073,Policy Interpretation,Legal and Compliance,Core,Current,4,Advanced,74.9,1.6,10,Not Required,No,DEPARTMENT-011,Corporate Services,ORGANIZATIONAL-UNIT-LGL-TEAM-01,LOC-HQ,2026-08-01
EMP485,Sana Nadeem,Legal & Compliance,POS-474,S023,Risk & Controls,Compliance,Core,Current,3,Proficient,70.6,2.2,7,Not Required,No,DEPARTMENT-011,Corporate Services,ORGANIZATIONAL-UNIT-LGL-TEAM-01,LOC-HQ,2026-08-01
EMP485,Sana Nadeem,Legal & Compliance,POS-474,S075,Case Management,Legal and Compliance,Core,Developing,2,Developing,69.8,2.0,11,Certified,No,DEPARTMENT-011,Corporate Services,ORGANIZATIONAL-UNIT-LGL-TEAM-01,LOC-HQ,2026-08-01
EMP486,Junaid Nadeem,Legal & Compliance,POS-475,S042,Communication,Behavioral,Common,Current,3,Proficient,75.2,4.7,5,Not Required,Yes,DEPARTMENT-011,Corporate Services,ORGANIZATIONAL-UNIT-LGL-TEAM-03,LOC-HQ,2026-08-01
EMP486,Junaid Nadeem,Legal & Compliance,POS-475,S046,Leadership,Leadership,Leadership,Current,3,Proficient,57.0,3.8,6,Not Required,No,DEPARTMENT-011,Corporate Services,ORGANIZATIONAL-UNIT-LGL-TEAM-03,LOC-HQ,2026-08-01
EMP486,Junaid Nadeem,Legal & Compliance,POS-475,S073,Policy Interpretation,Legal and Compliance,Core,Current,4,Advanced,88.2,3.9,18,Certified,No,DEPARTMENT-011,Corporate Services,ORGANIZATIONAL-UNIT-LGL-TEAM-03,LOC-HQ,2026-08-01
EMP486,Junaid Nadeem,Legal & Compliance,POS-475,S071,Contract Review,Legal and Compliance,Core,Developing,2,Developing,76.9,3.9,16,Not Required,No,DEPARTMENT-011,Corporate Services,ORGANIZATIONAL-UNIT-LGL-TEAM-03,LOC-HQ,2026-08-01
EMP486,Junaid Nadeem,Legal & Compliance,POS-475,S023,Risk & Controls,Compliance,Core,Current,4,Advanced,73.2,4.0,10,Certified,No,DEPARTMENT-011,Corporate Services,ORGANIZATIONAL-UNIT-LGL-TEAM-03,LOC-HQ,2026-08-01
EMP487,Talha Hashmi,Legal & Compliance,POS-476,S074,Legal Research,Legal and Compliance,Core,Current,4,Advanced,82.1,1.3,14,Not Required,Yes,DEPARTMENT-011,Corporate Services,ORGANIZATIONAL-UNIT-LGL-TEAM-02,LOC-HQ,2026-08-01
EMP487,Talha Hashmi,Legal & Compliance,POS-476,S045,Stakeholder Management,Behavioral,Leadership,Developing,2,Developing,67.4,3.1,12,Certified,No,DEPARTMENT-011,Corporate Services,ORGANIZATIONAL-UNIT-LGL-TEAM-02,LOC-HQ,2026-08-01
EMP487,Talha Hashmi,Legal & Compliance,POS-476,S053,Documentation,Behavioral,Common,Developing,2,Developing,69.2,0.8,3,Not Required,No,DEPARTMENT-011,Corporate Services,ORGANIZATIONAL-UNIT-LGL-TEAM-02,LOC-HQ,2026-08-01
EMP487,Talha Hashmi,Legal & Compliance,POS-476,S071,Contract Review,Legal and Compliance,Core,Current,3,Proficient,66.0,1.6,8,Certified,No,DEPARTMENT-011,Corporate Services,ORGANIZATIONAL-UNIT-LGL-TEAM-02,LOC-HQ,2026-08-01
EMP487,Talha Hashmi,Legal & Compliance,POS-476,S073,Policy Interpretation,Legal and Compliance,Core,Developing,2,Developing,69.7,3.4,7,Not Required,No,DEPARTMENT-011,Corporate Services,ORGANIZATIONAL-UNIT-LGL-TEAM-02,LOC-HQ,2026-08-01
EMP488,Omar Akhtar,Legal & Compliance,POS-477,S074,Legal Research,Legal and Compliance,Core,Current,4,Advanced,90.3,2.1,2,Certified,Yes,DEPARTMENT-011,Corporate Services,ORGANIZATIONAL-UNIT-LGL-TEAM-02,LOC-HQ,2026-08-01
EMP488,Omar Akhtar,Legal & Compliance,POS-477,S071,Contract Review,Legal and Compliance,Core,Developing,2,Developing,60.3,0.5,11,Not Required,No,DEPARTMENT-011,Corporate Services,ORGANIZATIONAL-UNIT-LGL-TEAM-02,LOC-HQ,2026-08-01
EMP488,Omar Akhtar,Legal & Compliance,POS-477,S075,Case Management,Legal and Compliance,Core,Developing,2,Developing,65.2,0.7,2,Planned,No,DEPARTMENT-011,Corporate Services,ORGANIZATIONAL-UNIT-LGL-TEAM-02,LOC-HQ,2026-08-01
EMP488,Omar Akhtar,Legal & Compliance,POS-477,S042,Communication,Behavioral,Common,Current,3,Proficient,80.6,1.1,7,Certified,No,DEPARTMENT-011,Corporate Services,ORGANIZATIONAL-UNIT-LGL-TEAM-02,LOC-HQ,2026-08-01
EMP488,Omar Akhtar,Legal & Compliance,POS-477,S053,Documentation,Behavioral,Common,Current,4,Advanced,82.4,3.3,3,Planned,No,DEPARTMENT-011,Corporate Services,ORGANIZATIONAL-UNIT-LGL-TEAM-02,LOC-HQ,2026-08-01
EMP489,Sara Zafar,Legal & Compliance,POS-478,S075,Case Management,Legal and Compliance,Core,Current,3,Proficient,76.0,2.3,14,Planned,Yes,DEPARTMENT-011,Corporate Services,ORGANIZATIONAL-UNIT-LGL-TEAM-01,LOC-HQ,2026-08-01
EMP489,Sara Zafar,Legal & Compliance,POS-478,S053,Documentation,Behavioral,Common,Current,3,Proficient,77.5,0.9,2,Certified,No,DEPARTMENT-011,Corporate Services,ORGANIZATIONAL-UNIT-LGL-TEAM-01,LOC-HQ,2026-08-01
EMP489,Sara Zafar,Legal & Compliance,POS-478,S046,Leadership,Leadership,Leadership,Developing,2,Developing,70.1,2.0,1,Planned,No,DEPARTMENT-011,Corporate Services,ORGANIZATIONAL-UNIT-LGL-TEAM-01,LOC-HQ,2026-08-01
EMP489,Sara Zafar,Legal & Compliance,POS-478,S074,Legal Research,Legal and Compliance,Core,Current,4,Advanced,87.3,2.6,11,Certified,No,DEPARTMENT-011,Corporate Services,ORGANIZATIONAL-UNIT-LGL-TEAM-01,LOC-HQ,2026-08-01
EMP489,Sara Zafar,Legal & Compliance,POS-478,S023,Risk & Controls,Compliance,Core,Current,3,Proficient,68.8,1.2,4,Not Required,No,DEPARTMENT-011,Corporate Services,ORGANIZATIONAL-UNIT-LGL-TEAM-01,LOC-HQ,2026-08-01
EMP490,Farhan Hameed,Legal & Compliance,POS-479,S075,Case Management,Legal and Compliance,Core,Current,3,Proficient,68.1,4.8,8,Planned,Yes,DEPARTMENT-011,Corporate Services,ORGANIZATIONAL-UNIT-LGL-TEAM-01,LOC-HQ,2026-08-01
EMP490,Farhan Hameed,Legal & Compliance,POS-479,S053,Documentation,Behavioral,Common,Current,4,Advanced,88.3,3.1,1,Certified,No,DEPARTMENT-011,Corporate Services,ORGANIZATIONAL-UNIT-LGL-TEAM-01,LOC-HQ,2026-08-01
EMP490,Farhan Hameed,Legal & Compliance,POS-479,S071,Contract Review,Legal and Compliance,Core,Current,3,Proficient,73.8,5.4,8,Not Required,No,DEPARTMENT-011,Corporate Services,ORGANIZATIONAL-UNIT-LGL-TEAM-01,LOC-HQ,2026-08-01
EMP490,Farhan Hameed,Legal & Compliance,POS-479,S046,Leadership,Leadership,Leadership,Current,4,Advanced,91.2,4.3,13,Planned,No,DEPARTMENT-011,Corporate Services,ORGANIZATIONAL-UNIT-LGL-TEAM-01,LOC-HQ,2026-08-01
EMP490,Farhan Hameed,Legal & Compliance,POS-479,S074,Legal Research,Legal and Compliance,Core,Current,3,Proficient,75.3,2.8,13,Not Required,No,DEPARTMENT-011,Corporate Services,ORGANIZATIONAL-UNIT-LGL-TEAM-01,LOC-HQ,2026-08-01
EMP491,Zainab Chaudhry,Legal & Compliance,POS-480,S053,Documentation,Behavioral,Common,Current,4,Advanced,78.8,1.5,12,Not Required,Yes,DEPARTMENT-011,Corporate Services,ORGANIZATIONAL-UNIT-LGL-TEAM-03,LOC-HQ,2026-08-01
EMP491,Zainab Chaudhry,Legal & Compliance,POS-480,S071,Contract Review,Legal and Compliance,Core,Developing,2,Developing,68.9,2.3,16,Planned,No,DEPARTMENT-011,Corporate Services,ORGANIZATIONAL-UNIT-LGL-TEAM-03,LOC-HQ,2026-08-01
EMP491,Zainab Chaudhry,Legal & Compliance,POS-480,S045,Stakeholder Management,Behavioral,Leadership,Current,3,Proficient,79.0,2.4,9,Certified,No,DEPARTMENT-011,Corporate Services,ORGANIZATIONAL-UNIT-LGL-TEAM-03,LOC-HQ,2026-08-01
EMP491,Zainab Chaudhry,Legal & Compliance,POS-480,S042,Communication,Behavioral,Common,Current,3,Proficient,77.3,3.6,18,Not Required,No,DEPARTMENT-011,Corporate Services,ORGANIZATIONAL-UNIT-LGL-TEAM-03,LOC-HQ,2026-08-01
EMP491,Zainab Chaudhry,Legal & Compliance,POS-480,S073,Policy Interpretation,Legal and Compliance,Core,Developing,2,Developing,70.4,3.4,14,Not Required,No,DEPARTMENT-011,Corporate Services,ORGANIZATIONAL-UNIT-LGL-TEAM-03,LOC-HQ,2026-08-01
EMP492,Hamza Javed,Legal & Compliance,POS-481,S072,Regulatory Compliance,Legal and Compliance,Core,Developing,2,Developing,61.8,4.1,7,Not Required,Yes,DEPARTMENT-011,Corporate Services,ORGANIZATIONAL-UNIT-LGL-TEAM-03,LOC-HQ,2026-08-01
EMP492,Hamza Javed,Legal & Compliance,POS-481,S045,Stakeholder Management,Behavioral,Leadership,Developing,2,Developing,73.6,4.5,2,Not Required,No,DEPARTMENT-011,Corporate Services,ORGANIZATIONAL-UNIT-LGL-TEAM-03,LOC-HQ,2026-08-01
EMP492,Hamza Javed,Legal & Compliance,POS-481,S071,Contract Review,Legal and Compliance,Core,Developing,2,Developing,67.0,4.3,9,Certified,No,DEPARTMENT-011,Corporate Services,ORGANIZATIONAL-UNIT-LGL-TEAM-03,LOC-HQ,2026-08-01
EMP492,Hamza Javed,Legal & Compliance,POS-481,S042,Communication,Behavioral,Common,Current,4,Advanced,82.0,2.4,0,Not Required,No,DEPARTMENT-011,Corporate Services,ORGANIZATIONAL-UNIT-LGL-TEAM-03,LOC-HQ,2026-08-01
EMP492,Hamza Javed,Legal & Compliance,POS-481,S075,Case Management,Legal and Compliance,Core,Developing,2,Developing,65.1,2.8,11,Not Required,No,DEPARTMENT-011,Corporate Services,ORGANIZATIONAL-UNIT-LGL-TEAM-03,LOC-HQ,2026-08-01
EMP493,Komal Rehman,Legal & Compliance,POS-482,S045,Stakeholder Management,Behavioral,Leadership,Developing,1,Beginner,57.2,2.8,4,Not Required,Yes,DEPARTMENT-011,Corporate Services,ORGANIZATIONAL-UNIT-LGL-TEAM-01,LOC-HQ,2026-08-01
EMP493,Komal Rehman,Legal & Compliance,POS-482,S072,Regulatory Compliance,Legal and Compliance,Core,Current,3,Proficient,85.1,1.8,14,Certified,No,DEPARTMENT-011,Corporate Services,ORGANIZATIONAL-UNIT-LGL-TEAM-01,LOC-HQ,2026-08-01
EMP493,Komal Rehman,Legal & Compliance,POS-482,S046,Leadership,Leadership,Leadership,Developing,1,Beginner,58.6,2.5,13,Planned,No,DEPARTMENT-011,Corporate Services,ORGANIZATIONAL-UNIT-LGL-TEAM-01,LOC-HQ,2026-08-01
EMP493,Komal Rehman,Legal & Compliance,POS-482,S042,Communication,Behavioral,Common,Developing,1,Beginner,40,1.6,18,Not Required,No,DEPARTMENT-011,Corporate Services,ORGANIZATIONAL-UNIT-LGL-TEAM-01,LOC-HQ,2026-08-01
EMP493,Komal Rehman,Legal & Compliance,POS-482,S053,Documentation,Behavioral,Common,Developing,1,Beginner,44.9,3.2,6,Certified,No,DEPARTMENT-011,Corporate Services,ORGANIZATIONAL-UNIT-LGL-TEAM-01,LOC-HQ,2026-08-01
EMP494,Anam Mahmood,Legal & Compliance,POS-483,S045,Stakeholder Management,Behavioral,Leadership,Developing,1,Beginner,62.6,0.6,18,Not Required,Yes,DEPARTMENT-011,Corporate Services,ORGANIZATIONAL-UNIT-LGL-TEAM-03,LOC-HQ,2026-08-01
EMP494,Anam Mahmood,Legal & Compliance,POS-483,S073,Policy Interpretation,Legal and Compliance,Core,Developing,1,Beginner,61.9,2.4,17,Planned,No,DEPARTMENT-011,Corporate Services,ORGANIZATIONAL-UNIT-LGL-TEAM-03,LOC-HQ,2026-08-01
EMP494,Anam Mahmood,Legal & Compliance,POS-483,S023,Risk & Controls,Compliance,Core,Current,3,Proficient,71.3,0.9,7,Not Required,No,DEPARTMENT-011,Corporate Services,ORGANIZATIONAL-UNIT-LGL-TEAM-03,LOC-HQ,2026-08-01
EMP494,Anam Mahmood,Legal & Compliance,POS-483,S071,Contract Review,Legal and Compliance,Core,Developing,2,Developing,79.3,3.1,11,Planned,No,DEPARTMENT-011,Corporate Services,ORGANIZATIONAL-UNIT-LGL-TEAM-03,LOC-HQ,2026-08-01
EMP494,Anam Mahmood,Legal & Compliance,POS-483,S074,Legal Research,Legal and Compliance,Core,Current,3,Proficient,65.7,1.4,16,Not Required,No,DEPARTMENT-011,Corporate Services,ORGANIZATIONAL-UNIT-LGL-TEAM-03,LOC-HQ,2026-08-01
EMP495,Junaid Chaudhry,Legal & Compliance,POS-484,S046,Leadership,Leadership,Leadership,Developing,1,Beginner,55.3,2.1,18,Certified,Yes,DEPARTMENT-011,Corporate Services,ORGANIZATIONAL-UNIT-LGL-TEAM-02,LOC-HQ,2026-08-01
EMP495,Junaid Chaudhry,Legal & Compliance,POS-484,S072,Regulatory Compliance,Legal and Compliance,Core,Developing,1,Beginner,46.4,1.5,7,Not Required,No,DEPARTMENT-011,Corporate Services,ORGANIZATIONAL-UNIT-LGL-TEAM-02,LOC-HQ,2026-08-01
EMP495,Junaid Chaudhry,Legal & Compliance,POS-484,S023,Risk & Controls,Compliance,Core,Developing,2,Developing,71.4,1.3,8,Not Required,No,DEPARTMENT-011,Corporate Services,ORGANIZATIONAL-UNIT-LGL-TEAM-02,LOC-HQ,2026-08-01
EMP495,Junaid Chaudhry,Legal & Compliance,POS-484,S045,Stakeholder Management,Behavioral,Leadership,Developing,2,Developing,58.4,2.8,9,Certified,No,DEPARTMENT-011,Corporate Services,ORGANIZATIONAL-UNIT-LGL-TEAM-02,LOC-HQ,2026-08-01
EMP495,Junaid Chaudhry,Legal & Compliance,POS-484,S075,Case Management,Legal and Compliance,Core,Developing,1,Beginner,46.8,0.4,18,Not Required,No,DEPARTMENT-011,Corporate Services,ORGANIZATIONAL-UNIT-LGL-TEAM-02,LOC-HQ,2026-08-01
EMP496,Ali Nadeem,Procurement & Supply Chain,EXEC-PRC-HEAD,S045,Stakeholder Management,Behavioral,Leadership,Current,5,Expert,100.0,15.2,1,Not Required,Yes,DEPARTMENT-012,Enterprise Operations,ORGANIZATIONAL-UNIT-PRC,LOC-CENTRAL,2026-08-01
EMP496,Ali Nadeem,Procurement & Supply Chain,EXEC-PRC-HEAD,S081,Cost Analysis,Procurement,Core,Current,4,Advanced,83.4,12.7,9,Not Required,No,DEPARTMENT-012,Enterprise Operations,ORGANIZATIONAL-UNIT-PRC,LOC-CENTRAL,2026-08-01
EMP496,Ali Nadeem,Procurement & Supply Chain,EXEC-PRC-HEAD,S080,Inventory Planning,Procurement,Core,Current,5,Expert,83.5,14.8,5,Not Required,No,DEPARTMENT-012,Enterprise Operations,ORGANIZATIONAL-UNIT-PRC,LOC-CENTRAL,2026-08-01
EMP496,Ali Nadeem,Procurement & Supply Chain,EXEC-PRC-HEAD,S046,Leadership,Leadership,Leadership,Current,4,Advanced,84.0,13.2,4,Not Required,No,DEPARTMENT-012,Enterprise Operations,ORGANIZATIONAL-UNIT-PRC,LOC-CENTRAL,2026-08-01
EMP496,Ali Nadeem,Procurement & Supply Chain,EXEC-PRC-HEAD,S049,Data Analysis,Digital,Common,Current,5,Expert,95.4,14.3,15,Not Required,No,DEPARTMENT-012,Enterprise Operations,ORGANIZATIONAL-UNIT-PRC,LOC-CENTRAL,2026-08-01
EMP497,Talha Riaz,Procurement & Supply Chain,POS-485,S076,Strategic Sourcing,Procurement,Core,Current,4,Advanced,83.8,9.6,8,Planned,Yes,DEPARTMENT-012,Enterprise Operations,ORGANIZATIONAL-UNIT-PRC,LOC-CENTRAL,2026-08-01
EMP497,Talha Riaz,Procurement & Supply Chain,POS-485,S078,Supplier Management,Procurement,Core,Current,3,Proficient,62.5,10.0,7,Not Required,No,DEPARTMENT-012,Enterprise Operations,ORGANIZATIONAL-UNIT-PRC,LOC-CENTRAL,2026-08-01
EMP497,Talha Riaz,Procurement & Supply Chain,POS-485,S023,Risk & Controls,Compliance,Core,Current,5,Expert,96.5,10.1,11,Not Required,No,DEPARTMENT-012,Enterprise Operations,ORGANIZATIONAL-UNIT-PRC,LOC-CENTRAL,2026-08-01
EMP497,Talha Riaz,Procurement & Supply Chain,POS-485,S081,Cost Analysis,Procurement,Core,Current,5,Expert,91.2,8.6,18,Not Required,No,DEPARTMENT-012,Enterprise Operations,ORGANIZATIONAL-UNIT-PRC,LOC-CENTRAL,2026-08-01
EMP497,Talha Riaz,Procurement & Supply Chain,POS-485,S080,Inventory Planning,Procurement,Core,Current,4,Advanced,84.9,10.1,0,Not Required,No,DEPARTMENT-012,Enterprise Operations,ORGANIZATIONAL-UNIT-PRC,LOC-CENTRAL,2026-08-01
EMP498,Usman Faisal,Procurement & Supply Chain,POS-486,S049,Data Analysis,Digital,Common,Current,4,Advanced,76.8,10.7,7,Certified,Yes,DEPARTMENT-012,Enterprise Operations,ORGANIZATIONAL-UNIT-PRC,LOC-CENTRAL,2026-08-01
EMP498,Usman Faisal,Procurement & Supply Chain,POS-486,S080,Inventory Planning,Procurement,Core,Current,4,Advanced,87.1,13.1,8,Not Required,No,DEPARTMENT-012,Enterprise Operations,ORGANIZATIONAL-UNIT-PRC,LOC-CENTRAL,2026-08-01
EMP498,Usman Faisal,Procurement & Supply Chain,POS-486,S078,Supplier Management,Procurement,Core,Current,4,Advanced,80.3,11.5,2,Not Required,No,DEPARTMENT-012,Enterprise Operations,ORGANIZATIONAL-UNIT-PRC,LOC-CENTRAL,2026-08-01
EMP498,Usman Faisal,Procurement & Supply Chain,POS-486,S045,Stakeholder Management,Behavioral,Leadership,Current,4,Advanced,83.2,11.8,17,Certified,No,DEPARTMENT-012,Enterprise Operations,ORGANIZATIONAL-UNIT-PRC,LOC-CENTRAL,2026-08-01
EMP498,Usman Faisal,Procurement & Supply Chain,POS-486,S077,Purchase Order Management,Procurement,Core,Current,5,Expert,100,13.0,14,Not Required,No,DEPARTMENT-012,Enterprise Operations,ORGANIZATIONAL-UNIT-PRC,LOC-CENTRAL,2026-08-01
EMP499,Rabia Dar,Procurement & Supply Chain,POS-487,S049,Data Analysis,Digital,Common,Current,3,Proficient,65.1,9.1,9,Planned,Yes,DEPARTMENT-012,Enterprise Operations,ORGANIZATIONAL-UNIT-PRC,LOC-CENTRAL,2026-08-01
EMP499,Rabia Dar,Procurement & Supply Chain,POS-487,S079,Contract Negotiation,Procurement,Core,Current,3,Proficient,84.4,8.5,18,Certified,No,DEPARTMENT-012,Enterprise Operations,ORGANIZATIONAL-UNIT-PRC,LOC-CENTRAL,2026-08-01
EMP499,Rabia Dar,Procurement & Supply Chain,POS-487,S076,Strategic Sourcing,Procurement,Core,Current,5,Expert,97.8,16.0,17,Planned,No,DEPARTMENT-012,Enterprise Operations,ORGANIZATIONAL-UNIT-PRC,LOC-CENTRAL,2026-08-01
EMP499,Rabia Dar,Procurement & Supply Chain,POS-487,S081,Cost Analysis,Procurement,Core,Current,3,Proficient,81.5,9.0,17,Planned,No,DEPARTMENT-012,Enterprise Operations,ORGANIZATIONAL-UNIT-PRC,LOC-CENTRAL,2026-08-01
EMP499,Rabia Dar,Procurement & Supply Chain,POS-487,S080,Inventory Planning,Procurement,Core,Current,5,Expert,82.5,15.4,14,Not Required,No,DEPARTMENT-012,Enterprise Operations,ORGANIZATIONAL-UNIT-PRC,LOC-CENTRAL,2026-08-01
EMP500,Kashif Nasir,Procurement & Supply Chain,POS-488,S079,Contract Negotiation,Procurement,Core,Current,5,Expert,100,9.0,12,Planned,Yes,DEPARTMENT-012,Enterprise Operations,ORGANIZATIONAL-UNIT-PRC,LOC-CENTRAL,2026-08-01
EMP500,Kashif Nasir,Procurement & Supply Chain,POS-488,S045,Stakeholder Management,Behavioral,Leadership,Current,5,Expert,93.8,8.4,11,Planned,No,DEPARTMENT-012,Enterprise Operations,ORGANIZATIONAL-UNIT-PRC,LOC-CENTRAL,2026-08-01
EMP500,Kashif Nasir,Procurement & Supply Chain,POS-488,S049,Data Analysis,Digital,Common,Current,4,Advanced,84.2,7.8,10,Not Required,No,DEPARTMENT-012,Enterprise Operations,ORGANIZATIONAL-UNIT-PRC,LOC-CENTRAL,2026-08-01
EMP500,Kashif Nasir,Procurement & Supply Chain,POS-488,S080,Inventory Planning,Procurement,Core,Current,4,Advanced,82.7,8.4,3,Certified,No,DEPARTMENT-012,Enterprise Operations,ORGANIZATIONAL-UNIT-PRC,LOC-CENTRAL,2026-08-01
EMP500,Kashif Nasir,Procurement & Supply Chain,POS-488,S077,Purchase Order Management,Procurement,Core,Current,4,Advanced,85.1,8.1,2,Not Required,No,DEPARTMENT-012,Enterprise Operations,ORGANIZATIONAL-UNIT-PRC,LOC-CENTRAL,2026-08-01
EMP501,Kinza Mahmood,Procurement & Supply Chain,POS-489,S049,Data Analysis,Digital,Common,Current,5,Expert,100,14.9,13,Certified,Yes,DEPARTMENT-012,Enterprise Operations,ORGANIZATIONAL-UNIT-PRC,LOC-CENTRAL,2026-08-01
EMP501,Kinza Mahmood,Procurement & Supply Chain,POS-489,S078,Supplier Management,Procurement,Core,Current,4,Advanced,84.2,11.2,14,Not Required,No,DEPARTMENT-012,Enterprise Operations,ORGANIZATIONAL-UNIT-PRC,LOC-CENTRAL,2026-08-01
EMP501,Kinza Mahmood,Procurement & Supply Chain,POS-489,S081,Cost Analysis,Procurement,Core,Current,5,Expert,93.0,13.5,9,Planned,No,DEPARTMENT-012,Enterprise Operations,ORGANIZATIONAL-UNIT-PRC,LOC-CENTRAL,2026-08-01
EMP501,Kinza Mahmood,Procurement & Supply Chain,POS-489,S045,Stakeholder Management,Behavioral,Leadership,Current,5,Expert,89.4,14.2,18,Planned,No,DEPARTMENT-012,Enterprise Operations,ORGANIZATIONAL-UNIT-PRC,LOC-CENTRAL,2026-08-01
EMP501,Kinza Mahmood,Procurement & Supply Chain,POS-489,S079,Contract Negotiation,Procurement,Core,Current,4,Advanced,82.8,11.4,15,Not Required,No,DEPARTMENT-012,Enterprise Operations,ORGANIZATIONAL-UNIT-PRC,LOC-CENTRAL,2026-08-01
EMP502,Talha Rehman,Procurement & Supply Chain,POS-490,S078,Supplier Management,Procurement,Core,Current,3,Proficient,80.1,9.0,16,Not Required,Yes,DEPARTMENT-012,Enterprise Operations,ORGANIZATIONAL-UNIT-PRC,LOC-CENTRAL,2026-08-01
EMP502,Talha Rehman,Procurement & Supply Chain,POS-490,S046,Leadership,Leadership,Leadership,Current,3,Proficient,73.3,8.5,15,Not Required,No,DEPARTMENT-012,Enterprise Operations,ORGANIZATIONAL-UNIT-PRC,LOC-CENTRAL,2026-08-01
EMP502,Talha Rehman,Procurement & Supply Chain,POS-490,S023,Risk & Controls,Compliance,Core,Current,5,Expert,95.8,15.1,4,Certified,No,DEPARTMENT-012,Enterprise Operations,ORGANIZATIONAL-UNIT-PRC,LOC-CENTRAL,2026-08-01
EMP502,Talha Rehman,Procurement & Supply Chain,POS-490,S080,Inventory Planning,Procurement,Core,Current,4,Advanced,80.1,12.8,18,Not Required,No,DEPARTMENT-012,Enterprise Operations,ORGANIZATIONAL-UNIT-PRC,LOC-CENTRAL,2026-08-01
EMP502,Talha Rehman,Procurement & Supply Chain,POS-490,S081,Cost Analysis,Procurement,Core,Current,4,Advanced,93.4,12.7,17,Not Required,No,DEPARTMENT-012,Enterprise Operations,ORGANIZATIONAL-UNIT-PRC,LOC-CENTRAL,2026-08-01
EMP503,Sara Khan,Procurement & Supply Chain,POS-491,S079,Contract Negotiation,Procurement,Core,Current,4,Advanced,86.9,11.0,2,Certified,Yes,DEPARTMENT-012,Enterprise Operations,ORGANIZATIONAL-UNIT-PRC-TEAM-02,LOC-CENTRAL,2026-08-01
EMP503,Sara Khan,Procurement & Supply Chain,POS-491,S023,Risk & Controls,Compliance,Core,Current,4,Advanced,83.5,11.1,4,Not Required,No,DEPARTMENT-012,Enterprise Operations,ORGANIZATIONAL-UNIT-PRC-TEAM-02,LOC-CENTRAL,2026-08-01
EMP503,Sara Khan,Procurement & Supply Chain,POS-491,S049,Data Analysis,Digital,Common,Current,3,Proficient,80.9,9.2,4,Certified,No,DEPARTMENT-012,Enterprise Operations,ORGANIZATIONAL-UNIT-PRC-TEAM-02,LOC-CENTRAL,2026-08-01
EMP503,Sara Khan,Procurement & Supply Chain,POS-491,S080,Inventory Planning,Procurement,Core,Current,5,Expert,97.9,12.2,3,Not Required,No,DEPARTMENT-012,Enterprise Operations,ORGANIZATIONAL-UNIT-PRC-TEAM-02,LOC-CENTRAL,2026-08-01
EMP503,Sara Khan,Procurement & Supply Chain,POS-491,S046,Leadership,Leadership,Leadership,Current,3,Proficient,78.8,9.4,16,Not Required,No,DEPARTMENT-012,Enterprise Operations,ORGANIZATIONAL-UNIT-PRC-TEAM-02,LOC-CENTRAL,2026-08-01
EMP504,Omar Siddiqui,Procurement & Supply Chain,POS-492,S076,Strategic Sourcing,Procurement,Core,Current,5,Expert,89.5,8.2,0,Certified,Yes,DEPARTMENT-012,Enterprise Operations,ORGANIZATIONAL-UNIT-PRC-TEAM-02,LOC-CENTRAL,2026-08-01
EMP504,Omar Siddiqui,Procurement & Supply Chain,POS-492,S077,Purchase Order Management,Procurement,Core,Current,4,Advanced,80.6,8.3,4,Not Required,No,DEPARTMENT-012,Enterprise Operations,ORGANIZATIONAL-UNIT-PRC-TEAM-02,LOC-CENTRAL,2026-08-01
EMP504,Omar Siddiqui,Procurement & Supply Chain,POS-492,S023,Risk & Controls,Compliance,Core,Current,5,Expert,100,7.7,5,Certified,No,DEPARTMENT-012,Enterprise Operations,ORGANIZATIONAL-UNIT-PRC-TEAM-02,LOC-CENTRAL,2026-08-01
EMP504,Omar Siddiqui,Procurement & Supply Chain,POS-492,S046,Leadership,Leadership,Leadership,Current,4,Advanced,81.8,8.0,3,Certified,No,DEPARTMENT-012,Enterprise Operations,ORGANIZATIONAL-UNIT-PRC-TEAM-02,LOC-CENTRAL,2026-08-01
EMP504,Omar Siddiqui,Procurement & Supply Chain,POS-492,S045,Stakeholder Management,Behavioral,Leadership,Current,3,Proficient,75.3,9.0,6,Not Required,No,DEPARTMENT-012,Enterprise Operations,ORGANIZATIONAL-UNIT-PRC-TEAM-02,LOC-CENTRAL,2026-08-01
EMP505,Minal Butt,Procurement & Supply Chain,POS-493,S046,Leadership,Leadership,Leadership,Current,4,Advanced,88.1,9.3,5,Planned,Yes,DEPARTMENT-012,Enterprise Operations,ORGANIZATIONAL-UNIT-PRC-TEAM-01,LOC-CENTRAL,2026-08-01
EMP505,Minal Butt,Procurement & Supply Chain,POS-493,S077,Purchase Order Management,Procurement,Core,Current,5,Expert,99.1,7.2,2,Not Required,No,DEPARTMENT-012,Enterprise Operations,ORGANIZATIONAL-UNIT-PRC-TEAM-01,LOC-CENTRAL,2026-08-01
EMP505,Minal Butt,Procurement & Supply Chain,POS-493,S081,Cost Analysis,Procurement,Core,Current,3,Proficient,77.0,7.7,18,Not Required,No,DEPARTMENT-012,Enterprise Operations,ORGANIZATIONAL-UNIT-PRC-TEAM-01,LOC-CENTRAL,2026-08-01
EMP505,Minal Butt,Procurement & Supply Chain,POS-493,S078,Supplier Management,Procurement,Core,Current,5,Expert,100,8.8,9,Certified,No,DEPARTMENT-012,Enterprise Operations,ORGANIZATIONAL-UNIT-PRC-TEAM-01,LOC-CENTRAL,2026-08-01
EMP505,Minal Butt,Procurement & Supply Chain,POS-493,S079,Contract Negotiation,Procurement,Core,Current,3,Proficient,70.9,9.1,5,Not Required,No,DEPARTMENT-012,Enterprise Operations,ORGANIZATIONAL-UNIT-PRC-TEAM-01,LOC-CENTRAL,2026-08-01
EMP506,Komal Munir,Procurement & Supply Chain,POS-494,S080,Inventory Planning,Procurement,Core,Current,3,Proficient,71.2,9.8,6,Certified,Yes,DEPARTMENT-012,Enterprise Operations,ORGANIZATIONAL-UNIT-PRC-TEAM-03,LOC-CENTRAL,2026-08-01
EMP506,Komal Munir,Procurement & Supply Chain,POS-494,S079,Contract Negotiation,Procurement,Core,Current,5,Expert,97.3,13.1,0,Certified,No,DEPARTMENT-012,Enterprise Operations,ORGANIZATIONAL-UNIT-PRC-TEAM-03,LOC-CENTRAL,2026-08-01
EMP506,Komal Munir,Procurement & Supply Chain,POS-494,S078,Supplier Management,Procurement,Core,Current,4,Advanced,80.9,10.7,16,Not Required,No,DEPARTMENT-012,Enterprise Operations,ORGANIZATIONAL-UNIT-PRC-TEAM-03,LOC-CENTRAL,2026-08-01
EMP506,Komal Munir,Procurement & Supply Chain,POS-494,S077,Purchase Order Management,Procurement,Core,Current,3,Proficient,79.6,9.0,13,Not Required,No,DEPARTMENT-012,Enterprise Operations,ORGANIZATIONAL-UNIT-PRC-TEAM-03,LOC-CENTRAL,2026-08-01
EMP506,Komal Munir,Procurement & Supply Chain,POS-494,S023,Risk & Controls,Compliance,Core,Current,3,Proficient,73.4,9.2,4,Not Required,No,DEPARTMENT-012,Enterprise Operations,ORGANIZATIONAL-UNIT-PRC-TEAM-03,LOC-CENTRAL,2026-08-01
EMP507,Minal Malik,Procurement & Supply Chain,POS-495,S046,Leadership,Leadership,Leadership,Current,5,Expert,89.4,11.4,4,Planned,Yes,DEPARTMENT-012,Enterprise Operations,ORGANIZATIONAL-UNIT-PRC-TEAM-02,LOC-CENTRAL,2026-08-01
EMP507,Minal Malik,Procurement & Supply Chain,POS-495,S076,Strategic Sourcing,Procurement,Core,Current,4,Advanced,81.6,11.2,8,Not Required,No,DEPARTMENT-012,Enterprise Operations,ORGANIZATIONAL-UNIT-PRC-TEAM-02,LOC-CENTRAL,2026-08-01
EMP507,Minal Malik,Procurement & Supply Chain,POS-495,S023,Risk & Controls,Compliance,Core,Current,3,Proficient,66.4,9.4,5,Not Required,No,DEPARTMENT-012,Enterprise Operations,ORGANIZATIONAL-UNIT-PRC-TEAM-02,LOC-CENTRAL,2026-08-01
EMP507,Minal Malik,Procurement & Supply Chain,POS-495,S081,Cost Analysis,Procurement,Core,Current,5,Expert,95.6,11.6,2,Not Required,No,DEPARTMENT-012,Enterprise Operations,ORGANIZATIONAL-UNIT-PRC-TEAM-02,LOC-CENTRAL,2026-08-01
EMP507,Minal Malik,Procurement & Supply Chain,POS-495,S078,Supplier Management,Procurement,Core,Current,5,Expert,100,9.1,0,Not Required,No,DEPARTMENT-012,Enterprise Operations,ORGANIZATIONAL-UNIT-PRC-TEAM-02,LOC-CENTRAL,2026-08-01
EMP508,Kinza Siddiqui,Procurement & Supply Chain,POS-496,S046,Leadership,Leadership,Leadership,Current,4,Advanced,85.9,11.7,18,Not Required,Yes,DEPARTMENT-012,Enterprise Operations,ORGANIZATIONAL-UNIT-PRC-TEAM-03,LOC-CENTRAL,2026-08-01
EMP508,Kinza Siddiqui,Procurement & Supply Chain,POS-496,S079,Contract Negotiation,Procurement,Core,Current,3,Proficient,70.7,9.0,3,Planned,No,DEPARTMENT-012,Enterprise Operations,ORGANIZATIONAL-UNIT-PRC-TEAM-03,LOC-CENTRAL,2026-08-01
EMP508,Kinza Siddiqui,Procurement & Supply Chain,POS-496,S045,Stakeholder Management,Behavioral,Leadership,Current,4,Advanced,88.8,12.2,18,Not Required,No,DEPARTMENT-012,Enterprise Operations,ORGANIZATIONAL-UNIT-PRC-TEAM-03,LOC-CENTRAL,2026-08-01
EMP508,Kinza Siddiqui,Procurement & Supply Chain,POS-496,S076,Strategic Sourcing,Procurement,Core,Current,5,Expert,100,13.8,14,Certified,No,DEPARTMENT-012,Enterprise Operations,ORGANIZATIONAL-UNIT-PRC-TEAM-03,LOC-CENTRAL,2026-08-01
EMP508,Kinza Siddiqui,Procurement & Supply Chain,POS-496,S023,Risk & Controls,Compliance,Core,Current,4,Advanced,83.4,11.6,10,Planned,No,DEPARTMENT-012,Enterprise Operations,ORGANIZATIONAL-UNIT-PRC-TEAM-03,LOC-CENTRAL,2026-08-01
EMP509,Iqra Abbasi,Procurement & Supply Chain,POS-497,S079,Contract Negotiation,Procurement,Core,Current,3,Proficient,78.4,8.7,18,Planned,Yes,DEPARTMENT-012,Enterprise Operations,ORGANIZATIONAL-UNIT-PRC-TEAM-02,LOC-CENTRAL,2026-08-01
EMP509,Iqra Abbasi,Procurement & Supply Chain,POS-497,S076,Strategic Sourcing,Procurement,Core,Current,4,Advanced,93.3,9.0,12,Not Required,No,DEPARTMENT-012,Enterprise Operations,ORGANIZATIONAL-UNIT-PRC-TEAM-02,LOC-CENTRAL,2026-08-01
EMP509,Iqra Abbasi,Procurement & Supply Chain,POS-497,S049,Data Analysis,Digital,Common,Current,5,Expert,90.1,11.6,5,Not Required,No,DEPARTMENT-012,Enterprise Operations,ORGANIZATIONAL-UNIT-PRC-TEAM-02,LOC-CENTRAL,2026-08-01
EMP509,Iqra Abbasi,Procurement & Supply Chain,POS-497,S046,Leadership,Leadership,Leadership,Current,5,Expert,90.5,9.6,8,Not Required,No,DEPARTMENT-012,Enterprise Operations,ORGANIZATIONAL-UNIT-PRC-TEAM-02,LOC-CENTRAL,2026-08-01
EMP509,Iqra Abbasi,Procurement & Supply Chain,POS-497,S078,Supplier Management,Procurement,Core,Current,5,Expert,96.3,9.5,16,Certified,No,DEPARTMENT-012,Enterprise Operations,ORGANIZATIONAL-UNIT-PRC-TEAM-02,LOC-CENTRAL,2026-08-01
EMP510,Laiba Butt,Procurement & Supply Chain,POS-498,S023,Risk & Controls,Compliance,Core,Current,3,Proficient,69.5,9.2,18,Planned,Yes,DEPARTMENT-012,Enterprise Operations,ORGANIZATIONAL-UNIT-PRC-TEAM-03,LOC-CENTRAL,2026-08-01
EMP510,Laiba Butt,Procurement & Supply Chain,POS-498,S045,Stakeholder Management,Behavioral,Leadership,Current,5,Expert,90.1,6.3,5,Not Required,No,DEPARTMENT-012,Enterprise Operations,ORGANIZATIONAL-UNIT-PRC-TEAM-03,LOC-CENTRAL,2026-08-01
EMP510,Laiba Butt,Procurement & Supply Chain,POS-498,S046,Leadership,Leadership,Leadership,Current,5,Expert,94.4,8.0,1,Not Required,No,DEPARTMENT-012,Enterprise Operations,ORGANIZATIONAL-UNIT-PRC-TEAM-03,LOC-CENTRAL,2026-08-01
EMP510,Laiba Butt,Procurement & Supply Chain,POS-498,S079,Contract Negotiation,Procurement,Core,Current,4,Advanced,87.7,7.4,5,Not Required,No,DEPARTMENT-012,Enterprise Operations,ORGANIZATIONAL-UNIT-PRC-TEAM-03,LOC-CENTRAL,2026-08-01
EMP510,Laiba Butt,Procurement & Supply Chain,POS-498,S080,Inventory Planning,Procurement,Core,Current,4,Advanced,88.5,7.3,0,Not Required,No,DEPARTMENT-012,Enterprise Operations,ORGANIZATIONAL-UNIT-PRC-TEAM-03,LOC-CENTRAL,2026-08-01
EMP511,Asad Mirza,Procurement & Supply Chain,POS-499,S079,Contract Negotiation,Procurement,Core,Developing,2,Developing,64.3,5.9,2,Planned,Yes,DEPARTMENT-012,Enterprise Operations,ORGANIZATIONAL-UNIT-PRC-TEAM-03,LOC-CENTRAL,2026-08-01
EMP511,Asad Mirza,Procurement & Supply Chain,POS-499,S076,Strategic Sourcing,Procurement,Core,Current,3,Proficient,65.9,5.8,8,Certified,No,DEPARTMENT-012,Enterprise Operations,ORGANIZATIONAL-UNIT-PRC-TEAM-03,LOC-CENTRAL,2026-08-01
EMP511,Asad Mirza,Procurement & Supply Chain,POS-499,S080,Inventory Planning,Procurement,Core,Developing,2,Developing,59.9,5.5,18,Not Required,No,DEPARTMENT-012,Enterprise Operations,ORGANIZATIONAL-UNIT-PRC-TEAM-03,LOC-CENTRAL,2026-08-01
EMP511,Asad Mirza,Procurement & Supply Chain,POS-499,S045,Stakeholder Management,Behavioral,Leadership,Developing,2,Developing,69.6,5.6,10,Not Required,No,DEPARTMENT-012,Enterprise Operations,ORGANIZATIONAL-UNIT-PRC-TEAM-03,LOC-CENTRAL,2026-08-01
EMP511,Asad Mirza,Procurement & Supply Chain,POS-499,S049,Data Analysis,Digital,Common,Developing,2,Developing,70.1,6.4,14,Certified,No,DEPARTMENT-012,Enterprise Operations,ORGANIZATIONAL-UNIT-PRC-TEAM-03,LOC-CENTRAL,2026-08-01
EMP512,Asad Butt,Procurement & Supply Chain,POS-500,S081,Cost Analysis,Procurement,Core,Developing,2,Developing,56.2,7.0,15,Not Required,Yes,DEPARTMENT-012,Enterprise Operations,ORGANIZATIONAL-UNIT-PRC-TEAM-01,LOC-CENTRAL,2026-08-01
EMP512,Asad Butt,Procurement & Supply Chain,POS-500,S078,Supplier Management,Procurement,Core,Current,3,Proficient,84.2,7.5,15,Planned,No,DEPARTMENT-012,Enterprise Operations,ORGANIZATIONAL-UNIT-PRC-TEAM-01,LOC-CENTRAL,2026-08-01
EMP512,Asad Butt,Procurement & Supply Chain,POS-500,S045,Stakeholder Management,Behavioral,Leadership,Current,5,Expert,87.1,9.3,1,Not Required,No,DEPARTMENT-012,Enterprise Operations,ORGANIZATIONAL-UNIT-PRC-TEAM-01,LOC-CENTRAL,2026-08-01
EMP512,Asad Butt,Procurement & Supply Chain,POS-500,S049,Data Analysis,Digital,Common,Current,3,Proficient,74.2,9.1,7,Certified,No,DEPARTMENT-012,Enterprise Operations,ORGANIZATIONAL-UNIT-PRC-TEAM-01,LOC-CENTRAL,2026-08-01
EMP512,Asad Butt,Procurement & Supply Chain,POS-500,S023,Risk & Controls,Compliance,Core,Current,5,Expert,92.8,9.7,3,Certified,No,DEPARTMENT-012,Enterprise Operations,ORGANIZATIONAL-UNIT-PRC-TEAM-01,LOC-CENTRAL,2026-08-01
EMP513,Noor Iqbal,Procurement & Supply Chain,POS-501,S080,Inventory Planning,Procurement,Core,Current,5,Expert,100,2.9,1,Planned,Yes,DEPARTMENT-012,Enterprise Operations,ORGANIZATIONAL-UNIT-PRC-TEAM-03,LOC-CENTRAL,2026-08-01
EMP513,Noor Iqbal,Procurement & Supply Chain,POS-501,S079,Contract Negotiation,Procurement,Core,Developing,2,Developing,71.6,2.8,15,Not Required,No,DEPARTMENT-012,Enterprise Operations,ORGANIZATIONAL-UNIT-PRC-TEAM-03,LOC-CENTRAL,2026-08-01
EMP513,Noor Iqbal,Procurement & Supply Chain,POS-501,S078,Supplier Management,Procurement,Core,Developing,2,Developing,58.1,4.4,8,Certified,No,DEPARTMENT-012,Enterprise Operations,ORGANIZATIONAL-UNIT-PRC-TEAM-03,LOC-CENTRAL,2026-08-01
EMP513,Noor Iqbal,Procurement & Supply Chain,POS-501,S081,Cost Analysis,Procurement,Core,Developing,2,Developing,63.3,3.8,4,Not Required,No,DEPARTMENT-012,Enterprise Operations,ORGANIZATIONAL-UNIT-PRC-TEAM-03,LOC-CENTRAL,2026-08-01
EMP513,Noor Iqbal,Procurement & Supply Chain,POS-501,S046,Leadership,Leadership,Leadership,Developing,2,Developing,53.3,4.1,8,Certified,No,DEPARTMENT-012,Enterprise Operations,ORGANIZATIONAL-UNIT-PRC-TEAM-03,LOC-CENTRAL,2026-08-01
EMP514,Sana Saleem,Procurement & Supply Chain,POS-502,S080,Inventory Planning,Procurement,Core,Current,5,Expert,93.5,5.8,17,Not Required,Yes,DEPARTMENT-012,Enterprise Operations,ORGANIZATIONAL-UNIT-PRC-TEAM-03,LOC-CENTRAL,2026-08-01
EMP514,Sana Saleem,Procurement & Supply Chain,POS-502,S077,Purchase Order Management,Procurement,Core,Current,5,Expert,100,5.0,8,Not Required,No,DEPARTMENT-012,Enterprise Operations,ORGANIZATIONAL-UNIT-PRC-TEAM-03,LOC-CENTRAL,2026-08-01
EMP514,Sana Saleem,Procurement & Supply Chain,POS-502,S079,Contract Negotiation,Procurement,Core,Current,4,Advanced,86.8,4.6,8,Not Required,No,DEPARTMENT-012,Enterprise Operations,ORGANIZATIONAL-UNIT-PRC-TEAM-03,LOC-CENTRAL,2026-08-01
EMP514,Sana Saleem,Procurement & Supply Chain,POS-502,S046,Leadership,Leadership,Leadership,Current,3,Proficient,73.9,6.1,0,Not Required,No,DEPARTMENT-012,Enterprise Operations,ORGANIZATIONAL-UNIT-PRC-TEAM-03,LOC-CENTRAL,2026-08-01
EMP514,Sana Saleem,Procurement & Supply Chain,POS-502,S076,Strategic Sourcing,Procurement,Core,Current,5,Expert,99.0,6.6,9,Not Required,No,DEPARTMENT-012,Enterprise Operations,ORGANIZATIONAL-UNIT-PRC-TEAM-03,LOC-CENTRAL,2026-08-01
EMP515,Mehwish Ali,Procurement & Supply Chain,POS-503,S049,Data Analysis,Digital,Common,Current,4,Advanced,91.9,8.0,13,Planned,Yes,DEPARTMENT-012,Enterprise Operations,ORGANIZATIONAL-UNIT-PRC-TEAM-02,LOC-CENTRAL,2026-08-01
EMP515,Mehwish Ali,Procurement & Supply Chain,POS-503,S077,Purchase Order Management,Procurement,Core,Current,4,Advanced,93.7,9.8,11,Planned,No,DEPARTMENT-012,Enterprise Operations,ORGANIZATIONAL-UNIT-PRC-TEAM-02,LOC-CENTRAL,2026-08-01
EMP515,Mehwish Ali,Procurement & Supply Chain,POS-503,S081,Cost Analysis,Procurement,Core,Current,5,Expert,86.1,8.1,18,Not Required,No,DEPARTMENT-012,Enterprise Operations,ORGANIZATIONAL-UNIT-PRC-TEAM-02,LOC-CENTRAL,2026-08-01
EMP515,Mehwish Ali,Procurement & Supply Chain,POS-503,S045,Stakeholder Management,Behavioral,Leadership,Current,5,Expert,89.1,7.9,4,Not Required,No,DEPARTMENT-012,Enterprise Operations,ORGANIZATIONAL-UNIT-PRC-TEAM-02,LOC-CENTRAL,2026-08-01
EMP515,Mehwish Ali,Procurement & Supply Chain,POS-503,S080,Inventory Planning,Procurement,Core,Current,3,Proficient,77.9,8.0,10,Planned,No,DEPARTMENT-012,Enterprise Operations,ORGANIZATIONAL-UNIT-PRC-TEAM-02,LOC-CENTRAL,2026-08-01
EMP516,Maryam Yousaf,Procurement & Supply Chain,POS-504,S078,Supplier Management,Procurement,Core,Developing,2,Developing,60.7,4.4,17,Certified,Yes,DEPARTMENT-012,Enterprise Operations,ORGANIZATIONAL-UNIT-PRC-TEAM-03,LOC-CENTRAL,2026-08-01
EMP516,Maryam Yousaf,Procurement & Supply Chain,POS-504,S077,Purchase Order Management,Procurement,Core,Current,4,Advanced,71.7,3.5,6,Not Required,No,DEPARTMENT-012,Enterprise Operations,ORGANIZATIONAL-UNIT-PRC-TEAM-03,LOC-CENTRAL,2026-08-01
EMP516,Maryam Yousaf,Procurement & Supply Chain,POS-504,S079,Contract Negotiation,Procurement,Core,Current,5,Expert,100,4.9,7,Not Required,No,DEPARTMENT-012,Enterprise Operations,ORGANIZATIONAL-UNIT-PRC-TEAM-03,LOC-CENTRAL,2026-08-01
EMP516,Maryam Yousaf,Procurement & Supply Chain,POS-504,S023,Risk & Controls,Compliance,Core,Developing,2,Developing,63.9,4.1,6,Not Required,No,DEPARTMENT-012,Enterprise Operations,ORGANIZATIONAL-UNIT-PRC-TEAM-03,LOC-CENTRAL,2026-08-01
EMP516,Maryam Yousaf,Procurement & Supply Chain,POS-504,S046,Leadership,Leadership,Leadership,Developing,2,Developing,69.4,3.6,15,Not Required,No,DEPARTMENT-012,Enterprise Operations,ORGANIZATIONAL-UNIT-PRC-TEAM-03,LOC-CENTRAL,2026-08-01
EMP517,Anam Rehman,Procurement & Supply Chain,POS-505,S045,Stakeholder Management,Behavioral,Leadership,Current,3,Proficient,73.3,7.1,3,Not Required,Yes,DEPARTMENT-012,Enterprise Operations,ORGANIZATIONAL-UNIT-PRC-TEAM-01,LOC-CENTRAL,2026-08-01
EMP517,Anam Rehman,Procurement & Supply Chain,POS-505,S046,Leadership,Leadership,Leadership,Current,4,Advanced,88.9,8.8,10,Not Required,No,DEPARTMENT-012,Enterprise Operations,ORGANIZATIONAL-UNIT-PRC-TEAM-01,LOC-CENTRAL,2026-08-01
EMP517,Anam Rehman,Procurement & Supply Chain,POS-505,S049,Data Analysis,Digital,Common,Current,3,Proficient,76.1,8.1,16,Not Required,No,DEPARTMENT-012,Enterprise Operations,ORGANIZATIONAL-UNIT-PRC-TEAM-01,LOC-CENTRAL,2026-08-01
EMP517,Anam Rehman,Procurement & Supply Chain,POS-505,S076,Strategic Sourcing,Procurement,Core,Current,4,Advanced,87.0,6.8,8,Not Required,No,DEPARTMENT-012,Enterprise Operations,ORGANIZATIONAL-UNIT-PRC-TEAM-01,LOC-CENTRAL,2026-08-01
EMP517,Anam Rehman,Procurement & Supply Chain,POS-505,S079,Contract Negotiation,Procurement,Core,Current,5,Expert,89.0,8.3,16,Not Required,No,DEPARTMENT-012,Enterprise Operations,ORGANIZATIONAL-UNIT-PRC-TEAM-01,LOC-CENTRAL,2026-08-01
EMP518,Maryam Mughal,Procurement & Supply Chain,POS-506,S045,Stakeholder Management,Behavioral,Leadership,Current,4,Advanced,88.4,5.2,5,Not Required,Yes,DEPARTMENT-012,Enterprise Operations,ORGANIZATIONAL-UNIT-PRC-TEAM-01,LOC-CENTRAL,2026-08-01
EMP518,Maryam Mughal,Procurement & Supply Chain,POS-506,S080,Inventory Planning,Procurement,Core,Current,3,Proficient,66.8,6.5,10,Not Required,No,DEPARTMENT-012,Enterprise Operations,ORGANIZATIONAL-UNIT-PRC-TEAM-01,LOC-CENTRAL,2026-08-01
EMP518,Maryam Mughal,Procurement & Supply Chain,POS-506,S049,Data Analysis,Digital,Common,Current,3,Proficient,73.9,4.9,18,Not Required,No,DEPARTMENT-012,Enterprise Operations,ORGANIZATIONAL-UNIT-PRC-TEAM-01,LOC-CENTRAL,2026-08-01
EMP518,Maryam Mughal,Procurement & Supply Chain,POS-506,S023,Risk & Controls,Compliance,Core,Current,4,Advanced,91.7,5.7,0,Not Required,No,DEPARTMENT-012,Enterprise Operations,ORGANIZATIONAL-UNIT-PRC-TEAM-01,LOC-CENTRAL,2026-08-01
EMP518,Maryam Mughal,Procurement & Supply Chain,POS-506,S079,Contract Negotiation,Procurement,Core,Current,5,Expert,89.2,5.5,8,Not Required,No,DEPARTMENT-012,Enterprise Operations,ORGANIZATIONAL-UNIT-PRC-TEAM-01,LOC-CENTRAL,2026-08-01
EMP519,Areeba Hameed,Procurement & Supply Chain,POS-507,S079,Contract Negotiation,Procurement,Core,Current,5,Expert,97.9,7.7,13,Certified,Yes,DEPARTMENT-012,Enterprise Operations,ORGANIZATIONAL-UNIT-PRC-TEAM-03,LOC-CENTRAL,2026-08-01
EMP519,Areeba Hameed,Procurement & Supply Chain,POS-507,S045,Stakeholder Management,Behavioral,Leadership,Current,3,Proficient,72.1,8.7,15,Not Required,No,DEPARTMENT-012,Enterprise Operations,ORGANIZATIONAL-UNIT-PRC-TEAM-03,LOC-CENTRAL,2026-08-01
EMP519,Areeba Hameed,Procurement & Supply Chain,POS-507,S049,Data Analysis,Digital,Common,Developing,2,Developing,56.4,7.2,16,Not Required,No,DEPARTMENT-012,Enterprise Operations,ORGANIZATIONAL-UNIT-PRC-TEAM-03,LOC-CENTRAL,2026-08-01
EMP519,Areeba Hameed,Procurement & Supply Chain,POS-507,S046,Leadership,Leadership,Leadership,Current,4,Advanced,92.9,7.8,1,Not Required,No,DEPARTMENT-012,Enterprise Operations,ORGANIZATIONAL-UNIT-PRC-TEAM-03,LOC-CENTRAL,2026-08-01
EMP519,Areeba Hameed,Procurement & Supply Chain,POS-507,S078,Supplier Management,Procurement,Core,Current,5,Expert,94.4,9.3,3,Not Required,No,DEPARTMENT-012,Enterprise Operations,ORGANIZATIONAL-UNIT-PRC-TEAM-03,LOC-CENTRAL,2026-08-01
EMP520,Maryam Munir,Procurement & Supply Chain,POS-508,S045,Stakeholder Management,Behavioral,Leadership,Current,4,Advanced,81.4,7.4,16,Planned,Yes,DEPARTMENT-012,Enterprise Operations,ORGANIZATIONAL-UNIT-PRC-TEAM-03,LOC-CENTRAL,2026-08-01
EMP520,Maryam Munir,Procurement & Supply Chain,POS-508,S077,Purchase Order Management,Procurement,Core,Current,5,Expert,95.6,5.2,0,Not Required,No,DEPARTMENT-012,Enterprise Operations,ORGANIZATIONAL-UNIT-PRC-TEAM-03,LOC-CENTRAL,2026-08-01
EMP520,Maryam Munir,Procurement & Supply Chain,POS-508,S080,Inventory Planning,Procurement,Core,Developing,2,Developing,71.1,7.3,18,Planned,No,DEPARTMENT-012,Enterprise Operations,ORGANIZATIONAL-UNIT-PRC-TEAM-03,LOC-CENTRAL,2026-08-01
EMP520,Maryam Munir,Procurement & Supply Chain,POS-508,S023,Risk & Controls,Compliance,Core,Current,4,Advanced,83.5,6.6,6,Certified,No,DEPARTMENT-012,Enterprise Operations,ORGANIZATIONAL-UNIT-PRC-TEAM-03,LOC-CENTRAL,2026-08-01
EMP520,Maryam Munir,Procurement & Supply Chain,POS-508,S049,Data Analysis,Digital,Common,Current,4,Advanced,78.0,6.6,11,Not Required,No,DEPARTMENT-012,Enterprise Operations,ORGANIZATIONAL-UNIT-PRC-TEAM-03,LOC-CENTRAL,2026-08-01
EMP521,Noman Zafar,Procurement & Supply Chain,POS-509,S023,Risk & Controls,Compliance,Core,Current,5,Expert,84.2,8.3,1,Not Required,Yes,DEPARTMENT-012,Enterprise Operations,ORGANIZATIONAL-UNIT-PRC-TEAM-03,LOC-CENTRAL,2026-08-01
EMP521,Noman Zafar,Procurement & Supply Chain,POS-509,S080,Inventory Planning,Procurement,Core,Current,3,Proficient,79.9,8.0,6,Certified,No,DEPARTMENT-012,Enterprise Operations,ORGANIZATIONAL-UNIT-PRC-TEAM-03,LOC-CENTRAL,2026-08-01
EMP521,Noman Zafar,Procurement & Supply Chain,POS-509,S078,Supplier Management,Procurement,Core,Current,5,Expert,94.4,8.1,12,Certified,No,DEPARTMENT-012,Enterprise Operations,ORGANIZATIONAL-UNIT-PRC-TEAM-03,LOC-CENTRAL,2026-08-01
EMP521,Noman Zafar,Procurement & Supply Chain,POS-509,S081,Cost Analysis,Procurement,Core,Current,3,Proficient,75.6,8.4,15,Not Required,No,DEPARTMENT-012,Enterprise Operations,ORGANIZATIONAL-UNIT-PRC-TEAM-03,LOC-CENTRAL,2026-08-01
EMP521,Noman Zafar,Procurement & Supply Chain,POS-509,S049,Data Analysis,Digital,Common,Current,4,Advanced,82.9,8.1,11,Not Required,No,DEPARTMENT-012,Enterprise Operations,ORGANIZATIONAL-UNIT-PRC-TEAM-03,LOC-CENTRAL,2026-08-01
EMP522,Nida Riaz,Procurement & Supply Chain,POS-510,S046,Leadership,Leadership,Leadership,Current,5,Expert,100,4.3,1,Not Required,Yes,DEPARTMENT-012,Enterprise Operations,ORGANIZATIONAL-UNIT-PRC-TEAM-01,LOC-CENTRAL,2026-08-01
EMP522,Nida Riaz,Procurement & Supply Chain,POS-510,S080,Inventory Planning,Procurement,Core,Developing,2,Developing,66.5,3.8,4,Certified,No,DEPARTMENT-012,Enterprise Operations,ORGANIZATIONAL-UNIT-PRC-TEAM-01,LOC-CENTRAL,2026-08-01
EMP522,Nida Riaz,Procurement & Supply Chain,POS-510,S077,Purchase Order Management,Procurement,Core,Current,4,Advanced,86.7,4.1,15,Certified,No,DEPARTMENT-012,Enterprise Operations,ORGANIZATIONAL-UNIT-PRC-TEAM-01,LOC-CENTRAL,2026-08-01
EMP522,Nida Riaz,Procurement & Supply Chain,POS-510,S045,Stakeholder Management,Behavioral,Leadership,Developing,2,Developing,59.5,5.1,8,Not Required,No,DEPARTMENT-012,Enterprise Operations,ORGANIZATIONAL-UNIT-PRC-TEAM-01,LOC-CENTRAL,2026-08-01
EMP522,Nida Riaz,Procurement & Supply Chain,POS-510,S078,Supplier Management,Procurement,Core,Developing,2,Developing,63.0,3.5,18,Planned,No,DEPARTMENT-012,Enterprise Operations,ORGANIZATIONAL-UNIT-PRC-TEAM-01,LOC-CENTRAL,2026-08-01
EMP523,Noor Siddiqui,Procurement & Supply Chain,POS-511,S023,Risk & Controls,Compliance,Core,Current,3,Proficient,79.5,6.3,8,Planned,Yes,DEPARTMENT-012,Enterprise Operations,ORGANIZATIONAL-UNIT-PRC-TEAM-02,LOC-CENTRAL,2026-08-01
EMP523,Noor Siddiqui,Procurement & Supply Chain,POS-511,S079,Contract Negotiation,Procurement,Core,Developing,2,Developing,70.1,7.4,0,Planned,No,DEPARTMENT-012,Enterprise Operations,ORGANIZATIONAL-UNIT-PRC-TEAM-02,LOC-CENTRAL,2026-08-01
EMP523,Noor Siddiqui,Procurement & Supply Chain,POS-511,S077,Purchase Order Management,Procurement,Core,Current,3,Proficient,71.8,7.3,15,Certified,No,DEPARTMENT-012,Enterprise Operations,ORGANIZATIONAL-UNIT-PRC-TEAM-02,LOC-CENTRAL,2026-08-01
EMP523,Noor Siddiqui,Procurement & Supply Chain,POS-511,S046,Leadership,Leadership,Leadership,Developing,2,Developing,66.1,6.6,4,Not Required,No,DEPARTMENT-012,Enterprise Operations,ORGANIZATIONAL-UNIT-PRC-TEAM-02,LOC-CENTRAL,2026-08-01
EMP523,Noor Siddiqui,Procurement & Supply Chain,POS-511,S045,Stakeholder Management,Behavioral,Leadership,Current,4,Advanced,84.6,7.6,5,Not Required,No,DEPARTMENT-012,Enterprise Operations,ORGANIZATIONAL-UNIT-PRC-TEAM-02,LOC-CENTRAL,2026-08-01
EMP524,Sidra Siddiqui,Procurement & Supply Chain,POS-512,S077,Purchase Order Management,Procurement,Core,Current,5,Expert,93.8,8.2,1,Not Required,Yes,DEPARTMENT-012,Enterprise Operations,ORGANIZATIONAL-UNIT-PRC-TEAM-01,LOC-CENTRAL,2026-08-01
EMP524,Sidra Siddiqui,Procurement & Supply Chain,POS-512,S078,Supplier Management,Procurement,Core,Current,5,Expert,92.9,7.5,3,Not Required,No,DEPARTMENT-012,Enterprise Operations,ORGANIZATIONAL-UNIT-PRC-TEAM-01,LOC-CENTRAL,2026-08-01
EMP524,Sidra Siddiqui,Procurement & Supply Chain,POS-512,S046,Leadership,Leadership,Leadership,Developing,2,Developing,61.2,6.8,14,Planned,No,DEPARTMENT-012,Enterprise Operations,ORGANIZATIONAL-UNIT-PRC-TEAM-01,LOC-CENTRAL,2026-08-01
EMP524,Sidra Siddiqui,Procurement & Supply Chain,POS-512,S023,Risk & Controls,Compliance,Core,Developing,2,Developing,59.2,5.8,11,Planned,No,DEPARTMENT-012,Enterprise Operations,ORGANIZATIONAL-UNIT-PRC-TEAM-01,LOC-CENTRAL,2026-08-01
EMP524,Sidra Siddiqui,Procurement & Supply Chain,POS-512,S080,Inventory Planning,Procurement,Core,Current,5,Expert,100,8.8,0,Planned,No,DEPARTMENT-012,Enterprise Operations,ORGANIZATIONAL-UNIT-PRC-TEAM-01,LOC-CENTRAL,2026-08-01
EMP525,Imran Nasir,Procurement & Supply Chain,POS-513,S078,Supplier Management,Procurement,Core,Current,4,Advanced,86.0,4.0,12,Not Required,Yes,DEPARTMENT-012,Enterprise Operations,ORGANIZATIONAL-UNIT-PRC-TEAM-02,LOC-CENTRAL,2026-08-01
EMP525,Imran Nasir,Procurement & Supply Chain,POS-513,S076,Strategic Sourcing,Procurement,Core,Current,4,Advanced,88.1,3.6,5,Not Required,No,DEPARTMENT-012,Enterprise Operations,ORGANIZATIONAL-UNIT-PRC-TEAM-02,LOC-CENTRAL,2026-08-01
EMP525,Imran Nasir,Procurement & Supply Chain,POS-513,S046,Leadership,Leadership,Leadership,Developing,2,Developing,71.1,2.7,17,Not Required,No,DEPARTMENT-012,Enterprise Operations,ORGANIZATIONAL-UNIT-PRC-TEAM-02,LOC-CENTRAL,2026-08-01
EMP525,Imran Nasir,Procurement & Supply Chain,POS-513,S081,Cost Analysis,Procurement,Core,Developing,2,Developing,65.1,3.3,18,Not Required,No,DEPARTMENT-012,Enterprise Operations,ORGANIZATIONAL-UNIT-PRC-TEAM-02,LOC-CENTRAL,2026-08-01
EMP525,Imran Nasir,Procurement & Supply Chain,POS-513,S023,Risk & Controls,Compliance,Core,Current,3,Proficient,79.2,2.0,15,Not Required,No,DEPARTMENT-012,Enterprise Operations,ORGANIZATIONAL-UNIT-PRC-TEAM-02,LOC-CENTRAL,2026-08-01
EMP526,Adnan Chaudhry,Procurement & Supply Chain,POS-514,S046,Leadership,Leadership,Leadership,Current,3,Proficient,80.7,1.9,1,Not Required,Yes,DEPARTMENT-012,Enterprise Operations,ORGANIZATIONAL-UNIT-PRC-TEAM-02,LOC-CENTRAL,2026-08-01
EMP526,Adnan Chaudhry,Procurement & Supply Chain,POS-514,S076,Strategic Sourcing,Procurement,Core,Current,3,Proficient,89.6,3.9,8,Not Required,No,DEPARTMENT-012,Enterprise Operations,ORGANIZATIONAL-UNIT-PRC-TEAM-02,LOC-CENTRAL,2026-08-01
EMP526,Adnan Chaudhry,Procurement & Supply Chain,POS-514,S023,Risk & Controls,Compliance,Core,Developing,2,Developing,57.5,1.6,4,Not Required,No,DEPARTMENT-012,Enterprise Operations,ORGANIZATIONAL-UNIT-PRC-TEAM-02,LOC-CENTRAL,2026-08-01
EMP526,Adnan Chaudhry,Procurement & Supply Chain,POS-514,S078,Supplier Management,Procurement,Core,Current,3,Proficient,78.7,1.6,17,Certified,No,DEPARTMENT-012,Enterprise Operations,ORGANIZATIONAL-UNIT-PRC-TEAM-02,LOC-CENTRAL,2026-08-01
EMP526,Adnan Chaudhry,Procurement & Supply Chain,POS-514,S045,Stakeholder Management,Behavioral,Leadership,Developing,2,Developing,79.1,2.3,18,Certified,No,DEPARTMENT-012,Enterprise Operations,ORGANIZATIONAL-UNIT-PRC-TEAM-02,LOC-CENTRAL,2026-08-01
EMP527,Mehwish Nasir,Procurement & Supply Chain,POS-515,S079,Contract Negotiation,Procurement,Core,Current,3,Proficient,90.2,1.0,13,Not Required,Yes,DEPARTMENT-012,Enterprise Operations,ORGANIZATIONAL-UNIT-PRC-TEAM-01,LOC-CENTRAL,2026-08-01
EMP527,Mehwish Nasir,Procurement & Supply Chain,POS-515,S081,Cost Analysis,Procurement,Core,Current,3,Proficient,73.0,3.2,10,Not Required,No,DEPARTMENT-012,Enterprise Operations,ORGANIZATIONAL-UNIT-PRC-TEAM-01,LOC-CENTRAL,2026-08-01
EMP527,Mehwish Nasir,Procurement & Supply Chain,POS-515,S078,Supplier Management,Procurement,Core,Current,4,Advanced,80.7,2.9,10,Not Required,No,DEPARTMENT-012,Enterprise Operations,ORGANIZATIONAL-UNIT-PRC-TEAM-01,LOC-CENTRAL,2026-08-01
EMP527,Mehwish Nasir,Procurement & Supply Chain,POS-515,S080,Inventory Planning,Procurement,Core,Current,3,Proficient,70.3,2.7,15,Certified,No,DEPARTMENT-012,Enterprise Operations,ORGANIZATIONAL-UNIT-PRC-TEAM-01,LOC-CENTRAL,2026-08-01
EMP527,Mehwish Nasir,Procurement & Supply Chain,POS-515,S045,Stakeholder Management,Behavioral,Leadership,Current,3,Proficient,78.1,1.5,16,Not Required,No,DEPARTMENT-012,Enterprise Operations,ORGANIZATIONAL-UNIT-PRC-TEAM-01,LOC-CENTRAL,2026-08-01
EMP528,Minal Aslam,Procurement & Supply Chain,POS-516,S045,Stakeholder Management,Behavioral,Leadership,Current,4,Advanced,83.4,1.8,7,Not Required,Yes,DEPARTMENT-012,Enterprise Operations,ORGANIZATIONAL-UNIT-PRC-TEAM-02,LOC-CENTRAL,2026-08-01
EMP528,Minal Aslam,Procurement & Supply Chain,POS-516,S049,Data Analysis,Digital,Common,Current,3,Proficient,71.4,3.3,15,Certified,No,DEPARTMENT-012,Enterprise Operations,ORGANIZATIONAL-UNIT-PRC-TEAM-02,LOC-CENTRAL,2026-08-01
EMP528,Minal Aslam,Procurement & Supply Chain,POS-516,S046,Leadership,Leadership,Leadership,Current,4,Advanced,82.0,4.0,11,Not Required,No,DEPARTMENT-012,Enterprise Operations,ORGANIZATIONAL-UNIT-PRC-TEAM-02,LOC-CENTRAL,2026-08-01
EMP528,Minal Aslam,Procurement & Supply Chain,POS-516,S080,Inventory Planning,Procurement,Core,Developing,2,Developing,67.1,2.6,0,Not Required,No,DEPARTMENT-012,Enterprise Operations,ORGANIZATIONAL-UNIT-PRC-TEAM-02,LOC-CENTRAL,2026-08-01
EMP528,Minal Aslam,Procurement & Supply Chain,POS-516,S081,Cost Analysis,Procurement,Core,Developing,2,Developing,63.8,3.9,15,Planned,No,DEPARTMENT-012,Enterprise Operations,ORGANIZATIONAL-UNIT-PRC-TEAM-02,LOC-CENTRAL,2026-08-01
EMP529,Ayesha Waheed,Procurement & Supply Chain,POS-517,S081,Cost Analysis,Procurement,Core,Current,3,Proficient,70.2,3.3,14,Planned,Yes,DEPARTMENT-012,Enterprise Operations,ORGANIZATIONAL-UNIT-PRC-TEAM-03,LOC-CENTRAL,2026-08-01
EMP529,Ayesha Waheed,Procurement & Supply Chain,POS-517,S078,Supplier Management,Procurement,Core,Current,3,Proficient,64.2,3.8,1,Certified,No,DEPARTMENT-012,Enterprise Operations,ORGANIZATIONAL-UNIT-PRC-TEAM-03,LOC-CENTRAL,2026-08-01
EMP529,Ayesha Waheed,Procurement & Supply Chain,POS-517,S079,Contract Negotiation,Procurement,Core,Current,4,Advanced,90.5,2.2,10,Planned,No,DEPARTMENT-012,Enterprise Operations,ORGANIZATIONAL-UNIT-PRC-TEAM-03,LOC-CENTRAL,2026-08-01
EMP529,Ayesha Waheed,Procurement & Supply Chain,POS-517,S077,Purchase Order Management,Procurement,Core,Developing,2,Developing,69.9,2.3,14,Certified,No,DEPARTMENT-012,Enterprise Operations,ORGANIZATIONAL-UNIT-PRC-TEAM-03,LOC-CENTRAL,2026-08-01
EMP529,Ayesha Waheed,Procurement & Supply Chain,POS-517,S045,Stakeholder Management,Behavioral,Leadership,Current,3,Proficient,75.7,3.8,3,Not Required,No,DEPARTMENT-012,Enterprise Operations,ORGANIZATIONAL-UNIT-PRC-TEAM-03,LOC-CENTRAL,2026-08-01
EMP530,Kamran Rauf,Procurement & Supply Chain,POS-518,S045,Stakeholder Management,Behavioral,Leadership,Current,3,Proficient,70.7,4.0,14,Planned,Yes,DEPARTMENT-012,Enterprise Operations,ORGANIZATIONAL-UNIT-PRC-TEAM-01,LOC-CENTRAL,2026-08-01
EMP530,Kamran Rauf,Procurement & Supply Chain,POS-518,S079,Contract Negotiation,Procurement,Core,Developing,2,Developing,59.1,2.4,11,Not Required,No,DEPARTMENT-012,Enterprise Operations,ORGANIZATIONAL-UNIT-PRC-TEAM-01,LOC-CENTRAL,2026-08-01
EMP530,Kamran Rauf,Procurement & Supply Chain,POS-518,S023,Risk & Controls,Compliance,Core,Current,3,Proficient,70.3,4.2,15,Not Required,No,DEPARTMENT-012,Enterprise Operations,ORGANIZATIONAL-UNIT-PRC-TEAM-01,LOC-CENTRAL,2026-08-01
EMP530,Kamran Rauf,Procurement & Supply Chain,POS-518,S080,Inventory Planning,Procurement,Core,Current,3,Proficient,79.6,3.4,16,Certified,No,DEPARTMENT-012,Enterprise Operations,ORGANIZATIONAL-UNIT-PRC-TEAM-01,LOC-CENTRAL,2026-08-01
EMP530,Kamran Rauf,Procurement & Supply Chain,POS-518,S046,Leadership,Leadership,Leadership,Current,3,Proficient,79.5,2.7,3,Not Required,No,DEPARTMENT-012,Enterprise Operations,ORGANIZATIONAL-UNIT-PRC-TEAM-01,LOC-CENTRAL,2026-08-01
EMP531,Kamran Iqbal,Procurement & Supply Chain,POS-519,S023,Risk & Controls,Compliance,Core,Developing,2,Developing,66.5,5.1,15,Planned,Yes,DEPARTMENT-012,Enterprise Operations,ORGANIZATIONAL-UNIT-PRC-TEAM-02,LOC-CENTRAL,2026-08-01
EMP531,Kamran Iqbal,Procurement & Supply Chain,POS-519,S045,Stakeholder Management,Behavioral,Leadership,Current,4,Advanced,85.7,4.6,14,Planned,No,DEPARTMENT-012,Enterprise Operations,ORGANIZATIONAL-UNIT-PRC-TEAM-02,LOC-CENTRAL,2026-08-01
EMP531,Kamran Iqbal,Procurement & Supply Chain,POS-519,S078,Supplier Management,Procurement,Core,Developing,2,Developing,70.3,3.9,2,Not Required,No,DEPARTMENT-012,Enterprise Operations,ORGANIZATIONAL-UNIT-PRC-TEAM-02,LOC-CENTRAL,2026-08-01
EMP531,Kamran Iqbal,Procurement & Supply Chain,POS-519,S046,Leadership,Leadership,Leadership,Developing,2,Developing,63.6,5.0,9,Not Required,No,DEPARTMENT-012,Enterprise Operations,ORGANIZATIONAL-UNIT-PRC-TEAM-02,LOC-CENTRAL,2026-08-01
EMP531,Kamran Iqbal,Procurement & Supply Chain,POS-519,S077,Purchase Order Management,Procurement,Core,Current,3,Proficient,75.1,3.8,5,Not Required,No,DEPARTMENT-012,Enterprise Operations,ORGANIZATIONAL-UNIT-PRC-TEAM-02,LOC-CENTRAL,2026-08-01
EMP532,Nida Habib,Procurement & Supply Chain,POS-520,S078,Supplier Management,Procurement,Core,Developing,2,Developing,60.6,5.2,15,Certified,Yes,DEPARTMENT-012,Enterprise Operations,ORGANIZATIONAL-UNIT-PRC-TEAM-03,LOC-CENTRAL,2026-08-01
EMP532,Nida Habib,Procurement & Supply Chain,POS-520,S023,Risk & Controls,Compliance,Core,Developing,2,Developing,56.8,4.6,6,Certified,No,DEPARTMENT-012,Enterprise Operations,ORGANIZATIONAL-UNIT-PRC-TEAM-03,LOC-CENTRAL,2026-08-01
EMP532,Nida Habib,Procurement & Supply Chain,POS-520,S045,Stakeholder Management,Behavioral,Leadership,Current,4,Advanced,85.4,3.3,17,Certified,No,DEPARTMENT-012,Enterprise Operations,ORGANIZATIONAL-UNIT-PRC-TEAM-03,LOC-CENTRAL,2026-08-01
EMP532,Nida Habib,Procurement & Supply Chain,POS-520,S077,Purchase Order Management,Procurement,Core,Current,3,Proficient,71.3,5.0,12,Not Required,No,DEPARTMENT-012,Enterprise Operations,ORGANIZATIONAL-UNIT-PRC-TEAM-03,LOC-CENTRAL,2026-08-01
EMP532,Nida Habib,Procurement & Supply Chain,POS-520,S081,Cost Analysis,Procurement,Core,Current,3,Proficient,64.5,4.5,14,Planned,No,DEPARTMENT-012,Enterprise Operations,ORGANIZATIONAL-UNIT-PRC-TEAM-03,LOC-CENTRAL,2026-08-01
EMP533,Nida Nadeem,Procurement & Supply Chain,POS-521,S081,Cost Analysis,Procurement,Core,Developing,2,Developing,69.4,5.5,17,Certified,Yes,DEPARTMENT-012,Enterprise Operations,ORGANIZATIONAL-UNIT-PRC-TEAM-03,LOC-CENTRAL,2026-08-01
EMP533,Nida Nadeem,Procurement & Supply Chain,POS-521,S077,Purchase Order Management,Procurement,Core,Current,4,Advanced,79.5,3.3,4,Planned,No,DEPARTMENT-012,Enterprise Operations,ORGANIZATIONAL-UNIT-PRC-TEAM-03,LOC-CENTRAL,2026-08-01
EMP533,Nida Nadeem,Procurement & Supply Chain,POS-521,S049,Data Analysis,Digital,Common,Current,3,Proficient,82.3,3.7,1,Not Required,No,DEPARTMENT-012,Enterprise Operations,ORGANIZATIONAL-UNIT-PRC-TEAM-03,LOC-CENTRAL,2026-08-01
EMP533,Nida Nadeem,Procurement & Supply Chain,POS-521,S046,Leadership,Leadership,Leadership,Developing,2,Developing,57.8,3.3,11,Not Required,No,DEPARTMENT-012,Enterprise Operations,ORGANIZATIONAL-UNIT-PRC-TEAM-03,LOC-CENTRAL,2026-08-01
EMP533,Nida Nadeem,Procurement & Supply Chain,POS-521,S045,Stakeholder Management,Behavioral,Leadership,Developing,2,Developing,62.1,3.1,4,Certified,No,DEPARTMENT-012,Enterprise Operations,ORGANIZATIONAL-UNIT-PRC-TEAM-03,LOC-CENTRAL,2026-08-01
EMP534,Hassan Siddiqui,Procurement & Supply Chain,POS-522,S023,Risk & Controls,Compliance,Core,Current,3,Proficient,85.0,4.6,3,Not Required,Yes,DEPARTMENT-012,Enterprise Operations,ORGANIZATIONAL-UNIT-PRC-TEAM-02,LOC-CENTRAL,2026-08-01
EMP534,Hassan Siddiqui,Procurement & Supply Chain,POS-522,S080,Inventory Planning,Procurement,Core,Current,3,Proficient,72.4,2.6,14,Planned,No,DEPARTMENT-012,Enterprise Operations,ORGANIZATIONAL-UNIT-PRC-TEAM-02,LOC-CENTRAL,2026-08-01
EMP534,Hassan Siddiqui,Procurement & Supply Chain,POS-522,S049,Data Analysis,Digital,Common,Developing,2,Developing,64.4,4.3,11,Not Required,No,DEPARTMENT-012,Enterprise Operations,ORGANIZATIONAL-UNIT-PRC-TEAM-02,LOC-CENTRAL,2026-08-01
EMP534,Hassan Siddiqui,Procurement & Supply Chain,POS-522,S079,Contract Negotiation,Procurement,Core,Developing,2,Developing,57.1,5.0,3,Planned,No,DEPARTMENT-012,Enterprise Operations,ORGANIZATIONAL-UNIT-PRC-TEAM-02,LOC-CENTRAL,2026-08-01
EMP534,Hassan Siddiqui,Procurement & Supply Chain,POS-522,S077,Purchase Order Management,Procurement,Core,Developing,2,Developing,61.4,5.1,11,Not Required,No,DEPARTMENT-012,Enterprise Operations,ORGANIZATIONAL-UNIT-PRC-TEAM-02,LOC-CENTRAL,2026-08-01
EMP535,Komal Zafar,Procurement & Supply Chain,POS-523,S077,Purchase Order Management,Procurement,Core,Current,3,Proficient,69.6,3.6,7,Planned,Yes,DEPARTMENT-012,Enterprise Operations,ORGANIZATIONAL-UNIT-PRC-TEAM-01,LOC-CENTRAL,2026-08-01
EMP535,Komal Zafar,Procurement & Supply Chain,POS-523,S049,Data Analysis,Digital,Common,Current,3,Proficient,76.7,5.5,18,Not Required,No,DEPARTMENT-012,Enterprise Operations,ORGANIZATIONAL-UNIT-PRC-TEAM-01,LOC-CENTRAL,2026-08-01
EMP535,Komal Zafar,Procurement & Supply Chain,POS-523,S080,Inventory Planning,Procurement,Core,Current,4,Advanced,77.4,2.9,11,Planned,No,DEPARTMENT-012,Enterprise Operations,ORGANIZATIONAL-UNIT-PRC-TEAM-01,LOC-CENTRAL,2026-08-01
EMP535,Komal Zafar,Procurement & Supply Chain,POS-523,S081,Cost Analysis,Procurement,Core,Current,3,Proficient,71.3,4.7,10,Planned,No,DEPARTMENT-012,Enterprise Operations,ORGANIZATIONAL-UNIT-PRC-TEAM-01,LOC-CENTRAL,2026-08-01
EMP535,Komal Zafar,Procurement & Supply Chain,POS-523,S045,Stakeholder Management,Behavioral,Leadership,Developing,2,Developing,64.5,4.0,9,Not Required,No,DEPARTMENT-012,Enterprise Operations,ORGANIZATIONAL-UNIT-PRC-TEAM-01,LOC-CENTRAL,2026-08-01
EMP536,Anusha Butt,Procurement & Supply Chain,POS-524,S078,Supplier Management,Procurement,Core,Current,4,Advanced,92.5,2.9,4,Certified,Yes,DEPARTMENT-012,Enterprise Operations,ORGANIZATIONAL-UNIT-PRC-TEAM-01,LOC-CENTRAL,2026-08-01
EMP536,Anusha Butt,Procurement & Supply Chain,POS-524,S049,Data Analysis,Digital,Common,Current,3,Proficient,79.4,2.9,17,Not Required,No,DEPARTMENT-012,Enterprise Operations,ORGANIZATIONAL-UNIT-PRC-TEAM-01,LOC-CENTRAL,2026-08-01
EMP536,Anusha Butt,Procurement & Supply Chain,POS-524,S045,Stakeholder Management,Behavioral,Leadership,Current,3,Proficient,72.5,2.0,6,Certified,No,DEPARTMENT-012,Enterprise Operations,ORGANIZATIONAL-UNIT-PRC-TEAM-01,LOC-CENTRAL,2026-08-01
EMP536,Anusha Butt,Procurement & Supply Chain,POS-524,S077,Purchase Order Management,Procurement,Core,Developing,2,Developing,56.8,2.9,9,Certified,No,DEPARTMENT-012,Enterprise Operations,ORGANIZATIONAL-UNIT-PRC-TEAM-01,LOC-CENTRAL,2026-08-01
EMP536,Anusha Butt,Procurement & Supply Chain,POS-524,S079,Contract Negotiation,Procurement,Core,Current,4,Advanced,81.0,1.5,4,Not Required,No,DEPARTMENT-012,Enterprise Operations,ORGANIZATIONAL-UNIT-PRC-TEAM-01,LOC-CENTRAL,2026-08-01
EMP537,Maryam Bukhari,Procurement & Supply Chain,POS-525,S081,Cost Analysis,Procurement,Core,Current,3,Proficient,72.2,3.1,18,Not Required,Yes,DEPARTMENT-012,Enterprise Operations,ORGANIZATIONAL-UNIT-PRC-TEAM-01,LOC-CENTRAL,2026-08-01
EMP537,Maryam Bukhari,Procurement & Supply Chain,POS-525,S076,Strategic Sourcing,Procurement,Core,Current,4,Advanced,88.3,1.6,13,Not Required,No,DEPARTMENT-012,Enterprise Operations,ORGANIZATIONAL-UNIT-PRC-TEAM-01,LOC-CENTRAL,2026-08-01
EMP537,Maryam Bukhari,Procurement & Supply Chain,POS-525,S079,Contract Negotiation,Procurement,Core,Current,3,Proficient,82.5,2.1,16,Certified,No,DEPARTMENT-012,Enterprise Operations,ORGANIZATIONAL-UNIT-PRC-TEAM-01,LOC-CENTRAL,2026-08-01
EMP537,Maryam Bukhari,Procurement & Supply Chain,POS-525,S045,Stakeholder Management,Behavioral,Leadership,Developing,2,Developing,60.7,3.5,9,Not Required,No,DEPARTMENT-012,Enterprise Operations,ORGANIZATIONAL-UNIT-PRC-TEAM-01,LOC-CENTRAL,2026-08-01
EMP537,Maryam Bukhari,Procurement & Supply Chain,POS-525,S077,Purchase Order Management,Procurement,Core,Current,4,Advanced,82.5,3.5,18,Not Required,No,DEPARTMENT-012,Enterprise Operations,ORGANIZATIONAL-UNIT-PRC-TEAM-01,LOC-CENTRAL,2026-08-01
EMP538,Saba Tariq,Procurement & Supply Chain,POS-526,S077,Purchase Order Management,Procurement,Core,Current,3,Proficient,72.9,3.3,5,Not Required,Yes,DEPARTMENT-012,Enterprise Operations,ORGANIZATIONAL-UNIT-PRC-TEAM-03,LOC-CENTRAL,2026-08-01
EMP538,Saba Tariq,Procurement & Supply Chain,POS-526,S078,Supplier Management,Procurement,Core,Current,3,Proficient,71.0,2.6,18,Planned,No,DEPARTMENT-012,Enterprise Operations,ORGANIZATIONAL-UNIT-PRC-TEAM-03,LOC-CENTRAL,2026-08-01
EMP538,Saba Tariq,Procurement & Supply Chain,POS-526,S049,Data Analysis,Digital,Common,Developing,1,Beginner,67.3,1.7,6,Certified,No,DEPARTMENT-012,Enterprise Operations,ORGANIZATIONAL-UNIT-PRC-TEAM-03,LOC-CENTRAL,2026-08-01
EMP538,Saba Tariq,Procurement & Supply Chain,POS-526,S046,Leadership,Leadership,Leadership,Current,3,Proficient,62.2,2.8,10,Planned,No,DEPARTMENT-012,Enterprise Operations,ORGANIZATIONAL-UNIT-PRC-TEAM-03,LOC-CENTRAL,2026-08-01
EMP538,Saba Tariq,Procurement & Supply Chain,POS-526,S076,Strategic Sourcing,Procurement,Core,Developing,1,Beginner,70.0,1.6,14,Not Required,No,DEPARTMENT-012,Enterprise Operations,ORGANIZATIONAL-UNIT-PRC-TEAM-03,LOC-CENTRAL,2026-08-01
EMP539,Noman Ali,Procurement & Supply Chain,POS-527,S078,Supplier Management,Procurement,Core,Developing,2,Developing,63.0,1.7,3,Certified,Yes,DEPARTMENT-012,Enterprise Operations,ORGANIZATIONAL-UNIT-PRC-TEAM-02,LOC-CENTRAL,2026-08-01
EMP539,Noman Ali,Procurement & Supply Chain,POS-527,S076,Strategic Sourcing,Procurement,Core,Developing,2,Developing,62.0,1.1,1,Not Required,No,DEPARTMENT-012,Enterprise Operations,ORGANIZATIONAL-UNIT-PRC-TEAM-02,LOC-CENTRAL,2026-08-01
EMP539,Noman Ali,Procurement & Supply Chain,POS-527,S045,Stakeholder Management,Behavioral,Leadership,Developing,1,Beginner,66.2,1.1,14,Not Required,No,DEPARTMENT-012,Enterprise Operations,ORGANIZATIONAL-UNIT-PRC-TEAM-02,LOC-CENTRAL,2026-08-01
EMP539,Noman Ali,Procurement & Supply Chain,POS-527,S023,Risk & Controls,Compliance,Core,Developing,2,Developing,58.7,2.6,14,Not Required,No,DEPARTMENT-012,Enterprise Operations,ORGANIZATIONAL-UNIT-PRC-TEAM-02,LOC-CENTRAL,2026-08-01
EMP539,Noman Ali,Procurement & Supply Chain,POS-527,S080,Inventory Planning,Procurement,Core,Developing,2,Developing,61.8,3.0,17,Not Required,No,DEPARTMENT-012,Enterprise Operations,ORGANIZATIONAL-UNIT-PRC-TEAM-02,LOC-CENTRAL,2026-08-01
EMP540,Haris Hussain,Procurement & Supply Chain,POS-528,S080,Inventory Planning,Procurement,Core,Developing,2,Developing,64.0,1.0,1,Not Required,Yes,DEPARTMENT-012,Enterprise Operations,ORGANIZATIONAL-UNIT-PRC-TEAM-03,LOC-CENTRAL,2026-08-01
EMP540,Haris Hussain,Procurement & Supply Chain,POS-528,S077,Purchase Order Management,Procurement,Core,Current,3,Proficient,72.2,1.0,16,Planned,No,DEPARTMENT-012,Enterprise Operations,ORGANIZATIONAL-UNIT-PRC-TEAM-03,LOC-CENTRAL,2026-08-01
EMP540,Haris Hussain,Procurement & Supply Chain,POS-528,S079,Contract Negotiation,Procurement,Core,Developing,2,Developing,61.0,3.4,10,Not Required,No,DEPARTMENT-012,Enterprise Operations,ORGANIZATIONAL-UNIT-PRC-TEAM-03,LOC-CENTRAL,2026-08-01
EMP540,Haris Hussain,Procurement & Supply Chain,POS-528,S046,Leadership,Leadership,Leadership,Developing,2,Developing,70.0,3.0,7,Not Required,No,DEPARTMENT-012,Enterprise Operations,ORGANIZATIONAL-UNIT-PRC-TEAM-03,LOC-CENTRAL,2026-08-01
EMP540,Haris Hussain,Procurement & Supply Chain,POS-528,S023,Risk & Controls,Compliance,Core,Developing,1,Beginner,63.3,2.3,15,Not Required,No,DEPARTMENT-012,Enterprise Operations,ORGANIZATIONAL-UNIT-PRC-TEAM-03,LOC-CENTRAL,2026-08-01
EMP541,Asad Hashmi,Logistics & Warehouse,EXEC-LOG-HEAD,S049,Data Analysis,Digital,Common,Current,5,Expert,94.2,13.3,3,Not Required,Yes,DEPARTMENT-013,Enterprise Operations,ORGANIZATIONAL-UNIT-LOG,LOC-HUB,2026-08-01
EMP541,Asad Hashmi,Logistics & Warehouse,EXEC-LOG-HEAD,S083,Inventory Control,Logistics,Core,Current,4,Advanced,93.4,11.7,17,Certified,No,DEPARTMENT-013,Enterprise Operations,ORGANIZATIONAL-UNIT-LOG,LOC-HUB,2026-08-01
EMP541,Asad Hashmi,Logistics & Warehouse,EXEC-LOG-HEAD,S044,Problem Solving,Behavioral,Common,Current,5,Expert,96.6,12.8,12,Certified,No,DEPARTMENT-013,Enterprise Operations,ORGANIZATIONAL-UNIT-LOG,LOC-HUB,2026-08-01
EMP541,Asad Hashmi,Logistics & Warehouse,EXEC-LOG-HEAD,S084,Transport Planning,Logistics,Core,Current,4,Advanced,88.0,11.4,14,Not Required,No,DEPARTMENT-013,Enterprise Operations,ORGANIZATIONAL-UNIT-LOG,LOC-HUB,2026-08-01
EMP541,Asad Hashmi,Logistics & Warehouse,EXEC-LOG-HEAD,S087,Health and Safety,Operations,Core,Current,4,Advanced,88.8,11.5,16,Certified,No,DEPARTMENT-013,Enterprise Operations,ORGANIZATIONAL-UNIT-LOG,LOC-HUB,2026-08-01
EMP542,Kashif Chaudhry,Logistics & Warehouse,POS-529,S085,Route Optimization,Logistics,Core,Current,5,Expert,96.7,11.4,9,Certified,Yes,DEPARTMENT-013,Enterprise Operations,ORGANIZATIONAL-UNIT-LOG,LOC-HUB,2026-08-01
EMP542,Kashif Chaudhry,Logistics & Warehouse,POS-529,S086,Dispatch Coordination,Logistics,Core,Current,5,Expert,93.5,11.2,17,Certified,No,DEPARTMENT-013,Enterprise Operations,ORGANIZATIONAL-UNIT-LOG,LOC-HUB,2026-08-01
EMP542,Kashif Chaudhry,Logistics & Warehouse,POS-529,S046,Leadership,Leadership,Leadership,Current,5,Expert,98.6,12.1,5,Not Required,No,DEPARTMENT-013,Enterprise Operations,ORGANIZATIONAL-UNIT-LOG,LOC-HUB,2026-08-01
EMP542,Kashif Chaudhry,Logistics & Warehouse,POS-529,S084,Transport Planning,Logistics,Core,Current,4,Advanced,79.0,9.9,17,Certified,No,DEPARTMENT-013,Enterprise Operations,ORGANIZATIONAL-UNIT-LOG,LOC-HUB,2026-08-01
EMP542,Kashif Chaudhry,Logistics & Warehouse,POS-529,S083,Inventory Control,Logistics,Core,Current,4,Advanced,91.2,10.6,17,Not Required,No,DEPARTMENT-013,Enterprise Operations,ORGANIZATIONAL-UNIT-LOG,LOC-HUB,2026-08-01
EMP543,Kamran Chaudhry,Logistics & Warehouse,POS-530,S084,Transport Planning,Logistics,Core,Current,5,Expert,97.8,14.0,7,Not Required,Yes,DEPARTMENT-013,Enterprise Operations,ORGANIZATIONAL-UNIT-LOG,LOC-HUB,2026-08-01
EMP543,Kamran Chaudhry,Logistics & Warehouse,POS-530,S082,Warehouse Operations,Logistics,Core,Current,5,Expert,88.8,15.1,6,Not Required,No,DEPARTMENT-013,Enterprise Operations,ORGANIZATIONAL-UNIT-LOG,LOC-HUB,2026-08-01
EMP543,Kamran Chaudhry,Logistics & Warehouse,POS-530,S049,Data Analysis,Digital,Common,Current,3,Proficient,80.9,9.6,17,Planned,No,DEPARTMENT-013,Enterprise Operations,ORGANIZATIONAL-UNIT-LOG,LOC-HUB,2026-08-01
EMP543,Kamran Chaudhry,Logistics & Warehouse,POS-530,S020,SOP Compliance,Compliance,Core,Current,5,Expert,84.2,15.0,11,Not Required,No,DEPARTMENT-013,Enterprise Operations,ORGANIZATIONAL-UNIT-LOG,LOC-HUB,2026-08-01
EMP543,Kamran Chaudhry,Logistics & Warehouse,POS-530,S046,Leadership,Leadership,Leadership,Current,3,Proficient,67.1,10.3,1,Planned,No,DEPARTMENT-013,Enterprise Operations,ORGANIZATIONAL-UNIT-LOG,LOC-HUB,2026-08-01
EMP544,Bilal Ansari,Logistics & Warehouse,POS-531,S020,SOP Compliance,Compliance,Core,Current,4,Advanced,82.7,10.6,10,Not Required,Yes,DEPARTMENT-013,Enterprise Operations,ORGANIZATIONAL-UNIT-LOG,LOC-HUB,2026-08-01
EMP544,Bilal Ansari,Logistics & Warehouse,POS-531,S049,Data Analysis,Digital,Common,Current,4,Advanced,82.2,11.6,5,Not Required,No,DEPARTMENT-013,Enterprise Operations,ORGANIZATIONAL-UNIT-LOG,LOC-HUB,2026-08-01
EMP544,Bilal Ansari,Logistics & Warehouse,POS-531,S083,Inventory Control,Logistics,Core,Current,4,Advanced,75.7,11.0,3,Not Required,No,DEPARTMENT-013,Enterprise Operations,ORGANIZATIONAL-UNIT-LOG,LOC-HUB,2026-08-01
EMP544,Bilal Ansari,Logistics & Warehouse,POS-531,S087,Health and Safety,Operations,Core,Current,5,Expert,100,12.2,5,Not Required,No,DEPARTMENT-013,Enterprise Operations,ORGANIZATIONAL-UNIT-LOG,LOC-HUB,2026-08-01
EMP544,Bilal Ansari,Logistics & Warehouse,POS-531,S044,Problem Solving,Behavioral,Common,Current,4,Advanced,92.6,10.5,6,Not Required,No,DEPARTMENT-013,Enterprise Operations,ORGANIZATIONAL-UNIT-LOG,LOC-HUB,2026-08-01
EMP545,Junaid Aslam,Logistics & Warehouse,POS-532,S020,SOP Compliance,Compliance,Core,Current,3,Proficient,78.5,8.5,4,Not Required,Yes,DEPARTMENT-013,Enterprise Operations,ORGANIZATIONAL-UNIT-LOG,LOC-HUB,2026-08-01
EMP545,Junaid Aslam,Logistics & Warehouse,POS-532,S083,Inventory Control,Logistics,Core,Current,3,Proficient,76.1,9.8,3,Not Required,No,DEPARTMENT-013,Enterprise Operations,ORGANIZATIONAL-UNIT-LOG,LOC-HUB,2026-08-01
EMP545,Junaid Aslam,Logistics & Warehouse,POS-532,S044,Problem Solving,Behavioral,Common,Current,4,Advanced,85.2,8.6,11,Certified,No,DEPARTMENT-013,Enterprise Operations,ORGANIZATIONAL-UNIT-LOG,LOC-HUB,2026-08-01
EMP545,Junaid Aslam,Logistics & Warehouse,POS-532,S046,Leadership,Leadership,Leadership,Current,3,Proficient,72.6,8.8,6,Not Required,No,DEPARTMENT-013,Enterprise Operations,ORGANIZATIONAL-UNIT-LOG,LOC-HUB,2026-08-01
EMP545,Junaid Aslam,Logistics & Warehouse,POS-532,S049,Data Analysis,Digital,Common,Current,5,Expert,94.9,8.9,4,Certified,No,DEPARTMENT-013,Enterprise Operations,ORGANIZATIONAL-UNIT-LOG,LOC-HUB,2026-08-01
EMP546,Sara Baig,Logistics & Warehouse,POS-533,S086,Dispatch Coordination,Logistics,Core,Current,5,Expert,95.4,9.0,8,Not Required,Yes,DEPARTMENT-013,Enterprise Operations,ORGANIZATIONAL-UNIT-LOG,LOC-HUB,2026-08-01
EMP546,Sara Baig,Logistics & Warehouse,POS-533,S046,Leadership,Leadership,Leadership,Current,4,Advanced,86.6,7.3,11,Certified,No,DEPARTMENT-013,Enterprise Operations,ORGANIZATIONAL-UNIT-LOG,LOC-HUB,2026-08-01
EMP546,Sara Baig,Logistics & Warehouse,POS-533,S049,Data Analysis,Digital,Common,Current,5,Expert,86.2,7.9,5,Planned,No,DEPARTMENT-013,Enterprise Operations,ORGANIZATIONAL-UNIT-LOG,LOC-HUB,2026-08-01
EMP546,Sara Baig,Logistics & Warehouse,POS-533,S085,Route Optimization,Logistics,Core,Current,4,Advanced,82.4,7.9,17,Not Required,No,DEPARTMENT-013,Enterprise Operations,ORGANIZATIONAL-UNIT-LOG,LOC-HUB,2026-08-01
EMP546,Sara Baig,Logistics & Warehouse,POS-533,S044,Problem Solving,Behavioral,Common,Current,5,Expert,100,7.2,0,Planned,No,DEPARTMENT-013,Enterprise Operations,ORGANIZATIONAL-UNIT-LOG,LOC-HUB,2026-08-01
EMP547,Usman Ali,Logistics & Warehouse,POS-534,S086,Dispatch Coordination,Logistics,Core,Current,4,Advanced,86.5,11.6,16,Certified,Yes,DEPARTMENT-013,Enterprise Operations,ORGANIZATIONAL-UNIT-LOG,LOC-HUB,2026-08-01
EMP547,Usman Ali,Logistics & Warehouse,POS-534,S085,Route Optimization,Logistics,Core,Current,3,Proficient,71.1,8.6,5,Certified,No,DEPARTMENT-013,Enterprise Operations,ORGANIZATIONAL-UNIT-LOG,LOC-HUB,2026-08-01
EMP547,Usman Ali,Logistics & Warehouse,POS-534,S083,Inventory Control,Logistics,Core,Current,5,Expert,91.6,14.2,8,Planned,No,DEPARTMENT-013,Enterprise Operations,ORGANIZATIONAL-UNIT-LOG,LOC-HUB,2026-08-01
EMP547,Usman Ali,Logistics & Warehouse,POS-534,S044,Problem Solving,Behavioral,Common,Current,5,Expert,100,15.3,2,Not Required,No,DEPARTMENT-013,Enterprise Operations,ORGANIZATIONAL-UNIT-LOG,LOC-HUB,2026-08-01
EMP547,Usman Ali,Logistics & Warehouse,POS-534,S084,Transport Planning,Logistics,Core,Current,5,Expert,98.3,14.2,8,Certified,No,DEPARTMENT-013,Enterprise Operations,ORGANIZATIONAL-UNIT-LOG,LOC-HUB,2026-08-01
EMP548,Maryam Faisal,Logistics & Warehouse,POS-535,S049,Data Analysis,Digital,Common,Current,3,Proficient,78.1,9.9,8,Not Required,Yes,DEPARTMENT-013,Enterprise Operations,ORGANIZATIONAL-UNIT-LOG-TEAM-01,LOC-HUB,2026-08-01
EMP548,Maryam Faisal,Logistics & Warehouse,POS-535,S087,Health and Safety,Operations,Core,Current,5,Expert,100,10.7,1,Planned,No,DEPARTMENT-013,Enterprise Operations,ORGANIZATIONAL-UNIT-LOG-TEAM-01,LOC-HUB,2026-08-01
EMP548,Maryam Faisal,Logistics & Warehouse,POS-535,S086,Dispatch Coordination,Logistics,Core,Current,5,Expert,92.4,12.4,2,Planned,No,DEPARTMENT-013,Enterprise Operations,ORGANIZATIONAL-UNIT-LOG-TEAM-01,LOC-HUB,2026-08-01
EMP548,Maryam Faisal,Logistics & Warehouse,POS-535,S044,Problem Solving,Behavioral,Common,Current,4,Advanced,81.9,11.6,12,Planned,No,DEPARTMENT-013,Enterprise Operations,ORGANIZATIONAL-UNIT-LOG-TEAM-01,LOC-HUB,2026-08-01
EMP548,Maryam Faisal,Logistics & Warehouse,POS-535,S085,Route Optimization,Logistics,Core,Current,4,Advanced,85.4,10.8,2,Not Required,No,DEPARTMENT-013,Enterprise Operations,ORGANIZATIONAL-UNIT-LOG-TEAM-01,LOC-HUB,2026-08-01
EMP549,Saba Saeed,Logistics & Warehouse,POS-536,S084,Transport Planning,Logistics,Core,Current,3,Proficient,72.2,8.9,14,Certified,Yes,DEPARTMENT-013,Enterprise Operations,ORGANIZATIONAL-UNIT-LOG-TEAM-02,LOC-HUB,2026-08-01
EMP549,Saba Saeed,Logistics & Warehouse,POS-536,S046,Leadership,Leadership,Leadership,Current,3,Proficient,63.4,10.3,7,Not Required,No,DEPARTMENT-013,Enterprise Operations,ORGANIZATIONAL-UNIT-LOG-TEAM-02,LOC-HUB,2026-08-01
EMP549,Saba Saeed,Logistics & Warehouse,POS-536,S082,Warehouse Operations,Logistics,Core,Current,4,Advanced,81.6,10.2,15,Not Required,No,DEPARTMENT-013,Enterprise Operations,ORGANIZATIONAL-UNIT-LOG-TEAM-02,LOC-HUB,2026-08-01
EMP549,Saba Saeed,Logistics & Warehouse,POS-536,S086,Dispatch Coordination,Logistics,Core,Current,5,Expert,100.0,12.8,16,Planned,No,DEPARTMENT-013,Enterprise Operations,ORGANIZATIONAL-UNIT-LOG-TEAM-02,LOC-HUB,2026-08-01
EMP549,Saba Saeed,Logistics & Warehouse,POS-536,S049,Data Analysis,Digital,Common,Current,3,Proficient,83.4,9.9,17,Not Required,No,DEPARTMENT-013,Enterprise Operations,ORGANIZATIONAL-UNIT-LOG-TEAM-02,LOC-HUB,2026-08-01
EMP550,Hira Faisal,Logistics & Warehouse,POS-537,S085,Route Optimization,Logistics,Core,Current,3,Proficient,75.7,5.2,10,Not Required,Yes,DEPARTMENT-013,Enterprise Operations,ORGANIZATIONAL-UNIT-LOG-TEAM-03,LOC-HUB,2026-08-01
EMP550,Hira Faisal,Logistics & Warehouse,POS-537,S087,Health and Safety,Operations,Core,Current,4,Advanced,79.9,5.9,0,Not Required,No,DEPARTMENT-013,Enterprise Operations,ORGANIZATIONAL-UNIT-LOG-TEAM-03,LOC-HUB,2026-08-01
EMP550,Hira Faisal,Logistics & Warehouse,POS-537,S046,Leadership,Leadership,Leadership,Current,4,Advanced,91.6,5.8,5,Not Required,No,DEPARTMENT-013,Enterprise Operations,ORGANIZATIONAL-UNIT-LOG-TEAM-03,LOC-HUB,2026-08-01
EMP550,Hira Faisal,Logistics & Warehouse,POS-537,S084,Transport Planning,Logistics,Core,Current,4,Advanced,96.4,6.8,15,Certified,No,DEPARTMENT-013,Enterprise Operations,ORGANIZATIONAL-UNIT-LOG-TEAM-03,LOC-HUB,2026-08-01
EMP550,Hira Faisal,Logistics & Warehouse,POS-537,S049,Data Analysis,Digital,Common,Current,4,Advanced,87.0,7.0,6,Certified,No,DEPARTMENT-013,Enterprise Operations,ORGANIZATIONAL-UNIT-LOG-TEAM-03,LOC-HUB,2026-08-01
EMP551,Saba Rehman,Logistics & Warehouse,POS-538,S083,Inventory Control,Logistics,Core,Current,5,Expert,94.3,7.4,1,Not Required,Yes,DEPARTMENT-013,Enterprise Operations,ORGANIZATIONAL-UNIT-LOG-TEAM-02,LOC-HUB,2026-08-01
EMP551,Saba Rehman,Logistics & Warehouse,POS-538,S086,Dispatch Coordination,Logistics,Core,Current,4,Advanced,74.0,6.8,18,Not Required,No,DEPARTMENT-013,Enterprise Operations,ORGANIZATIONAL-UNIT-LOG-TEAM-02,LOC-HUB,2026-08-01
EMP551,Saba Rehman,Logistics & Warehouse,POS-538,S020,SOP Compliance,Compliance,Core,Current,4,Advanced,90.7,6.0,15,Not Required,No,DEPARTMENT-013,Enterprise Operations,ORGANIZATIONAL-UNIT-LOG-TEAM-02,LOC-HUB,2026-08-01
EMP551,Saba Rehman,Logistics & Warehouse,POS-538,S087,Health and Safety,Operations,Core,Current,5,Expert,100,6.0,0,Not Required,No,DEPARTMENT-013,Enterprise Operations,ORGANIZATIONAL-UNIT-LOG-TEAM-02,LOC-HUB,2026-08-01
EMP551,Saba Rehman,Logistics & Warehouse,POS-538,S085,Route Optimization,Logistics,Core,Current,3,Proficient,71.0,5.8,15,Not Required,No,DEPARTMENT-013,Enterprise Operations,ORGANIZATIONAL-UNIT-LOG-TEAM-02,LOC-HUB,2026-08-01
EMP552,Anam Rauf,Logistics & Warehouse,POS-539,S085,Route Optimization,Logistics,Core,Current,5,Expert,100,8.5,0,Not Required,Yes,DEPARTMENT-013,Enterprise Operations,ORGANIZATIONAL-UNIT-LOG-TEAM-03,LOC-HUB,2026-08-01
EMP552,Anam Rauf,Logistics & Warehouse,POS-539,S086,Dispatch Coordination,Logistics,Core,Current,5,Expert,96.0,10.1,11,Not Required,No,DEPARTMENT-013,Enterprise Operations,ORGANIZATIONAL-UNIT-LOG-TEAM-03,LOC-HUB,2026-08-01
EMP552,Anam Rauf,Logistics & Warehouse,POS-539,S083,Inventory Control,Logistics,Core,Current,5,Expert,91.2,8.6,7,Planned,No,DEPARTMENT-013,Enterprise Operations,ORGANIZATIONAL-UNIT-LOG-TEAM-03,LOC-HUB,2026-08-01
EMP552,Anam Rauf,Logistics & Warehouse,POS-539,S049,Data Analysis,Digital,Common,Current,3,Proficient,76.9,8.9,7,Not Required,No,DEPARTMENT-013,Enterprise Operations,ORGANIZATIONAL-UNIT-LOG-TEAM-03,LOC-HUB,2026-08-01
EMP552,Anam Rauf,Logistics & Warehouse,POS-539,S084,Transport Planning,Logistics,Core,Current,4,Advanced,90.3,9.1,13,Not Required,No,DEPARTMENT-013,Enterprise Operations,ORGANIZATIONAL-UNIT-LOG-TEAM-03,LOC-HUB,2026-08-01
EMP553,Iqra Mughal,Logistics & Warehouse,POS-540,S020,SOP Compliance,Compliance,Core,Current,3,Proficient,77.4,9.4,15,Certified,Yes,DEPARTMENT-013,Enterprise Operations,ORGANIZATIONAL-UNIT-LOG-TEAM-03,LOC-HUB,2026-08-01
EMP553,Iqra Mughal,Logistics & Warehouse,POS-540,S044,Problem Solving,Behavioral,Common,Current,3,Proficient,73.5,9.9,10,Not Required,No,DEPARTMENT-013,Enterprise Operations,ORGANIZATIONAL-UNIT-LOG-TEAM-03,LOC-HUB,2026-08-01
EMP553,Iqra Mughal,Logistics & Warehouse,POS-540,S084,Transport Planning,Logistics,Core,Current,3,Proficient,77.0,8.7,9,Not Required,No,DEPARTMENT-013,Enterprise Operations,ORGANIZATIONAL-UNIT-LOG-TEAM-03,LOC-HUB,2026-08-01
EMP553,Iqra Mughal,Logistics & Warehouse,POS-540,S046,Leadership,Leadership,Leadership,Current,3,Proficient,74.9,10.4,14,Not Required,No,DEPARTMENT-013,Enterprise Operations,ORGANIZATIONAL-UNIT-LOG-TEAM-03,LOC-HUB,2026-08-01
EMP553,Iqra Mughal,Logistics & Warehouse,POS-540,S087,Health and Safety,Operations,Core,Current,3,Proficient,70.6,10.1,15,Planned,No,DEPARTMENT-013,Enterprise Operations,ORGANIZATIONAL-UNIT-LOG-TEAM-03,LOC-HUB,2026-08-01
EMP554,Sana Rauf,Logistics & Warehouse,POS-541,S046,Leadership,Leadership,Leadership,Current,3,Proficient,67.9,8.6,17,Not Required,Yes,DEPARTMENT-013,Enterprise Operations,ORGANIZATIONAL-UNIT-LOG-TEAM-02,LOC-HUB,2026-08-01
EMP554,Sana Rauf,Logistics & Warehouse,POS-541,S086,Dispatch Coordination,Logistics,Core,Current,5,Expert,90.1,9.1,8,Not Required,No,DEPARTMENT-013,Enterprise Operations,ORGANIZATIONAL-UNIT-LOG-TEAM-02,LOC-HUB,2026-08-01
EMP554,Sana Rauf,Logistics & Warehouse,POS-541,S087,Health and Safety,Operations,Core,Current,3,Proficient,71.9,9.4,8,Certified,No,DEPARTMENT-013,Enterprise Operations,ORGANIZATIONAL-UNIT-LOG-TEAM-02,LOC-HUB,2026-08-01
EMP554,Sana Rauf,Logistics & Warehouse,POS-541,S084,Transport Planning,Logistics,Core,Current,4,Advanced,73.5,9.9,7,Not Required,No,DEPARTMENT-013,Enterprise Operations,ORGANIZATIONAL-UNIT-LOG-TEAM-02,LOC-HUB,2026-08-01
EMP554,Sana Rauf,Logistics & Warehouse,POS-541,S044,Problem Solving,Behavioral,Common,Current,3,Proficient,67.3,9.1,14,Certified,No,DEPARTMENT-013,Enterprise Operations,ORGANIZATIONAL-UNIT-LOG-TEAM-02,LOC-HUB,2026-08-01
EMP555,Danish Hashmi,Logistics & Warehouse,POS-542,S086,Dispatch Coordination,Logistics,Core,Current,4,Advanced,82.7,11.2,0,Not Required,Yes,DEPARTMENT-013,Enterprise Operations,ORGANIZATIONAL-UNIT-LOG-TEAM-03,LOC-HUB,2026-08-01
EMP555,Danish Hashmi,Logistics & Warehouse,POS-542,S044,Problem Solving,Behavioral,Common,Current,4,Advanced,86.3,11.3,16,Certified,No,DEPARTMENT-013,Enterprise Operations,ORGANIZATIONAL-UNIT-LOG-TEAM-03,LOC-HUB,2026-08-01
EMP555,Danish Hashmi,Logistics & Warehouse,POS-542,S046,Leadership,Leadership,Leadership,Current,5,Expert,100,11.6,0,Not Required,No,DEPARTMENT-013,Enterprise Operations,ORGANIZATIONAL-UNIT-LOG-TEAM-03,LOC-HUB,2026-08-01
EMP555,Danish Hashmi,Logistics & Warehouse,POS-542,S082,Warehouse Operations,Logistics,Core,Current,4,Advanced,83.1,9.4,18,Not Required,No,DEPARTMENT-013,Enterprise Operations,ORGANIZATIONAL-UNIT-LOG-TEAM-03,LOC-HUB,2026-08-01
EMP555,Danish Hashmi,Logistics & Warehouse,POS-542,S084,Transport Planning,Logistics,Core,Current,3,Proficient,77.2,8.7,8,Not Required,No,DEPARTMENT-013,Enterprise Operations,ORGANIZATIONAL-UNIT-LOG-TEAM-03,LOC-HUB,2026-08-01
EMP556,Kinza Farooq,Logistics & Warehouse,POS-543,S083,Inventory Control,Logistics,Core,Current,4,Advanced,91.7,5.7,3,Not Required,Yes,DEPARTMENT-013,Enterprise Operations,ORGANIZATIONAL-UNIT-LOG-TEAM-01,LOC-HUB,2026-08-01
EMP556,Kinza Farooq,Logistics & Warehouse,POS-543,S049,Data Analysis,Digital,Common,Current,5,Expert,87.3,6.2,2,Not Required,No,DEPARTMENT-013,Enterprise Operations,ORGANIZATIONAL-UNIT-LOG-TEAM-01,LOC-HUB,2026-08-01
EMP556,Kinza Farooq,Logistics & Warehouse,POS-543,S082,Warehouse Operations,Logistics,Core,Current,4,Advanced,87.8,7.2,14,Certified,No,DEPARTMENT-013,Enterprise Operations,ORGANIZATIONAL-UNIT-LOG-TEAM-01,LOC-HUB,2026-08-01
EMP556,Kinza Farooq,Logistics & Warehouse,POS-543,S020,SOP Compliance,Compliance,Core,Current,3,Proficient,77.7,7.2,8,Not Required,No,DEPARTMENT-013,Enterprise Operations,ORGANIZATIONAL-UNIT-LOG-TEAM-01,LOC-HUB,2026-08-01
EMP556,Kinza Farooq,Logistics & Warehouse,POS-543,S046,Leadership,Leadership,Leadership,Current,5,Expert,94.2,6.6,13,Not Required,No,DEPARTMENT-013,Enterprise Operations,ORGANIZATIONAL-UNIT-LOG-TEAM-01,LOC-HUB,2026-08-01
EMP557,Ali Rashid,Logistics & Warehouse,POS-544,S046,Leadership,Leadership,Leadership,Current,3,Proficient,73.4,5.7,15,Not Required,Yes,DEPARTMENT-013,Enterprise Operations,ORGANIZATIONAL-UNIT-LOG-TEAM-03,LOC-HUB,2026-08-01
EMP557,Ali Rashid,Logistics & Warehouse,POS-544,S083,Inventory Control,Logistics,Core,Current,4,Advanced,90.3,4.8,4,Certified,No,DEPARTMENT-013,Enterprise Operations,ORGANIZATIONAL-UNIT-LOG-TEAM-03,LOC-HUB,2026-08-01
EMP557,Ali Rashid,Logistics & Warehouse,POS-544,S082,Warehouse Operations,Logistics,Core,Current,5,Expert,88.5,7.1,16,Not Required,No,DEPARTMENT-013,Enterprise Operations,ORGANIZATIONAL-UNIT-LOG-TEAM-03,LOC-HUB,2026-08-01
EMP557,Ali Rashid,Logistics & Warehouse,POS-544,S085,Route Optimization,Logistics,Core,Current,3,Proficient,69.7,6.3,14,Not Required,No,DEPARTMENT-013,Enterprise Operations,ORGANIZATIONAL-UNIT-LOG-TEAM-03,LOC-HUB,2026-08-01
EMP557,Ali Rashid,Logistics & Warehouse,POS-544,S049,Data Analysis,Digital,Common,Current,4,Advanced,90.1,5.4,11,Certified,No,DEPARTMENT-013,Enterprise Operations,ORGANIZATIONAL-UNIT-LOG-TEAM-03,LOC-HUB,2026-08-01
EMP558,Waqas Latif,Logistics & Warehouse,POS-545,S084,Transport Planning,Logistics,Core,Current,5,Expert,89.5,3.4,13,Certified,Yes,DEPARTMENT-013,Enterprise Operations,ORGANIZATIONAL-UNIT-LOG-TEAM-01,LOC-HUB,2026-08-01
EMP558,Waqas Latif,Logistics & Warehouse,POS-545,S020,SOP Compliance,Compliance,Core,Current,5,Expert,97.9,5.6,15,Not Required,No,DEPARTMENT-013,Enterprise Operations,ORGANIZATIONAL-UNIT-LOG-TEAM-01,LOC-HUB,2026-08-01
EMP558,Waqas Latif,Logistics & Warehouse,POS-545,S046,Leadership,Leadership,Leadership,Current,4,Advanced,78.4,3.6,9,Not Required,No,DEPARTMENT-013,Enterprise Operations,ORGANIZATIONAL-UNIT-LOG-TEAM-01,LOC-HUB,2026-08-01
EMP558,Waqas Latif,Logistics & Warehouse,POS-545,S083,Inventory Control,Logistics,Core,Current,4,Advanced,79.3,4.6,18,Not Required,No,DEPARTMENT-013,Enterprise Operations,ORGANIZATIONAL-UNIT-LOG-TEAM-01,LOC-HUB,2026-08-01
EMP558,Waqas Latif,Logistics & Warehouse,POS-545,S085,Route Optimization,Logistics,Core,Developing,2,Developing,69.2,4.7,12,Not Required,No,DEPARTMENT-013,Enterprise Operations,ORGANIZATIONAL-UNIT-LOG-TEAM-01,LOC-HUB,2026-08-01
EMP559,Minal Qureshi,Logistics & Warehouse,POS-546,S085,Route Optimization,Logistics,Core,Developing,2,Developing,51.5,5.8,8,Not Required,Yes,DEPARTMENT-013,Enterprise Operations,ORGANIZATIONAL-UNIT-LOG-TEAM-01,LOC-HUB,2026-08-01
EMP559,Minal Qureshi,Logistics & Warehouse,POS-546,S044,Problem Solving,Behavioral,Common,Current,5,Expert,91.3,7.3,14,Certified,No,DEPARTMENT-013,Enterprise Operations,ORGANIZATIONAL-UNIT-LOG-TEAM-01,LOC-HUB,2026-08-01
EMP559,Minal Qureshi,Logistics & Warehouse,POS-546,S083,Inventory Control,Logistics,Core,Current,5,Expert,100,6.8,9,Planned,No,DEPARTMENT-013,Enterprise Operations,ORGANIZATIONAL-UNIT-LOG-TEAM-01,LOC-HUB,2026-08-01
EMP559,Minal Qureshi,Logistics & Warehouse,POS-546,S086,Dispatch Coordination,Logistics,Core,Developing,2,Developing,61.6,5.8,14,Certified,No,DEPARTMENT-013,Enterprise Operations,ORGANIZATIONAL-UNIT-LOG-TEAM-01,LOC-HUB,2026-08-01
EMP559,Minal Qureshi,Logistics & Warehouse,POS-546,S049,Data Analysis,Digital,Common,Current,3,Proficient,78.6,7.0,0,Planned,No,DEPARTMENT-013,Enterprise Operations,ORGANIZATIONAL-UNIT-LOG-TEAM-01,LOC-HUB,2026-08-01
EMP560,Fahad Ali,Logistics & Warehouse,POS-547,S087,Health and Safety,Operations,Core,Current,4,Advanced,81.3,7.2,0,Not Required,Yes,DEPARTMENT-013,Enterprise Operations,ORGANIZATIONAL-UNIT-LOG-TEAM-02,LOC-HUB,2026-08-01
EMP560,Fahad Ali,Logistics & Warehouse,POS-547,S020,SOP Compliance,Compliance,Core,Current,3,Proficient,73.2,5.6,17,Planned,No,DEPARTMENT-013,Enterprise Operations,ORGANIZATIONAL-UNIT-LOG-TEAM-02,LOC-HUB,2026-08-01
EMP560,Fahad Ali,Logistics & Warehouse,POS-547,S046,Leadership,Leadership,Leadership,Developing,2,Developing,62.3,5.8,4,Not Required,No,DEPARTMENT-013,Enterprise Operations,ORGANIZATIONAL-UNIT-LOG-TEAM-02,LOC-HUB,2026-08-01
EMP560,Fahad Ali,Logistics & Warehouse,POS-547,S049,Data Analysis,Digital,Common,Current,5,Expert,94.6,5.9,14,Planned,No,DEPARTMENT-013,Enterprise Operations,ORGANIZATIONAL-UNIT-LOG-TEAM-02,LOC-HUB,2026-08-01
EMP560,Fahad Ali,Logistics & Warehouse,POS-547,S082,Warehouse Operations,Logistics,Core,Current,5,Expert,99.6,7.5,3,Planned,No,DEPARTMENT-013,Enterprise Operations,ORGANIZATIONAL-UNIT-LOG-TEAM-02,LOC-HUB,2026-08-01
EMP561,Maryam Waheed,Logistics & Warehouse,POS-548,S083,Inventory Control,Logistics,Core,Current,3,Proficient,81.8,9.0,5,Certified,Yes,DEPARTMENT-013,Enterprise Operations,ORGANIZATIONAL-UNIT-LOG-TEAM-02,LOC-HUB,2026-08-01
EMP561,Maryam Waheed,Logistics & Warehouse,POS-548,S044,Problem Solving,Behavioral,Common,Current,3,Proficient,76.0,6.8,9,Not Required,No,DEPARTMENT-013,Enterprise Operations,ORGANIZATIONAL-UNIT-LOG-TEAM-02,LOC-HUB,2026-08-01
EMP561,Maryam Waheed,Logistics & Warehouse,POS-548,S046,Leadership,Leadership,Leadership,Current,3,Proficient,69.0,8.8,14,Certified,No,DEPARTMENT-013,Enterprise Operations,ORGANIZATIONAL-UNIT-LOG-TEAM-02,LOC-HUB,2026-08-01
EMP561,Maryam Waheed,Logistics & Warehouse,POS-548,S082,Warehouse Operations,Logistics,Core,Developing,2,Developing,64.9,5.9,16,Certified,No,DEPARTMENT-013,Enterprise Operations,ORGANIZATIONAL-UNIT-LOG-TEAM-02,LOC-HUB,2026-08-01
EMP561,Maryam Waheed,Logistics & Warehouse,POS-548,S086,Dispatch Coordination,Logistics,Core,Current,5,Expert,88.3,9.2,17,Certified,No,DEPARTMENT-013,Enterprise Operations,ORGANIZATIONAL-UNIT-LOG-TEAM-02,LOC-HUB,2026-08-01
EMP562,Komal Khan,Logistics & Warehouse,POS-549,S082,Warehouse Operations,Logistics,Core,Current,5,Expert,90.2,5.7,15,Not Required,Yes,DEPARTMENT-013,Enterprise Operations,ORGANIZATIONAL-UNIT-LOG-TEAM-02,LOC-HUB,2026-08-01
EMP562,Komal Khan,Logistics & Warehouse,POS-549,S044,Problem Solving,Behavioral,Common,Developing,2,Developing,62.6,5.7,13,Not Required,No,DEPARTMENT-013,Enterprise Operations,ORGANIZATIONAL-UNIT-LOG-TEAM-02,LOC-HUB,2026-08-01
EMP562,Komal Khan,Logistics & Warehouse,POS-549,S085,Route Optimization,Logistics,Core,Developing,2,Developing,75.8,6.2,7,Not Required,No,DEPARTMENT-013,Enterprise Operations,ORGANIZATIONAL-UNIT-LOG-TEAM-02,LOC-HUB,2026-08-01
EMP562,Komal Khan,Logistics & Warehouse,POS-549,S083,Inventory Control,Logistics,Core,Current,4,Advanced,84.2,5.7,13,Certified,No,DEPARTMENT-013,Enterprise Operations,ORGANIZATIONAL-UNIT-LOG-TEAM-02,LOC-HUB,2026-08-01
EMP562,Komal Khan,Logistics & Warehouse,POS-549,S086,Dispatch Coordination,Logistics,Core,Current,5,Expert,98.4,7.6,16,Planned,No,DEPARTMENT-013,Enterprise Operations,ORGANIZATIONAL-UNIT-LOG-TEAM-02,LOC-HUB,2026-08-01
EMP563,Hira Ali,Logistics & Warehouse,POS-550,S020,SOP Compliance,Compliance,Core,Developing,2,Developing,62.3,6.6,18,Planned,Yes,DEPARTMENT-013,Enterprise Operations,ORGANIZATIONAL-UNIT-LOG-TEAM-02,LOC-HUB,2026-08-01
EMP563,Hira Ali,Logistics & Warehouse,POS-550,S083,Inventory Control,Logistics,Core,Developing,2,Developing,58.5,5.9,0,Not Required,No,DEPARTMENT-013,Enterprise Operations,ORGANIZATIONAL-UNIT-LOG-TEAM-02,LOC-HUB,2026-08-01
EMP563,Hira Ali,Logistics & Warehouse,POS-550,S085,Route Optimization,Logistics,Core,Current,5,Expert,89.6,8.0,14,Not Required,No,DEPARTMENT-013,Enterprise Operations,ORGANIZATIONAL-UNIT-LOG-TEAM-02,LOC-HUB,2026-08-01
EMP563,Hira Ali,Logistics & Warehouse,POS-550,S046,Leadership,Leadership,Leadership,Current,4,Advanced,87.7,9.2,7,Not Required,No,DEPARTMENT-013,Enterprise Operations,ORGANIZATIONAL-UNIT-LOG-TEAM-02,LOC-HUB,2026-08-01
EMP563,Hira Ali,Logistics & Warehouse,POS-550,S049,Data Analysis,Digital,Common,Current,4,Advanced,82.6,8.6,3,Planned,No,DEPARTMENT-013,Enterprise Operations,ORGANIZATIONAL-UNIT-LOG-TEAM-02,LOC-HUB,2026-08-01
EMP564,Adnan Zafar,Logistics & Warehouse,POS-551,S083,Inventory Control,Logistics,Core,Current,4,Advanced,77.4,8.8,11,Certified,Yes,DEPARTMENT-013,Enterprise Operations,ORGANIZATIONAL-UNIT-LOG-TEAM-01,LOC-HUB,2026-08-01
EMP564,Adnan Zafar,Logistics & Warehouse,POS-551,S082,Warehouse Operations,Logistics,Core,Current,4,Advanced,84.6,9.4,6,Not Required,No,DEPARTMENT-013,Enterprise Operations,ORGANIZATIONAL-UNIT-LOG-TEAM-01,LOC-HUB,2026-08-01
EMP564,Adnan Zafar,Logistics & Warehouse,POS-551,S020,SOP Compliance,Compliance,Core,Current,4,Advanced,93.7,7.2,4,Certified,No,DEPARTMENT-013,Enterprise Operations,ORGANIZATIONAL-UNIT-LOG-TEAM-01,LOC-HUB,2026-08-01
EMP564,Adnan Zafar,Logistics & Warehouse,POS-551,S084,Transport Planning,Logistics,Core,Current,3,Proficient,73.9,7.3,1,Planned,No,DEPARTMENT-013,Enterprise Operations,ORGANIZATIONAL-UNIT-LOG-TEAM-01,LOC-HUB,2026-08-01
EMP564,Adnan Zafar,Logistics & Warehouse,POS-551,S086,Dispatch Coordination,Logistics,Core,Current,5,Expert,99.7,8.3,12,Not Required,No,DEPARTMENT-013,Enterprise Operations,ORGANIZATIONAL-UNIT-LOG-TEAM-01,LOC-HUB,2026-08-01
EMP565,Rabia Tariq,Logistics & Warehouse,POS-552,S086,Dispatch Coordination,Logistics,Core,Current,3,Proficient,84.6,6.6,3,Not Required,Yes,DEPARTMENT-013,Enterprise Operations,ORGANIZATIONAL-UNIT-LOG-TEAM-01,LOC-HUB,2026-08-01
EMP565,Rabia Tariq,Logistics & Warehouse,POS-552,S085,Route Optimization,Logistics,Core,Developing,2,Developing,55.5,7.3,5,Not Required,No,DEPARTMENT-013,Enterprise Operations,ORGANIZATIONAL-UNIT-LOG-TEAM-01,LOC-HUB,2026-08-01
EMP565,Rabia Tariq,Logistics & Warehouse,POS-552,S087,Health and Safety,Operations,Core,Current,3,Proficient,67.3,7.5,6,Certified,No,DEPARTMENT-013,Enterprise Operations,ORGANIZATIONAL-UNIT-LOG-TEAM-01,LOC-HUB,2026-08-01
EMP565,Rabia Tariq,Logistics & Warehouse,POS-552,S082,Warehouse Operations,Logistics,Core,Developing,2,Developing,65.9,7.0,10,Planned,No,DEPARTMENT-013,Enterprise Operations,ORGANIZATIONAL-UNIT-LOG-TEAM-01,LOC-HUB,2026-08-01
EMP565,Rabia Tariq,Logistics & Warehouse,POS-552,S083,Inventory Control,Logistics,Core,Current,4,Advanced,96.8,8.1,3,Certified,No,DEPARTMENT-013,Enterprise Operations,ORGANIZATIONAL-UNIT-LOG-TEAM-01,LOC-HUB,2026-08-01
EMP566,Talha Ismail,Logistics & Warehouse,POS-553,S049,Data Analysis,Digital,Common,Current,5,Expert,100,3.4,2,Certified,Yes,DEPARTMENT-013,Enterprise Operations,ORGANIZATIONAL-UNIT-LOG-TEAM-02,LOC-HUB,2026-08-01
EMP566,Talha Ismail,Logistics & Warehouse,POS-553,S082,Warehouse Operations,Logistics,Core,Current,3,Proficient,81.7,2.8,3,Planned,No,DEPARTMENT-013,Enterprise Operations,ORGANIZATIONAL-UNIT-LOG-TEAM-02,LOC-HUB,2026-08-01
EMP566,Talha Ismail,Logistics & Warehouse,POS-553,S084,Transport Planning,Logistics,Core,Current,4,Advanced,77.4,4.2,13,Not Required,No,DEPARTMENT-013,Enterprise Operations,ORGANIZATIONAL-UNIT-LOG-TEAM-02,LOC-HUB,2026-08-01
EMP566,Talha Ismail,Logistics & Warehouse,POS-553,S046,Leadership,Leadership,Leadership,Current,5,Expert,96.6,3.9,8,Not Required,No,DEPARTMENT-013,Enterprise Operations,ORGANIZATIONAL-UNIT-LOG-TEAM-02,LOC-HUB,2026-08-01
EMP566,Talha Ismail,Logistics & Warehouse,POS-553,S044,Problem Solving,Behavioral,Common,Developing,2,Developing,65.2,2.9,12,Not Required,No,DEPARTMENT-013,Enterprise Operations,ORGANIZATIONAL-UNIT-LOG-TEAM-02,LOC-HUB,2026-08-01
EMP567,Hira Javed,Logistics & Warehouse,POS-554,S085,Route Optimization,Logistics,Core,Current,4,Advanced,86.6,4.5,15,Not Required,Yes,DEPARTMENT-013,Enterprise Operations,ORGANIZATIONAL-UNIT-LOG-TEAM-01,LOC-HUB,2026-08-01
EMP567,Hira Javed,Logistics & Warehouse,POS-554,S044,Problem Solving,Behavioral,Common,Developing,2,Developing,73.3,6.4,1,Planned,No,DEPARTMENT-013,Enterprise Operations,ORGANIZATIONAL-UNIT-LOG-TEAM-01,LOC-HUB,2026-08-01
EMP567,Hira Javed,Logistics & Warehouse,POS-554,S087,Health and Safety,Operations,Core,Current,5,Expert,89.1,5.1,16,Planned,No,DEPARTMENT-013,Enterprise Operations,ORGANIZATIONAL-UNIT-LOG-TEAM-01,LOC-HUB,2026-08-01
EMP567,Hira Javed,Logistics & Warehouse,POS-554,S020,SOP Compliance,Compliance,Core,Current,5,Expert,95.0,6.3,2,Certified,No,DEPARTMENT-013,Enterprise Operations,ORGANIZATIONAL-UNIT-LOG-TEAM-01,LOC-HUB,2026-08-01
EMP567,Hira Javed,Logistics & Warehouse,POS-554,S082,Warehouse Operations,Logistics,Core,Current,4,Advanced,91.5,4.5,3,Not Required,No,DEPARTMENT-013,Enterprise Operations,ORGANIZATIONAL-UNIT-LOG-TEAM-01,LOC-HUB,2026-08-01
EMP568,Mehwish Javed,Logistics & Warehouse,POS-555,S044,Problem Solving,Behavioral,Common,Developing,2,Developing,58.2,5.5,13,Planned,Yes,DEPARTMENT-013,Enterprise Operations,ORGANIZATIONAL-UNIT-LOG-TEAM-02,LOC-HUB,2026-08-01
EMP568,Mehwish Javed,Logistics & Warehouse,POS-555,S020,SOP Compliance,Compliance,Core,Current,5,Expert,94.6,4.9,10,Certified,No,DEPARTMENT-013,Enterprise Operations,ORGANIZATIONAL-UNIT-LOG-TEAM-02,LOC-HUB,2026-08-01
EMP568,Mehwish Javed,Logistics & Warehouse,POS-555,S082,Warehouse Operations,Logistics,Core,Current,4,Advanced,81.9,4.2,1,Not Required,No,DEPARTMENT-013,Enterprise Operations,ORGANIZATIONAL-UNIT-LOG-TEAM-02,LOC-HUB,2026-08-01
EMP568,Mehwish Javed,Logistics & Warehouse,POS-555,S086,Dispatch Coordination,Logistics,Core,Current,5,Expert,95.3,6.0,7,Certified,No,DEPARTMENT-013,Enterprise Operations,ORGANIZATIONAL-UNIT-LOG-TEAM-02,LOC-HUB,2026-08-01
EMP568,Mehwish Javed,Logistics & Warehouse,POS-555,S084,Transport Planning,Logistics,Core,Current,4,Advanced,84.9,5.8,13,Planned,No,DEPARTMENT-013,Enterprise Operations,ORGANIZATIONAL-UNIT-LOG-TEAM-02,LOC-HUB,2026-08-01
EMP569,Bilal Rauf,Logistics & Warehouse,POS-556,S086,Dispatch Coordination,Logistics,Core,Developing,2,Developing,74.3,4.3,9,Not Required,Yes,DEPARTMENT-013,Enterprise Operations,ORGANIZATIONAL-UNIT-LOG-TEAM-01,LOC-HUB,2026-08-01
EMP569,Bilal Rauf,Logistics & Warehouse,POS-556,S087,Health and Safety,Operations,Core,Developing,2,Developing,67.5,2.1,16,Not Required,No,DEPARTMENT-013,Enterprise Operations,ORGANIZATIONAL-UNIT-LOG-TEAM-01,LOC-HUB,2026-08-01
EMP569,Bilal Rauf,Logistics & Warehouse,POS-556,S046,Leadership,Leadership,Leadership,Current,5,Expert,98.5,1.9,8,Not Required,No,DEPARTMENT-013,Enterprise Operations,ORGANIZATIONAL-UNIT-LOG-TEAM-01,LOC-HUB,2026-08-01
EMP569,Bilal Rauf,Logistics & Warehouse,POS-556,S044,Problem Solving,Behavioral,Common,Current,4,Advanced,88.9,1.7,0,Not Required,No,DEPARTMENT-013,Enterprise Operations,ORGANIZATIONAL-UNIT-LOG-TEAM-01,LOC-HUB,2026-08-01
EMP569,Bilal Rauf,Logistics & Warehouse,POS-556,S082,Warehouse Operations,Logistics,Core,Current,3,Proficient,69.2,3.8,1,Planned,No,DEPARTMENT-013,Enterprise Operations,ORGANIZATIONAL-UNIT-LOG-TEAM-01,LOC-HUB,2026-08-01
EMP570,Komal Farooq,Logistics & Warehouse,POS-557,S049,Data Analysis,Digital,Common,Current,4,Advanced,89.0,1.3,17,Not Required,Yes,DEPARTMENT-013,Enterprise Operations,ORGANIZATIONAL-UNIT-LOG-TEAM-02,LOC-HUB,2026-08-01
EMP570,Komal Farooq,Logistics & Warehouse,POS-557,S082,Warehouse Operations,Logistics,Core,Current,4,Advanced,81.2,2.0,6,Not Required,No,DEPARTMENT-013,Enterprise Operations,ORGANIZATIONAL-UNIT-LOG-TEAM-02,LOC-HUB,2026-08-01
EMP570,Komal Farooq,Logistics & Warehouse,POS-557,S087,Health and Safety,Operations,Core,Current,3,Proficient,76.4,2.7,12,Planned,No,DEPARTMENT-013,Enterprise Operations,ORGANIZATIONAL-UNIT-LOG-TEAM-02,LOC-HUB,2026-08-01
EMP570,Komal Farooq,Logistics & Warehouse,POS-557,S046,Leadership,Leadership,Leadership,Developing,2,Developing,64.1,3.4,3,Not Required,No,DEPARTMENT-013,Enterprise Operations,ORGANIZATIONAL-UNIT-LOG-TEAM-02,LOC-HUB,2026-08-01
EMP570,Komal Farooq,Logistics & Warehouse,POS-557,S086,Dispatch Coordination,Logistics,Core,Developing,2,Developing,57.2,3.5,17,Not Required,No,DEPARTMENT-013,Enterprise Operations,ORGANIZATIONAL-UNIT-LOG-TEAM-02,LOC-HUB,2026-08-01
EMP571,Minal Saeed,Logistics & Warehouse,POS-558,S044,Problem Solving,Behavioral,Common,Current,3,Proficient,83.3,2.8,8,Certified,Yes,DEPARTMENT-013,Enterprise Operations,ORGANIZATIONAL-UNIT-LOG-TEAM-03,LOC-HUB,2026-08-01
EMP571,Minal Saeed,Logistics & Warehouse,POS-558,S049,Data Analysis,Digital,Common,Developing,2,Developing,63.3,4.3,18,Not Required,No,DEPARTMENT-013,Enterprise Operations,ORGANIZATIONAL-UNIT-LOG-TEAM-03,LOC-HUB,2026-08-01
EMP571,Minal Saeed,Logistics & Warehouse,POS-558,S084,Transport Planning,Logistics,Core,Current,3,Proficient,73.5,4.5,7,Planned,No,DEPARTMENT-013,Enterprise Operations,ORGANIZATIONAL-UNIT-LOG-TEAM-03,LOC-HUB,2026-08-01
EMP571,Minal Saeed,Logistics & Warehouse,POS-558,S086,Dispatch Coordination,Logistics,Core,Current,3,Proficient,61.5,3.7,8,Planned,No,DEPARTMENT-013,Enterprise Operations,ORGANIZATIONAL-UNIT-LOG-TEAM-03,LOC-HUB,2026-08-01
EMP571,Minal Saeed,Logistics & Warehouse,POS-558,S046,Leadership,Leadership,Leadership,Current,3,Proficient,71.5,3.0,0,Certified,No,DEPARTMENT-013,Enterprise Operations,ORGANIZATIONAL-UNIT-LOG-TEAM-03,LOC-HUB,2026-08-01
EMP572,Farhan Iqbal,Logistics & Warehouse,POS-559,S084,Transport Planning,Logistics,Core,Current,3,Proficient,73.9,4.0,9,Not Required,Yes,DEPARTMENT-013,Enterprise Operations,ORGANIZATIONAL-UNIT-LOG-TEAM-03,LOC-HUB,2026-08-01
EMP572,Farhan Iqbal,Logistics & Warehouse,POS-559,S044,Problem Solving,Behavioral,Common,Developing,2,Developing,72.7,1.7,13,Not Required,No,DEPARTMENT-013,Enterprise Operations,ORGANIZATIONAL-UNIT-LOG-TEAM-03,LOC-HUB,2026-08-01
EMP572,Farhan Iqbal,Logistics & Warehouse,POS-559,S083,Inventory Control,Logistics,Core,Current,4,Advanced,94.6,3.2,15,Not Required,No,DEPARTMENT-013,Enterprise Operations,ORGANIZATIONAL-UNIT-LOG-TEAM-03,LOC-HUB,2026-08-01
EMP572,Farhan Iqbal,Logistics & Warehouse,POS-559,S087,Health and Safety,Operations,Core,Current,4,Advanced,95.2,3.6,2,Not Required,No,DEPARTMENT-013,Enterprise Operations,ORGANIZATIONAL-UNIT-LOG-TEAM-03,LOC-HUB,2026-08-01
EMP572,Farhan Iqbal,Logistics & Warehouse,POS-559,S020,SOP Compliance,Compliance,Core,Current,4,Advanced,78.1,4.5,11,Planned,No,DEPARTMENT-013,Enterprise Operations,ORGANIZATIONAL-UNIT-LOG-TEAM-03,LOC-HUB,2026-08-01
EMP573,Junaid Javed,Logistics & Warehouse,POS-560,S083,Inventory Control,Logistics,Core,Current,4,Advanced,92.4,3.6,5,Not Required,Yes,DEPARTMENT-013,Enterprise Operations,ORGANIZATIONAL-UNIT-LOG-TEAM-01,LOC-HUB,2026-08-01
EMP573,Junaid Javed,Logistics & Warehouse,POS-560,S020,SOP Compliance,Compliance,Core,Current,3,Proficient,82.2,1.8,7,Planned,No,DEPARTMENT-013,Enterprise Operations,ORGANIZATIONAL-UNIT-LOG-TEAM-01,LOC-HUB,2026-08-01
EMP573,Junaid Javed,Logistics & Warehouse,POS-560,S044,Problem Solving,Behavioral,Common,Developing,2,Developing,65.9,1.6,12,Planned,No,DEPARTMENT-013,Enterprise Operations,ORGANIZATIONAL-UNIT-LOG-TEAM-01,LOC-HUB,2026-08-01
EMP573,Junaid Javed,Logistics & Warehouse,POS-560,S082,Warehouse Operations,Logistics,Core,Current,3,Proficient,77.0,1.6,12,Not Required,No,DEPARTMENT-013,Enterprise Operations,ORGANIZATIONAL-UNIT-LOG-TEAM-01,LOC-HUB,2026-08-01
EMP573,Junaid Javed,Logistics & Warehouse,POS-560,S046,Leadership,Leadership,Leadership,Current,4,Advanced,82.0,1.8,12,Planned,No,DEPARTMENT-013,Enterprise Operations,ORGANIZATIONAL-UNIT-LOG-TEAM-01,LOC-HUB,2026-08-01
EMP574,Ahmed Javed,Logistics & Warehouse,POS-561,S082,Warehouse Operations,Logistics,Core,Current,3,Proficient,75.5,3.2,8,Planned,Yes,DEPARTMENT-013,Enterprise Operations,ORGANIZATIONAL-UNIT-LOG-TEAM-02,LOC-HUB,2026-08-01
EMP574,Ahmed Javed,Logistics & Warehouse,POS-561,S083,Inventory Control,Logistics,Core,Current,3,Proficient,81.6,1.7,7,Not Required,No,DEPARTMENT-013,Enterprise Operations,ORGANIZATIONAL-UNIT-LOG-TEAM-02,LOC-HUB,2026-08-01
EMP574,Ahmed Javed,Logistics & Warehouse,POS-561,S085,Route Optimization,Logistics,Core,Developing,2,Developing,55.5,0.8,1,Not Required,No,DEPARTMENT-013,Enterprise Operations,ORGANIZATIONAL-UNIT-LOG-TEAM-02,LOC-HUB,2026-08-01
EMP574,Ahmed Javed,Logistics & Warehouse,POS-561,S049,Data Analysis,Digital,Common,Current,3,Proficient,85.7,3.3,7,Not Required,No,DEPARTMENT-013,Enterprise Operations,ORGANIZATIONAL-UNIT-LOG-TEAM-02,LOC-HUB,2026-08-01
EMP574,Ahmed Javed,Logistics & Warehouse,POS-561,S046,Leadership,Leadership,Leadership,Current,3,Proficient,74.6,2.5,1,Not Required,No,DEPARTMENT-013,Enterprise Operations,ORGANIZATIONAL-UNIT-LOG-TEAM-02,LOC-HUB,2026-08-01
EMP575,Komal Hameed,Logistics & Warehouse,POS-562,S087,Health and Safety,Operations,Core,Developing,2,Developing,60.3,4.9,1,Not Required,Yes,DEPARTMENT-013,Enterprise Operations,ORGANIZATIONAL-UNIT-LOG-TEAM-01,LOC-HUB,2026-08-01
EMP575,Komal Hameed,Logistics & Warehouse,POS-562,S083,Inventory Control,Logistics,Core,Current,3,Proficient,71.9,3.7,2,Not Required,No,DEPARTMENT-013,Enterprise Operations,ORGANIZATIONAL-UNIT-LOG-TEAM-01,LOC-HUB,2026-08-01
EMP575,Komal Hameed,Logistics & Warehouse,POS-562,S085,Route Optimization,Logistics,Core,Current,3,Proficient,75.5,5.5,2,Certified,No,DEPARTMENT-013,Enterprise Operations,ORGANIZATIONAL-UNIT-LOG-TEAM-01,LOC-HUB,2026-08-01
EMP575,Komal Hameed,Logistics & Warehouse,POS-562,S082,Warehouse Operations,Logistics,Core,Current,3,Proficient,79.5,5.0,18,Certified,No,DEPARTMENT-013,Enterprise Operations,ORGANIZATIONAL-UNIT-LOG-TEAM-01,LOC-HUB,2026-08-01
EMP575,Komal Hameed,Logistics & Warehouse,POS-562,S044,Problem Solving,Behavioral,Common,Developing,2,Developing,63.3,4.2,18,Planned,No,DEPARTMENT-013,Enterprise Operations,ORGANIZATIONAL-UNIT-LOG-TEAM-01,LOC-HUB,2026-08-01
EMP576,Fatima Sultan,Logistics & Warehouse,POS-563,S086,Dispatch Coordination,Logistics,Core,Developing,2,Developing,62.8,4.4,14,Not Required,Yes,DEPARTMENT-013,Enterprise Operations,ORGANIZATIONAL-UNIT-LOG-TEAM-03,LOC-HUB,2026-08-01
EMP576,Fatima Sultan,Logistics & Warehouse,POS-563,S046,Leadership,Leadership,Leadership,Developing,2,Developing,62.6,4.3,17,Not Required,No,DEPARTMENT-013,Enterprise Operations,ORGANIZATIONAL-UNIT-LOG-TEAM-03,LOC-HUB,2026-08-01
EMP576,Fatima Sultan,Logistics & Warehouse,POS-563,S084,Transport Planning,Logistics,Core,Developing,2,Developing,58.9,5.1,17,Not Required,No,DEPARTMENT-013,Enterprise Operations,ORGANIZATIONAL-UNIT-LOG-TEAM-03,LOC-HUB,2026-08-01
EMP576,Fatima Sultan,Logistics & Warehouse,POS-563,S083,Inventory Control,Logistics,Core,Current,3,Proficient,75.6,4.9,0,Not Required,No,DEPARTMENT-013,Enterprise Operations,ORGANIZATIONAL-UNIT-LOG-TEAM-03,LOC-HUB,2026-08-01
EMP576,Fatima Sultan,Logistics & Warehouse,POS-563,S087,Health and Safety,Operations,Core,Current,3,Proficient,84.2,3.0,1,Not Required,No,DEPARTMENT-013,Enterprise Operations,ORGANIZATIONAL-UNIT-LOG-TEAM-03,LOC-HUB,2026-08-01
EMP577,Iqra Hussain,Logistics & Warehouse,POS-564,S084,Transport Planning,Logistics,Core,Current,3,Proficient,91.0,2.6,1,Not Required,Yes,DEPARTMENT-013,Enterprise Operations,ORGANIZATIONAL-UNIT-LOG-TEAM-02,LOC-HUB,2026-08-01
EMP577,Iqra Hussain,Logistics & Warehouse,POS-564,S046,Leadership,Leadership,Leadership,Developing,2,Developing,63.3,2.6,8,Not Required,No,DEPARTMENT-013,Enterprise Operations,ORGANIZATIONAL-UNIT-LOG-TEAM-02,LOC-HUB,2026-08-01
EMP577,Iqra Hussain,Logistics & Warehouse,POS-564,S086,Dispatch Coordination,Logistics,Core,Current,4,Advanced,89.6,4.1,2,Planned,No,DEPARTMENT-013,Enterprise Operations,ORGANIZATIONAL-UNIT-LOG-TEAM-02,LOC-HUB,2026-08-01
EMP577,Iqra Hussain,Logistics & Warehouse,POS-564,S044,Problem Solving,Behavioral,Common,Current,4,Advanced,81.0,3.2,15,Certified,No,DEPARTMENT-013,Enterprise Operations,ORGANIZATIONAL-UNIT-LOG-TEAM-02,LOC-HUB,2026-08-01
EMP577,Iqra Hussain,Logistics & Warehouse,POS-564,S087,Health and Safety,Operations,Core,Current,3,Proficient,70.8,2.6,12,Not Required,No,DEPARTMENT-013,Enterprise Operations,ORGANIZATIONAL-UNIT-LOG-TEAM-02,LOC-HUB,2026-08-01
EMP578,Maryam Rauf,Logistics & Warehouse,POS-565,S086,Dispatch Coordination,Logistics,Core,Current,4,Advanced,89.2,4.0,13,Not Required,Yes,DEPARTMENT-013,Enterprise Operations,ORGANIZATIONAL-UNIT-LOG-TEAM-03,LOC-HUB,2026-08-01
EMP578,Maryam Rauf,Logistics & Warehouse,POS-565,S044,Problem Solving,Behavioral,Common,Current,4,Advanced,83.9,3.6,10,Not Required,No,DEPARTMENT-013,Enterprise Operations,ORGANIZATIONAL-UNIT-LOG-TEAM-03,LOC-HUB,2026-08-01
EMP578,Maryam Rauf,Logistics & Warehouse,POS-565,S046,Leadership,Leadership,Leadership,Current,4,Advanced,71.6,2.4,0,Not Required,No,DEPARTMENT-013,Enterprise Operations,ORGANIZATIONAL-UNIT-LOG-TEAM-03,LOC-HUB,2026-08-01
EMP578,Maryam Rauf,Logistics & Warehouse,POS-565,S082,Warehouse Operations,Logistics,Core,Current,3,Proficient,56.4,2.5,4,Not Required,No,DEPARTMENT-013,Enterprise Operations,ORGANIZATIONAL-UNIT-LOG-TEAM-03,LOC-HUB,2026-08-01
EMP578,Maryam Rauf,Logistics & Warehouse,POS-565,S049,Data Analysis,Digital,Common,Current,3,Proficient,79.4,5.0,7,Not Required,No,DEPARTMENT-013,Enterprise Operations,ORGANIZATIONAL-UNIT-LOG-TEAM-03,LOC-HUB,2026-08-01
EMP579,Farhan Aziz,Logistics & Warehouse,POS-566,S083,Inventory Control,Logistics,Core,Current,3,Proficient,77.3,3.4,3,Not Required,Yes,DEPARTMENT-013,Enterprise Operations,ORGANIZATIONAL-UNIT-LOG-TEAM-01,LOC-HUB,2026-08-01
EMP579,Farhan Aziz,Logistics & Warehouse,POS-566,S085,Route Optimization,Logistics,Core,Current,4,Advanced,79.7,2.8,10,Not Required,No,DEPARTMENT-013,Enterprise Operations,ORGANIZATIONAL-UNIT-LOG-TEAM-01,LOC-HUB,2026-08-01
EMP579,Farhan Aziz,Logistics & Warehouse,POS-566,S049,Data Analysis,Digital,Common,Developing,2,Developing,60.2,4.6,13,Planned,No,DEPARTMENT-013,Enterprise Operations,ORGANIZATIONAL-UNIT-LOG-TEAM-01,LOC-HUB,2026-08-01
EMP579,Farhan Aziz,Logistics & Warehouse,POS-566,S084,Transport Planning,Logistics,Core,Developing,2,Developing,73.5,1.9,0,Certified,No,DEPARTMENT-013,Enterprise Operations,ORGANIZATIONAL-UNIT-LOG-TEAM-01,LOC-HUB,2026-08-01
EMP579,Farhan Aziz,Logistics & Warehouse,POS-566,S082,Warehouse Operations,Logistics,Core,Current,3,Proficient,70.7,2.4,7,Not Required,No,DEPARTMENT-013,Enterprise Operations,ORGANIZATIONAL-UNIT-LOG-TEAM-01,LOC-HUB,2026-08-01
EMP580,Minal Bukhari,Logistics & Warehouse,POS-567,S084,Transport Planning,Logistics,Core,Developing,2,Developing,60.8,3.8,11,Not Required,Yes,DEPARTMENT-013,Enterprise Operations,ORGANIZATIONAL-UNIT-LOG-TEAM-03,LOC-HUB,2026-08-01
EMP580,Minal Bukhari,Logistics & Warehouse,POS-567,S085,Route Optimization,Logistics,Core,Current,4,Advanced,86.8,3.4,4,Certified,No,DEPARTMENT-013,Enterprise Operations,ORGANIZATIONAL-UNIT-LOG-TEAM-03,LOC-HUB,2026-08-01
EMP580,Minal Bukhari,Logistics & Warehouse,POS-567,S086,Dispatch Coordination,Logistics,Core,Current,4,Advanced,85.6,6.1,17,Not Required,No,DEPARTMENT-013,Enterprise Operations,ORGANIZATIONAL-UNIT-LOG-TEAM-03,LOC-HUB,2026-08-01
EMP580,Minal Bukhari,Logistics & Warehouse,POS-567,S087,Health and Safety,Operations,Core,Current,4,Advanced,79.4,4.0,0,Certified,No,DEPARTMENT-013,Enterprise Operations,ORGANIZATIONAL-UNIT-LOG-TEAM-03,LOC-HUB,2026-08-01
EMP580,Minal Bukhari,Logistics & Warehouse,POS-567,S044,Problem Solving,Behavioral,Common,Current,4,Advanced,90.2,5.0,17,Not Required,No,DEPARTMENT-013,Enterprise Operations,ORGANIZATIONAL-UNIT-LOG-TEAM-03,LOC-HUB,2026-08-01
EMP581,Noor Khalid,Logistics & Warehouse,POS-568,S086,Dispatch Coordination,Logistics,Core,Current,4,Advanced,80.3,4.5,7,Not Required,Yes,DEPARTMENT-013,Enterprise Operations,ORGANIZATIONAL-UNIT-LOG-TEAM-03,LOC-HUB,2026-08-01
EMP581,Noor Khalid,Logistics & Warehouse,POS-568,S046,Leadership,Leadership,Leadership,Developing,2,Developing,66.8,5.2,6,Planned,No,DEPARTMENT-013,Enterprise Operations,ORGANIZATIONAL-UNIT-LOG-TEAM-03,LOC-HUB,2026-08-01
EMP581,Noor Khalid,Logistics & Warehouse,POS-568,S044,Problem Solving,Behavioral,Common,Current,3,Proficient,72.6,4.6,12,Certified,No,DEPARTMENT-013,Enterprise Operations,ORGANIZATIONAL-UNIT-LOG-TEAM-03,LOC-HUB,2026-08-01
EMP581,Noor Khalid,Logistics & Warehouse,POS-568,S082,Warehouse Operations,Logistics,Core,Current,3,Proficient,70.4,4.5,15,Certified,No,DEPARTMENT-013,Enterprise Operations,ORGANIZATIONAL-UNIT-LOG-TEAM-03,LOC-HUB,2026-08-01
EMP581,Noor Khalid,Logistics & Warehouse,POS-568,S049,Data Analysis,Digital,Common,Current,4,Advanced,87.2,6.2,17,Not Required,No,DEPARTMENT-013,Enterprise Operations,ORGANIZATIONAL-UNIT-LOG-TEAM-03,LOC-HUB,2026-08-01
EMP582,Noor Sheikh,Logistics & Warehouse,POS-569,S084,Transport Planning,Logistics,Core,Current,3,Proficient,77.4,3.8,14,Planned,Yes,DEPARTMENT-013,Enterprise Operations,ORGANIZATIONAL-UNIT-LOG-TEAM-03,LOC-HUB,2026-08-01
EMP582,Noor Sheikh,Logistics & Warehouse,POS-569,S049,Data Analysis,Digital,Common,Current,3,Proficient,80.0,2.8,18,Not Required,No,DEPARTMENT-013,Enterprise Operations,ORGANIZATIONAL-UNIT-LOG-TEAM-03,LOC-HUB,2026-08-01
EMP582,Noor Sheikh,Logistics & Warehouse,POS-569,S044,Problem Solving,Behavioral,Common,Current,4,Advanced,85.7,3.2,4,Not Required,No,DEPARTMENT-013,Enterprise Operations,ORGANIZATIONAL-UNIT-LOG-TEAM-03,LOC-HUB,2026-08-01
EMP582,Noor Sheikh,Logistics & Warehouse,POS-569,S086,Dispatch Coordination,Logistics,Core,Current,3,Proficient,70.0,3.5,15,Certified,No,DEPARTMENT-013,Enterprise Operations,ORGANIZATIONAL-UNIT-LOG-TEAM-03,LOC-HUB,2026-08-01
EMP582,Noor Sheikh,Logistics & Warehouse,POS-569,S085,Route Optimization,Logistics,Core,Developing,2,Developing,69.6,3.3,15,Not Required,No,DEPARTMENT-013,Enterprise Operations,ORGANIZATIONAL-UNIT-LOG-TEAM-03,LOC-HUB,2026-08-01
EMP583,Noman Aziz,Logistics & Warehouse,POS-570,S082,Warehouse Operations,Logistics,Core,Developing,1,Beginner,52.1,1.9,16,Planned,Yes,DEPARTMENT-013,Enterprise Operations,ORGANIZATIONAL-UNIT-LOG-TEAM-03,LOC-HUB,2026-08-01
EMP583,Noman Aziz,Logistics & Warehouse,POS-570,S046,Leadership,Leadership,Leadership,Developing,2,Developing,58.9,1.0,13,Certified,No,DEPARTMENT-013,Enterprise Operations,ORGANIZATIONAL-UNIT-LOG-TEAM-03,LOC-HUB,2026-08-01
EMP583,Noman Aziz,Logistics & Warehouse,POS-570,S083,Inventory Control,Logistics,Core,Developing,1,Beginner,60.5,1.1,3,Not Required,No,DEPARTMENT-013,Enterprise Operations,ORGANIZATIONAL-UNIT-LOG-TEAM-03,LOC-HUB,2026-08-01
EMP583,Noman Aziz,Logistics & Warehouse,POS-570,S086,Dispatch Coordination,Logistics,Core,Developing,2,Developing,62.8,0.2,13,Not Required,No,DEPARTMENT-013,Enterprise Operations,ORGANIZATIONAL-UNIT-LOG-TEAM-03,LOC-HUB,2026-08-01
EMP583,Noman Aziz,Logistics & Warehouse,POS-570,S084,Transport Planning,Logistics,Core,Current,3,Proficient,74.5,2.5,15,Not Required,No,DEPARTMENT-013,Enterprise Operations,ORGANIZATIONAL-UNIT-LOG-TEAM-03,LOC-HUB,2026-08-01
EMP584,Zainab Munir,Logistics & Warehouse,POS-571,S046,Leadership,Leadership,Leadership,Current,3,Proficient,79.2,1.2,18,Certified,Yes,DEPARTMENT-013,Enterprise Operations,ORGANIZATIONAL-UNIT-LOG-TEAM-02,LOC-HUB,2026-08-01
EMP584,Zainab Munir,Logistics & Warehouse,POS-571,S082,Warehouse Operations,Logistics,Core,Current,3,Proficient,72.1,1.8,7,Planned,No,DEPARTMENT-013,Enterprise Operations,ORGANIZATIONAL-UNIT-LOG-TEAM-02,LOC-HUB,2026-08-01
EMP584,Zainab Munir,Logistics & Warehouse,POS-571,S049,Data Analysis,Digital,Common,Developing,1,Beginner,51.8,0.4,5,Certified,No,DEPARTMENT-013,Enterprise Operations,ORGANIZATIONAL-UNIT-LOG-TEAM-02,LOC-HUB,2026-08-01
EMP584,Zainab Munir,Logistics & Warehouse,POS-571,S085,Route Optimization,Logistics,Core,Developing,2,Developing,63.2,0.8,17,Not Required,No,DEPARTMENT-013,Enterprise Operations,ORGANIZATIONAL-UNIT-LOG-TEAM-02,LOC-HUB,2026-08-01
EMP584,Zainab Munir,Logistics & Warehouse,POS-571,S086,Dispatch Coordination,Logistics,Core,Developing,1,Beginner,56.2,2.3,0,Not Required,No,DEPARTMENT-013,Enterprise Operations,ORGANIZATIONAL-UNIT-LOG-TEAM-02,LOC-HUB,2026-08-01
EMP585,Bilal Abbasi,Logistics & Warehouse,POS-572,S087,Health and Safety,Operations,Core,Current,3,Proficient,76.0,2.9,5,Not Required,Yes,DEPARTMENT-013,Enterprise Operations,ORGANIZATIONAL-UNIT-LOG-TEAM-03,LOC-HUB,2026-08-01
EMP585,Bilal Abbasi,Logistics & Warehouse,POS-572,S020,SOP Compliance,Compliance,Core,Current,3,Proficient,79.0,1.0,17,Not Required,No,DEPARTMENT-013,Enterprise Operations,ORGANIZATIONAL-UNIT-LOG-TEAM-03,LOC-HUB,2026-08-01
EMP585,Bilal Abbasi,Logistics & Warehouse,POS-572,S086,Dispatch Coordination,Logistics,Core,Developing,1,Beginner,53.6,2.8,18,Planned,No,DEPARTMENT-013,Enterprise Operations,ORGANIZATIONAL-UNIT-LOG-TEAM-03,LOC-HUB,2026-08-01
EMP585,Bilal Abbasi,Logistics & Warehouse,POS-572,S049,Data Analysis,Digital,Common,Developing,1,Beginner,48.5,0.9,18,Not Required,No,DEPARTMENT-013,Enterprise Operations,ORGANIZATIONAL-UNIT-LOG-TEAM-03,LOC-HUB,2026-08-01
EMP585,Bilal Abbasi,Logistics & Warehouse,POS-572,S085,Route Optimization,Logistics,Core,Developing,2,Developing,53.4,3.1,2,Planned,No,DEPARTMENT-013,Enterprise Operations,ORGANIZATIONAL-UNIT-LOG-TEAM-03,LOC-HUB,2026-08-01
EMP586,Fahad Akhtar,Production & Manufacturing,EXEC-PRD-HEAD,S090,Preventive Maintenance,Manufacturing,Core,Current,4,Advanced,86.7,11.4,10,Planned,Yes,DEPARTMENT-014,Industrial Operations,ORGANIZATIONAL-UNIT-PRD,LOC-PLANT,2026-08-01
EMP586,Fahad Akhtar,Production & Manufacturing,EXEC-PRD-HEAD,S020,SOP Compliance,Compliance,Core,Current,5,Expert,90.4,14.8,6,Planned,No,DEPARTMENT-014,Industrial Operations,ORGANIZATIONAL-UNIT-PRD,LOC-PLANT,2026-08-01
EMP586,Fahad Akhtar,Production & Manufacturing,EXEC-PRD-HEAD,S089,Machine Operation,Manufacturing,Core,Current,5,Expert,87.9,14.9,16,Planned,No,DEPARTMENT-014,Industrial Operations,ORGANIZATIONAL-UNIT-PRD,LOC-PLANT,2026-08-01
EMP586,Fahad Akhtar,Production & Manufacturing,EXEC-PRD-HEAD,S087,Health and Safety,Operations,Core,Current,5,Expert,96.8,15.6,11,Planned,No,DEPARTMENT-014,Industrial Operations,ORGANIZATIONAL-UNIT-PRD,LOC-PLANT,2026-08-01
EMP586,Fahad Akhtar,Production & Manufacturing,EXEC-PRD-HEAD,S091,Lean Manufacturing,Manufacturing,Core,Current,5,Expert,100,14.6,9,Planned,No,DEPARTMENT-014,Industrial Operations,ORGANIZATIONAL-UNIT-PRD,LOC-PLANT,2026-08-01
EMP587,Noman Baig,Production & Manufacturing,POS-573,S043,Teamwork,Behavioral,Common,Current,5,Expert,100,7.7,18,Not Required,Yes,DEPARTMENT-014,Industrial Operations,ORGANIZATIONAL-UNIT-PRD,LOC-PLANT,2026-08-01
EMP587,Noman Baig,Production & Manufacturing,POS-573,S046,Leadership,Leadership,Leadership,Current,5,Expert,99.3,8.8,2,Certified,No,DEPARTMENT-014,Industrial Operations,ORGANIZATIONAL-UNIT-PRD,LOC-PLANT,2026-08-01
EMP587,Noman Baig,Production & Manufacturing,POS-573,S090,Preventive Maintenance,Manufacturing,Core,Current,3,Proficient,65.0,7.7,12,Not Required,No,DEPARTMENT-014,Industrial Operations,ORGANIZATIONAL-UNIT-PRD,LOC-PLANT,2026-08-01
EMP587,Noman Baig,Production & Manufacturing,POS-573,S044,Problem Solving,Behavioral,Common,Current,3,Proficient,78.3,8.9,6,Not Required,No,DEPARTMENT-014,Industrial Operations,ORGANIZATIONAL-UNIT-PRD,LOC-PLANT,2026-08-01
EMP587,Noman Baig,Production & Manufacturing,POS-573,S091,Lean Manufacturing,Manufacturing,Core,Current,3,Proficient,89.0,7.2,2,Not Required,No,DEPARTMENT-014,Industrial Operations,ORGANIZATIONAL-UNIT-PRD,LOC-PLANT,2026-08-01
EMP588,Rabia Sultan,Production & Manufacturing,POS-574,S046,Leadership,Leadership,Leadership,Current,3,Proficient,71.0,8.7,1,Certified,Yes,DEPARTMENT-014,Industrial Operations,ORGANIZATIONAL-UNIT-PRD,LOC-PLANT,2026-08-01
EMP588,Rabia Sultan,Production & Manufacturing,POS-574,S044,Problem Solving,Behavioral,Common,Current,4,Advanced,80.0,11.1,8,Planned,No,DEPARTMENT-014,Industrial Operations,ORGANIZATIONAL-UNIT-PRD,LOC-PLANT,2026-08-01
EMP588,Rabia Sultan,Production & Manufacturing,POS-574,S089,Machine Operation,Manufacturing,Core,Current,5,Expert,95.9,10.9,15,Not Required,No,DEPARTMENT-014,Industrial Operations,ORGANIZATIONAL-UNIT-PRD,LOC-PLANT,2026-08-01
EMP588,Rabia Sultan,Production & Manufacturing,POS-574,S091,Lean Manufacturing,Manufacturing,Core,Current,4,Advanced,85.6,10.4,16,Certified,No,DEPARTMENT-014,Industrial Operations,ORGANIZATIONAL-UNIT-PRD,LOC-PLANT,2026-08-01
EMP588,Rabia Sultan,Production & Manufacturing,POS-574,S090,Preventive Maintenance,Manufacturing,Core,Current,3,Proficient,84.6,8.7,4,Not Required,No,DEPARTMENT-014,Industrial Operations,ORGANIZATIONAL-UNIT-PRD,LOC-PLANT,2026-08-01
EMP589,Adnan Nawaz,Production & Manufacturing,POS-575,S046,Leadership,Leadership,Leadership,Current,5,Expert,100,9.0,7,Not Required,Yes,DEPARTMENT-014,Industrial Operations,ORGANIZATIONAL-UNIT-PRD,LOC-PLANT,2026-08-01
EMP589,Adnan Nawaz,Production & Manufacturing,POS-575,S091,Lean Manufacturing,Manufacturing,Core,Current,4,Advanced,91.5,9.8,6,Certified,No,DEPARTMENT-014,Industrial Operations,ORGANIZATIONAL-UNIT-PRD,LOC-PLANT,2026-08-01
EMP589,Adnan Nawaz,Production & Manufacturing,POS-575,S022,Quality Control,Functional,Core,Current,3,Proficient,70.6,9.0,1,Planned,No,DEPARTMENT-014,Industrial Operations,ORGANIZATIONAL-UNIT-PRD,LOC-PLANT,2026-08-01
EMP589,Adnan Nawaz,Production & Manufacturing,POS-575,S089,Machine Operation,Manufacturing,Core,Current,4,Advanced,90.6,8.0,16,Certified,No,DEPARTMENT-014,Industrial Operations,ORGANIZATIONAL-UNIT-PRD,LOC-PLANT,2026-08-01
EMP589,Adnan Nawaz,Production & Manufacturing,POS-575,S043,Teamwork,Behavioral,Common,Current,4,Advanced,86.1,9.6,4,Not Required,No,DEPARTMENT-014,Industrial Operations,ORGANIZATIONAL-UNIT-PRD,LOC-PLANT,2026-08-01
EMP590,Taha Ali,Production & Manufacturing,POS-576,S044,Problem Solving,Behavioral,Common,Current,4,Advanced,95.8,12.8,7,Planned,Yes,DEPARTMENT-014,Industrial Operations,ORGANIZATIONAL-UNIT-PRD,LOC-PLANT,2026-08-01
EMP590,Taha Ali,Production & Manufacturing,POS-576,S046,Leadership,Leadership,Leadership,Current,5,Expert,90.8,11.8,5,Certified,No,DEPARTMENT-014,Industrial Operations,ORGANIZATIONAL-UNIT-PRD,LOC-PLANT,2026-08-01
EMP590,Taha Ali,Production & Manufacturing,POS-576,S090,Preventive Maintenance,Manufacturing,Core,Current,3,Proficient,80.0,9.5,2,Not Required,No,DEPARTMENT-014,Industrial Operations,ORGANIZATIONAL-UNIT-PRD,LOC-PLANT,2026-08-01
EMP590,Taha Ali,Production & Manufacturing,POS-576,S043,Teamwork,Behavioral,Common,Current,3,Proficient,83.4,10.1,13,Not Required,No,DEPARTMENT-014,Industrial Operations,ORGANIZATIONAL-UNIT-PRD,LOC-PLANT,2026-08-01
EMP590,Taha Ali,Production & Manufacturing,POS-576,S020,SOP Compliance,Compliance,Core,Current,3,Proficient,68.8,10.3,15,Planned,No,DEPARTMENT-014,Industrial Operations,ORGANIZATIONAL-UNIT-PRD,LOC-PLANT,2026-08-01
EMP591,Adnan Hameed,Production & Manufacturing,POS-577,S020,SOP Compliance,Compliance,Core,Current,5,Expert,100,14.3,2,Not Required,Yes,DEPARTMENT-014,Industrial Operations,ORGANIZATIONAL-UNIT-PRD,LOC-PLANT,2026-08-01
EMP591,Adnan Hameed,Production & Manufacturing,POS-577,S089,Machine Operation,Manufacturing,Core,Current,5,Expert,89.9,14.4,8,Certified,No,DEPARTMENT-014,Industrial Operations,ORGANIZATIONAL-UNIT-PRD,LOC-PLANT,2026-08-01
EMP591,Adnan Hameed,Production & Manufacturing,POS-577,S043,Teamwork,Behavioral,Common,Current,4,Advanced,72.7,12.1,8,Not Required,No,DEPARTMENT-014,Industrial Operations,ORGANIZATIONAL-UNIT-PRD,LOC-PLANT,2026-08-01
EMP591,Adnan Hameed,Production & Manufacturing,POS-577,S088,Production Planning,Manufacturing,Core,Current,5,Expert,85.6,14.8,0,Not Required,No,DEPARTMENT-014,Industrial Operations,ORGANIZATIONAL-UNIT-PRD,LOC-PLANT,2026-08-01
EMP591,Adnan Hameed,Production & Manufacturing,POS-577,S046,Leadership,Leadership,Leadership,Current,5,Expert,85.5,14.8,3,Certified,No,DEPARTMENT-014,Industrial Operations,ORGANIZATIONAL-UNIT-PRD,LOC-PLANT,2026-08-01
EMP592,Hamza Qureshi,Production & Manufacturing,POS-578,S044,Problem Solving,Behavioral,Common,Current,5,Expert,85.4,7.3,13,Not Required,Yes,DEPARTMENT-014,Industrial Operations,ORGANIZATIONAL-UNIT-PRD,LOC-PLANT,2026-08-01
EMP592,Hamza Qureshi,Production & Manufacturing,POS-578,S046,Leadership,Leadership,Leadership,Current,4,Advanced,83.6,7.8,4,Not Required,No,DEPARTMENT-014,Industrial Operations,ORGANIZATIONAL-UNIT-PRD,LOC-PLANT,2026-08-01
EMP592,Hamza Qureshi,Production & Manufacturing,POS-578,S043,Teamwork,Behavioral,Common,Current,5,Expert,88.9,9.2,16,Certified,No,DEPARTMENT-014,Industrial Operations,ORGANIZATIONAL-UNIT-PRD,LOC-PLANT,2026-08-01
EMP592,Hamza Qureshi,Production & Manufacturing,POS-578,S087,Health and Safety,Operations,Core,Current,5,Expert,88.2,8.7,17,Not Required,No,DEPARTMENT-014,Industrial Operations,ORGANIZATIONAL-UNIT-PRD,LOC-PLANT,2026-08-01
EMP592,Hamza Qureshi,Production & Manufacturing,POS-578,S091,Lean Manufacturing,Manufacturing,Core,Current,5,Expert,100,8.7,11,Planned,No,DEPARTMENT-014,Industrial Operations,ORGANIZATIONAL-UNIT-PRD,LOC-PLANT,2026-08-01
EMP593,Maha Saeed,Production & Manufacturing,POS-579,S044,Problem Solving,Behavioral,Common,Current,5,Expert,94.9,12.0,16,Not Required,Yes,DEPARTMENT-014,Industrial Operations,ORGANIZATIONAL-UNIT-PRD-TEAM-03,LOC-PLANT,2026-08-01
EMP593,Maha Saeed,Production & Manufacturing,POS-579,S020,SOP Compliance,Compliance,Core,Current,4,Advanced,81.4,11.0,1,Not Required,No,DEPARTMENT-014,Industrial Operations,ORGANIZATIONAL-UNIT-PRD-TEAM-03,LOC-PLANT,2026-08-01
EMP593,Maha Saeed,Production & Manufacturing,POS-579,S091,Lean Manufacturing,Manufacturing,Core,Current,4,Advanced,76.9,11.3,11,Not Required,No,DEPARTMENT-014,Industrial Operations,ORGANIZATIONAL-UNIT-PRD-TEAM-03,LOC-PLANT,2026-08-01
EMP593,Maha Saeed,Production & Manufacturing,POS-579,S046,Leadership,Leadership,Leadership,Current,5,Expert,100,11.2,3,Not Required,No,DEPARTMENT-014,Industrial Operations,ORGANIZATIONAL-UNIT-PRD-TEAM-03,LOC-PLANT,2026-08-01
EMP593,Maha Saeed,Production & Manufacturing,POS-579,S022,Quality Control,Functional,Core,Current,4,Advanced,82.5,12.5,12,Not Required,No,DEPARTMENT-014,Industrial Operations,ORGANIZATIONAL-UNIT-PRD-TEAM-03,LOC-PLANT,2026-08-01
EMP594,Raza Mirza,Production & Manufacturing,POS-580,S091,Lean Manufacturing,Manufacturing,Core,Current,3,Proficient,77.9,9.0,0,Not Required,Yes,DEPARTMENT-014,Industrial Operations,ORGANIZATIONAL-UNIT-PRD-TEAM-03,LOC-PLANT,2026-08-01
EMP594,Raza Mirza,Production & Manufacturing,POS-580,S044,Problem Solving,Behavioral,Common,Current,4,Advanced,92.3,12.5,17,Certified,No,DEPARTMENT-014,Industrial Operations,ORGANIZATIONAL-UNIT-PRD-TEAM-03,LOC-PLANT,2026-08-01
EMP594,Raza Mirza,Production & Manufacturing,POS-580,S089,Machine Operation,Manufacturing,Core,Current,4,Advanced,88.4,10.6,18,Not Required,No,DEPARTMENT-014,Industrial Operations,ORGANIZATIONAL-UNIT-PRD-TEAM-03,LOC-PLANT,2026-08-01
EMP594,Raza Mirza,Production & Manufacturing,POS-580,S088,Production Planning,Manufacturing,Core,Current,3,Proficient,75.6,8.9,8,Not Required,No,DEPARTMENT-014,Industrial Operations,ORGANIZATIONAL-UNIT-PRD-TEAM-03,LOC-PLANT,2026-08-01
EMP594,Raza Mirza,Production & Manufacturing,POS-580,S090,Preventive Maintenance,Manufacturing,Core,Current,3,Proficient,79.1,9.8,6,Not Required,No,DEPARTMENT-014,Industrial Operations,ORGANIZATIONAL-UNIT-PRD-TEAM-03,LOC-PLANT,2026-08-01
EMP595,Noman Dar,Production & Manufacturing,POS-581,S090,Preventive Maintenance,Manufacturing,Core,Current,4,Advanced,80.2,12.0,1,Certified,Yes,DEPARTMENT-014,Industrial Operations,ORGANIZATIONAL-UNIT-PRD-TEAM-03,LOC-PLANT,2026-08-01
EMP595,Noman Dar,Production & Manufacturing,POS-581,S044,Problem Solving,Behavioral,Common,Current,5,Expert,93.2,12.3,13,Planned,No,DEPARTMENT-014,Industrial Operations,ORGANIZATIONAL-UNIT-PRD-TEAM-03,LOC-PLANT,2026-08-01
EMP595,Noman Dar,Production & Manufacturing,POS-581,S087,Health and Safety,Operations,Core,Current,3,Proficient,71.2,9.5,5,Certified,No,DEPARTMENT-014,Industrial Operations,ORGANIZATIONAL-UNIT-PRD-TEAM-03,LOC-PLANT,2026-08-01
EMP595,Noman Dar,Production & Manufacturing,POS-581,S091,Lean Manufacturing,Manufacturing,Core,Current,5,Expert,100,11.3,12,Not Required,No,DEPARTMENT-014,Industrial Operations,ORGANIZATIONAL-UNIT-PRD-TEAM-03,LOC-PLANT,2026-08-01
EMP595,Noman Dar,Production & Manufacturing,POS-581,S046,Leadership,Leadership,Leadership,Current,4,Advanced,94.5,11.3,5,Certified,No,DEPARTMENT-014,Industrial Operations,ORGANIZATIONAL-UNIT-PRD-TEAM-03,LOC-PLANT,2026-08-01
EMP596,Laiba Yousaf,Production & Manufacturing,POS-582,S090,Preventive Maintenance,Manufacturing,Core,Current,5,Expert,100,9.6,15,Not Required,Yes,DEPARTMENT-014,Industrial Operations,ORGANIZATIONAL-UNIT-PRD-TEAM-02,LOC-PLANT,2026-08-01
EMP596,Laiba Yousaf,Production & Manufacturing,POS-582,S020,SOP Compliance,Compliance,Core,Current,4,Advanced,73.9,9.8,12,Not Required,No,DEPARTMENT-014,Industrial Operations,ORGANIZATIONAL-UNIT-PRD-TEAM-02,LOC-PLANT,2026-08-01
EMP596,Laiba Yousaf,Production & Manufacturing,POS-582,S044,Problem Solving,Behavioral,Common,Current,3,Proficient,68.8,8.8,11,Planned,No,DEPARTMENT-014,Industrial Operations,ORGANIZATIONAL-UNIT-PRD-TEAM-02,LOC-PLANT,2026-08-01
EMP596,Laiba Yousaf,Production & Manufacturing,POS-582,S088,Production Planning,Manufacturing,Core,Current,4,Advanced,82.7,9.2,13,Not Required,No,DEPARTMENT-014,Industrial Operations,ORGANIZATIONAL-UNIT-PRD-TEAM-02,LOC-PLANT,2026-08-01
EMP596,Laiba Yousaf,Production & Manufacturing,POS-582,S089,Machine Operation,Manufacturing,Core,Current,5,Expert,100,9.1,10,Not Required,No,DEPARTMENT-014,Industrial Operations,ORGANIZATIONAL-UNIT-PRD-TEAM-02,LOC-PLANT,2026-08-01
EMP597,Raza Ali,Production & Manufacturing,POS-583,S044,Problem Solving,Behavioral,Common,Current,3,Proficient,70.3,9.5,3,Not Required,Yes,DEPARTMENT-014,Industrial Operations,ORGANIZATIONAL-UNIT-PRD-TEAM-02,LOC-PLANT,2026-08-01
EMP597,Raza Ali,Production & Manufacturing,POS-583,S022,Quality Control,Functional,Core,Current,5,Expert,98.2,14.2,6,Not Required,No,DEPARTMENT-014,Industrial Operations,ORGANIZATIONAL-UNIT-PRD-TEAM-02,LOC-PLANT,2026-08-01
EMP597,Raza Ali,Production & Manufacturing,POS-583,S090,Preventive Maintenance,Manufacturing,Core,Current,4,Advanced,86.0,12.8,12,Certified,No,DEPARTMENT-014,Industrial Operations,ORGANIZATIONAL-UNIT-PRD-TEAM-02,LOC-PLANT,2026-08-01
EMP597,Raza Ali,Production & Manufacturing,POS-583,S088,Production Planning,Manufacturing,Core,Current,5,Expert,97.4,11.7,15,Not Required,No,DEPARTMENT-014,Industrial Operations,ORGANIZATIONAL-UNIT-PRD-TEAM-02,LOC-PLANT,2026-08-01
EMP597,Raza Ali,Production & Manufacturing,POS-583,S020,SOP Compliance,Compliance,Core,Current,4,Advanced,78.4,11.9,12,Not Required,No,DEPARTMENT-014,Industrial Operations,ORGANIZATIONAL-UNIT-PRD-TEAM-02,LOC-PLANT,2026-08-01
EMP598,Asad Riaz,Production & Manufacturing,POS-584,S022,Quality Control,Functional,Core,Current,3,Proficient,72.6,9.5,8,Not Required,Yes,DEPARTMENT-014,Industrial Operations,ORGANIZATIONAL-UNIT-PRD-TEAM-03,LOC-PLANT,2026-08-01
EMP598,Asad Riaz,Production & Manufacturing,POS-584,S043,Teamwork,Behavioral,Common,Current,4,Advanced,75.6,12.4,11,Certified,No,DEPARTMENT-014,Industrial Operations,ORGANIZATIONAL-UNIT-PRD-TEAM-03,LOC-PLANT,2026-08-01
EMP598,Asad Riaz,Production & Manufacturing,POS-584,S090,Preventive Maintenance,Manufacturing,Core,Current,3,Proficient,73.8,8.6,4,Not Required,No,DEPARTMENT-014,Industrial Operations,ORGANIZATIONAL-UNIT-PRD-TEAM-03,LOC-PLANT,2026-08-01
EMP598,Asad Riaz,Production & Manufacturing,POS-584,S089,Machine Operation,Manufacturing,Core,Current,4,Advanced,89.7,11.5,7,Planned,No,DEPARTMENT-014,Industrial Operations,ORGANIZATIONAL-UNIT-PRD-TEAM-03,LOC-PLANT,2026-08-01
EMP598,Asad Riaz,Production & Manufacturing,POS-584,S088,Production Planning,Manufacturing,Core,Current,4,Advanced,87.3,11.9,17,Planned,No,DEPARTMENT-014,Industrial Operations,ORGANIZATIONAL-UNIT-PRD-TEAM-03,LOC-PLANT,2026-08-01
EMP599,Maryam Nawaz,Production & Manufacturing,POS-585,S090,Preventive Maintenance,Manufacturing,Core,Current,5,Expert,87.4,10.0,1,Not Required,Yes,DEPARTMENT-014,Industrial Operations,ORGANIZATIONAL-UNIT-PRD-TEAM-02,LOC-PLANT,2026-08-01
EMP599,Maryam Nawaz,Production & Manufacturing,POS-585,S089,Machine Operation,Manufacturing,Core,Current,5,Expert,85.6,9.4,14,Not Required,No,DEPARTMENT-014,Industrial Operations,ORGANIZATIONAL-UNIT-PRD-TEAM-02,LOC-PLANT,2026-08-01
EMP599,Maryam Nawaz,Production & Manufacturing,POS-585,S044,Problem Solving,Behavioral,Common,Current,3,Proficient,73.5,8.3,14,Not Required,No,DEPARTMENT-014,Industrial Operations,ORGANIZATIONAL-UNIT-PRD-TEAM-02,LOC-PLANT,2026-08-01
EMP599,Maryam Nawaz,Production & Manufacturing,POS-585,S046,Leadership,Leadership,Leadership,Current,4,Advanced,86.5,10.0,13,Not Required,No,DEPARTMENT-014,Industrial Operations,ORGANIZATIONAL-UNIT-PRD-TEAM-02,LOC-PLANT,2026-08-01
EMP599,Maryam Nawaz,Production & Manufacturing,POS-585,S087,Health and Safety,Operations,Core,Current,4,Advanced,86.6,7.8,1,Certified,No,DEPARTMENT-014,Industrial Operations,ORGANIZATIONAL-UNIT-PRD-TEAM-02,LOC-PLANT,2026-08-01
EMP600,Usman Saleem,Production & Manufacturing,POS-586,S044,Problem Solving,Behavioral,Common,Current,5,Expert,90.0,10.3,1,Planned,Yes,DEPARTMENT-014,Industrial Operations,ORGANIZATIONAL-UNIT-PRD-TEAM-01,LOC-PLANT,2026-08-01
EMP600,Usman Saleem,Production & Manufacturing,POS-586,S022,Quality Control,Functional,Core,Current,4,Advanced,91.0,9.4,15,Not Required,No,DEPARTMENT-014,Industrial Operations,ORGANIZATIONAL-UNIT-PRD-TEAM-01,LOC-PLANT,2026-08-01
EMP600,Usman Saleem,Production & Manufacturing,POS-586,S020,SOP Compliance,Compliance,Core,Current,3,Proficient,88.4,8.5,2,Not Required,No,DEPARTMENT-014,Industrial Operations,ORGANIZATIONAL-UNIT-PRD-TEAM-01,LOC-PLANT,2026-08-01
EMP600,Usman Saleem,Production & Manufacturing,POS-586,S087,Health and Safety,Operations,Core,Current,3,Proficient,61.2,8.6,4,Not Required,No,DEPARTMENT-014,Industrial Operations,ORGANIZATIONAL-UNIT-PRD-TEAM-01,LOC-PLANT,2026-08-01
EMP600,Usman Saleem,Production & Manufacturing,POS-586,S043,Teamwork,Behavioral,Common,Current,4,Advanced,81.6,9.6,13,Not Required,No,DEPARTMENT-014,Industrial Operations,ORGANIZATIONAL-UNIT-PRD-TEAM-01,LOC-PLANT,2026-08-01
EMP601,Danish Javed,Production & Manufacturing,POS-587,S091,Lean Manufacturing,Manufacturing,Core,Current,3,Proficient,74.8,7.4,6,Not Required,Yes,DEPARTMENT-014,Industrial Operations,ORGANIZATIONAL-UNIT-PRD-TEAM-03,LOC-PLANT,2026-08-01
EMP601,Danish Javed,Production & Manufacturing,POS-587,S044,Problem Solving,Behavioral,Common,Current,5,Expert,90.0,7.3,13,Not Required,No,DEPARTMENT-014,Industrial Operations,ORGANIZATIONAL-UNIT-PRD-TEAM-03,LOC-PLANT,2026-08-01
EMP601,Danish Javed,Production & Manufacturing,POS-587,S022,Quality Control,Functional,Core,Current,4,Advanced,79.7,5.1,15,Not Required,No,DEPARTMENT-014,Industrial Operations,ORGANIZATIONAL-UNIT-PRD-TEAM-03,LOC-PLANT,2026-08-01
EMP601,Danish Javed,Production & Manufacturing,POS-587,S087,Health and Safety,Operations,Core,Current,3,Proficient,71.7,5.7,0,Not Required,No,DEPARTMENT-014,Industrial Operations,ORGANIZATIONAL-UNIT-PRD-TEAM-03,LOC-PLANT,2026-08-01
EMP601,Danish Javed,Production & Manufacturing,POS-587,S043,Teamwork,Behavioral,Common,Developing,2,Developing,64.9,6.6,13,Not Required,No,DEPARTMENT-014,Industrial Operations,ORGANIZATIONAL-UNIT-PRD-TEAM-03,LOC-PLANT,2026-08-01
EMP602,Noor Baig,Production & Manufacturing,POS-588,S020,SOP Compliance,Compliance,Core,Current,3,Proficient,66.8,6.6,11,Not Required,Yes,DEPARTMENT-014,Industrial Operations,ORGANIZATIONAL-UNIT-PRD-TEAM-01,LOC-PLANT,2026-08-01
EMP602,Noor Baig,Production & Manufacturing,POS-588,S091,Lean Manufacturing,Manufacturing,Core,Current,4,Advanced,86.9,8.0,3,Certified,No,DEPARTMENT-014,Industrial Operations,ORGANIZATIONAL-UNIT-PRD-TEAM-01,LOC-PLANT,2026-08-01
EMP602,Noor Baig,Production & Manufacturing,POS-588,S088,Production Planning,Manufacturing,Core,Developing,2,Developing,55.2,6.4,4,Not Required,No,DEPARTMENT-014,Industrial Operations,ORGANIZATIONAL-UNIT-PRD-TEAM-01,LOC-PLANT,2026-08-01
EMP602,Noor Baig,Production & Manufacturing,POS-588,S090,Preventive Maintenance,Manufacturing,Core,Current,4,Advanced,88.5,6.8,9,Not Required,No,DEPARTMENT-014,Industrial Operations,ORGANIZATIONAL-UNIT-PRD-TEAM-01,LOC-PLANT,2026-08-01
EMP602,Noor Baig,Production & Manufacturing,POS-588,S089,Machine Operation,Manufacturing,Core,Current,3,Proficient,85.6,7.9,10,Not Required,No,DEPARTMENT-014,Industrial Operations,ORGANIZATIONAL-UNIT-PRD-TEAM-01,LOC-PLANT,2026-08-01
EMP603,Ayesha Qureshi,Production & Manufacturing,POS-589,S020,SOP Compliance,Compliance,Core,Current,4,Advanced,86.2,6.5,6,Planned,Yes,DEPARTMENT-014,Industrial Operations,ORGANIZATIONAL-UNIT-PRD-TEAM-03,LOC-PLANT,2026-08-01
EMP603,Ayesha Qureshi,Production & Manufacturing,POS-589,S044,Problem Solving,Behavioral,Common,Current,3,Proficient,76.2,5.0,18,Planned,No,DEPARTMENT-014,Industrial Operations,ORGANIZATIONAL-UNIT-PRD-TEAM-03,LOC-PLANT,2026-08-01
EMP603,Ayesha Qureshi,Production & Manufacturing,POS-589,S022,Quality Control,Functional,Core,Current,5,Expert,89.7,4.9,13,Not Required,No,DEPARTMENT-014,Industrial Operations,ORGANIZATIONAL-UNIT-PRD-TEAM-03,LOC-PLANT,2026-08-01
EMP603,Ayesha Qureshi,Production & Manufacturing,POS-589,S046,Leadership,Leadership,Leadership,Current,5,Expert,99.2,6.5,6,Not Required,No,DEPARTMENT-014,Industrial Operations,ORGANIZATIONAL-UNIT-PRD-TEAM-03,LOC-PLANT,2026-08-01
EMP603,Ayesha Qureshi,Production & Manufacturing,POS-589,S090,Preventive Maintenance,Manufacturing,Core,Developing,2,Developing,72.6,6.2,17,Certified,No,DEPARTMENT-014,Industrial Operations,ORGANIZATIONAL-UNIT-PRD-TEAM-03,LOC-PLANT,2026-08-01
EMP604,Saba Shah,Production & Manufacturing,POS-590,S046,Leadership,Leadership,Leadership,Developing,2,Developing,61.1,6.1,17,Not Required,Yes,DEPARTMENT-014,Industrial Operations,ORGANIZATIONAL-UNIT-PRD-TEAM-02,LOC-PLANT,2026-08-01
EMP604,Saba Shah,Production & Manufacturing,POS-590,S020,SOP Compliance,Compliance,Core,Current,3,Proficient,82.6,8.8,14,Not Required,No,DEPARTMENT-014,Industrial Operations,ORGANIZATIONAL-UNIT-PRD-TEAM-02,LOC-PLANT,2026-08-01
EMP604,Saba Shah,Production & Manufacturing,POS-590,S022,Quality Control,Functional,Core,Developing,2,Developing,66.5,6.2,12,Certified,No,DEPARTMENT-014,Industrial Operations,ORGANIZATIONAL-UNIT-PRD-TEAM-02,LOC-PLANT,2026-08-01
EMP604,Saba Shah,Production & Manufacturing,POS-590,S089,Machine Operation,Manufacturing,Core,Current,4,Advanced,76.7,9.5,8,Not Required,No,DEPARTMENT-014,Industrial Operations,ORGANIZATIONAL-UNIT-PRD-TEAM-02,LOC-PLANT,2026-08-01
EMP604,Saba Shah,Production & Manufacturing,POS-590,S044,Problem Solving,Behavioral,Common,Current,5,Expert,100,9.3,6,Not Required,No,DEPARTMENT-014,Industrial Operations,ORGANIZATIONAL-UNIT-PRD-TEAM-02,LOC-PLANT,2026-08-01
EMP605,Areeba Riaz,Production & Manufacturing,POS-591,S043,Teamwork,Behavioral,Common,Current,3,Proficient,75.1,6.9,6,Not Required,Yes,DEPARTMENT-014,Industrial Operations,ORGANIZATIONAL-UNIT-PRD-TEAM-02,LOC-PLANT,2026-08-01
EMP605,Areeba Riaz,Production & Manufacturing,POS-591,S091,Lean Manufacturing,Manufacturing,Core,Current,4,Advanced,86.8,6.3,17,Not Required,No,DEPARTMENT-014,Industrial Operations,ORGANIZATIONAL-UNIT-PRD-TEAM-02,LOC-PLANT,2026-08-01
EMP605,Areeba Riaz,Production & Manufacturing,POS-591,S090,Preventive Maintenance,Manufacturing,Core,Current,5,Expert,90.0,7.4,0,Planned,No,DEPARTMENT-014,Industrial Operations,ORGANIZATIONAL-UNIT-PRD-TEAM-02,LOC-PLANT,2026-08-01
EMP605,Areeba Riaz,Production & Manufacturing,POS-591,S046,Leadership,Leadership,Leadership,Current,3,Proficient,65.3,8.1,17,Not Required,No,DEPARTMENT-014,Industrial Operations,ORGANIZATIONAL-UNIT-PRD-TEAM-02,LOC-PLANT,2026-08-01
EMP605,Areeba Riaz,Production & Manufacturing,POS-591,S087,Health and Safety,Operations,Core,Current,3,Proficient,82.6,7.1,2,Certified,No,DEPARTMENT-014,Industrial Operations,ORGANIZATIONAL-UNIT-PRD-TEAM-02,LOC-PLANT,2026-08-01
EMP606,Mahnoor Saeed,Production & Manufacturing,POS-592,S091,Lean Manufacturing,Manufacturing,Core,Developing,2,Developing,63.5,4.0,18,Not Required,Yes,DEPARTMENT-014,Industrial Operations,ORGANIZATIONAL-UNIT-PRD-TEAM-03,LOC-PLANT,2026-08-01
EMP606,Mahnoor Saeed,Production & Manufacturing,POS-592,S087,Health and Safety,Operations,Core,Developing,2,Developing,61.8,5.4,13,Not Required,No,DEPARTMENT-014,Industrial Operations,ORGANIZATIONAL-UNIT-PRD-TEAM-03,LOC-PLANT,2026-08-01
EMP606,Mahnoor Saeed,Production & Manufacturing,POS-592,S044,Problem Solving,Behavioral,Common,Current,4,Advanced,85.2,4.4,12,Not Required,No,DEPARTMENT-014,Industrial Operations,ORGANIZATIONAL-UNIT-PRD-TEAM-03,LOC-PLANT,2026-08-01
EMP606,Mahnoor Saeed,Production & Manufacturing,POS-592,S088,Production Planning,Manufacturing,Core,Current,4,Advanced,78.7,3.2,5,Not Required,No,DEPARTMENT-014,Industrial Operations,ORGANIZATIONAL-UNIT-PRD-TEAM-03,LOC-PLANT,2026-08-01
EMP606,Mahnoor Saeed,Production & Manufacturing,POS-592,S022,Quality Control,Functional,Core,Current,5,Expert,97.0,2.6,3,Certified,No,DEPARTMENT-014,Industrial Operations,ORGANIZATIONAL-UNIT-PRD-TEAM-03,LOC-PLANT,2026-08-01
EMP607,Maryam Saeed,Production & Manufacturing,POS-593,S044,Problem Solving,Behavioral,Common,Developing,2,Developing,66.2,2.8,10,Not Required,Yes,DEPARTMENT-014,Industrial Operations,ORGANIZATIONAL-UNIT-PRD-TEAM-03,LOC-PLANT,2026-08-01
EMP607,Maryam Saeed,Production & Manufacturing,POS-593,S087,Health and Safety,Operations,Core,Current,3,Proficient,72.6,3.9,0,Certified,No,DEPARTMENT-014,Industrial Operations,ORGANIZATIONAL-UNIT-PRD-TEAM-03,LOC-PLANT,2026-08-01
EMP607,Maryam Saeed,Production & Manufacturing,POS-593,S020,SOP Compliance,Compliance,Core,Current,4,Advanced,93.9,4.4,0,Certified,No,DEPARTMENT-014,Industrial Operations,ORGANIZATIONAL-UNIT-PRD-TEAM-03,LOC-PLANT,2026-08-01
EMP607,Maryam Saeed,Production & Manufacturing,POS-593,S089,Machine Operation,Manufacturing,Core,Developing,2,Developing,63.5,4.6,10,Certified,No,DEPARTMENT-014,Industrial Operations,ORGANIZATIONAL-UNIT-PRD-TEAM-03,LOC-PLANT,2026-08-01
EMP607,Maryam Saeed,Production & Manufacturing,POS-593,S088,Production Planning,Manufacturing,Core,Current,4,Advanced,92.2,2.6,1,Certified,No,DEPARTMENT-014,Industrial Operations,ORGANIZATIONAL-UNIT-PRD-TEAM-03,LOC-PLANT,2026-08-01
EMP608,Sidra Khan,Production & Manufacturing,POS-594,S046,Leadership,Leadership,Leadership,Current,4,Advanced,74.0,5.1,16,Not Required,Yes,DEPARTMENT-014,Industrial Operations,ORGANIZATIONAL-UNIT-PRD-TEAM-03,LOC-PLANT,2026-08-01
EMP608,Sidra Khan,Production & Manufacturing,POS-594,S090,Preventive Maintenance,Manufacturing,Core,Developing,2,Developing,60.3,4.9,4,Not Required,No,DEPARTMENT-014,Industrial Operations,ORGANIZATIONAL-UNIT-PRD-TEAM-03,LOC-PLANT,2026-08-01
EMP608,Sidra Khan,Production & Manufacturing,POS-594,S022,Quality Control,Functional,Core,Current,3,Proficient,76.1,7.2,1,Not Required,No,DEPARTMENT-014,Industrial Operations,ORGANIZATIONAL-UNIT-PRD-TEAM-03,LOC-PLANT,2026-08-01
EMP608,Sidra Khan,Production & Manufacturing,POS-594,S020,SOP Compliance,Compliance,Core,Current,3,Proficient,77.2,7.1,6,Planned,No,DEPARTMENT-014,Industrial Operations,ORGANIZATIONAL-UNIT-PRD-TEAM-03,LOC-PLANT,2026-08-01
EMP608,Sidra Khan,Production & Manufacturing,POS-594,S088,Production Planning,Manufacturing,Core,Developing,2,Developing,61.3,5.7,2,Planned,No,DEPARTMENT-014,Industrial Operations,ORGANIZATIONAL-UNIT-PRD-TEAM-03,LOC-PLANT,2026-08-01
EMP609,Laiba Iqbal,Production & Manufacturing,POS-595,S088,Production Planning,Manufacturing,Core,Developing,2,Developing,62.6,4.3,15,Not Required,Yes,DEPARTMENT-014,Industrial Operations,ORGANIZATIONAL-UNIT-PRD-TEAM-01,LOC-PLANT,2026-08-01
EMP609,Laiba Iqbal,Production & Manufacturing,POS-595,S090,Preventive Maintenance,Manufacturing,Core,Developing,2,Developing,67.9,2.6,8,Not Required,No,DEPARTMENT-014,Industrial Operations,ORGANIZATIONAL-UNIT-PRD-TEAM-01,LOC-PLANT,2026-08-01
EMP609,Laiba Iqbal,Production & Manufacturing,POS-595,S046,Leadership,Leadership,Leadership,Current,5,Expert,95.2,2.6,14,Planned,No,DEPARTMENT-014,Industrial Operations,ORGANIZATIONAL-UNIT-PRD-TEAM-01,LOC-PLANT,2026-08-01
EMP609,Laiba Iqbal,Production & Manufacturing,POS-595,S020,SOP Compliance,Compliance,Core,Current,3,Proficient,70.8,4.7,6,Not Required,No,DEPARTMENT-014,Industrial Operations,ORGANIZATIONAL-UNIT-PRD-TEAM-01,LOC-PLANT,2026-08-01
EMP609,Laiba Iqbal,Production & Manufacturing,POS-595,S087,Health and Safety,Operations,Core,Current,4,Advanced,85.6,4.9,5,Not Required,No,DEPARTMENT-014,Industrial Operations,ORGANIZATIONAL-UNIT-PRD-TEAM-01,LOC-PLANT,2026-08-01
EMP610,Junaid Latif,Production & Manufacturing,POS-596,S091,Lean Manufacturing,Manufacturing,Core,Current,3,Proficient,57.7,8.4,2,Not Required,Yes,DEPARTMENT-014,Industrial Operations,ORGANIZATIONAL-UNIT-PRD-TEAM-03,LOC-PLANT,2026-08-01
EMP610,Junaid Latif,Production & Manufacturing,POS-596,S087,Health and Safety,Operations,Core,Current,4,Advanced,86.4,8.2,8,Planned,No,DEPARTMENT-014,Industrial Operations,ORGANIZATIONAL-UNIT-PRD-TEAM-03,LOC-PLANT,2026-08-01
EMP610,Junaid Latif,Production & Manufacturing,POS-596,S043,Teamwork,Behavioral,Common,Developing,2,Developing,72.0,7.3,17,Planned,No,DEPARTMENT-014,Industrial Operations,ORGANIZATIONAL-UNIT-PRD-TEAM-03,LOC-PLANT,2026-08-01
EMP610,Junaid Latif,Production & Manufacturing,POS-596,S089,Machine Operation,Manufacturing,Core,Developing,2,Developing,62.8,6.1,3,Not Required,No,DEPARTMENT-014,Industrial Operations,ORGANIZATIONAL-UNIT-PRD-TEAM-03,LOC-PLANT,2026-08-01
EMP610,Junaid Latif,Production & Manufacturing,POS-596,S046,Leadership,Leadership,Leadership,Current,3,Proficient,76.5,9.6,15,Planned,No,DEPARTMENT-014,Industrial Operations,ORGANIZATIONAL-UNIT-PRD-TEAM-03,LOC-PLANT,2026-08-01
EMP611,Omar Mahmood,Production & Manufacturing,POS-597,S087,Health and Safety,Operations,Core,Current,3,Proficient,93.3,6.5,9,Certified,Yes,DEPARTMENT-014,Industrial Operations,ORGANIZATIONAL-UNIT-PRD-TEAM-03,LOC-PLANT,2026-08-01
EMP611,Omar Mahmood,Production & Manufacturing,POS-597,S043,Teamwork,Behavioral,Common,Current,4,Advanced,84.9,6.6,14,Not Required,No,DEPARTMENT-014,Industrial Operations,ORGANIZATIONAL-UNIT-PRD-TEAM-03,LOC-PLANT,2026-08-01
EMP611,Omar Mahmood,Production & Manufacturing,POS-597,S046,Leadership,Leadership,Leadership,Developing,2,Developing,58.2,6.4,2,Not Required,No,DEPARTMENT-014,Industrial Operations,ORGANIZATIONAL-UNIT-PRD-TEAM-03,LOC-PLANT,2026-08-01
EMP611,Omar Mahmood,Production & Manufacturing,POS-597,S090,Preventive Maintenance,Manufacturing,Core,Current,3,Proficient,76.1,6.5,15,Not Required,No,DEPARTMENT-014,Industrial Operations,ORGANIZATIONAL-UNIT-PRD-TEAM-03,LOC-PLANT,2026-08-01
EMP611,Omar Mahmood,Production & Manufacturing,POS-597,S020,SOP Compliance,Compliance,Core,Current,4,Advanced,77.9,8.6,8,Certified,No,DEPARTMENT-014,Industrial Operations,ORGANIZATIONAL-UNIT-PRD-TEAM-03,LOC-PLANT,2026-08-01
EMP612,Hassan Khalid,Production & Manufacturing,POS-598,S044,Problem Solving,Behavioral,Common,Current,4,Advanced,83.9,7.4,7,Certified,Yes,DEPARTMENT-014,Industrial Operations,ORGANIZATIONAL-UNIT-PRD-TEAM-01,LOC-PLANT,2026-08-01
EMP612,Hassan Khalid,Production & Manufacturing,POS-598,S090,Preventive Maintenance,Manufacturing,Core,Current,4,Advanced,83.9,5.7,15,Certified,No,DEPARTMENT-014,Industrial Operations,ORGANIZATIONAL-UNIT-PRD-TEAM-01,LOC-PLANT,2026-08-01
EMP612,Hassan Khalid,Production & Manufacturing,POS-598,S020,SOP Compliance,Compliance,Core,Current,5,Expert,84.6,7.5,10,Certified,No,DEPARTMENT-014,Industrial Operations,ORGANIZATIONAL-UNIT-PRD-TEAM-01,LOC-PLANT,2026-08-01
EMP612,Hassan Khalid,Production & Manufacturing,POS-598,S043,Teamwork,Behavioral,Common,Current,5,Expert,97.4,6.8,18,Not Required,No,DEPARTMENT-014,Industrial Operations,ORGANIZATIONAL-UNIT-PRD-TEAM-01,LOC-PLANT,2026-08-01
EMP612,Hassan Khalid,Production & Manufacturing,POS-598,S046,Leadership,Leadership,Leadership,Current,3,Proficient,72.6,5.8,16,Not Required,No,DEPARTMENT-014,Industrial Operations,ORGANIZATIONAL-UNIT-PRD-TEAM-01,LOC-PLANT,2026-08-01
EMP613,Sidra Saeed,Production & Manufacturing,POS-599,S088,Production Planning,Manufacturing,Core,Current,5,Expert,91.0,8.2,14,Not Required,Yes,DEPARTMENT-014,Industrial Operations,ORGANIZATIONAL-UNIT-PRD-TEAM-03,LOC-PLANT,2026-08-01
EMP613,Sidra Saeed,Production & Manufacturing,POS-599,S022,Quality Control,Functional,Core,Current,5,Expert,93.9,8.2,9,Planned,No,DEPARTMENT-014,Industrial Operations,ORGANIZATIONAL-UNIT-PRD-TEAM-03,LOC-PLANT,2026-08-01
EMP613,Sidra Saeed,Production & Manufacturing,POS-599,S020,SOP Compliance,Compliance,Core,Current,3,Proficient,68.7,8.4,4,Certified,No,DEPARTMENT-014,Industrial Operations,ORGANIZATIONAL-UNIT-PRD-TEAM-03,LOC-PLANT,2026-08-01
EMP613,Sidra Saeed,Production & Manufacturing,POS-599,S089,Machine Operation,Manufacturing,Core,Current,4,Advanced,82.5,6.8,8,Not Required,No,DEPARTMENT-014,Industrial Operations,ORGANIZATIONAL-UNIT-PRD-TEAM-03,LOC-PLANT,2026-08-01
EMP613,Sidra Saeed,Production & Manufacturing,POS-599,S044,Problem Solving,Behavioral,Common,Current,5,Expert,100,6.5,0,Not Required,No,DEPARTMENT-014,Industrial Operations,ORGANIZATIONAL-UNIT-PRD-TEAM-03,LOC-PLANT,2026-08-01
EMP614,Asad Rashid,Production & Manufacturing,POS-600,S020,SOP Compliance,Compliance,Core,Developing,2,Developing,76.4,1.8,9,Not Required,Yes,DEPARTMENT-014,Industrial Operations,ORGANIZATIONAL-UNIT-PRD-TEAM-02,LOC-PLANT,2026-08-01
EMP614,Asad Rashid,Production & Manufacturing,POS-600,S043,Teamwork,Behavioral,Common,Current,5,Expert,93.7,4.1,12,Not Required,No,DEPARTMENT-014,Industrial Operations,ORGANIZATIONAL-UNIT-PRD-TEAM-02,LOC-PLANT,2026-08-01
EMP614,Asad Rashid,Production & Manufacturing,POS-600,S044,Problem Solving,Behavioral,Common,Current,5,Expert,98.3,2.0,2,Not Required,No,DEPARTMENT-014,Industrial Operations,ORGANIZATIONAL-UNIT-PRD-TEAM-02,LOC-PLANT,2026-08-01
EMP614,Asad Rashid,Production & Manufacturing,POS-600,S089,Machine Operation,Manufacturing,Core,Current,3,Proficient,74.8,1.6,0,Not Required,No,DEPARTMENT-014,Industrial Operations,ORGANIZATIONAL-UNIT-PRD-TEAM-02,LOC-PLANT,2026-08-01
EMP614,Asad Rashid,Production & Manufacturing,POS-600,S046,Leadership,Leadership,Leadership,Current,3,Proficient,80.1,3.9,11,Planned,No,DEPARTMENT-014,Industrial Operations,ORGANIZATIONAL-UNIT-PRD-TEAM-02,LOC-PLANT,2026-08-01
EMP615,Waqas Munir,Production & Manufacturing,POS-601,S090,Preventive Maintenance,Manufacturing,Core,Developing,2,Developing,61.5,1.6,7,Certified,Yes,DEPARTMENT-014,Industrial Operations,ORGANIZATIONAL-UNIT-PRD-TEAM-02,LOC-PLANT,2026-08-01
EMP615,Waqas Munir,Production & Manufacturing,POS-601,S087,Health and Safety,Operations,Core,Current,4,Advanced,88.2,1.9,15,Not Required,No,DEPARTMENT-014,Industrial Operations,ORGANIZATIONAL-UNIT-PRD-TEAM-02,LOC-PLANT,2026-08-01
EMP615,Waqas Munir,Production & Manufacturing,POS-601,S046,Leadership,Leadership,Leadership,Developing,2,Developing,73.9,3.1,13,Certified,No,DEPARTMENT-014,Industrial Operations,ORGANIZATIONAL-UNIT-PRD-TEAM-02,LOC-PLANT,2026-08-01
EMP615,Waqas Munir,Production & Manufacturing,POS-601,S091,Lean Manufacturing,Manufacturing,Core,Current,3,Proficient,71.2,3.1,1,Not Required,No,DEPARTMENT-014,Industrial Operations,ORGANIZATIONAL-UNIT-PRD-TEAM-02,LOC-PLANT,2026-08-01
EMP615,Waqas Munir,Production & Manufacturing,POS-601,S043,Teamwork,Behavioral,Common,Current,4,Advanced,76.8,3.1,15,Not Required,No,DEPARTMENT-014,Industrial Operations,ORGANIZATIONAL-UNIT-PRD-TEAM-02,LOC-PLANT,2026-08-01
EMP616,Rabia Sheikh,Production & Manufacturing,POS-602,S089,Machine Operation,Manufacturing,Core,Current,4,Advanced,79.3,3.0,9,Not Required,Yes,DEPARTMENT-014,Industrial Operations,ORGANIZATIONAL-UNIT-PRD-TEAM-03,LOC-PLANT,2026-08-01
EMP616,Rabia Sheikh,Production & Manufacturing,POS-602,S044,Problem Solving,Behavioral,Common,Current,4,Advanced,68.6,3.5,8,Planned,No,DEPARTMENT-014,Industrial Operations,ORGANIZATIONAL-UNIT-PRD-TEAM-03,LOC-PLANT,2026-08-01
EMP616,Rabia Sheikh,Production & Manufacturing,POS-602,S022,Quality Control,Functional,Core,Current,4,Advanced,86.9,2.0,15,Planned,No,DEPARTMENT-014,Industrial Operations,ORGANIZATIONAL-UNIT-PRD-TEAM-03,LOC-PLANT,2026-08-01
EMP616,Rabia Sheikh,Production & Manufacturing,POS-602,S090,Preventive Maintenance,Manufacturing,Core,Current,3,Proficient,71.0,2.8,6,Not Required,No,DEPARTMENT-014,Industrial Operations,ORGANIZATIONAL-UNIT-PRD-TEAM-03,LOC-PLANT,2026-08-01
EMP616,Rabia Sheikh,Production & Manufacturing,POS-602,S020,SOP Compliance,Compliance,Core,Current,3,Proficient,70.5,1.7,11,Not Required,No,DEPARTMENT-014,Industrial Operations,ORGANIZATIONAL-UNIT-PRD-TEAM-03,LOC-PLANT,2026-08-01
EMP617,Anusha Hussain,Production & Manufacturing,POS-603,S090,Preventive Maintenance,Manufacturing,Core,Current,3,Proficient,75.4,2.4,4,Planned,Yes,DEPARTMENT-014,Industrial Operations,ORGANIZATIONAL-UNIT-PRD-TEAM-02,LOC-PLANT,2026-08-01
EMP617,Anusha Hussain,Production & Manufacturing,POS-603,S089,Machine Operation,Manufacturing,Core,Current,3,Proficient,75.9,0.9,9,Not Required,No,DEPARTMENT-014,Industrial Operations,ORGANIZATIONAL-UNIT-PRD-TEAM-02,LOC-PLANT,2026-08-01
EMP617,Anusha Hussain,Production & Manufacturing,POS-603,S043,Teamwork,Behavioral,Common,Developing,2,Developing,53.7,2.8,2,Planned,No,DEPARTMENT-014,Industrial Operations,ORGANIZATIONAL-UNIT-PRD-TEAM-02,LOC-PLANT,2026-08-01
EMP617,Anusha Hussain,Production & Manufacturing,POS-603,S020,SOP Compliance,Compliance,Core,Current,3,Proficient,81.7,3.3,6,Planned,No,DEPARTMENT-014,Industrial Operations,ORGANIZATIONAL-UNIT-PRD-TEAM-02,LOC-PLANT,2026-08-01
EMP617,Anusha Hussain,Production & Manufacturing,POS-603,S046,Leadership,Leadership,Leadership,Current,4,Advanced,92.9,0.7,2,Planned,No,DEPARTMENT-014,Industrial Operations,ORGANIZATIONAL-UNIT-PRD-TEAM-02,LOC-PLANT,2026-08-01
EMP618,Ali Malik,Production & Manufacturing,POS-604,S022,Quality Control,Functional,Core,Current,3,Proficient,78.8,4.4,17,Not Required,Yes,DEPARTMENT-014,Industrial Operations,ORGANIZATIONAL-UNIT-PRD-TEAM-02,LOC-PLANT,2026-08-01
EMP618,Ali Malik,Production & Manufacturing,POS-604,S088,Production Planning,Manufacturing,Core,Developing,2,Developing,67.1,2.7,6,Not Required,No,DEPARTMENT-014,Industrial Operations,ORGANIZATIONAL-UNIT-PRD-TEAM-02,LOC-PLANT,2026-08-01
EMP618,Ali Malik,Production & Manufacturing,POS-604,S046,Leadership,Leadership,Leadership,Developing,2,Developing,56.6,4.6,17,Planned,No,DEPARTMENT-014,Industrial Operations,ORGANIZATIONAL-UNIT-PRD-TEAM-02,LOC-PLANT,2026-08-01
EMP618,Ali Malik,Production & Manufacturing,POS-604,S043,Teamwork,Behavioral,Common,Current,4,Advanced,87.1,5.3,6,Planned,No,DEPARTMENT-014,Industrial Operations,ORGANIZATIONAL-UNIT-PRD-TEAM-02,LOC-PLANT,2026-08-01
EMP618,Ali Malik,Production & Manufacturing,POS-604,S044,Problem Solving,Behavioral,Common,Current,3,Proficient,77.4,4.7,3,Not Required,No,DEPARTMENT-014,Industrial Operations,ORGANIZATIONAL-UNIT-PRD-TEAM-02,LOC-PLANT,2026-08-01
EMP619,Kashif Ansari,Production & Manufacturing,POS-605,S020,SOP Compliance,Compliance,Core,Current,4,Advanced,82.2,3.3,13,Not Required,Yes,DEPARTMENT-014,Industrial Operations,ORGANIZATIONAL-UNIT-PRD-TEAM-03,LOC-PLANT,2026-08-01
EMP619,Kashif Ansari,Production & Manufacturing,POS-605,S089,Machine Operation,Manufacturing,Core,Current,3,Proficient,77.6,5.7,4,Not Required,No,DEPARTMENT-014,Industrial Operations,ORGANIZATIONAL-UNIT-PRD-TEAM-03,LOC-PLANT,2026-08-01
EMP619,Kashif Ansari,Production & Manufacturing,POS-605,S088,Production Planning,Manufacturing,Core,Developing,2,Developing,57.5,5.7,15,Not Required,No,DEPARTMENT-014,Industrial Operations,ORGANIZATIONAL-UNIT-PRD-TEAM-03,LOC-PLANT,2026-08-01
EMP619,Kashif Ansari,Production & Manufacturing,POS-605,S046,Leadership,Leadership,Leadership,Current,3,Proficient,70.5,4.8,14,Planned,No,DEPARTMENT-014,Industrial Operations,ORGANIZATIONAL-UNIT-PRD-TEAM-03,LOC-PLANT,2026-08-01
EMP619,Kashif Ansari,Production & Manufacturing,POS-605,S091,Lean Manufacturing,Manufacturing,Core,Current,4,Advanced,100,4.7,14,Certified,No,DEPARTMENT-014,Industrial Operations,ORGANIZATIONAL-UNIT-PRD-TEAM-03,LOC-PLANT,2026-08-01
EMP620,Iqra Ansari,Production & Manufacturing,POS-606,S020,SOP Compliance,Compliance,Core,Developing,2,Developing,64.9,2.8,14,Not Required,Yes,DEPARTMENT-014,Industrial Operations,ORGANIZATIONAL-UNIT-PRD-TEAM-02,LOC-PLANT,2026-08-01
EMP620,Iqra Ansari,Production & Manufacturing,POS-606,S091,Lean Manufacturing,Manufacturing,Core,Current,4,Advanced,92.9,1.6,18,Certified,No,DEPARTMENT-014,Industrial Operations,ORGANIZATIONAL-UNIT-PRD-TEAM-02,LOC-PLANT,2026-08-01
EMP620,Iqra Ansari,Production & Manufacturing,POS-606,S089,Machine Operation,Manufacturing,Core,Developing,2,Developing,67.7,3.6,15,Planned,No,DEPARTMENT-014,Industrial Operations,ORGANIZATIONAL-UNIT-PRD-TEAM-02,LOC-PLANT,2026-08-01
EMP620,Iqra Ansari,Production & Manufacturing,POS-606,S043,Teamwork,Behavioral,Common,Current,3,Proficient,69.4,1.5,9,Not Required,No,DEPARTMENT-014,Industrial Operations,ORGANIZATIONAL-UNIT-PRD-TEAM-02,LOC-PLANT,2026-08-01
EMP620,Iqra Ansari,Production & Manufacturing,POS-606,S090,Preventive Maintenance,Manufacturing,Core,Current,4,Advanced,86.1,2.5,13,Not Required,No,DEPARTMENT-014,Industrial Operations,ORGANIZATIONAL-UNIT-PRD-TEAM-02,LOC-PLANT,2026-08-01
EMP621,Usman Malik,Production & Manufacturing,POS-607,S044,Problem Solving,Behavioral,Common,Current,4,Advanced,83.3,2.5,15,Planned,Yes,DEPARTMENT-014,Industrial Operations,ORGANIZATIONAL-UNIT-PRD-TEAM-03,LOC-PLANT,2026-08-01
EMP621,Usman Malik,Production & Manufacturing,POS-607,S089,Machine Operation,Manufacturing,Core,Developing,2,Developing,69.7,2.9,15,Not Required,No,DEPARTMENT-014,Industrial Operations,ORGANIZATIONAL-UNIT-PRD-TEAM-03,LOC-PLANT,2026-08-01
EMP621,Usman Malik,Production & Manufacturing,POS-607,S020,SOP Compliance,Compliance,Core,Developing,2,Developing,60.1,1.0,16,Planned,No,DEPARTMENT-014,Industrial Operations,ORGANIZATIONAL-UNIT-PRD-TEAM-03,LOC-PLANT,2026-08-01
EMP621,Usman Malik,Production & Manufacturing,POS-607,S091,Lean Manufacturing,Manufacturing,Core,Developing,2,Developing,71.2,1.9,14,Not Required,No,DEPARTMENT-014,Industrial Operations,ORGANIZATIONAL-UNIT-PRD-TEAM-03,LOC-PLANT,2026-08-01
EMP621,Usman Malik,Production & Manufacturing,POS-607,S043,Teamwork,Behavioral,Common,Current,3,Proficient,68.9,3.4,4,Not Required,No,DEPARTMENT-014,Industrial Operations,ORGANIZATIONAL-UNIT-PRD-TEAM-03,LOC-PLANT,2026-08-01
EMP622,Omar Latif,Production & Manufacturing,POS-608,S090,Preventive Maintenance,Manufacturing,Core,Current,4,Advanced,78.4,3.9,7,Not Required,Yes,DEPARTMENT-014,Industrial Operations,ORGANIZATIONAL-UNIT-PRD-TEAM-03,LOC-PLANT,2026-08-01
EMP622,Omar Latif,Production & Manufacturing,POS-608,S046,Leadership,Leadership,Leadership,Developing,2,Developing,67.3,3.0,16,Planned,No,DEPARTMENT-014,Industrial Operations,ORGANIZATIONAL-UNIT-PRD-TEAM-03,LOC-PLANT,2026-08-01
EMP622,Omar Latif,Production & Manufacturing,POS-608,S044,Problem Solving,Behavioral,Common,Developing,2,Developing,72.0,2.2,14,Not Required,No,DEPARTMENT-014,Industrial Operations,ORGANIZATIONAL-UNIT-PRD-TEAM-03,LOC-PLANT,2026-08-01
EMP622,Omar Latif,Production & Manufacturing,POS-608,S091,Lean Manufacturing,Manufacturing,Core,Developing,2,Developing,55.8,1.6,5,Not Required,No,DEPARTMENT-014,Industrial Operations,ORGANIZATIONAL-UNIT-PRD-TEAM-03,LOC-PLANT,2026-08-01
EMP622,Omar Latif,Production & Manufacturing,POS-608,S043,Teamwork,Behavioral,Common,Developing,2,Developing,71.3,4.2,6,Not Required,No,DEPARTMENT-014,Industrial Operations,ORGANIZATIONAL-UNIT-PRD-TEAM-03,LOC-PLANT,2026-08-01
EMP623,Ayesha Hussain,Production & Manufacturing,POS-609,S087,Health and Safety,Operations,Core,Current,3,Proficient,72.2,4.0,14,Not Required,Yes,DEPARTMENT-014,Industrial Operations,ORGANIZATIONAL-UNIT-PRD-TEAM-02,LOC-PLANT,2026-08-01
EMP623,Ayesha Hussain,Production & Manufacturing,POS-609,S020,SOP Compliance,Compliance,Core,Current,3,Proficient,73.6,2.2,5,Not Required,No,DEPARTMENT-014,Industrial Operations,ORGANIZATIONAL-UNIT-PRD-TEAM-02,LOC-PLANT,2026-08-01
EMP623,Ayesha Hussain,Production & Manufacturing,POS-609,S044,Problem Solving,Behavioral,Common,Current,3,Proficient,80.4,3.9,15,Not Required,No,DEPARTMENT-014,Industrial Operations,ORGANIZATIONAL-UNIT-PRD-TEAM-02,LOC-PLANT,2026-08-01
EMP623,Ayesha Hussain,Production & Manufacturing,POS-609,S089,Machine Operation,Manufacturing,Core,Developing,2,Developing,74.2,2.2,15,Certified,No,DEPARTMENT-014,Industrial Operations,ORGANIZATIONAL-UNIT-PRD-TEAM-02,LOC-PLANT,2026-08-01
EMP623,Ayesha Hussain,Production & Manufacturing,POS-609,S046,Leadership,Leadership,Leadership,Current,3,Proficient,78.6,3.7,4,Certified,No,DEPARTMENT-014,Industrial Operations,ORGANIZATIONAL-UNIT-PRD-TEAM-02,LOC-PLANT,2026-08-01
EMP624,Eman Sheikh,Production & Manufacturing,POS-610,S088,Production Planning,Manufacturing,Core,Developing,2,Developing,63.0,3.2,13,Not Required,Yes,DEPARTMENT-014,Industrial Operations,ORGANIZATIONAL-UNIT-PRD-TEAM-01,LOC-PLANT,2026-08-01
EMP624,Eman Sheikh,Production & Manufacturing,POS-610,S020,SOP Compliance,Compliance,Core,Current,3,Proficient,73.8,1.5,11,Not Required,No,DEPARTMENT-014,Industrial Operations,ORGANIZATIONAL-UNIT-PRD-TEAM-01,LOC-PLANT,2026-08-01
EMP624,Eman Sheikh,Production & Manufacturing,POS-610,S089,Machine Operation,Manufacturing,Core,Developing,2,Developing,58.3,1.7,17,Not Required,No,DEPARTMENT-014,Industrial Operations,ORGANIZATIONAL-UNIT-PRD-TEAM-01,LOC-PLANT,2026-08-01
EMP624,Eman Sheikh,Production & Manufacturing,POS-610,S043,Teamwork,Behavioral,Common,Current,3,Proficient,85.1,3.0,9,Planned,No,DEPARTMENT-014,Industrial Operations,ORGANIZATIONAL-UNIT-PRD-TEAM-01,LOC-PLANT,2026-08-01
EMP624,Eman Sheikh,Production & Manufacturing,POS-610,S087,Health and Safety,Operations,Core,Current,3,Proficient,79.8,4.0,18,Planned,No,DEPARTMENT-014,Industrial Operations,ORGANIZATIONAL-UNIT-PRD-TEAM-01,LOC-PLANT,2026-08-01
EMP625,Arham Ahmed,Production & Manufacturing,POS-611,S046,Leadership,Leadership,Leadership,Developing,2,Developing,70.0,2.5,10,Not Required,Yes,DEPARTMENT-014,Industrial Operations,ORGANIZATIONAL-UNIT-PRD-TEAM-03,LOC-PLANT,2026-08-01
EMP625,Arham Ahmed,Production & Manufacturing,POS-611,S043,Teamwork,Behavioral,Common,Current,4,Advanced,90.4,3.6,5,Not Required,No,DEPARTMENT-014,Industrial Operations,ORGANIZATIONAL-UNIT-PRD-TEAM-03,LOC-PLANT,2026-08-01
EMP625,Arham Ahmed,Production & Manufacturing,POS-611,S089,Machine Operation,Manufacturing,Core,Developing,2,Developing,65.1,4.5,9,Not Required,No,DEPARTMENT-014,Industrial Operations,ORGANIZATIONAL-UNIT-PRD-TEAM-03,LOC-PLANT,2026-08-01
EMP625,Arham Ahmed,Production & Manufacturing,POS-611,S091,Lean Manufacturing,Manufacturing,Core,Current,3,Proficient,66.9,5.4,3,Not Required,No,DEPARTMENT-014,Industrial Operations,ORGANIZATIONAL-UNIT-PRD-TEAM-03,LOC-PLANT,2026-08-01
EMP625,Arham Ahmed,Production & Manufacturing,POS-611,S090,Preventive Maintenance,Manufacturing,Core,Current,4,Advanced,78.0,3.0,8,Not Required,No,DEPARTMENT-014,Industrial Operations,ORGANIZATIONAL-UNIT-PRD-TEAM-03,LOC-PLANT,2026-08-01
EMP626,Shahzaib Mughal,Production & Manufacturing,POS-612,S088,Production Planning,Manufacturing,Core,Current,3,Proficient,75.1,5.5,6,Planned,Yes,DEPARTMENT-014,Industrial Operations,ORGANIZATIONAL-UNIT-PRD-TEAM-01,LOC-PLANT,2026-08-01
EMP626,Shahzaib Mughal,Production & Manufacturing,POS-612,S090,Preventive Maintenance,Manufacturing,Core,Developing,2,Developing,65.7,5.1,4,Not Required,No,DEPARTMENT-014,Industrial Operations,ORGANIZATIONAL-UNIT-PRD-TEAM-01,LOC-PLANT,2026-08-01
EMP626,Shahzaib Mughal,Production & Manufacturing,POS-612,S091,Lean Manufacturing,Manufacturing,Core,Developing,2,Developing,56.0,4.0,1,Not Required,No,DEPARTMENT-014,Industrial Operations,ORGANIZATIONAL-UNIT-PRD-TEAM-01,LOC-PLANT,2026-08-01
EMP626,Shahzaib Mughal,Production & Manufacturing,POS-612,S022,Quality Control,Functional,Core,Current,3,Proficient,77.3,3.2,6,Certified,No,DEPARTMENT-014,Industrial Operations,ORGANIZATIONAL-UNIT-PRD-TEAM-01,LOC-PLANT,2026-08-01
EMP626,Shahzaib Mughal,Production & Manufacturing,POS-612,S089,Machine Operation,Manufacturing,Core,Current,3,Proficient,75.4,2.7,2,Planned,No,DEPARTMENT-014,Industrial Operations,ORGANIZATIONAL-UNIT-PRD-TEAM-01,LOC-PLANT,2026-08-01
EMP627,Mahnoor Ismail,Production & Manufacturing,POS-613,S022,Quality Control,Functional,Core,Current,4,Advanced,94.0,6.0,0,Certified,Yes,DEPARTMENT-014,Industrial Operations,ORGANIZATIONAL-UNIT-PRD-TEAM-01,LOC-PLANT,2026-08-01
EMP627,Mahnoor Ismail,Production & Manufacturing,POS-613,S044,Problem Solving,Behavioral,Common,Current,4,Advanced,86.2,3.9,6,Planned,No,DEPARTMENT-014,Industrial Operations,ORGANIZATIONAL-UNIT-PRD-TEAM-01,LOC-PLANT,2026-08-01
EMP627,Mahnoor Ismail,Production & Manufacturing,POS-613,S046,Leadership,Leadership,Leadership,Current,3,Proficient,85.0,5.1,17,Certified,No,DEPARTMENT-014,Industrial Operations,ORGANIZATIONAL-UNIT-PRD-TEAM-01,LOC-PLANT,2026-08-01
EMP627,Mahnoor Ismail,Production & Manufacturing,POS-613,S020,SOP Compliance,Compliance,Core,Current,4,Advanced,77.2,4.3,2,Certified,No,DEPARTMENT-014,Industrial Operations,ORGANIZATIONAL-UNIT-PRD-TEAM-01,LOC-PLANT,2026-08-01
EMP627,Mahnoor Ismail,Production & Manufacturing,POS-613,S043,Teamwork,Behavioral,Common,Current,3,Proficient,84.0,4.9,15,Certified,No,DEPARTMENT-014,Industrial Operations,ORGANIZATIONAL-UNIT-PRD-TEAM-01,LOC-PLANT,2026-08-01
EMP628,Raza Hameed,Production & Manufacturing,POS-614,S046,Leadership,Leadership,Leadership,Developing,2,Developing,58.7,3.6,9,Not Required,Yes,DEPARTMENT-014,Industrial Operations,ORGANIZATIONAL-UNIT-PRD-TEAM-03,LOC-PLANT,2026-08-01
EMP628,Raza Hameed,Production & Manufacturing,POS-614,S022,Quality Control,Functional,Core,Developing,2,Developing,66.9,1.5,8,Not Required,No,DEPARTMENT-014,Industrial Operations,ORGANIZATIONAL-UNIT-PRD-TEAM-03,LOC-PLANT,2026-08-01
EMP628,Raza Hameed,Production & Manufacturing,POS-614,S020,SOP Compliance,Compliance,Core,Developing,2,Developing,62.3,2.1,5,Certified,No,DEPARTMENT-014,Industrial Operations,ORGANIZATIONAL-UNIT-PRD-TEAM-03,LOC-PLANT,2026-08-01
EMP628,Raza Hameed,Production & Manufacturing,POS-614,S087,Health and Safety,Operations,Core,Developing,1,Beginner,67.1,3.9,11,Not Required,No,DEPARTMENT-014,Industrial Operations,ORGANIZATIONAL-UNIT-PRD-TEAM-03,LOC-PLANT,2026-08-01
EMP628,Raza Hameed,Production & Manufacturing,POS-614,S091,Lean Manufacturing,Manufacturing,Core,Current,3,Proficient,74.9,3.8,8,Planned,No,DEPARTMENT-014,Industrial Operations,ORGANIZATIONAL-UNIT-PRD-TEAM-03,LOC-PLANT,2026-08-01
EMP629,Bilal Malik,Production & Manufacturing,POS-615,S091,Lean Manufacturing,Manufacturing,Core,Developing,2,Developing,70.1,3.0,12,Certified,Yes,DEPARTMENT-014,Industrial Operations,ORGANIZATIONAL-UNIT-PRD-TEAM-01,LOC-PLANT,2026-08-01
EMP629,Bilal Malik,Production & Manufacturing,POS-615,S088,Production Planning,Manufacturing,Core,Current,3,Proficient,74.1,0.5,18,Not Required,No,DEPARTMENT-014,Industrial Operations,ORGANIZATIONAL-UNIT-PRD-TEAM-01,LOC-PLANT,2026-08-01
EMP629,Bilal Malik,Production & Manufacturing,POS-615,S046,Leadership,Leadership,Leadership,Current,3,Proficient,68.7,3.2,1,Not Required,No,DEPARTMENT-014,Industrial Operations,ORGANIZATIONAL-UNIT-PRD-TEAM-01,LOC-PLANT,2026-08-01
EMP629,Bilal Malik,Production & Manufacturing,POS-615,S089,Machine Operation,Manufacturing,Core,Developing,1,Beginner,59.1,3.1,13,Not Required,No,DEPARTMENT-014,Industrial Operations,ORGANIZATIONAL-UNIT-PRD-TEAM-01,LOC-PLANT,2026-08-01
EMP629,Bilal Malik,Production & Manufacturing,POS-615,S087,Health and Safety,Operations,Core,Current,3,Proficient,73.2,1.3,10,Not Required,No,DEPARTMENT-014,Industrial Operations,ORGANIZATIONAL-UNIT-PRD-TEAM-01,LOC-PLANT,2026-08-01
EMP630,Saba Dar,Production & Manufacturing,POS-616,S020,SOP Compliance,Compliance,Core,Current,3,Proficient,81.4,1.5,3,Not Required,Yes,DEPARTMENT-014,Industrial Operations,ORGANIZATIONAL-UNIT-PRD-TEAM-02,LOC-PLANT,2026-08-01
EMP630,Saba Dar,Production & Manufacturing,POS-616,S043,Teamwork,Behavioral,Common,Developing,1,Beginner,64.6,0.7,15,Not Required,No,DEPARTMENT-014,Industrial Operations,ORGANIZATIONAL-UNIT-PRD-TEAM-02,LOC-PLANT,2026-08-01
EMP630,Saba Dar,Production & Manufacturing,POS-616,S046,Leadership,Leadership,Leadership,Developing,2,Developing,62.0,1.0,9,Not Required,No,DEPARTMENT-014,Industrial Operations,ORGANIZATIONAL-UNIT-PRD-TEAM-02,LOC-PLANT,2026-08-01
EMP630,Saba Dar,Production & Manufacturing,POS-616,S087,Health and Safety,Operations,Core,Current,3,Proficient,73.9,3.7,6,Not Required,No,DEPARTMENT-014,Industrial Operations,ORGANIZATIONAL-UNIT-PRD-TEAM-02,LOC-PLANT,2026-08-01
EMP630,Saba Dar,Production & Manufacturing,POS-616,S090,Preventive Maintenance,Manufacturing,Core,Current,3,Proficient,71.9,2.8,17,Certified,No,DEPARTMENT-014,Industrial Operations,ORGANIZATIONAL-UNIT-PRD-TEAM-02,LOC-PLANT,2026-08-01
EMP631,Noman Tariq,Quality Assurance,EXEC-QAS-HEAD,S053,Documentation,Behavioral,Common,Current,4,Advanced,79.3,12.1,14,Certified,Yes,DEPARTMENT-015,Industrial Operations,ORGANIZATIONAL-UNIT-QAS,LOC-PLANT,2026-08-01
EMP631,Noman Tariq,Quality Assurance,EXEC-QAS-HEAD,S092,Quality Auditing,Quality,Core,Current,5,Expert,100,14.0,12,Planned,No,DEPARTMENT-015,Industrial Operations,ORGANIZATIONAL-UNIT-QAS,LOC-PLANT,2026-08-01
EMP631,Noman Tariq,Quality Assurance,EXEC-QAS-HEAD,S049,Data Analysis,Digital,Common,Current,4,Advanced,88.8,12.2,7,Not Required,No,DEPARTMENT-015,Industrial Operations,ORGANIZATIONAL-UNIT-QAS,LOC-PLANT,2026-08-01
EMP631,Noman Tariq,Quality Assurance,EXEC-QAS-HEAD,S095,Statistical Process Control,Quality,Core,Current,5,Expert,93.9,11.9,13,Certified,No,DEPARTMENT-015,Industrial Operations,ORGANIZATIONAL-UNIT-QAS,LOC-PLANT,2026-08-01
EMP631,Noman Tariq,Quality Assurance,EXEC-QAS-HEAD,S022,Quality Control,Functional,Core,Current,4,Advanced,76.0,11.3,0,Not Required,No,DEPARTMENT-015,Industrial Operations,ORGANIZATIONAL-UNIT-QAS,LOC-PLANT,2026-08-01
EMP632,Junaid Sultan,Quality Assurance,POS-617,S020,SOP Compliance,Compliance,Core,Current,3,Proficient,60.0,9.4,2,Planned,Yes,DEPARTMENT-015,Industrial Operations,ORGANIZATIONAL-UNIT-QAS,LOC-PLANT,2026-08-01
EMP632,Junaid Sultan,Quality Assurance,POS-617,S093,Root Cause Analysis,Quality,Core,Current,3,Proficient,71.6,10.1,5,Not Required,No,DEPARTMENT-015,Industrial Operations,ORGANIZATIONAL-UNIT-QAS,LOC-PLANT,2026-08-01
EMP632,Junaid Sultan,Quality Assurance,POS-617,S095,Statistical Process Control,Quality,Core,Current,5,Expert,86.2,14.1,9,Planned,No,DEPARTMENT-015,Industrial Operations,ORGANIZATIONAL-UNIT-QAS,LOC-PLANT,2026-08-01
EMP632,Junaid Sultan,Quality Assurance,POS-617,S022,Quality Control,Functional,Core,Current,4,Advanced,74.7,12.4,13,Certified,No,DEPARTMENT-015,Industrial Operations,ORGANIZATIONAL-UNIT-QAS,LOC-PLANT,2026-08-01
EMP632,Junaid Sultan,Quality Assurance,POS-617,S049,Data Analysis,Digital,Common,Current,3,Proficient,78.2,9.4,5,Not Required,No,DEPARTMENT-015,Industrial Operations,ORGANIZATIONAL-UNIT-QAS,LOC-PLANT,2026-08-01
EMP633,Sara Tariq,Quality Assurance,POS-618,S095,Statistical Process Control,Quality,Core,Current,5,Expert,99.7,14.2,10,Certified,Yes,DEPARTMENT-015,Industrial Operations,ORGANIZATIONAL-UNIT-QAS,LOC-PLANT,2026-08-01
EMP633,Sara Tariq,Quality Assurance,POS-618,S020,SOP Compliance,Compliance,Core,Current,3,Proficient,72.4,10.3,13,Planned,No,DEPARTMENT-015,Industrial Operations,ORGANIZATIONAL-UNIT-QAS,LOC-PLANT,2026-08-01
EMP633,Sara Tariq,Quality Assurance,POS-618,S094,Corrective Action Management,Quality,Core,Current,4,Advanced,85.4,11.6,16,Not Required,No,DEPARTMENT-015,Industrial Operations,ORGANIZATIONAL-UNIT-QAS,LOC-PLANT,2026-08-01
EMP633,Sara Tariq,Quality Assurance,POS-618,S049,Data Analysis,Digital,Common,Current,3,Proficient,77.8,9.6,11,Not Required,No,DEPARTMENT-015,Industrial Operations,ORGANIZATIONAL-UNIT-QAS,LOC-PLANT,2026-08-01
EMP633,Sara Tariq,Quality Assurance,POS-618,S044,Problem Solving,Behavioral,Common,Current,4,Advanced,81.8,11.3,0,Planned,No,DEPARTMENT-015,Industrial Operations,ORGANIZATIONAL-UNIT-QAS,LOC-PLANT,2026-08-01
EMP634,Hira Nadeem,Quality Assurance,POS-619,S095,Statistical Process Control,Quality,Core,Current,5,Expert,98.8,13.0,1,Not Required,Yes,DEPARTMENT-015,Industrial Operations,ORGANIZATIONAL-UNIT-QAS,LOC-PLANT,2026-08-01
EMP634,Hira Nadeem,Quality Assurance,POS-619,S049,Data Analysis,Digital,Common,Current,3,Proficient,75.7,10.1,3,Not Required,No,DEPARTMENT-015,Industrial Operations,ORGANIZATIONAL-UNIT-QAS,LOC-PLANT,2026-08-01
EMP634,Hira Nadeem,Quality Assurance,POS-619,S093,Root Cause Analysis,Quality,Core,Current,3,Proficient,76.0,10.4,4,Planned,No,DEPARTMENT-015,Industrial Operations,ORGANIZATIONAL-UNIT-QAS,LOC-PLANT,2026-08-01
EMP634,Hira Nadeem,Quality Assurance,POS-619,S053,Documentation,Behavioral,Common,Current,3,Proficient,79.6,10.2,12,Not Required,No,DEPARTMENT-015,Industrial Operations,ORGANIZATIONAL-UNIT-QAS,LOC-PLANT,2026-08-01
EMP634,Hira Nadeem,Quality Assurance,POS-619,S044,Problem Solving,Behavioral,Common,Current,5,Expert,83.3,14.2,12,Certified,No,DEPARTMENT-015,Industrial Operations,ORGANIZATIONAL-UNIT-QAS,LOC-PLANT,2026-08-01
EMP635,Ahmed Rashid,Quality Assurance,POS-620,S044,Problem Solving,Behavioral,Common,Current,4,Advanced,89.9,11.4,0,Not Required,Yes,DEPARTMENT-015,Industrial Operations,ORGANIZATIONAL-UNIT-QAS,LOC-PLANT,2026-08-01
EMP635,Ahmed Rashid,Quality Assurance,POS-620,S053,Documentation,Behavioral,Common,Current,3,Proficient,71.6,10.2,3,Not Required,No,DEPARTMENT-015,Industrial Operations,ORGANIZATIONAL-UNIT-QAS,LOC-PLANT,2026-08-01
EMP635,Ahmed Rashid,Quality Assurance,POS-620,S020,SOP Compliance,Compliance,Core,Current,3,Proficient,75.8,8.6,13,Not Required,No,DEPARTMENT-015,Industrial Operations,ORGANIZATIONAL-UNIT-QAS,LOC-PLANT,2026-08-01
EMP635,Ahmed Rashid,Quality Assurance,POS-620,S046,Leadership,Leadership,Leadership,Current,4,Advanced,94.9,12.8,15,Certified,No,DEPARTMENT-015,Industrial Operations,ORGANIZATIONAL-UNIT-QAS,LOC-PLANT,2026-08-01
EMP635,Ahmed Rashid,Quality Assurance,POS-620,S093,Root Cause Analysis,Quality,Core,Current,4,Advanced,72.3,11.7,14,Not Required,No,DEPARTMENT-015,Industrial Operations,ORGANIZATIONAL-UNIT-QAS,LOC-PLANT,2026-08-01
EMP636,Zainab Ejaz,Quality Assurance,POS-621,S022,Quality Control,Functional,Core,Current,4,Advanced,90.3,11.5,11,Certified,Yes,DEPARTMENT-015,Industrial Operations,ORGANIZATIONAL-UNIT-QAS,LOC-PLANT,2026-08-01
EMP636,Zainab Ejaz,Quality Assurance,POS-621,S092,Quality Auditing,Quality,Core,Current,4,Advanced,81.6,11.9,14,Certified,No,DEPARTMENT-015,Industrial Operations,ORGANIZATIONAL-UNIT-QAS,LOC-PLANT,2026-08-01
EMP636,Zainab Ejaz,Quality Assurance,POS-621,S046,Leadership,Leadership,Leadership,Current,3,Proficient,71.3,10.1,11,Not Required,No,DEPARTMENT-015,Industrial Operations,ORGANIZATIONAL-UNIT-QAS,LOC-PLANT,2026-08-01
EMP636,Zainab Ejaz,Quality Assurance,POS-621,S095,Statistical Process Control,Quality,Core,Current,3,Proficient,76.2,10.1,14,Not Required,No,DEPARTMENT-015,Industrial Operations,ORGANIZATIONAL-UNIT-QAS,LOC-PLANT,2026-08-01
EMP636,Zainab Ejaz,Quality Assurance,POS-621,S094,Corrective Action Management,Quality,Core,Current,5,Expert,91.0,12.9,17,Not Required,No,DEPARTMENT-015,Industrial Operations,ORGANIZATIONAL-UNIT-QAS,LOC-PLANT,2026-08-01
EMP637,Kamran Sheikh,Quality Assurance,POS-622,S044,Problem Solving,Behavioral,Common,Current,5,Expert,96.9,8.1,2,Certified,Yes,DEPARTMENT-015,Industrial Operations,ORGANIZATIONAL-UNIT-QAS,LOC-PLANT,2026-08-01
EMP637,Kamran Sheikh,Quality Assurance,POS-622,S049,Data Analysis,Digital,Common,Current,4,Advanced,92.4,9.7,3,Planned,No,DEPARTMENT-015,Industrial Operations,ORGANIZATIONAL-UNIT-QAS,LOC-PLANT,2026-08-01
EMP637,Kamran Sheikh,Quality Assurance,POS-622,S094,Corrective Action Management,Quality,Core,Current,4,Advanced,76.6,7.2,12,Certified,No,DEPARTMENT-015,Industrial Operations,ORGANIZATIONAL-UNIT-QAS,LOC-PLANT,2026-08-01
EMP637,Kamran Sheikh,Quality Assurance,POS-622,S095,Statistical Process Control,Quality,Core,Current,4,Advanced,85.6,9.3,9,Not Required,No,DEPARTMENT-015,Industrial Operations,ORGANIZATIONAL-UNIT-QAS,LOC-PLANT,2026-08-01
EMP637,Kamran Sheikh,Quality Assurance,POS-622,S053,Documentation,Behavioral,Common,Current,4,Advanced,97.9,7.4,1,Not Required,No,DEPARTMENT-015,Industrial Operations,ORGANIZATIONAL-UNIT-QAS,LOC-PLANT,2026-08-01
EMP638,Laiba Hashmi,Quality Assurance,POS-623,S049,Data Analysis,Digital,Common,Current,3,Proficient,83.4,9.9,15,Not Required,Yes,DEPARTMENT-015,Industrial Operations,ORGANIZATIONAL-UNIT-QAS-TEAM-03,LOC-PLANT,2026-08-01
EMP638,Laiba Hashmi,Quality Assurance,POS-623,S094,Corrective Action Management,Quality,Core,Current,5,Expert,94.4,10.7,2,Not Required,No,DEPARTMENT-015,Industrial Operations,ORGANIZATIONAL-UNIT-QAS-TEAM-03,LOC-PLANT,2026-08-01
EMP638,Laiba Hashmi,Quality Assurance,POS-623,S046,Leadership,Leadership,Leadership,Current,5,Expert,99.6,8.7,13,Planned,No,DEPARTMENT-015,Industrial Operations,ORGANIZATIONAL-UNIT-QAS-TEAM-03,LOC-PLANT,2026-08-01
EMP638,Laiba Hashmi,Quality Assurance,POS-623,S020,SOP Compliance,Compliance,Core,Current,4,Advanced,88.2,11.3,18,Not Required,No,DEPARTMENT-015,Industrial Operations,ORGANIZATIONAL-UNIT-QAS-TEAM-03,LOC-PLANT,2026-08-01
EMP638,Laiba Hashmi,Quality Assurance,POS-623,S044,Problem Solving,Behavioral,Common,Current,3,Proficient,84.8,9.5,6,Planned,No,DEPARTMENT-015,Industrial Operations,ORGANIZATIONAL-UNIT-QAS-TEAM-03,LOC-PLANT,2026-08-01
EMP639,Sana Saeed,Quality Assurance,POS-624,S022,Quality Control,Functional,Core,Current,3,Proficient,66.0,9.7,8,Not Required,Yes,DEPARTMENT-015,Industrial Operations,ORGANIZATIONAL-UNIT-QAS-TEAM-03,LOC-PLANT,2026-08-01
EMP639,Sana Saeed,Quality Assurance,POS-624,S093,Root Cause Analysis,Quality,Core,Current,4,Advanced,96.4,9.3,15,Not Required,No,DEPARTMENT-015,Industrial Operations,ORGANIZATIONAL-UNIT-QAS-TEAM-03,LOC-PLANT,2026-08-01
EMP639,Sana Saeed,Quality Assurance,POS-624,S049,Data Analysis,Digital,Common,Current,5,Expert,96.4,9.5,16,Certified,No,DEPARTMENT-015,Industrial Operations,ORGANIZATIONAL-UNIT-QAS-TEAM-03,LOC-PLANT,2026-08-01
EMP639,Sana Saeed,Quality Assurance,POS-624,S092,Quality Auditing,Quality,Core,Current,3,Proficient,76.9,9.0,17,Not Required,No,DEPARTMENT-015,Industrial Operations,ORGANIZATIONAL-UNIT-QAS-TEAM-03,LOC-PLANT,2026-08-01
EMP639,Sana Saeed,Quality Assurance,POS-624,S094,Corrective Action Management,Quality,Core,Current,3,Proficient,62.3,9.3,12,Not Required,No,DEPARTMENT-015,Industrial Operations,ORGANIZATIONAL-UNIT-QAS-TEAM-03,LOC-PLANT,2026-08-01
EMP640,Hamza Yousaf,Quality Assurance,POS-625,S053,Documentation,Behavioral,Common,Current,5,Expert,89.5,12.8,15,Not Required,Yes,DEPARTMENT-015,Industrial Operations,ORGANIZATIONAL-UNIT-QAS-TEAM-02,LOC-PLANT,2026-08-01
EMP640,Hamza Yousaf,Quality Assurance,POS-625,S094,Corrective Action Management,Quality,Core,Current,5,Expert,100,11.9,18,Not Required,No,DEPARTMENT-015,Industrial Operations,ORGANIZATIONAL-UNIT-QAS-TEAM-02,LOC-PLANT,2026-08-01
EMP640,Hamza Yousaf,Quality Assurance,POS-625,S049,Data Analysis,Digital,Common,Current,3,Proficient,64.6,8.5,12,Not Required,No,DEPARTMENT-015,Industrial Operations,ORGANIZATIONAL-UNIT-QAS-TEAM-02,LOC-PLANT,2026-08-01
EMP640,Hamza Yousaf,Quality Assurance,POS-625,S046,Leadership,Leadership,Leadership,Current,4,Advanced,79.1,11.5,5,Certified,No,DEPARTMENT-015,Industrial Operations,ORGANIZATIONAL-UNIT-QAS-TEAM-02,LOC-PLANT,2026-08-01
EMP640,Hamza Yousaf,Quality Assurance,POS-625,S020,SOP Compliance,Compliance,Core,Current,5,Expert,86.9,11.3,1,Not Required,No,DEPARTMENT-015,Industrial Operations,ORGANIZATIONAL-UNIT-QAS-TEAM-02,LOC-PLANT,2026-08-01
EMP641,Ahmed Awan,Quality Assurance,POS-626,S022,Quality Control,Functional,Core,Current,3,Proficient,74.9,3.5,6,Not Required,Yes,DEPARTMENT-015,Industrial Operations,ORGANIZATIONAL-UNIT-QAS-TEAM-01,LOC-PLANT,2026-08-01
EMP641,Ahmed Awan,Quality Assurance,POS-626,S046,Leadership,Leadership,Leadership,Current,4,Advanced,78.2,3.3,3,Planned,No,DEPARTMENT-015,Industrial Operations,ORGANIZATIONAL-UNIT-QAS-TEAM-01,LOC-PLANT,2026-08-01
EMP641,Ahmed Awan,Quality Assurance,POS-626,S095,Statistical Process Control,Quality,Core,Current,5,Expert,87.2,4.4,3,Certified,No,DEPARTMENT-015,Industrial Operations,ORGANIZATIONAL-UNIT-QAS-TEAM-01,LOC-PLANT,2026-08-01
EMP641,Ahmed Awan,Quality Assurance,POS-626,S092,Quality Auditing,Quality,Core,Current,3,Proficient,79.5,4.1,14,Not Required,No,DEPARTMENT-015,Industrial Operations,ORGANIZATIONAL-UNIT-QAS-TEAM-01,LOC-PLANT,2026-08-01
EMP641,Ahmed Awan,Quality Assurance,POS-626,S020,SOP Compliance,Compliance,Core,Current,4,Advanced,85.4,4.7,9,Not Required,No,DEPARTMENT-015,Industrial Operations,ORGANIZATIONAL-UNIT-QAS-TEAM-01,LOC-PLANT,2026-08-01
EMP642,Taha Zafar,Quality Assurance,POS-627,S020,SOP Compliance,Compliance,Core,Current,3,Proficient,70.3,10.0,15,Planned,Yes,DEPARTMENT-015,Industrial Operations,ORGANIZATIONAL-UNIT-QAS-TEAM-02,LOC-PLANT,2026-08-01
EMP642,Taha Zafar,Quality Assurance,POS-627,S092,Quality Auditing,Quality,Core,Current,4,Advanced,78.1,12.2,14,Not Required,No,DEPARTMENT-015,Industrial Operations,ORGANIZATIONAL-UNIT-QAS-TEAM-02,LOC-PLANT,2026-08-01
EMP642,Taha Zafar,Quality Assurance,POS-627,S046,Leadership,Leadership,Leadership,Current,3,Proficient,69.3,9.5,13,Planned,No,DEPARTMENT-015,Industrial Operations,ORGANIZATIONAL-UNIT-QAS-TEAM-02,LOC-PLANT,2026-08-01
EMP642,Taha Zafar,Quality Assurance,POS-627,S053,Documentation,Behavioral,Common,Current,4,Advanced,82.2,11.0,10,Not Required,No,DEPARTMENT-015,Industrial Operations,ORGANIZATIONAL-UNIT-QAS-TEAM-02,LOC-PLANT,2026-08-01
EMP642,Taha Zafar,Quality Assurance,POS-627,S093,Root Cause Analysis,Quality,Core,Current,4,Advanced,98.6,12.1,13,Not Required,No,DEPARTMENT-015,Industrial Operations,ORGANIZATIONAL-UNIT-QAS-TEAM-02,LOC-PLANT,2026-08-01
EMP643,Bilal Khan,Quality Assurance,POS-628,S092,Quality Auditing,Quality,Core,Current,3,Proficient,76.1,10.0,13,Not Required,Yes,DEPARTMENT-015,Industrial Operations,ORGANIZATIONAL-UNIT-QAS-TEAM-01,LOC-PLANT,2026-08-01
EMP643,Bilal Khan,Quality Assurance,POS-628,S046,Leadership,Leadership,Leadership,Current,3,Proficient,72.7,9.4,4,Not Required,No,DEPARTMENT-015,Industrial Operations,ORGANIZATIONAL-UNIT-QAS-TEAM-01,LOC-PLANT,2026-08-01
EMP643,Bilal Khan,Quality Assurance,POS-628,S044,Problem Solving,Behavioral,Common,Current,5,Expert,98.0,12.0,6,Planned,No,DEPARTMENT-015,Industrial Operations,ORGANIZATIONAL-UNIT-QAS-TEAM-01,LOC-PLANT,2026-08-01
EMP643,Bilal Khan,Quality Assurance,POS-628,S094,Corrective Action Management,Quality,Core,Current,5,Expert,89.1,11.9,0,Certified,No,DEPARTMENT-015,Industrial Operations,ORGANIZATIONAL-UNIT-QAS-TEAM-01,LOC-PLANT,2026-08-01
EMP643,Bilal Khan,Quality Assurance,POS-628,S049,Data Analysis,Digital,Common,Current,4,Advanced,86.0,12.9,2,Not Required,No,DEPARTMENT-015,Industrial Operations,ORGANIZATIONAL-UNIT-QAS-TEAM-01,LOC-PLANT,2026-08-01
EMP644,Imran Hussain,Quality Assurance,POS-629,S095,Statistical Process Control,Quality,Core,Current,3,Proficient,82.0,6.4,13,Planned,Yes,DEPARTMENT-015,Industrial Operations,ORGANIZATIONAL-UNIT-QAS-TEAM-03,LOC-PLANT,2026-08-01
EMP644,Imran Hussain,Quality Assurance,POS-629,S046,Leadership,Leadership,Leadership,Current,3,Proficient,76.8,7.0,8,Not Required,No,DEPARTMENT-015,Industrial Operations,ORGANIZATIONAL-UNIT-QAS-TEAM-03,LOC-PLANT,2026-08-01
EMP644,Imran Hussain,Quality Assurance,POS-629,S053,Documentation,Behavioral,Common,Current,5,Expert,91.0,5.8,17,Not Required,No,DEPARTMENT-015,Industrial Operations,ORGANIZATIONAL-UNIT-QAS-TEAM-03,LOC-PLANT,2026-08-01
EMP644,Imran Hussain,Quality Assurance,POS-629,S094,Corrective Action Management,Quality,Core,Current,3,Proficient,58.8,6.4,4,Not Required,No,DEPARTMENT-015,Industrial Operations,ORGANIZATIONAL-UNIT-QAS-TEAM-03,LOC-PLANT,2026-08-01
EMP644,Imran Hussain,Quality Assurance,POS-629,S044,Problem Solving,Behavioral,Common,Current,5,Expert,88.4,7.6,14,Not Required,No,DEPARTMENT-015,Industrial Operations,ORGANIZATIONAL-UNIT-QAS-TEAM-03,LOC-PLANT,2026-08-01
EMP645,Kinza Rehman,Quality Assurance,POS-630,S020,SOP Compliance,Compliance,Core,Current,3,Proficient,67.0,9.0,18,Not Required,Yes,DEPARTMENT-015,Industrial Operations,ORGANIZATIONAL-UNIT-QAS-TEAM-02,LOC-PLANT,2026-08-01
EMP645,Kinza Rehman,Quality Assurance,POS-630,S095,Statistical Process Control,Quality,Core,Current,4,Advanced,81.5,10.2,5,Not Required,No,DEPARTMENT-015,Industrial Operations,ORGANIZATIONAL-UNIT-QAS-TEAM-02,LOC-PLANT,2026-08-01
EMP645,Kinza Rehman,Quality Assurance,POS-630,S049,Data Analysis,Digital,Common,Current,5,Expert,88.3,10.6,15,Planned,No,DEPARTMENT-015,Industrial Operations,ORGANIZATIONAL-UNIT-QAS-TEAM-02,LOC-PLANT,2026-08-01
EMP645,Kinza Rehman,Quality Assurance,POS-630,S046,Leadership,Leadership,Leadership,Current,3,Proficient,75.6,10.1,3,Planned,No,DEPARTMENT-015,Industrial Operations,ORGANIZATIONAL-UNIT-QAS-TEAM-02,LOC-PLANT,2026-08-01
EMP645,Kinza Rehman,Quality Assurance,POS-630,S094,Corrective Action Management,Quality,Core,Current,4,Advanced,82.7,11.3,14,Planned,No,DEPARTMENT-015,Industrial Operations,ORGANIZATIONAL-UNIT-QAS-TEAM-02,LOC-PLANT,2026-08-01
EMP646,Junaid Yousaf,Quality Assurance,POS-631,S022,Quality Control,Functional,Core,Developing,2,Developing,56.8,3.0,6,Planned,Yes,DEPARTMENT-015,Industrial Operations,ORGANIZATIONAL-UNIT-QAS-TEAM-01,LOC-PLANT,2026-08-01
EMP646,Junaid Yousaf,Quality Assurance,POS-631,S049,Data Analysis,Digital,Common,Current,3,Proficient,72.7,5.8,7,Certified,No,DEPARTMENT-015,Industrial Operations,ORGANIZATIONAL-UNIT-QAS-TEAM-01,LOC-PLANT,2026-08-01
EMP646,Junaid Yousaf,Quality Assurance,POS-631,S053,Documentation,Behavioral,Common,Current,4,Advanced,86.0,5.7,15,Not Required,No,DEPARTMENT-015,Industrial Operations,ORGANIZATIONAL-UNIT-QAS-TEAM-01,LOC-PLANT,2026-08-01
EMP646,Junaid Yousaf,Quality Assurance,POS-631,S044,Problem Solving,Behavioral,Common,Current,5,Expert,97.3,4.9,12,Not Required,No,DEPARTMENT-015,Industrial Operations,ORGANIZATIONAL-UNIT-QAS-TEAM-01,LOC-PLANT,2026-08-01
EMP646,Junaid Yousaf,Quality Assurance,POS-631,S046,Leadership,Leadership,Leadership,Current,4,Advanced,94.5,4.7,17,Certified,No,DEPARTMENT-015,Industrial Operations,ORGANIZATIONAL-UNIT-QAS-TEAM-01,LOC-PLANT,2026-08-01
EMP647,Amna Iqbal,Quality Assurance,POS-632,S022,Quality Control,Functional,Core,Developing,2,Developing,70.1,3.2,6,Planned,Yes,DEPARTMENT-015,Industrial Operations,ORGANIZATIONAL-UNIT-QAS-TEAM-02,LOC-PLANT,2026-08-01
EMP647,Amna Iqbal,Quality Assurance,POS-632,S044,Problem Solving,Behavioral,Common,Current,4,Advanced,88.2,3.0,3,Not Required,No,DEPARTMENT-015,Industrial Operations,ORGANIZATIONAL-UNIT-QAS-TEAM-02,LOC-PLANT,2026-08-01
EMP647,Amna Iqbal,Quality Assurance,POS-632,S049,Data Analysis,Digital,Common,Current,3,Proficient,78.4,1.6,12,Certified,No,DEPARTMENT-015,Industrial Operations,ORGANIZATIONAL-UNIT-QAS-TEAM-02,LOC-PLANT,2026-08-01
EMP647,Amna Iqbal,Quality Assurance,POS-632,S093,Root Cause Analysis,Quality,Core,Developing,2,Developing,70.0,2.0,6,Not Required,No,DEPARTMENT-015,Industrial Operations,ORGANIZATIONAL-UNIT-QAS-TEAM-02,LOC-PLANT,2026-08-01
EMP647,Amna Iqbal,Quality Assurance,POS-632,S053,Documentation,Behavioral,Common,Current,4,Advanced,93.2,2.9,9,Not Required,No,DEPARTMENT-015,Industrial Operations,ORGANIZATIONAL-UNIT-QAS-TEAM-02,LOC-PLANT,2026-08-01
EMP648,Kashif Hashmi,Quality Assurance,POS-633,S095,Statistical Process Control,Quality,Core,Current,4,Advanced,82.3,7.8,17,Planned,Yes,DEPARTMENT-015,Industrial Operations,ORGANIZATIONAL-UNIT-QAS-TEAM-01,LOC-PLANT,2026-08-01
EMP648,Kashif Hashmi,Quality Assurance,POS-633,S053,Documentation,Behavioral,Common,Current,3,Proficient,75.5,7.6,6,Not Required,No,DEPARTMENT-015,Industrial Operations,ORGANIZATIONAL-UNIT-QAS-TEAM-01,LOC-PLANT,2026-08-01
EMP648,Kashif Hashmi,Quality Assurance,POS-633,S046,Leadership,Leadership,Leadership,Current,4,Advanced,80.8,6.6,10,Not Required,No,DEPARTMENT-015,Industrial Operations,ORGANIZATIONAL-UNIT-QAS-TEAM-01,LOC-PLANT,2026-08-01
EMP648,Kashif Hashmi,Quality Assurance,POS-633,S020,SOP Compliance,Compliance,Core,Current,3,Proficient,73.3,7.7,8,Not Required,No,DEPARTMENT-015,Industrial Operations,ORGANIZATIONAL-UNIT-QAS-TEAM-01,LOC-PLANT,2026-08-01
EMP648,Kashif Hashmi,Quality Assurance,POS-633,S093,Root Cause Analysis,Quality,Core,Current,3,Proficient,79.8,5.0,2,Certified,No,DEPARTMENT-015,Industrial Operations,ORGANIZATIONAL-UNIT-QAS-TEAM-01,LOC-PLANT,2026-08-01
EMP649,Fatima Raza,Quality Assurance,POS-634,S053,Documentation,Behavioral,Common,Current,3,Proficient,80.7,6.0,11,Planned,Yes,DEPARTMENT-015,Industrial Operations,ORGANIZATIONAL-UNIT-QAS-TEAM-02,LOC-PLANT,2026-08-01
EMP649,Fatima Raza,Quality Assurance,POS-634,S092,Quality Auditing,Quality,Core,Current,4,Advanced,77.8,5.3,11,Certified,No,DEPARTMENT-015,Industrial Operations,ORGANIZATIONAL-UNIT-QAS-TEAM-02,LOC-PLANT,2026-08-01
EMP649,Fatima Raza,Quality Assurance,POS-634,S044,Problem Solving,Behavioral,Common,Current,3,Proficient,66.4,4.7,0,Certified,No,DEPARTMENT-015,Industrial Operations,ORGANIZATIONAL-UNIT-QAS-TEAM-02,LOC-PLANT,2026-08-01
EMP649,Fatima Raza,Quality Assurance,POS-634,S049,Data Analysis,Digital,Common,Developing,2,Developing,69.3,6.2,14,Not Required,No,DEPARTMENT-015,Industrial Operations,ORGANIZATIONAL-UNIT-QAS-TEAM-02,LOC-PLANT,2026-08-01
EMP649,Fatima Raza,Quality Assurance,POS-634,S093,Root Cause Analysis,Quality,Core,Current,5,Expert,82.5,6.3,9,Certified,No,DEPARTMENT-015,Industrial Operations,ORGANIZATIONAL-UNIT-QAS-TEAM-02,LOC-PLANT,2026-08-01
EMP650,Hassan Akhtar,Quality Assurance,POS-635,S053,Documentation,Behavioral,Common,Current,4,Advanced,81.4,5.2,0,Planned,Yes,DEPARTMENT-015,Industrial Operations,ORGANIZATIONAL-UNIT-QAS-TEAM-03,LOC-PLANT,2026-08-01
EMP650,Hassan Akhtar,Quality Assurance,POS-635,S022,Quality Control,Functional,Core,Current,3,Proficient,75.2,6.2,4,Certified,No,DEPARTMENT-015,Industrial Operations,ORGANIZATIONAL-UNIT-QAS-TEAM-03,LOC-PLANT,2026-08-01
EMP650,Hassan Akhtar,Quality Assurance,POS-635,S020,SOP Compliance,Compliance,Core,Current,4,Advanced,95.3,6.8,16,Planned,No,DEPARTMENT-015,Industrial Operations,ORGANIZATIONAL-UNIT-QAS-TEAM-03,LOC-PLANT,2026-08-01
EMP650,Hassan Akhtar,Quality Assurance,POS-635,S044,Problem Solving,Behavioral,Common,Current,4,Advanced,89.3,6.5,12,Certified,No,DEPARTMENT-015,Industrial Operations,ORGANIZATIONAL-UNIT-QAS-TEAM-03,LOC-PLANT,2026-08-01
EMP650,Hassan Akhtar,Quality Assurance,POS-635,S046,Leadership,Leadership,Leadership,Current,4,Advanced,94.6,5.1,12,Certified,No,DEPARTMENT-015,Industrial Operations,ORGANIZATIONAL-UNIT-QAS-TEAM-03,LOC-PLANT,2026-08-01
EMP651,Sana Habib,Quality Assurance,POS-636,S022,Quality Control,Functional,Core,Developing,2,Developing,62.9,7.1,11,Certified,Yes,DEPARTMENT-015,Industrial Operations,ORGANIZATIONAL-UNIT-QAS-TEAM-02,LOC-PLANT,2026-08-01
EMP651,Sana Habib,Quality Assurance,POS-636,S095,Statistical Process Control,Quality,Core,Current,4,Advanced,69.7,8.3,13,Not Required,No,DEPARTMENT-015,Industrial Operations,ORGANIZATIONAL-UNIT-QAS-TEAM-02,LOC-PLANT,2026-08-01
EMP651,Sana Habib,Quality Assurance,POS-636,S053,Documentation,Behavioral,Common,Current,5,Expert,88.7,9.0,15,Not Required,No,DEPARTMENT-015,Industrial Operations,ORGANIZATIONAL-UNIT-QAS-TEAM-02,LOC-PLANT,2026-08-01
EMP651,Sana Habib,Quality Assurance,POS-636,S049,Data Analysis,Digital,Common,Developing,2,Developing,69.0,7.6,14,Planned,No,DEPARTMENT-015,Industrial Operations,ORGANIZATIONAL-UNIT-QAS-TEAM-02,LOC-PLANT,2026-08-01
EMP651,Sana Habib,Quality Assurance,POS-636,S093,Root Cause Analysis,Quality,Core,Current,3,Proficient,67.8,7.1,12,Not Required,No,DEPARTMENT-015,Industrial Operations,ORGANIZATIONAL-UNIT-QAS-TEAM-02,LOC-PLANT,2026-08-01
EMP652,Kinza Waheed,Quality Assurance,POS-637,S053,Documentation,Behavioral,Common,Developing,2,Developing,64.0,4.0,3,Not Required,Yes,DEPARTMENT-015,Industrial Operations,ORGANIZATIONAL-UNIT-QAS-TEAM-01,LOC-PLANT,2026-08-01
EMP652,Kinza Waheed,Quality Assurance,POS-637,S022,Quality Control,Functional,Core,Developing,2,Developing,68.0,5.6,16,Not Required,No,DEPARTMENT-015,Industrial Operations,ORGANIZATIONAL-UNIT-QAS-TEAM-01,LOC-PLANT,2026-08-01
EMP652,Kinza Waheed,Quality Assurance,POS-637,S095,Statistical Process Control,Quality,Core,Current,5,Expert,94.8,5.0,6,Certified,No,DEPARTMENT-015,Industrial Operations,ORGANIZATIONAL-UNIT-QAS-TEAM-01,LOC-PLANT,2026-08-01
EMP652,Kinza Waheed,Quality Assurance,POS-637,S093,Root Cause Analysis,Quality,Core,Current,5,Expert,99.6,4.9,3,Planned,No,DEPARTMENT-015,Industrial Operations,ORGANIZATIONAL-UNIT-QAS-TEAM-01,LOC-PLANT,2026-08-01
EMP652,Kinza Waheed,Quality Assurance,POS-637,S092,Quality Auditing,Quality,Core,Developing,2,Developing,62.0,6.6,7,Not Required,No,DEPARTMENT-015,Industrial Operations,ORGANIZATIONAL-UNIT-QAS-TEAM-01,LOC-PLANT,2026-08-01
EMP653,Laiba Hussain,Quality Assurance,POS-638,S046,Leadership,Leadership,Leadership,Current,4,Advanced,88.5,4.3,16,Not Required,Yes,DEPARTMENT-015,Industrial Operations,ORGANIZATIONAL-UNIT-QAS-TEAM-02,LOC-PLANT,2026-08-01
EMP653,Laiba Hussain,Quality Assurance,POS-638,S049,Data Analysis,Digital,Common,Current,5,Expert,91.2,4.9,14,Not Required,No,DEPARTMENT-015,Industrial Operations,ORGANIZATIONAL-UNIT-QAS-TEAM-02,LOC-PLANT,2026-08-01
EMP653,Laiba Hussain,Quality Assurance,POS-638,S092,Quality Auditing,Quality,Core,Current,3,Proficient,82.6,3.3,13,Not Required,No,DEPARTMENT-015,Industrial Operations,ORGANIZATIONAL-UNIT-QAS-TEAM-02,LOC-PLANT,2026-08-01
EMP653,Laiba Hussain,Quality Assurance,POS-638,S022,Quality Control,Functional,Core,Current,3,Proficient,67.8,5.2,16,Not Required,No,DEPARTMENT-015,Industrial Operations,ORGANIZATIONAL-UNIT-QAS-TEAM-02,LOC-PLANT,2026-08-01
EMP653,Laiba Hussain,Quality Assurance,POS-638,S044,Problem Solving,Behavioral,Common,Developing,2,Developing,66.2,2.6,2,Certified,No,DEPARTMENT-015,Industrial Operations,ORGANIZATIONAL-UNIT-QAS-TEAM-02,LOC-PLANT,2026-08-01
EMP654,Kinza Javed,Quality Assurance,POS-639,S020,SOP Compliance,Compliance,Core,Current,3,Proficient,71.4,8.3,0,Not Required,Yes,DEPARTMENT-015,Industrial Operations,ORGANIZATIONAL-UNIT-QAS-TEAM-01,LOC-PLANT,2026-08-01
EMP654,Kinza Javed,Quality Assurance,POS-639,S095,Statistical Process Control,Quality,Core,Current,4,Advanced,84.3,7.8,2,Planned,No,DEPARTMENT-015,Industrial Operations,ORGANIZATIONAL-UNIT-QAS-TEAM-01,LOC-PLANT,2026-08-01
EMP654,Kinza Javed,Quality Assurance,POS-639,S094,Corrective Action Management,Quality,Core,Current,3,Proficient,70.2,6.4,13,Planned,No,DEPARTMENT-015,Industrial Operations,ORGANIZATIONAL-UNIT-QAS-TEAM-01,LOC-PLANT,2026-08-01
EMP654,Kinza Javed,Quality Assurance,POS-639,S044,Problem Solving,Behavioral,Common,Current,4,Advanced,87.5,7.9,9,Certified,No,DEPARTMENT-015,Industrial Operations,ORGANIZATIONAL-UNIT-QAS-TEAM-01,LOC-PLANT,2026-08-01
EMP654,Kinza Javed,Quality Assurance,POS-639,S053,Documentation,Behavioral,Common,Current,5,Expert,100,8.3,18,Certified,No,DEPARTMENT-015,Industrial Operations,ORGANIZATIONAL-UNIT-QAS-TEAM-01,LOC-PLANT,2026-08-01
EMP655,Taha Aslam,Quality Assurance,POS-640,S092,Quality Auditing,Quality,Core,Current,4,Advanced,84.0,2.9,4,Certified,Yes,DEPARTMENT-015,Industrial Operations,ORGANIZATIONAL-UNIT-QAS-TEAM-01,LOC-PLANT,2026-08-01
EMP655,Taha Aslam,Quality Assurance,POS-640,S093,Root Cause Analysis,Quality,Core,Developing,2,Developing,53.8,5.0,7,Not Required,No,DEPARTMENT-015,Industrial Operations,ORGANIZATIONAL-UNIT-QAS-TEAM-01,LOC-PLANT,2026-08-01
EMP655,Taha Aslam,Quality Assurance,POS-640,S095,Statistical Process Control,Quality,Core,Developing,2,Developing,64.6,2.5,0,Not Required,No,DEPARTMENT-015,Industrial Operations,ORGANIZATIONAL-UNIT-QAS-TEAM-01,LOC-PLANT,2026-08-01
EMP655,Taha Aslam,Quality Assurance,POS-640,S053,Documentation,Behavioral,Common,Developing,2,Developing,74.7,4.0,5,Certified,No,DEPARTMENT-015,Industrial Operations,ORGANIZATIONAL-UNIT-QAS-TEAM-01,LOC-PLANT,2026-08-01
EMP655,Taha Aslam,Quality Assurance,POS-640,S044,Problem Solving,Behavioral,Common,Current,5,Expert,89.9,4.2,18,Not Required,No,DEPARTMENT-015,Industrial Operations,ORGANIZATIONAL-UNIT-QAS-TEAM-01,LOC-PLANT,2026-08-01
EMP656,Sara Hussain,Quality Assurance,POS-641,S020,SOP Compliance,Compliance,Core,Current,5,Expert,100,6.2,16,Not Required,Yes,DEPARTMENT-015,Industrial Operations,ORGANIZATIONAL-UNIT-QAS-TEAM-01,LOC-PLANT,2026-08-01
EMP656,Sara Hussain,Quality Assurance,POS-641,S095,Statistical Process Control,Quality,Core,Current,5,Expert,100,6.1,14,Planned,No,DEPARTMENT-015,Industrial Operations,ORGANIZATIONAL-UNIT-QAS-TEAM-01,LOC-PLANT,2026-08-01
EMP656,Sara Hussain,Quality Assurance,POS-641,S022,Quality Control,Functional,Core,Current,3,Proficient,69.0,6.2,17,Not Required,No,DEPARTMENT-015,Industrial Operations,ORGANIZATIONAL-UNIT-QAS-TEAM-01,LOC-PLANT,2026-08-01
EMP656,Sara Hussain,Quality Assurance,POS-641,S049,Data Analysis,Digital,Common,Current,3,Proficient,74.6,5.8,9,Not Required,No,DEPARTMENT-015,Industrial Operations,ORGANIZATIONAL-UNIT-QAS-TEAM-01,LOC-PLANT,2026-08-01
EMP656,Sara Hussain,Quality Assurance,POS-641,S044,Problem Solving,Behavioral,Common,Current,3,Proficient,79.0,5.8,11,Not Required,No,DEPARTMENT-015,Industrial Operations,ORGANIZATIONAL-UNIT-QAS-TEAM-01,LOC-PLANT,2026-08-01
EMP657,Mehwish Chaudhry,Quality Assurance,POS-642,S049,Data Analysis,Digital,Common,Current,3,Proficient,74.9,5.4,3,Not Required,Yes,DEPARTMENT-015,Industrial Operations,ORGANIZATIONAL-UNIT-QAS-TEAM-01,LOC-PLANT,2026-08-01
EMP657,Mehwish Chaudhry,Quality Assurance,POS-642,S020,SOP Compliance,Compliance,Core,Current,4,Advanced,80.3,3.8,14,Not Required,No,DEPARTMENT-015,Industrial Operations,ORGANIZATIONAL-UNIT-QAS-TEAM-01,LOC-PLANT,2026-08-01
EMP657,Mehwish Chaudhry,Quality Assurance,POS-642,S093,Root Cause Analysis,Quality,Core,Developing,2,Developing,64.3,3.6,12,Not Required,No,DEPARTMENT-015,Industrial Operations,ORGANIZATIONAL-UNIT-QAS-TEAM-01,LOC-PLANT,2026-08-01
EMP657,Mehwish Chaudhry,Quality Assurance,POS-642,S092,Quality Auditing,Quality,Core,Current,5,Expert,97.4,3.6,18,Not Required,No,DEPARTMENT-015,Industrial Operations,ORGANIZATIONAL-UNIT-QAS-TEAM-01,LOC-PLANT,2026-08-01
EMP657,Mehwish Chaudhry,Quality Assurance,POS-642,S053,Documentation,Behavioral,Common,Current,3,Proficient,71.8,5.4,8,Planned,No,DEPARTMENT-015,Industrial Operations,ORGANIZATIONAL-UNIT-QAS-TEAM-01,LOC-PLANT,2026-08-01
EMP658,Kinza Latif,Quality Assurance,POS-643,S049,Data Analysis,Digital,Common,Current,5,Expert,95.0,8.2,14,Not Required,Yes,DEPARTMENT-015,Industrial Operations,ORGANIZATIONAL-UNIT-QAS-TEAM-03,LOC-PLANT,2026-08-01
EMP658,Kinza Latif,Quality Assurance,POS-643,S020,SOP Compliance,Compliance,Core,Current,3,Proficient,80.8,7.1,18,Not Required,No,DEPARTMENT-015,Industrial Operations,ORGANIZATIONAL-UNIT-QAS-TEAM-03,LOC-PLANT,2026-08-01
EMP658,Kinza Latif,Quality Assurance,POS-643,S093,Root Cause Analysis,Quality,Core,Current,4,Advanced,72.4,7.4,17,Not Required,No,DEPARTMENT-015,Industrial Operations,ORGANIZATIONAL-UNIT-QAS-TEAM-03,LOC-PLANT,2026-08-01
EMP658,Kinza Latif,Quality Assurance,POS-643,S053,Documentation,Behavioral,Common,Current,5,Expert,93.3,8.2,1,Not Required,No,DEPARTMENT-015,Industrial Operations,ORGANIZATIONAL-UNIT-QAS-TEAM-03,LOC-PLANT,2026-08-01
EMP658,Kinza Latif,Quality Assurance,POS-643,S092,Quality Auditing,Quality,Core,Current,4,Advanced,84.2,8.1,17,Planned,No,DEPARTMENT-015,Industrial Operations,ORGANIZATIONAL-UNIT-QAS-TEAM-03,LOC-PLANT,2026-08-01
EMP659,Fahad Sultan,Quality Assurance,POS-644,S049,Data Analysis,Digital,Common,Current,4,Advanced,78.8,7.5,0,Planned,Yes,DEPARTMENT-015,Industrial Operations,ORGANIZATIONAL-UNIT-QAS-TEAM-03,LOC-PLANT,2026-08-01
EMP659,Fahad Sultan,Quality Assurance,POS-644,S053,Documentation,Behavioral,Common,Current,4,Advanced,88.5,8.5,4,Not Required,No,DEPARTMENT-015,Industrial Operations,ORGANIZATIONAL-UNIT-QAS-TEAM-03,LOC-PLANT,2026-08-01
EMP659,Fahad Sultan,Quality Assurance,POS-644,S092,Quality Auditing,Quality,Core,Current,5,Expert,100,9.5,7,Not Required,No,DEPARTMENT-015,Industrial Operations,ORGANIZATIONAL-UNIT-QAS-TEAM-03,LOC-PLANT,2026-08-01
EMP659,Fahad Sultan,Quality Assurance,POS-644,S020,SOP Compliance,Compliance,Core,Current,5,Expert,95.2,9.5,12,Not Required,No,DEPARTMENT-015,Industrial Operations,ORGANIZATIONAL-UNIT-QAS-TEAM-03,LOC-PLANT,2026-08-01
EMP659,Fahad Sultan,Quality Assurance,POS-644,S094,Corrective Action Management,Quality,Core,Developing,2,Developing,68.6,7.0,16,Certified,No,DEPARTMENT-015,Industrial Operations,ORGANIZATIONAL-UNIT-QAS-TEAM-03,LOC-PLANT,2026-08-01
EMP660,Shahzaib Saleem,Quality Assurance,POS-645,S044,Problem Solving,Behavioral,Common,Developing,2,Developing,55.2,4.7,12,Certified,Yes,DEPARTMENT-015,Industrial Operations,ORGANIZATIONAL-UNIT-QAS-TEAM-03,LOC-PLANT,2026-08-01
EMP660,Shahzaib Saleem,Quality Assurance,POS-645,S053,Documentation,Behavioral,Common,Current,4,Advanced,85.5,4.8,1,Not Required,No,DEPARTMENT-015,Industrial Operations,ORGANIZATIONAL-UNIT-QAS-TEAM-03,LOC-PLANT,2026-08-01
EMP660,Shahzaib Saleem,Quality Assurance,POS-645,S094,Corrective Action Management,Quality,Core,Developing,2,Developing,74.9,3.3,5,Certified,No,DEPARTMENT-015,Industrial Operations,ORGANIZATIONAL-UNIT-QAS-TEAM-03,LOC-PLANT,2026-08-01
EMP660,Shahzaib Saleem,Quality Assurance,POS-645,S022,Quality Control,Functional,Core,Current,3,Proficient,75.0,3.4,4,Planned,No,DEPARTMENT-015,Industrial Operations,ORGANIZATIONAL-UNIT-QAS-TEAM-03,LOC-PLANT,2026-08-01
EMP660,Shahzaib Saleem,Quality Assurance,POS-645,S049,Data Analysis,Digital,Common,Current,4,Advanced,84.2,5.3,5,Certified,No,DEPARTMENT-015,Industrial Operations,ORGANIZATIONAL-UNIT-QAS-TEAM-03,LOC-PLANT,2026-08-01
EMP661,Fatima Sheikh,Quality Assurance,POS-646,S094,Corrective Action Management,Quality,Core,Current,3,Proficient,65.8,3.7,16,Certified,Yes,DEPARTMENT-015,Industrial Operations,ORGANIZATIONAL-UNIT-QAS-TEAM-02,LOC-PLANT,2026-08-01
EMP661,Fatima Sheikh,Quality Assurance,POS-646,S046,Leadership,Leadership,Leadership,Current,4,Advanced,66.2,1.3,2,Certified,No,DEPARTMENT-015,Industrial Operations,ORGANIZATIONAL-UNIT-QAS-TEAM-02,LOC-PLANT,2026-08-01
EMP661,Fatima Sheikh,Quality Assurance,POS-646,S092,Quality Auditing,Quality,Core,Current,3,Proficient,81.0,2.7,7,Not Required,No,DEPARTMENT-015,Industrial Operations,ORGANIZATIONAL-UNIT-QAS-TEAM-02,LOC-PLANT,2026-08-01
EMP661,Fatima Sheikh,Quality Assurance,POS-646,S022,Quality Control,Functional,Core,Current,4,Advanced,87.8,3.1,16,Certified,No,DEPARTMENT-015,Industrial Operations,ORGANIZATIONAL-UNIT-QAS-TEAM-02,LOC-PLANT,2026-08-01
EMP661,Fatima Sheikh,Quality Assurance,POS-646,S020,SOP Compliance,Compliance,Core,Current,3,Proficient,78.4,3.7,5,Certified,No,DEPARTMENT-015,Industrial Operations,ORGANIZATIONAL-UNIT-QAS-TEAM-02,LOC-PLANT,2026-08-01
EMP662,Areeba Awan,Quality Assurance,POS-647,S046,Leadership,Leadership,Leadership,Developing,2,Developing,55.4,3.3,6,Planned,Yes,DEPARTMENT-015,Industrial Operations,ORGANIZATIONAL-UNIT-QAS-TEAM-03,LOC-PLANT,2026-08-01
EMP662,Areeba Awan,Quality Assurance,POS-647,S093,Root Cause Analysis,Quality,Core,Current,3,Proficient,76.5,3.7,11,Not Required,No,DEPARTMENT-015,Industrial Operations,ORGANIZATIONAL-UNIT-QAS-TEAM-03,LOC-PLANT,2026-08-01
EMP662,Areeba Awan,Quality Assurance,POS-647,S053,Documentation,Behavioral,Common,Current,4,Advanced,84.2,3.5,10,Not Required,No,DEPARTMENT-015,Industrial Operations,ORGANIZATIONAL-UNIT-QAS-TEAM-03,LOC-PLANT,2026-08-01
EMP662,Areeba Awan,Quality Assurance,POS-647,S092,Quality Auditing,Quality,Core,Current,4,Advanced,87.0,4.2,10,Not Required,No,DEPARTMENT-015,Industrial Operations,ORGANIZATIONAL-UNIT-QAS-TEAM-03,LOC-PLANT,2026-08-01
EMP662,Areeba Awan,Quality Assurance,POS-647,S095,Statistical Process Control,Quality,Core,Current,4,Advanced,84.7,4.4,4,Not Required,No,DEPARTMENT-015,Industrial Operations,ORGANIZATIONAL-UNIT-QAS-TEAM-03,LOC-PLANT,2026-08-01
EMP663,Eman Saleem,Quality Assurance,POS-648,S092,Quality Auditing,Quality,Core,Developing,2,Developing,59.1,5.3,7,Not Required,Yes,DEPARTMENT-015,Industrial Operations,ORGANIZATIONAL-UNIT-QAS-TEAM-01,LOC-PLANT,2026-08-01
EMP663,Eman Saleem,Quality Assurance,POS-648,S093,Root Cause Analysis,Quality,Core,Current,3,Proficient,71.7,3.0,18,Planned,No,DEPARTMENT-015,Industrial Operations,ORGANIZATIONAL-UNIT-QAS-TEAM-01,LOC-PLANT,2026-08-01
EMP663,Eman Saleem,Quality Assurance,POS-648,S046,Leadership,Leadership,Leadership,Developing,2,Developing,67.5,3.4,5,Not Required,No,DEPARTMENT-015,Industrial Operations,ORGANIZATIONAL-UNIT-QAS-TEAM-01,LOC-PLANT,2026-08-01
EMP663,Eman Saleem,Quality Assurance,POS-648,S049,Data Analysis,Digital,Common,Developing,2,Developing,62.4,3.9,11,Certified,No,DEPARTMENT-015,Industrial Operations,ORGANIZATIONAL-UNIT-QAS-TEAM-01,LOC-PLANT,2026-08-01
EMP663,Eman Saleem,Quality Assurance,POS-648,S095,Statistical Process Control,Quality,Core,Developing,2,Developing,61.1,4.3,9,Not Required,No,DEPARTMENT-015,Industrial Operations,ORGANIZATIONAL-UNIT-QAS-TEAM-01,LOC-PLANT,2026-08-01
EMP664,Komal Shah,Quality Assurance,POS-649,S049,Data Analysis,Digital,Common,Current,3,Proficient,67.9,3.5,10,Not Required,Yes,DEPARTMENT-015,Industrial Operations,ORGANIZATIONAL-UNIT-QAS-TEAM-03,LOC-PLANT,2026-08-01
EMP664,Komal Shah,Quality Assurance,POS-649,S046,Leadership,Leadership,Leadership,Current,3,Proficient,79.3,2.6,9,Not Required,No,DEPARTMENT-015,Industrial Operations,ORGANIZATIONAL-UNIT-QAS-TEAM-03,LOC-PLANT,2026-08-01
EMP664,Komal Shah,Quality Assurance,POS-649,S022,Quality Control,Functional,Core,Current,3,Proficient,63.8,2.4,7,Certified,No,DEPARTMENT-015,Industrial Operations,ORGANIZATIONAL-UNIT-QAS-TEAM-03,LOC-PLANT,2026-08-01
EMP664,Komal Shah,Quality Assurance,POS-649,S093,Root Cause Analysis,Quality,Core,Developing,2,Developing,64.8,3.4,16,Planned,No,DEPARTMENT-015,Industrial Operations,ORGANIZATIONAL-UNIT-QAS-TEAM-03,LOC-PLANT,2026-08-01
EMP664,Komal Shah,Quality Assurance,POS-649,S020,SOP Compliance,Compliance,Core,Current,4,Advanced,87.0,3.7,15,Planned,No,DEPARTMENT-015,Industrial Operations,ORGANIZATIONAL-UNIT-QAS-TEAM-03,LOC-PLANT,2026-08-01
EMP665,Taha Waheed,Quality Assurance,POS-650,S095,Statistical Process Control,Quality,Core,Current,3,Proficient,75.0,3.5,1,Not Required,Yes,DEPARTMENT-015,Industrial Operations,ORGANIZATIONAL-UNIT-QAS-TEAM-01,LOC-PLANT,2026-08-01
EMP665,Taha Waheed,Quality Assurance,POS-650,S093,Root Cause Analysis,Quality,Core,Current,4,Advanced,86.7,4.1,4,Planned,No,DEPARTMENT-015,Industrial Operations,ORGANIZATIONAL-UNIT-QAS-TEAM-01,LOC-PLANT,2026-08-01
EMP665,Taha Waheed,Quality Assurance,POS-650,S020,SOP Compliance,Compliance,Core,Current,4,Advanced,82.6,4.8,14,Not Required,No,DEPARTMENT-015,Industrial Operations,ORGANIZATIONAL-UNIT-QAS-TEAM-01,LOC-PLANT,2026-08-01
EMP665,Taha Waheed,Quality Assurance,POS-650,S044,Problem Solving,Behavioral,Common,Developing,2,Developing,63.9,3.4,5,Not Required,No,DEPARTMENT-015,Industrial Operations,ORGANIZATIONAL-UNIT-QAS-TEAM-01,LOC-PLANT,2026-08-01
EMP665,Taha Waheed,Quality Assurance,POS-650,S094,Corrective Action Management,Quality,Core,Current,3,Proficient,66.3,4.6,9,Not Required,No,DEPARTMENT-015,Industrial Operations,ORGANIZATIONAL-UNIT-QAS-TEAM-01,LOC-PLANT,2026-08-01
EMP666,Saad Hashmi,Quality Assurance,POS-651,S044,Problem Solving,Behavioral,Common,Current,4,Advanced,80.2,1.5,0,Not Required,Yes,DEPARTMENT-015,Industrial Operations,ORGANIZATIONAL-UNIT-QAS-TEAM-02,LOC-PLANT,2026-08-01
EMP666,Saad Hashmi,Quality Assurance,POS-651,S092,Quality Auditing,Quality,Core,Developing,2,Developing,49.7,1.4,15,Planned,No,DEPARTMENT-015,Industrial Operations,ORGANIZATIONAL-UNIT-QAS-TEAM-02,LOC-PLANT,2026-08-01
EMP666,Saad Hashmi,Quality Assurance,POS-651,S022,Quality Control,Functional,Core,Developing,2,Developing,68.5,3.9,16,Certified,No,DEPARTMENT-015,Industrial Operations,ORGANIZATIONAL-UNIT-QAS-TEAM-02,LOC-PLANT,2026-08-01
EMP666,Saad Hashmi,Quality Assurance,POS-651,S095,Statistical Process Control,Quality,Core,Current,4,Advanced,78.3,3.0,11,Planned,No,DEPARTMENT-015,Industrial Operations,ORGANIZATIONAL-UNIT-QAS-TEAM-02,LOC-PLANT,2026-08-01
EMP666,Saad Hashmi,Quality Assurance,POS-651,S093,Root Cause Analysis,Quality,Core,Current,4,Advanced,95.0,2.2,4,Planned,No,DEPARTMENT-015,Industrial Operations,ORGANIZATIONAL-UNIT-QAS-TEAM-02,LOC-PLANT,2026-08-01
EMP667,Nida Munir,Quality Assurance,POS-652,S093,Root Cause Analysis,Quality,Core,Developing,2,Developing,61.5,2.9,6,Certified,Yes,DEPARTMENT-015,Industrial Operations,ORGANIZATIONAL-UNIT-QAS-TEAM-03,LOC-PLANT,2026-08-01
EMP667,Nida Munir,Quality Assurance,POS-652,S049,Data Analysis,Digital,Common,Current,3,Proficient,78.1,2.2,14,Not Required,No,DEPARTMENT-015,Industrial Operations,ORGANIZATIONAL-UNIT-QAS-TEAM-03,LOC-PLANT,2026-08-01
EMP667,Nida Munir,Quality Assurance,POS-652,S044,Problem Solving,Behavioral,Common,Developing,2,Developing,64.5,2.1,18,Not Required,No,DEPARTMENT-015,Industrial Operations,ORGANIZATIONAL-UNIT-QAS-TEAM-03,LOC-PLANT,2026-08-01
EMP667,Nida Munir,Quality Assurance,POS-652,S092,Quality Auditing,Quality,Core,Current,3,Proficient,78.3,1.7,4,Not Required,No,DEPARTMENT-015,Industrial Operations,ORGANIZATIONAL-UNIT-QAS-TEAM-03,LOC-PLANT,2026-08-01
EMP667,Nida Munir,Quality Assurance,POS-652,S094,Corrective Action Management,Quality,Core,Current,3,Proficient,63.5,2.9,2,Planned,No,DEPARTMENT-015,Industrial Operations,ORGANIZATIONAL-UNIT-QAS-TEAM-03,LOC-PLANT,2026-08-01
EMP668,Talha Nawaz,Quality Assurance,POS-653,S049,Data Analysis,Digital,Common,Current,4,Advanced,88.7,3.0,8,Planned,Yes,DEPARTMENT-015,Industrial Operations,ORGANIZATIONAL-UNIT-QAS-TEAM-03,LOC-PLANT,2026-08-01
EMP668,Talha Nawaz,Quality Assurance,POS-653,S094,Corrective Action Management,Quality,Core,Developing,2,Developing,71.7,4.9,4,Not Required,No,DEPARTMENT-015,Industrial Operations,ORGANIZATIONAL-UNIT-QAS-TEAM-03,LOC-PLANT,2026-08-01
EMP668,Talha Nawaz,Quality Assurance,POS-653,S092,Quality Auditing,Quality,Core,Current,4,Advanced,69.9,2.7,10,Certified,No,DEPARTMENT-015,Industrial Operations,ORGANIZATIONAL-UNIT-QAS-TEAM-03,LOC-PLANT,2026-08-01
EMP668,Talha Nawaz,Quality Assurance,POS-653,S053,Documentation,Behavioral,Common,Current,4,Advanced,80.2,4.1,15,Not Required,No,DEPARTMENT-015,Industrial Operations,ORGANIZATIONAL-UNIT-QAS-TEAM-03,LOC-PLANT,2026-08-01
EMP668,Talha Nawaz,Quality Assurance,POS-653,S022,Quality Control,Functional,Core,Current,3,Proficient,65.4,4.2,5,Certified,No,DEPARTMENT-015,Industrial Operations,ORGANIZATIONAL-UNIT-QAS-TEAM-03,LOC-PLANT,2026-08-01
EMP669,Saad Riaz,Quality Assurance,POS-654,S049,Data Analysis,Digital,Common,Current,3,Proficient,79.2,0.8,3,Not Required,Yes,DEPARTMENT-015,Industrial Operations,ORGANIZATIONAL-UNIT-QAS-TEAM-01,LOC-PLANT,2026-08-01
EMP669,Saad Riaz,Quality Assurance,POS-654,S020,SOP Compliance,Compliance,Core,Current,3,Proficient,78.4,3.3,2,Not Required,No,DEPARTMENT-015,Industrial Operations,ORGANIZATIONAL-UNIT-QAS-TEAM-01,LOC-PLANT,2026-08-01
EMP669,Saad Riaz,Quality Assurance,POS-654,S022,Quality Control,Functional,Core,Developing,2,Developing,68.2,2.0,8,Not Required,No,DEPARTMENT-015,Industrial Operations,ORGANIZATIONAL-UNIT-QAS-TEAM-01,LOC-PLANT,2026-08-01
EMP669,Saad Riaz,Quality Assurance,POS-654,S094,Corrective Action Management,Quality,Core,Developing,2,Developing,72.8,3.4,18,Planned,No,DEPARTMENT-015,Industrial Operations,ORGANIZATIONAL-UNIT-QAS-TEAM-01,LOC-PLANT,2026-08-01
EMP669,Saad Riaz,Quality Assurance,POS-654,S044,Problem Solving,Behavioral,Common,Current,4,Advanced,81.7,2.7,9,Not Required,No,DEPARTMENT-015,Industrial Operations,ORGANIZATIONAL-UNIT-QAS-TEAM-01,LOC-PLANT,2026-08-01
EMP670,Kinza Aziz,Quality Assurance,POS-655,S053,Documentation,Behavioral,Common,Current,4,Advanced,80.2,3.7,17,Planned,Yes,DEPARTMENT-015,Industrial Operations,ORGANIZATIONAL-UNIT-QAS-TEAM-02,LOC-PLANT,2026-08-01
EMP670,Kinza Aziz,Quality Assurance,POS-655,S092,Quality Auditing,Quality,Core,Current,3,Proficient,69.0,1.7,7,Certified,No,DEPARTMENT-015,Industrial Operations,ORGANIZATIONAL-UNIT-QAS-TEAM-02,LOC-PLANT,2026-08-01
EMP670,Kinza Aziz,Quality Assurance,POS-655,S022,Quality Control,Functional,Core,Developing,2,Developing,66.4,2.6,8,Planned,No,DEPARTMENT-015,Industrial Operations,ORGANIZATIONAL-UNIT-QAS-TEAM-02,LOC-PLANT,2026-08-01
EMP670,Kinza Aziz,Quality Assurance,POS-655,S049,Data Analysis,Digital,Common,Current,4,Advanced,81.8,1.9,12,Not Required,No,DEPARTMENT-015,Industrial Operations,ORGANIZATIONAL-UNIT-QAS-TEAM-02,LOC-PLANT,2026-08-01
EMP670,Kinza Aziz,Quality Assurance,POS-655,S094,Corrective Action Management,Quality,Core,Developing,2,Developing,66.9,0.9,13,Not Required,No,DEPARTMENT-015,Industrial Operations,ORGANIZATIONAL-UNIT-QAS-TEAM-02,LOC-PLANT,2026-08-01
EMP671,Kashif Waheed,Quality Assurance,POS-656,S022,Quality Control,Functional,Core,Current,3,Proficient,78.0,2.1,5,Planned,Yes,DEPARTMENT-015,Industrial Operations,ORGANIZATIONAL-UNIT-QAS-TEAM-03,LOC-PLANT,2026-08-01
EMP671,Kashif Waheed,Quality Assurance,POS-656,S049,Data Analysis,Digital,Common,Current,3,Proficient,75.2,2.2,5,Not Required,No,DEPARTMENT-015,Industrial Operations,ORGANIZATIONAL-UNIT-QAS-TEAM-03,LOC-PLANT,2026-08-01
EMP671,Kashif Waheed,Quality Assurance,POS-656,S046,Leadership,Leadership,Leadership,Developing,2,Developing,65.6,2.1,4,Planned,No,DEPARTMENT-015,Industrial Operations,ORGANIZATIONAL-UNIT-QAS-TEAM-03,LOC-PLANT,2026-08-01
EMP671,Kashif Waheed,Quality Assurance,POS-656,S095,Statistical Process Control,Quality,Core,Developing,2,Developing,56.0,3.5,17,Planned,No,DEPARTMENT-015,Industrial Operations,ORGANIZATIONAL-UNIT-QAS-TEAM-03,LOC-PLANT,2026-08-01
EMP671,Kashif Waheed,Quality Assurance,POS-656,S094,Corrective Action Management,Quality,Core,Current,3,Proficient,82.0,2.9,13,Certified,No,DEPARTMENT-015,Industrial Operations,ORGANIZATIONAL-UNIT-QAS-TEAM-03,LOC-PLANT,2026-08-01
EMP672,Taha Nawaz,Quality Assurance,POS-657,S022,Quality Control,Functional,Core,Developing,2,Developing,68.1,1.0,10,Not Required,Yes,DEPARTMENT-015,Industrial Operations,ORGANIZATIONAL-UNIT-QAS-TEAM-01,LOC-PLANT,2026-08-01
EMP672,Taha Nawaz,Quality Assurance,POS-657,S094,Corrective Action Management,Quality,Core,Current,3,Proficient,76.8,2.7,5,Certified,No,DEPARTMENT-015,Industrial Operations,ORGANIZATIONAL-UNIT-QAS-TEAM-01,LOC-PLANT,2026-08-01
EMP672,Taha Nawaz,Quality Assurance,POS-657,S095,Statistical Process Control,Quality,Core,Developing,2,Developing,70.2,1.0,11,Certified,No,DEPARTMENT-015,Industrial Operations,ORGANIZATIONAL-UNIT-QAS-TEAM-01,LOC-PLANT,2026-08-01
EMP672,Taha Nawaz,Quality Assurance,POS-657,S049,Data Analysis,Digital,Common,Developing,2,Developing,68.3,1.0,5,Not Required,No,DEPARTMENT-015,Industrial Operations,ORGANIZATIONAL-UNIT-QAS-TEAM-01,LOC-PLANT,2026-08-01
EMP672,Taha Nawaz,Quality Assurance,POS-657,S046,Leadership,Leadership,Leadership,Current,4,Advanced,96.4,2.8,1,Planned,No,DEPARTMENT-015,Industrial Operations,ORGANIZATIONAL-UNIT-QAS-TEAM-01,LOC-PLANT,2026-08-01
EMP673,Noman Javed,Quality Assurance,POS-658,S095,Statistical Process Control,Quality,Core,Developing,1,Beginner,60.6,1.4,2,Certified,Yes,DEPARTMENT-015,Industrial Operations,ORGANIZATIONAL-UNIT-QAS-TEAM-03,LOC-PLANT,2026-08-01
EMP673,Noman Javed,Quality Assurance,POS-658,S046,Leadership,Leadership,Leadership,Developing,2,Developing,77.5,1.5,4,Not Required,No,DEPARTMENT-015,Industrial Operations,ORGANIZATIONAL-UNIT-QAS-TEAM-03,LOC-PLANT,2026-08-01
EMP673,Noman Javed,Quality Assurance,POS-658,S022,Quality Control,Functional,Core,Developing,1,Beginner,44.0,2.9,7,Planned,No,DEPARTMENT-015,Industrial Operations,ORGANIZATIONAL-UNIT-QAS-TEAM-03,LOC-PLANT,2026-08-01
EMP673,Noman Javed,Quality Assurance,POS-658,S044,Problem Solving,Behavioral,Common,Current,3,Proficient,77.1,1.2,6,Not Required,No,DEPARTMENT-015,Industrial Operations,ORGANIZATIONAL-UNIT-QAS-TEAM-03,LOC-PLANT,2026-08-01
EMP673,Noman Javed,Quality Assurance,POS-658,S094,Corrective Action Management,Quality,Core,Developing,1,Beginner,59.5,3.1,0,Planned,No,DEPARTMENT-015,Industrial Operations,ORGANIZATIONAL-UNIT-QAS-TEAM-03,LOC-PLANT,2026-08-01
EMP674,Rabia Ismail,Quality Assurance,POS-659,S020,SOP Compliance,Compliance,Core,Developing,2,Developing,62.3,1.9,12,Not Required,Yes,DEPARTMENT-015,Industrial Operations,ORGANIZATIONAL-UNIT-QAS-TEAM-03,LOC-PLANT,2026-08-01
EMP674,Rabia Ismail,Quality Assurance,POS-659,S092,Quality Auditing,Quality,Core,Current,3,Proficient,83.9,1.3,15,Not Required,No,DEPARTMENT-015,Industrial Operations,ORGANIZATIONAL-UNIT-QAS-TEAM-03,LOC-PLANT,2026-08-01
EMP674,Rabia Ismail,Quality Assurance,POS-659,S044,Problem Solving,Behavioral,Common,Current,3,Proficient,69.7,1.6,2,Planned,No,DEPARTMENT-015,Industrial Operations,ORGANIZATIONAL-UNIT-QAS-TEAM-03,LOC-PLANT,2026-08-01
EMP674,Rabia Ismail,Quality Assurance,POS-659,S022,Quality Control,Functional,Core,Current,3,Proficient,73.1,2.9,2,Not Required,No,DEPARTMENT-015,Industrial Operations,ORGANIZATIONAL-UNIT-QAS-TEAM-03,LOC-PLANT,2026-08-01
EMP674,Rabia Ismail,Quality Assurance,POS-659,S049,Data Analysis,Digital,Common,Developing,1,Beginner,52.5,1.6,13,Not Required,No,DEPARTMENT-015,Industrial Operations,ORGANIZATIONAL-UNIT-QAS-TEAM-03,LOC-PLANT,2026-08-01
EMP675,Hira Munir,Quality Assurance,POS-660,S094,Corrective Action Management,Quality,Core,Developing,2,Developing,66.1,1.6,1,Not Required,Yes,DEPARTMENT-015,Industrial Operations,ORGANIZATIONAL-UNIT-QAS-TEAM-02,LOC-PLANT,2026-08-01
EMP675,Hira Munir,Quality Assurance,POS-660,S049,Data Analysis,Digital,Common,Developing,2,Developing,66.7,2.2,13,Not Required,No,DEPARTMENT-015,Industrial Operations,ORGANIZATIONAL-UNIT-QAS-TEAM-02,LOC-PLANT,2026-08-01
EMP675,Hira Munir,Quality Assurance,POS-660,S020,SOP Compliance,Compliance,Core,Developing,2,Developing,65.8,3.2,16,Not Required,No,DEPARTMENT-015,Industrial Operations,ORGANIZATIONAL-UNIT-QAS-TEAM-02,LOC-PLANT,2026-08-01
EMP675,Hira Munir,Quality Assurance,POS-660,S092,Quality Auditing,Quality,Core,Developing,2,Developing,70.4,3.7,5,Planned,No,DEPARTMENT-015,Industrial Operations,ORGANIZATIONAL-UNIT-QAS-TEAM-02,LOC-PLANT,2026-08-01
EMP675,Hira Munir,Quality Assurance,POS-660,S053,Documentation,Behavioral,Common,Developing,1,Beginner,59.8,3.3,0,Planned,No,DEPARTMENT-015,Industrial Operations,ORGANIZATIONAL-UNIT-QAS-TEAM-02,LOC-PLANT,2026-08-01
EMP676,Fahad Bukhari,Research & Development,EXEC-RND-HEAD,S099,Innovation Management,Research,Core,Current,5,Expert,90.5,14.5,13,Not Required,Yes,DEPARTMENT-016,Technology and Innovation,ORGANIZATIONAL-UNIT-RND,LOC-HQ,2026-08-01
EMP676,Fahad Bukhari,Research & Development,EXEC-RND-HEAD,S050,Project Management,Leadership,Common,Current,5,Expert,100,15.1,8,Not Required,No,DEPARTMENT-016,Technology and Innovation,ORGANIZATIONAL-UNIT-RND,LOC-HQ,2026-08-01
EMP676,Fahad Bukhari,Research & Development,EXEC-RND-HEAD,S049,Data Analysis,Digital,Common,Current,5,Expert,93.6,14.5,9,Not Required,No,DEPARTMENT-016,Technology and Innovation,ORGANIZATIONAL-UNIT-RND,LOC-HQ,2026-08-01
EMP676,Fahad Bukhari,Research & Development,EXEC-RND-HEAD,S053,Documentation,Behavioral,Common,Current,4,Advanced,76.2,13.1,6,Planned,No,DEPARTMENT-016,Technology and Innovation,ORGANIZATIONAL-UNIT-RND,LOC-HQ,2026-08-01
EMP676,Fahad Bukhari,Research & Development,EXEC-RND-HEAD,S098,Technical Writing,Research,Core,Current,4,Advanced,91.4,11.2,1,Not Required,No,DEPARTMENT-016,Technology and Innovation,ORGANIZATIONAL-UNIT-RND,LOC-HQ,2026-08-01
EMP677,Eman Chaudhry,Research & Development,POS-661,S053,Documentation,Behavioral,Common,Current,4,Advanced,82.5,12.1,18,Planned,Yes,DEPARTMENT-016,Technology and Innovation,ORGANIZATIONAL-UNIT-RND,LOC-HQ,2026-08-01
EMP677,Eman Chaudhry,Research & Development,POS-661,S097,Experimental Design,Research,Core,Current,3,Proficient,77.2,10.1,1,Certified,No,DEPARTMENT-016,Technology and Innovation,ORGANIZATIONAL-UNIT-RND,LOC-HQ,2026-08-01
EMP677,Eman Chaudhry,Research & Development,POS-661,S044,Problem Solving,Behavioral,Common,Current,3,Proficient,75.9,8.5,17,Certified,No,DEPARTMENT-016,Technology and Innovation,ORGANIZATIONAL-UNIT-RND,LOC-HQ,2026-08-01
EMP677,Eman Chaudhry,Research & Development,POS-661,S098,Technical Writing,Research,Core,Current,5,Expert,92.8,14.4,15,Certified,No,DEPARTMENT-016,Technology and Innovation,ORGANIZATIONAL-UNIT-RND,LOC-HQ,2026-08-01
EMP677,Eman Chaudhry,Research & Development,POS-661,S050,Project Management,Leadership,Common,Current,4,Advanced,96.4,12.3,5,Not Required,No,DEPARTMENT-016,Technology and Innovation,ORGANIZATIONAL-UNIT-RND,LOC-HQ,2026-08-01
EMP678,Imran Akhtar,Research & Development,POS-662,S099,Innovation Management,Research,Core,Current,4,Advanced,73.5,13.0,8,Certified,Yes,DEPARTMENT-016,Technology and Innovation,ORGANIZATIONAL-UNIT-RND,LOC-HQ,2026-08-01
EMP678,Imran Akhtar,Research & Development,POS-662,S044,Problem Solving,Behavioral,Common,Current,4,Advanced,84.3,12.0,0,Certified,No,DEPARTMENT-016,Technology and Innovation,ORGANIZATIONAL-UNIT-RND,LOC-HQ,2026-08-01
EMP678,Imran Akhtar,Research & Development,POS-662,S050,Project Management,Leadership,Common,Current,4,Advanced,94.2,13.0,2,Not Required,No,DEPARTMENT-016,Technology and Innovation,ORGANIZATIONAL-UNIT-RND,LOC-HQ,2026-08-01
EMP678,Imran Akhtar,Research & Development,POS-662,S049,Data Analysis,Digital,Common,Current,5,Expert,93.6,15.1,3,Certified,No,DEPARTMENT-016,Technology and Innovation,ORGANIZATIONAL-UNIT-RND,LOC-HQ,2026-08-01
EMP678,Imran Akhtar,Research & Development,POS-662,S046,Leadership,Leadership,Leadership,Current,3,Proficient,81.4,9.4,15,Planned,No,DEPARTMENT-016,Technology and Innovation,ORGANIZATIONAL-UNIT-RND,LOC-HQ,2026-08-01
EMP679,Rabia Latif,Research & Development,POS-663,S049,Data Analysis,Digital,Common,Current,5,Expert,99.0,12.8,11,Not Required,Yes,DEPARTMENT-016,Technology and Innovation,ORGANIZATIONAL-UNIT-RND,LOC-HQ,2026-08-01
EMP679,Rabia Latif,Research & Development,POS-663,S046,Leadership,Leadership,Leadership,Current,3,Proficient,85.6,8.6,2,Not Required,No,DEPARTMENT-016,Technology and Innovation,ORGANIZATIONAL-UNIT-RND,LOC-HQ,2026-08-01
EMP679,Rabia Latif,Research & Development,POS-663,S044,Problem Solving,Behavioral,Common,Current,4,Advanced,94.1,11.7,12,Not Required,No,DEPARTMENT-016,Technology and Innovation,ORGANIZATIONAL-UNIT-RND,LOC-HQ,2026-08-01
EMP679,Rabia Latif,Research & Development,POS-663,S096,Research Methodology,Research,Core,Current,3,Proficient,72.9,9.4,13,Not Required,No,DEPARTMENT-016,Technology and Innovation,ORGANIZATIONAL-UNIT-RND,LOC-HQ,2026-08-01
EMP679,Rabia Latif,Research & Development,POS-663,S050,Project Management,Leadership,Common,Current,4,Advanced,88.7,11.1,0,Not Required,No,DEPARTMENT-016,Technology and Innovation,ORGANIZATIONAL-UNIT-RND,LOC-HQ,2026-08-01
EMP680,Ayesha Dar,Research & Development,POS-664,S044,Problem Solving,Behavioral,Common,Current,5,Expert,98.2,13.0,18,Planned,Yes,DEPARTMENT-016,Technology and Innovation,ORGANIZATIONAL-UNIT-RND,LOC-HQ,2026-08-01
EMP680,Ayesha Dar,Research & Development,POS-664,S053,Documentation,Behavioral,Common,Current,4,Advanced,82.9,11.3,12,Not Required,No,DEPARTMENT-016,Technology and Innovation,ORGANIZATIONAL-UNIT-RND,LOC-HQ,2026-08-01
EMP680,Ayesha Dar,Research & Development,POS-664,S045,Stakeholder Management,Behavioral,Leadership,Current,3,Proficient,74.7,10.3,16,Not Required,No,DEPARTMENT-016,Technology and Innovation,ORGANIZATIONAL-UNIT-RND,LOC-HQ,2026-08-01
EMP680,Ayesha Dar,Research & Development,POS-664,S096,Research Methodology,Research,Core,Current,4,Advanced,83.7,11.5,0,Not Required,No,DEPARTMENT-016,Technology and Innovation,ORGANIZATIONAL-UNIT-RND,LOC-HQ,2026-08-01
EMP680,Ayesha Dar,Research & Development,POS-664,S046,Leadership,Leadership,Leadership,Current,5,Expert,88.2,14.8,9,Not Required,No,DEPARTMENT-016,Technology and Innovation,ORGANIZATIONAL-UNIT-RND,LOC-HQ,2026-08-01
EMP681,Kashif Ejaz,Research & Development,POS-665,S049,Data Analysis,Digital,Common,Current,5,Expert,97.2,14.8,4,Planned,Yes,DEPARTMENT-016,Technology and Innovation,ORGANIZATIONAL-UNIT-RND,LOC-HQ,2026-08-01
EMP681,Kashif Ejaz,Research & Development,POS-665,S053,Documentation,Behavioral,Common,Current,4,Advanced,82.8,12.9,8,Certified,No,DEPARTMENT-016,Technology and Innovation,ORGANIZATIONAL-UNIT-RND,LOC-HQ,2026-08-01
EMP681,Kashif Ejaz,Research & Development,POS-665,S097,Experimental Design,Research,Core,Current,3,Proficient,75.0,10.1,4,Not Required,No,DEPARTMENT-016,Technology and Innovation,ORGANIZATIONAL-UNIT-RND,LOC-HQ,2026-08-01
EMP681,Kashif Ejaz,Research & Development,POS-665,S050,Project Management,Leadership,Common,Current,4,Advanced,93.2,11.6,11,Certified,No,DEPARTMENT-016,Technology and Innovation,ORGANIZATIONAL-UNIT-RND,LOC-HQ,2026-08-01
EMP681,Kashif Ejaz,Research & Development,POS-665,S096,Research Methodology,Research,Core,Current,3,Proficient,80.8,8.5,1,Not Required,No,DEPARTMENT-016,Technology and Innovation,ORGANIZATIONAL-UNIT-RND,LOC-HQ,2026-08-01
EMP682,Hira Iqbal,Research & Development,POS-666,S099,Innovation Management,Research,Core,Current,3,Proficient,81.0,10.1,3,Planned,Yes,DEPARTMENT-016,Technology and Innovation,ORGANIZATIONAL-UNIT-RND,LOC-HQ,2026-08-01
EMP682,Hira Iqbal,Research & Development,POS-666,S098,Technical Writing,Research,Core,Current,3,Proficient,80.5,9.9,1,Not Required,No,DEPARTMENT-016,Technology and Innovation,ORGANIZATIONAL-UNIT-RND,LOC-HQ,2026-08-01
EMP682,Hira Iqbal,Research & Development,POS-666,S053,Documentation,Behavioral,Common,Current,3,Proficient,80.6,9.7,14,Planned,No,DEPARTMENT-016,Technology and Innovation,ORGANIZATIONAL-UNIT-RND,LOC-HQ,2026-08-01
EMP682,Hira Iqbal,Research & Development,POS-666,S049,Data Analysis,Digital,Common,Current,5,Expert,93.5,15.7,3,Certified,No,DEPARTMENT-016,Technology and Innovation,ORGANIZATIONAL-UNIT-RND,LOC-HQ,2026-08-01
EMP682,Hira Iqbal,Research & Development,POS-666,S044,Problem Solving,Behavioral,Common,Current,5,Expert,100,15.1,12,Not Required,No,DEPARTMENT-016,Technology and Innovation,ORGANIZATIONAL-UNIT-RND,LOC-HQ,2026-08-01
EMP683,Farhan Qureshi,Research & Development,POS-667,S099,Innovation Management,Research,Core,Current,5,Expert,90.4,11.0,5,Planned,Yes,DEPARTMENT-016,Technology and Innovation,ORGANIZATIONAL-UNIT-RND-TEAM-03,LOC-HQ,2026-08-01
EMP683,Farhan Qureshi,Research & Development,POS-667,S044,Problem Solving,Behavioral,Common,Current,5,Expert,91.4,10.3,3,Certified,No,DEPARTMENT-016,Technology and Innovation,ORGANIZATIONAL-UNIT-RND-TEAM-03,LOC-HQ,2026-08-01
EMP683,Farhan Qureshi,Research & Development,POS-667,S097,Experimental Design,Research,Core,Current,5,Expert,99.9,9.4,11,Not Required,No,DEPARTMENT-016,Technology and Innovation,ORGANIZATIONAL-UNIT-RND-TEAM-03,LOC-HQ,2026-08-01
EMP683,Farhan Qureshi,Research & Development,POS-667,S096,Research Methodology,Research,Core,Current,4,Advanced,86.8,9.8,10,Not Required,No,DEPARTMENT-016,Technology and Innovation,ORGANIZATIONAL-UNIT-RND-TEAM-03,LOC-HQ,2026-08-01
EMP683,Farhan Qureshi,Research & Development,POS-667,S045,Stakeholder Management,Behavioral,Leadership,Current,5,Expert,89.3,9.9,2,Planned,No,DEPARTMENT-016,Technology and Innovation,ORGANIZATIONAL-UNIT-RND-TEAM-03,LOC-HQ,2026-08-01
EMP684,Kamran Mirza,Research & Development,POS-668,S096,Research Methodology,Research,Core,Current,5,Expert,87.8,5.0,8,Not Required,Yes,DEPARTMENT-016,Technology and Innovation,ORGANIZATIONAL-UNIT-RND-TEAM-01,LOC-HQ,2026-08-01
EMP684,Kamran Mirza,Research & Development,POS-668,S045,Stakeholder Management,Behavioral,Leadership,Current,3,Proficient,83.2,3.6,11,Certified,No,DEPARTMENT-016,Technology and Innovation,ORGANIZATIONAL-UNIT-RND-TEAM-01,LOC-HQ,2026-08-01
EMP684,Kamran Mirza,Research & Development,POS-668,S097,Experimental Design,Research,Core,Current,4,Advanced,79.4,4.6,10,Not Required,No,DEPARTMENT-016,Technology and Innovation,ORGANIZATIONAL-UNIT-RND-TEAM-01,LOC-HQ,2026-08-01
EMP684,Kamran Mirza,Research & Development,POS-668,S050,Project Management,Leadership,Common,Current,4,Advanced,80.7,4.7,3,Not Required,No,DEPARTMENT-016,Technology and Innovation,ORGANIZATIONAL-UNIT-RND-TEAM-01,LOC-HQ,2026-08-01
EMP684,Kamran Mirza,Research & Development,POS-668,S049,Data Analysis,Digital,Common,Current,5,Expert,96.3,3.3,8,Certified,No,DEPARTMENT-016,Technology and Innovation,ORGANIZATIONAL-UNIT-RND-TEAM-01,LOC-HQ,2026-08-01
EMP685,Kinza Dar,Research & Development,POS-669,S053,Documentation,Behavioral,Common,Current,5,Expert,93.1,7.9,10,Certified,Yes,DEPARTMENT-016,Technology and Innovation,ORGANIZATIONAL-UNIT-RND-TEAM-02,LOC-HQ,2026-08-01
EMP685,Kinza Dar,Research & Development,POS-669,S049,Data Analysis,Digital,Common,Current,4,Advanced,70.1,9.6,10,Not Required,No,DEPARTMENT-016,Technology and Innovation,ORGANIZATIONAL-UNIT-RND-TEAM-02,LOC-HQ,2026-08-01
EMP685,Kinza Dar,Research & Development,POS-669,S097,Experimental Design,Research,Core,Current,4,Advanced,89.1,9.4,8,Not Required,No,DEPARTMENT-016,Technology and Innovation,ORGANIZATIONAL-UNIT-RND-TEAM-02,LOC-HQ,2026-08-01
EMP685,Kinza Dar,Research & Development,POS-669,S046,Leadership,Leadership,Leadership,Current,5,Expert,99.2,9.6,12,Not Required,No,DEPARTMENT-016,Technology and Innovation,ORGANIZATIONAL-UNIT-RND-TEAM-02,LOC-HQ,2026-08-01
EMP685,Kinza Dar,Research & Development,POS-669,S050,Project Management,Leadership,Common,Current,3,Proficient,68.6,9.6,2,Not Required,No,DEPARTMENT-016,Technology and Innovation,ORGANIZATIONAL-UNIT-RND-TEAM-02,LOC-HQ,2026-08-01
EMP686,Usman Hussain,Research & Development,POS-670,S098,Technical Writing,Research,Core,Current,4,Advanced,88.8,4.9,16,Not Required,Yes,DEPARTMENT-016,Technology and Innovation,ORGANIZATIONAL-UNIT-RND-TEAM-03,LOC-HQ,2026-08-01
EMP686,Usman Hussain,Research & Development,POS-670,S053,Documentation,Behavioral,Common,Current,3,Proficient,78.8,4.9,5,Not Required,No,DEPARTMENT-016,Technology and Innovation,ORGANIZATIONAL-UNIT-RND-TEAM-03,LOC-HQ,2026-08-01
EMP686,Usman Hussain,Research & Development,POS-670,S049,Data Analysis,Digital,Common,Current,3,Proficient,78.4,6.3,8,Planned,No,DEPARTMENT-016,Technology and Innovation,ORGANIZATIONAL-UNIT-RND-TEAM-03,LOC-HQ,2026-08-01
EMP686,Usman Hussain,Research & Development,POS-670,S044,Problem Solving,Behavioral,Common,Current,5,Expert,100,5.2,18,Not Required,No,DEPARTMENT-016,Technology and Innovation,ORGANIZATIONAL-UNIT-RND-TEAM-03,LOC-HQ,2026-08-01
EMP686,Usman Hussain,Research & Development,POS-670,S046,Leadership,Leadership,Leadership,Current,3,Proficient,69.4,3.9,11,Certified,No,DEPARTMENT-016,Technology and Innovation,ORGANIZATIONAL-UNIT-RND-TEAM-03,LOC-HQ,2026-08-01
EMP687,Arham Khan,Research & Development,POS-671,S098,Technical Writing,Research,Core,Current,4,Advanced,80.4,7.4,4,Planned,Yes,DEPARTMENT-016,Technology and Innovation,ORGANIZATIONAL-UNIT-RND-TEAM-03,LOC-HQ,2026-08-01
EMP687,Arham Khan,Research & Development,POS-671,S097,Experimental Design,Research,Core,Current,5,Expert,97.4,6.6,3,Not Required,No,DEPARTMENT-016,Technology and Innovation,ORGANIZATIONAL-UNIT-RND-TEAM-03,LOC-HQ,2026-08-01
EMP687,Arham Khan,Research & Development,POS-671,S096,Research Methodology,Research,Core,Current,3,Proficient,79.6,7.2,17,Not Required,No,DEPARTMENT-016,Technology and Innovation,ORGANIZATIONAL-UNIT-RND-TEAM-03,LOC-HQ,2026-08-01
EMP687,Arham Khan,Research & Development,POS-671,S099,Innovation Management,Research,Core,Current,4,Advanced,75.6,6.3,15,Planned,No,DEPARTMENT-016,Technology and Innovation,ORGANIZATIONAL-UNIT-RND-TEAM-03,LOC-HQ,2026-08-01
EMP687,Arham Khan,Research & Development,POS-671,S046,Leadership,Leadership,Leadership,Current,5,Expert,96.4,8.0,7,Certified,No,DEPARTMENT-016,Technology and Innovation,ORGANIZATIONAL-UNIT-RND-TEAM-03,LOC-HQ,2026-08-01
EMP688,Hamza Saeed,Research & Development,POS-672,S097,Experimental Design,Research,Core,Current,5,Expert,97.0,6.5,2,Not Required,Yes,DEPARTMENT-016,Technology and Innovation,ORGANIZATIONAL-UNIT-RND-TEAM-03,LOC-HQ,2026-08-01
EMP688,Hamza Saeed,Research & Development,POS-672,S044,Problem Solving,Behavioral,Common,Current,4,Advanced,97.1,8.5,6,Not Required,No,DEPARTMENT-016,Technology and Innovation,ORGANIZATIONAL-UNIT-RND-TEAM-03,LOC-HQ,2026-08-01
EMP688,Hamza Saeed,Research & Development,POS-672,S045,Stakeholder Management,Behavioral,Leadership,Current,5,Expert,94.7,8.0,16,Not Required,No,DEPARTMENT-016,Technology and Innovation,ORGANIZATIONAL-UNIT-RND-TEAM-03,LOC-HQ,2026-08-01
EMP688,Hamza Saeed,Research & Development,POS-672,S099,Innovation Management,Research,Core,Current,3,Proficient,76.0,7.4,13,Certified,No,DEPARTMENT-016,Technology and Innovation,ORGANIZATIONAL-UNIT-RND-TEAM-03,LOC-HQ,2026-08-01
EMP688,Hamza Saeed,Research & Development,POS-672,S049,Data Analysis,Digital,Common,Current,5,Expert,96.7,7.6,9,Not Required,No,DEPARTMENT-016,Technology and Innovation,ORGANIZATIONAL-UNIT-RND-TEAM-03,LOC-HQ,2026-08-01
EMP689,Areeba Latif,Research & Development,POS-673,S050,Project Management,Leadership,Common,Current,4,Advanced,93.0,4.8,18,Planned,Yes,DEPARTMENT-016,Technology and Innovation,ORGANIZATIONAL-UNIT-RND-TEAM-03,LOC-HQ,2026-08-01
EMP689,Areeba Latif,Research & Development,POS-673,S049,Data Analysis,Digital,Common,Current,5,Expert,100,6.5,5,Not Required,No,DEPARTMENT-016,Technology and Innovation,ORGANIZATIONAL-UNIT-RND-TEAM-03,LOC-HQ,2026-08-01
EMP689,Areeba Latif,Research & Development,POS-673,S096,Research Methodology,Research,Core,Current,3,Proficient,77.2,6.9,11,Not Required,No,DEPARTMENT-016,Technology and Innovation,ORGANIZATIONAL-UNIT-RND-TEAM-03,LOC-HQ,2026-08-01
EMP689,Areeba Latif,Research & Development,POS-673,S053,Documentation,Behavioral,Common,Current,4,Advanced,77.9,6.1,16,Certified,No,DEPARTMENT-016,Technology and Innovation,ORGANIZATIONAL-UNIT-RND-TEAM-03,LOC-HQ,2026-08-01
EMP689,Areeba Latif,Research & Development,POS-673,S045,Stakeholder Management,Behavioral,Leadership,Current,4,Advanced,96.2,6.9,5,Not Required,No,DEPARTMENT-016,Technology and Innovation,ORGANIZATIONAL-UNIT-RND-TEAM-03,LOC-HQ,2026-08-01
EMP690,Imran Dar,Research & Development,POS-674,S099,Innovation Management,Research,Core,Current,3,Proficient,78.9,8.4,16,Not Required,Yes,DEPARTMENT-016,Technology and Innovation,ORGANIZATIONAL-UNIT-RND-TEAM-02,LOC-HQ,2026-08-01
EMP690,Imran Dar,Research & Development,POS-674,S046,Leadership,Leadership,Leadership,Current,3,Proficient,72.1,8.7,17,Not Required,No,DEPARTMENT-016,Technology and Innovation,ORGANIZATIONAL-UNIT-RND-TEAM-02,LOC-HQ,2026-08-01
EMP690,Imran Dar,Research & Development,POS-674,S049,Data Analysis,Digital,Common,Current,3,Proficient,63.2,7.7,12,Not Required,No,DEPARTMENT-016,Technology and Innovation,ORGANIZATIONAL-UNIT-RND-TEAM-02,LOC-HQ,2026-08-01
EMP690,Imran Dar,Research & Development,POS-674,S097,Experimental Design,Research,Core,Current,5,Expert,92.9,7.7,1,Not Required,No,DEPARTMENT-016,Technology and Innovation,ORGANIZATIONAL-UNIT-RND-TEAM-02,LOC-HQ,2026-08-01
EMP690,Imran Dar,Research & Development,POS-674,S045,Stakeholder Management,Behavioral,Leadership,Current,5,Expert,98.0,7.5,10,Planned,No,DEPARTMENT-016,Technology and Innovation,ORGANIZATIONAL-UNIT-RND-TEAM-02,LOC-HQ,2026-08-01
EMP691,Raza Bukhari,Research & Development,POS-675,S099,Innovation Management,Research,Core,Current,5,Expert,97.9,4.0,15,Not Required,Yes,DEPARTMENT-016,Technology and Innovation,ORGANIZATIONAL-UNIT-RND-TEAM-01,LOC-HQ,2026-08-01
EMP691,Raza Bukhari,Research & Development,POS-675,S049,Data Analysis,Digital,Common,Current,4,Advanced,88.0,2.8,18,Certified,No,DEPARTMENT-016,Technology and Innovation,ORGANIZATIONAL-UNIT-RND-TEAM-01,LOC-HQ,2026-08-01
EMP691,Raza Bukhari,Research & Development,POS-675,S098,Technical Writing,Research,Core,Current,3,Proficient,78.8,4.7,16,Not Required,No,DEPARTMENT-016,Technology and Innovation,ORGANIZATIONAL-UNIT-RND-TEAM-01,LOC-HQ,2026-08-01
EMP691,Raza Bukhari,Research & Development,POS-675,S044,Problem Solving,Behavioral,Common,Developing,2,Developing,74.9,3.2,3,Not Required,No,DEPARTMENT-016,Technology and Innovation,ORGANIZATIONAL-UNIT-RND-TEAM-01,LOC-HQ,2026-08-01
EMP691,Raza Bukhari,Research & Development,POS-675,S045,Stakeholder Management,Behavioral,Leadership,Current,5,Expert,93.6,2.6,0,Not Required,No,DEPARTMENT-016,Technology and Innovation,ORGANIZATIONAL-UNIT-RND-TEAM-01,LOC-HQ,2026-08-01
EMP692,Amna Yousaf,Research & Development,POS-676,S099,Innovation Management,Research,Core,Developing,2,Developing,65.1,4.6,0,Not Required,Yes,DEPARTMENT-016,Technology and Innovation,ORGANIZATIONAL-UNIT-RND-TEAM-03,LOC-HQ,2026-08-01
EMP692,Amna Yousaf,Research & Development,POS-676,S096,Research Methodology,Research,Core,Current,3,Proficient,70.8,3.3,8,Not Required,No,DEPARTMENT-016,Technology and Innovation,ORGANIZATIONAL-UNIT-RND-TEAM-03,LOC-HQ,2026-08-01
EMP692,Amna Yousaf,Research & Development,POS-676,S044,Problem Solving,Behavioral,Common,Current,4,Advanced,73.6,4.4,5,Certified,No,DEPARTMENT-016,Technology and Innovation,ORGANIZATIONAL-UNIT-RND-TEAM-03,LOC-HQ,2026-08-01
EMP692,Amna Yousaf,Research & Development,POS-676,S049,Data Analysis,Digital,Common,Developing,2,Developing,68.3,3.9,9,Planned,No,DEPARTMENT-016,Technology and Innovation,ORGANIZATIONAL-UNIT-RND-TEAM-03,LOC-HQ,2026-08-01
EMP692,Amna Yousaf,Research & Development,POS-676,S053,Documentation,Behavioral,Common,Current,4,Advanced,91.1,5.6,5,Not Required,No,DEPARTMENT-016,Technology and Innovation,ORGANIZATIONAL-UNIT-RND-TEAM-03,LOC-HQ,2026-08-01
EMP693,Waqas Bukhari,Research & Development,POS-677,S046,Leadership,Leadership,Leadership,Current,3,Proficient,68.4,1.7,7,Planned,Yes,DEPARTMENT-016,Technology and Innovation,ORGANIZATIONAL-UNIT-RND-TEAM-01,LOC-HQ,2026-08-01
EMP693,Waqas Bukhari,Research & Development,POS-677,S098,Technical Writing,Research,Core,Current,3,Proficient,74.0,3.7,9,Planned,No,DEPARTMENT-016,Technology and Innovation,ORGANIZATIONAL-UNIT-RND-TEAM-01,LOC-HQ,2026-08-01
EMP693,Waqas Bukhari,Research & Development,POS-677,S096,Research Methodology,Research,Core,Developing,2,Developing,66.6,4.3,10,Not Required,No,DEPARTMENT-016,Technology and Innovation,ORGANIZATIONAL-UNIT-RND-TEAM-01,LOC-HQ,2026-08-01
EMP693,Waqas Bukhari,Research & Development,POS-677,S044,Problem Solving,Behavioral,Common,Current,4,Advanced,81.3,1.6,6,Planned,No,DEPARTMENT-016,Technology and Innovation,ORGANIZATIONAL-UNIT-RND-TEAM-01,LOC-HQ,2026-08-01
EMP693,Waqas Bukhari,Research & Development,POS-677,S099,Innovation Management,Research,Core,Current,3,Proficient,74.5,2.3,10,Planned,No,DEPARTMENT-016,Technology and Innovation,ORGANIZATIONAL-UNIT-RND-TEAM-01,LOC-HQ,2026-08-01
EMP694,Omar Khan,Research & Development,POS-678,S050,Project Management,Leadership,Common,Current,4,Advanced,80.2,6.2,0,Certified,Yes,DEPARTMENT-016,Technology and Innovation,ORGANIZATIONAL-UNIT-RND-TEAM-03,LOC-HQ,2026-08-01
EMP694,Omar Khan,Research & Development,POS-678,S046,Leadership,Leadership,Leadership,Current,4,Advanced,85.4,8.7,6,Not Required,No,DEPARTMENT-016,Technology and Innovation,ORGANIZATIONAL-UNIT-RND-TEAM-03,LOC-HQ,2026-08-01
EMP694,Omar Khan,Research & Development,POS-678,S044,Problem Solving,Behavioral,Common,Developing,2,Developing,75.6,6.0,5,Not Required,No,DEPARTMENT-016,Technology and Innovation,ORGANIZATIONAL-UNIT-RND-TEAM-03,LOC-HQ,2026-08-01
EMP694,Omar Khan,Research & Development,POS-678,S045,Stakeholder Management,Behavioral,Leadership,Current,5,Expert,85.8,8.6,10,Certified,No,DEPARTMENT-016,Technology and Innovation,ORGANIZATIONAL-UNIT-RND-TEAM-03,LOC-HQ,2026-08-01
EMP694,Omar Khan,Research & Development,POS-678,S053,Documentation,Behavioral,Common,Current,4,Advanced,89.7,6.2,3,Not Required,No,DEPARTMENT-016,Technology and Innovation,ORGANIZATIONAL-UNIT-RND-TEAM-03,LOC-HQ,2026-08-01
EMP695,Noman Hameed,Research & Development,POS-679,S046,Leadership,Leadership,Leadership,Current,5,Expert,100,8.5,12,Not Required,Yes,DEPARTMENT-016,Technology and Innovation,ORGANIZATIONAL-UNIT-RND-TEAM-01,LOC-HQ,2026-08-01
EMP695,Noman Hameed,Research & Development,POS-679,S053,Documentation,Behavioral,Common,Current,5,Expert,95.9,8.6,8,Not Required,No,DEPARTMENT-016,Technology and Innovation,ORGANIZATIONAL-UNIT-RND-TEAM-01,LOC-HQ,2026-08-01
EMP695,Noman Hameed,Research & Development,POS-679,S049,Data Analysis,Digital,Common,Developing,2,Developing,63.2,6.1,1,Not Required,No,DEPARTMENT-016,Technology and Innovation,ORGANIZATIONAL-UNIT-RND-TEAM-01,LOC-HQ,2026-08-01
EMP695,Noman Hameed,Research & Development,POS-679,S045,Stakeholder Management,Behavioral,Leadership,Developing,2,Developing,65.9,5.7,5,Not Required,No,DEPARTMENT-016,Technology and Innovation,ORGANIZATIONAL-UNIT-RND-TEAM-01,LOC-HQ,2026-08-01
EMP695,Noman Hameed,Research & Development,POS-679,S044,Problem Solving,Behavioral,Common,Current,4,Advanced,85.7,9.3,17,Planned,No,DEPARTMENT-016,Technology and Innovation,ORGANIZATIONAL-UNIT-RND-TEAM-01,LOC-HQ,2026-08-01
EMP696,Taha Baig,Research & Development,POS-680,S046,Leadership,Leadership,Leadership,Current,5,Expert,100,3.3,2,Not Required,Yes,DEPARTMENT-016,Technology and Innovation,ORGANIZATIONAL-UNIT-RND-TEAM-02,LOC-HQ,2026-08-01
EMP696,Taha Baig,Research & Development,POS-680,S053,Documentation,Behavioral,Common,Current,5,Expert,100,4.1,7,Certified,No,DEPARTMENT-016,Technology and Innovation,ORGANIZATIONAL-UNIT-RND-TEAM-02,LOC-HQ,2026-08-01
EMP696,Taha Baig,Research & Development,POS-680,S096,Research Methodology,Research,Core,Developing,2,Developing,66.5,3.0,12,Not Required,No,DEPARTMENT-016,Technology and Innovation,ORGANIZATIONAL-UNIT-RND-TEAM-02,LOC-HQ,2026-08-01
EMP696,Taha Baig,Research & Development,POS-680,S099,Innovation Management,Research,Core,Developing,2,Developing,58.1,4.3,15,Not Required,No,DEPARTMENT-016,Technology and Innovation,ORGANIZATIONAL-UNIT-RND-TEAM-02,LOC-HQ,2026-08-01
EMP696,Taha Baig,Research & Development,POS-680,S097,Experimental Design,Research,Core,Current,4,Advanced,81.9,5.0,13,Not Required,No,DEPARTMENT-016,Technology and Innovation,ORGANIZATIONAL-UNIT-RND-TEAM-02,LOC-HQ,2026-08-01
EMP697,Fahad Khalid,Research & Development,POS-681,S045,Stakeholder Management,Behavioral,Leadership,Current,4,Advanced,78.6,8.2,4,Not Required,Yes,DEPARTMENT-016,Technology and Innovation,ORGANIZATIONAL-UNIT-RND-TEAM-03,LOC-HQ,2026-08-01
EMP697,Fahad Khalid,Research & Development,POS-681,S044,Problem Solving,Behavioral,Common,Current,5,Expert,96.1,6.6,15,Certified,No,DEPARTMENT-016,Technology and Innovation,ORGANIZATIONAL-UNIT-RND-TEAM-03,LOC-HQ,2026-08-01
EMP697,Fahad Khalid,Research & Development,POS-681,S098,Technical Writing,Research,Core,Current,5,Expert,91.2,8.7,18,Planned,No,DEPARTMENT-016,Technology and Innovation,ORGANIZATIONAL-UNIT-RND-TEAM-03,LOC-HQ,2026-08-01
EMP697,Fahad Khalid,Research & Development,POS-681,S097,Experimental Design,Research,Core,Current,3,Proficient,71.1,8.6,10,Not Required,No,DEPARTMENT-016,Technology and Innovation,ORGANIZATIONAL-UNIT-RND-TEAM-03,LOC-HQ,2026-08-01
EMP697,Fahad Khalid,Research & Development,POS-681,S053,Documentation,Behavioral,Common,Current,4,Advanced,84.7,7.5,17,Not Required,No,DEPARTMENT-016,Technology and Innovation,ORGANIZATIONAL-UNIT-RND-TEAM-03,LOC-HQ,2026-08-01
EMP698,Amna Siddiqui,Research & Development,POS-682,S049,Data Analysis,Digital,Common,Developing,2,Developing,62.9,7.3,9,Not Required,Yes,DEPARTMENT-016,Technology and Innovation,ORGANIZATIONAL-UNIT-RND-TEAM-01,LOC-HQ,2026-08-01
EMP698,Amna Siddiqui,Research & Development,POS-682,S046,Leadership,Leadership,Leadership,Current,5,Expert,88.5,9.2,9,Planned,No,DEPARTMENT-016,Technology and Innovation,ORGANIZATIONAL-UNIT-RND-TEAM-01,LOC-HQ,2026-08-01
EMP698,Amna Siddiqui,Research & Development,POS-682,S053,Documentation,Behavioral,Common,Current,5,Expert,89.1,9.4,7,Certified,No,DEPARTMENT-016,Technology and Innovation,ORGANIZATIONAL-UNIT-RND-TEAM-01,LOC-HQ,2026-08-01
EMP698,Amna Siddiqui,Research & Development,POS-682,S099,Innovation Management,Research,Core,Current,5,Expert,100,9.5,0,Not Required,No,DEPARTMENT-016,Technology and Innovation,ORGANIZATIONAL-UNIT-RND-TEAM-01,LOC-HQ,2026-08-01
EMP698,Amna Siddiqui,Research & Development,POS-682,S096,Research Methodology,Research,Core,Current,5,Expert,89.5,8.9,14,Certified,No,DEPARTMENT-016,Technology and Innovation,ORGANIZATIONAL-UNIT-RND-TEAM-01,LOC-HQ,2026-08-01
EMP699,Maha Shah,Research & Development,POS-683,S096,Research Methodology,Research,Core,Developing,2,Developing,67.5,6.3,17,Not Required,Yes,DEPARTMENT-016,Technology and Innovation,ORGANIZATIONAL-UNIT-RND-TEAM-02,LOC-HQ,2026-08-01
EMP699,Maha Shah,Research & Development,POS-683,S099,Innovation Management,Research,Core,Developing,2,Developing,59.1,6.2,6,Not Required,No,DEPARTMENT-016,Technology and Innovation,ORGANIZATIONAL-UNIT-RND-TEAM-02,LOC-HQ,2026-08-01
EMP699,Maha Shah,Research & Development,POS-683,S053,Documentation,Behavioral,Common,Current,4,Advanced,86.6,7.3,1,Planned,No,DEPARTMENT-016,Technology and Innovation,ORGANIZATIONAL-UNIT-RND-TEAM-02,LOC-HQ,2026-08-01
EMP699,Maha Shah,Research & Development,POS-683,S044,Problem Solving,Behavioral,Common,Current,4,Advanced,79.3,6.3,0,Not Required,No,DEPARTMENT-016,Technology and Innovation,ORGANIZATIONAL-UNIT-RND-TEAM-02,LOC-HQ,2026-08-01
EMP699,Maha Shah,Research & Development,POS-683,S045,Stakeholder Management,Behavioral,Leadership,Current,4,Advanced,74.7,8.0,10,Not Required,No,DEPARTMENT-016,Technology and Innovation,ORGANIZATIONAL-UNIT-RND-TEAM-02,LOC-HQ,2026-08-01
EMP700,Eman Ismail,Research & Development,POS-684,S046,Leadership,Leadership,Leadership,Current,4,Advanced,84.8,9.4,17,Not Required,Yes,DEPARTMENT-016,Technology and Innovation,ORGANIZATIONAL-UNIT-RND-TEAM-02,LOC-HQ,2026-08-01
EMP700,Eman Ismail,Research & Development,POS-684,S049,Data Analysis,Digital,Common,Current,5,Expert,92.7,7.9,3,Planned,No,DEPARTMENT-016,Technology and Innovation,ORGANIZATIONAL-UNIT-RND-TEAM-02,LOC-HQ,2026-08-01
EMP700,Eman Ismail,Research & Development,POS-684,S044,Problem Solving,Behavioral,Common,Developing,2,Developing,65.8,6.3,8,Not Required,No,DEPARTMENT-016,Technology and Innovation,ORGANIZATIONAL-UNIT-RND-TEAM-02,LOC-HQ,2026-08-01
EMP700,Eman Ismail,Research & Development,POS-684,S045,Stakeholder Management,Behavioral,Leadership,Developing,2,Developing,64.2,6.8,18,Planned,No,DEPARTMENT-016,Technology and Innovation,ORGANIZATIONAL-UNIT-RND-TEAM-02,LOC-HQ,2026-08-01
EMP700,Eman Ismail,Research & Development,POS-684,S053,Documentation,Behavioral,Common,Current,3,Proficient,72.5,8.2,12,Certified,No,DEPARTMENT-016,Technology and Innovation,ORGANIZATIONAL-UNIT-RND-TEAM-02,LOC-HQ,2026-08-01
EMP701,Zainab Faisal,Research & Development,POS-685,S045,Stakeholder Management,Behavioral,Leadership,Current,4,Advanced,83.9,9.7,18,Planned,Yes,DEPARTMENT-016,Technology and Innovation,ORGANIZATIONAL-UNIT-RND-TEAM-02,LOC-HQ,2026-08-01
EMP701,Zainab Faisal,Research & Development,POS-685,S099,Innovation Management,Research,Core,Current,5,Expert,96.5,9.3,6,Not Required,No,DEPARTMENT-016,Technology and Innovation,ORGANIZATIONAL-UNIT-RND-TEAM-02,LOC-HQ,2026-08-01
EMP701,Zainab Faisal,Research & Development,POS-685,S097,Experimental Design,Research,Core,Current,4,Advanced,77.2,10.1,17,Not Required,No,DEPARTMENT-016,Technology and Innovation,ORGANIZATIONAL-UNIT-RND-TEAM-02,LOC-HQ,2026-08-01
EMP701,Zainab Faisal,Research & Development,POS-685,S044,Problem Solving,Behavioral,Common,Current,5,Expert,90.8,9.5,15,Not Required,No,DEPARTMENT-016,Technology and Innovation,ORGANIZATIONAL-UNIT-RND-TEAM-02,LOC-HQ,2026-08-01
EMP701,Zainab Faisal,Research & Development,POS-685,S049,Data Analysis,Digital,Common,Current,5,Expert,99.3,7.4,13,Not Required,No,DEPARTMENT-016,Technology and Innovation,ORGANIZATIONAL-UNIT-RND-TEAM-02,LOC-HQ,2026-08-01
EMP702,Laiba Sultan,Research & Development,POS-686,S044,Problem Solving,Behavioral,Common,Developing,2,Developing,67.6,2.2,1,Not Required,Yes,DEPARTMENT-016,Technology and Innovation,ORGANIZATIONAL-UNIT-RND-TEAM-02,LOC-HQ,2026-08-01
EMP702,Laiba Sultan,Research & Development,POS-686,S098,Technical Writing,Research,Core,Developing,2,Developing,57.7,2.9,1,Not Required,No,DEPARTMENT-016,Technology and Innovation,ORGANIZATIONAL-UNIT-RND-TEAM-02,LOC-HQ,2026-08-01
EMP702,Laiba Sultan,Research & Development,POS-686,S049,Data Analysis,Digital,Common,Current,4,Advanced,84.8,4.9,17,Planned,No,DEPARTMENT-016,Technology and Innovation,ORGANIZATIONAL-UNIT-RND-TEAM-02,LOC-HQ,2026-08-01
EMP702,Laiba Sultan,Research & Development,POS-686,S045,Stakeholder Management,Behavioral,Leadership,Current,5,Expert,100,2.9,9,Certified,No,DEPARTMENT-016,Technology and Innovation,ORGANIZATIONAL-UNIT-RND-TEAM-02,LOC-HQ,2026-08-01
EMP702,Laiba Sultan,Research & Development,POS-686,S053,Documentation,Behavioral,Common,Current,5,Expert,90.3,3.9,6,Not Required,No,DEPARTMENT-016,Technology and Innovation,ORGANIZATIONAL-UNIT-RND-TEAM-02,LOC-HQ,2026-08-01
EMP703,Laiba Baig,Research & Development,POS-687,S044,Problem Solving,Behavioral,Common,Current,5,Expert,94.0,2.1,14,Certified,Yes,DEPARTMENT-016,Technology and Innovation,ORGANIZATIONAL-UNIT-RND-TEAM-03,LOC-HQ,2026-08-01
EMP703,Laiba Baig,Research & Development,POS-687,S098,Technical Writing,Research,Core,Current,4,Advanced,94.0,2.4,14,Not Required,No,DEPARTMENT-016,Technology and Innovation,ORGANIZATIONAL-UNIT-RND-TEAM-03,LOC-HQ,2026-08-01
EMP703,Laiba Baig,Research & Development,POS-687,S097,Experimental Design,Research,Core,Developing,2,Developing,64.3,4.3,4,Certified,No,DEPARTMENT-016,Technology and Innovation,ORGANIZATIONAL-UNIT-RND-TEAM-03,LOC-HQ,2026-08-01
EMP703,Laiba Baig,Research & Development,POS-687,S053,Documentation,Behavioral,Common,Current,3,Proficient,74.1,4.0,7,Planned,No,DEPARTMENT-016,Technology and Innovation,ORGANIZATIONAL-UNIT-RND-TEAM-03,LOC-HQ,2026-08-01
EMP703,Laiba Baig,Research & Development,POS-687,S049,Data Analysis,Digital,Common,Developing,2,Developing,64.8,2.0,18,Planned,No,DEPARTMENT-016,Technology and Innovation,ORGANIZATIONAL-UNIT-RND-TEAM-03,LOC-HQ,2026-08-01
EMP704,Minal Sultan,Research & Development,POS-688,S097,Experimental Design,Research,Core,Current,4,Advanced,95.1,2.5,15,Not Required,Yes,DEPARTMENT-016,Technology and Innovation,ORGANIZATIONAL-UNIT-RND-TEAM-03,LOC-HQ,2026-08-01
EMP704,Minal Sultan,Research & Development,POS-688,S098,Technical Writing,Research,Core,Current,4,Advanced,79.5,4.6,14,Planned,No,DEPARTMENT-016,Technology and Innovation,ORGANIZATIONAL-UNIT-RND-TEAM-03,LOC-HQ,2026-08-01
EMP704,Minal Sultan,Research & Development,POS-688,S099,Innovation Management,Research,Core,Current,4,Advanced,76.8,3.3,11,Planned,No,DEPARTMENT-016,Technology and Innovation,ORGANIZATIONAL-UNIT-RND-TEAM-03,LOC-HQ,2026-08-01
EMP704,Minal Sultan,Research & Development,POS-688,S050,Project Management,Leadership,Common,Current,4,Advanced,85.7,2.4,4,Not Required,No,DEPARTMENT-016,Technology and Innovation,ORGANIZATIONAL-UNIT-RND-TEAM-03,LOC-HQ,2026-08-01
EMP704,Minal Sultan,Research & Development,POS-688,S044,Problem Solving,Behavioral,Common,Current,3,Proficient,78.9,2.0,16,Planned,No,DEPARTMENT-016,Technology and Innovation,ORGANIZATIONAL-UNIT-RND-TEAM-03,LOC-HQ,2026-08-01
EMP705,Taha Akhtar,Research & Development,POS-689,S049,Data Analysis,Digital,Common,Current,4,Advanced,77.8,5.2,18,Not Required,Yes,DEPARTMENT-016,Technology and Innovation,ORGANIZATIONAL-UNIT-RND-TEAM-01,LOC-HQ,2026-08-01
EMP705,Taha Akhtar,Research & Development,POS-689,S099,Innovation Management,Research,Core,Developing,2,Developing,55.2,4.2,8,Not Required,No,DEPARTMENT-016,Technology and Innovation,ORGANIZATIONAL-UNIT-RND-TEAM-01,LOC-HQ,2026-08-01
EMP705,Taha Akhtar,Research & Development,POS-689,S050,Project Management,Leadership,Common,Current,3,Proficient,77.9,3.2,11,Certified,No,DEPARTMENT-016,Technology and Innovation,ORGANIZATIONAL-UNIT-RND-TEAM-01,LOC-HQ,2026-08-01
EMP705,Taha Akhtar,Research & Development,POS-689,S096,Research Methodology,Research,Core,Developing,2,Developing,55.2,4.7,11,Not Required,No,DEPARTMENT-016,Technology and Innovation,ORGANIZATIONAL-UNIT-RND-TEAM-01,LOC-HQ,2026-08-01
EMP705,Taha Akhtar,Research & Development,POS-689,S053,Documentation,Behavioral,Common,Current,4,Advanced,80.4,4.8,8,Not Required,No,DEPARTMENT-016,Technology and Innovation,ORGANIZATIONAL-UNIT-RND-TEAM-01,LOC-HQ,2026-08-01
EMP706,Sidra Mahmood,Research & Development,POS-690,S050,Project Management,Leadership,Common,Current,3,Proficient,74.8,2.0,15,Not Required,Yes,DEPARTMENT-016,Technology and Innovation,ORGANIZATIONAL-UNIT-RND-TEAM-01,LOC-HQ,2026-08-01
EMP706,Sidra Mahmood,Research & Development,POS-690,S098,Technical Writing,Research,Core,Current,3,Proficient,83.7,4.0,16,Not Required,No,DEPARTMENT-016,Technology and Innovation,ORGANIZATIONAL-UNIT-RND-TEAM-01,LOC-HQ,2026-08-01
EMP706,Sidra Mahmood,Research & Development,POS-690,S096,Research Methodology,Research,Core,Developing,2,Developing,64.0,3.4,3,Certified,No,DEPARTMENT-016,Technology and Innovation,ORGANIZATIONAL-UNIT-RND-TEAM-01,LOC-HQ,2026-08-01
EMP706,Sidra Mahmood,Research & Development,POS-690,S053,Documentation,Behavioral,Common,Developing,2,Developing,61.0,4.4,13,Certified,No,DEPARTMENT-016,Technology and Innovation,ORGANIZATIONAL-UNIT-RND-TEAM-01,LOC-HQ,2026-08-01
EMP706,Sidra Mahmood,Research & Development,POS-690,S097,Experimental Design,Research,Core,Developing,2,Developing,59.0,3.1,3,Certified,No,DEPARTMENT-016,Technology and Innovation,ORGANIZATIONAL-UNIT-RND-TEAM-01,LOC-HQ,2026-08-01
EMP707,Laiba Munir,Research & Development,POS-691,S046,Leadership,Leadership,Leadership,Developing,2,Developing,56.8,3.4,1,Planned,Yes,DEPARTMENT-016,Technology and Innovation,ORGANIZATIONAL-UNIT-RND-TEAM-03,LOC-HQ,2026-08-01
EMP707,Laiba Munir,Research & Development,POS-691,S053,Documentation,Behavioral,Common,Developing,2,Developing,68.2,3.6,9,Not Required,No,DEPARTMENT-016,Technology and Innovation,ORGANIZATIONAL-UNIT-RND-TEAM-03,LOC-HQ,2026-08-01
EMP707,Laiba Munir,Research & Development,POS-691,S050,Project Management,Leadership,Common,Current,4,Advanced,81.3,3.5,6,Not Required,No,DEPARTMENT-016,Technology and Innovation,ORGANIZATIONAL-UNIT-RND-TEAM-03,LOC-HQ,2026-08-01
EMP707,Laiba Munir,Research & Development,POS-691,S099,Innovation Management,Research,Core,Current,3,Proficient,69.9,2.8,7,Certified,No,DEPARTMENT-016,Technology and Innovation,ORGANIZATIONAL-UNIT-RND-TEAM-03,LOC-HQ,2026-08-01
EMP707,Laiba Munir,Research & Development,POS-691,S045,Stakeholder Management,Behavioral,Leadership,Current,4,Advanced,80.9,2.4,16,Not Required,No,DEPARTMENT-016,Technology and Innovation,ORGANIZATIONAL-UNIT-RND-TEAM-03,LOC-HQ,2026-08-01
EMP708,Maryam Akhtar,Research & Development,POS-692,S097,Experimental Design,Research,Core,Current,4,Advanced,73.6,0.7,9,Planned,Yes,DEPARTMENT-016,Technology and Innovation,ORGANIZATIONAL-UNIT-RND-TEAM-02,LOC-HQ,2026-08-01
EMP708,Maryam Akhtar,Research & Development,POS-692,S053,Documentation,Behavioral,Common,Current,4,Advanced,87.4,3.1,4,Not Required,No,DEPARTMENT-016,Technology and Innovation,ORGANIZATIONAL-UNIT-RND-TEAM-02,LOC-HQ,2026-08-01
EMP708,Maryam Akhtar,Research & Development,POS-692,S096,Research Methodology,Research,Core,Current,3,Proficient,74.9,3.2,13,Certified,No,DEPARTMENT-016,Technology and Innovation,ORGANIZATIONAL-UNIT-RND-TEAM-02,LOC-HQ,2026-08-01
EMP708,Maryam Akhtar,Research & Development,POS-692,S050,Project Management,Leadership,Common,Current,4,Advanced,92.9,0.8,5,Not Required,No,DEPARTMENT-016,Technology and Innovation,ORGANIZATIONAL-UNIT-RND-TEAM-02,LOC-HQ,2026-08-01
EMP708,Maryam Akhtar,Research & Development,POS-692,S044,Problem Solving,Behavioral,Common,Current,3,Proficient,75.6,3.3,4,Not Required,No,DEPARTMENT-016,Technology and Innovation,ORGANIZATIONAL-UNIT-RND-TEAM-02,LOC-HQ,2026-08-01
EMP709,Ayesha Tariq,Research & Development,POS-693,S096,Research Methodology,Research,Core,Current,3,Proficient,80.5,4.0,13,Certified,Yes,DEPARTMENT-016,Technology and Innovation,ORGANIZATIONAL-UNIT-RND-TEAM-01,LOC-HQ,2026-08-01
EMP709,Ayesha Tariq,Research & Development,POS-693,S049,Data Analysis,Digital,Common,Current,4,Advanced,91.6,3.9,17,Certified,No,DEPARTMENT-016,Technology and Innovation,ORGANIZATIONAL-UNIT-RND-TEAM-01,LOC-HQ,2026-08-01
EMP709,Ayesha Tariq,Research & Development,POS-693,S053,Documentation,Behavioral,Common,Developing,2,Developing,72.8,5.6,8,Certified,No,DEPARTMENT-016,Technology and Innovation,ORGANIZATIONAL-UNIT-RND-TEAM-01,LOC-HQ,2026-08-01
EMP709,Ayesha Tariq,Research & Development,POS-693,S050,Project Management,Leadership,Common,Current,3,Proficient,72.9,3.5,18,Planned,No,DEPARTMENT-016,Technology and Innovation,ORGANIZATIONAL-UNIT-RND-TEAM-01,LOC-HQ,2026-08-01
EMP709,Ayesha Tariq,Research & Development,POS-693,S046,Leadership,Leadership,Leadership,Current,4,Advanced,94.9,3.9,5,Not Required,No,DEPARTMENT-016,Technology and Innovation,ORGANIZATIONAL-UNIT-RND-TEAM-01,LOC-HQ,2026-08-01
EMP710,Sara Hameed,Research & Development,POS-694,S099,Innovation Management,Research,Core,Current,4,Advanced,86.2,5.4,14,Not Required,Yes,DEPARTMENT-016,Technology and Innovation,ORGANIZATIONAL-UNIT-RND-TEAM-01,LOC-HQ,2026-08-01
EMP710,Sara Hameed,Research & Development,POS-694,S049,Data Analysis,Digital,Common,Current,4,Advanced,74.3,2.7,17,Not Required,No,DEPARTMENT-016,Technology and Innovation,ORGANIZATIONAL-UNIT-RND-TEAM-01,LOC-HQ,2026-08-01
EMP710,Sara Hameed,Research & Development,POS-694,S046,Leadership,Leadership,Leadership,Current,4,Advanced,77.0,5.3,4,Not Required,No,DEPARTMENT-016,Technology and Innovation,ORGANIZATIONAL-UNIT-RND-TEAM-01,LOC-HQ,2026-08-01
EMP710,Sara Hameed,Research & Development,POS-694,S098,Technical Writing,Research,Core,Current,4,Advanced,88.4,3.6,15,Not Required,No,DEPARTMENT-016,Technology and Innovation,ORGANIZATIONAL-UNIT-RND-TEAM-01,LOC-HQ,2026-08-01
EMP710,Sara Hameed,Research & Development,POS-694,S096,Research Methodology,Research,Core,Current,3,Proficient,76.2,3.7,18,Planned,No,DEPARTMENT-016,Technology and Innovation,ORGANIZATIONAL-UNIT-RND-TEAM-01,LOC-HQ,2026-08-01
EMP711,Shahzaib Siddiqui,Research & Development,POS-695,S049,Data Analysis,Digital,Common,Developing,2,Developing,48.0,3.5,6,Not Required,Yes,DEPARTMENT-016,Technology and Innovation,ORGANIZATIONAL-UNIT-RND-TEAM-02,LOC-HQ,2026-08-01
EMP711,Shahzaib Siddiqui,Research & Development,POS-695,S098,Technical Writing,Research,Core,Developing,2,Developing,53.2,5.3,10,Planned,No,DEPARTMENT-016,Technology and Innovation,ORGANIZATIONAL-UNIT-RND-TEAM-02,LOC-HQ,2026-08-01
EMP711,Shahzaib Siddiqui,Research & Development,POS-695,S097,Experimental Design,Research,Core,Current,4,Advanced,99.2,5.4,1,Certified,No,DEPARTMENT-016,Technology and Innovation,ORGANIZATIONAL-UNIT-RND-TEAM-02,LOC-HQ,2026-08-01
EMP711,Shahzaib Siddiqui,Research & Development,POS-695,S045,Stakeholder Management,Behavioral,Leadership,Current,3,Proficient,77.3,5.6,1,Certified,No,DEPARTMENT-016,Technology and Innovation,ORGANIZATIONAL-UNIT-RND-TEAM-02,LOC-HQ,2026-08-01
EMP711,Shahzaib Siddiqui,Research & Development,POS-695,S053,Documentation,Behavioral,Common,Current,4,Advanced,91.2,5.6,13,Not Required,No,DEPARTMENT-016,Technology and Innovation,ORGANIZATIONAL-UNIT-RND-TEAM-02,LOC-HQ,2026-08-01
EMP712,Minal Hussain,Research & Development,POS-696,S053,Documentation,Behavioral,Common,Current,4,Advanced,100,4.2,17,Certified,Yes,DEPARTMENT-016,Technology and Innovation,ORGANIZATIONAL-UNIT-RND-TEAM-03,LOC-HQ,2026-08-01
EMP712,Minal Hussain,Research & Development,POS-696,S099,Innovation Management,Research,Core,Current,4,Advanced,82.2,2.2,4,Not Required,No,DEPARTMENT-016,Technology and Innovation,ORGANIZATIONAL-UNIT-RND-TEAM-03,LOC-HQ,2026-08-01
EMP712,Minal Hussain,Research & Development,POS-696,S098,Technical Writing,Research,Core,Developing,2,Developing,59.6,4.1,7,Planned,No,DEPARTMENT-016,Technology and Innovation,ORGANIZATIONAL-UNIT-RND-TEAM-03,LOC-HQ,2026-08-01
EMP712,Minal Hussain,Research & Development,POS-696,S096,Research Methodology,Research,Core,Developing,2,Developing,62.4,3.5,10,Certified,No,DEPARTMENT-016,Technology and Innovation,ORGANIZATIONAL-UNIT-RND-TEAM-03,LOC-HQ,2026-08-01
EMP712,Minal Hussain,Research & Development,POS-696,S044,Problem Solving,Behavioral,Common,Developing,2,Developing,64.3,3.5,14,Planned,No,DEPARTMENT-016,Technology and Innovation,ORGANIZATIONAL-UNIT-RND-TEAM-03,LOC-HQ,2026-08-01
EMP713,Kashif Qureshi,Research & Development,POS-697,S046,Leadership,Leadership,Leadership,Current,3,Proficient,70.9,2.3,17,Not Required,Yes,DEPARTMENT-016,Technology and Innovation,ORGANIZATIONAL-UNIT-RND-TEAM-03,LOC-HQ,2026-08-01
EMP713,Kashif Qureshi,Research & Development,POS-697,S044,Problem Solving,Behavioral,Common,Current,4,Advanced,97.2,2.1,17,Not Required,No,DEPARTMENT-016,Technology and Innovation,ORGANIZATIONAL-UNIT-RND-TEAM-03,LOC-HQ,2026-08-01
EMP713,Kashif Qureshi,Research & Development,POS-697,S099,Innovation Management,Research,Core,Developing,2,Developing,60.8,3.1,0,Not Required,No,DEPARTMENT-016,Technology and Innovation,ORGANIZATIONAL-UNIT-RND-TEAM-03,LOC-HQ,2026-08-01
EMP713,Kashif Qureshi,Research & Development,POS-697,S098,Technical Writing,Research,Core,Developing,2,Developing,64.5,1.2,13,Not Required,No,DEPARTMENT-016,Technology and Innovation,ORGANIZATIONAL-UNIT-RND-TEAM-03,LOC-HQ,2026-08-01
EMP713,Kashif Qureshi,Research & Development,POS-697,S045,Stakeholder Management,Behavioral,Leadership,Current,3,Proficient,83.5,3.4,1,Not Required,No,DEPARTMENT-016,Technology and Innovation,ORGANIZATIONAL-UNIT-RND-TEAM-03,LOC-HQ,2026-08-01
EMP714,Maryam Ejaz,Research & Development,POS-698,S044,Problem Solving,Behavioral,Common,Developing,2,Developing,58.0,5.4,13,Not Required,Yes,DEPARTMENT-016,Technology and Innovation,ORGANIZATIONAL-UNIT-RND-TEAM-01,LOC-HQ,2026-08-01
EMP714,Maryam Ejaz,Research & Development,POS-698,S045,Stakeholder Management,Behavioral,Leadership,Developing,2,Developing,63.9,4.1,15,Not Required,No,DEPARTMENT-016,Technology and Innovation,ORGANIZATIONAL-UNIT-RND-TEAM-01,LOC-HQ,2026-08-01
EMP714,Maryam Ejaz,Research & Development,POS-698,S098,Technical Writing,Research,Core,Current,3,Proficient,80.1,5.1,17,Planned,No,DEPARTMENT-016,Technology and Innovation,ORGANIZATIONAL-UNIT-RND-TEAM-01,LOC-HQ,2026-08-01
EMP714,Maryam Ejaz,Research & Development,POS-698,S053,Documentation,Behavioral,Common,Current,3,Proficient,70.7,4.2,2,Not Required,No,DEPARTMENT-016,Technology and Innovation,ORGANIZATIONAL-UNIT-RND-TEAM-01,LOC-HQ,2026-08-01
EMP714,Maryam Ejaz,Research & Development,POS-698,S097,Experimental Design,Research,Core,Current,3,Proficient,80.3,3.6,18,Not Required,No,DEPARTMENT-016,Technology and Innovation,ORGANIZATIONAL-UNIT-RND-TEAM-01,LOC-HQ,2026-08-01
EMP715,Ali Munir,Research & Development,POS-699,S045,Stakeholder Management,Behavioral,Leadership,Current,4,Advanced,84.8,3.8,18,Certified,Yes,DEPARTMENT-016,Technology and Innovation,ORGANIZATIONAL-UNIT-RND-TEAM-01,LOC-HQ,2026-08-01
EMP715,Ali Munir,Research & Development,POS-699,S050,Project Management,Leadership,Common,Current,4,Advanced,85.7,2.8,18,Not Required,No,DEPARTMENT-016,Technology and Innovation,ORGANIZATIONAL-UNIT-RND-TEAM-01,LOC-HQ,2026-08-01
EMP715,Ali Munir,Research & Development,POS-699,S044,Problem Solving,Behavioral,Common,Current,4,Advanced,86.9,2.2,2,Not Required,No,DEPARTMENT-016,Technology and Innovation,ORGANIZATIONAL-UNIT-RND-TEAM-01,LOC-HQ,2026-08-01
EMP715,Ali Munir,Research & Development,POS-699,S049,Data Analysis,Digital,Common,Current,4,Advanced,85.9,2.0,1,Not Required,No,DEPARTMENT-016,Technology and Innovation,ORGANIZATIONAL-UNIT-RND-TEAM-01,LOC-HQ,2026-08-01
EMP715,Ali Munir,Research & Development,POS-699,S098,Technical Writing,Research,Core,Developing,2,Developing,50.1,3.3,6,Not Required,No,DEPARTMENT-016,Technology and Innovation,ORGANIZATIONAL-UNIT-RND-TEAM-01,LOC-HQ,2026-08-01
EMP716,Saba Awan,Research & Development,POS-700,S097,Experimental Design,Research,Core,Developing,2,Developing,62.6,4.2,5,Not Required,Yes,DEPARTMENT-016,Technology and Innovation,ORGANIZATIONAL-UNIT-RND-TEAM-03,LOC-HQ,2026-08-01
EMP716,Saba Awan,Research & Development,POS-700,S050,Project Management,Leadership,Common,Current,3,Proficient,83.4,4.0,12,Not Required,No,DEPARTMENT-016,Technology and Innovation,ORGANIZATIONAL-UNIT-RND-TEAM-03,LOC-HQ,2026-08-01
EMP716,Saba Awan,Research & Development,POS-700,S098,Technical Writing,Research,Core,Current,4,Advanced,73.7,4.9,15,Not Required,No,DEPARTMENT-016,Technology and Innovation,ORGANIZATIONAL-UNIT-RND-TEAM-03,LOC-HQ,2026-08-01
EMP716,Saba Awan,Research & Development,POS-700,S099,Innovation Management,Research,Core,Current,4,Advanced,86.7,3.1,12,Certified,No,DEPARTMENT-016,Technology and Innovation,ORGANIZATIONAL-UNIT-RND-TEAM-03,LOC-HQ,2026-08-01
EMP716,Saba Awan,Research & Development,POS-700,S049,Data Analysis,Digital,Common,Developing,2,Developing,67.7,3.8,0,Not Required,No,DEPARTMENT-016,Technology and Innovation,ORGANIZATIONAL-UNIT-RND-TEAM-03,LOC-HQ,2026-08-01
EMP717,Minal Hameed,Research & Development,POS-701,S098,Technical Writing,Research,Core,Current,3,Proficient,71.9,3.3,5,Planned,Yes,DEPARTMENT-016,Technology and Innovation,ORGANIZATIONAL-UNIT-RND-TEAM-02,LOC-HQ,2026-08-01
EMP717,Minal Hameed,Research & Development,POS-701,S053,Documentation,Behavioral,Common,Current,3,Proficient,71.7,3.6,9,Planned,No,DEPARTMENT-016,Technology and Innovation,ORGANIZATIONAL-UNIT-RND-TEAM-02,LOC-HQ,2026-08-01
EMP717,Minal Hameed,Research & Development,POS-701,S044,Problem Solving,Behavioral,Common,Current,4,Advanced,84.7,5.4,10,Certified,No,DEPARTMENT-016,Technology and Innovation,ORGANIZATIONAL-UNIT-RND-TEAM-02,LOC-HQ,2026-08-01
EMP717,Minal Hameed,Research & Development,POS-701,S099,Innovation Management,Research,Core,Developing,2,Developing,59.8,3.8,14,Planned,No,DEPARTMENT-016,Technology and Innovation,ORGANIZATIONAL-UNIT-RND-TEAM-02,LOC-HQ,2026-08-01
EMP717,Minal Hameed,Research & Development,POS-701,S045,Stakeholder Management,Behavioral,Leadership,Current,4,Advanced,89.9,4.2,15,Not Required,No,DEPARTMENT-016,Technology and Innovation,ORGANIZATIONAL-UNIT-RND-TEAM-02,LOC-HQ,2026-08-01
EMP718,Laiba Ansari,Research & Development,POS-702,S097,Experimental Design,Research,Core,Developing,2,Developing,64.3,2.3,3,Not Required,Yes,DEPARTMENT-016,Technology and Innovation,ORGANIZATIONAL-UNIT-RND-TEAM-03,LOC-HQ,2026-08-01
EMP718,Laiba Ansari,Research & Development,POS-702,S050,Project Management,Leadership,Common,Current,3,Proficient,75.0,1.3,8,Not Required,No,DEPARTMENT-016,Technology and Innovation,ORGANIZATIONAL-UNIT-RND-TEAM-03,LOC-HQ,2026-08-01
EMP718,Laiba Ansari,Research & Development,POS-702,S046,Leadership,Leadership,Leadership,Current,3,Proficient,70.4,2.1,10,Not Required,No,DEPARTMENT-016,Technology and Innovation,ORGANIZATIONAL-UNIT-RND-TEAM-03,LOC-HQ,2026-08-01
EMP718,Laiba Ansari,Research & Development,POS-702,S098,Technical Writing,Research,Core,Current,3,Proficient,71.1,2.2,11,Not Required,No,DEPARTMENT-016,Technology and Innovation,ORGANIZATIONAL-UNIT-RND-TEAM-03,LOC-HQ,2026-08-01
EMP718,Laiba Ansari,Research & Development,POS-702,S044,Problem Solving,Behavioral,Common,Developing,2,Developing,81.8,1.7,5,Not Required,No,DEPARTMENT-016,Technology and Innovation,ORGANIZATIONAL-UNIT-RND-TEAM-03,LOC-HQ,2026-08-01
EMP719,Mahnoor Sultan,Research & Development,POS-703,S050,Project Management,Leadership,Common,Developing,1,Beginner,61.3,2.2,3,Certified,Yes,DEPARTMENT-016,Technology and Innovation,ORGANIZATIONAL-UNIT-RND-TEAM-02,LOC-HQ,2026-08-01
EMP719,Mahnoor Sultan,Research & Development,POS-703,S049,Data Analysis,Digital,Common,Developing,1,Beginner,43.5,2.0,0,Planned,No,DEPARTMENT-016,Technology and Innovation,ORGANIZATIONAL-UNIT-RND-TEAM-02,LOC-HQ,2026-08-01
EMP719,Mahnoor Sultan,Research & Development,POS-703,S046,Leadership,Leadership,Leadership,Developing,1,Beginner,43.3,0.5,2,Planned,No,DEPARTMENT-016,Technology and Innovation,ORGANIZATIONAL-UNIT-RND-TEAM-02,LOC-HQ,2026-08-01
EMP719,Mahnoor Sultan,Research & Development,POS-703,S097,Experimental Design,Research,Core,Current,3,Proficient,66.7,1.5,8,Not Required,No,DEPARTMENT-016,Technology and Innovation,ORGANIZATIONAL-UNIT-RND-TEAM-02,LOC-HQ,2026-08-01
EMP719,Mahnoor Sultan,Research & Development,POS-703,S053,Documentation,Behavioral,Common,Developing,2,Developing,59.7,1.3,3,Planned,No,DEPARTMENT-016,Technology and Innovation,ORGANIZATIONAL-UNIT-RND-TEAM-02,LOC-HQ,2026-08-01
EMP720,Fahad Awan,Research & Development,POS-704,S044,Problem Solving,Behavioral,Common,Current,3,Proficient,65.7,2.6,6,Not Required,Yes,DEPARTMENT-016,Technology and Innovation,ORGANIZATIONAL-UNIT-RND-TEAM-01,LOC-HQ,2026-08-01
EMP720,Fahad Awan,Research & Development,POS-704,S098,Technical Writing,Research,Core,Developing,2,Developing,58.9,1.0,5,Not Required,No,DEPARTMENT-016,Technology and Innovation,ORGANIZATIONAL-UNIT-RND-TEAM-01,LOC-HQ,2026-08-01
EMP720,Fahad Awan,Research & Development,POS-704,S046,Leadership,Leadership,Leadership,Developing,1,Beginner,49.7,2.7,9,Not Required,No,DEPARTMENT-016,Technology and Innovation,ORGANIZATIONAL-UNIT-RND-TEAM-01,LOC-HQ,2026-08-01
EMP720,Fahad Awan,Research & Development,POS-704,S053,Documentation,Behavioral,Common,Developing,1,Beginner,54.8,1.9,11,Not Required,No,DEPARTMENT-016,Technology and Innovation,ORGANIZATIONAL-UNIT-RND-TEAM-01,LOC-HQ,2026-08-01
EMP720,Fahad Awan,Research & Development,POS-704,S097,Experimental Design,Research,Core,Developing,2,Developing,68.9,3.1,14,Not Required,No,DEPARTMENT-016,Technology and Innovation,ORGANIZATIONAL-UNIT-RND-TEAM-01,LOC-HQ,2026-08-01
