Historical_Employee_ID,Historical_Employee_Name,Department_ID,Department_Name,Last_Known_Job_Level,Historical_Status,Record_Effective_Date,Record_Purpose
HISTORICAL-EMPLOYEE-0001,Historical HR Employee 0001,DEPARTMENT-001,HR,Junior,Historical Joiner,2024-09-01,Supports complete 24-month movement history without adding former staff to the active attrition population
HISTORICAL-EMPLOYEE-0002,Historical HR Employee 0002,DEPARTMENT-001,HR,Senior,Former Employee,2024-09-01,Supports complete 24-month movement history without adding former staff to the active attrition population
HISTORICAL-EMPLOYEE-0003,Historical HR Employee 0003,DEPARTMENT-001,HR,Mid,Former Employee,2024-09-01,Supports complete 24-month movement history without adding former staff to the active attrition population
HISTORICAL-EMPLOYEE-0004,Historical Finance Employee 0004,DEPARTMENT-002,Finance,Junior,Historical Joiner,2024-09-01,Supports complete 24-month movement history without adding former staff to the active attrition population
HISTORICAL-EMPLOYEE-0005,Historical Sales Employee 0005,DEPARTMENT-003,Sales,Junior,Historical Joiner,2024-09-01,Supports complete 24-month movement history without adding former staff to the active attrition population
HISTORICAL-EMPLOYEE-0006,Historical Sales Employee 0006,DEPARTMENT-003,Sales,Senior,Former Employee,2024-09-01,Supports complete 24-month movement history without adding former staff to the active attrition population
HISTORICAL-EMPLOYEE-0007,Historical Sales Employee 0007,DEPARTMENT-003,Sales,Senior,Former Employee,2024-09-01,Supports complete 24-month movement history without adding former staff to the active attrition population
HISTORICAL-EMPLOYEE-0008,Historical Customer Employee 0008,DEPARTMENT-004,Customer Support,Junior,Historical Joiner,2024-09-01,Supports complete 24-month movement history without adding former staff to the active attrition population
HISTORICAL-EMPLOYEE-0009,Historical Customer Employee 0009,DEPARTMENT-004,Customer Support,Junior,Historical Joiner,2024-09-01,Supports complete 24-month movement history without adding former staff to the active attrition population
HISTORICAL-EMPLOYEE-0010,Historical Customer Employee 0010,DEPARTMENT-004,Customer Support,Mid,Former Employee,2024-09-01,Supports complete 24-month movement history without adding former staff to the active attrition population
HISTORICAL-EMPLOYEE-0011,Historical Engineering Employee 0011,DEPARTMENT-005,Engineering,Junior,Historical Joiner,2024-09-01,Supports complete 24-month movement history without adding former staff to the active attrition population
HISTORICAL-EMPLOYEE-0012,Historical Engineering Employee 0012,DEPARTMENT-005,Engineering,Junior,Former Employee,2024-09-01,Supports complete 24-month movement history without adding former staff to the active attrition population
HISTORICAL-EMPLOYEE-0013,Historical Engineering Employee 0013,DEPARTMENT-005,Engineering,Senior,Former Employee,2024-09-01,Supports complete 24-month movement history without adding former staff to the active attrition population
HISTORICAL-EMPLOYEE-0014,Historical Operations Employee 0014,DEPARTMENT-006,Operations,Junior,Former Employee,2024-09-01,Supports complete 24-month movement history without adding former staff to the active attrition population
HISTORICAL-EMPLOYEE-0015,Historical Operations Employee 0015,DEPARTMENT-006,Operations,Mid,Former Employee,2024-09-01,Supports complete 24-month movement history without adding former staff to the active attrition population
HISTORICAL-EMPLOYEE-0016,Historical IT Employee 0016,DEPARTMENT-007,IT,Junior,Historical Joiner,2024-09-01,Supports complete 24-month movement history without adding former staff to the active attrition population
HISTORICAL-EMPLOYEE-0017,Historical IT Employee 0017,DEPARTMENT-007,IT,Junior,Historical Joiner,2024-09-01,Supports complete 24-month movement history without adding former staff to the active attrition population
HISTORICAL-EMPLOYEE-0018,Historical IT Employee 0018,DEPARTMENT-007,IT,Junior,Historical Joiner,2024-09-01,Supports complete 24-month movement history without adding former staff to the active attrition population
HISTORICAL-EMPLOYEE-0019,Historical IT Employee 0019,DEPARTMENT-007,IT,Mid,Former Employee,2024-09-01,Supports complete 24-month movement history without adding former staff to the active attrition population
HISTORICAL-EMPLOYEE-0020,Historical IT Employee 0020,DEPARTMENT-007,IT,Mid,Former Employee,2024-09-01,Supports complete 24-month movement history without adding former staff to the active attrition population
HISTORICAL-EMPLOYEE-0021,Historical IT Employee 0021,DEPARTMENT-007,IT,Junior,Former Employee,2024-09-01,Supports complete 24-month movement history without adding former staff to the active attrition population
HISTORICAL-EMPLOYEE-0022,Historical Medical Employee 0022,DEPARTMENT-008,Medical Care,Junior,Historical Joiner,2024-09-01,Supports complete 24-month movement history without adding former staff to the active attrition population
HISTORICAL-EMPLOYEE-0023,Historical Medical Employee 0023,DEPARTMENT-008,Medical Care,Mid,Former Employee,2024-09-01,Supports complete 24-month movement history without adding former staff to the active attrition population
HISTORICAL-EMPLOYEE-0024,Historical Training Employee 0024,DEPARTMENT-009,Training & Development,Junior,Historical Joiner,2024-09-01,Supports complete 24-month movement history without adding former staff to the active attrition population
HISTORICAL-EMPLOYEE-0025,Historical Administration Employee 0025,DEPARTMENT-010,Administration & Facilities,Junior,Former Employee,2024-09-01,Supports complete 24-month movement history without adding former staff to the active attrition population
HISTORICAL-EMPLOYEE-0026,Historical Administration Employee 0026,DEPARTMENT-010,Administration & Facilities,Junior,Former Employee,2024-09-01,Supports complete 24-month movement history without adding former staff to the active attrition population
HISTORICAL-EMPLOYEE-0027,Historical Legal Employee 0027,DEPARTMENT-011,Legal & Compliance,Junior,Historical Joiner,2024-09-01,Supports complete 24-month movement history without adding former staff to the active attrition population
HISTORICAL-EMPLOYEE-0028,Historical Legal Employee 0028,DEPARTMENT-011,Legal & Compliance,Junior,Historical Joiner,2024-09-01,Supports complete 24-month movement history without adding former staff to the active attrition population
HISTORICAL-EMPLOYEE-0029,Historical Legal Employee 0029,DEPARTMENT-011,Legal & Compliance,Senior,Former Employee,2024-09-01,Supports complete 24-month movement history without adding former staff to the active attrition population
HISTORICAL-EMPLOYEE-0030,Historical Legal Employee 0030,DEPARTMENT-011,Legal & Compliance,Senior,Former Employee,2024-09-01,Supports complete 24-month movement history without adding former staff to the active attrition population
HISTORICAL-EMPLOYEE-0031,Historical Procurement Employee 0031,DEPARTMENT-012,Procurement & Supply Chain,Junior,Historical Joiner,2024-09-01,Supports complete 24-month movement history without adding former staff to the active attrition population
HISTORICAL-EMPLOYEE-0032,Historical Procurement Employee 0032,DEPARTMENT-012,Procurement & Supply Chain,Junior,Historical Joiner,2024-09-01,Supports complete 24-month movement history without adding former staff to the active attrition population
HISTORICAL-EMPLOYEE-0033,Historical Procurement Employee 0033,DEPARTMENT-012,Procurement & Supply Chain,Junior,Historical Joiner,2024-09-01,Supports complete 24-month movement history without adding former staff to the active attrition population
HISTORICAL-EMPLOYEE-0034,Historical Procurement Employee 0034,DEPARTMENT-012,Procurement & Supply Chain,Mid,Former Employee,2024-09-01,Supports complete 24-month movement history without adding former staff to the active attrition population
HISTORICAL-EMPLOYEE-0035,Historical Procurement Employee 0035,DEPARTMENT-012,Procurement & Supply Chain,Mid,Former Employee,2024-09-01,Supports complete 24-month movement history without adding former staff to the active attrition population
HISTORICAL-EMPLOYEE-0036,Historical Logistics Employee 0036,DEPARTMENT-013,Logistics & Warehouse,Junior,Historical Joiner,2024-09-01,Supports complete 24-month movement history without adding former staff to the active attrition population
HISTORICAL-EMPLOYEE-0037,Historical Logistics Employee 0037,DEPARTMENT-013,Logistics & Warehouse,Junior,Historical Joiner,2024-09-01,Supports complete 24-month movement history without adding former staff to the active attrition population
HISTORICAL-EMPLOYEE-0038,Historical Logistics Employee 0038,DEPARTMENT-013,Logistics & Warehouse,Mid,Former Employee,2024-09-01,Supports complete 24-month movement history without adding former staff to the active attrition population
HISTORICAL-EMPLOYEE-0039,Historical Logistics Employee 0039,DEPARTMENT-013,Logistics & Warehouse,Mid,Former Employee,2024-09-01,Supports complete 24-month movement history without adding former staff to the active attrition population
HISTORICAL-EMPLOYEE-0040,Historical Production Employee 0040,DEPARTMENT-014,Production & Manufacturing,Junior,Historical Joiner,2024-09-01,Supports complete 24-month movement history without adding former staff to the active attrition population
HISTORICAL-EMPLOYEE-0041,Historical Production Employee 0041,DEPARTMENT-014,Production & Manufacturing,Senior,Former Employee,2024-09-01,Supports complete 24-month movement history without adding former staff to the active attrition population
HISTORICAL-EMPLOYEE-0042,Historical Quality Employee 0042,DEPARTMENT-015,Quality Assurance,Junior,Former Employee,2024-09-01,Supports complete 24-month movement history without adding former staff to the active attrition population
HISTORICAL-EMPLOYEE-0043,Historical Research Employee 0043,DEPARTMENT-016,Research & Development,Mid,Former Employee,2024-09-01,Supports complete 24-month movement history without adding former staff to the active attrition population
HISTORICAL-EMPLOYEE-0044,Historical HR Employee 0044,DEPARTMENT-001,HR,Junior,Historical Joiner,2024-10-01,Supports complete 24-month movement history without adding former staff to the active attrition population
HISTORICAL-EMPLOYEE-0045,Historical HR Employee 0045,DEPARTMENT-001,HR,Junior,Former Employee,2024-10-01,Supports complete 24-month movement history without adding former staff to the active attrition population
HISTORICAL-EMPLOYEE-0046,Historical Finance Employee 0046,DEPARTMENT-002,Finance,Senior,Former Employee,2024-10-01,Supports complete 24-month movement history without adding former staff to the active attrition population
HISTORICAL-EMPLOYEE-0047,Historical Finance Employee 0047,DEPARTMENT-002,Finance,Senior,Former Employee,2024-10-01,Supports complete 24-month movement history without adding former staff to the active attrition population
HISTORICAL-EMPLOYEE-0048,Historical Sales Employee 0048,DEPARTMENT-003,Sales,Senior,Former Employee,2024-10-01,Supports complete 24-month movement history without adding former staff to the active attrition population
HISTORICAL-EMPLOYEE-0049,Historical Customer Employee 0049,DEPARTMENT-004,Customer Support,Junior,Historical Joiner,2024-10-01,Supports complete 24-month movement history without adding former staff to the active attrition population
HISTORICAL-EMPLOYEE-0050,Historical Customer Employee 0050,DEPARTMENT-004,Customer Support,Senior,Former Employee,2024-10-01,Supports complete 24-month movement history without adding former staff to the active attrition population
HISTORICAL-EMPLOYEE-0051,Historical Customer Employee 0051,DEPARTMENT-004,Customer Support,Mid,Former Employee,2024-10-01,Supports complete 24-month movement history without adding former staff to the active attrition population
HISTORICAL-EMPLOYEE-0052,Historical Customer Employee 0052,DEPARTMENT-004,Customer Support,Senior,Former Employee,2024-10-01,Supports complete 24-month movement history without adding former staff to the active attrition population
HISTORICAL-EMPLOYEE-0053,Historical Engineering Employee 0053,DEPARTMENT-005,Engineering,Mid,Former Employee,2024-10-01,Supports complete 24-month movement history without adding former staff to the active attrition population
HISTORICAL-EMPLOYEE-0054,Historical Engineering Employee 0054,DEPARTMENT-005,Engineering,Mid,Former Employee,2024-10-01,Supports complete 24-month movement history without adding former staff to the active attrition population
HISTORICAL-EMPLOYEE-0055,Historical Operations Employee 0055,DEPARTMENT-006,Operations,Junior,Historical Joiner,2024-10-01,Supports complete 24-month movement history without adding former staff to the active attrition population
HISTORICAL-EMPLOYEE-0056,Historical IT Employee 0056,DEPARTMENT-007,IT,Junior,Historical Joiner,2024-10-01,Supports complete 24-month movement history without adding former staff to the active attrition population
HISTORICAL-EMPLOYEE-0057,Historical Medical Employee 0057,DEPARTMENT-008,Medical Care,Junior,Historical Joiner,2024-10-01,Supports complete 24-month movement history without adding former staff to the active attrition population
HISTORICAL-EMPLOYEE-0058,Historical Medical Employee 0058,DEPARTMENT-008,Medical Care,Junior,Historical Joiner,2024-10-01,Supports complete 24-month movement history without adding former staff to the active attrition population
HISTORICAL-EMPLOYEE-0059,Historical Medical Employee 0059,DEPARTMENT-008,Medical Care,Junior,Historical Joiner,2024-10-01,Supports complete 24-month movement history without adding former staff to the active attrition population
HISTORICAL-EMPLOYEE-0060,Historical Medical Employee 0060,DEPARTMENT-008,Medical Care,Senior,Former Employee,2024-10-01,Supports complete 24-month movement history without adding former staff to the active attrition population
HISTORICAL-EMPLOYEE-0061,Historical Medical Employee 0061,DEPARTMENT-008,Medical Care,Junior,Former Employee,2024-10-01,Supports complete 24-month movement history without adding former staff to the active attrition population
HISTORICAL-EMPLOYEE-0062,Historical Training Employee 0062,DEPARTMENT-009,Training & Development,Junior,Historical Joiner,2024-10-01,Supports complete 24-month movement history without adding former staff to the active attrition population
HISTORICAL-EMPLOYEE-0063,Historical Training Employee 0063,DEPARTMENT-009,Training & Development,Mid,Former Employee,2024-10-01,Supports complete 24-month movement history without adding former staff to the active attrition population
HISTORICAL-EMPLOYEE-0064,Historical Training Employee 0064,DEPARTMENT-009,Training & Development,Senior,Former Employee,2024-10-01,Supports complete 24-month movement history without adding former staff to the active attrition population
HISTORICAL-EMPLOYEE-0065,Historical Training Employee 0065,DEPARTMENT-009,Training & Development,Senior,Former Employee,2024-10-01,Supports complete 24-month movement history without adding former staff to the active attrition population
HISTORICAL-EMPLOYEE-0066,Historical Administration Employee 0066,DEPARTMENT-010,Administration & Facilities,Mid,Former Employee,2024-10-01,Supports complete 24-month movement history without adding former staff to the active attrition population
HISTORICAL-EMPLOYEE-0067,Historical Legal Employee 0067,DEPARTMENT-011,Legal & Compliance,Junior,Historical Joiner,2024-10-01,Supports complete 24-month movement history without adding former staff to the active attrition population
HISTORICAL-EMPLOYEE-0068,Historical Legal Employee 0068,DEPARTMENT-011,Legal & Compliance,Junior,Historical Joiner,2024-10-01,Supports complete 24-month movement history without adding former staff to the active attrition population
HISTORICAL-EMPLOYEE-0069,Historical Legal Employee 0069,DEPARTMENT-011,Legal & Compliance,Mid,Former Employee,2024-10-01,Supports complete 24-month movement history without adding former staff to the active attrition population
HISTORICAL-EMPLOYEE-0070,Historical Legal Employee 0070,DEPARTMENT-011,Legal & Compliance,Mid,Former Employee,2024-10-01,Supports complete 24-month movement history without adding former staff to the active attrition population
HISTORICAL-EMPLOYEE-0071,Historical Procurement Employee 0071,DEPARTMENT-012,Procurement & Supply Chain,Junior,Historical Joiner,2024-10-01,Supports complete 24-month movement history without adding former staff to the active attrition population
HISTORICAL-EMPLOYEE-0072,Historical Procurement Employee 0072,DEPARTMENT-012,Procurement & Supply Chain,Junior,Historical Joiner,2024-10-01,Supports complete 24-month movement history without adding former staff to the active attrition population
HISTORICAL-EMPLOYEE-0073,Historical Procurement Employee 0073,DEPARTMENT-012,Procurement & Supply Chain,Mid,Former Employee,2024-10-01,Supports complete 24-month movement history without adding former staff to the active attrition population
HISTORICAL-EMPLOYEE-0074,Historical Procurement Employee 0074,DEPARTMENT-012,Procurement & Supply Chain,Junior,Former Employee,2024-10-01,Supports complete 24-month movement history without adding former staff to the active attrition population
HISTORICAL-EMPLOYEE-0075,Historical Procurement Employee 0075,DEPARTMENT-012,Procurement & Supply Chain,Senior,Former Employee,2024-10-01,Supports complete 24-month movement history without adding former staff to the active attrition population
HISTORICAL-EMPLOYEE-0076,Historical Logistics Employee 0076,DEPARTMENT-013,Logistics & Warehouse,Junior,Historical Joiner,2024-10-01,Supports complete 24-month movement history without adding former staff to the active attrition population
HISTORICAL-EMPLOYEE-0077,Historical Logistics Employee 0077,DEPARTMENT-013,Logistics & Warehouse,Mid,Former Employee,2024-10-01,Supports complete 24-month movement history without adding former staff to the active attrition population
HISTORICAL-EMPLOYEE-0078,Historical Logistics Employee 0078,DEPARTMENT-013,Logistics & Warehouse,Senior,Former Employee,2024-10-01,Supports complete 24-month movement history without adding former staff to the active attrition population
HISTORICAL-EMPLOYEE-0079,Historical Production Employee 0079,DEPARTMENT-014,Production & Manufacturing,Junior,Former Employee,2024-10-01,Supports complete 24-month movement history without adding former staff to the active attrition population
HISTORICAL-EMPLOYEE-0080,Historical Production Employee 0080,DEPARTMENT-014,Production & Manufacturing,Mid,Former Employee,2024-10-01,Supports complete 24-month movement history without adding former staff to the active attrition population
HISTORICAL-EMPLOYEE-0081,Historical Production Employee 0081,DEPARTMENT-014,Production & Manufacturing,Junior,Former Employee,2024-10-01,Supports complete 24-month movement history without adding former staff to the active attrition population
HISTORICAL-EMPLOYEE-0082,Historical Quality Employee 0082,DEPARTMENT-015,Quality Assurance,Junior,Historical Joiner,2024-10-01,Supports complete 24-month movement history without adding former staff to the active attrition population
HISTORICAL-EMPLOYEE-0083,Historical Research Employee 0083,DEPARTMENT-016,Research & Development,Junior,Historical Joiner,2024-10-01,Supports complete 24-month movement history without adding former staff to the active attrition population
HISTORICAL-EMPLOYEE-0084,Historical Research Employee 0084,DEPARTMENT-016,Research & Development,Junior,Historical Joiner,2024-10-01,Supports complete 24-month movement history without adding former staff to the active attrition population
HISTORICAL-EMPLOYEE-0085,Historical Research Employee 0085,DEPARTMENT-016,Research & Development,Junior,Historical Joiner,2024-10-01,Supports complete 24-month movement history without adding former staff to the active attrition population
HISTORICAL-EMPLOYEE-0086,Historical Research Employee 0086,DEPARTMENT-016,Research & Development,Junior,Former Employee,2024-10-01,Supports complete 24-month movement history without adding former staff to the active attrition population
HISTORICAL-EMPLOYEE-0087,Historical Research Employee 0087,DEPARTMENT-016,Research & Development,Junior,Former Employee,2024-10-01,Supports complete 24-month movement history without adding former staff to the active attrition population
HISTORICAL-EMPLOYEE-0088,Historical HR Employee 0088,DEPARTMENT-001,HR,Mid,Former Employee,2024-11-01,Supports complete 24-month movement history without adding former staff to the active attrition population
HISTORICAL-EMPLOYEE-0089,Historical HR Employee 0089,DEPARTMENT-001,HR,Senior,Former Employee,2024-11-01,Supports complete 24-month movement history without adding former staff to the active attrition population
HISTORICAL-EMPLOYEE-0090,Historical Finance Employee 0090,DEPARTMENT-002,Finance,Junior,Historical Joiner,2024-11-01,Supports complete 24-month movement history without adding former staff to the active attrition population
HISTORICAL-EMPLOYEE-0091,Historical Finance Employee 0091,DEPARTMENT-002,Finance,Junior,Historical Joiner,2024-11-01,Supports complete 24-month movement history without adding former staff to the active attrition population
HISTORICAL-EMPLOYEE-0092,Historical Finance Employee 0092,DEPARTMENT-002,Finance,Junior,Historical Joiner,2024-11-01,Supports complete 24-month movement history without adding former staff to the active attrition population
HISTORICAL-EMPLOYEE-0093,Historical Finance Employee 0093,DEPARTMENT-002,Finance,Junior,Historical Joiner,2024-11-01,Supports complete 24-month movement history without adding former staff to the active attrition population
HISTORICAL-EMPLOYEE-0094,Historical Finance Employee 0094,DEPARTMENT-002,Finance,Junior,Historical Joiner,2024-11-01,Supports complete 24-month movement history without adding former staff to the active attrition population
HISTORICAL-EMPLOYEE-0095,Historical Finance Employee 0095,DEPARTMENT-002,Finance,Senior,Former Employee,2024-11-01,Supports complete 24-month movement history without adding former staff to the active attrition population
HISTORICAL-EMPLOYEE-0096,Historical Finance Employee 0096,DEPARTMENT-002,Finance,Mid,Former Employee,2024-11-01,Supports complete 24-month movement history without adding former staff to the active attrition population
HISTORICAL-EMPLOYEE-0097,Historical Sales Employee 0097,DEPARTMENT-003,Sales,Junior,Historical Joiner,2024-11-01,Supports complete 24-month movement history without adding former staff to the active attrition population
HISTORICAL-EMPLOYEE-0098,Historical Sales Employee 0098,DEPARTMENT-003,Sales,Junior,Historical Joiner,2024-11-01,Supports complete 24-month movement history without adding former staff to the active attrition population
HISTORICAL-EMPLOYEE-0099,Historical Sales Employee 0099,DEPARTMENT-003,Sales,Junior,Historical Joiner,2024-11-01,Supports complete 24-month movement history without adding former staff to the active attrition population
HISTORICAL-EMPLOYEE-0100,Historical Customer Employee 0100,DEPARTMENT-004,Customer Support,Mid,Former Employee,2024-11-01,Supports complete 24-month movement history without adding former staff to the active attrition population
HISTORICAL-EMPLOYEE-0101,Historical Engineering Employee 0101,DEPARTMENT-005,Engineering,Junior,Historical Joiner,2024-11-01,Supports complete 24-month movement history without adding former staff to the active attrition population
HISTORICAL-EMPLOYEE-0102,Historical Engineering Employee 0102,DEPARTMENT-005,Engineering,Junior,Historical Joiner,2024-11-01,Supports complete 24-month movement history without adding former staff to the active attrition population
HISTORICAL-EMPLOYEE-0103,Historical Engineering Employee 0103,DEPARTMENT-005,Engineering,Junior,Historical Joiner,2024-11-01,Supports complete 24-month movement history without adding former staff to the active attrition population
HISTORICAL-EMPLOYEE-0104,Historical Engineering Employee 0104,DEPARTMENT-005,Engineering,Senior,Former Employee,2024-11-01,Supports complete 24-month movement history without adding former staff to the active attrition population
HISTORICAL-EMPLOYEE-0105,Historical Engineering Employee 0105,DEPARTMENT-005,Engineering,Junior,Former Employee,2024-11-01,Supports complete 24-month movement history without adding former staff to the active attrition population
HISTORICAL-EMPLOYEE-0106,Historical Operations Employee 0106,DEPARTMENT-006,Operations,Junior,Historical Joiner,2024-11-01,Supports complete 24-month movement history without adding former staff to the active attrition population
HISTORICAL-EMPLOYEE-0107,Historical Operations Employee 0107,DEPARTMENT-006,Operations,Junior,Historical Joiner,2024-11-01,Supports complete 24-month movement history without adding former staff to the active attrition population
HISTORICAL-EMPLOYEE-0108,Historical Operations Employee 0108,DEPARTMENT-006,Operations,Mid,Former Employee,2024-11-01,Supports complete 24-month movement history without adding former staff to the active attrition population
HISTORICAL-EMPLOYEE-0109,Historical IT Employee 0109,DEPARTMENT-007,IT,Senior,Former Employee,2024-11-01,Supports complete 24-month movement history without adding former staff to the active attrition population
HISTORICAL-EMPLOYEE-0110,Historical Medical Employee 0110,DEPARTMENT-008,Medical Care,Junior,Historical Joiner,2024-11-01,Supports complete 24-month movement history without adding former staff to the active attrition population
HISTORICAL-EMPLOYEE-0111,Historical Medical Employee 0111,DEPARTMENT-008,Medical Care,Junior,Historical Joiner,2024-11-01,Supports complete 24-month movement history without adding former staff to the active attrition population
HISTORICAL-EMPLOYEE-0112,Historical Medical Employee 0112,DEPARTMENT-008,Medical Care,Mid,Former Employee,2024-11-01,Supports complete 24-month movement history without adding former staff to the active attrition population
HISTORICAL-EMPLOYEE-0113,Historical Medical Employee 0113,DEPARTMENT-008,Medical Care,Senior,Former Employee,2024-11-01,Supports complete 24-month movement history without adding former staff to the active attrition population
HISTORICAL-EMPLOYEE-0114,Historical Medical Employee 0114,DEPARTMENT-008,Medical Care,Junior,Former Employee,2024-11-01,Supports complete 24-month movement history without adding former staff to the active attrition population
HISTORICAL-EMPLOYEE-0115,Historical Training Employee 0115,DEPARTMENT-009,Training & Development,Junior,Historical Joiner,2024-11-01,Supports complete 24-month movement history without adding former staff to the active attrition population
HISTORICAL-EMPLOYEE-0116,Historical Training Employee 0116,DEPARTMENT-009,Training & Development,Junior,Historical Joiner,2024-11-01,Supports complete 24-month movement history without adding former staff to the active attrition population
HISTORICAL-EMPLOYEE-0117,Historical Training Employee 0117,DEPARTMENT-009,Training & Development,Junior,Historical Joiner,2024-11-01,Supports complete 24-month movement history without adding former staff to the active attrition population
HISTORICAL-EMPLOYEE-0118,Historical Training Employee 0118,DEPARTMENT-009,Training & Development,Senior,Former Employee,2024-11-01,Supports complete 24-month movement history without adding former staff to the active attrition population
HISTORICAL-EMPLOYEE-0119,Historical Training Employee 0119,DEPARTMENT-009,Training & Development,Senior,Former Employee,2024-11-01,Supports complete 24-month movement history without adding former staff to the active attrition population
HISTORICAL-EMPLOYEE-0120,Historical Training Employee 0120,DEPARTMENT-009,Training & Development,Junior,Former Employee,2024-11-01,Supports complete 24-month movement history without adding former staff to the active attrition population
HISTORICAL-EMPLOYEE-0121,Historical Administration Employee 0121,DEPARTMENT-010,Administration & Facilities,Junior,Historical Joiner,2024-11-01,Supports complete 24-month movement history without adding former staff to the active attrition population
HISTORICAL-EMPLOYEE-0122,Historical Administration Employee 0122,DEPARTMENT-010,Administration & Facilities,Junior,Historical Joiner,2024-11-01,Supports complete 24-month movement history without adding former staff to the active attrition population
HISTORICAL-EMPLOYEE-0123,Historical Legal Employee 0123,DEPARTMENT-011,Legal & Compliance,Junior,Historical Joiner,2024-11-01,Supports complete 24-month movement history without adding former staff to the active attrition population
HISTORICAL-EMPLOYEE-0124,Historical Procurement Employee 0124,DEPARTMENT-012,Procurement & Supply Chain,Junior,Historical Joiner,2024-11-01,Supports complete 24-month movement history without adding former staff to the active attrition population
HISTORICAL-EMPLOYEE-0125,Historical Logistics Employee 0125,DEPARTMENT-013,Logistics & Warehouse,Junior,Historical Joiner,2024-11-01,Supports complete 24-month movement history without adding former staff to the active attrition population
HISTORICAL-EMPLOYEE-0126,Historical Logistics Employee 0126,DEPARTMENT-013,Logistics & Warehouse,Junior,Historical Joiner,2024-11-01,Supports complete 24-month movement history without adding former staff to the active attrition population
HISTORICAL-EMPLOYEE-0127,Historical Production Employee 0127,DEPARTMENT-014,Production & Manufacturing,Junior,Historical Joiner,2024-11-01,Supports complete 24-month movement history without adding former staff to the active attrition population
HISTORICAL-EMPLOYEE-0128,Historical Production Employee 0128,DEPARTMENT-014,Production & Manufacturing,Junior,Historical Joiner,2024-11-01,Supports complete 24-month movement history without adding former staff to the active attrition population
HISTORICAL-EMPLOYEE-0129,Historical Production Employee 0129,DEPARTMENT-014,Production & Manufacturing,Junior,Historical Joiner,2024-11-01,Supports complete 24-month movement history without adding former staff to the active attrition population
HISTORICAL-EMPLOYEE-0130,Historical Production Employee 0130,DEPARTMENT-014,Production & Manufacturing,Junior,Historical Joiner,2024-11-01,Supports complete 24-month movement history without adding former staff to the active attrition population
HISTORICAL-EMPLOYEE-0131,Historical Production Employee 0131,DEPARTMENT-014,Production & Manufacturing,Junior,Historical Joiner,2024-11-01,Supports complete 24-month movement history without adding former staff to the active attrition population
HISTORICAL-EMPLOYEE-0132,Historical Production Employee 0132,DEPARTMENT-014,Production & Manufacturing,Mid,Former Employee,2024-11-01,Supports complete 24-month movement history without adding former staff to the active attrition population
HISTORICAL-EMPLOYEE-0133,Historical Production Employee 0133,DEPARTMENT-014,Production & Manufacturing,Mid,Former Employee,2024-11-01,Supports complete 24-month movement history without adding former staff to the active attrition population
HISTORICAL-EMPLOYEE-0134,Historical Production Employee 0134,DEPARTMENT-014,Production & Manufacturing,Junior,Former Employee,2024-11-01,Supports complete 24-month movement history without adding former staff to the active attrition population
HISTORICAL-EMPLOYEE-0135,Historical Quality Employee 0135,DEPARTMENT-015,Quality Assurance,Junior,Historical Joiner,2024-11-01,Supports complete 24-month movement history without adding former staff to the active attrition population
HISTORICAL-EMPLOYEE-0136,Historical Quality Employee 0136,DEPARTMENT-015,Quality Assurance,Junior,Historical Joiner,2024-11-01,Supports complete 24-month movement history without adding former staff to the active attrition population
HISTORICAL-EMPLOYEE-0137,Historical Quality Employee 0137,DEPARTMENT-015,Quality Assurance,Junior,Historical Joiner,2024-11-01,Supports complete 24-month movement history without adding former staff to the active attrition population
HISTORICAL-EMPLOYEE-0138,Historical Quality Employee 0138,DEPARTMENT-015,Quality Assurance,Junior,Historical Joiner,2024-11-01,Supports complete 24-month movement history without adding former staff to the active attrition population
HISTORICAL-EMPLOYEE-0139,Historical Quality Employee 0139,DEPARTMENT-015,Quality Assurance,Mid,Former Employee,2024-11-01,Supports complete 24-month movement history without adding former staff to the active attrition population
HISTORICAL-EMPLOYEE-0140,Historical Quality Employee 0140,DEPARTMENT-015,Quality Assurance,Junior,Former Employee,2024-11-01,Supports complete 24-month movement history without adding former staff to the active attrition population
HISTORICAL-EMPLOYEE-0141,Historical Quality Employee 0141,DEPARTMENT-015,Quality Assurance,Mid,Former Employee,2024-11-01,Supports complete 24-month movement history without adding former staff to the active attrition population
HISTORICAL-EMPLOYEE-0142,Historical Research Employee 0142,DEPARTMENT-016,Research & Development,Junior,Historical Joiner,2024-11-01,Supports complete 24-month movement history without adding former staff to the active attrition population
HISTORICAL-EMPLOYEE-0143,Historical Research Employee 0143,DEPARTMENT-016,Research & Development,Junior,Historical Joiner,2024-11-01,Supports complete 24-month movement history without adding former staff to the active attrition population
HISTORICAL-EMPLOYEE-0144,Historical Research Employee 0144,DEPARTMENT-016,Research & Development,Junior,Historical Joiner,2024-11-01,Supports complete 24-month movement history without adding former staff to the active attrition population
HISTORICAL-EMPLOYEE-0145,Historical Research Employee 0145,DEPARTMENT-016,Research & Development,Junior,Historical Joiner,2024-11-01,Supports complete 24-month movement history without adding former staff to the active attrition population
HISTORICAL-EMPLOYEE-0146,Historical Research Employee 0146,DEPARTMENT-016,Research & Development,Junior,Former Employee,2024-11-01,Supports complete 24-month movement history without adding former staff to the active attrition population
HISTORICAL-EMPLOYEE-0147,Historical Research Employee 0147,DEPARTMENT-016,Research & Development,Mid,Former Employee,2024-11-01,Supports complete 24-month movement history without adding former staff to the active attrition population
HISTORICAL-EMPLOYEE-0148,Historical HR Employee 0148,DEPARTMENT-001,HR,Junior,Historical Joiner,2024-12-01,Supports complete 24-month movement history without adding former staff to the active attrition population
HISTORICAL-EMPLOYEE-0149,Historical HR Employee 0149,DEPARTMENT-001,HR,Junior,Historical Joiner,2024-12-01,Supports complete 24-month movement history without adding former staff to the active attrition population
HISTORICAL-EMPLOYEE-0150,Historical HR Employee 0150,DEPARTMENT-001,HR,Junior,Historical Joiner,2024-12-01,Supports complete 24-month movement history without adding former staff to the active attrition population
HISTORICAL-EMPLOYEE-0151,Historical HR Employee 0151,DEPARTMENT-001,HR,Mid,Former Employee,2024-12-01,Supports complete 24-month movement history without adding former staff to the active attrition population
HISTORICAL-EMPLOYEE-0152,Historical HR Employee 0152,DEPARTMENT-001,HR,Mid,Former Employee,2024-12-01,Supports complete 24-month movement history without adding former staff to the active attrition population
HISTORICAL-EMPLOYEE-0153,Historical Finance Employee 0153,DEPARTMENT-002,Finance,Junior,Historical Joiner,2024-12-01,Supports complete 24-month movement history without adding former staff to the active attrition population
HISTORICAL-EMPLOYEE-0154,Historical Finance Employee 0154,DEPARTMENT-002,Finance,Junior,Historical Joiner,2024-12-01,Supports complete 24-month movement history without adding former staff to the active attrition population
HISTORICAL-EMPLOYEE-0155,Historical Finance Employee 0155,DEPARTMENT-002,Finance,Junior,Historical Joiner,2024-12-01,Supports complete 24-month movement history without adding former staff to the active attrition population
HISTORICAL-EMPLOYEE-0156,Historical Finance Employee 0156,DEPARTMENT-002,Finance,Junior,Historical Joiner,2024-12-01,Supports complete 24-month movement history without adding former staff to the active attrition population
HISTORICAL-EMPLOYEE-0157,Historical Finance Employee 0157,DEPARTMENT-002,Finance,Senior,Former Employee,2024-12-01,Supports complete 24-month movement history without adding former staff to the active attrition population
HISTORICAL-EMPLOYEE-0158,Historical Finance Employee 0158,DEPARTMENT-002,Finance,Mid,Former Employee,2024-12-01,Supports complete 24-month movement history without adding former staff to the active attrition population
HISTORICAL-EMPLOYEE-0159,Historical Finance Employee 0159,DEPARTMENT-002,Finance,Mid,Former Employee,2024-12-01,Supports complete 24-month movement history without adding former staff to the active attrition population
HISTORICAL-EMPLOYEE-0160,Historical Sales Employee 0160,DEPARTMENT-003,Sales,Junior,Historical Joiner,2024-12-01,Supports complete 24-month movement history without adding former staff to the active attrition population
HISTORICAL-EMPLOYEE-0161,Historical Sales Employee 0161,DEPARTMENT-003,Sales,Junior,Historical Joiner,2024-12-01,Supports complete 24-month movement history without adding former staff to the active attrition population
HISTORICAL-EMPLOYEE-0162,Historical Customer Employee 0162,DEPARTMENT-004,Customer Support,Junior,Historical Joiner,2024-12-01,Supports complete 24-month movement history without adding former staff to the active attrition population
HISTORICAL-EMPLOYEE-0163,Historical Operations Employee 0163,DEPARTMENT-006,Operations,Junior,Historical Joiner,2024-12-01,Supports complete 24-month movement history without adding former staff to the active attrition population
HISTORICAL-EMPLOYEE-0164,Historical Operations Employee 0164,DEPARTMENT-006,Operations,Junior,Former Employee,2024-12-01,Supports complete 24-month movement history without adding former staff to the active attrition population
HISTORICAL-EMPLOYEE-0165,Historical IT Employee 0165,DEPARTMENT-007,IT,Junior,Historical Joiner,2024-12-01,Supports complete 24-month movement history without adding former staff to the active attrition population
HISTORICAL-EMPLOYEE-0166,Historical IT Employee 0166,DEPARTMENT-007,IT,Junior,Historical Joiner,2024-12-01,Supports complete 24-month movement history without adding former staff to the active attrition population
HISTORICAL-EMPLOYEE-0167,Historical IT Employee 0167,DEPARTMENT-007,IT,Mid,Former Employee,2024-12-01,Supports complete 24-month movement history without adding former staff to the active attrition population
HISTORICAL-EMPLOYEE-0168,Historical IT Employee 0168,DEPARTMENT-007,IT,Junior,Former Employee,2024-12-01,Supports complete 24-month movement history without adding former staff to the active attrition population
HISTORICAL-EMPLOYEE-0169,Historical Medical Employee 0169,DEPARTMENT-008,Medical Care,Junior,Historical Joiner,2024-12-01,Supports complete 24-month movement history without adding former staff to the active attrition population
HISTORICAL-EMPLOYEE-0170,Historical Medical Employee 0170,DEPARTMENT-008,Medical Care,Junior,Historical Joiner,2024-12-01,Supports complete 24-month movement history without adding former staff to the active attrition population
HISTORICAL-EMPLOYEE-0171,Historical Medical Employee 0171,DEPARTMENT-008,Medical Care,Junior,Historical Joiner,2024-12-01,Supports complete 24-month movement history without adding former staff to the active attrition population
HISTORICAL-EMPLOYEE-0172,Historical Medical Employee 0172,DEPARTMENT-008,Medical Care,Junior,Historical Joiner,2024-12-01,Supports complete 24-month movement history without adding former staff to the active attrition population
HISTORICAL-EMPLOYEE-0173,Historical Medical Employee 0173,DEPARTMENT-008,Medical Care,Junior,Historical Joiner,2024-12-01,Supports complete 24-month movement history without adding former staff to the active attrition population
HISTORICAL-EMPLOYEE-0174,Historical Medical Employee 0174,DEPARTMENT-008,Medical Care,Mid,Former Employee,2024-12-01,Supports complete 24-month movement history without adding former staff to the active attrition population
HISTORICAL-EMPLOYEE-0175,Historical Medical Employee 0175,DEPARTMENT-008,Medical Care,Mid,Former Employee,2024-12-01,Supports complete 24-month movement history without adding former staff to the active attrition population
HISTORICAL-EMPLOYEE-0176,Historical Medical Employee 0176,DEPARTMENT-008,Medical Care,Mid,Former Employee,2024-12-01,Supports complete 24-month movement history without adding former staff to the active attrition population
HISTORICAL-EMPLOYEE-0177,Historical Training Employee 0177,DEPARTMENT-009,Training & Development,Junior,Historical Joiner,2024-12-01,Supports complete 24-month movement history without adding former staff to the active attrition population
HISTORICAL-EMPLOYEE-0178,Historical Training Employee 0178,DEPARTMENT-009,Training & Development,Junior,Historical Joiner,2024-12-01,Supports complete 24-month movement history without adding former staff to the active attrition population
HISTORICAL-EMPLOYEE-0179,Historical Training Employee 0179,DEPARTMENT-009,Training & Development,Junior,Historical Joiner,2024-12-01,Supports complete 24-month movement history without adding former staff to the active attrition population
HISTORICAL-EMPLOYEE-0180,Historical Training Employee 0180,DEPARTMENT-009,Training & Development,Junior,Former Employee,2024-12-01,Supports complete 24-month movement history without adding former staff to the active attrition population
HISTORICAL-EMPLOYEE-0181,Historical Training Employee 0181,DEPARTMENT-009,Training & Development,Junior,Former Employee,2024-12-01,Supports complete 24-month movement history without adding former staff to the active attrition population
HISTORICAL-EMPLOYEE-0182,Historical Administration Employee 0182,DEPARTMENT-010,Administration & Facilities,Junior,Historical Joiner,2024-12-01,Supports complete 24-month movement history without adding former staff to the active attrition population
HISTORICAL-EMPLOYEE-0183,Historical Administration Employee 0183,DEPARTMENT-010,Administration & Facilities,Mid,Former Employee,2024-12-01,Supports complete 24-month movement history without adding former staff to the active attrition population
HISTORICAL-EMPLOYEE-0184,Historical Administration Employee 0184,DEPARTMENT-010,Administration & Facilities,Junior,Former Employee,2024-12-01,Supports complete 24-month movement history without adding former staff to the active attrition population
HISTORICAL-EMPLOYEE-0185,Historical Legal Employee 0185,DEPARTMENT-011,Legal & Compliance,Junior,Historical Joiner,2024-12-01,Supports complete 24-month movement history without adding former staff to the active attrition population
HISTORICAL-EMPLOYEE-0186,Historical Legal Employee 0186,DEPARTMENT-011,Legal & Compliance,Junior,Historical Joiner,2024-12-01,Supports complete 24-month movement history without adding former staff to the active attrition population
HISTORICAL-EMPLOYEE-0187,Historical Legal Employee 0187,DEPARTMENT-011,Legal & Compliance,Junior,Former Employee,2024-12-01,Supports complete 24-month movement history without adding former staff to the active attrition population
HISTORICAL-EMPLOYEE-0188,Historical Legal Employee 0188,DEPARTMENT-011,Legal & Compliance,Mid,Former Employee,2024-12-01,Supports complete 24-month movement history without adding former staff to the active attrition population
HISTORICAL-EMPLOYEE-0189,Historical Legal Employee 0189,DEPARTMENT-011,Legal & Compliance,Mid,Former Employee,2024-12-01,Supports complete 24-month movement history without adding former staff to the active attrition population
HISTORICAL-EMPLOYEE-0190,Historical Procurement Employee 0190,DEPARTMENT-012,Procurement & Supply Chain,Junior,Historical Joiner,2024-12-01,Supports complete 24-month movement history without adding former staff to the active attrition population
HISTORICAL-EMPLOYEE-0191,Historical Procurement Employee 0191,DEPARTMENT-012,Procurement & Supply Chain,Junior,Historical Joiner,2024-12-01,Supports complete 24-month movement history without adding former staff to the active attrition population
HISTORICAL-EMPLOYEE-0192,Historical Procurement Employee 0192,DEPARTMENT-012,Procurement & Supply Chain,Senior,Former Employee,2024-12-01,Supports complete 24-month movement history without adding former staff to the active attrition population
HISTORICAL-EMPLOYEE-0193,Historical Procurement Employee 0193,DEPARTMENT-012,Procurement & Supply Chain,Senior,Former Employee,2024-12-01,Supports complete 24-month movement history without adding former staff to the active attrition population
HISTORICAL-EMPLOYEE-0194,Historical Logistics Employee 0194,DEPARTMENT-013,Logistics & Warehouse,Junior,Historical Joiner,2024-12-01,Supports complete 24-month movement history without adding former staff to the active attrition population
HISTORICAL-EMPLOYEE-0195,Historical Logistics Employee 0195,DEPARTMENT-013,Logistics & Warehouse,Junior,Former Employee,2024-12-01,Supports complete 24-month movement history without adding former staff to the active attrition population
HISTORICAL-EMPLOYEE-0196,Historical Production Employee 0196,DEPARTMENT-014,Production & Manufacturing,Junior,Historical Joiner,2024-12-01,Supports complete 24-month movement history without adding former staff to the active attrition population
HISTORICAL-EMPLOYEE-0197,Historical Quality Employee 0197,DEPARTMENT-015,Quality Assurance,Junior,Historical Joiner,2024-12-01,Supports complete 24-month movement history without adding former staff to the active attrition population
HISTORICAL-EMPLOYEE-0198,Historical Quality Employee 0198,DEPARTMENT-015,Quality Assurance,Junior,Historical Joiner,2024-12-01,Supports complete 24-month movement history without adding former staff to the active attrition population
HISTORICAL-EMPLOYEE-0199,Historical Quality Employee 0199,DEPARTMENT-015,Quality Assurance,Junior,Historical Joiner,2024-12-01,Supports complete 24-month movement history without adding former staff to the active attrition population
HISTORICAL-EMPLOYEE-0200,Historical Quality Employee 0200,DEPARTMENT-015,Quality Assurance,Junior,Historical Joiner,2024-12-01,Supports complete 24-month movement history without adding former staff to the active attrition population
HISTORICAL-EMPLOYEE-0201,Historical Quality Employee 0201,DEPARTMENT-015,Quality Assurance,Mid,Former Employee,2024-12-01,Supports complete 24-month movement history without adding former staff to the active attrition population
HISTORICAL-EMPLOYEE-0202,Historical Research Employee 0202,DEPARTMENT-016,Research & Development,Junior,Historical Joiner,2024-12-01,Supports complete 24-month movement history without adding former staff to the active attrition population
HISTORICAL-EMPLOYEE-0203,Historical Research Employee 0203,DEPARTMENT-016,Research & Development,Senior,Former Employee,2024-12-01,Supports complete 24-month movement history without adding former staff to the active attrition population
HISTORICAL-EMPLOYEE-0204,Historical Research Employee 0204,DEPARTMENT-016,Research & Development,Mid,Former Employee,2024-12-01,Supports complete 24-month movement history without adding former staff to the active attrition population
HISTORICAL-EMPLOYEE-0205,Historical HR Employee 0205,DEPARTMENT-001,HR,Junior,Former Employee,2025-01-01,Supports complete 24-month movement history without adding former staff to the active attrition population
HISTORICAL-EMPLOYEE-0206,Historical Finance Employee 0206,DEPARTMENT-002,Finance,Junior,Historical Joiner,2025-01-01,Supports complete 24-month movement history without adding former staff to the active attrition population
HISTORICAL-EMPLOYEE-0207,Historical Finance Employee 0207,DEPARTMENT-002,Finance,Junior,Historical Joiner,2025-01-01,Supports complete 24-month movement history without adding former staff to the active attrition population
HISTORICAL-EMPLOYEE-0208,Historical Finance Employee 0208,DEPARTMENT-002,Finance,Junior,Historical Joiner,2025-01-01,Supports complete 24-month movement history without adding former staff to the active attrition population
HISTORICAL-EMPLOYEE-0209,Historical Finance Employee 0209,DEPARTMENT-002,Finance,Junior,Historical Joiner,2025-01-01,Supports complete 24-month movement history without adding former staff to the active attrition population
HISTORICAL-EMPLOYEE-0210,Historical Finance Employee 0210,DEPARTMENT-002,Finance,Junior,Former Employee,2025-01-01,Supports complete 24-month movement history without adding former staff to the active attrition population
HISTORICAL-EMPLOYEE-0211,Historical Finance Employee 0211,DEPARTMENT-002,Finance,Senior,Former Employee,2025-01-01,Supports complete 24-month movement history without adding former staff to the active attrition population
HISTORICAL-EMPLOYEE-0212,Historical Sales Employee 0212,DEPARTMENT-003,Sales,Senior,Former Employee,2025-01-01,Supports complete 24-month movement history without adding former staff to the active attrition population
HISTORICAL-EMPLOYEE-0213,Historical Sales Employee 0213,DEPARTMENT-003,Sales,Senior,Former Employee,2025-01-01,Supports complete 24-month movement history without adding former staff to the active attrition population
HISTORICAL-EMPLOYEE-0214,Historical Sales Employee 0214,DEPARTMENT-003,Sales,Mid,Former Employee,2025-01-01,Supports complete 24-month movement history without adding former staff to the active attrition population
HISTORICAL-EMPLOYEE-0215,Historical Sales Employee 0215,DEPARTMENT-003,Sales,Junior,Former Employee,2025-01-01,Supports complete 24-month movement history without adding former staff to the active attrition population
HISTORICAL-EMPLOYEE-0216,Historical Sales Employee 0216,DEPARTMENT-003,Sales,Mid,Former Employee,2025-01-01,Supports complete 24-month movement history without adding former staff to the active attrition population
HISTORICAL-EMPLOYEE-0217,Historical Customer Employee 0217,DEPARTMENT-004,Customer Support,Mid,Former Employee,2025-01-01,Supports complete 24-month movement history without adding former staff to the active attrition population
HISTORICAL-EMPLOYEE-0218,Historical Customer Employee 0218,DEPARTMENT-004,Customer Support,Senior,Former Employee,2025-01-01,Supports complete 24-month movement history without adding former staff to the active attrition population
HISTORICAL-EMPLOYEE-0219,Historical Engineering Employee 0219,DEPARTMENT-005,Engineering,Senior,Former Employee,2025-01-01,Supports complete 24-month movement history without adding former staff to the active attrition population
HISTORICAL-EMPLOYEE-0220,Historical Operations Employee 0220,DEPARTMENT-006,Operations,Junior,Historical Joiner,2025-01-01,Supports complete 24-month movement history without adding former staff to the active attrition population
HISTORICAL-EMPLOYEE-0221,Historical Operations Employee 0221,DEPARTMENT-006,Operations,Junior,Historical Joiner,2025-01-01,Supports complete 24-month movement history without adding former staff to the active attrition population
HISTORICAL-EMPLOYEE-0222,Historical Operations Employee 0222,DEPARTMENT-006,Operations,Junior,Historical Joiner,2025-01-01,Supports complete 24-month movement history without adding former staff to the active attrition population
HISTORICAL-EMPLOYEE-0223,Historical Operations Employee 0223,DEPARTMENT-006,Operations,Senior,Former Employee,2025-01-01,Supports complete 24-month movement history without adding former staff to the active attrition population
HISTORICAL-EMPLOYEE-0224,Historical Operations Employee 0224,DEPARTMENT-006,Operations,Junior,Former Employee,2025-01-01,Supports complete 24-month movement history without adding former staff to the active attrition population
HISTORICAL-EMPLOYEE-0225,Historical IT Employee 0225,DEPARTMENT-007,IT,Junior,Historical Joiner,2025-01-01,Supports complete 24-month movement history without adding former staff to the active attrition population
HISTORICAL-EMPLOYEE-0226,Historical IT Employee 0226,DEPARTMENT-007,IT,Junior,Historical Joiner,2025-01-01,Supports complete 24-month movement history without adding former staff to the active attrition population
HISTORICAL-EMPLOYEE-0227,Historical IT Employee 0227,DEPARTMENT-007,IT,Senior,Former Employee,2025-01-01,Supports complete 24-month movement history without adding former staff to the active attrition population
HISTORICAL-EMPLOYEE-0228,Historical IT Employee 0228,DEPARTMENT-007,IT,Senior,Former Employee,2025-01-01,Supports complete 24-month movement history without adding former staff to the active attrition population
HISTORICAL-EMPLOYEE-0229,Historical Medical Employee 0229,DEPARTMENT-008,Medical Care,Junior,Historical Joiner,2025-01-01,Supports complete 24-month movement history without adding former staff to the active attrition population
HISTORICAL-EMPLOYEE-0230,Historical Medical Employee 0230,DEPARTMENT-008,Medical Care,Junior,Historical Joiner,2025-01-01,Supports complete 24-month movement history without adding former staff to the active attrition population
HISTORICAL-EMPLOYEE-0231,Historical Medical Employee 0231,DEPARTMENT-008,Medical Care,Junior,Historical Joiner,2025-01-01,Supports complete 24-month movement history without adding former staff to the active attrition population
HISTORICAL-EMPLOYEE-0232,Historical Medical Employee 0232,DEPARTMENT-008,Medical Care,Junior,Former Employee,2025-01-01,Supports complete 24-month movement history without adding former staff to the active attrition population
HISTORICAL-EMPLOYEE-0233,Historical Training Employee 0233,DEPARTMENT-009,Training & Development,Junior,Historical Joiner,2025-01-01,Supports complete 24-month movement history without adding former staff to the active attrition population
HISTORICAL-EMPLOYEE-0234,Historical Training Employee 0234,DEPARTMENT-009,Training & Development,Junior,Historical Joiner,2025-01-01,Supports complete 24-month movement history without adding former staff to the active attrition population
HISTORICAL-EMPLOYEE-0235,Historical Training Employee 0235,DEPARTMENT-009,Training & Development,Junior,Historical Joiner,2025-01-01,Supports complete 24-month movement history without adding former staff to the active attrition population
HISTORICAL-EMPLOYEE-0236,Historical Training Employee 0236,DEPARTMENT-009,Training & Development,Senior,Former Employee,2025-01-01,Supports complete 24-month movement history without adding former staff to the active attrition population
HISTORICAL-EMPLOYEE-0237,Historical Legal Employee 0237,DEPARTMENT-011,Legal & Compliance,Mid,Former Employee,2025-01-01,Supports complete 24-month movement history without adding former staff to the active attrition population
HISTORICAL-EMPLOYEE-0238,Historical Legal Employee 0238,DEPARTMENT-011,Legal & Compliance,Mid,Former Employee,2025-01-01,Supports complete 24-month movement history without adding former staff to the active attrition population
HISTORICAL-EMPLOYEE-0239,Historical Procurement Employee 0239,DEPARTMENT-012,Procurement & Supply Chain,Junior,Historical Joiner,2025-01-01,Supports complete 24-month movement history without adding former staff to the active attrition population
HISTORICAL-EMPLOYEE-0240,Historical Logistics Employee 0240,DEPARTMENT-013,Logistics & Warehouse,Mid,Former Employee,2025-01-01,Supports complete 24-month movement history without adding former staff to the active attrition population
HISTORICAL-EMPLOYEE-0241,Historical Logistics Employee 0241,DEPARTMENT-013,Logistics & Warehouse,Mid,Former Employee,2025-01-01,Supports complete 24-month movement history without adding former staff to the active attrition population
HISTORICAL-EMPLOYEE-0242,Historical Logistics Employee 0242,DEPARTMENT-013,Logistics & Warehouse,Junior,Former Employee,2025-01-01,Supports complete 24-month movement history without adding former staff to the active attrition population
HISTORICAL-EMPLOYEE-0243,Historical Production Employee 0243,DEPARTMENT-014,Production & Manufacturing,Mid,Former Employee,2025-01-01,Supports complete 24-month movement history without adding former staff to the active attrition population
HISTORICAL-EMPLOYEE-0244,Historical Quality Employee 0244,DEPARTMENT-015,Quality Assurance,Junior,Former Employee,2025-01-01,Supports complete 24-month movement history without adding former staff to the active attrition population
HISTORICAL-EMPLOYEE-0245,Historical Quality Employee 0245,DEPARTMENT-015,Quality Assurance,Senior,Former Employee,2025-01-01,Supports complete 24-month movement history without adding former staff to the active attrition population
HISTORICAL-EMPLOYEE-0246,Historical Quality Employee 0246,DEPARTMENT-015,Quality Assurance,Mid,Former Employee,2025-01-01,Supports complete 24-month movement history without adding former staff to the active attrition population
HISTORICAL-EMPLOYEE-0247,Historical Research Employee 0247,DEPARTMENT-016,Research & Development,Mid,Former Employee,2025-01-01,Supports complete 24-month movement history without adding former staff to the active attrition population
HISTORICAL-EMPLOYEE-0248,Historical Finance Employee 0248,DEPARTMENT-002,Finance,Junior,Historical Joiner,2025-02-01,Supports complete 24-month movement history without adding former staff to the active attrition population
HISTORICAL-EMPLOYEE-0249,Historical Finance Employee 0249,DEPARTMENT-002,Finance,Junior,Historical Joiner,2025-02-01,Supports complete 24-month movement history without adding former staff to the active attrition population
HISTORICAL-EMPLOYEE-0250,Historical Finance Employee 0250,DEPARTMENT-002,Finance,Senior,Former Employee,2025-02-01,Supports complete 24-month movement history without adding former staff to the active attrition population
HISTORICAL-EMPLOYEE-0251,Historical Finance Employee 0251,DEPARTMENT-002,Finance,Mid,Former Employee,2025-02-01,Supports complete 24-month movement history without adding former staff to the active attrition population
HISTORICAL-EMPLOYEE-0252,Historical Sales Employee 0252,DEPARTMENT-003,Sales,Junior,Historical Joiner,2025-02-01,Supports complete 24-month movement history without adding former staff to the active attrition population
HISTORICAL-EMPLOYEE-0253,Historical Sales Employee 0253,DEPARTMENT-003,Sales,Senior,Former Employee,2025-02-01,Supports complete 24-month movement history without adding former staff to the active attrition population
HISTORICAL-EMPLOYEE-0254,Historical Sales Employee 0254,DEPARTMENT-003,Sales,Mid,Former Employee,2025-02-01,Supports complete 24-month movement history without adding former staff to the active attrition population
HISTORICAL-EMPLOYEE-0255,Historical Customer Employee 0255,DEPARTMENT-004,Customer Support,Junior,Historical Joiner,2025-02-01,Supports complete 24-month movement history without adding former staff to the active attrition population
HISTORICAL-EMPLOYEE-0256,Historical Customer Employee 0256,DEPARTMENT-004,Customer Support,Senior,Former Employee,2025-02-01,Supports complete 24-month movement history without adding former staff to the active attrition population
HISTORICAL-EMPLOYEE-0257,Historical Engineering Employee 0257,DEPARTMENT-005,Engineering,Junior,Historical Joiner,2025-02-01,Supports complete 24-month movement history without adding former staff to the active attrition population
HISTORICAL-EMPLOYEE-0258,Historical Engineering Employee 0258,DEPARTMENT-005,Engineering,Junior,Former Employee,2025-02-01,Supports complete 24-month movement history without adding former staff to the active attrition population
HISTORICAL-EMPLOYEE-0259,Historical IT Employee 0259,DEPARTMENT-007,IT,Junior,Historical Joiner,2025-02-01,Supports complete 24-month movement history without adding former staff to the active attrition population
HISTORICAL-EMPLOYEE-0260,Historical IT Employee 0260,DEPARTMENT-007,IT,Junior,Historical Joiner,2025-02-01,Supports complete 24-month movement history without adding former staff to the active attrition population
HISTORICAL-EMPLOYEE-0261,Historical IT Employee 0261,DEPARTMENT-007,IT,Mid,Former Employee,2025-02-01,Supports complete 24-month movement history without adding former staff to the active attrition population
HISTORICAL-EMPLOYEE-0262,Historical IT Employee 0262,DEPARTMENT-007,IT,Junior,Former Employee,2025-02-01,Supports complete 24-month movement history without adding former staff to the active attrition population
HISTORICAL-EMPLOYEE-0263,Historical Medical Employee 0263,DEPARTMENT-008,Medical Care,Junior,Historical Joiner,2025-02-01,Supports complete 24-month movement history without adding former staff to the active attrition population
HISTORICAL-EMPLOYEE-0264,Historical Medical Employee 0264,DEPARTMENT-008,Medical Care,Junior,Historical Joiner,2025-02-01,Supports complete 24-month movement history without adding former staff to the active attrition population
HISTORICAL-EMPLOYEE-0265,Historical Medical Employee 0265,DEPARTMENT-008,Medical Care,Senior,Former Employee,2025-02-01,Supports complete 24-month movement history without adding former staff to the active attrition population
HISTORICAL-EMPLOYEE-0266,Historical Medical Employee 0266,DEPARTMENT-008,Medical Care,Senior,Former Employee,2025-02-01,Supports complete 24-month movement history without adding former staff to the active attrition population
HISTORICAL-EMPLOYEE-0267,Historical Medical Employee 0267,DEPARTMENT-008,Medical Care,Mid,Former Employee,2025-02-01,Supports complete 24-month movement history without adding former staff to the active attrition population
HISTORICAL-EMPLOYEE-0268,Historical Training Employee 0268,DEPARTMENT-009,Training & Development,Junior,Historical Joiner,2025-02-01,Supports complete 24-month movement history without adding former staff to the active attrition population
HISTORICAL-EMPLOYEE-0269,Historical Training Employee 0269,DEPARTMENT-009,Training & Development,Junior,Historical Joiner,2025-02-01,Supports complete 24-month movement history without adding former staff to the active attrition population
HISTORICAL-EMPLOYEE-0270,Historical Training Employee 0270,DEPARTMENT-009,Training & Development,Junior,Former Employee,2025-02-01,Supports complete 24-month movement history without adding former staff to the active attrition population
HISTORICAL-EMPLOYEE-0271,Historical Training Employee 0271,DEPARTMENT-009,Training & Development,Junior,Former Employee,2025-02-01,Supports complete 24-month movement history without adding former staff to the active attrition population
HISTORICAL-EMPLOYEE-0272,Historical Administration Employee 0272,DEPARTMENT-010,Administration & Facilities,Mid,Former Employee,2025-02-01,Supports complete 24-month movement history without adding former staff to the active attrition population
HISTORICAL-EMPLOYEE-0273,Historical Administration Employee 0273,DEPARTMENT-010,Administration & Facilities,Junior,Former Employee,2025-02-01,Supports complete 24-month movement history without adding former staff to the active attrition population
HISTORICAL-EMPLOYEE-0274,Historical Legal Employee 0274,DEPARTMENT-011,Legal & Compliance,Junior,Historical Joiner,2025-02-01,Supports complete 24-month movement history without adding former staff to the active attrition population
HISTORICAL-EMPLOYEE-0275,Historical Legal Employee 0275,DEPARTMENT-011,Legal & Compliance,Junior,Historical Joiner,2025-02-01,Supports complete 24-month movement history without adding former staff to the active attrition population
HISTORICAL-EMPLOYEE-0276,Historical Legal Employee 0276,DEPARTMENT-011,Legal & Compliance,Mid,Former Employee,2025-02-01,Supports complete 24-month movement history without adding former staff to the active attrition population
HISTORICAL-EMPLOYEE-0277,Historical Legal Employee 0277,DEPARTMENT-011,Legal & Compliance,Mid,Former Employee,2025-02-01,Supports complete 24-month movement history without adding former staff to the active attrition population
HISTORICAL-EMPLOYEE-0278,Historical Legal Employee 0278,DEPARTMENT-011,Legal & Compliance,Junior,Former Employee,2025-02-01,Supports complete 24-month movement history without adding former staff to the active attrition population
HISTORICAL-EMPLOYEE-0279,Historical Procurement Employee 0279,DEPARTMENT-012,Procurement & Supply Chain,Junior,Historical Joiner,2025-02-01,Supports complete 24-month movement history without adding former staff to the active attrition population
HISTORICAL-EMPLOYEE-0280,Historical Procurement Employee 0280,DEPARTMENT-012,Procurement & Supply Chain,Mid,Former Employee,2025-02-01,Supports complete 24-month movement history without adding former staff to the active attrition population
HISTORICAL-EMPLOYEE-0281,Historical Logistics Employee 0281,DEPARTMENT-013,Logistics & Warehouse,Junior,Former Employee,2025-02-01,Supports complete 24-month movement history without adding former staff to the active attrition population
HISTORICAL-EMPLOYEE-0282,Historical Logistics Employee 0282,DEPARTMENT-013,Logistics & Warehouse,Junior,Former Employee,2025-02-01,Supports complete 24-month movement history without adding former staff to the active attrition population
HISTORICAL-EMPLOYEE-0283,Historical Production Employee 0283,DEPARTMENT-014,Production & Manufacturing,Mid,Former Employee,2025-02-01,Supports complete 24-month movement history without adding former staff to the active attrition population
HISTORICAL-EMPLOYEE-0284,Historical Production Employee 0284,DEPARTMENT-014,Production & Manufacturing,Senior,Former Employee,2025-02-01,Supports complete 24-month movement history without adding former staff to the active attrition population
HISTORICAL-EMPLOYEE-0285,Historical Production Employee 0285,DEPARTMENT-014,Production & Manufacturing,Mid,Former Employee,2025-02-01,Supports complete 24-month movement history without adding former staff to the active attrition population
HISTORICAL-EMPLOYEE-0286,Historical Quality Employee 0286,DEPARTMENT-015,Quality Assurance,Junior,Historical Joiner,2025-02-01,Supports complete 24-month movement history without adding former staff to the active attrition population
HISTORICAL-EMPLOYEE-0287,Historical Quality Employee 0287,DEPARTMENT-015,Quality Assurance,Senior,Former Employee,2025-02-01,Supports complete 24-month movement history without adding former staff to the active attrition population
HISTORICAL-EMPLOYEE-0288,Historical Quality Employee 0288,DEPARTMENT-015,Quality Assurance,Senior,Former Employee,2025-02-01,Supports complete 24-month movement history without adding former staff to the active attrition population
HISTORICAL-EMPLOYEE-0289,Historical Quality Employee 0289,DEPARTMENT-015,Quality Assurance,Senior,Former Employee,2025-02-01,Supports complete 24-month movement history without adding former staff to the active attrition population
HISTORICAL-EMPLOYEE-0290,Historical Research Employee 0290,DEPARTMENT-016,Research & Development,Senior,Former Employee,2025-02-01,Supports complete 24-month movement history without adding former staff to the active attrition population
HISTORICAL-EMPLOYEE-0291,Historical HR Employee 0291,DEPARTMENT-001,HR,Junior,Historical Joiner,2025-03-01,Supports complete 24-month movement history without adding former staff to the active attrition population
HISTORICAL-EMPLOYEE-0292,Historical HR Employee 0292,DEPARTMENT-001,HR,Senior,Former Employee,2025-03-01,Supports complete 24-month movement history without adding former staff to the active attrition population
HISTORICAL-EMPLOYEE-0293,Historical HR Employee 0293,DEPARTMENT-001,HR,Junior,Former Employee,2025-03-01,Supports complete 24-month movement history without adding former staff to the active attrition population
HISTORICAL-EMPLOYEE-0294,Historical Finance Employee 0294,DEPARTMENT-002,Finance,Junior,Historical Joiner,2025-03-01,Supports complete 24-month movement history without adding former staff to the active attrition population
HISTORICAL-EMPLOYEE-0295,Historical Finance Employee 0295,DEPARTMENT-002,Finance,Junior,Historical Joiner,2025-03-01,Supports complete 24-month movement history without adding former staff to the active attrition population
HISTORICAL-EMPLOYEE-0296,Historical Finance Employee 0296,DEPARTMENT-002,Finance,Mid,Former Employee,2025-03-01,Supports complete 24-month movement history without adding former staff to the active attrition population
HISTORICAL-EMPLOYEE-0297,Historical Finance Employee 0297,DEPARTMENT-002,Finance,Mid,Former Employee,2025-03-01,Supports complete 24-month movement history without adding former staff to the active attrition population
HISTORICAL-EMPLOYEE-0298,Historical Finance Employee 0298,DEPARTMENT-002,Finance,Mid,Former Employee,2025-03-01,Supports complete 24-month movement history without adding former staff to the active attrition population
HISTORICAL-EMPLOYEE-0299,Historical Sales Employee 0299,DEPARTMENT-003,Sales,Mid,Former Employee,2025-03-01,Supports complete 24-month movement history without adding former staff to the active attrition population
HISTORICAL-EMPLOYEE-0300,Historical Customer Employee 0300,DEPARTMENT-004,Customer Support,Senior,Former Employee,2025-03-01,Supports complete 24-month movement history without adding former staff to the active attrition population
HISTORICAL-EMPLOYEE-0301,Historical Customer Employee 0301,DEPARTMENT-004,Customer Support,Junior,Former Employee,2025-03-01,Supports complete 24-month movement history without adding former staff to the active attrition population
HISTORICAL-EMPLOYEE-0302,Historical Engineering Employee 0302,DEPARTMENT-005,Engineering,Junior,Historical Joiner,2025-03-01,Supports complete 24-month movement history without adding former staff to the active attrition population
HISTORICAL-EMPLOYEE-0303,Historical IT Employee 0303,DEPARTMENT-007,IT,Junior,Historical Joiner,2025-03-01,Supports complete 24-month movement history without adding former staff to the active attrition population
HISTORICAL-EMPLOYEE-0304,Historical IT Employee 0304,DEPARTMENT-007,IT,Junior,Former Employee,2025-03-01,Supports complete 24-month movement history without adding former staff to the active attrition population
HISTORICAL-EMPLOYEE-0305,Historical IT Employee 0305,DEPARTMENT-007,IT,Senior,Former Employee,2025-03-01,Supports complete 24-month movement history without adding former staff to the active attrition population
HISTORICAL-EMPLOYEE-0306,Historical IT Employee 0306,DEPARTMENT-007,IT,Mid,Former Employee,2025-03-01,Supports complete 24-month movement history without adding former staff to the active attrition population
HISTORICAL-EMPLOYEE-0307,Historical Medical Employee 0307,DEPARTMENT-008,Medical Care,Junior,Historical Joiner,2025-03-01,Supports complete 24-month movement history without adding former staff to the active attrition population
HISTORICAL-EMPLOYEE-0308,Historical Medical Employee 0308,DEPARTMENT-008,Medical Care,Junior,Historical Joiner,2025-03-01,Supports complete 24-month movement history without adding former staff to the active attrition population
HISTORICAL-EMPLOYEE-0309,Historical Medical Employee 0309,DEPARTMENT-008,Medical Care,Senior,Former Employee,2025-03-01,Supports complete 24-month movement history without adding former staff to the active attrition population
HISTORICAL-EMPLOYEE-0310,Historical Medical Employee 0310,DEPARTMENT-008,Medical Care,Senior,Former Employee,2025-03-01,Supports complete 24-month movement history without adding former staff to the active attrition population
HISTORICAL-EMPLOYEE-0311,Historical Training Employee 0311,DEPARTMENT-009,Training & Development,Junior,Historical Joiner,2025-03-01,Supports complete 24-month movement history without adding former staff to the active attrition population
HISTORICAL-EMPLOYEE-0312,Historical Training Employee 0312,DEPARTMENT-009,Training & Development,Junior,Historical Joiner,2025-03-01,Supports complete 24-month movement history without adding former staff to the active attrition population
HISTORICAL-EMPLOYEE-0313,Historical Training Employee 0313,DEPARTMENT-009,Training & Development,Junior,Historical Joiner,2025-03-01,Supports complete 24-month movement history without adding former staff to the active attrition population
HISTORICAL-EMPLOYEE-0314,Historical Training Employee 0314,DEPARTMENT-009,Training & Development,Junior,Historical Joiner,2025-03-01,Supports complete 24-month movement history without adding former staff to the active attrition population
HISTORICAL-EMPLOYEE-0315,Historical Training Employee 0315,DEPARTMENT-009,Training & Development,Junior,Former Employee,2025-03-01,Supports complete 24-month movement history without adding former staff to the active attrition population
HISTORICAL-EMPLOYEE-0316,Historical Training Employee 0316,DEPARTMENT-009,Training & Development,Junior,Former Employee,2025-03-01,Supports complete 24-month movement history without adding former staff to the active attrition population
HISTORICAL-EMPLOYEE-0317,Historical Training Employee 0317,DEPARTMENT-009,Training & Development,Junior,Former Employee,2025-03-01,Supports complete 24-month movement history without adding former staff to the active attrition population
HISTORICAL-EMPLOYEE-0318,Historical Administration Employee 0318,DEPARTMENT-010,Administration & Facilities,Mid,Former Employee,2025-03-01,Supports complete 24-month movement history without adding former staff to the active attrition population
HISTORICAL-EMPLOYEE-0319,Historical Legal Employee 0319,DEPARTMENT-011,Legal & Compliance,Junior,Historical Joiner,2025-03-01,Supports complete 24-month movement history without adding former staff to the active attrition population
HISTORICAL-EMPLOYEE-0320,Historical Legal Employee 0320,DEPARTMENT-011,Legal & Compliance,Junior,Historical Joiner,2025-03-01,Supports complete 24-month movement history without adding former staff to the active attrition population
HISTORICAL-EMPLOYEE-0321,Historical Legal Employee 0321,DEPARTMENT-011,Legal & Compliance,Junior,Historical Joiner,2025-03-01,Supports complete 24-month movement history without adding former staff to the active attrition population
HISTORICAL-EMPLOYEE-0322,Historical Legal Employee 0322,DEPARTMENT-011,Legal & Compliance,Junior,Historical Joiner,2025-03-01,Supports complete 24-month movement history without adding former staff to the active attrition population
HISTORICAL-EMPLOYEE-0323,Historical Legal Employee 0323,DEPARTMENT-011,Legal & Compliance,Junior,Historical Joiner,2025-03-01,Supports complete 24-month movement history without adding former staff to the active attrition population
HISTORICAL-EMPLOYEE-0324,Historical Legal Employee 0324,DEPARTMENT-011,Legal & Compliance,Senior,Former Employee,2025-03-01,Supports complete 24-month movement history without adding former staff to the active attrition population
HISTORICAL-EMPLOYEE-0325,Historical Legal Employee 0325,DEPARTMENT-011,Legal & Compliance,Junior,Former Employee,2025-03-01,Supports complete 24-month movement history without adding former staff to the active attrition population
HISTORICAL-EMPLOYEE-0326,Historical Legal Employee 0326,DEPARTMENT-011,Legal & Compliance,Junior,Former Employee,2025-03-01,Supports complete 24-month movement history without adding former staff to the active attrition population
HISTORICAL-EMPLOYEE-0327,Historical Procurement Employee 0327,DEPARTMENT-012,Procurement & Supply Chain,Junior,Historical Joiner,2025-03-01,Supports complete 24-month movement history without adding former staff to the active attrition population
HISTORICAL-EMPLOYEE-0328,Historical Procurement Employee 0328,DEPARTMENT-012,Procurement & Supply Chain,Mid,Former Employee,2025-03-01,Supports complete 24-month movement history without adding former staff to the active attrition population
HISTORICAL-EMPLOYEE-0329,Historical Procurement Employee 0329,DEPARTMENT-012,Procurement & Supply Chain,Mid,Former Employee,2025-03-01,Supports complete 24-month movement history without adding former staff to the active attrition population
HISTORICAL-EMPLOYEE-0330,Historical Logistics Employee 0330,DEPARTMENT-013,Logistics & Warehouse,Junior,Former Employee,2025-03-01,Supports complete 24-month movement history without adding former staff to the active attrition population
HISTORICAL-EMPLOYEE-0331,Historical Production Employee 0331,DEPARTMENT-014,Production & Manufacturing,Junior,Historical Joiner,2025-03-01,Supports complete 24-month movement history without adding former staff to the active attrition population
HISTORICAL-EMPLOYEE-0332,Historical Production Employee 0332,DEPARTMENT-014,Production & Manufacturing,Junior,Historical Joiner,2025-03-01,Supports complete 24-month movement history without adding former staff to the active attrition population
HISTORICAL-EMPLOYEE-0333,Historical Production Employee 0333,DEPARTMENT-014,Production & Manufacturing,Junior,Historical Joiner,2025-03-01,Supports complete 24-month movement history without adding former staff to the active attrition population
HISTORICAL-EMPLOYEE-0334,Historical Production Employee 0334,DEPARTMENT-014,Production & Manufacturing,Junior,Historical Joiner,2025-03-01,Supports complete 24-month movement history without adding former staff to the active attrition population
HISTORICAL-EMPLOYEE-0335,Historical Production Employee 0335,DEPARTMENT-014,Production & Manufacturing,Junior,Historical Joiner,2025-03-01,Supports complete 24-month movement history without adding former staff to the active attrition population
HISTORICAL-EMPLOYEE-0336,Historical Production Employee 0336,DEPARTMENT-014,Production & Manufacturing,Mid,Former Employee,2025-03-01,Supports complete 24-month movement history without adding former staff to the active attrition population
HISTORICAL-EMPLOYEE-0337,Historical Production Employee 0337,DEPARTMENT-014,Production & Manufacturing,Senior,Former Employee,2025-03-01,Supports complete 24-month movement history without adding former staff to the active attrition population
HISTORICAL-EMPLOYEE-0338,Historical Production Employee 0338,DEPARTMENT-014,Production & Manufacturing,Senior,Former Employee,2025-03-01,Supports complete 24-month movement history without adding former staff to the active attrition population
HISTORICAL-EMPLOYEE-0339,Historical Quality Employee 0339,DEPARTMENT-015,Quality Assurance,Mid,Former Employee,2025-03-01,Supports complete 24-month movement history without adding former staff to the active attrition population
HISTORICAL-EMPLOYEE-0340,Historical Research Employee 0340,DEPARTMENT-016,Research & Development,Junior,Historical Joiner,2025-03-01,Supports complete 24-month movement history without adding former staff to the active attrition population
HISTORICAL-EMPLOYEE-0341,Historical Research Employee 0341,DEPARTMENT-016,Research & Development,Junior,Historical Joiner,2025-03-01,Supports complete 24-month movement history without adding former staff to the active attrition population
HISTORICAL-EMPLOYEE-0342,Historical Research Employee 0342,DEPARTMENT-016,Research & Development,Junior,Historical Joiner,2025-03-01,Supports complete 24-month movement history without adding former staff to the active attrition population
HISTORICAL-EMPLOYEE-0343,Historical Research Employee 0343,DEPARTMENT-016,Research & Development,Junior,Historical Joiner,2025-03-01,Supports complete 24-month movement history without adding former staff to the active attrition population
HISTORICAL-EMPLOYEE-0344,Historical Research Employee 0344,DEPARTMENT-016,Research & Development,Junior,Former Employee,2025-03-01,Supports complete 24-month movement history without adding former staff to the active attrition population
HISTORICAL-EMPLOYEE-0345,Historical Research Employee 0345,DEPARTMENT-016,Research & Development,Junior,Former Employee,2025-03-01,Supports complete 24-month movement history without adding former staff to the active attrition population
HISTORICAL-EMPLOYEE-0346,Historical Research Employee 0346,DEPARTMENT-016,Research & Development,Mid,Former Employee,2025-03-01,Supports complete 24-month movement history without adding former staff to the active attrition population
HISTORICAL-EMPLOYEE-0347,Historical HR Employee 0347,DEPARTMENT-001,HR,Junior,Historical Joiner,2025-04-01,Supports complete 24-month movement history without adding former staff to the active attrition population
HISTORICAL-EMPLOYEE-0348,Historical HR Employee 0348,DEPARTMENT-001,HR,Junior,Historical Joiner,2025-04-01,Supports complete 24-month movement history without adding former staff to the active attrition population
HISTORICAL-EMPLOYEE-0349,Historical HR Employee 0349,DEPARTMENT-001,HR,Junior,Historical Joiner,2025-04-01,Supports complete 24-month movement history without adding former staff to the active attrition population
HISTORICAL-EMPLOYEE-0350,Historical HR Employee 0350,DEPARTMENT-001,HR,Junior,Historical Joiner,2025-04-01,Supports complete 24-month movement history without adding former staff to the active attrition population
HISTORICAL-EMPLOYEE-0351,Historical HR Employee 0351,DEPARTMENT-001,HR,Mid,Former Employee,2025-04-01,Supports complete 24-month movement history without adding former staff to the active attrition population
HISTORICAL-EMPLOYEE-0352,Historical HR Employee 0352,DEPARTMENT-001,HR,Senior,Former Employee,2025-04-01,Supports complete 24-month movement history without adding former staff to the active attrition population
HISTORICAL-EMPLOYEE-0353,Historical HR Employee 0353,DEPARTMENT-001,HR,Senior,Former Employee,2025-04-01,Supports complete 24-month movement history without adding former staff to the active attrition population
HISTORICAL-EMPLOYEE-0354,Historical Finance Employee 0354,DEPARTMENT-002,Finance,Junior,Historical Joiner,2025-04-01,Supports complete 24-month movement history without adding former staff to the active attrition population
HISTORICAL-EMPLOYEE-0355,Historical Finance Employee 0355,DEPARTMENT-002,Finance,Junior,Historical Joiner,2025-04-01,Supports complete 24-month movement history without adding former staff to the active attrition population
HISTORICAL-EMPLOYEE-0356,Historical Finance Employee 0356,DEPARTMENT-002,Finance,Junior,Historical Joiner,2025-04-01,Supports complete 24-month movement history without adding former staff to the active attrition population
HISTORICAL-EMPLOYEE-0357,Historical Finance Employee 0357,DEPARTMENT-002,Finance,Junior,Historical Joiner,2025-04-01,Supports complete 24-month movement history without adding former staff to the active attrition population
HISTORICAL-EMPLOYEE-0358,Historical Finance Employee 0358,DEPARTMENT-002,Finance,Senior,Former Employee,2025-04-01,Supports complete 24-month movement history without adding former staff to the active attrition population
HISTORICAL-EMPLOYEE-0359,Historical Finance Employee 0359,DEPARTMENT-002,Finance,Senior,Former Employee,2025-04-01,Supports complete 24-month movement history without adding former staff to the active attrition population
HISTORICAL-EMPLOYEE-0360,Historical Finance Employee 0360,DEPARTMENT-002,Finance,Mid,Former Employee,2025-04-01,Supports complete 24-month movement history without adding former staff to the active attrition population
HISTORICAL-EMPLOYEE-0361,Historical Sales Employee 0361,DEPARTMENT-003,Sales,Junior,Historical Joiner,2025-04-01,Supports complete 24-month movement history without adding former staff to the active attrition population
HISTORICAL-EMPLOYEE-0362,Historical Customer Employee 0362,DEPARTMENT-004,Customer Support,Junior,Historical Joiner,2025-04-01,Supports complete 24-month movement history without adding former staff to the active attrition population
HISTORICAL-EMPLOYEE-0363,Historical Customer Employee 0363,DEPARTMENT-004,Customer Support,Junior,Historical Joiner,2025-04-01,Supports complete 24-month movement history without adding former staff to the active attrition population
HISTORICAL-EMPLOYEE-0364,Historical Customer Employee 0364,DEPARTMENT-004,Customer Support,Junior,Historical Joiner,2025-04-01,Supports complete 24-month movement history without adding former staff to the active attrition population
HISTORICAL-EMPLOYEE-0365,Historical Customer Employee 0365,DEPARTMENT-004,Customer Support,Junior,Historical Joiner,2025-04-01,Supports complete 24-month movement history without adding former staff to the active attrition population
HISTORICAL-EMPLOYEE-0366,Historical Customer Employee 0366,DEPARTMENT-004,Customer Support,Junior,Historical Joiner,2025-04-01,Supports complete 24-month movement history without adding former staff to the active attrition population
HISTORICAL-EMPLOYEE-0367,Historical Customer Employee 0367,DEPARTMENT-004,Customer Support,Mid,Former Employee,2025-04-01,Supports complete 24-month movement history without adding former staff to the active attrition population
HISTORICAL-EMPLOYEE-0368,Historical Customer Employee 0368,DEPARTMENT-004,Customer Support,Mid,Former Employee,2025-04-01,Supports complete 24-month movement history without adding former staff to the active attrition population
HISTORICAL-EMPLOYEE-0369,Historical Customer Employee 0369,DEPARTMENT-004,Customer Support,Senior,Former Employee,2025-04-01,Supports complete 24-month movement history without adding former staff to the active attrition population
HISTORICAL-EMPLOYEE-0370,Historical Engineering Employee 0370,DEPARTMENT-005,Engineering,Senior,Former Employee,2025-04-01,Supports complete 24-month movement history without adding former staff to the active attrition population
HISTORICAL-EMPLOYEE-0371,Historical Operations Employee 0371,DEPARTMENT-006,Operations,Junior,Historical Joiner,2025-04-01,Supports complete 24-month movement history without adding former staff to the active attrition population
HISTORICAL-EMPLOYEE-0372,Historical Operations Employee 0372,DEPARTMENT-006,Operations,Junior,Historical Joiner,2025-04-01,Supports complete 24-month movement history without adding former staff to the active attrition population
HISTORICAL-EMPLOYEE-0373,Historical Operations Employee 0373,DEPARTMENT-006,Operations,Junior,Historical Joiner,2025-04-01,Supports complete 24-month movement history without adding former staff to the active attrition population
HISTORICAL-EMPLOYEE-0374,Historical Operations Employee 0374,DEPARTMENT-006,Operations,Mid,Former Employee,2025-04-01,Supports complete 24-month movement history without adding former staff to the active attrition population
HISTORICAL-EMPLOYEE-0375,Historical IT Employee 0375,DEPARTMENT-007,IT,Junior,Historical Joiner,2025-04-01,Supports complete 24-month movement history without adding former staff to the active attrition population
HISTORICAL-EMPLOYEE-0376,Historical IT Employee 0376,DEPARTMENT-007,IT,Junior,Historical Joiner,2025-04-01,Supports complete 24-month movement history without adding former staff to the active attrition population
HISTORICAL-EMPLOYEE-0377,Historical IT Employee 0377,DEPARTMENT-007,IT,Junior,Former Employee,2025-04-01,Supports complete 24-month movement history without adding former staff to the active attrition population
HISTORICAL-EMPLOYEE-0378,Historical Medical Employee 0378,DEPARTMENT-008,Medical Care,Junior,Historical Joiner,2025-04-01,Supports complete 24-month movement history without adding former staff to the active attrition population
HISTORICAL-EMPLOYEE-0379,Historical Medical Employee 0379,DEPARTMENT-008,Medical Care,Junior,Historical Joiner,2025-04-01,Supports complete 24-month movement history without adding former staff to the active attrition population
HISTORICAL-EMPLOYEE-0380,Historical Medical Employee 0380,DEPARTMENT-008,Medical Care,Mid,Former Employee,2025-04-01,Supports complete 24-month movement history without adding former staff to the active attrition population
HISTORICAL-EMPLOYEE-0381,Historical Medical Employee 0381,DEPARTMENT-008,Medical Care,Mid,Former Employee,2025-04-01,Supports complete 24-month movement history without adding former staff to the active attrition population
HISTORICAL-EMPLOYEE-0382,Historical Training Employee 0382,DEPARTMENT-009,Training & Development,Mid,Former Employee,2025-04-01,Supports complete 24-month movement history without adding former staff to the active attrition population
HISTORICAL-EMPLOYEE-0383,Historical Training Employee 0383,DEPARTMENT-009,Training & Development,Senior,Former Employee,2025-04-01,Supports complete 24-month movement history without adding former staff to the active attrition population
HISTORICAL-EMPLOYEE-0384,Historical Administration Employee 0384,DEPARTMENT-010,Administration & Facilities,Junior,Historical Joiner,2025-04-01,Supports complete 24-month movement history without adding former staff to the active attrition population
HISTORICAL-EMPLOYEE-0385,Historical Administration Employee 0385,DEPARTMENT-010,Administration & Facilities,Junior,Historical Joiner,2025-04-01,Supports complete 24-month movement history without adding former staff to the active attrition population
HISTORICAL-EMPLOYEE-0386,Historical Administration Employee 0386,DEPARTMENT-010,Administration & Facilities,Senior,Former Employee,2025-04-01,Supports complete 24-month movement history without adding former staff to the active attrition population
HISTORICAL-EMPLOYEE-0387,Historical Administration Employee 0387,DEPARTMENT-010,Administration & Facilities,Senior,Former Employee,2025-04-01,Supports complete 24-month movement history without adding former staff to the active attrition population
HISTORICAL-EMPLOYEE-0388,Historical Legal Employee 0388,DEPARTMENT-011,Legal & Compliance,Mid,Former Employee,2025-04-01,Supports complete 24-month movement history without adding former staff to the active attrition population
HISTORICAL-EMPLOYEE-0389,Historical Logistics Employee 0389,DEPARTMENT-013,Logistics & Warehouse,Junior,Historical Joiner,2025-04-01,Supports complete 24-month movement history without adding former staff to the active attrition population
HISTORICAL-EMPLOYEE-0390,Historical Logistics Employee 0390,DEPARTMENT-013,Logistics & Warehouse,Junior,Historical Joiner,2025-04-01,Supports complete 24-month movement history without adding former staff to the active attrition population
HISTORICAL-EMPLOYEE-0391,Historical Production Employee 0391,DEPARTMENT-014,Production & Manufacturing,Mid,Former Employee,2025-04-01,Supports complete 24-month movement history without adding former staff to the active attrition population
HISTORICAL-EMPLOYEE-0392,Historical Production Employee 0392,DEPARTMENT-014,Production & Manufacturing,Mid,Former Employee,2025-04-01,Supports complete 24-month movement history without adding former staff to the active attrition population
HISTORICAL-EMPLOYEE-0393,Historical Production Employee 0393,DEPARTMENT-014,Production & Manufacturing,Mid,Former Employee,2025-04-01,Supports complete 24-month movement history without adding former staff to the active attrition population
HISTORICAL-EMPLOYEE-0394,Historical Quality Employee 0394,DEPARTMENT-015,Quality Assurance,Junior,Historical Joiner,2025-04-01,Supports complete 24-month movement history without adding former staff to the active attrition population
HISTORICAL-EMPLOYEE-0395,Historical Research Employee 0395,DEPARTMENT-016,Research & Development,Senior,Former Employee,2025-04-01,Supports complete 24-month movement history without adding former staff to the active attrition population
HISTORICAL-EMPLOYEE-0396,Historical HR Employee 0396,DEPARTMENT-001,HR,Junior,Historical Joiner,2025-05-01,Supports complete 24-month movement history without adding former staff to the active attrition population
HISTORICAL-EMPLOYEE-0397,Historical HR Employee 0397,DEPARTMENT-001,HR,Junior,Former Employee,2025-05-01,Supports complete 24-month movement history without adding former staff to the active attrition population
HISTORICAL-EMPLOYEE-0398,Historical HR Employee 0398,DEPARTMENT-001,HR,Senior,Former Employee,2025-05-01,Supports complete 24-month movement history without adding former staff to the active attrition population
HISTORICAL-EMPLOYEE-0399,Historical Finance Employee 0399,DEPARTMENT-002,Finance,Junior,Historical Joiner,2025-05-01,Supports complete 24-month movement history without adding former staff to the active attrition population
HISTORICAL-EMPLOYEE-0400,Historical Finance Employee 0400,DEPARTMENT-002,Finance,Junior,Historical Joiner,2025-05-01,Supports complete 24-month movement history without adding former staff to the active attrition population
HISTORICAL-EMPLOYEE-0401,Historical Finance Employee 0401,DEPARTMENT-002,Finance,Junior,Historical Joiner,2025-05-01,Supports complete 24-month movement history without adding former staff to the active attrition population
HISTORICAL-EMPLOYEE-0402,Historical Finance Employee 0402,DEPARTMENT-002,Finance,Junior,Historical Joiner,2025-05-01,Supports complete 24-month movement history without adding former staff to the active attrition population
HISTORICAL-EMPLOYEE-0403,Historical Finance Employee 0403,DEPARTMENT-002,Finance,Junior,Former Employee,2025-05-01,Supports complete 24-month movement history without adding former staff to the active attrition population
HISTORICAL-EMPLOYEE-0404,Historical Finance Employee 0404,DEPARTMENT-002,Finance,Senior,Former Employee,2025-05-01,Supports complete 24-month movement history without adding former staff to the active attrition population
HISTORICAL-EMPLOYEE-0405,Historical Finance Employee 0405,DEPARTMENT-002,Finance,Junior,Former Employee,2025-05-01,Supports complete 24-month movement history without adding former staff to the active attrition population
HISTORICAL-EMPLOYEE-0406,Historical Sales Employee 0406,DEPARTMENT-003,Sales,Junior,Historical Joiner,2025-05-01,Supports complete 24-month movement history without adding former staff to the active attrition population
HISTORICAL-EMPLOYEE-0407,Historical Sales Employee 0407,DEPARTMENT-003,Sales,Junior,Historical Joiner,2025-05-01,Supports complete 24-month movement history without adding former staff to the active attrition population
HISTORICAL-EMPLOYEE-0408,Historical Sales Employee 0408,DEPARTMENT-003,Sales,Junior,Former Employee,2025-05-01,Supports complete 24-month movement history without adding former staff to the active attrition population
HISTORICAL-EMPLOYEE-0409,Historical Sales Employee 0409,DEPARTMENT-003,Sales,Junior,Former Employee,2025-05-01,Supports complete 24-month movement history without adding former staff to the active attrition population
HISTORICAL-EMPLOYEE-0410,Historical Customer Employee 0410,DEPARTMENT-004,Customer Support,Junior,Historical Joiner,2025-05-01,Supports complete 24-month movement history without adding former staff to the active attrition population
HISTORICAL-EMPLOYEE-0411,Historical Customer Employee 0411,DEPARTMENT-004,Customer Support,Junior,Historical Joiner,2025-05-01,Supports complete 24-month movement history without adding former staff to the active attrition population
HISTORICAL-EMPLOYEE-0412,Historical Customer Employee 0412,DEPARTMENT-004,Customer Support,Mid,Former Employee,2025-05-01,Supports complete 24-month movement history without adding former staff to the active attrition population
HISTORICAL-EMPLOYEE-0413,Historical Customer Employee 0413,DEPARTMENT-004,Customer Support,Senior,Former Employee,2025-05-01,Supports complete 24-month movement history without adding former staff to the active attrition population
HISTORICAL-EMPLOYEE-0414,Historical Customer Employee 0414,DEPARTMENT-004,Customer Support,Senior,Former Employee,2025-05-01,Supports complete 24-month movement history without adding former staff to the active attrition population
HISTORICAL-EMPLOYEE-0415,Historical Engineering Employee 0415,DEPARTMENT-005,Engineering,Junior,Historical Joiner,2025-05-01,Supports complete 24-month movement history without adding former staff to the active attrition population
HISTORICAL-EMPLOYEE-0416,Historical Engineering Employee 0416,DEPARTMENT-005,Engineering,Senior,Former Employee,2025-05-01,Supports complete 24-month movement history without adding former staff to the active attrition population
HISTORICAL-EMPLOYEE-0417,Historical Engineering Employee 0417,DEPARTMENT-005,Engineering,Senior,Former Employee,2025-05-01,Supports complete 24-month movement history without adding former staff to the active attrition population
HISTORICAL-EMPLOYEE-0418,Historical Operations Employee 0418,DEPARTMENT-006,Operations,Junior,Former Employee,2025-05-01,Supports complete 24-month movement history without adding former staff to the active attrition population
HISTORICAL-EMPLOYEE-0419,Historical IT Employee 0419,DEPARTMENT-007,IT,Junior,Historical Joiner,2025-05-01,Supports complete 24-month movement history without adding former staff to the active attrition population
HISTORICAL-EMPLOYEE-0420,Historical IT Employee 0420,DEPARTMENT-007,IT,Junior,Historical Joiner,2025-05-01,Supports complete 24-month movement history without adding former staff to the active attrition population
HISTORICAL-EMPLOYEE-0421,Historical IT Employee 0421,DEPARTMENT-007,IT,Junior,Former Employee,2025-05-01,Supports complete 24-month movement history without adding former staff to the active attrition population
HISTORICAL-EMPLOYEE-0422,Historical IT Employee 0422,DEPARTMENT-007,IT,Junior,Former Employee,2025-05-01,Supports complete 24-month movement history without adding former staff to the active attrition population
HISTORICAL-EMPLOYEE-0423,Historical IT Employee 0423,DEPARTMENT-007,IT,Mid,Former Employee,2025-05-01,Supports complete 24-month movement history without adding former staff to the active attrition population
HISTORICAL-EMPLOYEE-0424,Historical Medical Employee 0424,DEPARTMENT-008,Medical Care,Junior,Historical Joiner,2025-05-01,Supports complete 24-month movement history without adding former staff to the active attrition population
HISTORICAL-EMPLOYEE-0425,Historical Medical Employee 0425,DEPARTMENT-008,Medical Care,Junior,Historical Joiner,2025-05-01,Supports complete 24-month movement history without adding former staff to the active attrition population
HISTORICAL-EMPLOYEE-0426,Historical Medical Employee 0426,DEPARTMENT-008,Medical Care,Junior,Historical Joiner,2025-05-01,Supports complete 24-month movement history without adding former staff to the active attrition population
HISTORICAL-EMPLOYEE-0427,Historical Medical Employee 0427,DEPARTMENT-008,Medical Care,Senior,Former Employee,2025-05-01,Supports complete 24-month movement history without adding former staff to the active attrition population
HISTORICAL-EMPLOYEE-0428,Historical Medical Employee 0428,DEPARTMENT-008,Medical Care,Junior,Former Employee,2025-05-01,Supports complete 24-month movement history without adding former staff to the active attrition population
HISTORICAL-EMPLOYEE-0429,Historical Training Employee 0429,DEPARTMENT-009,Training & Development,Junior,Historical Joiner,2025-05-01,Supports complete 24-month movement history without adding former staff to the active attrition population
HISTORICAL-EMPLOYEE-0430,Historical Training Employee 0430,DEPARTMENT-009,Training & Development,Senior,Former Employee,2025-05-01,Supports complete 24-month movement history without adding former staff to the active attrition population
HISTORICAL-EMPLOYEE-0431,Historical Administration Employee 0431,DEPARTMENT-010,Administration & Facilities,Junior,Former Employee,2025-05-01,Supports complete 24-month movement history without adding former staff to the active attrition population
HISTORICAL-EMPLOYEE-0432,Historical Administration Employee 0432,DEPARTMENT-010,Administration & Facilities,Senior,Former Employee,2025-05-01,Supports complete 24-month movement history without adding former staff to the active attrition population
HISTORICAL-EMPLOYEE-0433,Historical Legal Employee 0433,DEPARTMENT-011,Legal & Compliance,Senior,Former Employee,2025-05-01,Supports complete 24-month movement history without adding former staff to the active attrition population
HISTORICAL-EMPLOYEE-0434,Historical Procurement Employee 0434,DEPARTMENT-012,Procurement & Supply Chain,Junior,Historical Joiner,2025-05-01,Supports complete 24-month movement history without adding former staff to the active attrition population
HISTORICAL-EMPLOYEE-0435,Historical Procurement Employee 0435,DEPARTMENT-012,Procurement & Supply Chain,Mid,Former Employee,2025-05-01,Supports complete 24-month movement history without adding former staff to the active attrition population
HISTORICAL-EMPLOYEE-0436,Historical Logistics Employee 0436,DEPARTMENT-013,Logistics & Warehouse,Junior,Historical Joiner,2025-05-01,Supports complete 24-month movement history without adding former staff to the active attrition population
HISTORICAL-EMPLOYEE-0437,Historical Logistics Employee 0437,DEPARTMENT-013,Logistics & Warehouse,Junior,Historical Joiner,2025-05-01,Supports complete 24-month movement history without adding former staff to the active attrition population
HISTORICAL-EMPLOYEE-0438,Historical Logistics Employee 0438,DEPARTMENT-013,Logistics & Warehouse,Junior,Historical Joiner,2025-05-01,Supports complete 24-month movement history without adding former staff to the active attrition population
HISTORICAL-EMPLOYEE-0439,Historical Logistics Employee 0439,DEPARTMENT-013,Logistics & Warehouse,Junior,Historical Joiner,2025-05-01,Supports complete 24-month movement history without adding former staff to the active attrition population
HISTORICAL-EMPLOYEE-0440,Historical Logistics Employee 0440,DEPARTMENT-013,Logistics & Warehouse,Senior,Former Employee,2025-05-01,Supports complete 24-month movement history without adding former staff to the active attrition population
HISTORICAL-EMPLOYEE-0441,Historical Logistics Employee 0441,DEPARTMENT-013,Logistics & Warehouse,Junior,Former Employee,2025-05-01,Supports complete 24-month movement history without adding former staff to the active attrition population
HISTORICAL-EMPLOYEE-0442,Historical Production Employee 0442,DEPARTMENT-014,Production & Manufacturing,Junior,Historical Joiner,2025-05-01,Supports complete 24-month movement history without adding former staff to the active attrition population
HISTORICAL-EMPLOYEE-0443,Historical Production Employee 0443,DEPARTMENT-014,Production & Manufacturing,Junior,Historical Joiner,2025-05-01,Supports complete 24-month movement history without adding former staff to the active attrition population
HISTORICAL-EMPLOYEE-0444,Historical Production Employee 0444,DEPARTMENT-014,Production & Manufacturing,Mid,Former Employee,2025-05-01,Supports complete 24-month movement history without adding former staff to the active attrition population
HISTORICAL-EMPLOYEE-0445,Historical Production Employee 0445,DEPARTMENT-014,Production & Manufacturing,Mid,Former Employee,2025-05-01,Supports complete 24-month movement history without adding former staff to the active attrition population
HISTORICAL-EMPLOYEE-0446,Historical Quality Employee 0446,DEPARTMENT-015,Quality Assurance,Junior,Historical Joiner,2025-05-01,Supports complete 24-month movement history without adding former staff to the active attrition population
HISTORICAL-EMPLOYEE-0447,Historical Quality Employee 0447,DEPARTMENT-015,Quality Assurance,Mid,Former Employee,2025-05-01,Supports complete 24-month movement history without adding former staff to the active attrition population
HISTORICAL-EMPLOYEE-0448,Historical Quality Employee 0448,DEPARTMENT-015,Quality Assurance,Junior,Former Employee,2025-05-01,Supports complete 24-month movement history without adding former staff to the active attrition population
HISTORICAL-EMPLOYEE-0449,Historical Quality Employee 0449,DEPARTMENT-015,Quality Assurance,Mid,Former Employee,2025-05-01,Supports complete 24-month movement history without adding former staff to the active attrition population
HISTORICAL-EMPLOYEE-0450,Historical Research Employee 0450,DEPARTMENT-016,Research & Development,Senior,Former Employee,2025-05-01,Supports complete 24-month movement history without adding former staff to the active attrition population
HISTORICAL-EMPLOYEE-0451,Historical HR Employee 0451,DEPARTMENT-001,HR,Junior,Historical Joiner,2025-06-01,Supports complete 24-month movement history without adding former staff to the active attrition population
HISTORICAL-EMPLOYEE-0452,Historical HR Employee 0452,DEPARTMENT-001,HR,Junior,Historical Joiner,2025-06-01,Supports complete 24-month movement history without adding former staff to the active attrition population
HISTORICAL-EMPLOYEE-0453,Historical HR Employee 0453,DEPARTMENT-001,HR,Junior,Historical Joiner,2025-06-01,Supports complete 24-month movement history without adding former staff to the active attrition population
HISTORICAL-EMPLOYEE-0454,Historical HR Employee 0454,DEPARTMENT-001,HR,Junior,Historical Joiner,2025-06-01,Supports complete 24-month movement history without adding former staff to the active attrition population
HISTORICAL-EMPLOYEE-0455,Historical HR Employee 0455,DEPARTMENT-001,HR,Senior,Former Employee,2025-06-01,Supports complete 24-month movement history without adding former staff to the active attrition population
HISTORICAL-EMPLOYEE-0456,Historical HR Employee 0456,DEPARTMENT-001,HR,Senior,Former Employee,2025-06-01,Supports complete 24-month movement history without adding former staff to the active attrition population
HISTORICAL-EMPLOYEE-0457,Historical HR Employee 0457,DEPARTMENT-001,HR,Junior,Former Employee,2025-06-01,Supports complete 24-month movement history without adding former staff to the active attrition population
HISTORICAL-EMPLOYEE-0458,Historical Finance Employee 0458,DEPARTMENT-002,Finance,Junior,Historical Joiner,2025-06-01,Supports complete 24-month movement history without adding former staff to the active attrition population
HISTORICAL-EMPLOYEE-0459,Historical Finance Employee 0459,DEPARTMENT-002,Finance,Junior,Historical Joiner,2025-06-01,Supports complete 24-month movement history without adding former staff to the active attrition population
HISTORICAL-EMPLOYEE-0460,Historical Finance Employee 0460,DEPARTMENT-002,Finance,Junior,Historical Joiner,2025-06-01,Supports complete 24-month movement history without adding former staff to the active attrition population
HISTORICAL-EMPLOYEE-0461,Historical Finance Employee 0461,DEPARTMENT-002,Finance,Mid,Former Employee,2025-06-01,Supports complete 24-month movement history without adding former staff to the active attrition population
HISTORICAL-EMPLOYEE-0462,Historical Finance Employee 0462,DEPARTMENT-002,Finance,Senior,Former Employee,2025-06-01,Supports complete 24-month movement history without adding former staff to the active attrition population
HISTORICAL-EMPLOYEE-0463,Historical Finance Employee 0463,DEPARTMENT-002,Finance,Mid,Former Employee,2025-06-01,Supports complete 24-month movement history without adding former staff to the active attrition population
HISTORICAL-EMPLOYEE-0464,Historical Sales Employee 0464,DEPARTMENT-003,Sales,Senior,Former Employee,2025-06-01,Supports complete 24-month movement history without adding former staff to the active attrition population
HISTORICAL-EMPLOYEE-0465,Historical Customer Employee 0465,DEPARTMENT-004,Customer Support,Junior,Historical Joiner,2025-06-01,Supports complete 24-month movement history without adding former staff to the active attrition population
HISTORICAL-EMPLOYEE-0466,Historical Customer Employee 0466,DEPARTMENT-004,Customer Support,Junior,Historical Joiner,2025-06-01,Supports complete 24-month movement history without adding former staff to the active attrition population
HISTORICAL-EMPLOYEE-0467,Historical Customer Employee 0467,DEPARTMENT-004,Customer Support,Junior,Historical Joiner,2025-06-01,Supports complete 24-month movement history without adding former staff to the active attrition population
HISTORICAL-EMPLOYEE-0468,Historical Customer Employee 0468,DEPARTMENT-004,Customer Support,Junior,Historical Joiner,2025-06-01,Supports complete 24-month movement history without adding former staff to the active attrition population
HISTORICAL-EMPLOYEE-0469,Historical Customer Employee 0469,DEPARTMENT-004,Customer Support,Junior,Historical Joiner,2025-06-01,Supports complete 24-month movement history without adding former staff to the active attrition population
HISTORICAL-EMPLOYEE-0470,Historical Customer Employee 0470,DEPARTMENT-004,Customer Support,Junior,Former Employee,2025-06-01,Supports complete 24-month movement history without adding former staff to the active attrition population
HISTORICAL-EMPLOYEE-0471,Historical Customer Employee 0471,DEPARTMENT-004,Customer Support,Senior,Former Employee,2025-06-01,Supports complete 24-month movement history without adding former staff to the active attrition population
HISTORICAL-EMPLOYEE-0472,Historical Engineering Employee 0472,DEPARTMENT-005,Engineering,Mid,Former Employee,2025-06-01,Supports complete 24-month movement history without adding former staff to the active attrition population
HISTORICAL-EMPLOYEE-0473,Historical Operations Employee 0473,DEPARTMENT-006,Operations,Junior,Historical Joiner,2025-06-01,Supports complete 24-month movement history without adding former staff to the active attrition population
HISTORICAL-EMPLOYEE-0474,Historical Operations Employee 0474,DEPARTMENT-006,Operations,Senior,Former Employee,2025-06-01,Supports complete 24-month movement history without adding former staff to the active attrition population
HISTORICAL-EMPLOYEE-0475,Historical IT Employee 0475,DEPARTMENT-007,IT,Junior,Historical Joiner,2025-06-01,Supports complete 24-month movement history without adding former staff to the active attrition population
HISTORICAL-EMPLOYEE-0476,Historical Medical Employee 0476,DEPARTMENT-008,Medical Care,Mid,Former Employee,2025-06-01,Supports complete 24-month movement history without adding former staff to the active attrition population
HISTORICAL-EMPLOYEE-0477,Historical Training Employee 0477,DEPARTMENT-009,Training & Development,Junior,Historical Joiner,2025-06-01,Supports complete 24-month movement history without adding former staff to the active attrition population
HISTORICAL-EMPLOYEE-0478,Historical Training Employee 0478,DEPARTMENT-009,Training & Development,Senior,Former Employee,2025-06-01,Supports complete 24-month movement history without adding former staff to the active attrition population
HISTORICAL-EMPLOYEE-0479,Historical Administration Employee 0479,DEPARTMENT-010,Administration & Facilities,Junior,Historical Joiner,2025-06-01,Supports complete 24-month movement history without adding former staff to the active attrition population
HISTORICAL-EMPLOYEE-0480,Historical Administration Employee 0480,DEPARTMENT-010,Administration & Facilities,Junior,Historical Joiner,2025-06-01,Supports complete 24-month movement history without adding former staff to the active attrition population
HISTORICAL-EMPLOYEE-0481,Historical Administration Employee 0481,DEPARTMENT-010,Administration & Facilities,Junior,Historical Joiner,2025-06-01,Supports complete 24-month movement history without adding former staff to the active attrition population
HISTORICAL-EMPLOYEE-0482,Historical Administration Employee 0482,DEPARTMENT-010,Administration & Facilities,Junior,Historical Joiner,2025-06-01,Supports complete 24-month movement history without adding former staff to the active attrition population
HISTORICAL-EMPLOYEE-0483,Historical Administration Employee 0483,DEPARTMENT-010,Administration & Facilities,Junior,Former Employee,2025-06-01,Supports complete 24-month movement history without adding former staff to the active attrition population
HISTORICAL-EMPLOYEE-0484,Historical Administration Employee 0484,DEPARTMENT-010,Administration & Facilities,Junior,Former Employee,2025-06-01,Supports complete 24-month movement history without adding former staff to the active attrition population
HISTORICAL-EMPLOYEE-0485,Historical Procurement Employee 0485,DEPARTMENT-012,Procurement & Supply Chain,Junior,Former Employee,2025-06-01,Supports complete 24-month movement history without adding former staff to the active attrition population
HISTORICAL-EMPLOYEE-0486,Historical Procurement Employee 0486,DEPARTMENT-012,Procurement & Supply Chain,Junior,Former Employee,2025-06-01,Supports complete 24-month movement history without adding former staff to the active attrition population
HISTORICAL-EMPLOYEE-0487,Historical Procurement Employee 0487,DEPARTMENT-012,Procurement & Supply Chain,Mid,Former Employee,2025-06-01,Supports complete 24-month movement history without adding former staff to the active attrition population
HISTORICAL-EMPLOYEE-0488,Historical Logistics Employee 0488,DEPARTMENT-013,Logistics & Warehouse,Junior,Historical Joiner,2025-06-01,Supports complete 24-month movement history without adding former staff to the active attrition population
HISTORICAL-EMPLOYEE-0489,Historical Logistics Employee 0489,DEPARTMENT-013,Logistics & Warehouse,Junior,Historical Joiner,2025-06-01,Supports complete 24-month movement history without adding former staff to the active attrition population
HISTORICAL-EMPLOYEE-0490,Historical Logistics Employee 0490,DEPARTMENT-013,Logistics & Warehouse,Junior,Historical Joiner,2025-06-01,Supports complete 24-month movement history without adding former staff to the active attrition population
HISTORICAL-EMPLOYEE-0491,Historical Logistics Employee 0491,DEPARTMENT-013,Logistics & Warehouse,Junior,Former Employee,2025-06-01,Supports complete 24-month movement history without adding former staff to the active attrition population
HISTORICAL-EMPLOYEE-0492,Historical Logistics Employee 0492,DEPARTMENT-013,Logistics & Warehouse,Mid,Former Employee,2025-06-01,Supports complete 24-month movement history without adding former staff to the active attrition population
HISTORICAL-EMPLOYEE-0493,Historical Logistics Employee 0493,DEPARTMENT-013,Logistics & Warehouse,Mid,Former Employee,2025-06-01,Supports complete 24-month movement history without adding former staff to the active attrition population
HISTORICAL-EMPLOYEE-0494,Historical Production Employee 0494,DEPARTMENT-014,Production & Manufacturing,Junior,Historical Joiner,2025-06-01,Supports complete 24-month movement history without adding former staff to the active attrition population
HISTORICAL-EMPLOYEE-0495,Historical Quality Employee 0495,DEPARTMENT-015,Quality Assurance,Junior,Historical Joiner,2025-06-01,Supports complete 24-month movement history without adding former staff to the active attrition population
HISTORICAL-EMPLOYEE-0496,Historical Quality Employee 0496,DEPARTMENT-015,Quality Assurance,Junior,Historical Joiner,2025-06-01,Supports complete 24-month movement history without adding former staff to the active attrition population
HISTORICAL-EMPLOYEE-0497,Historical Quality Employee 0497,DEPARTMENT-015,Quality Assurance,Senior,Former Employee,2025-06-01,Supports complete 24-month movement history without adding former staff to the active attrition population
HISTORICAL-EMPLOYEE-0498,Historical Quality Employee 0498,DEPARTMENT-015,Quality Assurance,Senior,Former Employee,2025-06-01,Supports complete 24-month movement history without adding former staff to the active attrition population
HISTORICAL-EMPLOYEE-0499,Historical Quality Employee 0499,DEPARTMENT-015,Quality Assurance,Mid,Former Employee,2025-06-01,Supports complete 24-month movement history without adding former staff to the active attrition population
HISTORICAL-EMPLOYEE-0500,Historical HR Employee 0500,DEPARTMENT-001,HR,Junior,Historical Joiner,2025-07-01,Supports complete 24-month movement history without adding former staff to the active attrition population
HISTORICAL-EMPLOYEE-0501,Historical HR Employee 0501,DEPARTMENT-001,HR,Junior,Former Employee,2025-07-01,Supports complete 24-month movement history without adding former staff to the active attrition population
HISTORICAL-EMPLOYEE-0502,Historical HR Employee 0502,DEPARTMENT-001,HR,Mid,Former Employee,2025-07-01,Supports complete 24-month movement history without adding former staff to the active attrition population
HISTORICAL-EMPLOYEE-0503,Historical HR Employee 0503,DEPARTMENT-001,HR,Junior,Former Employee,2025-07-01,Supports complete 24-month movement history without adding former staff to the active attrition population
HISTORICAL-EMPLOYEE-0504,Historical Finance Employee 0504,DEPARTMENT-002,Finance,Junior,Former Employee,2025-07-01,Supports complete 24-month movement history without adding former staff to the active attrition population
HISTORICAL-EMPLOYEE-0505,Historical Sales Employee 0505,DEPARTMENT-003,Sales,Junior,Historical Joiner,2025-07-01,Supports complete 24-month movement history without adding former staff to the active attrition population
HISTORICAL-EMPLOYEE-0506,Historical Sales Employee 0506,DEPARTMENT-003,Sales,Junior,Historical Joiner,2025-07-01,Supports complete 24-month movement history without adding former staff to the active attrition population
HISTORICAL-EMPLOYEE-0507,Historical Sales Employee 0507,DEPARTMENT-003,Sales,Junior,Historical Joiner,2025-07-01,Supports complete 24-month movement history without adding former staff to the active attrition population
HISTORICAL-EMPLOYEE-0508,Historical Sales Employee 0508,DEPARTMENT-003,Sales,Mid,Former Employee,2025-07-01,Supports complete 24-month movement history without adding former staff to the active attrition population
HISTORICAL-EMPLOYEE-0509,Historical Sales Employee 0509,DEPARTMENT-003,Sales,Senior,Former Employee,2025-07-01,Supports complete 24-month movement history without adding former staff to the active attrition population
HISTORICAL-EMPLOYEE-0510,Historical Sales Employee 0510,DEPARTMENT-003,Sales,Senior,Former Employee,2025-07-01,Supports complete 24-month movement history without adding former staff to the active attrition population
HISTORICAL-EMPLOYEE-0511,Historical Customer Employee 0511,DEPARTMENT-004,Customer Support,Mid,Former Employee,2025-07-01,Supports complete 24-month movement history without adding former staff to the active attrition population
HISTORICAL-EMPLOYEE-0512,Historical Customer Employee 0512,DEPARTMENT-004,Customer Support,Senior,Former Employee,2025-07-01,Supports complete 24-month movement history without adding former staff to the active attrition population
HISTORICAL-EMPLOYEE-0513,Historical Customer Employee 0513,DEPARTMENT-004,Customer Support,Junior,Former Employee,2025-07-01,Supports complete 24-month movement history without adding former staff to the active attrition population
HISTORICAL-EMPLOYEE-0514,Historical Operations Employee 0514,DEPARTMENT-006,Operations,Junior,Historical Joiner,2025-07-01,Supports complete 24-month movement history without adding former staff to the active attrition population
HISTORICAL-EMPLOYEE-0515,Historical Operations Employee 0515,DEPARTMENT-006,Operations,Junior,Historical Joiner,2025-07-01,Supports complete 24-month movement history without adding former staff to the active attrition population
HISTORICAL-EMPLOYEE-0516,Historical Operations Employee 0516,DEPARTMENT-006,Operations,Junior,Historical Joiner,2025-07-01,Supports complete 24-month movement history without adding former staff to the active attrition population
HISTORICAL-EMPLOYEE-0517,Historical Operations Employee 0517,DEPARTMENT-006,Operations,Mid,Former Employee,2025-07-01,Supports complete 24-month movement history without adding former staff to the active attrition population
HISTORICAL-EMPLOYEE-0518,Historical IT Employee 0518,DEPARTMENT-007,IT,Junior,Historical Joiner,2025-07-01,Supports complete 24-month movement history without adding former staff to the active attrition population
HISTORICAL-EMPLOYEE-0519,Historical IT Employee 0519,DEPARTMENT-007,IT,Mid,Former Employee,2025-07-01,Supports complete 24-month movement history without adding former staff to the active attrition population
HISTORICAL-EMPLOYEE-0520,Historical IT Employee 0520,DEPARTMENT-007,IT,Senior,Former Employee,2025-07-01,Supports complete 24-month movement history without adding former staff to the active attrition population
HISTORICAL-EMPLOYEE-0521,Historical Medical Employee 0521,DEPARTMENT-008,Medical Care,Mid,Former Employee,2025-07-01,Supports complete 24-month movement history without adding former staff to the active attrition population
HISTORICAL-EMPLOYEE-0522,Historical Legal Employee 0522,DEPARTMENT-011,Legal & Compliance,Mid,Former Employee,2025-07-01,Supports complete 24-month movement history without adding former staff to the active attrition population
HISTORICAL-EMPLOYEE-0523,Historical Legal Employee 0523,DEPARTMENT-011,Legal & Compliance,Mid,Former Employee,2025-07-01,Supports complete 24-month movement history without adding former staff to the active attrition population
HISTORICAL-EMPLOYEE-0524,Historical Procurement Employee 0524,DEPARTMENT-012,Procurement & Supply Chain,Junior,Historical Joiner,2025-07-01,Supports complete 24-month movement history without adding former staff to the active attrition population
HISTORICAL-EMPLOYEE-0525,Historical Logistics Employee 0525,DEPARTMENT-013,Logistics & Warehouse,Junior,Historical Joiner,2025-07-01,Supports complete 24-month movement history without adding former staff to the active attrition population
HISTORICAL-EMPLOYEE-0526,Historical Logistics Employee 0526,DEPARTMENT-013,Logistics & Warehouse,Junior,Historical Joiner,2025-07-01,Supports complete 24-month movement history without adding former staff to the active attrition population
HISTORICAL-EMPLOYEE-0527,Historical Logistics Employee 0527,DEPARTMENT-013,Logistics & Warehouse,Junior,Historical Joiner,2025-07-01,Supports complete 24-month movement history without adding former staff to the active attrition population
HISTORICAL-EMPLOYEE-0528,Historical Logistics Employee 0528,DEPARTMENT-013,Logistics & Warehouse,Mid,Former Employee,2025-07-01,Supports complete 24-month movement history without adding former staff to the active attrition population
HISTORICAL-EMPLOYEE-0529,Historical Logistics Employee 0529,DEPARTMENT-013,Logistics & Warehouse,Junior,Former Employee,2025-07-01,Supports complete 24-month movement history without adding former staff to the active attrition population
HISTORICAL-EMPLOYEE-0530,Historical Logistics Employee 0530,DEPARTMENT-013,Logistics & Warehouse,Senior,Former Employee,2025-07-01,Supports complete 24-month movement history without adding former staff to the active attrition population
HISTORICAL-EMPLOYEE-0531,Historical Production Employee 0531,DEPARTMENT-014,Production & Manufacturing,Junior,Historical Joiner,2025-07-01,Supports complete 24-month movement history without adding former staff to the active attrition population
HISTORICAL-EMPLOYEE-0532,Historical Production Employee 0532,DEPARTMENT-014,Production & Manufacturing,Junior,Former Employee,2025-07-01,Supports complete 24-month movement history without adding former staff to the active attrition population
HISTORICAL-EMPLOYEE-0533,Historical Quality Employee 0533,DEPARTMENT-015,Quality Assurance,Junior,Historical Joiner,2025-07-01,Supports complete 24-month movement history without adding former staff to the active attrition population
HISTORICAL-EMPLOYEE-0534,Historical Quality Employee 0534,DEPARTMENT-015,Quality Assurance,Junior,Historical Joiner,2025-07-01,Supports complete 24-month movement history without adding former staff to the active attrition population
HISTORICAL-EMPLOYEE-0535,Historical Quality Employee 0535,DEPARTMENT-015,Quality Assurance,Junior,Historical Joiner,2025-07-01,Supports complete 24-month movement history without adding former staff to the active attrition population
HISTORICAL-EMPLOYEE-0536,Historical Quality Employee 0536,DEPARTMENT-015,Quality Assurance,Junior,Historical Joiner,2025-07-01,Supports complete 24-month movement history without adding former staff to the active attrition population
HISTORICAL-EMPLOYEE-0537,Historical Quality Employee 0537,DEPARTMENT-015,Quality Assurance,Junior,Former Employee,2025-07-01,Supports complete 24-month movement history without adding former staff to the active attrition population
HISTORICAL-EMPLOYEE-0538,Historical Quality Employee 0538,DEPARTMENT-015,Quality Assurance,Mid,Former Employee,2025-07-01,Supports complete 24-month movement history without adding former staff to the active attrition population
HISTORICAL-EMPLOYEE-0539,Historical Quality Employee 0539,DEPARTMENT-015,Quality Assurance,Senior,Former Employee,2025-07-01,Supports complete 24-month movement history without adding former staff to the active attrition population
HISTORICAL-EMPLOYEE-0540,Historical Research Employee 0540,DEPARTMENT-016,Research & Development,Junior,Historical Joiner,2025-07-01,Supports complete 24-month movement history without adding former staff to the active attrition population
HISTORICAL-EMPLOYEE-0541,Historical HR Employee 0541,DEPARTMENT-001,HR,Junior,Historical Joiner,2025-08-01,Supports complete 24-month movement history without adding former staff to the active attrition population
HISTORICAL-EMPLOYEE-0542,Historical Finance Employee 0542,DEPARTMENT-002,Finance,Mid,Former Employee,2025-08-01,Supports complete 24-month movement history without adding former staff to the active attrition population
HISTORICAL-EMPLOYEE-0543,Historical Sales Employee 0543,DEPARTMENT-003,Sales,Junior,Historical Joiner,2025-08-01,Supports complete 24-month movement history without adding former staff to the active attrition population
HISTORICAL-EMPLOYEE-0544,Historical Sales Employee 0544,DEPARTMENT-003,Sales,Junior,Historical Joiner,2025-08-01,Supports complete 24-month movement history without adding former staff to the active attrition population
HISTORICAL-EMPLOYEE-0545,Historical Sales Employee 0545,DEPARTMENT-003,Sales,Junior,Former Employee,2025-08-01,Supports complete 24-month movement history without adding former staff to the active attrition population
HISTORICAL-EMPLOYEE-0546,Historical Sales Employee 0546,DEPARTMENT-003,Sales,Mid,Former Employee,2025-08-01,Supports complete 24-month movement history without adding former staff to the active attrition population
HISTORICAL-EMPLOYEE-0547,Historical Sales Employee 0547,DEPARTMENT-003,Sales,Mid,Former Employee,2025-08-01,Supports complete 24-month movement history without adding former staff to the active attrition population
HISTORICAL-EMPLOYEE-0548,Historical Customer Employee 0548,DEPARTMENT-004,Customer Support,Senior,Former Employee,2025-08-01,Supports complete 24-month movement history without adding former staff to the active attrition population
HISTORICAL-EMPLOYEE-0549,Historical Engineering Employee 0549,DEPARTMENT-005,Engineering,Junior,Historical Joiner,2025-08-01,Supports complete 24-month movement history without adding former staff to the active attrition population
HISTORICAL-EMPLOYEE-0550,Historical Engineering Employee 0550,DEPARTMENT-005,Engineering,Junior,Historical Joiner,2025-08-01,Supports complete 24-month movement history without adding former staff to the active attrition population
HISTORICAL-EMPLOYEE-0551,Historical Engineering Employee 0551,DEPARTMENT-005,Engineering,Junior,Historical Joiner,2025-08-01,Supports complete 24-month movement history without adding former staff to the active attrition population
HISTORICAL-EMPLOYEE-0552,Historical Engineering Employee 0552,DEPARTMENT-005,Engineering,Junior,Former Employee,2025-08-01,Supports complete 24-month movement history without adding former staff to the active attrition population
HISTORICAL-EMPLOYEE-0553,Historical Engineering Employee 0553,DEPARTMENT-005,Engineering,Senior,Former Employee,2025-08-01,Supports complete 24-month movement history without adding former staff to the active attrition population
HISTORICAL-EMPLOYEE-0554,Historical Engineering Employee 0554,DEPARTMENT-005,Engineering,Junior,Former Employee,2025-08-01,Supports complete 24-month movement history without adding former staff to the active attrition population
HISTORICAL-EMPLOYEE-0555,Historical Operations Employee 0555,DEPARTMENT-006,Operations,Mid,Former Employee,2025-08-01,Supports complete 24-month movement history without adding former staff to the active attrition population
HISTORICAL-EMPLOYEE-0556,Historical Operations Employee 0556,DEPARTMENT-006,Operations,Mid,Former Employee,2025-08-01,Supports complete 24-month movement history without adding former staff to the active attrition population
HISTORICAL-EMPLOYEE-0557,Historical IT Employee 0557,DEPARTMENT-007,IT,Junior,Historical Joiner,2025-08-01,Supports complete 24-month movement history without adding former staff to the active attrition population
HISTORICAL-EMPLOYEE-0558,Historical IT Employee 0558,DEPARTMENT-007,IT,Junior,Historical Joiner,2025-08-01,Supports complete 24-month movement history without adding former staff to the active attrition population
HISTORICAL-EMPLOYEE-0559,Historical IT Employee 0559,DEPARTMENT-007,IT,Junior,Former Employee,2025-08-01,Supports complete 24-month movement history without adding former staff to the active attrition population
HISTORICAL-EMPLOYEE-0560,Historical IT Employee 0560,DEPARTMENT-007,IT,Mid,Former Employee,2025-08-01,Supports complete 24-month movement history without adding former staff to the active attrition population
HISTORICAL-EMPLOYEE-0561,Historical Medical Employee 0561,DEPARTMENT-008,Medical Care,Senior,Former Employee,2025-08-01,Supports complete 24-month movement history without adding former staff to the active attrition population
HISTORICAL-EMPLOYEE-0562,Historical Medical Employee 0562,DEPARTMENT-008,Medical Care,Junior,Former Employee,2025-08-01,Supports complete 24-month movement history without adding former staff to the active attrition population
HISTORICAL-EMPLOYEE-0563,Historical Training Employee 0563,DEPARTMENT-009,Training & Development,Junior,Historical Joiner,2025-08-01,Supports complete 24-month movement history without adding former staff to the active attrition population
HISTORICAL-EMPLOYEE-0564,Historical Training Employee 0564,DEPARTMENT-009,Training & Development,Junior,Historical Joiner,2025-08-01,Supports complete 24-month movement history without adding former staff to the active attrition population
HISTORICAL-EMPLOYEE-0565,Historical Training Employee 0565,DEPARTMENT-009,Training & Development,Junior,Historical Joiner,2025-08-01,Supports complete 24-month movement history without adding former staff to the active attrition population
HISTORICAL-EMPLOYEE-0566,Historical Training Employee 0566,DEPARTMENT-009,Training & Development,Mid,Former Employee,2025-08-01,Supports complete 24-month movement history without adding former staff to the active attrition population
HISTORICAL-EMPLOYEE-0567,Historical Training Employee 0567,DEPARTMENT-009,Training & Development,Senior,Former Employee,2025-08-01,Supports complete 24-month movement history without adding former staff to the active attrition population
HISTORICAL-EMPLOYEE-0568,Historical Training Employee 0568,DEPARTMENT-009,Training & Development,Mid,Former Employee,2025-08-01,Supports complete 24-month movement history without adding former staff to the active attrition population
HISTORICAL-EMPLOYEE-0569,Historical Administration Employee 0569,DEPARTMENT-010,Administration & Facilities,Junior,Historical Joiner,2025-08-01,Supports complete 24-month movement history without adding former staff to the active attrition population
HISTORICAL-EMPLOYEE-0570,Historical Administration Employee 0570,DEPARTMENT-010,Administration & Facilities,Junior,Historical Joiner,2025-08-01,Supports complete 24-month movement history without adding former staff to the active attrition population
HISTORICAL-EMPLOYEE-0571,Historical Administration Employee 0571,DEPARTMENT-010,Administration & Facilities,Junior,Historical Joiner,2025-08-01,Supports complete 24-month movement history without adding former staff to the active attrition population
HISTORICAL-EMPLOYEE-0572,Historical Administration Employee 0572,DEPARTMENT-010,Administration & Facilities,Junior,Historical Joiner,2025-08-01,Supports complete 24-month movement history without adding former staff to the active attrition population
HISTORICAL-EMPLOYEE-0573,Historical Administration Employee 0573,DEPARTMENT-010,Administration & Facilities,Mid,Former Employee,2025-08-01,Supports complete 24-month movement history without adding former staff to the active attrition population
HISTORICAL-EMPLOYEE-0574,Historical Procurement Employee 0574,DEPARTMENT-012,Procurement & Supply Chain,Junior,Historical Joiner,2025-08-01,Supports complete 24-month movement history without adding former staff to the active attrition population
HISTORICAL-EMPLOYEE-0575,Historical Procurement Employee 0575,DEPARTMENT-012,Procurement & Supply Chain,Junior,Historical Joiner,2025-08-01,Supports complete 24-month movement history without adding former staff to the active attrition population
HISTORICAL-EMPLOYEE-0576,Historical Procurement Employee 0576,DEPARTMENT-012,Procurement & Supply Chain,Junior,Former Employee,2025-08-01,Supports complete 24-month movement history without adding former staff to the active attrition population
HISTORICAL-EMPLOYEE-0577,Historical Logistics Employee 0577,DEPARTMENT-013,Logistics & Warehouse,Junior,Historical Joiner,2025-08-01,Supports complete 24-month movement history without adding former staff to the active attrition population
HISTORICAL-EMPLOYEE-0578,Historical Logistics Employee 0578,DEPARTMENT-013,Logistics & Warehouse,Junior,Historical Joiner,2025-08-01,Supports complete 24-month movement history without adding former staff to the active attrition population
HISTORICAL-EMPLOYEE-0579,Historical Logistics Employee 0579,DEPARTMENT-013,Logistics & Warehouse,Junior,Historical Joiner,2025-08-01,Supports complete 24-month movement history without adding former staff to the active attrition population
HISTORICAL-EMPLOYEE-0580,Historical Logistics Employee 0580,DEPARTMENT-013,Logistics & Warehouse,Junior,Historical Joiner,2025-08-01,Supports complete 24-month movement history without adding former staff to the active attrition population
HISTORICAL-EMPLOYEE-0581,Historical Logistics Employee 0581,DEPARTMENT-013,Logistics & Warehouse,Junior,Historical Joiner,2025-08-01,Supports complete 24-month movement history without adding former staff to the active attrition population
HISTORICAL-EMPLOYEE-0582,Historical Logistics Employee 0582,DEPARTMENT-013,Logistics & Warehouse,Junior,Former Employee,2025-08-01,Supports complete 24-month movement history without adding former staff to the active attrition population
HISTORICAL-EMPLOYEE-0583,Historical Logistics Employee 0583,DEPARTMENT-013,Logistics & Warehouse,Mid,Former Employee,2025-08-01,Supports complete 24-month movement history without adding former staff to the active attrition population
HISTORICAL-EMPLOYEE-0584,Historical Logistics Employee 0584,DEPARTMENT-013,Logistics & Warehouse,Senior,Former Employee,2025-08-01,Supports complete 24-month movement history without adding former staff to the active attrition population
HISTORICAL-EMPLOYEE-0585,Historical Production Employee 0585,DEPARTMENT-014,Production & Manufacturing,Junior,Historical Joiner,2025-08-01,Supports complete 24-month movement history without adding former staff to the active attrition population
HISTORICAL-EMPLOYEE-0586,Historical Production Employee 0586,DEPARTMENT-014,Production & Manufacturing,Junior,Historical Joiner,2025-08-01,Supports complete 24-month movement history without adding former staff to the active attrition population
HISTORICAL-EMPLOYEE-0587,Historical Production Employee 0587,DEPARTMENT-014,Production & Manufacturing,Junior,Historical Joiner,2025-08-01,Supports complete 24-month movement history without adding former staff to the active attrition population
HISTORICAL-EMPLOYEE-0588,Historical Production Employee 0588,DEPARTMENT-014,Production & Manufacturing,Senior,Former Employee,2025-08-01,Supports complete 24-month movement history without adding former staff to the active attrition population
HISTORICAL-EMPLOYEE-0589,Historical Production Employee 0589,DEPARTMENT-014,Production & Manufacturing,Mid,Former Employee,2025-08-01,Supports complete 24-month movement history without adding former staff to the active attrition population
HISTORICAL-EMPLOYEE-0590,Historical Production Employee 0590,DEPARTMENT-014,Production & Manufacturing,Junior,Former Employee,2025-08-01,Supports complete 24-month movement history without adding former staff to the active attrition population
HISTORICAL-EMPLOYEE-0591,Historical Quality Employee 0591,DEPARTMENT-015,Quality Assurance,Mid,Former Employee,2025-08-01,Supports complete 24-month movement history without adding former staff to the active attrition population
HISTORICAL-EMPLOYEE-0592,Historical Research Employee 0592,DEPARTMENT-016,Research & Development,Junior,Historical Joiner,2025-08-01,Supports complete 24-month movement history without adding former staff to the active attrition population
HISTORICAL-EMPLOYEE-0593,Historical Research Employee 0593,DEPARTMENT-016,Research & Development,Junior,Historical Joiner,2025-08-01,Supports complete 24-month movement history without adding former staff to the active attrition population
HISTORICAL-EMPLOYEE-0594,Historical HR Employee 0594,DEPARTMENT-001,HR,Senior,Former Employee,2025-09-01,Supports complete 24-month movement history without adding former staff to the active attrition population
HISTORICAL-EMPLOYEE-0595,Historical HR Employee 0595,DEPARTMENT-001,HR,Senior,Former Employee,2025-09-01,Supports complete 24-month movement history without adding former staff to the active attrition population
HISTORICAL-EMPLOYEE-0596,Historical Finance Employee 0596,DEPARTMENT-002,Finance,Junior,Historical Joiner,2025-09-01,Supports complete 24-month movement history without adding former staff to the active attrition population
HISTORICAL-EMPLOYEE-0597,Historical Finance Employee 0597,DEPARTMENT-002,Finance,Junior,Historical Joiner,2025-09-01,Supports complete 24-month movement history without adding former staff to the active attrition population
HISTORICAL-EMPLOYEE-0598,Historical Finance Employee 0598,DEPARTMENT-002,Finance,Junior,Historical Joiner,2025-09-01,Supports complete 24-month movement history without adding former staff to the active attrition population
HISTORICAL-EMPLOYEE-0599,Historical Finance Employee 0599,DEPARTMENT-002,Finance,Junior,Historical Joiner,2025-09-01,Supports complete 24-month movement history without adding former staff to the active attrition population
HISTORICAL-EMPLOYEE-0600,Historical Finance Employee 0600,DEPARTMENT-002,Finance,Junior,Former Employee,2025-09-01,Supports complete 24-month movement history without adding former staff to the active attrition population
HISTORICAL-EMPLOYEE-0601,Historical Finance Employee 0601,DEPARTMENT-002,Finance,Mid,Former Employee,2025-09-01,Supports complete 24-month movement history without adding former staff to the active attrition population
HISTORICAL-EMPLOYEE-0602,Historical Finance Employee 0602,DEPARTMENT-002,Finance,Senior,Former Employee,2025-09-01,Supports complete 24-month movement history without adding former staff to the active attrition population
HISTORICAL-EMPLOYEE-0603,Historical Sales Employee 0603,DEPARTMENT-003,Sales,Senior,Former Employee,2025-09-01,Supports complete 24-month movement history without adding former staff to the active attrition population
HISTORICAL-EMPLOYEE-0604,Historical Engineering Employee 0604,DEPARTMENT-005,Engineering,Junior,Historical Joiner,2025-09-01,Supports complete 24-month movement history without adding former staff to the active attrition population
HISTORICAL-EMPLOYEE-0605,Historical Engineering Employee 0605,DEPARTMENT-005,Engineering,Senior,Former Employee,2025-09-01,Supports complete 24-month movement history without adding former staff to the active attrition population
HISTORICAL-EMPLOYEE-0606,Historical Engineering Employee 0606,DEPARTMENT-005,Engineering,Junior,Former Employee,2025-09-01,Supports complete 24-month movement history without adding former staff to the active attrition population
HISTORICAL-EMPLOYEE-0607,Historical Engineering Employee 0607,DEPARTMENT-005,Engineering,Senior,Former Employee,2025-09-01,Supports complete 24-month movement history without adding former staff to the active attrition population
HISTORICAL-EMPLOYEE-0608,Historical Operations Employee 0608,DEPARTMENT-006,Operations,Junior,Historical Joiner,2025-09-01,Supports complete 24-month movement history without adding former staff to the active attrition population
HISTORICAL-EMPLOYEE-0609,Historical Operations Employee 0609,DEPARTMENT-006,Operations,Mid,Former Employee,2025-09-01,Supports complete 24-month movement history without adding former staff to the active attrition population
HISTORICAL-EMPLOYEE-0610,Historical Operations Employee 0610,DEPARTMENT-006,Operations,Junior,Former Employee,2025-09-01,Supports complete 24-month movement history without adding former staff to the active attrition population
HISTORICAL-EMPLOYEE-0611,Historical Operations Employee 0611,DEPARTMENT-006,Operations,Senior,Former Employee,2025-09-01,Supports complete 24-month movement history without adding former staff to the active attrition population
HISTORICAL-EMPLOYEE-0612,Historical IT Employee 0612,DEPARTMENT-007,IT,Junior,Historical Joiner,2025-09-01,Supports complete 24-month movement history without adding former staff to the active attrition population
HISTORICAL-EMPLOYEE-0613,Historical Medical Employee 0613,DEPARTMENT-008,Medical Care,Junior,Historical Joiner,2025-09-01,Supports complete 24-month movement history without adding former staff to the active attrition population
HISTORICAL-EMPLOYEE-0614,Historical Medical Employee 0614,DEPARTMENT-008,Medical Care,Junior,Historical Joiner,2025-09-01,Supports complete 24-month movement history without adding former staff to the active attrition population
HISTORICAL-EMPLOYEE-0615,Historical Medical Employee 0615,DEPARTMENT-008,Medical Care,Senior,Former Employee,2025-09-01,Supports complete 24-month movement history without adding former staff to the active attrition population
HISTORICAL-EMPLOYEE-0616,Historical Medical Employee 0616,DEPARTMENT-008,Medical Care,Junior,Former Employee,2025-09-01,Supports complete 24-month movement history without adding former staff to the active attrition population
HISTORICAL-EMPLOYEE-0617,Historical Medical Employee 0617,DEPARTMENT-008,Medical Care,Junior,Former Employee,2025-09-01,Supports complete 24-month movement history without adding former staff to the active attrition population
HISTORICAL-EMPLOYEE-0618,Historical Training Employee 0618,DEPARTMENT-009,Training & Development,Junior,Historical Joiner,2025-09-01,Supports complete 24-month movement history without adding former staff to the active attrition population
HISTORICAL-EMPLOYEE-0619,Historical Training Employee 0619,DEPARTMENT-009,Training & Development,Junior,Historical Joiner,2025-09-01,Supports complete 24-month movement history without adding former staff to the active attrition population
HISTORICAL-EMPLOYEE-0620,Historical Training Employee 0620,DEPARTMENT-009,Training & Development,Mid,Former Employee,2025-09-01,Supports complete 24-month movement history without adding former staff to the active attrition population
HISTORICAL-EMPLOYEE-0621,Historical Training Employee 0621,DEPARTMENT-009,Training & Development,Mid,Former Employee,2025-09-01,Supports complete 24-month movement history without adding former staff to the active attrition population
HISTORICAL-EMPLOYEE-0622,Historical Training Employee 0622,DEPARTMENT-009,Training & Development,Junior,Former Employee,2025-09-01,Supports complete 24-month movement history without adding former staff to the active attrition population
HISTORICAL-EMPLOYEE-0623,Historical Administration Employee 0623,DEPARTMENT-010,Administration & Facilities,Junior,Historical Joiner,2025-09-01,Supports complete 24-month movement history without adding former staff to the active attrition population
HISTORICAL-EMPLOYEE-0624,Historical Administration Employee 0624,DEPARTMENT-010,Administration & Facilities,Junior,Historical Joiner,2025-09-01,Supports complete 24-month movement history without adding former staff to the active attrition population
HISTORICAL-EMPLOYEE-0625,Historical Administration Employee 0625,DEPARTMENT-010,Administration & Facilities,Junior,Historical Joiner,2025-09-01,Supports complete 24-month movement history without adding former staff to the active attrition population
HISTORICAL-EMPLOYEE-0626,Historical Administration Employee 0626,DEPARTMENT-010,Administration & Facilities,Junior,Former Employee,2025-09-01,Supports complete 24-month movement history without adding former staff to the active attrition population
HISTORICAL-EMPLOYEE-0627,Historical Administration Employee 0627,DEPARTMENT-010,Administration & Facilities,Mid,Former Employee,2025-09-01,Supports complete 24-month movement history without adding former staff to the active attrition population
HISTORICAL-EMPLOYEE-0628,Historical Administration Employee 0628,DEPARTMENT-010,Administration & Facilities,Mid,Former Employee,2025-09-01,Supports complete 24-month movement history without adding former staff to the active attrition population
HISTORICAL-EMPLOYEE-0629,Historical Legal Employee 0629,DEPARTMENT-011,Legal & Compliance,Senior,Former Employee,2025-09-01,Supports complete 24-month movement history without adding former staff to the active attrition population
HISTORICAL-EMPLOYEE-0630,Historical Legal Employee 0630,DEPARTMENT-011,Legal & Compliance,Mid,Former Employee,2025-09-01,Supports complete 24-month movement history without adding former staff to the active attrition population
HISTORICAL-EMPLOYEE-0631,Historical Legal Employee 0631,DEPARTMENT-011,Legal & Compliance,Junior,Former Employee,2025-09-01,Supports complete 24-month movement history without adding former staff to the active attrition population
HISTORICAL-EMPLOYEE-0632,Historical Procurement Employee 0632,DEPARTMENT-012,Procurement & Supply Chain,Junior,Historical Joiner,2025-09-01,Supports complete 24-month movement history without adding former staff to the active attrition population
HISTORICAL-EMPLOYEE-0633,Historical Procurement Employee 0633,DEPARTMENT-012,Procurement & Supply Chain,Junior,Historical Joiner,2025-09-01,Supports complete 24-month movement history without adding former staff to the active attrition population
HISTORICAL-EMPLOYEE-0634,Historical Procurement Employee 0634,DEPARTMENT-012,Procurement & Supply Chain,Junior,Historical Joiner,2025-09-01,Supports complete 24-month movement history without adding former staff to the active attrition population
HISTORICAL-EMPLOYEE-0635,Historical Procurement Employee 0635,DEPARTMENT-012,Procurement & Supply Chain,Senior,Former Employee,2025-09-01,Supports complete 24-month movement history without adding former staff to the active attrition population
HISTORICAL-EMPLOYEE-0636,Historical Procurement Employee 0636,DEPARTMENT-012,Procurement & Supply Chain,Junior,Former Employee,2025-09-01,Supports complete 24-month movement history without adding former staff to the active attrition population
HISTORICAL-EMPLOYEE-0637,Historical Logistics Employee 0637,DEPARTMENT-013,Logistics & Warehouse,Junior,Historical Joiner,2025-09-01,Supports complete 24-month movement history without adding former staff to the active attrition population
HISTORICAL-EMPLOYEE-0638,Historical Logistics Employee 0638,DEPARTMENT-013,Logistics & Warehouse,Junior,Historical Joiner,2025-09-01,Supports complete 24-month movement history without adding former staff to the active attrition population
HISTORICAL-EMPLOYEE-0639,Historical Logistics Employee 0639,DEPARTMENT-013,Logistics & Warehouse,Junior,Historical Joiner,2025-09-01,Supports complete 24-month movement history without adding former staff to the active attrition population
HISTORICAL-EMPLOYEE-0640,Historical Logistics Employee 0640,DEPARTMENT-013,Logistics & Warehouse,Senior,Former Employee,2025-09-01,Supports complete 24-month movement history without adding former staff to the active attrition population
HISTORICAL-EMPLOYEE-0641,Historical Logistics Employee 0641,DEPARTMENT-013,Logistics & Warehouse,Senior,Former Employee,2025-09-01,Supports complete 24-month movement history without adding former staff to the active attrition population
HISTORICAL-EMPLOYEE-0642,Historical Production Employee 0642,DEPARTMENT-014,Production & Manufacturing,Junior,Historical Joiner,2025-09-01,Supports complete 24-month movement history without adding former staff to the active attrition population
HISTORICAL-EMPLOYEE-0643,Historical Production Employee 0643,DEPARTMENT-014,Production & Manufacturing,Junior,Historical Joiner,2025-09-01,Supports complete 24-month movement history without adding former staff to the active attrition population
HISTORICAL-EMPLOYEE-0644,Historical Production Employee 0644,DEPARTMENT-014,Production & Manufacturing,Mid,Former Employee,2025-09-01,Supports complete 24-month movement history without adding former staff to the active attrition population
HISTORICAL-EMPLOYEE-0645,Historical Production Employee 0645,DEPARTMENT-014,Production & Manufacturing,Junior,Former Employee,2025-09-01,Supports complete 24-month movement history without adding former staff to the active attrition population
HISTORICAL-EMPLOYEE-0646,Historical Quality Employee 0646,DEPARTMENT-015,Quality Assurance,Junior,Former Employee,2025-09-01,Supports complete 24-month movement history without adding former staff to the active attrition population
HISTORICAL-EMPLOYEE-0647,Historical Research Employee 0647,DEPARTMENT-016,Research & Development,Senior,Former Employee,2025-09-01,Supports complete 24-month movement history without adding former staff to the active attrition population
HISTORICAL-EMPLOYEE-0648,Historical HR Employee 0648,DEPARTMENT-001,HR,Junior,Historical Joiner,2025-10-01,Supports complete 24-month movement history without adding former staff to the active attrition population
HISTORICAL-EMPLOYEE-0649,Historical Finance Employee 0649,DEPARTMENT-002,Finance,Junior,Former Employee,2025-10-01,Supports complete 24-month movement history without adding former staff to the active attrition population
HISTORICAL-EMPLOYEE-0650,Historical Finance Employee 0650,DEPARTMENT-002,Finance,Senior,Former Employee,2025-10-01,Supports complete 24-month movement history without adding former staff to the active attrition population
HISTORICAL-EMPLOYEE-0651,Historical Finance Employee 0651,DEPARTMENT-002,Finance,Junior,Former Employee,2025-10-01,Supports complete 24-month movement history without adding former staff to the active attrition population
HISTORICAL-EMPLOYEE-0652,Historical Sales Employee 0652,DEPARTMENT-003,Sales,Junior,Historical Joiner,2025-10-01,Supports complete 24-month movement history without adding former staff to the active attrition population
HISTORICAL-EMPLOYEE-0653,Historical Sales Employee 0653,DEPARTMENT-003,Sales,Senior,Former Employee,2025-10-01,Supports complete 24-month movement history without adding former staff to the active attrition population
HISTORICAL-EMPLOYEE-0654,Historical Customer Employee 0654,DEPARTMENT-004,Customer Support,Junior,Historical Joiner,2025-10-01,Supports complete 24-month movement history without adding former staff to the active attrition population
HISTORICAL-EMPLOYEE-0655,Historical Engineering Employee 0655,DEPARTMENT-005,Engineering,Junior,Historical Joiner,2025-10-01,Supports complete 24-month movement history without adding former staff to the active attrition population
HISTORICAL-EMPLOYEE-0656,Historical Engineering Employee 0656,DEPARTMENT-005,Engineering,Mid,Former Employee,2025-10-01,Supports complete 24-month movement history without adding former staff to the active attrition population
HISTORICAL-EMPLOYEE-0657,Historical Engineering Employee 0657,DEPARTMENT-005,Engineering,Senior,Former Employee,2025-10-01,Supports complete 24-month movement history without adding former staff to the active attrition population
HISTORICAL-EMPLOYEE-0658,Historical Engineering Employee 0658,DEPARTMENT-005,Engineering,Junior,Former Employee,2025-10-01,Supports complete 24-month movement history without adding former staff to the active attrition population
HISTORICAL-EMPLOYEE-0659,Historical Operations Employee 0659,DEPARTMENT-006,Operations,Senior,Former Employee,2025-10-01,Supports complete 24-month movement history without adding former staff to the active attrition population
HISTORICAL-EMPLOYEE-0660,Historical IT Employee 0660,DEPARTMENT-007,IT,Mid,Former Employee,2025-10-01,Supports complete 24-month movement history without adding former staff to the active attrition population
HISTORICAL-EMPLOYEE-0661,Historical Medical Employee 0661,DEPARTMENT-008,Medical Care,Junior,Historical Joiner,2025-10-01,Supports complete 24-month movement history without adding former staff to the active attrition population
HISTORICAL-EMPLOYEE-0662,Historical Medical Employee 0662,DEPARTMENT-008,Medical Care,Junior,Historical Joiner,2025-10-01,Supports complete 24-month movement history without adding former staff to the active attrition population
HISTORICAL-EMPLOYEE-0663,Historical Medical Employee 0663,DEPARTMENT-008,Medical Care,Junior,Historical Joiner,2025-10-01,Supports complete 24-month movement history without adding former staff to the active attrition population
HISTORICAL-EMPLOYEE-0664,Historical Administration Employee 0664,DEPARTMENT-010,Administration & Facilities,Mid,Former Employee,2025-10-01,Supports complete 24-month movement history without adding former staff to the active attrition population
HISTORICAL-EMPLOYEE-0665,Historical Administration Employee 0665,DEPARTMENT-010,Administration & Facilities,Junior,Former Employee,2025-10-01,Supports complete 24-month movement history without adding former staff to the active attrition population
HISTORICAL-EMPLOYEE-0666,Historical Legal Employee 0666,DEPARTMENT-011,Legal & Compliance,Junior,Historical Joiner,2025-10-01,Supports complete 24-month movement history without adding former staff to the active attrition population
HISTORICAL-EMPLOYEE-0667,Historical Legal Employee 0667,DEPARTMENT-011,Legal & Compliance,Junior,Historical Joiner,2025-10-01,Supports complete 24-month movement history without adding former staff to the active attrition population
HISTORICAL-EMPLOYEE-0668,Historical Legal Employee 0668,DEPARTMENT-011,Legal & Compliance,Junior,Historical Joiner,2025-10-01,Supports complete 24-month movement history without adding former staff to the active attrition population
HISTORICAL-EMPLOYEE-0669,Historical Legal Employee 0669,DEPARTMENT-011,Legal & Compliance,Senior,Former Employee,2025-10-01,Supports complete 24-month movement history without adding former staff to the active attrition population
HISTORICAL-EMPLOYEE-0670,Historical Legal Employee 0670,DEPARTMENT-011,Legal & Compliance,Mid,Former Employee,2025-10-01,Supports complete 24-month movement history without adding former staff to the active attrition population
HISTORICAL-EMPLOYEE-0671,Historical Legal Employee 0671,DEPARTMENT-011,Legal & Compliance,Junior,Former Employee,2025-10-01,Supports complete 24-month movement history without adding former staff to the active attrition population
HISTORICAL-EMPLOYEE-0672,Historical Procurement Employee 0672,DEPARTMENT-012,Procurement & Supply Chain,Junior,Former Employee,2025-10-01,Supports complete 24-month movement history without adding former staff to the active attrition population
HISTORICAL-EMPLOYEE-0673,Historical Logistics Employee 0673,DEPARTMENT-013,Logistics & Warehouse,Junior,Historical Joiner,2025-10-01,Supports complete 24-month movement history without adding former staff to the active attrition population
HISTORICAL-EMPLOYEE-0674,Historical Logistics Employee 0674,DEPARTMENT-013,Logistics & Warehouse,Junior,Historical Joiner,2025-10-01,Supports complete 24-month movement history without adding former staff to the active attrition population
HISTORICAL-EMPLOYEE-0675,Historical Logistics Employee 0675,DEPARTMENT-013,Logistics & Warehouse,Junior,Historical Joiner,2025-10-01,Supports complete 24-month movement history without adding former staff to the active attrition population
HISTORICAL-EMPLOYEE-0676,Historical Logistics Employee 0676,DEPARTMENT-013,Logistics & Warehouse,Junior,Historical Joiner,2025-10-01,Supports complete 24-month movement history without adding former staff to the active attrition population
HISTORICAL-EMPLOYEE-0677,Historical Logistics Employee 0677,DEPARTMENT-013,Logistics & Warehouse,Junior,Historical Joiner,2025-10-01,Supports complete 24-month movement history without adding former staff to the active attrition population
HISTORICAL-EMPLOYEE-0678,Historical Logistics Employee 0678,DEPARTMENT-013,Logistics & Warehouse,Mid,Former Employee,2025-10-01,Supports complete 24-month movement history without adding former staff to the active attrition population
HISTORICAL-EMPLOYEE-0679,Historical Logistics Employee 0679,DEPARTMENT-013,Logistics & Warehouse,Senior,Former Employee,2025-10-01,Supports complete 24-month movement history without adding former staff to the active attrition population
HISTORICAL-EMPLOYEE-0680,Historical Production Employee 0680,DEPARTMENT-014,Production & Manufacturing,Junior,Historical Joiner,2025-10-01,Supports complete 24-month movement history without adding former staff to the active attrition population
HISTORICAL-EMPLOYEE-0681,Historical Production Employee 0681,DEPARTMENT-014,Production & Manufacturing,Junior,Historical Joiner,2025-10-01,Supports complete 24-month movement history without adding former staff to the active attrition population
HISTORICAL-EMPLOYEE-0682,Historical Production Employee 0682,DEPARTMENT-014,Production & Manufacturing,Junior,Historical Joiner,2025-10-01,Supports complete 24-month movement history without adding former staff to the active attrition population
HISTORICAL-EMPLOYEE-0683,Historical Production Employee 0683,DEPARTMENT-014,Production & Manufacturing,Junior,Historical Joiner,2025-10-01,Supports complete 24-month movement history without adding former staff to the active attrition population
HISTORICAL-EMPLOYEE-0684,Historical Production Employee 0684,DEPARTMENT-014,Production & Manufacturing,Junior,Historical Joiner,2025-10-01,Supports complete 24-month movement history without adding former staff to the active attrition population
HISTORICAL-EMPLOYEE-0685,Historical Production Employee 0685,DEPARTMENT-014,Production & Manufacturing,Junior,Historical Joiner,2025-10-01,Supports complete 24-month movement history without adding former staff to the active attrition population
HISTORICAL-EMPLOYEE-0686,Historical Production Employee 0686,DEPARTMENT-014,Production & Manufacturing,Junior,Historical Joiner,2025-10-01,Supports complete 24-month movement history without adding former staff to the active attrition population
HISTORICAL-EMPLOYEE-0687,Historical Production Employee 0687,DEPARTMENT-014,Production & Manufacturing,Junior,Former Employee,2025-10-01,Supports complete 24-month movement history without adding former staff to the active attrition population
HISTORICAL-EMPLOYEE-0688,Historical Production Employee 0688,DEPARTMENT-014,Production & Manufacturing,Mid,Former Employee,2025-10-01,Supports complete 24-month movement history without adding former staff to the active attrition population
HISTORICAL-EMPLOYEE-0689,Historical Production Employee 0689,DEPARTMENT-014,Production & Manufacturing,Mid,Former Employee,2025-10-01,Supports complete 24-month movement history without adding former staff to the active attrition population
HISTORICAL-EMPLOYEE-0690,Historical Research Employee 0690,DEPARTMENT-016,Research & Development,Junior,Historical Joiner,2025-10-01,Supports complete 24-month movement history without adding former staff to the active attrition population
HISTORICAL-EMPLOYEE-0691,Historical Research Employee 0691,DEPARTMENT-016,Research & Development,Junior,Historical Joiner,2025-10-01,Supports complete 24-month movement history without adding former staff to the active attrition population
HISTORICAL-EMPLOYEE-0692,Historical Research Employee 0692,DEPARTMENT-016,Research & Development,Junior,Historical Joiner,2025-10-01,Supports complete 24-month movement history without adding former staff to the active attrition population
HISTORICAL-EMPLOYEE-0693,Historical Research Employee 0693,DEPARTMENT-016,Research & Development,Junior,Historical Joiner,2025-10-01,Supports complete 24-month movement history without adding former staff to the active attrition population
HISTORICAL-EMPLOYEE-0694,Historical Research Employee 0694,DEPARTMENT-016,Research & Development,Junior,Historical Joiner,2025-10-01,Supports complete 24-month movement history without adding former staff to the active attrition population
HISTORICAL-EMPLOYEE-0695,Historical Research Employee 0695,DEPARTMENT-016,Research & Development,Junior,Historical Joiner,2025-10-01,Supports complete 24-month movement history without adding former staff to the active attrition population
HISTORICAL-EMPLOYEE-0696,Historical Research Employee 0696,DEPARTMENT-016,Research & Development,Mid,Former Employee,2025-10-01,Supports complete 24-month movement history without adding former staff to the active attrition population
HISTORICAL-EMPLOYEE-0697,Historical Research Employee 0697,DEPARTMENT-016,Research & Development,Senior,Former Employee,2025-10-01,Supports complete 24-month movement history without adding former staff to the active attrition population
HISTORICAL-EMPLOYEE-0698,Historical Sales Employee 0698,DEPARTMENT-003,Sales,Junior,Historical Joiner,2025-11-01,Supports complete 24-month movement history without adding former staff to the active attrition population
HISTORICAL-EMPLOYEE-0699,Historical Sales Employee 0699,DEPARTMENT-003,Sales,Junior,Historical Joiner,2025-11-01,Supports complete 24-month movement history without adding former staff to the active attrition population
HISTORICAL-EMPLOYEE-0700,Historical Sales Employee 0700,DEPARTMENT-003,Sales,Junior,Historical Joiner,2025-11-01,Supports complete 24-month movement history without adding former staff to the active attrition population
HISTORICAL-EMPLOYEE-0701,Historical Sales Employee 0701,DEPARTMENT-003,Sales,Senior,Former Employee,2025-11-01,Supports complete 24-month movement history without adding former staff to the active attrition population
HISTORICAL-EMPLOYEE-0702,Historical Sales Employee 0702,DEPARTMENT-003,Sales,Junior,Former Employee,2025-11-01,Supports complete 24-month movement history without adding former staff to the active attrition population
HISTORICAL-EMPLOYEE-0703,Historical Customer Employee 0703,DEPARTMENT-004,Customer Support,Junior,Historical Joiner,2025-11-01,Supports complete 24-month movement history without adding former staff to the active attrition population
HISTORICAL-EMPLOYEE-0704,Historical Customer Employee 0704,DEPARTMENT-004,Customer Support,Junior,Historical Joiner,2025-11-01,Supports complete 24-month movement history without adding former staff to the active attrition population
HISTORICAL-EMPLOYEE-0705,Historical Customer Employee 0705,DEPARTMENT-004,Customer Support,Junior,Former Employee,2025-11-01,Supports complete 24-month movement history without adding former staff to the active attrition population
HISTORICAL-EMPLOYEE-0706,Historical Customer Employee 0706,DEPARTMENT-004,Customer Support,Junior,Former Employee,2025-11-01,Supports complete 24-month movement history without adding former staff to the active attrition population
HISTORICAL-EMPLOYEE-0707,Historical Engineering Employee 0707,DEPARTMENT-005,Engineering,Junior,Historical Joiner,2025-11-01,Supports complete 24-month movement history without adding former staff to the active attrition population
HISTORICAL-EMPLOYEE-0708,Historical Engineering Employee 0708,DEPARTMENT-005,Engineering,Junior,Historical Joiner,2025-11-01,Supports complete 24-month movement history without adding former staff to the active attrition population
HISTORICAL-EMPLOYEE-0709,Historical Engineering Employee 0709,DEPARTMENT-005,Engineering,Senior,Former Employee,2025-11-01,Supports complete 24-month movement history without adding former staff to the active attrition population
HISTORICAL-EMPLOYEE-0710,Historical IT Employee 0710,DEPARTMENT-007,IT,Senior,Former Employee,2025-11-01,Supports complete 24-month movement history without adding former staff to the active attrition population
HISTORICAL-EMPLOYEE-0711,Historical Medical Employee 0711,DEPARTMENT-008,Medical Care,Junior,Former Employee,2025-11-01,Supports complete 24-month movement history without adding former staff to the active attrition population
HISTORICAL-EMPLOYEE-0712,Historical Training Employee 0712,DEPARTMENT-009,Training & Development,Junior,Historical Joiner,2025-11-01,Supports complete 24-month movement history without adding former staff to the active attrition population
HISTORICAL-EMPLOYEE-0713,Historical Training Employee 0713,DEPARTMENT-009,Training & Development,Mid,Former Employee,2025-11-01,Supports complete 24-month movement history without adding former staff to the active attrition population
HISTORICAL-EMPLOYEE-0714,Historical Training Employee 0714,DEPARTMENT-009,Training & Development,Mid,Former Employee,2025-11-01,Supports complete 24-month movement history without adding former staff to the active attrition population
HISTORICAL-EMPLOYEE-0715,Historical Training Employee 0715,DEPARTMENT-009,Training & Development,Junior,Former Employee,2025-11-01,Supports complete 24-month movement history without adding former staff to the active attrition population
HISTORICAL-EMPLOYEE-0716,Historical Administration Employee 0716,DEPARTMENT-010,Administration & Facilities,Junior,Historical Joiner,2025-11-01,Supports complete 24-month movement history without adding former staff to the active attrition population
HISTORICAL-EMPLOYEE-0717,Historical Administration Employee 0717,DEPARTMENT-010,Administration & Facilities,Junior,Historical Joiner,2025-11-01,Supports complete 24-month movement history without adding former staff to the active attrition population
HISTORICAL-EMPLOYEE-0718,Historical Administration Employee 0718,DEPARTMENT-010,Administration & Facilities,Junior,Historical Joiner,2025-11-01,Supports complete 24-month movement history without adding former staff to the active attrition population
HISTORICAL-EMPLOYEE-0719,Historical Administration Employee 0719,DEPARTMENT-010,Administration & Facilities,Senior,Former Employee,2025-11-01,Supports complete 24-month movement history without adding former staff to the active attrition population
HISTORICAL-EMPLOYEE-0720,Historical Procurement Employee 0720,DEPARTMENT-012,Procurement & Supply Chain,Junior,Historical Joiner,2025-11-01,Supports complete 24-month movement history without adding former staff to the active attrition population
HISTORICAL-EMPLOYEE-0721,Historical Procurement Employee 0721,DEPARTMENT-012,Procurement & Supply Chain,Senior,Former Employee,2025-11-01,Supports complete 24-month movement history without adding former staff to the active attrition population
HISTORICAL-EMPLOYEE-0722,Historical Logistics Employee 0722,DEPARTMENT-013,Logistics & Warehouse,Junior,Historical Joiner,2025-11-01,Supports complete 24-month movement history without adding former staff to the active attrition population
HISTORICAL-EMPLOYEE-0723,Historical Logistics Employee 0723,DEPARTMENT-013,Logistics & Warehouse,Junior,Historical Joiner,2025-11-01,Supports complete 24-month movement history without adding former staff to the active attrition population
HISTORICAL-EMPLOYEE-0724,Historical Logistics Employee 0724,DEPARTMENT-013,Logistics & Warehouse,Senior,Former Employee,2025-11-01,Supports complete 24-month movement history without adding former staff to the active attrition population
HISTORICAL-EMPLOYEE-0725,Historical Production Employee 0725,DEPARTMENT-014,Production & Manufacturing,Junior,Historical Joiner,2025-11-01,Supports complete 24-month movement history without adding former staff to the active attrition population
HISTORICAL-EMPLOYEE-0726,Historical Production Employee 0726,DEPARTMENT-014,Production & Manufacturing,Junior,Historical Joiner,2025-11-01,Supports complete 24-month movement history without adding former staff to the active attrition population
HISTORICAL-EMPLOYEE-0727,Historical Production Employee 0727,DEPARTMENT-014,Production & Manufacturing,Junior,Historical Joiner,2025-11-01,Supports complete 24-month movement history without adding former staff to the active attrition population
HISTORICAL-EMPLOYEE-0728,Historical Production Employee 0728,DEPARTMENT-014,Production & Manufacturing,Junior,Historical Joiner,2025-11-01,Supports complete 24-month movement history without adding former staff to the active attrition population
HISTORICAL-EMPLOYEE-0729,Historical Production Employee 0729,DEPARTMENT-014,Production & Manufacturing,Mid,Former Employee,2025-11-01,Supports complete 24-month movement history without adding former staff to the active attrition population
HISTORICAL-EMPLOYEE-0730,Historical Production Employee 0730,DEPARTMENT-014,Production & Manufacturing,Junior,Former Employee,2025-11-01,Supports complete 24-month movement history without adding former staff to the active attrition population
HISTORICAL-EMPLOYEE-0731,Historical Quality Employee 0731,DEPARTMENT-015,Quality Assurance,Junior,Historical Joiner,2025-11-01,Supports complete 24-month movement history without adding former staff to the active attrition population
HISTORICAL-EMPLOYEE-0732,Historical Quality Employee 0732,DEPARTMENT-015,Quality Assurance,Junior,Historical Joiner,2025-11-01,Supports complete 24-month movement history without adding former staff to the active attrition population
HISTORICAL-EMPLOYEE-0733,Historical Quality Employee 0733,DEPARTMENT-015,Quality Assurance,Junior,Historical Joiner,2025-11-01,Supports complete 24-month movement history without adding former staff to the active attrition population
HISTORICAL-EMPLOYEE-0734,Historical Quality Employee 0734,DEPARTMENT-015,Quality Assurance,Junior,Historical Joiner,2025-11-01,Supports complete 24-month movement history without adding former staff to the active attrition population
HISTORICAL-EMPLOYEE-0735,Historical Quality Employee 0735,DEPARTMENT-015,Quality Assurance,Junior,Historical Joiner,2025-11-01,Supports complete 24-month movement history without adding former staff to the active attrition population
HISTORICAL-EMPLOYEE-0736,Historical Quality Employee 0736,DEPARTMENT-015,Quality Assurance,Mid,Former Employee,2025-11-01,Supports complete 24-month movement history without adding former staff to the active attrition population
HISTORICAL-EMPLOYEE-0737,Historical Quality Employee 0737,DEPARTMENT-015,Quality Assurance,Junior,Former Employee,2025-11-01,Supports complete 24-month movement history without adding former staff to the active attrition population
HISTORICAL-EMPLOYEE-0738,Historical Quality Employee 0738,DEPARTMENT-015,Quality Assurance,Junior,Former Employee,2025-11-01,Supports complete 24-month movement history without adding former staff to the active attrition population
HISTORICAL-EMPLOYEE-0739,Historical Research Employee 0739,DEPARTMENT-016,Research & Development,Mid,Former Employee,2025-11-01,Supports complete 24-month movement history without adding former staff to the active attrition population
HISTORICAL-EMPLOYEE-0740,Historical HR Employee 0740,DEPARTMENT-001,HR,Junior,Historical Joiner,2025-12-01,Supports complete 24-month movement history without adding former staff to the active attrition population
HISTORICAL-EMPLOYEE-0741,Historical HR Employee 0741,DEPARTMENT-001,HR,Junior,Historical Joiner,2025-12-01,Supports complete 24-month movement history without adding former staff to the active attrition population
HISTORICAL-EMPLOYEE-0742,Historical HR Employee 0742,DEPARTMENT-001,HR,Senior,Former Employee,2025-12-01,Supports complete 24-month movement history without adding former staff to the active attrition population
HISTORICAL-EMPLOYEE-0743,Historical HR Employee 0743,DEPARTMENT-001,HR,Senior,Former Employee,2025-12-01,Supports complete 24-month movement history without adding former staff to the active attrition population
HISTORICAL-EMPLOYEE-0744,Historical Finance Employee 0744,DEPARTMENT-002,Finance,Junior,Historical Joiner,2025-12-01,Supports complete 24-month movement history without adding former staff to the active attrition population
HISTORICAL-EMPLOYEE-0745,Historical Finance Employee 0745,DEPARTMENT-002,Finance,Mid,Former Employee,2025-12-01,Supports complete 24-month movement history without adding former staff to the active attrition population
HISTORICAL-EMPLOYEE-0746,Historical Sales Employee 0746,DEPARTMENT-003,Sales,Junior,Historical Joiner,2025-12-01,Supports complete 24-month movement history without adding former staff to the active attrition population
HISTORICAL-EMPLOYEE-0747,Historical Sales Employee 0747,DEPARTMENT-003,Sales,Mid,Former Employee,2025-12-01,Supports complete 24-month movement history without adding former staff to the active attrition population
HISTORICAL-EMPLOYEE-0748,Historical Customer Employee 0748,DEPARTMENT-004,Customer Support,Junior,Historical Joiner,2025-12-01,Supports complete 24-month movement history without adding former staff to the active attrition population
HISTORICAL-EMPLOYEE-0749,Historical Customer Employee 0749,DEPARTMENT-004,Customer Support,Junior,Historical Joiner,2025-12-01,Supports complete 24-month movement history without adding former staff to the active attrition population
HISTORICAL-EMPLOYEE-0750,Historical Engineering Employee 0750,DEPARTMENT-005,Engineering,Senior,Former Employee,2025-12-01,Supports complete 24-month movement history without adding former staff to the active attrition population
HISTORICAL-EMPLOYEE-0751,Historical Engineering Employee 0751,DEPARTMENT-005,Engineering,Junior,Former Employee,2025-12-01,Supports complete 24-month movement history without adding former staff to the active attrition population
HISTORICAL-EMPLOYEE-0752,Historical Operations Employee 0752,DEPARTMENT-006,Operations,Junior,Historical Joiner,2025-12-01,Supports complete 24-month movement history without adding former staff to the active attrition population
HISTORICAL-EMPLOYEE-0753,Historical Operations Employee 0753,DEPARTMENT-006,Operations,Senior,Former Employee,2025-12-01,Supports complete 24-month movement history without adding former staff to the active attrition population
HISTORICAL-EMPLOYEE-0754,Historical Operations Employee 0754,DEPARTMENT-006,Operations,Mid,Former Employee,2025-12-01,Supports complete 24-month movement history without adding former staff to the active attrition population
HISTORICAL-EMPLOYEE-0755,Historical Operations Employee 0755,DEPARTMENT-006,Operations,Senior,Former Employee,2025-12-01,Supports complete 24-month movement history without adding former staff to the active attrition population
HISTORICAL-EMPLOYEE-0756,Historical Medical Employee 0756,DEPARTMENT-008,Medical Care,Junior,Historical Joiner,2025-12-01,Supports complete 24-month movement history without adding former staff to the active attrition population
HISTORICAL-EMPLOYEE-0757,Historical Medical Employee 0757,DEPARTMENT-008,Medical Care,Junior,Historical Joiner,2025-12-01,Supports complete 24-month movement history without adding former staff to the active attrition population
HISTORICAL-EMPLOYEE-0758,Historical Medical Employee 0758,DEPARTMENT-008,Medical Care,Junior,Historical Joiner,2025-12-01,Supports complete 24-month movement history without adding former staff to the active attrition population
HISTORICAL-EMPLOYEE-0759,Historical Medical Employee 0759,DEPARTMENT-008,Medical Care,Junior,Historical Joiner,2025-12-01,Supports complete 24-month movement history without adding former staff to the active attrition population
HISTORICAL-EMPLOYEE-0760,Historical Medical Employee 0760,DEPARTMENT-008,Medical Care,Junior,Historical Joiner,2025-12-01,Supports complete 24-month movement history without adding former staff to the active attrition population
HISTORICAL-EMPLOYEE-0761,Historical Medical Employee 0761,DEPARTMENT-008,Medical Care,Junior,Historical Joiner,2025-12-01,Supports complete 24-month movement history without adding former staff to the active attrition population
HISTORICAL-EMPLOYEE-0762,Historical Medical Employee 0762,DEPARTMENT-008,Medical Care,Senior,Former Employee,2025-12-01,Supports complete 24-month movement history without adding former staff to the active attrition population
HISTORICAL-EMPLOYEE-0763,Historical Medical Employee 0763,DEPARTMENT-008,Medical Care,Senior,Former Employee,2025-12-01,Supports complete 24-month movement history without adding former staff to the active attrition population
HISTORICAL-EMPLOYEE-0764,Historical Medical Employee 0764,DEPARTMENT-008,Medical Care,Mid,Former Employee,2025-12-01,Supports complete 24-month movement history without adding former staff to the active attrition population
HISTORICAL-EMPLOYEE-0765,Historical Training Employee 0765,DEPARTMENT-009,Training & Development,Junior,Historical Joiner,2025-12-01,Supports complete 24-month movement history without adding former staff to the active attrition population
HISTORICAL-EMPLOYEE-0766,Historical Training Employee 0766,DEPARTMENT-009,Training & Development,Junior,Historical Joiner,2025-12-01,Supports complete 24-month movement history without adding former staff to the active attrition population
HISTORICAL-EMPLOYEE-0767,Historical Training Employee 0767,DEPARTMENT-009,Training & Development,Junior,Historical Joiner,2025-12-01,Supports complete 24-month movement history without adding former staff to the active attrition population
HISTORICAL-EMPLOYEE-0768,Historical Training Employee 0768,DEPARTMENT-009,Training & Development,Mid,Former Employee,2025-12-01,Supports complete 24-month movement history without adding former staff to the active attrition population
HISTORICAL-EMPLOYEE-0769,Historical Administration Employee 0769,DEPARTMENT-010,Administration & Facilities,Junior,Historical Joiner,2025-12-01,Supports complete 24-month movement history without adding former staff to the active attrition population
HISTORICAL-EMPLOYEE-0770,Historical Administration Employee 0770,DEPARTMENT-010,Administration & Facilities,Junior,Historical Joiner,2025-12-01,Supports complete 24-month movement history without adding former staff to the active attrition population
HISTORICAL-EMPLOYEE-0771,Historical Administration Employee 0771,DEPARTMENT-010,Administration & Facilities,Junior,Historical Joiner,2025-12-01,Supports complete 24-month movement history without adding former staff to the active attrition population
HISTORICAL-EMPLOYEE-0772,Historical Administration Employee 0772,DEPARTMENT-010,Administration & Facilities,Junior,Former Employee,2025-12-01,Supports complete 24-month movement history without adding former staff to the active attrition population
HISTORICAL-EMPLOYEE-0773,Historical Administration Employee 0773,DEPARTMENT-010,Administration & Facilities,Junior,Former Employee,2025-12-01,Supports complete 24-month movement history without adding former staff to the active attrition population
HISTORICAL-EMPLOYEE-0774,Historical Administration Employee 0774,DEPARTMENT-010,Administration & Facilities,Junior,Former Employee,2025-12-01,Supports complete 24-month movement history without adding former staff to the active attrition population
HISTORICAL-EMPLOYEE-0775,Historical Legal Employee 0775,DEPARTMENT-011,Legal & Compliance,Junior,Historical Joiner,2025-12-01,Supports complete 24-month movement history without adding former staff to the active attrition population
HISTORICAL-EMPLOYEE-0776,Historical Procurement Employee 0776,DEPARTMENT-012,Procurement & Supply Chain,Junior,Historical Joiner,2025-12-01,Supports complete 24-month movement history without adding former staff to the active attrition population
HISTORICAL-EMPLOYEE-0777,Historical Procurement Employee 0777,DEPARTMENT-012,Procurement & Supply Chain,Senior,Former Employee,2025-12-01,Supports complete 24-month movement history without adding former staff to the active attrition population
HISTORICAL-EMPLOYEE-0778,Historical Procurement Employee 0778,DEPARTMENT-012,Procurement & Supply Chain,Junior,Former Employee,2025-12-01,Supports complete 24-month movement history without adding former staff to the active attrition population
HISTORICAL-EMPLOYEE-0779,Historical Procurement Employee 0779,DEPARTMENT-012,Procurement & Supply Chain,Senior,Former Employee,2025-12-01,Supports complete 24-month movement history without adding former staff to the active attrition population
HISTORICAL-EMPLOYEE-0780,Historical Logistics Employee 0780,DEPARTMENT-013,Logistics & Warehouse,Junior,Historical Joiner,2025-12-01,Supports complete 24-month movement history without adding former staff to the active attrition population
HISTORICAL-EMPLOYEE-0781,Historical Logistics Employee 0781,DEPARTMENT-013,Logistics & Warehouse,Junior,Historical Joiner,2025-12-01,Supports complete 24-month movement history without adding former staff to the active attrition population
HISTORICAL-EMPLOYEE-0782,Historical Logistics Employee 0782,DEPARTMENT-013,Logistics & Warehouse,Junior,Historical Joiner,2025-12-01,Supports complete 24-month movement history without adding former staff to the active attrition population
HISTORICAL-EMPLOYEE-0783,Historical Logistics Employee 0783,DEPARTMENT-013,Logistics & Warehouse,Junior,Former Employee,2025-12-01,Supports complete 24-month movement history without adding former staff to the active attrition population
HISTORICAL-EMPLOYEE-0784,Historical Logistics Employee 0784,DEPARTMENT-013,Logistics & Warehouse,Senior,Former Employee,2025-12-01,Supports complete 24-month movement history without adding former staff to the active attrition population
HISTORICAL-EMPLOYEE-0785,Historical Quality Employee 0785,DEPARTMENT-015,Quality Assurance,Senior,Former Employee,2025-12-01,Supports complete 24-month movement history without adding former staff to the active attrition population
HISTORICAL-EMPLOYEE-0786,Historical Research Employee 0786,DEPARTMENT-016,Research & Development,Senior,Former Employee,2025-12-01,Supports complete 24-month movement history without adding former staff to the active attrition population
HISTORICAL-EMPLOYEE-0787,Historical HR Employee 0787,DEPARTMENT-001,HR,Junior,Historical Joiner,2026-01-01,Supports complete 24-month movement history without adding former staff to the active attrition population
HISTORICAL-EMPLOYEE-0788,Historical HR Employee 0788,DEPARTMENT-001,HR,Junior,Historical Joiner,2026-01-01,Supports complete 24-month movement history without adding former staff to the active attrition population
HISTORICAL-EMPLOYEE-0789,Historical HR Employee 0789,DEPARTMENT-001,HR,Junior,Former Employee,2026-01-01,Supports complete 24-month movement history without adding former staff to the active attrition population
HISTORICAL-EMPLOYEE-0790,Historical HR Employee 0790,DEPARTMENT-001,HR,Junior,Former Employee,2026-01-01,Supports complete 24-month movement history without adding former staff to the active attrition population
HISTORICAL-EMPLOYEE-0791,Historical Finance Employee 0791,DEPARTMENT-002,Finance,Mid,Former Employee,2026-01-01,Supports complete 24-month movement history without adding former staff to the active attrition population
HISTORICAL-EMPLOYEE-0792,Historical Sales Employee 0792,DEPARTMENT-003,Sales,Senior,Former Employee,2026-01-01,Supports complete 24-month movement history without adding former staff to the active attrition population
HISTORICAL-EMPLOYEE-0793,Historical Sales Employee 0793,DEPARTMENT-003,Sales,Senior,Former Employee,2026-01-01,Supports complete 24-month movement history without adding former staff to the active attrition population
HISTORICAL-EMPLOYEE-0794,Historical Customer Employee 0794,DEPARTMENT-004,Customer Support,Junior,Former Employee,2026-01-01,Supports complete 24-month movement history without adding former staff to the active attrition population
HISTORICAL-EMPLOYEE-0795,Historical Customer Employee 0795,DEPARTMENT-004,Customer Support,Mid,Former Employee,2026-01-01,Supports complete 24-month movement history without adding former staff to the active attrition population
HISTORICAL-EMPLOYEE-0796,Historical Customer Employee 0796,DEPARTMENT-004,Customer Support,Mid,Former Employee,2026-01-01,Supports complete 24-month movement history without adding former staff to the active attrition population
HISTORICAL-EMPLOYEE-0797,Historical Engineering Employee 0797,DEPARTMENT-005,Engineering,Junior,Historical Joiner,2026-01-01,Supports complete 24-month movement history without adding former staff to the active attrition population
HISTORICAL-EMPLOYEE-0798,Historical Operations Employee 0798,DEPARTMENT-006,Operations,Junior,Historical Joiner,2026-01-01,Supports complete 24-month movement history without adding former staff to the active attrition population
HISTORICAL-EMPLOYEE-0799,Historical Operations Employee 0799,DEPARTMENT-006,Operations,Junior,Historical Joiner,2026-01-01,Supports complete 24-month movement history without adding former staff to the active attrition population
HISTORICAL-EMPLOYEE-0800,Historical Operations Employee 0800,DEPARTMENT-006,Operations,Junior,Historical Joiner,2026-01-01,Supports complete 24-month movement history without adding former staff to the active attrition population
HISTORICAL-EMPLOYEE-0801,Historical Operations Employee 0801,DEPARTMENT-006,Operations,Junior,Historical Joiner,2026-01-01,Supports complete 24-month movement history without adding former staff to the active attrition population
HISTORICAL-EMPLOYEE-0802,Historical Operations Employee 0802,DEPARTMENT-006,Operations,Junior,Former Employee,2026-01-01,Supports complete 24-month movement history without adding former staff to the active attrition population
HISTORICAL-EMPLOYEE-0803,Historical Operations Employee 0803,DEPARTMENT-006,Operations,Junior,Former Employee,2026-01-01,Supports complete 24-month movement history without adding former staff to the active attrition population
HISTORICAL-EMPLOYEE-0804,Historical Operations Employee 0804,DEPARTMENT-006,Operations,Senior,Former Employee,2026-01-01,Supports complete 24-month movement history without adding former staff to the active attrition population
HISTORICAL-EMPLOYEE-0805,Historical IT Employee 0805,DEPARTMENT-007,IT,Junior,Historical Joiner,2026-01-01,Supports complete 24-month movement history without adding former staff to the active attrition population
HISTORICAL-EMPLOYEE-0806,Historical IT Employee 0806,DEPARTMENT-007,IT,Junior,Historical Joiner,2026-01-01,Supports complete 24-month movement history without adding former staff to the active attrition population
HISTORICAL-EMPLOYEE-0807,Historical IT Employee 0807,DEPARTMENT-007,IT,Mid,Former Employee,2026-01-01,Supports complete 24-month movement history without adding former staff to the active attrition population
HISTORICAL-EMPLOYEE-0808,Historical IT Employee 0808,DEPARTMENT-007,IT,Senior,Former Employee,2026-01-01,Supports complete 24-month movement history without adding former staff to the active attrition population
HISTORICAL-EMPLOYEE-0809,Historical IT Employee 0809,DEPARTMENT-007,IT,Mid,Former Employee,2026-01-01,Supports complete 24-month movement history without adding former staff to the active attrition population
HISTORICAL-EMPLOYEE-0810,Historical Medical Employee 0810,DEPARTMENT-008,Medical Care,Junior,Former Employee,2026-01-01,Supports complete 24-month movement history without adding former staff to the active attrition population
HISTORICAL-EMPLOYEE-0811,Historical Training Employee 0811,DEPARTMENT-009,Training & Development,Junior,Historical Joiner,2026-01-01,Supports complete 24-month movement history without adding former staff to the active attrition population
HISTORICAL-EMPLOYEE-0812,Historical Administration Employee 0812,DEPARTMENT-010,Administration & Facilities,Junior,Former Employee,2026-01-01,Supports complete 24-month movement history without adding former staff to the active attrition population
HISTORICAL-EMPLOYEE-0813,Historical Administration Employee 0813,DEPARTMENT-010,Administration & Facilities,Senior,Former Employee,2026-01-01,Supports complete 24-month movement history without adding former staff to the active attrition population
HISTORICAL-EMPLOYEE-0814,Historical Legal Employee 0814,DEPARTMENT-011,Legal & Compliance,Junior,Historical Joiner,2026-01-01,Supports complete 24-month movement history without adding former staff to the active attrition population
HISTORICAL-EMPLOYEE-0815,Historical Legal Employee 0815,DEPARTMENT-011,Legal & Compliance,Junior,Historical Joiner,2026-01-01,Supports complete 24-month movement history without adding former staff to the active attrition population
HISTORICAL-EMPLOYEE-0816,Historical Legal Employee 0816,DEPARTMENT-011,Legal & Compliance,Junior,Historical Joiner,2026-01-01,Supports complete 24-month movement history without adding former staff to the active attrition population
HISTORICAL-EMPLOYEE-0817,Historical Legal Employee 0817,DEPARTMENT-011,Legal & Compliance,Junior,Former Employee,2026-01-01,Supports complete 24-month movement history without adding former staff to the active attrition population
HISTORICAL-EMPLOYEE-0818,Historical Legal Employee 0818,DEPARTMENT-011,Legal & Compliance,Junior,Former Employee,2026-01-01,Supports complete 24-month movement history without adding former staff to the active attrition population
HISTORICAL-EMPLOYEE-0819,Historical Legal Employee 0819,DEPARTMENT-011,Legal & Compliance,Junior,Former Employee,2026-01-01,Supports complete 24-month movement history without adding former staff to the active attrition population
HISTORICAL-EMPLOYEE-0820,Historical Logistics Employee 0820,DEPARTMENT-013,Logistics & Warehouse,Junior,Historical Joiner,2026-01-01,Supports complete 24-month movement history without adding former staff to the active attrition population
HISTORICAL-EMPLOYEE-0821,Historical Logistics Employee 0821,DEPARTMENT-013,Logistics & Warehouse,Mid,Former Employee,2026-01-01,Supports complete 24-month movement history without adding former staff to the active attrition population
HISTORICAL-EMPLOYEE-0822,Historical Logistics Employee 0822,DEPARTMENT-013,Logistics & Warehouse,Junior,Former Employee,2026-01-01,Supports complete 24-month movement history without adding former staff to the active attrition population
HISTORICAL-EMPLOYEE-0823,Historical Production Employee 0823,DEPARTMENT-014,Production & Manufacturing,Junior,Former Employee,2026-01-01,Supports complete 24-month movement history without adding former staff to the active attrition population
HISTORICAL-EMPLOYEE-0824,Historical Production Employee 0824,DEPARTMENT-014,Production & Manufacturing,Junior,Former Employee,2026-01-01,Supports complete 24-month movement history without adding former staff to the active attrition population
HISTORICAL-EMPLOYEE-0825,Historical Quality Employee 0825,DEPARTMENT-015,Quality Assurance,Mid,Former Employee,2026-01-01,Supports complete 24-month movement history without adding former staff to the active attrition population
HISTORICAL-EMPLOYEE-0826,Historical Quality Employee 0826,DEPARTMENT-015,Quality Assurance,Junior,Former Employee,2026-01-01,Supports complete 24-month movement history without adding former staff to the active attrition population
HISTORICAL-EMPLOYEE-0827,Historical Quality Employee 0827,DEPARTMENT-015,Quality Assurance,Junior,Former Employee,2026-01-01,Supports complete 24-month movement history without adding former staff to the active attrition population
HISTORICAL-EMPLOYEE-0828,Historical Quality Employee 0828,DEPARTMENT-015,Quality Assurance,Mid,Former Employee,2026-01-01,Supports complete 24-month movement history without adding former staff to the active attrition population
HISTORICAL-EMPLOYEE-0829,Historical Research Employee 0829,DEPARTMENT-016,Research & Development,Junior,Historical Joiner,2026-01-01,Supports complete 24-month movement history without adding former staff to the active attrition population
HISTORICAL-EMPLOYEE-0830,Historical Research Employee 0830,DEPARTMENT-016,Research & Development,Junior,Historical Joiner,2026-01-01,Supports complete 24-month movement history without adding former staff to the active attrition population
HISTORICAL-EMPLOYEE-0831,Historical Research Employee 0831,DEPARTMENT-016,Research & Development,Mid,Former Employee,2026-01-01,Supports complete 24-month movement history without adding former staff to the active attrition population
HISTORICAL-EMPLOYEE-0832,Historical Research Employee 0832,DEPARTMENT-016,Research & Development,Junior,Former Employee,2026-01-01,Supports complete 24-month movement history without adding former staff to the active attrition population
HISTORICAL-EMPLOYEE-0833,Historical HR Employee 0833,DEPARTMENT-001,HR,Junior,Historical Joiner,2026-02-01,Supports complete 24-month movement history without adding former staff to the active attrition population
HISTORICAL-EMPLOYEE-0834,Historical HR Employee 0834,DEPARTMENT-001,HR,Junior,Former Employee,2026-02-01,Supports complete 24-month movement history without adding former staff to the active attrition population
HISTORICAL-EMPLOYEE-0835,Historical Finance Employee 0835,DEPARTMENT-002,Finance,Junior,Former Employee,2026-02-01,Supports complete 24-month movement history without adding former staff to the active attrition population
HISTORICAL-EMPLOYEE-0836,Historical Finance Employee 0836,DEPARTMENT-002,Finance,Junior,Former Employee,2026-02-01,Supports complete 24-month movement history without adding former staff to the active attrition population
HISTORICAL-EMPLOYEE-0837,Historical Sales Employee 0837,DEPARTMENT-003,Sales,Junior,Former Employee,2026-02-01,Supports complete 24-month movement history without adding former staff to the active attrition population
HISTORICAL-EMPLOYEE-0838,Historical Customer Employee 0838,DEPARTMENT-004,Customer Support,Junior,Historical Joiner,2026-02-01,Supports complete 24-month movement history without adding former staff to the active attrition population
HISTORICAL-EMPLOYEE-0839,Historical Customer Employee 0839,DEPARTMENT-004,Customer Support,Junior,Historical Joiner,2026-02-01,Supports complete 24-month movement history without adding former staff to the active attrition population
HISTORICAL-EMPLOYEE-0840,Historical Customer Employee 0840,DEPARTMENT-004,Customer Support,Junior,Historical Joiner,2026-02-01,Supports complete 24-month movement history without adding former staff to the active attrition population
HISTORICAL-EMPLOYEE-0841,Historical Customer Employee 0841,DEPARTMENT-004,Customer Support,Junior,Historical Joiner,2026-02-01,Supports complete 24-month movement history without adding former staff to the active attrition population
HISTORICAL-EMPLOYEE-0842,Historical Customer Employee 0842,DEPARTMENT-004,Customer Support,Junior,Historical Joiner,2026-02-01,Supports complete 24-month movement history without adding former staff to the active attrition population
HISTORICAL-EMPLOYEE-0843,Historical Customer Employee 0843,DEPARTMENT-004,Customer Support,Mid,Former Employee,2026-02-01,Supports complete 24-month movement history without adding former staff to the active attrition population
HISTORICAL-EMPLOYEE-0844,Historical Customer Employee 0844,DEPARTMENT-004,Customer Support,Mid,Former Employee,2026-02-01,Supports complete 24-month movement history without adding former staff to the active attrition population
HISTORICAL-EMPLOYEE-0845,Historical Customer Employee 0845,DEPARTMENT-004,Customer Support,Junior,Former Employee,2026-02-01,Supports complete 24-month movement history without adding former staff to the active attrition population
HISTORICAL-EMPLOYEE-0846,Historical Engineering Employee 0846,DEPARTMENT-005,Engineering,Mid,Former Employee,2026-02-01,Supports complete 24-month movement history without adding former staff to the active attrition population
HISTORICAL-EMPLOYEE-0847,Historical Operations Employee 0847,DEPARTMENT-006,Operations,Junior,Former Employee,2026-02-01,Supports complete 24-month movement history without adding former staff to the active attrition population
HISTORICAL-EMPLOYEE-0848,Historical Medical Employee 0848,DEPARTMENT-008,Medical Care,Mid,Former Employee,2026-02-01,Supports complete 24-month movement history without adding former staff to the active attrition population
HISTORICAL-EMPLOYEE-0849,Historical Medical Employee 0849,DEPARTMENT-008,Medical Care,Mid,Former Employee,2026-02-01,Supports complete 24-month movement history without adding former staff to the active attrition population
HISTORICAL-EMPLOYEE-0850,Historical Training Employee 0850,DEPARTMENT-009,Training & Development,Junior,Historical Joiner,2026-02-01,Supports complete 24-month movement history without adding former staff to the active attrition population
HISTORICAL-EMPLOYEE-0851,Historical Training Employee 0851,DEPARTMENT-009,Training & Development,Junior,Historical Joiner,2026-02-01,Supports complete 24-month movement history without adding former staff to the active attrition population
HISTORICAL-EMPLOYEE-0852,Historical Training Employee 0852,DEPARTMENT-009,Training & Development,Junior,Historical Joiner,2026-02-01,Supports complete 24-month movement history without adding former staff to the active attrition population
HISTORICAL-EMPLOYEE-0853,Historical Training Employee 0853,DEPARTMENT-009,Training & Development,Junior,Historical Joiner,2026-02-01,Supports complete 24-month movement history without adding former staff to the active attrition population
HISTORICAL-EMPLOYEE-0854,Historical Training Employee 0854,DEPARTMENT-009,Training & Development,Junior,Historical Joiner,2026-02-01,Supports complete 24-month movement history without adding former staff to the active attrition population
HISTORICAL-EMPLOYEE-0855,Historical Training Employee 0855,DEPARTMENT-009,Training & Development,Senior,Former Employee,2026-02-01,Supports complete 24-month movement history without adding former staff to the active attrition population
HISTORICAL-EMPLOYEE-0856,Historical Training Employee 0856,DEPARTMENT-009,Training & Development,Senior,Former Employee,2026-02-01,Supports complete 24-month movement history without adding former staff to the active attrition population
HISTORICAL-EMPLOYEE-0857,Historical Training Employee 0857,DEPARTMENT-009,Training & Development,Mid,Former Employee,2026-02-01,Supports complete 24-month movement history without adding former staff to the active attrition population
HISTORICAL-EMPLOYEE-0858,Historical Administration Employee 0858,DEPARTMENT-010,Administration & Facilities,Senior,Former Employee,2026-02-01,Supports complete 24-month movement history without adding former staff to the active attrition population
HISTORICAL-EMPLOYEE-0859,Historical Legal Employee 0859,DEPARTMENT-011,Legal & Compliance,Senior,Former Employee,2026-02-01,Supports complete 24-month movement history without adding former staff to the active attrition population
HISTORICAL-EMPLOYEE-0860,Historical Legal Employee 0860,DEPARTMENT-011,Legal & Compliance,Junior,Former Employee,2026-02-01,Supports complete 24-month movement history without adding former staff to the active attrition population
HISTORICAL-EMPLOYEE-0861,Historical Procurement Employee 0861,DEPARTMENT-012,Procurement & Supply Chain,Junior,Historical Joiner,2026-02-01,Supports complete 24-month movement history without adding former staff to the active attrition population
HISTORICAL-EMPLOYEE-0862,Historical Procurement Employee 0862,DEPARTMENT-012,Procurement & Supply Chain,Junior,Historical Joiner,2026-02-01,Supports complete 24-month movement history without adding former staff to the active attrition population
HISTORICAL-EMPLOYEE-0863,Historical Procurement Employee 0863,DEPARTMENT-012,Procurement & Supply Chain,Junior,Historical Joiner,2026-02-01,Supports complete 24-month movement history without adding former staff to the active attrition population
HISTORICAL-EMPLOYEE-0864,Historical Procurement Employee 0864,DEPARTMENT-012,Procurement & Supply Chain,Mid,Former Employee,2026-02-01,Supports complete 24-month movement history without adding former staff to the active attrition population
HISTORICAL-EMPLOYEE-0865,Historical Procurement Employee 0865,DEPARTMENT-012,Procurement & Supply Chain,Senior,Former Employee,2026-02-01,Supports complete 24-month movement history without adding former staff to the active attrition population
HISTORICAL-EMPLOYEE-0866,Historical Logistics Employee 0866,DEPARTMENT-013,Logistics & Warehouse,Junior,Historical Joiner,2026-02-01,Supports complete 24-month movement history without adding former staff to the active attrition population
HISTORICAL-EMPLOYEE-0867,Historical Logistics Employee 0867,DEPARTMENT-013,Logistics & Warehouse,Junior,Former Employee,2026-02-01,Supports complete 24-month movement history without adding former staff to the active attrition population
HISTORICAL-EMPLOYEE-0868,Historical Logistics Employee 0868,DEPARTMENT-013,Logistics & Warehouse,Mid,Former Employee,2026-02-01,Supports complete 24-month movement history without adding former staff to the active attrition population
HISTORICAL-EMPLOYEE-0869,Historical Production Employee 0869,DEPARTMENT-014,Production & Manufacturing,Senior,Former Employee,2026-02-01,Supports complete 24-month movement history without adding former staff to the active attrition population
HISTORICAL-EMPLOYEE-0870,Historical Quality Employee 0870,DEPARTMENT-015,Quality Assurance,Junior,Historical Joiner,2026-02-01,Supports complete 24-month movement history without adding former staff to the active attrition population
HISTORICAL-EMPLOYEE-0871,Historical Quality Employee 0871,DEPARTMENT-015,Quality Assurance,Junior,Historical Joiner,2026-02-01,Supports complete 24-month movement history without adding former staff to the active attrition population
HISTORICAL-EMPLOYEE-0872,Historical Quality Employee 0872,DEPARTMENT-015,Quality Assurance,Junior,Historical Joiner,2026-02-01,Supports complete 24-month movement history without adding former staff to the active attrition population
HISTORICAL-EMPLOYEE-0873,Historical Quality Employee 0873,DEPARTMENT-015,Quality Assurance,Junior,Historical Joiner,2026-02-01,Supports complete 24-month movement history without adding former staff to the active attrition population
HISTORICAL-EMPLOYEE-0874,Historical Research Employee 0874,DEPARTMENT-016,Research & Development,Junior,Historical Joiner,2026-02-01,Supports complete 24-month movement history without adding former staff to the active attrition population
HISTORICAL-EMPLOYEE-0875,Historical Research Employee 0875,DEPARTMENT-016,Research & Development,Mid,Former Employee,2026-02-01,Supports complete 24-month movement history without adding former staff to the active attrition population
HISTORICAL-EMPLOYEE-0876,Historical Research Employee 0876,DEPARTMENT-016,Research & Development,Junior,Former Employee,2026-02-01,Supports complete 24-month movement history without adding former staff to the active attrition population
HISTORICAL-EMPLOYEE-0877,Historical HR Employee 0877,DEPARTMENT-001,HR,Senior,Former Employee,2026-03-01,Supports complete 24-month movement history without adding former staff to the active attrition population
HISTORICAL-EMPLOYEE-0878,Historical Finance Employee 0878,DEPARTMENT-002,Finance,Junior,Historical Joiner,2026-03-01,Supports complete 24-month movement history without adding former staff to the active attrition population
HISTORICAL-EMPLOYEE-0879,Historical Finance Employee 0879,DEPARTMENT-002,Finance,Junior,Historical Joiner,2026-03-01,Supports complete 24-month movement history without adding former staff to the active attrition population
HISTORICAL-EMPLOYEE-0880,Historical Finance Employee 0880,DEPARTMENT-002,Finance,Junior,Historical Joiner,2026-03-01,Supports complete 24-month movement history without adding former staff to the active attrition population
HISTORICAL-EMPLOYEE-0881,Historical Finance Employee 0881,DEPARTMENT-002,Finance,Senior,Former Employee,2026-03-01,Supports complete 24-month movement history without adding former staff to the active attrition population
HISTORICAL-EMPLOYEE-0882,Historical Finance Employee 0882,DEPARTMENT-002,Finance,Senior,Former Employee,2026-03-01,Supports complete 24-month movement history without adding former staff to the active attrition population
HISTORICAL-EMPLOYEE-0883,Historical Customer Employee 0883,DEPARTMENT-004,Customer Support,Junior,Former Employee,2026-03-01,Supports complete 24-month movement history without adding former staff to the active attrition population
HISTORICAL-EMPLOYEE-0884,Historical Customer Employee 0884,DEPARTMENT-004,Customer Support,Mid,Former Employee,2026-03-01,Supports complete 24-month movement history without adding former staff to the active attrition population
HISTORICAL-EMPLOYEE-0885,Historical Engineering Employee 0885,DEPARTMENT-005,Engineering,Junior,Historical Joiner,2026-03-01,Supports complete 24-month movement history without adding former staff to the active attrition population
HISTORICAL-EMPLOYEE-0886,Historical Engineering Employee 0886,DEPARTMENT-005,Engineering,Junior,Historical Joiner,2026-03-01,Supports complete 24-month movement history without adding former staff to the active attrition population
HISTORICAL-EMPLOYEE-0887,Historical Engineering Employee 0887,DEPARTMENT-005,Engineering,Mid,Former Employee,2026-03-01,Supports complete 24-month movement history without adding former staff to the active attrition population
HISTORICAL-EMPLOYEE-0888,Historical Operations Employee 0888,DEPARTMENT-006,Operations,Junior,Historical Joiner,2026-03-01,Supports complete 24-month movement history without adding former staff to the active attrition population
HISTORICAL-EMPLOYEE-0889,Historical Operations Employee 0889,DEPARTMENT-006,Operations,Junior,Historical Joiner,2026-03-01,Supports complete 24-month movement history without adding former staff to the active attrition population
HISTORICAL-EMPLOYEE-0890,Historical Operations Employee 0890,DEPARTMENT-006,Operations,Junior,Historical Joiner,2026-03-01,Supports complete 24-month movement history without adding former staff to the active attrition population
HISTORICAL-EMPLOYEE-0891,Historical Operations Employee 0891,DEPARTMENT-006,Operations,Senior,Former Employee,2026-03-01,Supports complete 24-month movement history without adding former staff to the active attrition population
HISTORICAL-EMPLOYEE-0892,Historical Operations Employee 0892,DEPARTMENT-006,Operations,Junior,Former Employee,2026-03-01,Supports complete 24-month movement history without adding former staff to the active attrition population
HISTORICAL-EMPLOYEE-0893,Historical Operations Employee 0893,DEPARTMENT-006,Operations,Mid,Former Employee,2026-03-01,Supports complete 24-month movement history without adding former staff to the active attrition population
HISTORICAL-EMPLOYEE-0894,Historical IT Employee 0894,DEPARTMENT-007,IT,Junior,Former Employee,2026-03-01,Supports complete 24-month movement history without adding former staff to the active attrition population
HISTORICAL-EMPLOYEE-0895,Historical Medical Employee 0895,DEPARTMENT-008,Medical Care,Senior,Former Employee,2026-03-01,Supports complete 24-month movement history without adding former staff to the active attrition population
HISTORICAL-EMPLOYEE-0896,Historical Medical Employee 0896,DEPARTMENT-008,Medical Care,Junior,Former Employee,2026-03-01,Supports complete 24-month movement history without adding former staff to the active attrition population
HISTORICAL-EMPLOYEE-0897,Historical Training Employee 0897,DEPARTMENT-009,Training & Development,Junior,Former Employee,2026-03-01,Supports complete 24-month movement history without adding former staff to the active attrition population
HISTORICAL-EMPLOYEE-0898,Historical Administration Employee 0898,DEPARTMENT-010,Administration & Facilities,Junior,Historical Joiner,2026-03-01,Supports complete 24-month movement history without adding former staff to the active attrition population
HISTORICAL-EMPLOYEE-0899,Historical Administration Employee 0899,DEPARTMENT-010,Administration & Facilities,Junior,Historical Joiner,2026-03-01,Supports complete 24-month movement history without adding former staff to the active attrition population
HISTORICAL-EMPLOYEE-0900,Historical Administration Employee 0900,DEPARTMENT-010,Administration & Facilities,Junior,Historical Joiner,2026-03-01,Supports complete 24-month movement history without adding former staff to the active attrition population
HISTORICAL-EMPLOYEE-0901,Historical Administration Employee 0901,DEPARTMENT-010,Administration & Facilities,Junior,Historical Joiner,2026-03-01,Supports complete 24-month movement history without adding former staff to the active attrition population
HISTORICAL-EMPLOYEE-0902,Historical Administration Employee 0902,DEPARTMENT-010,Administration & Facilities,Junior,Historical Joiner,2026-03-01,Supports complete 24-month movement history without adding former staff to the active attrition population
HISTORICAL-EMPLOYEE-0903,Historical Administration Employee 0903,DEPARTMENT-010,Administration & Facilities,Junior,Historical Joiner,2026-03-01,Supports complete 24-month movement history without adding former staff to the active attrition population
HISTORICAL-EMPLOYEE-0904,Historical Administration Employee 0904,DEPARTMENT-010,Administration & Facilities,Junior,Former Employee,2026-03-01,Supports complete 24-month movement history without adding former staff to the active attrition population
HISTORICAL-EMPLOYEE-0905,Historical Administration Employee 0905,DEPARTMENT-010,Administration & Facilities,Senior,Former Employee,2026-03-01,Supports complete 24-month movement history without adding former staff to the active attrition population
HISTORICAL-EMPLOYEE-0906,Historical Administration Employee 0906,DEPARTMENT-010,Administration & Facilities,Junior,Former Employee,2026-03-01,Supports complete 24-month movement history without adding former staff to the active attrition population
HISTORICAL-EMPLOYEE-0907,Historical Legal Employee 0907,DEPARTMENT-011,Legal & Compliance,Junior,Historical Joiner,2026-03-01,Supports complete 24-month movement history without adding former staff to the active attrition population
HISTORICAL-EMPLOYEE-0908,Historical Legal Employee 0908,DEPARTMENT-011,Legal & Compliance,Junior,Historical Joiner,2026-03-01,Supports complete 24-month movement history without adding former staff to the active attrition population
HISTORICAL-EMPLOYEE-0909,Historical Legal Employee 0909,DEPARTMENT-011,Legal & Compliance,Junior,Historical Joiner,2026-03-01,Supports complete 24-month movement history without adding former staff to the active attrition population
HISTORICAL-EMPLOYEE-0910,Historical Legal Employee 0910,DEPARTMENT-011,Legal & Compliance,Junior,Historical Joiner,2026-03-01,Supports complete 24-month movement history without adding former staff to the active attrition population
HISTORICAL-EMPLOYEE-0911,Historical Procurement Employee 0911,DEPARTMENT-012,Procurement & Supply Chain,Junior,Historical Joiner,2026-03-01,Supports complete 24-month movement history without adding former staff to the active attrition population
HISTORICAL-EMPLOYEE-0912,Historical Procurement Employee 0912,DEPARTMENT-012,Procurement & Supply Chain,Junior,Former Employee,2026-03-01,Supports complete 24-month movement history without adding former staff to the active attrition population
HISTORICAL-EMPLOYEE-0913,Historical Procurement Employee 0913,DEPARTMENT-012,Procurement & Supply Chain,Mid,Former Employee,2026-03-01,Supports complete 24-month movement history without adding former staff to the active attrition population
HISTORICAL-EMPLOYEE-0914,Historical Logistics Employee 0914,DEPARTMENT-013,Logistics & Warehouse,Junior,Former Employee,2026-03-01,Supports complete 24-month movement history without adding former staff to the active attrition population
HISTORICAL-EMPLOYEE-0915,Historical Logistics Employee 0915,DEPARTMENT-013,Logistics & Warehouse,Junior,Former Employee,2026-03-01,Supports complete 24-month movement history without adding former staff to the active attrition population
HISTORICAL-EMPLOYEE-0916,Historical Production Employee 0916,DEPARTMENT-014,Production & Manufacturing,Junior,Historical Joiner,2026-03-01,Supports complete 24-month movement history without adding former staff to the active attrition population
HISTORICAL-EMPLOYEE-0917,Historical Production Employee 0917,DEPARTMENT-014,Production & Manufacturing,Junior,Historical Joiner,2026-03-01,Supports complete 24-month movement history without adding former staff to the active attrition population
HISTORICAL-EMPLOYEE-0918,Historical Production Employee 0918,DEPARTMENT-014,Production & Manufacturing,Junior,Historical Joiner,2026-03-01,Supports complete 24-month movement history without adding former staff to the active attrition population
HISTORICAL-EMPLOYEE-0919,Historical Quality Employee 0919,DEPARTMENT-015,Quality Assurance,Junior,Historical Joiner,2026-03-01,Supports complete 24-month movement history without adding former staff to the active attrition population
HISTORICAL-EMPLOYEE-0920,Historical Quality Employee 0920,DEPARTMENT-015,Quality Assurance,Junior,Historical Joiner,2026-03-01,Supports complete 24-month movement history without adding former staff to the active attrition population
HISTORICAL-EMPLOYEE-0921,Historical Quality Employee 0921,DEPARTMENT-015,Quality Assurance,Senior,Former Employee,2026-03-01,Supports complete 24-month movement history without adding former staff to the active attrition population
HISTORICAL-EMPLOYEE-0922,Historical Quality Employee 0922,DEPARTMENT-015,Quality Assurance,Senior,Former Employee,2026-03-01,Supports complete 24-month movement history without adding former staff to the active attrition population
HISTORICAL-EMPLOYEE-0923,Historical Quality Employee 0923,DEPARTMENT-015,Quality Assurance,Junior,Former Employee,2026-03-01,Supports complete 24-month movement history without adding former staff to the active attrition population
HISTORICAL-EMPLOYEE-0924,Historical Research Employee 0924,DEPARTMENT-016,Research & Development,Junior,Historical Joiner,2026-03-01,Supports complete 24-month movement history without adding former staff to the active attrition population
HISTORICAL-EMPLOYEE-0925,Historical Research Employee 0925,DEPARTMENT-016,Research & Development,Junior,Historical Joiner,2026-03-01,Supports complete 24-month movement history without adding former staff to the active attrition population
HISTORICAL-EMPLOYEE-0926,Historical Research Employee 0926,DEPARTMENT-016,Research & Development,Junior,Historical Joiner,2026-03-01,Supports complete 24-month movement history without adding former staff to the active attrition population
HISTORICAL-EMPLOYEE-0927,Historical Research Employee 0927,DEPARTMENT-016,Research & Development,Junior,Historical Joiner,2026-03-01,Supports complete 24-month movement history without adding former staff to the active attrition population
HISTORICAL-EMPLOYEE-0928,Historical Research Employee 0928,DEPARTMENT-016,Research & Development,Junior,Former Employee,2026-03-01,Supports complete 24-month movement history without adding former staff to the active attrition population
HISTORICAL-EMPLOYEE-0929,Historical Research Employee 0929,DEPARTMENT-016,Research & Development,Senior,Former Employee,2026-03-01,Supports complete 24-month movement history without adding former staff to the active attrition population
HISTORICAL-EMPLOYEE-0930,Historical HR Employee 0930,DEPARTMENT-001,HR,Junior,Historical Joiner,2026-04-01,Supports complete 24-month movement history without adding former staff to the active attrition population
HISTORICAL-EMPLOYEE-0931,Historical HR Employee 0931,DEPARTMENT-001,HR,Junior,Historical Joiner,2026-04-01,Supports complete 24-month movement history without adding former staff to the active attrition population
HISTORICAL-EMPLOYEE-0932,Historical HR Employee 0932,DEPARTMENT-001,HR,Junior,Historical Joiner,2026-04-01,Supports complete 24-month movement history without adding former staff to the active attrition population
HISTORICAL-EMPLOYEE-0933,Historical HR Employee 0933,DEPARTMENT-001,HR,Junior,Former Employee,2026-04-01,Supports complete 24-month movement history without adding former staff to the active attrition population
HISTORICAL-EMPLOYEE-0934,Historical Finance Employee 0934,DEPARTMENT-002,Finance,Senior,Former Employee,2026-04-01,Supports complete 24-month movement history without adding former staff to the active attrition population
HISTORICAL-EMPLOYEE-0935,Historical Sales Employee 0935,DEPARTMENT-003,Sales,Junior,Historical Joiner,2026-04-01,Supports complete 24-month movement history without adding former staff to the active attrition population
HISTORICAL-EMPLOYEE-0936,Historical Customer Employee 0936,DEPARTMENT-004,Customer Support,Junior,Historical Joiner,2026-04-01,Supports complete 24-month movement history without adding former staff to the active attrition population
HISTORICAL-EMPLOYEE-0937,Historical Customer Employee 0937,DEPARTMENT-004,Customer Support,Junior,Historical Joiner,2026-04-01,Supports complete 24-month movement history without adding former staff to the active attrition population
HISTORICAL-EMPLOYEE-0938,Historical Customer Employee 0938,DEPARTMENT-004,Customer Support,Junior,Historical Joiner,2026-04-01,Supports complete 24-month movement history without adding former staff to the active attrition population
HISTORICAL-EMPLOYEE-0939,Historical Customer Employee 0939,DEPARTMENT-004,Customer Support,Junior,Historical Joiner,2026-04-01,Supports complete 24-month movement history without adding former staff to the active attrition population
HISTORICAL-EMPLOYEE-0940,Historical Customer Employee 0940,DEPARTMENT-004,Customer Support,Junior,Former Employee,2026-04-01,Supports complete 24-month movement history without adding former staff to the active attrition population
HISTORICAL-EMPLOYEE-0941,Historical Engineering Employee 0941,DEPARTMENT-005,Engineering,Junior,Historical Joiner,2026-04-01,Supports complete 24-month movement history without adding former staff to the active attrition population
HISTORICAL-EMPLOYEE-0942,Historical Engineering Employee 0942,DEPARTMENT-005,Engineering,Junior,Historical Joiner,2026-04-01,Supports complete 24-month movement history without adding former staff to the active attrition population
HISTORICAL-EMPLOYEE-0943,Historical Engineering Employee 0943,DEPARTMENT-005,Engineering,Mid,Former Employee,2026-04-01,Supports complete 24-month movement history without adding former staff to the active attrition population
HISTORICAL-EMPLOYEE-0944,Historical Engineering Employee 0944,DEPARTMENT-005,Engineering,Senior,Former Employee,2026-04-01,Supports complete 24-month movement history without adding former staff to the active attrition population
HISTORICAL-EMPLOYEE-0945,Historical Engineering Employee 0945,DEPARTMENT-005,Engineering,Junior,Former Employee,2026-04-01,Supports complete 24-month movement history without adding former staff to the active attrition population
HISTORICAL-EMPLOYEE-0946,Historical IT Employee 0946,DEPARTMENT-007,IT,Junior,Historical Joiner,2026-04-01,Supports complete 24-month movement history without adding former staff to the active attrition population
HISTORICAL-EMPLOYEE-0947,Historical IT Employee 0947,DEPARTMENT-007,IT,Junior,Historical Joiner,2026-04-01,Supports complete 24-month movement history without adding former staff to the active attrition population
HISTORICAL-EMPLOYEE-0948,Historical IT Employee 0948,DEPARTMENT-007,IT,Junior,Historical Joiner,2026-04-01,Supports complete 24-month movement history without adding former staff to the active attrition population
HISTORICAL-EMPLOYEE-0949,Historical IT Employee 0949,DEPARTMENT-007,IT,Junior,Former Employee,2026-04-01,Supports complete 24-month movement history without adding former staff to the active attrition population
HISTORICAL-EMPLOYEE-0950,Historical Medical Employee 0950,DEPARTMENT-008,Medical Care,Junior,Historical Joiner,2026-04-01,Supports complete 24-month movement history without adding former staff to the active attrition population
HISTORICAL-EMPLOYEE-0951,Historical Medical Employee 0951,DEPARTMENT-008,Medical Care,Junior,Historical Joiner,2026-04-01,Supports complete 24-month movement history without adding former staff to the active attrition population
HISTORICAL-EMPLOYEE-0952,Historical Medical Employee 0952,DEPARTMENT-008,Medical Care,Senior,Former Employee,2026-04-01,Supports complete 24-month movement history without adding former staff to the active attrition population
HISTORICAL-EMPLOYEE-0953,Historical Medical Employee 0953,DEPARTMENT-008,Medical Care,Mid,Former Employee,2026-04-01,Supports complete 24-month movement history without adding former staff to the active attrition population
HISTORICAL-EMPLOYEE-0954,Historical Medical Employee 0954,DEPARTMENT-008,Medical Care,Senior,Former Employee,2026-04-01,Supports complete 24-month movement history without adding former staff to the active attrition population
HISTORICAL-EMPLOYEE-0955,Historical Training Employee 0955,DEPARTMENT-009,Training & Development,Junior,Former Employee,2026-04-01,Supports complete 24-month movement history without adding former staff to the active attrition population
HISTORICAL-EMPLOYEE-0956,Historical Training Employee 0956,DEPARTMENT-009,Training & Development,Mid,Former Employee,2026-04-01,Supports complete 24-month movement history without adding former staff to the active attrition population
HISTORICAL-EMPLOYEE-0957,Historical Training Employee 0957,DEPARTMENT-009,Training & Development,Senior,Former Employee,2026-04-01,Supports complete 24-month movement history without adding former staff to the active attrition population
HISTORICAL-EMPLOYEE-0958,Historical Training Employee 0958,DEPARTMENT-009,Training & Development,Junior,Former Employee,2026-04-01,Supports complete 24-month movement history without adding former staff to the active attrition population
HISTORICAL-EMPLOYEE-0959,Historical Administration Employee 0959,DEPARTMENT-010,Administration & Facilities,Senior,Former Employee,2026-04-01,Supports complete 24-month movement history without adding former staff to the active attrition population
HISTORICAL-EMPLOYEE-0960,Historical Administration Employee 0960,DEPARTMENT-010,Administration & Facilities,Senior,Former Employee,2026-04-01,Supports complete 24-month movement history without adding former staff to the active attrition population
HISTORICAL-EMPLOYEE-0961,Historical Administration Employee 0961,DEPARTMENT-010,Administration & Facilities,Junior,Former Employee,2026-04-01,Supports complete 24-month movement history without adding former staff to the active attrition population
HISTORICAL-EMPLOYEE-0962,Historical Legal Employee 0962,DEPARTMENT-011,Legal & Compliance,Senior,Former Employee,2026-04-01,Supports complete 24-month movement history without adding former staff to the active attrition population
HISTORICAL-EMPLOYEE-0963,Historical Legal Employee 0963,DEPARTMENT-011,Legal & Compliance,Senior,Former Employee,2026-04-01,Supports complete 24-month movement history without adding former staff to the active attrition population
HISTORICAL-EMPLOYEE-0964,Historical Procurement Employee 0964,DEPARTMENT-012,Procurement & Supply Chain,Mid,Former Employee,2026-04-01,Supports complete 24-month movement history without adding former staff to the active attrition population
HISTORICAL-EMPLOYEE-0965,Historical Procurement Employee 0965,DEPARTMENT-012,Procurement & Supply Chain,Mid,Former Employee,2026-04-01,Supports complete 24-month movement history without adding former staff to the active attrition population
HISTORICAL-EMPLOYEE-0966,Historical Procurement Employee 0966,DEPARTMENT-012,Procurement & Supply Chain,Mid,Former Employee,2026-04-01,Supports complete 24-month movement history without adding former staff to the active attrition population
HISTORICAL-EMPLOYEE-0967,Historical Logistics Employee 0967,DEPARTMENT-013,Logistics & Warehouse,Junior,Historical Joiner,2026-04-01,Supports complete 24-month movement history without adding former staff to the active attrition population
HISTORICAL-EMPLOYEE-0968,Historical Logistics Employee 0968,DEPARTMENT-013,Logistics & Warehouse,Junior,Historical Joiner,2026-04-01,Supports complete 24-month movement history without adding former staff to the active attrition population
HISTORICAL-EMPLOYEE-0969,Historical Logistics Employee 0969,DEPARTMENT-013,Logistics & Warehouse,Junior,Historical Joiner,2026-04-01,Supports complete 24-month movement history without adding former staff to the active attrition population
HISTORICAL-EMPLOYEE-0970,Historical Logistics Employee 0970,DEPARTMENT-013,Logistics & Warehouse,Junior,Historical Joiner,2026-04-01,Supports complete 24-month movement history without adding former staff to the active attrition population
HISTORICAL-EMPLOYEE-0971,Historical Logistics Employee 0971,DEPARTMENT-013,Logistics & Warehouse,Mid,Former Employee,2026-04-01,Supports complete 24-month movement history without adding former staff to the active attrition population
HISTORICAL-EMPLOYEE-0972,Historical Logistics Employee 0972,DEPARTMENT-013,Logistics & Warehouse,Junior,Former Employee,2026-04-01,Supports complete 24-month movement history without adding former staff to the active attrition population
HISTORICAL-EMPLOYEE-0973,Historical Logistics Employee 0973,DEPARTMENT-013,Logistics & Warehouse,Senior,Former Employee,2026-04-01,Supports complete 24-month movement history without adding former staff to the active attrition population
HISTORICAL-EMPLOYEE-0974,Historical Production Employee 0974,DEPARTMENT-014,Production & Manufacturing,Junior,Historical Joiner,2026-04-01,Supports complete 24-month movement history without adding former staff to the active attrition population
HISTORICAL-EMPLOYEE-0975,Historical Production Employee 0975,DEPARTMENT-014,Production & Manufacturing,Junior,Historical Joiner,2026-04-01,Supports complete 24-month movement history without adding former staff to the active attrition population
HISTORICAL-EMPLOYEE-0976,Historical Production Employee 0976,DEPARTMENT-014,Production & Manufacturing,Junior,Historical Joiner,2026-04-01,Supports complete 24-month movement history without adding former staff to the active attrition population
HISTORICAL-EMPLOYEE-0977,Historical Production Employee 0977,DEPARTMENT-014,Production & Manufacturing,Mid,Former Employee,2026-04-01,Supports complete 24-month movement history without adding former staff to the active attrition population
HISTORICAL-EMPLOYEE-0978,Historical Production Employee 0978,DEPARTMENT-014,Production & Manufacturing,Junior,Former Employee,2026-04-01,Supports complete 24-month movement history without adding former staff to the active attrition population
HISTORICAL-EMPLOYEE-0979,Historical Production Employee 0979,DEPARTMENT-014,Production & Manufacturing,Mid,Former Employee,2026-04-01,Supports complete 24-month movement history without adding former staff to the active attrition population
HISTORICAL-EMPLOYEE-0980,Historical Quality Employee 0980,DEPARTMENT-015,Quality Assurance,Junior,Historical Joiner,2026-04-01,Supports complete 24-month movement history without adding former staff to the active attrition population
HISTORICAL-EMPLOYEE-0981,Historical Quality Employee 0981,DEPARTMENT-015,Quality Assurance,Mid,Former Employee,2026-04-01,Supports complete 24-month movement history without adding former staff to the active attrition population
HISTORICAL-EMPLOYEE-0982,Historical Quality Employee 0982,DEPARTMENT-015,Quality Assurance,Junior,Former Employee,2026-04-01,Supports complete 24-month movement history without adding former staff to the active attrition population
HISTORICAL-EMPLOYEE-0983,Historical Quality Employee 0983,DEPARTMENT-015,Quality Assurance,Junior,Former Employee,2026-04-01,Supports complete 24-month movement history without adding former staff to the active attrition population
HISTORICAL-EMPLOYEE-0984,Historical Research Employee 0984,DEPARTMENT-016,Research & Development,Junior,Historical Joiner,2026-04-01,Supports complete 24-month movement history without adding former staff to the active attrition population
HISTORICAL-EMPLOYEE-0985,Historical HR Employee 0985,DEPARTMENT-001,HR,Mid,Former Employee,2026-05-01,Supports complete 24-month movement history without adding former staff to the active attrition population
HISTORICAL-EMPLOYEE-0986,Historical Finance Employee 0986,DEPARTMENT-002,Finance,Junior,Historical Joiner,2026-05-01,Supports complete 24-month movement history without adding former staff to the active attrition population
HISTORICAL-EMPLOYEE-0987,Historical Finance Employee 0987,DEPARTMENT-002,Finance,Junior,Historical Joiner,2026-05-01,Supports complete 24-month movement history without adding former staff to the active attrition population
HISTORICAL-EMPLOYEE-0988,Historical Finance Employee 0988,DEPARTMENT-002,Finance,Senior,Former Employee,2026-05-01,Supports complete 24-month movement history without adding former staff to the active attrition population
HISTORICAL-EMPLOYEE-0989,Historical Finance Employee 0989,DEPARTMENT-002,Finance,Mid,Former Employee,2026-05-01,Supports complete 24-month movement history without adding former staff to the active attrition population
HISTORICAL-EMPLOYEE-0990,Historical Finance Employee 0990,DEPARTMENT-002,Finance,Senior,Former Employee,2026-05-01,Supports complete 24-month movement history without adding former staff to the active attrition population
HISTORICAL-EMPLOYEE-0991,Historical Sales Employee 0991,DEPARTMENT-003,Sales,Senior,Former Employee,2026-05-01,Supports complete 24-month movement history without adding former staff to the active attrition population
HISTORICAL-EMPLOYEE-0992,Historical Customer Employee 0992,DEPARTMENT-004,Customer Support,Junior,Historical Joiner,2026-05-01,Supports complete 24-month movement history without adding former staff to the active attrition population
HISTORICAL-EMPLOYEE-0993,Historical Customer Employee 0993,DEPARTMENT-004,Customer Support,Junior,Historical Joiner,2026-05-01,Supports complete 24-month movement history without adding former staff to the active attrition population
HISTORICAL-EMPLOYEE-0994,Historical Customer Employee 0994,DEPARTMENT-004,Customer Support,Junior,Historical Joiner,2026-05-01,Supports complete 24-month movement history without adding former staff to the active attrition population
HISTORICAL-EMPLOYEE-0995,Historical Customer Employee 0995,DEPARTMENT-004,Customer Support,Junior,Former Employee,2026-05-01,Supports complete 24-month movement history without adding former staff to the active attrition population
HISTORICAL-EMPLOYEE-0996,Historical Customer Employee 0996,DEPARTMENT-004,Customer Support,Senior,Former Employee,2026-05-01,Supports complete 24-month movement history without adding former staff to the active attrition population
HISTORICAL-EMPLOYEE-0997,Historical Customer Employee 0997,DEPARTMENT-004,Customer Support,Mid,Former Employee,2026-05-01,Supports complete 24-month movement history without adding former staff to the active attrition population
HISTORICAL-EMPLOYEE-0998,Historical Engineering Employee 0998,DEPARTMENT-005,Engineering,Junior,Historical Joiner,2026-05-01,Supports complete 24-month movement history without adding former staff to the active attrition population
HISTORICAL-EMPLOYEE-0999,Historical Operations Employee 0999,DEPARTMENT-006,Operations,Junior,Historical Joiner,2026-05-01,Supports complete 24-month movement history without adding former staff to the active attrition population
HISTORICAL-EMPLOYEE-1000,Historical Operations Employee 1000,DEPARTMENT-006,Operations,Junior,Historical Joiner,2026-05-01,Supports complete 24-month movement history without adding former staff to the active attrition population
HISTORICAL-EMPLOYEE-1001,Historical Operations Employee 1001,DEPARTMENT-006,Operations,Mid,Former Employee,2026-05-01,Supports complete 24-month movement history without adding former staff to the active attrition population
HISTORICAL-EMPLOYEE-1002,Historical IT Employee 1002,DEPARTMENT-007,IT,Mid,Former Employee,2026-05-01,Supports complete 24-month movement history without adding former staff to the active attrition population
HISTORICAL-EMPLOYEE-1003,Historical Medical Employee 1003,DEPARTMENT-008,Medical Care,Junior,Historical Joiner,2026-05-01,Supports complete 24-month movement history without adding former staff to the active attrition population
HISTORICAL-EMPLOYEE-1004,Historical Medical Employee 1004,DEPARTMENT-008,Medical Care,Junior,Historical Joiner,2026-05-01,Supports complete 24-month movement history without adding former staff to the active attrition population
HISTORICAL-EMPLOYEE-1005,Historical Medical Employee 1005,DEPARTMENT-008,Medical Care,Junior,Historical Joiner,2026-05-01,Supports complete 24-month movement history without adding former staff to the active attrition population
HISTORICAL-EMPLOYEE-1006,Historical Medical Employee 1006,DEPARTMENT-008,Medical Care,Senior,Former Employee,2026-05-01,Supports complete 24-month movement history without adding former staff to the active attrition population
HISTORICAL-EMPLOYEE-1007,Historical Training Employee 1007,DEPARTMENT-009,Training & Development,Junior,Historical Joiner,2026-05-01,Supports complete 24-month movement history without adding former staff to the active attrition population
HISTORICAL-EMPLOYEE-1008,Historical Training Employee 1008,DEPARTMENT-009,Training & Development,Junior,Historical Joiner,2026-05-01,Supports complete 24-month movement history without adding former staff to the active attrition population
HISTORICAL-EMPLOYEE-1009,Historical Training Employee 1009,DEPARTMENT-009,Training & Development,Mid,Former Employee,2026-05-01,Supports complete 24-month movement history without adding former staff to the active attrition population
HISTORICAL-EMPLOYEE-1010,Historical Training Employee 1010,DEPARTMENT-009,Training & Development,Mid,Former Employee,2026-05-01,Supports complete 24-month movement history without adding former staff to the active attrition population
HISTORICAL-EMPLOYEE-1011,Historical Legal Employee 1011,DEPARTMENT-011,Legal & Compliance,Mid,Former Employee,2026-05-01,Supports complete 24-month movement history without adding former staff to the active attrition population
HISTORICAL-EMPLOYEE-1012,Historical Legal Employee 1012,DEPARTMENT-011,Legal & Compliance,Senior,Former Employee,2026-05-01,Supports complete 24-month movement history without adding former staff to the active attrition population
HISTORICAL-EMPLOYEE-1013,Historical Procurement Employee 1013,DEPARTMENT-012,Procurement & Supply Chain,Junior,Historical Joiner,2026-05-01,Supports complete 24-month movement history without adding former staff to the active attrition population
HISTORICAL-EMPLOYEE-1014,Historical Procurement Employee 1014,DEPARTMENT-012,Procurement & Supply Chain,Senior,Former Employee,2026-05-01,Supports complete 24-month movement history without adding former staff to the active attrition population
HISTORICAL-EMPLOYEE-1015,Historical Procurement Employee 1015,DEPARTMENT-012,Procurement & Supply Chain,Mid,Former Employee,2026-05-01,Supports complete 24-month movement history without adding former staff to the active attrition population
HISTORICAL-EMPLOYEE-1016,Historical Logistics Employee 1016,DEPARTMENT-013,Logistics & Warehouse,Junior,Historical Joiner,2026-05-01,Supports complete 24-month movement history without adding former staff to the active attrition population
HISTORICAL-EMPLOYEE-1017,Historical Logistics Employee 1017,DEPARTMENT-013,Logistics & Warehouse,Junior,Historical Joiner,2026-05-01,Supports complete 24-month movement history without adding former staff to the active attrition population
HISTORICAL-EMPLOYEE-1018,Historical Logistics Employee 1018,DEPARTMENT-013,Logistics & Warehouse,Junior,Historical Joiner,2026-05-01,Supports complete 24-month movement history without adding former staff to the active attrition population
HISTORICAL-EMPLOYEE-1019,Historical Logistics Employee 1019,DEPARTMENT-013,Logistics & Warehouse,Senior,Former Employee,2026-05-01,Supports complete 24-month movement history without adding former staff to the active attrition population
HISTORICAL-EMPLOYEE-1020,Historical Logistics Employee 1020,DEPARTMENT-013,Logistics & Warehouse,Junior,Former Employee,2026-05-01,Supports complete 24-month movement history without adding former staff to the active attrition population
HISTORICAL-EMPLOYEE-1021,Historical Production Employee 1021,DEPARTMENT-014,Production & Manufacturing,Junior,Historical Joiner,2026-05-01,Supports complete 24-month movement history without adding former staff to the active attrition population
HISTORICAL-EMPLOYEE-1022,Historical Production Employee 1022,DEPARTMENT-014,Production & Manufacturing,Junior,Historical Joiner,2026-05-01,Supports complete 24-month movement history without adding former staff to the active attrition population
HISTORICAL-EMPLOYEE-1023,Historical Production Employee 1023,DEPARTMENT-014,Production & Manufacturing,Junior,Historical Joiner,2026-05-01,Supports complete 24-month movement history without adding former staff to the active attrition population
HISTORICAL-EMPLOYEE-1024,Historical Production Employee 1024,DEPARTMENT-014,Production & Manufacturing,Junior,Historical Joiner,2026-05-01,Supports complete 24-month movement history without adding former staff to the active attrition population
HISTORICAL-EMPLOYEE-1025,Historical Production Employee 1025,DEPARTMENT-014,Production & Manufacturing,Mid,Former Employee,2026-05-01,Supports complete 24-month movement history without adding former staff to the active attrition population
HISTORICAL-EMPLOYEE-1026,Historical Production Employee 1026,DEPARTMENT-014,Production & Manufacturing,Junior,Former Employee,2026-05-01,Supports complete 24-month movement history without adding former staff to the active attrition population
HISTORICAL-EMPLOYEE-1027,Historical Research Employee 1027,DEPARTMENT-016,Research & Development,Junior,Historical Joiner,2026-05-01,Supports complete 24-month movement history without adding former staff to the active attrition population
HISTORICAL-EMPLOYEE-1028,Historical Research Employee 1028,DEPARTMENT-016,Research & Development,Junior,Historical Joiner,2026-05-01,Supports complete 24-month movement history without adding former staff to the active attrition population
HISTORICAL-EMPLOYEE-1029,Historical Research Employee 1029,DEPARTMENT-016,Research & Development,Junior,Historical Joiner,2026-05-01,Supports complete 24-month movement history without adding former staff to the active attrition population
HISTORICAL-EMPLOYEE-1030,Historical Research Employee 1030,DEPARTMENT-016,Research & Development,Junior,Historical Joiner,2026-05-01,Supports complete 24-month movement history without adding former staff to the active attrition population
HISTORICAL-EMPLOYEE-1031,Historical Research Employee 1031,DEPARTMENT-016,Research & Development,Junior,Former Employee,2026-05-01,Supports complete 24-month movement history without adding former staff to the active attrition population
HISTORICAL-EMPLOYEE-1032,Historical Research Employee 1032,DEPARTMENT-016,Research & Development,Mid,Former Employee,2026-05-01,Supports complete 24-month movement history without adding former staff to the active attrition population
HISTORICAL-EMPLOYEE-1033,Historical Research Employee 1033,DEPARTMENT-016,Research & Development,Mid,Former Employee,2026-05-01,Supports complete 24-month movement history without adding former staff to the active attrition population
HISTORICAL-EMPLOYEE-1034,Historical HR Employee 1034,DEPARTMENT-001,HR,Junior,Historical Joiner,2026-06-01,Supports complete 24-month movement history without adding former staff to the active attrition population
HISTORICAL-EMPLOYEE-1035,Historical HR Employee 1035,DEPARTMENT-001,HR,Junior,Historical Joiner,2026-06-01,Supports complete 24-month movement history without adding former staff to the active attrition population
HISTORICAL-EMPLOYEE-1036,Historical HR Employee 1036,DEPARTMENT-001,HR,Mid,Former Employee,2026-06-01,Supports complete 24-month movement history without adding former staff to the active attrition population
HISTORICAL-EMPLOYEE-1037,Historical HR Employee 1037,DEPARTMENT-001,HR,Mid,Former Employee,2026-06-01,Supports complete 24-month movement history without adding former staff to the active attrition population
HISTORICAL-EMPLOYEE-1038,Historical HR Employee 1038,DEPARTMENT-001,HR,Mid,Former Employee,2026-06-01,Supports complete 24-month movement history without adding former staff to the active attrition population
HISTORICAL-EMPLOYEE-1039,Historical Finance Employee 1039,DEPARTMENT-002,Finance,Junior,Historical Joiner,2026-06-01,Supports complete 24-month movement history without adding former staff to the active attrition population
HISTORICAL-EMPLOYEE-1040,Historical Finance Employee 1040,DEPARTMENT-002,Finance,Junior,Former Employee,2026-06-01,Supports complete 24-month movement history without adding former staff to the active attrition population
HISTORICAL-EMPLOYEE-1041,Historical Sales Employee 1041,DEPARTMENT-003,Sales,Junior,Historical Joiner,2026-06-01,Supports complete 24-month movement history without adding former staff to the active attrition population
HISTORICAL-EMPLOYEE-1042,Historical Engineering Employee 1042,DEPARTMENT-005,Engineering,Junior,Historical Joiner,2026-06-01,Supports complete 24-month movement history without adding former staff to the active attrition population
HISTORICAL-EMPLOYEE-1043,Historical Engineering Employee 1043,DEPARTMENT-005,Engineering,Junior,Historical Joiner,2026-06-01,Supports complete 24-month movement history without adding former staff to the active attrition population
HISTORICAL-EMPLOYEE-1044,Historical Engineering Employee 1044,DEPARTMENT-005,Engineering,Mid,Former Employee,2026-06-01,Supports complete 24-month movement history without adding former staff to the active attrition population
HISTORICAL-EMPLOYEE-1045,Historical Engineering Employee 1045,DEPARTMENT-005,Engineering,Senior,Former Employee,2026-06-01,Supports complete 24-month movement history without adding former staff to the active attrition population
HISTORICAL-EMPLOYEE-1046,Historical Engineering Employee 1046,DEPARTMENT-005,Engineering,Senior,Former Employee,2026-06-01,Supports complete 24-month movement history without adding former staff to the active attrition population
HISTORICAL-EMPLOYEE-1047,Historical Operations Employee 1047,DEPARTMENT-006,Operations,Junior,Historical Joiner,2026-06-01,Supports complete 24-month movement history without adding former staff to the active attrition population
HISTORICAL-EMPLOYEE-1048,Historical Operations Employee 1048,DEPARTMENT-006,Operations,Junior,Historical Joiner,2026-06-01,Supports complete 24-month movement history without adding former staff to the active attrition population
HISTORICAL-EMPLOYEE-1049,Historical IT Employee 1049,DEPARTMENT-007,IT,Junior,Historical Joiner,2026-06-01,Supports complete 24-month movement history without adding former staff to the active attrition population
HISTORICAL-EMPLOYEE-1050,Historical IT Employee 1050,DEPARTMENT-007,IT,Junior,Historical Joiner,2026-06-01,Supports complete 24-month movement history without adding former staff to the active attrition population
HISTORICAL-EMPLOYEE-1051,Historical IT Employee 1051,DEPARTMENT-007,IT,Junior,Historical Joiner,2026-06-01,Supports complete 24-month movement history without adding former staff to the active attrition population
HISTORICAL-EMPLOYEE-1052,Historical IT Employee 1052,DEPARTMENT-007,IT,Mid,Former Employee,2026-06-01,Supports complete 24-month movement history without adding former staff to the active attrition population
HISTORICAL-EMPLOYEE-1053,Historical Medical Employee 1053,DEPARTMENT-008,Medical Care,Junior,Historical Joiner,2026-06-01,Supports complete 24-month movement history without adding former staff to the active attrition population
HISTORICAL-EMPLOYEE-1054,Historical Medical Employee 1054,DEPARTMENT-008,Medical Care,Junior,Historical Joiner,2026-06-01,Supports complete 24-month movement history without adding former staff to the active attrition population
HISTORICAL-EMPLOYEE-1055,Historical Medical Employee 1055,DEPARTMENT-008,Medical Care,Senior,Former Employee,2026-06-01,Supports complete 24-month movement history without adding former staff to the active attrition population
HISTORICAL-EMPLOYEE-1056,Historical Medical Employee 1056,DEPARTMENT-008,Medical Care,Junior,Former Employee,2026-06-01,Supports complete 24-month movement history without adding former staff to the active attrition population
HISTORICAL-EMPLOYEE-1057,Historical Medical Employee 1057,DEPARTMENT-008,Medical Care,Mid,Former Employee,2026-06-01,Supports complete 24-month movement history without adding former staff to the active attrition population
HISTORICAL-EMPLOYEE-1058,Historical Administration Employee 1058,DEPARTMENT-010,Administration & Facilities,Junior,Former Employee,2026-06-01,Supports complete 24-month movement history without adding former staff to the active attrition population
HISTORICAL-EMPLOYEE-1059,Historical Administration Employee 1059,DEPARTMENT-010,Administration & Facilities,Mid,Former Employee,2026-06-01,Supports complete 24-month movement history without adding former staff to the active attrition population
HISTORICAL-EMPLOYEE-1060,Historical Legal Employee 1060,DEPARTMENT-011,Legal & Compliance,Mid,Former Employee,2026-06-01,Supports complete 24-month movement history without adding former staff to the active attrition population
HISTORICAL-EMPLOYEE-1061,Historical Legal Employee 1061,DEPARTMENT-011,Legal & Compliance,Mid,Former Employee,2026-06-01,Supports complete 24-month movement history without adding former staff to the active attrition population
HISTORICAL-EMPLOYEE-1062,Historical Procurement Employee 1062,DEPARTMENT-012,Procurement & Supply Chain,Junior,Historical Joiner,2026-06-01,Supports complete 24-month movement history without adding former staff to the active attrition population
HISTORICAL-EMPLOYEE-1063,Historical Procurement Employee 1063,DEPARTMENT-012,Procurement & Supply Chain,Junior,Historical Joiner,2026-06-01,Supports complete 24-month movement history without adding former staff to the active attrition population
HISTORICAL-EMPLOYEE-1064,Historical Procurement Employee 1064,DEPARTMENT-012,Procurement & Supply Chain,Senior,Former Employee,2026-06-01,Supports complete 24-month movement history without adding former staff to the active attrition population
HISTORICAL-EMPLOYEE-1065,Historical Procurement Employee 1065,DEPARTMENT-012,Procurement & Supply Chain,Junior,Former Employee,2026-06-01,Supports complete 24-month movement history without adding former staff to the active attrition population
HISTORICAL-EMPLOYEE-1066,Historical Procurement Employee 1066,DEPARTMENT-012,Procurement & Supply Chain,Senior,Former Employee,2026-06-01,Supports complete 24-month movement history without adding former staff to the active attrition population
HISTORICAL-EMPLOYEE-1067,Historical Logistics Employee 1067,DEPARTMENT-013,Logistics & Warehouse,Junior,Historical Joiner,2026-06-01,Supports complete 24-month movement history without adding former staff to the active attrition population
HISTORICAL-EMPLOYEE-1068,Historical Logistics Employee 1068,DEPARTMENT-013,Logistics & Warehouse,Junior,Former Employee,2026-06-01,Supports complete 24-month movement history without adding former staff to the active attrition population
HISTORICAL-EMPLOYEE-1069,Historical Logistics Employee 1069,DEPARTMENT-013,Logistics & Warehouse,Junior,Former Employee,2026-06-01,Supports complete 24-month movement history without adding former staff to the active attrition population
HISTORICAL-EMPLOYEE-1070,Historical Production Employee 1070,DEPARTMENT-014,Production & Manufacturing,Junior,Historical Joiner,2026-06-01,Supports complete 24-month movement history without adding former staff to the active attrition population
HISTORICAL-EMPLOYEE-1071,Historical Quality Employee 1071,DEPARTMENT-015,Quality Assurance,Junior,Historical Joiner,2026-06-01,Supports complete 24-month movement history without adding former staff to the active attrition population
HISTORICAL-EMPLOYEE-1072,Historical Quality Employee 1072,DEPARTMENT-015,Quality Assurance,Junior,Historical Joiner,2026-06-01,Supports complete 24-month movement history without adding former staff to the active attrition population
HISTORICAL-EMPLOYEE-1073,Historical Quality Employee 1073,DEPARTMENT-015,Quality Assurance,Mid,Former Employee,2026-06-01,Supports complete 24-month movement history without adding former staff to the active attrition population
HISTORICAL-EMPLOYEE-1074,Historical Quality Employee 1074,DEPARTMENT-015,Quality Assurance,Mid,Former Employee,2026-06-01,Supports complete 24-month movement history without adding former staff to the active attrition population
HISTORICAL-EMPLOYEE-1075,Historical Research Employee 1075,DEPARTMENT-016,Research & Development,Senior,Former Employee,2026-06-01,Supports complete 24-month movement history without adding former staff to the active attrition population
HISTORICAL-EMPLOYEE-1076,Historical HR Employee 1076,DEPARTMENT-001,HR,Junior,Historical Joiner,2026-07-01,Supports complete 24-month movement history without adding former staff to the active attrition population
HISTORICAL-EMPLOYEE-1077,Historical HR Employee 1077,DEPARTMENT-001,HR,Junior,Former Employee,2026-07-01,Supports complete 24-month movement history without adding former staff to the active attrition population
HISTORICAL-EMPLOYEE-1078,Historical Finance Employee 1078,DEPARTMENT-002,Finance,Junior,Historical Joiner,2026-07-01,Supports complete 24-month movement history without adding former staff to the active attrition population
HISTORICAL-EMPLOYEE-1079,Historical Finance Employee 1079,DEPARTMENT-002,Finance,Junior,Historical Joiner,2026-07-01,Supports complete 24-month movement history without adding former staff to the active attrition population
HISTORICAL-EMPLOYEE-1080,Historical Finance Employee 1080,DEPARTMENT-002,Finance,Junior,Historical Joiner,2026-07-01,Supports complete 24-month movement history without adding former staff to the active attrition population
HISTORICAL-EMPLOYEE-1081,Historical Finance Employee 1081,DEPARTMENT-002,Finance,Junior,Historical Joiner,2026-07-01,Supports complete 24-month movement history without adding former staff to the active attrition population
HISTORICAL-EMPLOYEE-1082,Historical Finance Employee 1082,DEPARTMENT-002,Finance,Junior,Former Employee,2026-07-01,Supports complete 24-month movement history without adding former staff to the active attrition population
HISTORICAL-EMPLOYEE-1083,Historical Finance Employee 1083,DEPARTMENT-002,Finance,Junior,Former Employee,2026-07-01,Supports complete 24-month movement history without adding former staff to the active attrition population
HISTORICAL-EMPLOYEE-1084,Historical Sales Employee 1084,DEPARTMENT-003,Sales,Junior,Former Employee,2026-07-01,Supports complete 24-month movement history without adding former staff to the active attrition population
HISTORICAL-EMPLOYEE-1085,Historical Customer Employee 1085,DEPARTMENT-004,Customer Support,Senior,Former Employee,2026-07-01,Supports complete 24-month movement history without adding former staff to the active attrition population
HISTORICAL-EMPLOYEE-1086,Historical Engineering Employee 1086,DEPARTMENT-005,Engineering,Junior,Historical Joiner,2026-07-01,Supports complete 24-month movement history without adding former staff to the active attrition population
HISTORICAL-EMPLOYEE-1087,Historical Engineering Employee 1087,DEPARTMENT-005,Engineering,Senior,Former Employee,2026-07-01,Supports complete 24-month movement history without adding former staff to the active attrition population
HISTORICAL-EMPLOYEE-1088,Historical Engineering Employee 1088,DEPARTMENT-005,Engineering,Senior,Former Employee,2026-07-01,Supports complete 24-month movement history without adding former staff to the active attrition population
HISTORICAL-EMPLOYEE-1089,Historical Operations Employee 1089,DEPARTMENT-006,Operations,Junior,Historical Joiner,2026-07-01,Supports complete 24-month movement history without adding former staff to the active attrition population
HISTORICAL-EMPLOYEE-1090,Historical Operations Employee 1090,DEPARTMENT-006,Operations,Junior,Historical Joiner,2026-07-01,Supports complete 24-month movement history without adding former staff to the active attrition population
HISTORICAL-EMPLOYEE-1091,Historical Operations Employee 1091,DEPARTMENT-006,Operations,Junior,Historical Joiner,2026-07-01,Supports complete 24-month movement history without adding former staff to the active attrition population
HISTORICAL-EMPLOYEE-1092,Historical Operations Employee 1092,DEPARTMENT-006,Operations,Junior,Historical Joiner,2026-07-01,Supports complete 24-month movement history without adding former staff to the active attrition population
HISTORICAL-EMPLOYEE-1093,Historical Operations Employee 1093,DEPARTMENT-006,Operations,Junior,Historical Joiner,2026-07-01,Supports complete 24-month movement history without adding former staff to the active attrition population
HISTORICAL-EMPLOYEE-1094,Historical Operations Employee 1094,DEPARTMENT-006,Operations,Mid,Former Employee,2026-07-01,Supports complete 24-month movement history without adding former staff to the active attrition population
HISTORICAL-EMPLOYEE-1095,Historical Operations Employee 1095,DEPARTMENT-006,Operations,Senior,Former Employee,2026-07-01,Supports complete 24-month movement history without adding former staff to the active attrition population
HISTORICAL-EMPLOYEE-1096,Historical Operations Employee 1096,DEPARTMENT-006,Operations,Mid,Former Employee,2026-07-01,Supports complete 24-month movement history without adding former staff to the active attrition population
HISTORICAL-EMPLOYEE-1097,Historical IT Employee 1097,DEPARTMENT-007,IT,Junior,Historical Joiner,2026-07-01,Supports complete 24-month movement history without adding former staff to the active attrition population
HISTORICAL-EMPLOYEE-1098,Historical IT Employee 1098,DEPARTMENT-007,IT,Junior,Historical Joiner,2026-07-01,Supports complete 24-month movement history without adding former staff to the active attrition population
HISTORICAL-EMPLOYEE-1099,Historical IT Employee 1099,DEPARTMENT-007,IT,Junior,Former Employee,2026-07-01,Supports complete 24-month movement history without adding former staff to the active attrition population
HISTORICAL-EMPLOYEE-1100,Historical IT Employee 1100,DEPARTMENT-007,IT,Mid,Former Employee,2026-07-01,Supports complete 24-month movement history without adding former staff to the active attrition population
HISTORICAL-EMPLOYEE-1101,Historical IT Employee 1101,DEPARTMENT-007,IT,Senior,Former Employee,2026-07-01,Supports complete 24-month movement history without adding former staff to the active attrition population
HISTORICAL-EMPLOYEE-1102,Historical Medical Employee 1102,DEPARTMENT-008,Medical Care,Junior,Historical Joiner,2026-07-01,Supports complete 24-month movement history without adding former staff to the active attrition population
HISTORICAL-EMPLOYEE-1103,Historical Medical Employee 1103,DEPARTMENT-008,Medical Care,Junior,Historical Joiner,2026-07-01,Supports complete 24-month movement history without adding former staff to the active attrition population
HISTORICAL-EMPLOYEE-1104,Historical Medical Employee 1104,DEPARTMENT-008,Medical Care,Junior,Historical Joiner,2026-07-01,Supports complete 24-month movement history without adding former staff to the active attrition population
HISTORICAL-EMPLOYEE-1105,Historical Medical Employee 1105,DEPARTMENT-008,Medical Care,Junior,Historical Joiner,2026-07-01,Supports complete 24-month movement history without adding former staff to the active attrition population
HISTORICAL-EMPLOYEE-1106,Historical Medical Employee 1106,DEPARTMENT-008,Medical Care,Junior,Historical Joiner,2026-07-01,Supports complete 24-month movement history without adding former staff to the active attrition population
HISTORICAL-EMPLOYEE-1107,Historical Medical Employee 1107,DEPARTMENT-008,Medical Care,Senior,Former Employee,2026-07-01,Supports complete 24-month movement history without adding former staff to the active attrition population
HISTORICAL-EMPLOYEE-1108,Historical Medical Employee 1108,DEPARTMENT-008,Medical Care,Junior,Former Employee,2026-07-01,Supports complete 24-month movement history without adding former staff to the active attrition population
HISTORICAL-EMPLOYEE-1109,Historical Legal Employee 1109,DEPARTMENT-011,Legal & Compliance,Junior,Historical Joiner,2026-07-01,Supports complete 24-month movement history without adding former staff to the active attrition population
HISTORICAL-EMPLOYEE-1110,Historical Legal Employee 1110,DEPARTMENT-011,Legal & Compliance,Junior,Historical Joiner,2026-07-01,Supports complete 24-month movement history without adding former staff to the active attrition population
HISTORICAL-EMPLOYEE-1111,Historical Legal Employee 1111,DEPARTMENT-011,Legal & Compliance,Junior,Historical Joiner,2026-07-01,Supports complete 24-month movement history without adding former staff to the active attrition population
HISTORICAL-EMPLOYEE-1112,Historical Legal Employee 1112,DEPARTMENT-011,Legal & Compliance,Junior,Historical Joiner,2026-07-01,Supports complete 24-month movement history without adding former staff to the active attrition population
HISTORICAL-EMPLOYEE-1113,Historical Legal Employee 1113,DEPARTMENT-011,Legal & Compliance,Junior,Former Employee,2026-07-01,Supports complete 24-month movement history without adding former staff to the active attrition population
HISTORICAL-EMPLOYEE-1114,Historical Procurement Employee 1114,DEPARTMENT-012,Procurement & Supply Chain,Junior,Historical Joiner,2026-07-01,Supports complete 24-month movement history without adding former staff to the active attrition population
HISTORICAL-EMPLOYEE-1115,Historical Procurement Employee 1115,DEPARTMENT-012,Procurement & Supply Chain,Junior,Historical Joiner,2026-07-01,Supports complete 24-month movement history without adding former staff to the active attrition population
HISTORICAL-EMPLOYEE-1116,Historical Procurement Employee 1116,DEPARTMENT-012,Procurement & Supply Chain,Junior,Historical Joiner,2026-07-01,Supports complete 24-month movement history without adding former staff to the active attrition population
HISTORICAL-EMPLOYEE-1117,Historical Procurement Employee 1117,DEPARTMENT-012,Procurement & Supply Chain,Junior,Former Employee,2026-07-01,Supports complete 24-month movement history without adding former staff to the active attrition population
HISTORICAL-EMPLOYEE-1118,Historical Procurement Employee 1118,DEPARTMENT-012,Procurement & Supply Chain,Senior,Former Employee,2026-07-01,Supports complete 24-month movement history without adding former staff to the active attrition population
HISTORICAL-EMPLOYEE-1119,Historical Procurement Employee 1119,DEPARTMENT-012,Procurement & Supply Chain,Mid,Former Employee,2026-07-01,Supports complete 24-month movement history without adding former staff to the active attrition population
HISTORICAL-EMPLOYEE-1120,Historical Logistics Employee 1120,DEPARTMENT-013,Logistics & Warehouse,Junior,Historical Joiner,2026-07-01,Supports complete 24-month movement history without adding former staff to the active attrition population
HISTORICAL-EMPLOYEE-1121,Historical Logistics Employee 1121,DEPARTMENT-013,Logistics & Warehouse,Junior,Historical Joiner,2026-07-01,Supports complete 24-month movement history without adding former staff to the active attrition population
HISTORICAL-EMPLOYEE-1122,Historical Logistics Employee 1122,DEPARTMENT-013,Logistics & Warehouse,Junior,Historical Joiner,2026-07-01,Supports complete 24-month movement history without adding former staff to the active attrition population
HISTORICAL-EMPLOYEE-1123,Historical Logistics Employee 1123,DEPARTMENT-013,Logistics & Warehouse,Junior,Historical Joiner,2026-07-01,Supports complete 24-month movement history without adding former staff to the active attrition population
HISTORICAL-EMPLOYEE-1124,Historical Logistics Employee 1124,DEPARTMENT-013,Logistics & Warehouse,Senior,Former Employee,2026-07-01,Supports complete 24-month movement history without adding former staff to the active attrition population
HISTORICAL-EMPLOYEE-1125,Historical Logistics Employee 1125,DEPARTMENT-013,Logistics & Warehouse,Junior,Former Employee,2026-07-01,Supports complete 24-month movement history without adding former staff to the active attrition population
HISTORICAL-EMPLOYEE-1126,Historical Logistics Employee 1126,DEPARTMENT-013,Logistics & Warehouse,Junior,Former Employee,2026-07-01,Supports complete 24-month movement history without adding former staff to the active attrition population
HISTORICAL-EMPLOYEE-1127,Historical Production Employee 1127,DEPARTMENT-014,Production & Manufacturing,Junior,Historical Joiner,2026-07-01,Supports complete 24-month movement history without adding former staff to the active attrition population
HISTORICAL-EMPLOYEE-1128,Historical Production Employee 1128,DEPARTMENT-014,Production & Manufacturing,Mid,Former Employee,2026-07-01,Supports complete 24-month movement history without adding former staff to the active attrition population
HISTORICAL-EMPLOYEE-1129,Historical Quality Employee 1129,DEPARTMENT-015,Quality Assurance,Junior,Historical Joiner,2026-07-01,Supports complete 24-month movement history without adding former staff to the active attrition population
HISTORICAL-EMPLOYEE-1130,Historical Quality Employee 1130,DEPARTMENT-015,Quality Assurance,Junior,Historical Joiner,2026-07-01,Supports complete 24-month movement history without adding former staff to the active attrition population
HISTORICAL-EMPLOYEE-1131,Historical Quality Employee 1131,DEPARTMENT-015,Quality Assurance,Junior,Historical Joiner,2026-07-01,Supports complete 24-month movement history without adding former staff to the active attrition population
HISTORICAL-EMPLOYEE-1132,Historical Quality Employee 1132,DEPARTMENT-015,Quality Assurance,Junior,Former Employee,2026-07-01,Supports complete 24-month movement history without adding former staff to the active attrition population
HISTORICAL-EMPLOYEE-1133,Historical Quality Employee 1133,DEPARTMENT-015,Quality Assurance,Mid,Former Employee,2026-07-01,Supports complete 24-month movement history without adding former staff to the active attrition population
HISTORICAL-EMPLOYEE-1134,Historical Quality Employee 1134,DEPARTMENT-015,Quality Assurance,Senior,Former Employee,2026-07-01,Supports complete 24-month movement history without adding former staff to the active attrition population
HISTORICAL-EMPLOYEE-1135,Historical Research Employee 1135,DEPARTMENT-016,Research & Development,Junior,Historical Joiner,2026-07-01,Supports complete 24-month movement history without adding former staff to the active attrition population
HISTORICAL-EMPLOYEE-1136,Historical Research Employee 1136,DEPARTMENT-016,Research & Development,Junior,Historical Joiner,2026-07-01,Supports complete 24-month movement history without adding former staff to the active attrition population
HISTORICAL-EMPLOYEE-1137,Historical HR Employee 1137,DEPARTMENT-001,HR,Junior,Historical Joiner,2026-08-01,Supports complete 24-month movement history without adding former staff to the active attrition population
HISTORICAL-EMPLOYEE-1138,Historical HR Employee 1138,DEPARTMENT-001,HR,Mid,Former Employee,2026-08-01,Supports complete 24-month movement history without adding former staff to the active attrition population
HISTORICAL-EMPLOYEE-1139,Historical HR Employee 1139,DEPARTMENT-001,HR,Mid,Former Employee,2026-08-01,Supports complete 24-month movement history without adding former staff to the active attrition population
HISTORICAL-EMPLOYEE-1140,Historical Finance Employee 1140,DEPARTMENT-002,Finance,Junior,Historical Joiner,2026-08-01,Supports complete 24-month movement history without adding former staff to the active attrition population
HISTORICAL-EMPLOYEE-1141,Historical Finance Employee 1141,DEPARTMENT-002,Finance,Junior,Historical Joiner,2026-08-01,Supports complete 24-month movement history without adding former staff to the active attrition population
HISTORICAL-EMPLOYEE-1142,Historical Finance Employee 1142,DEPARTMENT-002,Finance,Junior,Historical Joiner,2026-08-01,Supports complete 24-month movement history without adding former staff to the active attrition population
HISTORICAL-EMPLOYEE-1143,Historical Finance Employee 1143,DEPARTMENT-002,Finance,Mid,Former Employee,2026-08-01,Supports complete 24-month movement history without adding former staff to the active attrition population
HISTORICAL-EMPLOYEE-1144,Historical Finance Employee 1144,DEPARTMENT-002,Finance,Junior,Former Employee,2026-08-01,Supports complete 24-month movement history without adding former staff to the active attrition population
HISTORICAL-EMPLOYEE-1145,Historical Finance Employee 1145,DEPARTMENT-002,Finance,Mid,Former Employee,2026-08-01,Supports complete 24-month movement history without adding former staff to the active attrition population
HISTORICAL-EMPLOYEE-1146,Historical Sales Employee 1146,DEPARTMENT-003,Sales,Junior,Historical Joiner,2026-08-01,Supports complete 24-month movement history without adding former staff to the active attrition population
HISTORICAL-EMPLOYEE-1147,Historical Customer Employee 1147,DEPARTMENT-004,Customer Support,Junior,Historical Joiner,2026-08-01,Supports complete 24-month movement history without adding former staff to the active attrition population
HISTORICAL-EMPLOYEE-1148,Historical Customer Employee 1148,DEPARTMENT-004,Customer Support,Mid,Former Employee,2026-08-01,Supports complete 24-month movement history without adding former staff to the active attrition population
HISTORICAL-EMPLOYEE-1149,Historical Engineering Employee 1149,DEPARTMENT-005,Engineering,Junior,Historical Joiner,2026-08-01,Supports complete 24-month movement history without adding former staff to the active attrition population
HISTORICAL-EMPLOYEE-1150,Historical Engineering Employee 1150,DEPARTMENT-005,Engineering,Junior,Historical Joiner,2026-08-01,Supports complete 24-month movement history without adding former staff to the active attrition population
HISTORICAL-EMPLOYEE-1151,Historical Engineering Employee 1151,DEPARTMENT-005,Engineering,Senior,Former Employee,2026-08-01,Supports complete 24-month movement history without adding former staff to the active attrition population
HISTORICAL-EMPLOYEE-1152,Historical Engineering Employee 1152,DEPARTMENT-005,Engineering,Senior,Former Employee,2026-08-01,Supports complete 24-month movement history without adding former staff to the active attrition population
HISTORICAL-EMPLOYEE-1153,Historical Engineering Employee 1153,DEPARTMENT-005,Engineering,Junior,Former Employee,2026-08-01,Supports complete 24-month movement history without adding former staff to the active attrition population
HISTORICAL-EMPLOYEE-1154,Historical IT Employee 1154,DEPARTMENT-007,IT,Junior,Historical Joiner,2026-08-01,Supports complete 24-month movement history without adding former staff to the active attrition population
HISTORICAL-EMPLOYEE-1155,Historical Medical Employee 1155,DEPARTMENT-008,Medical Care,Junior,Former Employee,2026-08-01,Supports complete 24-month movement history without adding former staff to the active attrition population
HISTORICAL-EMPLOYEE-1156,Historical Administration Employee 1156,DEPARTMENT-010,Administration & Facilities,Junior,Historical Joiner,2026-08-01,Supports complete 24-month movement history without adding former staff to the active attrition population
HISTORICAL-EMPLOYEE-1157,Historical Legal Employee 1157,DEPARTMENT-011,Legal & Compliance,Senior,Former Employee,2026-08-01,Supports complete 24-month movement history without adding former staff to the active attrition population
HISTORICAL-EMPLOYEE-1158,Historical Legal Employee 1158,DEPARTMENT-011,Legal & Compliance,Senior,Former Employee,2026-08-01,Supports complete 24-month movement history without adding former staff to the active attrition population
HISTORICAL-EMPLOYEE-1159,Historical Legal Employee 1159,DEPARTMENT-011,Legal & Compliance,Mid,Former Employee,2026-08-01,Supports complete 24-month movement history without adding former staff to the active attrition population
HISTORICAL-EMPLOYEE-1160,Historical Logistics Employee 1160,DEPARTMENT-013,Logistics & Warehouse,Junior,Historical Joiner,2026-08-01,Supports complete 24-month movement history without adding former staff to the active attrition population
HISTORICAL-EMPLOYEE-1161,Historical Logistics Employee 1161,DEPARTMENT-013,Logistics & Warehouse,Junior,Historical Joiner,2026-08-01,Supports complete 24-month movement history without adding former staff to the active attrition population
HISTORICAL-EMPLOYEE-1162,Historical Logistics Employee 1162,DEPARTMENT-013,Logistics & Warehouse,Junior,Historical Joiner,2026-08-01,Supports complete 24-month movement history without adding former staff to the active attrition population
HISTORICAL-EMPLOYEE-1163,Historical Logistics Employee 1163,DEPARTMENT-013,Logistics & Warehouse,Mid,Former Employee,2026-08-01,Supports complete 24-month movement history without adding former staff to the active attrition population
HISTORICAL-EMPLOYEE-1164,Historical Logistics Employee 1164,DEPARTMENT-013,Logistics & Warehouse,Mid,Former Employee,2026-08-01,Supports complete 24-month movement history without adding former staff to the active attrition population
HISTORICAL-EMPLOYEE-1165,Historical Logistics Employee 1165,DEPARTMENT-013,Logistics & Warehouse,Junior,Former Employee,2026-08-01,Supports complete 24-month movement history without adding former staff to the active attrition population
HISTORICAL-EMPLOYEE-1166,Historical Production Employee 1166,DEPARTMENT-014,Production & Manufacturing,Junior,Historical Joiner,2026-08-01,Supports complete 24-month movement history without adding former staff to the active attrition population
HISTORICAL-EMPLOYEE-1167,Historical Production Employee 1167,DEPARTMENT-014,Production & Manufacturing,Mid,Former Employee,2026-08-01,Supports complete 24-month movement history without adding former staff to the active attrition population
HISTORICAL-EMPLOYEE-1168,Historical Production Employee 1168,DEPARTMENT-014,Production & Manufacturing,Junior,Former Employee,2026-08-01,Supports complete 24-month movement history without adding former staff to the active attrition population
HISTORICAL-EMPLOYEE-1169,Historical Quality Employee 1169,DEPARTMENT-015,Quality Assurance,Mid,Former Employee,2026-08-01,Supports complete 24-month movement history without adding former staff to the active attrition population
