Event_ID,Action_Record_ID,Process_Code,Employee_ID,Event_Type,Event_DateTime,Performed_By_Employee_ID,Performed_By_Name,Previous_Status,New_Status,Effect,Note,Data_As_Of_Date
HREVT-000001,HRACT-00001,PROB_CONFIRM,EMP693,RECORDED,2025-05-09T12:25,EMP201,Taha Saeed,,APPLIED,Logged,Probation completed with satisfactory review evidence.,2026-08-01
HREVT-000002,HRACT-00001,PROB_CONFIRM,EMP693,APPLIED,2025-05-10T09:00,EMP201,Taha Saeed,SCHEDULED,APPLIED,Operational state already consistent with source employee master,Seeded historical action; no source CSV was modified.,2026-08-01
HREVT-000003,HRACT-00002,PROB_CONFIRM,EMP069,RECORDED,2025-05-10T12:50,EMP001,Sonia Hassan,,APPLIED,Logged,Probation completed with satisfactory review evidence.,2026-08-01
HREVT-000004,HRACT-00002,PROB_CONFIRM,EMP069,APPLIED,2025-05-11T09:00,EMP001,Sonia Hassan,SCHEDULED,APPLIED,Operational state already consistent with source employee master,Seeded historical action; no source CSV was modified.,2026-08-01
HREVT-000005,HRACT-00003,PROB_CONFIRM,EMP525,RECORDED,2025-05-11T14:20,EMP012,Danish Masood,,APPLIED,Logged,Probation completed with satisfactory review evidence.,2026-08-01
HREVT-000006,HRACT-00003,PROB_CONFIRM,EMP525,APPLIED,2025-05-14T09:00,EMP012,Danish Masood,SCHEDULED,APPLIED,Operational state already consistent with source employee master,Seeded historical action; no source CSV was modified.,2026-08-01
HREVT-000007,HRACT-00004,PROB_CONFIRM,EMP703,RECORDED,2025-05-15T11:35,EMP087,Kashif Hameed,,APPLIED,Logged,Probation completed with satisfactory review evidence.,2026-08-01
HREVT-000008,HRACT-00004,PROB_CONFIRM,EMP703,APPLIED,2025-05-15T09:00,EMP087,Kashif Hameed,SCHEDULED,APPLIED,Operational state already consistent with source employee master,Seeded historical action; no source CSV was modified.,2026-08-01
HREVT-000009,HRACT-00005,PROB_CONFIRM,EMP065,RECORDED,2025-05-27T12:30,EMP197,Zeeshan Qureshi,,APPLIED,Logged,Probation completed with satisfactory review evidence.,2026-08-01
HREVT-000010,HRACT-00005,PROB_CONFIRM,EMP065,APPLIED,2025-05-27T09:00,EMP197,Zeeshan Qureshi,SCHEDULED,APPLIED,Operational state already consistent with source employee master,Seeded historical action; no source CSV was modified.,2026-08-01
HREVT-000011,HRACT-00006,PROB_CONFIRM,EMP707,RECORDED,2025-05-25T12:15,EMP202,Usman Hashmi,,APPLIED,Logged,Probation completed with satisfactory review evidence.,2026-08-01
HREVT-000012,HRACT-00006,PROB_CONFIRM,EMP707,APPLIED,2025-05-28T09:00,EMP202,Usman Hashmi,SCHEDULED,APPLIED,Operational state already consistent with source employee master,Seeded historical action; no source CSV was modified.,2026-08-01
HREVT-000013,HRACT-00007,PROB_CONFIRM,EMP103,RECORDED,2025-05-30T15:20,EMP203,Zainab Awan,,APPLIED,Logged,Probation completed with satisfactory review evidence.,2026-08-01
HREVT-000014,HRACT-00007,PROB_CONFIRM,EMP103,APPLIED,2025-06-02T09:00,EMP203,Zainab Awan,SCHEDULED,APPLIED,Operational state already consistent with source employee master,Seeded historical action; no source CSV was modified.,2026-08-01
HREVT-000015,HRACT-00008,PROB_CONFIRM,EMP445,RECORDED,2025-06-01T10:00,EMP066,Ali Gill,,APPLIED,Logged,Probation completed with satisfactory review evidence.,2026-08-01
HREVT-000016,HRACT-00008,PROB_CONFIRM,EMP445,APPLIED,2025-06-04T09:00,EMP066,Ali Gill,SCHEDULED,APPLIED,Operational state already consistent with source employee master,Seeded historical action; no source CSV was modified.,2026-08-01
HREVT-000017,HRACT-00009,PROB_CONFIRM,EMP181,RECORDED,2025-06-02T15:55,EMP081,Sonia Arif,,APPLIED,Logged,Probation completed with satisfactory review evidence.,2026-08-01
HREVT-000018,HRACT-00009,PROB_CONFIRM,EMP181,APPLIED,2025-06-07T09:00,EMP081,Sonia Arif,SCHEDULED,APPLIED,Operational state already consistent with source employee master,Seeded historical action; no source CSV was modified.,2026-08-01
HREVT-000019,HRACT-00010,PROB_CONFIRM,EMP150,RECORDED,2025-06-08T13:35,EMP085,Sara Yousaf,,APPLIED,Logged,Probation completed with satisfactory review evidence.,2026-08-01
HREVT-000020,HRACT-00010,PROB_CONFIRM,EMP150,APPLIED,2025-06-08T09:00,EMP085,Sara Yousaf,SCHEDULED,APPLIED,Operational state already consistent with source employee master,Seeded historical action; no source CSV was modified.,2026-08-01
HREVT-000021,HRACT-00011,PROB_CONFIRM,EMP300,RECORDED,2025-06-10T13:00,EMP201,Taha Saeed,,APPLIED,Logged,Probation completed with satisfactory review evidence.,2026-08-01
HREVT-000022,HRACT-00011,PROB_CONFIRM,EMP300,APPLIED,2025-06-11T09:00,EMP201,Taha Saeed,SCHEDULED,APPLIED,Operational state already consistent with source employee master,Seeded historical action; no source CSV was modified.,2026-08-01
HREVT-000023,HRACT-00012,PROB_CONFIRM,EMP623,RECORDED,2025-06-14T10:15,EMP001,Sonia Hassan,,APPLIED,Logged,Probation completed with satisfactory review evidence.,2026-08-01
HREVT-000024,HRACT-00012,PROB_CONFIRM,EMP623,APPLIED,2025-06-14T09:00,EMP001,Sonia Hassan,SCHEDULED,APPLIED,Operational state already consistent with source employee master,Seeded historical action; no source CSV was modified.,2026-08-01
HREVT-000025,HRACT-00013,PROB_CONFIRM,EMP179,RECORDED,2025-06-13T13:25,EMP012,Danish Masood,,APPLIED,Logged,Probation completed with satisfactory review evidence.,2026-08-01
HREVT-000026,HRACT-00013,PROB_CONFIRM,EMP179,APPLIED,2025-06-15T09:00,EMP012,Danish Masood,SCHEDULED,APPLIED,Operational state already consistent with source employee master,Seeded historical action; no source CSV was modified.,2026-08-01
HREVT-000027,HRACT-00014,PROB_CONFIRM,EMP113,RECORDED,2025-06-23T10:25,EMP087,Kashif Hameed,,APPLIED,Logged,Probation completed with satisfactory review evidence.,2026-08-01
HREVT-000028,HRACT-00014,PROB_CONFIRM,EMP113,APPLIED,2025-06-24T09:00,EMP087,Kashif Hameed,SCHEDULED,APPLIED,Operational state already consistent with source employee master,Seeded historical action; no source CSV was modified.,2026-08-01
HREVT-000029,HRACT-00015,PROB_CONFIRM,EMP614,RECORDED,2025-06-20T14:25,EMP197,Zeeshan Qureshi,,APPLIED,Logged,Probation completed with satisfactory review evidence.,2026-08-01
HREVT-000030,HRACT-00015,PROB_CONFIRM,EMP614,APPLIED,2025-06-24T09:00,EMP197,Zeeshan Qureshi,SCHEDULED,APPLIED,Operational state already consistent with source employee master,Seeded historical action; no source CSV was modified.,2026-08-01
HREVT-000031,HRACT-00016,PROB_CONFIRM,EMP526,RECORDED,2025-06-25T09:05,EMP202,Usman Hashmi,,APPLIED,Logged,Probation completed with satisfactory review evidence.,2026-08-01
HREVT-000032,HRACT-00016,PROB_CONFIRM,EMP526,APPLIED,2025-06-27T09:00,EMP202,Usman Hashmi,SCHEDULED,APPLIED,Operational state already consistent with source employee master,Seeded historical action; no source CSV was modified.,2026-08-01
HREVT-000033,HRACT-00017,PROB_CONFIRM,EMP005,RECORDED,2025-06-29T11:15,EMP203,Zainab Awan,,APPLIED,Logged,Probation completed with satisfactory review evidence.,2026-08-01
HREVT-000034,HRACT-00017,PROB_CONFIRM,EMP005,APPLIED,2025-06-30T09:00,EMP203,Zainab Awan,SCHEDULED,APPLIED,Operational state already consistent with source employee master,Seeded historical action; no source CSV was modified.,2026-08-01
HREVT-000035,HRACT-00018,PROB_CONFIRM,EMP467,RECORDED,2025-06-28T13:55,EMP066,Ali Gill,,APPLIED,Logged,Probation completed with satisfactory review evidence.,2026-08-01
HREVT-000036,HRACT-00018,PROB_CONFIRM,EMP467,APPLIED,2025-06-30T09:00,EMP066,Ali Gill,SCHEDULED,APPLIED,Operational state already consistent with source employee master,Seeded historical action; no source CSV was modified.,2026-08-01
HREVT-000037,HRACT-00019,PROB_CONFIRM,EMP615,RECORDED,2025-07-03T16:25,EMP081,Sonia Arif,,APPLIED,Logged,Probation completed with satisfactory review evidence.,2026-08-01
HREVT-000038,HRACT-00019,PROB_CONFIRM,EMP615,APPLIED,2025-07-03T09:00,EMP081,Sonia Arif,SCHEDULED,APPLIED,Operational state already consistent with source employee master,Seeded historical action; no source CSV was modified.,2026-08-01
HREVT-000039,HRACT-00020,PROB_CONFIRM,EMP666,RECORDED,2025-07-02T16:20,EMP085,Sara Yousaf,,APPLIED,Logged,Probation completed with satisfactory review evidence.,2026-08-01
HREVT-000040,HRACT-00020,PROB_CONFIRM,EMP666,APPLIED,2025-07-06T09:00,EMP085,Sara Yousaf,SCHEDULED,APPLIED,Operational state already consistent with source employee master,Seeded historical action; no source CSV was modified.,2026-08-01
HREVT-000041,HRACT-00021,PROB_CONFIRM,EMP476,RECORDED,2025-07-05T16:50,EMP201,Taha Saeed,,APPLIED,Logged,Probation completed with satisfactory review evidence.,2026-08-01
HREVT-000042,HRACT-00021,PROB_CONFIRM,EMP476,APPLIED,2025-07-09T09:00,EMP201,Taha Saeed,SCHEDULED,APPLIED,Operational state already consistent with source employee master,Seeded historical action; no source CSV was modified.,2026-08-01
HREVT-000043,HRACT-00022,PROB_CONFIRM,EMP423,RECORDED,2025-07-05T14:45,EMP001,Sonia Hassan,,APPLIED,Logged,Probation completed with satisfactory review evidence.,2026-08-01
HREVT-000044,HRACT-00022,PROB_CONFIRM,EMP423,APPLIED,2025-07-10T09:00,EMP001,Sonia Hassan,SCHEDULED,APPLIED,Operational state already consistent with source employee master,Seeded historical action; no source CSV was modified.,2026-08-01
HREVT-000045,HRACT-00023,PROB_CONFIRM,EMP620,RECORDED,2025-07-09T15:15,EMP012,Danish Masood,,APPLIED,Logged,Probation completed with satisfactory review evidence.,2026-08-01
HREVT-000046,HRACT-00023,PROB_CONFIRM,EMP620,APPLIED,2025-07-13T09:00,EMP012,Danish Masood,SCHEDULED,APPLIED,Operational state already consistent with source employee master,Seeded historical action; no source CSV was modified.,2026-08-01
HREVT-000047,HRACT-00024,PROB_CONFIRM,EMP528,RECORDED,2025-07-13T14:00,EMP087,Kashif Hameed,,APPLIED,Logged,Probation completed with satisfactory review evidence.,2026-08-01
HREVT-000048,HRACT-00024,PROB_CONFIRM,EMP528,APPLIED,2025-07-14T09:00,EMP087,Kashif Hameed,SCHEDULED,APPLIED,Operational state already consistent with source employee master,Seeded historical action; no source CSV was modified.,2026-08-01
HREVT-000049,HRACT-00025,PROB_CONFIRM,EMP019,RECORDED,2025-07-25T11:00,EMP197,Zeeshan Qureshi,,APPLIED,Logged,Probation completed with satisfactory review evidence.,2026-08-01
HREVT-000050,HRACT-00025,PROB_CONFIRM,EMP019,APPLIED,2025-07-28T09:00,EMP197,Zeeshan Qureshi,SCHEDULED,APPLIED,Operational state already consistent with source employee master,Seeded historical action; no source CSV was modified.,2026-08-01
HREVT-000051,HRACT-00026,PROB_CONFIRM,EMP661,RECORDED,2025-07-30T12:05,EMP202,Usman Hashmi,,APPLIED,Logged,Probation completed with satisfactory review evidence.,2026-08-01
HREVT-000052,HRACT-00026,PROB_CONFIRM,EMP661,APPLIED,2025-08-02T09:00,EMP202,Usman Hashmi,SCHEDULED,APPLIED,Operational state already consistent with source employee master,Seeded historical action; no source CSV was modified.,2026-08-01
HREVT-000053,HRACT-00027,PROB_CONFIRM,EMP154,RECORDED,2025-08-03T14:45,EMP203,Zainab Awan,,APPLIED,Logged,Probation completed with satisfactory review evidence.,2026-08-01
HREVT-000054,HRACT-00027,PROB_CONFIRM,EMP154,APPLIED,2025-08-08T09:00,EMP203,Zainab Awan,SCHEDULED,APPLIED,Operational state already consistent with source employee master,Seeded historical action; no source CSV was modified.,2026-08-01
HREVT-000055,HRACT-00028,PROB_CONFIRM,EMP712,RECORDED,2025-08-05T13:30,EMP066,Ali Gill,,APPLIED,Logged,Probation completed with satisfactory review evidence.,2026-08-01
HREVT-000056,HRACT-00028,PROB_CONFIRM,EMP712,APPLIED,2025-08-08T09:00,EMP066,Ali Gill,SCHEDULED,APPLIED,Operational state already consistent with source employee master,Seeded historical action; no source CSV was modified.,2026-08-01
HREVT-000057,HRACT-00029,PROB_CONFIRM,EMP060,RECORDED,2025-08-11T13:10,EMP081,Sonia Arif,,APPLIED,Logged,Probation completed with satisfactory review evidence.,2026-08-01
HREVT-000058,HRACT-00029,PROB_CONFIRM,EMP060,APPLIED,2025-08-11T09:00,EMP081,Sonia Arif,SCHEDULED,APPLIED,Operational state already consistent with source employee master,Seeded historical action; no source CSV was modified.,2026-08-01
HREVT-000059,HRACT-00030,PROB_CONFIRM,EMP434,RECORDED,2025-08-08T11:15,EMP085,Sara Yousaf,,APPLIED,Logged,Probation completed with satisfactory review evidence.,2026-08-01
HREVT-000060,HRACT-00030,PROB_CONFIRM,EMP434,APPLIED,2025-08-11T09:00,EMP085,Sara Yousaf,SCHEDULED,APPLIED,Operational state already consistent with source employee master,Seeded historical action; no source CSV was modified.,2026-08-01
HREVT-000061,HRACT-00031,PROB_CONFIRM,EMP482,RECORDED,2025-08-12T11:00,EMP201,Taha Saeed,,APPLIED,Logged,Probation completed with satisfactory review evidence.,2026-08-01
HREVT-000062,HRACT-00031,PROB_CONFIRM,EMP482,APPLIED,2025-08-12T09:00,EMP201,Taha Saeed,SCHEDULED,APPLIED,Operational state already consistent with source employee master,Seeded historical action; no source CSV was modified.,2026-08-01
HREVT-000063,HRACT-00032,PROB_CONFIRM,EMP664,RECORDED,2025-08-10T15:40,EMP001,Sonia Hassan,,APPLIED,Logged,Probation completed with satisfactory review evidence.,2026-08-01
HREVT-000064,HRACT-00032,PROB_CONFIRM,EMP664,APPLIED,2025-08-12T09:00,EMP001,Sonia Hassan,SCHEDULED,APPLIED,Operational state already consistent with source employee master,Seeded historical action; no source CSV was modified.,2026-08-01
HREVT-000065,HRACT-00033,PROB_CONFIRM,EMP529,RECORDED,2025-08-12T10:45,EMP012,Danish Masood,,APPLIED,Logged,Probation completed with satisfactory review evidence.,2026-08-01
HREVT-000066,HRACT-00033,PROB_CONFIRM,EMP529,APPLIED,2025-08-14T09:00,EMP012,Danish Masood,SCHEDULED,APPLIED,Operational state already consistent with source employee master,Seeded historical action; no source CSV was modified.,2026-08-01
HREVT-000067,HRACT-00034,PROB_CONFIRM,EMP537,RECORDED,2025-08-31T09:40,EMP087,Kashif Hameed,,APPLIED,Logged,Probation completed with satisfactory review evidence.,2026-08-01
HREVT-000068,HRACT-00034,PROB_CONFIRM,EMP537,APPLIED,2025-09-04T09:00,EMP087,Kashif Hameed,SCHEDULED,APPLIED,Operational state already consistent with source employee master,Seeded historical action; no source CSV was modified.,2026-08-01
HREVT-000069,HRACT-00035,PROB_CONFIRM,EMP475,RECORDED,2025-09-04T14:05,EMP197,Zeeshan Qureshi,,APPLIED,Logged,Probation completed with satisfactory review evidence.,2026-08-01
HREVT-000070,HRACT-00035,PROB_CONFIRM,EMP475,APPLIED,2025-09-05T09:00,EMP197,Zeeshan Qureshi,SCHEDULED,APPLIED,Operational state already consistent with source employee master,Seeded historical action; no source CSV was modified.,2026-08-01
HREVT-000071,HRACT-00036,PROB_CONFIRM,EMP096,RECORDED,2025-09-02T09:00,EMP202,Usman Hashmi,,APPLIED,Logged,Probation completed with satisfactory review evidence.,2026-08-01
HREVT-000072,HRACT-00036,PROB_CONFIRM,EMP096,APPLIED,2025-09-06T09:00,EMP202,Usman Hashmi,SCHEDULED,APPLIED,Operational state already consistent with source employee master,Seeded historical action; no source CSV was modified.,2026-08-01
HREVT-000073,HRACT-00037,PROB_CONFIRM,EMP003,RECORDED,2025-09-07T16:45,EMP203,Zainab Awan,,APPLIED,Logged,Probation completed with satisfactory review evidence.,2026-08-01
HREVT-000074,HRACT-00037,PROB_CONFIRM,EMP003,APPLIED,2025-09-08T09:00,EMP203,Zainab Awan,SCHEDULED,APPLIED,Operational state already consistent with source employee master,Seeded historical action; no source CSV was modified.,2026-08-01
HREVT-000075,HRACT-00038,PROB_CONFIRM,EMP400,RECORDED,2025-09-12T15:50,EMP066,Ali Gill,,APPLIED,Logged,Probation completed with satisfactory review evidence.,2026-08-01
HREVT-000076,HRACT-00038,PROB_CONFIRM,EMP400,APPLIED,2025-09-14T09:00,EMP066,Ali Gill,SCHEDULED,APPLIED,Operational state already consistent with source employee master,Seeded historical action; no source CSV was modified.,2026-08-01
HREVT-000077,HRACT-00039,PROB_CONFIRM,EMP109,RECORDED,2025-09-12T15:30,EMP081,Sonia Arif,,APPLIED,Logged,Probation completed with satisfactory review evidence.,2026-08-01
HREVT-000078,HRACT-00039,PROB_CONFIRM,EMP109,APPLIED,2025-09-15T09:00,EMP081,Sonia Arif,SCHEDULED,APPLIED,Operational state already consistent with source employee master,Seeded historical action; no source CSV was modified.,2026-08-01
HREVT-000079,HRACT-00040,PROB_CONFIRM,EMP127,RECORDED,2025-09-23T09:25,EMP085,Sara Yousaf,,APPLIED,Logged,Probation completed with satisfactory review evidence.,2026-08-01
HREVT-000080,HRACT-00040,PROB_CONFIRM,EMP127,APPLIED,2025-09-24T09:00,EMP085,Sara Yousaf,SCHEDULED,APPLIED,Operational state already consistent with source employee master,Seeded historical action; no source CSV was modified.,2026-08-01
HREVT-000081,HRACT-00041,PROB_CONFIRM,EMP348,RECORDED,2025-09-24T09:15,EMP201,Taha Saeed,,APPLIED,Logged,Probation completed with satisfactory review evidence.,2026-08-01
HREVT-000082,HRACT-00041,PROB_CONFIRM,EMP348,APPLIED,2025-09-25T09:00,EMP201,Taha Saeed,SCHEDULED,APPLIED,Operational state already consistent with source employee master,Seeded historical action; no source CSV was modified.,2026-08-01
HREVT-000083,HRACT-00042,PROB_CONFIRM,EMP438,RECORDED,2025-09-21T14:45,EMP001,Sonia Hassan,,APPLIED,Logged,Probation completed with satisfactory review evidence.,2026-08-01
HREVT-000084,HRACT-00042,PROB_CONFIRM,EMP438,APPLIED,2025-09-25T09:00,EMP001,Sonia Hassan,SCHEDULED,APPLIED,Operational state already consistent with source employee master,Seeded historical action; no source CSV was modified.,2026-08-01
HREVT-000085,HRACT-00043,PROB_CONFIRM,EMP242,RECORDED,2025-09-27T10:30,EMP012,Danish Masood,,APPLIED,Logged,Probation completed with satisfactory review evidence.,2026-08-01
HREVT-000086,HRACT-00043,PROB_CONFIRM,EMP242,APPLIED,2025-09-28T09:00,EMP012,Danish Masood,SCHEDULED,APPLIED,Operational state already consistent with source employee master,Seeded historical action; no source CSV was modified.,2026-08-01
HREVT-000087,HRACT-00044,PROB_CONFIRM,EMP570,RECORDED,2025-10-07T16:10,EMP087,Kashif Hameed,,APPLIED,Logged,Probation completed with satisfactory review evidence.,2026-08-01
HREVT-000088,HRACT-00044,PROB_CONFIRM,EMP570,APPLIED,2025-10-08T09:00,EMP087,Kashif Hameed,SCHEDULED,APPLIED,Operational state already consistent with source employee master,Seeded historical action; no source CSV was modified.,2026-08-01
HREVT-000089,HRACT-00045,PROB_CONFIRM,EMP165,RECORDED,2025-10-29T14:25,EMP197,Zeeshan Qureshi,,APPLIED,Logged,Probation completed with satisfactory review evidence.,2026-08-01
HREVT-000090,HRACT-00045,PROB_CONFIRM,EMP165,APPLIED,2025-11-02T09:00,EMP197,Zeeshan Qureshi,SCHEDULED,APPLIED,Operational state already consistent with source employee master,Seeded historical action; no source CSV was modified.,2026-08-01
HREVT-000091,HRACT-00046,PROB_CONFIRM,EMP098,RECORDED,2025-11-02T13:10,EMP202,Usman Hashmi,,APPLIED,Logged,Probation completed with satisfactory review evidence.,2026-08-01
HREVT-000092,HRACT-00046,PROB_CONFIRM,EMP098,APPLIED,2025-11-03T09:00,EMP202,Usman Hashmi,SCHEDULED,APPLIED,Operational state already consistent with source employee master,Seeded historical action; no source CSV was modified.,2026-08-01
HREVT-000093,HRACT-00047,PROB_CONFIRM,EMP122,RECORDED,2025-11-07T16:55,EMP203,Zainab Awan,,APPLIED,Logged,Probation completed with satisfactory review evidence.,2026-08-01
HREVT-000094,HRACT-00047,PROB_CONFIRM,EMP122,APPLIED,2025-11-07T09:00,EMP203,Zainab Awan,SCHEDULED,APPLIED,Operational state already consistent with source employee master,Seeded historical action; no source CSV was modified.,2026-08-01
HREVT-000095,HRACT-00048,PROB_CONFIRM,EMP481,RECORDED,2025-11-06T15:05,EMP066,Ali Gill,,APPLIED,Logged,Probation completed with satisfactory review evidence.,2026-08-01
HREVT-000096,HRACT-00048,PROB_CONFIRM,EMP481,APPLIED,2025-11-07T09:00,EMP066,Ali Gill,SCHEDULED,APPLIED,Operational state already consistent with source employee master,Seeded historical action; no source CSV was modified.,2026-08-01
HREVT-000097,HRACT-00049,PROB_CONFIRM,EMP573,RECORDED,2025-11-08T10:35,EMP081,Sonia Arif,,APPLIED,Logged,Probation completed with satisfactory review evidence.,2026-08-01
HREVT-000098,HRACT-00049,PROB_CONFIRM,EMP573,APPLIED,2025-11-10T09:00,EMP081,Sonia Arif,SCHEDULED,APPLIED,Operational state already consistent with source employee master,Seeded historical action; no source CSV was modified.,2026-08-01
HREVT-000099,HRACT-00050,PROB_CONFIRM,EMP115,RECORDED,2025-11-11T11:10,EMP085,Sara Yousaf,,APPLIED,Logged,Probation completed with satisfactory review evidence.,2026-08-01
HREVT-000100,HRACT-00050,PROB_CONFIRM,EMP115,APPLIED,2025-11-11T09:00,EMP085,Sara Yousaf,SCHEDULED,APPLIED,Operational state already consistent with source employee master,Seeded historical action; no source CSV was modified.,2026-08-01
HREVT-000101,HRACT-00051,PROB_CONFIRM,EMP151,RECORDED,2025-11-07T11:05,EMP201,Taha Saeed,,APPLIED,Logged,Probation completed with satisfactory review evidence.,2026-08-01
HREVT-000102,HRACT-00051,PROB_CONFIRM,EMP151,APPLIED,2025-11-11T09:00,EMP201,Taha Saeed,SCHEDULED,APPLIED,Operational state already consistent with source employee master,Seeded historical action; no source CSV was modified.,2026-08-01
HREVT-000103,HRACT-00052,PROB_CONFIRM,EMP041,RECORDED,2025-11-12T15:20,EMP001,Sonia Hassan,,APPLIED,Logged,Probation completed with satisfactory review evidence.,2026-08-01
HREVT-000104,HRACT-00052,PROB_CONFIRM,EMP041,APPLIED,2025-11-13T09:00,EMP001,Sonia Hassan,SCHEDULED,APPLIED,Operational state already consistent with source employee master,Seeded historical action; no source CSV was modified.,2026-08-01
HREVT-000105,HRACT-00053,PROB_CONFIRM,EMP184,RECORDED,2025-11-14T14:20,EMP012,Danish Masood,,APPLIED,Logged,Probation completed with satisfactory review evidence.,2026-08-01
HREVT-000106,HRACT-00053,PROB_CONFIRM,EMP184,APPLIED,2025-11-14T09:00,EMP012,Danish Masood,SCHEDULED,APPLIED,Operational state already consistent with source employee master,Seeded historical action; no source CSV was modified.,2026-08-01
HREVT-000107,HRACT-00054,PROB_CONFIRM,EMP180,RECORDED,2025-11-11T09:00,EMP087,Kashif Hameed,,APPLIED,Logged,Probation completed with satisfactory review evidence.,2026-08-01
HREVT-000108,HRACT-00054,PROB_CONFIRM,EMP180,APPLIED,2025-11-15T09:00,EMP087,Kashif Hameed,SCHEDULED,APPLIED,Operational state already consistent with source employee master,Seeded historical action; no source CSV was modified.,2026-08-01
HREVT-000109,HRACT-00055,PROB_CONFIRM,EMP667,RECORDED,2025-11-24T09:50,EMP197,Zeeshan Qureshi,,APPLIED,Logged,Probation completed with satisfactory review evidence.,2026-08-01
HREVT-000110,HRACT-00055,PROB_CONFIRM,EMP667,APPLIED,2025-11-28T09:00,EMP197,Zeeshan Qureshi,SCHEDULED,APPLIED,Operational state already consistent with source employee master,Seeded historical action; no source CSV was modified.,2026-08-01
HREVT-000111,HRACT-00056,PROB_CONFIRM,EMP073,RECORDED,2025-11-29T14:25,EMP202,Usman Hashmi,,APPLIED,Logged,Probation completed with satisfactory review evidence.,2026-08-01
HREVT-000112,HRACT-00056,PROB_CONFIRM,EMP073,APPLIED,2025-12-02T09:00,EMP202,Usman Hashmi,SCHEDULED,APPLIED,Operational state already consistent with source employee master,Seeded historical action; no source CSV was modified.,2026-08-01
HREVT-000113,HRACT-00057,PROB_CONFIRM,EMP671,RECORDED,2025-12-03T13:25,EMP203,Zainab Awan,,APPLIED,Logged,Probation completed with satisfactory review evidence.,2026-08-01
HREVT-000114,HRACT-00057,PROB_CONFIRM,EMP671,APPLIED,2025-12-03T09:00,EMP203,Zainab Awan,SCHEDULED,APPLIED,Operational state already consistent with source employee master,Seeded historical action; no source CSV was modified.,2026-08-01
HREVT-000115,HRACT-00058,PROB_CONFIRM,EMP163,RECORDED,2025-12-05T10:30,EMP066,Ali Gill,,APPLIED,Logged,Probation completed with satisfactory review evidence.,2026-08-01
HREVT-000116,HRACT-00058,PROB_CONFIRM,EMP163,APPLIED,2025-12-05T09:00,EMP066,Ali Gill,SCHEDULED,APPLIED,Operational state already consistent with source employee master,Seeded historical action; no source CSV was modified.,2026-08-01
HREVT-000117,HRACT-00059,PROB_CONFIRM,EMP033,RECORDED,2025-12-09T10:45,EMP081,Sonia Arif,,APPLIED,Logged,Probation completed with satisfactory review evidence.,2026-08-01
HREVT-000118,HRACT-00059,PROB_CONFIRM,EMP033,APPLIED,2025-12-10T09:00,EMP081,Sonia Arif,SCHEDULED,APPLIED,Operational state already consistent with source employee master,Seeded historical action; no source CSV was modified.,2026-08-01
HREVT-000119,HRACT-00060,PROB_CONFIRM,EMP045,RECORDED,2025-12-05T14:10,EMP085,Sara Yousaf,,APPLIED,Logged,Probation completed with satisfactory review evidence.,2026-08-01
HREVT-000120,HRACT-00060,PROB_CONFIRM,EMP045,APPLIED,2025-12-10T09:00,EMP085,Sara Yousaf,SCHEDULED,APPLIED,Operational state already consistent with source employee master,Seeded historical action; no source CSV was modified.,2026-08-01
HREVT-000121,HRACT-00061,PROB_CONFIRM,EMP240,RECORDED,2025-12-09T09:45,EMP201,Taha Saeed,,APPLIED,Logged,Probation completed with satisfactory review evidence.,2026-08-01
HREVT-000122,HRACT-00061,PROB_CONFIRM,EMP240,APPLIED,2025-12-11T09:00,EMP201,Taha Saeed,SCHEDULED,APPLIED,Operational state already consistent with source employee master,Seeded historical action; no source CSV was modified.,2026-08-01
HREVT-000123,HRACT-00062,PROB_CONFIRM,EMP214,RECORDED,2025-12-10T16:30,EMP001,Sonia Hassan,,APPLIED,Logged,Probation completed with satisfactory review evidence.,2026-08-01
HREVT-000124,HRACT-00062,PROB_CONFIRM,EMP214,APPLIED,2025-12-14T09:00,EMP001,Sonia Hassan,SCHEDULED,APPLIED,Operational state already consistent with source employee master,Seeded historical action; no source CSV was modified.,2026-08-01
HREVT-000125,HRACT-00063,PROB_CONFIRM,EMP157,RECORDED,2025-12-14T12:10,EMP012,Danish Masood,,APPLIED,Logged,Probation completed with satisfactory review evidence.,2026-08-01
HREVT-000126,HRACT-00063,PROB_CONFIRM,EMP157,APPLIED,2025-12-15T09:00,EMP012,Danish Masood,SCHEDULED,APPLIED,Operational state already consistent with source employee master,Seeded historical action; no source CSV was modified.,2026-08-01
HREVT-000127,HRACT-00064,PROB_CONFIRM,EMP110,RECORDED,2025-12-23T11:50,EMP087,Kashif Hameed,,APPLIED,Logged,Probation completed with satisfactory review evidence.,2026-08-01
HREVT-000128,HRACT-00064,PROB_CONFIRM,EMP110,APPLIED,2025-12-27T09:00,EMP087,Kashif Hameed,SCHEDULED,APPLIED,Operational state already consistent with source employee master,Seeded historical action; no source CSV was modified.,2026-08-01
HREVT-000129,HRACT-00065,PROB_CONFIRM,EMP048,RECORDED,2025-12-23T09:05,EMP197,Zeeshan Qureshi,,APPLIED,Logged,Probation completed with satisfactory review evidence.,2026-08-01
HREVT-000130,HRACT-00065,PROB_CONFIRM,EMP048,APPLIED,2025-12-28T09:00,EMP197,Zeeshan Qureshi,SCHEDULED,APPLIED,Operational state already consistent with source employee master,Seeded historical action; no source CSV was modified.,2026-08-01
HREVT-000131,HRACT-00066,PROB_CONFIRM,EMP536,RECORDED,2025-12-26T13:50,EMP202,Usman Hashmi,,APPLIED,Logged,Probation completed with satisfactory review evidence.,2026-08-01
HREVT-000132,HRACT-00066,PROB_CONFIRM,EMP536,APPLIED,2025-12-30T09:00,EMP202,Usman Hashmi,SCHEDULED,APPLIED,Operational state already consistent with source employee master,Seeded historical action; no source CSV was modified.,2026-08-01
HREVT-000133,HRACT-00067,PROB_CONFIRM,EMP669,RECORDED,2025-12-30T09:25,EMP203,Zainab Awan,,APPLIED,Logged,Probation completed with satisfactory review evidence.,2026-08-01
HREVT-000134,HRACT-00067,PROB_CONFIRM,EMP669,APPLIED,2025-12-30T09:00,EMP203,Zainab Awan,SCHEDULED,APPLIED,Operational state already consistent with source employee master,Seeded historical action; no source CSV was modified.,2026-08-01
HREVT-000135,HRACT-00068,PROB_CONFIRM,EMP310,RECORDED,2025-12-28T12:30,EMP066,Ali Gill,,APPLIED,Logged,Probation completed with satisfactory review evidence.,2026-08-01
HREVT-000136,HRACT-00068,PROB_CONFIRM,EMP310,APPLIED,2026-01-02T09:00,EMP066,Ali Gill,SCHEDULED,APPLIED,Operational state already consistent with source employee master,Seeded historical action; no source CSV was modified.,2026-08-01
HREVT-000137,HRACT-00069,PROB_CONFIRM,EMP050,RECORDED,2026-01-02T11:40,EMP081,Sonia Arif,,APPLIED,Logged,Probation completed with satisfactory review evidence.,2026-08-01
HREVT-000138,HRACT-00069,PROB_CONFIRM,EMP050,APPLIED,2026-01-04T09:00,EMP081,Sonia Arif,SCHEDULED,APPLIED,Operational state already consistent with source employee master,Seeded historical action; no source CSV was modified.,2026-08-01
HREVT-000139,HRACT-00070,PROB_CONFIRM,EMP112,RECORDED,2026-01-04T10:10,EMP085,Sara Yousaf,,APPLIED,Logged,Probation completed with satisfactory review evidence.,2026-08-01
HREVT-000140,HRACT-00070,PROB_CONFIRM,EMP112,APPLIED,2026-01-04T09:00,EMP085,Sara Yousaf,SCHEDULED,APPLIED,Operational state already consistent with source employee master,Seeded historical action; no source CSV was modified.,2026-08-01
HREVT-000141,HRACT-00071,PROB_CONFIRM,EMP238,RECORDED,2026-01-02T09:55,EMP201,Taha Saeed,,APPLIED,Logged,Probation completed with satisfactory review evidence.,2026-08-01
HREVT-000142,HRACT-00071,PROB_CONFIRM,EMP238,APPLIED,2026-01-05T09:00,EMP201,Taha Saeed,SCHEDULED,APPLIED,Operational state already consistent with source employee master,Seeded historical action; no source CSV was modified.,2026-08-01
HREVT-000143,HRACT-00072,PROB_CONFIRM,EMP245,RECORDED,2026-01-02T14:35,EMP001,Sonia Hassan,,APPLIED,Logged,Probation completed with satisfactory review evidence.,2026-08-01
HREVT-000144,HRACT-00072,PROB_CONFIRM,EMP245,APPLIED,2026-01-07T09:00,EMP001,Sonia Hassan,SCHEDULED,APPLIED,Operational state already consistent with source employee master,Seeded historical action; no source CSV was modified.,2026-08-01
HREVT-000145,HRACT-00073,PROB_CONFIRM,EMP491,RECORDED,2026-01-06T12:55,EMP012,Danish Masood,,APPLIED,Logged,Probation completed with satisfactory review evidence.,2026-08-01
HREVT-000146,HRACT-00073,PROB_CONFIRM,EMP491,APPLIED,2026-01-09T09:00,EMP012,Danish Masood,SCHEDULED,APPLIED,Operational state already consistent with source employee master,Seeded historical action; no source CSV was modified.,2026-08-01
HREVT-000147,HRACT-00074,PROB_CONFIRM,EMP670,RECORDED,2026-01-09T10:25,EMP087,Kashif Hameed,,APPLIED,Logged,Probation completed with satisfactory review evidence.,2026-08-01
HREVT-000148,HRACT-00074,PROB_CONFIRM,EMP670,APPLIED,2026-01-10T09:00,EMP087,Kashif Hameed,SCHEDULED,APPLIED,Operational state already consistent with source employee master,Seeded historical action; no source CSV was modified.,2026-08-01
HREVT-000149,HRACT-00075,PROB_CONFIRM,EMP055,RECORDED,2026-01-10T15:20,EMP197,Zeeshan Qureshi,,APPLIED,Logged,Probation completed with satisfactory review evidence.,2026-08-01
HREVT-000150,HRACT-00075,PROB_CONFIRM,EMP055,APPLIED,2026-01-15T09:00,EMP197,Zeeshan Qureshi,SCHEDULED,APPLIED,Operational state already consistent with source employee master,Seeded historical action; no source CSV was modified.,2026-08-01
HREVT-000151,HRACT-00076,PROB_CONFIRM,EMP394,RECORDED,2026-02-04T16:30,EMP202,Usman Hashmi,,APPLIED,Logged,Probation completed with satisfactory review evidence.,2026-08-01
HREVT-000152,HRACT-00076,PROB_CONFIRM,EMP394,APPLIED,2026-02-05T09:00,EMP202,Usman Hashmi,SCHEDULED,APPLIED,Operational state already consistent with source employee master,Seeded historical action; no source CSV was modified.,2026-08-01
HREVT-000153,HRACT-00077,PROB_CONFIRM,EMP487,RECORDED,2026-02-13T12:15,EMP203,Zainab Awan,,APPLIED,Logged,Probation completed with satisfactory review evidence.,2026-08-01
HREVT-000154,HRACT-00077,PROB_CONFIRM,EMP487,APPLIED,2026-02-15T09:00,EMP203,Zainab Awan,SCHEDULED,APPLIED,Operational state already consistent with source employee master,Seeded historical action; no source CSV was modified.,2026-08-01
HREVT-000155,HRACT-00078,PROB_CONFIRM,EMP082,RECORDED,2026-02-18T16:45,EMP066,Ali Gill,,APPLIED,Logged,Probation completed with satisfactory review evidence.,2026-08-01
HREVT-000156,HRACT-00078,PROB_CONFIRM,EMP082,APPLIED,2026-02-23T09:00,EMP066,Ali Gill,SCHEDULED,APPLIED,Operational state already consistent with source employee master,Seeded historical action; no source CSV was modified.,2026-08-01
HREVT-000157,HRACT-00079,PROB_CONFIRM,EMP039,RECORDED,2026-02-28T16:45,EMP081,Sonia Arif,,APPLIED,Logged,Probation completed with satisfactory review evidence.,2026-08-01
HREVT-000158,HRACT-00079,PROB_CONFIRM,EMP039,APPLIED,2026-03-05T09:00,EMP081,Sonia Arif,SCHEDULED,APPLIED,Operational state already consistent with source employee master,Seeded historical action; no source CSV was modified.,2026-08-01
HREVT-000159,HRACT-00080,PROB_CONFIRM,EMP193,RECORDED,2026-03-06T11:40,EMP085,Sara Yousaf,,APPLIED,Logged,Probation completed with satisfactory review evidence.,2026-08-01
HREVT-000160,HRACT-00080,PROB_CONFIRM,EMP193,APPLIED,2026-03-06T09:00,EMP085,Sara Yousaf,SCHEDULED,APPLIED,Operational state already consistent with source employee master,Seeded historical action; no source CSV was modified.,2026-08-01
HREVT-000161,HRACT-00081,PROB_CONFIRM,EMP194,RECORDED,2026-03-04T12:10,EMP201,Taha Saeed,,APPLIED,Logged,Probation completed with satisfactory review evidence.,2026-08-01
HREVT-000162,HRACT-00081,PROB_CONFIRM,EMP194,APPLIED,2026-03-06T09:00,EMP201,Taha Saeed,SCHEDULED,APPLIED,Operational state already consistent with source employee master,Seeded historical action; no source CSV was modified.,2026-08-01
HREVT-000163,HRACT-00082,PROB_CONFIRM,EMP396,RECORDED,2026-03-07T09:00,EMP001,Sonia Hassan,,APPLIED,Logged,Probation completed with satisfactory review evidence.,2026-08-01
HREVT-000164,HRACT-00082,PROB_CONFIRM,EMP396,APPLIED,2026-03-08T09:00,EMP001,Sonia Hassan,SCHEDULED,APPLIED,Operational state already consistent with source employee master,Seeded historical action; no source CSV was modified.,2026-08-01
HREVT-000165,HRACT-00083,PROB_CONFIRM,EMP032,RECORDED,2026-03-06T11:40,EMP012,Danish Masood,,APPLIED,Logged,Probation completed with satisfactory review evidence.,2026-08-01
HREVT-000166,HRACT-00083,PROB_CONFIRM,EMP032,APPLIED,2026-03-09T09:00,EMP012,Danish Masood,SCHEDULED,APPLIED,Operational state already consistent with source employee master,Seeded historical action; no source CSV was modified.,2026-08-01
HREVT-000167,HRACT-00084,PROB_CONFIRM,EMP439,RECORDED,2026-03-07T10:10,EMP087,Kashif Hameed,,APPLIED,Logged,Probation completed with satisfactory review evidence.,2026-08-01
HREVT-000168,HRACT-00084,PROB_CONFIRM,EMP439,APPLIED,2026-03-09T09:00,EMP087,Kashif Hameed,SCHEDULED,APPLIED,Operational state already consistent with source employee master,Seeded historical action; no source CSV was modified.,2026-08-01
HREVT-000169,HRACT-00085,PROB_CONFIRM,EMP708,RECORDED,2026-03-09T12:10,EMP197,Zeeshan Qureshi,,APPLIED,Logged,Probation completed with satisfactory review evidence.,2026-08-01
HREVT-000170,HRACT-00085,PROB_CONFIRM,EMP708,APPLIED,2026-03-10T09:00,EMP197,Zeeshan Qureshi,SCHEDULED,APPLIED,Operational state already consistent with source employee master,Seeded historical action; no source CSV was modified.,2026-08-01
HREVT-000171,HRACT-00086,PROB_CONFIRM,EMP054,RECORDED,2026-03-07T12:15,EMP202,Usman Hashmi,,APPLIED,Logged,Probation completed with satisfactory review evidence.,2026-08-01
HREVT-000172,HRACT-00086,PROB_CONFIRM,EMP054,APPLIED,2026-03-11T09:00,EMP202,Usman Hashmi,SCHEDULED,APPLIED,Operational state already consistent with source employee master,Seeded historical action; no source CSV was modified.,2026-08-01
HREVT-000173,HRACT-00087,PROB_CONFIRM,EMP097,RECORDED,2026-03-25T09:05,EMP203,Zainab Awan,,APPLIED,Logged,Probation completed with satisfactory review evidence.,2026-08-01
HREVT-000174,HRACT-00087,PROB_CONFIRM,EMP097,APPLIED,2026-03-29T09:00,EMP203,Zainab Awan,SCHEDULED,APPLIED,Operational state already consistent with source employee master,Seeded historical action; no source CSV was modified.,2026-08-01
HREVT-000175,HRACT-00088,PROB_CONFIRM,EMP057,RECORDED,2026-04-01T16:05,EMP066,Ali Gill,,APPLIED,Logged,Probation completed with satisfactory review evidence.,2026-08-01
HREVT-000176,HRACT-00088,PROB_CONFIRM,EMP057,APPLIED,2026-04-04T09:00,EMP066,Ali Gill,SCHEDULED,APPLIED,Operational state already consistent with source employee master,Seeded historical action; no source CSV was modified.,2026-08-01
HREVT-000177,HRACT-00089,PROB_CONFIRM,EMP353,RECORDED,2026-04-05T11:35,EMP081,Sonia Arif,,APPLIED,Logged,Probation completed with satisfactory review evidence.,2026-08-01
HREVT-000178,HRACT-00089,PROB_CONFIRM,EMP353,APPLIED,2026-04-06T09:00,EMP081,Sonia Arif,SCHEDULED,APPLIED,Operational state already consistent with source employee master,Seeded historical action; no source CSV was modified.,2026-08-01
HREVT-000179,HRACT-00090,PROB_CONFIRM,EMP485,RECORDED,2026-04-06T15:10,EMP085,Sara Yousaf,,APPLIED,Logged,Probation completed with satisfactory review evidence.,2026-08-01
HREVT-000180,HRACT-00090,PROB_CONFIRM,EMP485,APPLIED,2026-04-06T09:00,EMP085,Sara Yousaf,SCHEDULED,APPLIED,Operational state already consistent with source employee master,Seeded historical action; no source CSV was modified.,2026-08-01
HREVT-000181,HRACT-00091,PROB_CONFIRM,EMP621,RECORDED,2026-04-22T16:30,EMP201,Taha Saeed,,APPLIED,Logged,Probation completed with satisfactory review evidence.,2026-08-01
HREVT-000182,HRACT-00091,PROB_CONFIRM,EMP621,APPLIED,2026-04-26T09:00,EMP201,Taha Saeed,SCHEDULED,APPLIED,Operational state already consistent with source employee master,Seeded historical action; no source CSV was modified.,2026-08-01
HREVT-000183,HRACT-00092,PROB_CONFIRM,EMP349,RECORDED,2026-05-07T10:40,EMP001,Sonia Hassan,,APPLIED,Logged,Probation completed with satisfactory review evidence.,2026-08-01
HREVT-000184,HRACT-00092,PROB_CONFIRM,EMP349,APPLIED,2026-05-12T09:00,EMP001,Sonia Hassan,SCHEDULED,APPLIED,Operational state already consistent with source employee master,Seeded historical action; no source CSV was modified.,2026-08-01
HREVT-000185,HRACT-00093,PROB_CONFIRM,EMP713,RECORDED,2026-05-07T14:00,EMP012,Danish Masood,,APPLIED,Logged,Probation completed with satisfactory review evidence.,2026-08-01
HREVT-000186,HRACT-00093,PROB_CONFIRM,EMP713,APPLIED,2026-05-12T09:00,EMP012,Danish Masood,SCHEDULED,APPLIED,Operational state already consistent with source employee master,Seeded historical action; no source CSV was modified.,2026-08-01
HREVT-000187,HRACT-00094,PROB_CONFIRM,EMP393,RECORDED,2026-06-11T16:40,EMP087,Kashif Hameed,,APPLIED,Logged,Probation completed with satisfactory review evidence.,2026-08-01
HREVT-000188,HRACT-00094,PROB_CONFIRM,EMP393,APPLIED,2026-06-15T09:00,EMP087,Kashif Hameed,SCHEDULED,APPLIED,Operational state already consistent with source employee master,Seeded historical action; no source CSV was modified.,2026-08-01
HREVT-000189,HRACT-00095,PROB_CONFIRM,EMP243,RECORDED,2026-07-03T16:05,EMP197,Zeeshan Qureshi,,APPLIED,Logged,Probation completed with satisfactory review evidence.,2026-08-01
HREVT-000190,HRACT-00095,PROB_CONFIRM,EMP243,APPLIED,2026-07-03T09:00,EMP197,Zeeshan Qureshi,SCHEDULED,APPLIED,Operational state already consistent with source employee master,Seeded historical action; no source CSV was modified.,2026-08-01
HREVT-000191,HRACT-00096,PROB_CONFIRM,EMP442,RECORDED,2026-07-04T15:10,EMP202,Usman Hashmi,,APPLIED,Logged,Probation completed with satisfactory review evidence.,2026-08-01
HREVT-000192,HRACT-00096,PROB_CONFIRM,EMP442,APPLIED,2026-07-07T09:00,EMP202,Usman Hashmi,SCHEDULED,APPLIED,Operational state already consistent with source employee master,Seeded historical action; no source CSV was modified.,2026-08-01
HREVT-000193,HRACT-00097,PROB_EXTEND,EMP079,RECORDED,2026-05-29T09:35,EMP203,Zainab Awan,,APPLIED,Logged,Additional review time recorded because recent performance evidence is below the confirmation benchmark.,2026-08-01
HREVT-000194,HRACT-00097,PROB_EXTEND,EMP079,APPLIED,2026-06-01T09:00,EMP203,Zainab Awan,SCHEDULED,APPLIED,Operational state already consistent with source employee master,Seeded historical action; no source CSV was modified.,2026-08-01
HREVT-000195,HRACT-00098,PROB_EXTEND,EMP132,RECORDED,2026-05-01T11:15,EMP066,Ali Gill,,APPLIED,Logged,Additional review time recorded to observe attendance consistency.,2026-08-01
HREVT-000196,HRACT-00098,PROB_EXTEND,EMP132,APPLIED,2026-05-01T09:00,EMP066,Ali Gill,SCHEDULED,APPLIED,Operational state already consistent with source employee master,Seeded historical action; no source CSV was modified.,2026-08-01
HREVT-000197,HRACT-00099,PROB_EXTEND,EMP148,RECORDED,2026-06-28T15:20,EMP081,Sonia Arif,,APPLIED,Logged,Additional review time recorded because recent performance evidence is below the confirmation benchmark.,2026-08-01
HREVT-000198,HRACT-00099,PROB_EXTEND,EMP148,APPLIED,2026-07-01T09:00,EMP081,Sonia Arif,SCHEDULED,APPLIED,Operational state already consistent with source employee master,Seeded historical action; no source CSV was modified.,2026-08-01
HREVT-000199,HRACT-00100,PROB_EXTEND,EMP162,RECORDED,2026-04-30T11:10,EMP085,Sara Yousaf,,APPLIED,Logged,Manager requested an additional review period before confirmation.,2026-08-01
HREVT-000200,HRACT-00100,PROB_EXTEND,EMP162,APPLIED,2026-05-01T09:00,EMP085,Sara Yousaf,SCHEDULED,APPLIED,Operational state already consistent with source employee master,Seeded historical action; no source CSV was modified.,2026-08-01
HREVT-000201,HRACT-00101,PROB_EXTEND,EMP175,RECORDED,2026-04-30T14:05,EMP201,Taha Saeed,,APPLIED,Logged,Additional review time recorded because recent performance evidence is below the confirmation benchmark.,2026-08-01
HREVT-000202,HRACT-00101,PROB_EXTEND,EMP175,APPLIED,2026-05-01T09:00,EMP201,Taha Saeed,SCHEDULED,APPLIED,Operational state already consistent with source employee master,Seeded historical action; no source CSV was modified.,2026-08-01
HREVT-000203,HRACT-00102,PROB_EXTEND,EMP178,RECORDED,2026-05-31T12:05,EMP001,Sonia Hassan,,APPLIED,Logged,Additional review time recorded because recent performance evidence is below the confirmation benchmark.,2026-08-01
HREVT-000204,HRACT-00102,PROB_EXTEND,EMP178,APPLIED,2026-06-01T09:00,EMP001,Sonia Hassan,SCHEDULED,APPLIED,Operational state already consistent with source employee master,Seeded historical action; no source CSV was modified.,2026-08-01
HREVT-000205,HRACT-00103,PROB_EXTEND,EMP222,RECORDED,2026-05-31T16:00,EMP012,Danish Masood,,APPLIED,Logged,Additional review time recorded because recent performance evidence is below the confirmation benchmark.,2026-08-01
HREVT-000206,HRACT-00103,PROB_EXTEND,EMP222,APPLIED,2026-06-01T09:00,EMP012,Danish Masood,SCHEDULED,APPLIED,Operational state already consistent with source employee master,Seeded historical action; no source CSV was modified.,2026-08-01
HREVT-000207,HRACT-00104,PROB_EXTEND,EMP241,RECORDED,2026-04-27T14:45,EMP087,Kashif Hameed,,APPLIED,Logged,Manager requested an additional review period before confirmation.,2026-08-01
HREVT-000208,HRACT-00104,PROB_EXTEND,EMP241,APPLIED,2026-05-01T09:00,EMP087,Kashif Hameed,SCHEDULED,APPLIED,Operational state already consistent with source employee master,Seeded historical action; no source CSV was modified.,2026-08-01
HREVT-000209,HRACT-00105,PROB_EXTEND,EMP257,RECORDED,2026-03-28T09:20,EMP197,Zeeshan Qureshi,,APPLIED,Logged,Additional review time recorded because recent performance evidence is below the confirmation benchmark.,2026-08-01
HREVT-000210,HRACT-00105,PROB_EXTEND,EMP257,APPLIED,2026-04-01T09:00,EMP197,Zeeshan Qureshi,SCHEDULED,APPLIED,Operational state already consistent with source employee master,Seeded historical action; no source CSV was modified.,2026-08-01
HREVT-000211,HRACT-00106,PROB_EXTEND,EMP290,RECORDED,2026-04-29T13:25,EMP202,Usman Hashmi,,APPLIED,Logged,Additional review time recorded because recent performance evidence is below the confirmation benchmark.,2026-08-01
HREVT-000212,HRACT-00106,PROB_EXTEND,EMP290,APPLIED,2026-05-01T09:00,EMP202,Usman Hashmi,SCHEDULED,APPLIED,Operational state already consistent with source employee master,Seeded historical action; no source CSV was modified.,2026-08-01
HREVT-000213,HRACT-00107,PROB_EXTEND,EMP311,RECORDED,2026-06-01T15:55,EMP203,Zainab Awan,,APPLIED,Logged,Additional review time recorded because recent performance evidence is below the confirmation benchmark.,2026-08-01
HREVT-000214,HRACT-00107,PROB_EXTEND,EMP311,APPLIED,2026-06-01T09:00,EMP203,Zainab Awan,SCHEDULED,APPLIED,Operational state already consistent with source employee master,Seeded historical action; no source CSV was modified.,2026-08-01
HREVT-000215,HRACT-00108,PROB_EXTEND,EMP313,RECORDED,2026-06-30T09:45,EMP066,Ali Gill,,APPLIED,Logged,Additional review time recorded because recent performance evidence is below the confirmation benchmark.,2026-08-01
HREVT-000216,HRACT-00108,PROB_EXTEND,EMP313,APPLIED,2026-07-01T09:00,EMP066,Ali Gill,SCHEDULED,APPLIED,Operational state already consistent with source employee master,Seeded historical action; no source CSV was modified.,2026-08-01
HREVT-000217,HRACT-00109,PROB_EXTEND,EMP315,RECORDED,2026-06-26T14:30,EMP081,Sonia Arif,,APPLIED,Logged,Manager requested an additional review period before confirmation.,2026-08-01
HREVT-000218,HRACT-00109,PROB_EXTEND,EMP315,APPLIED,2026-07-01T09:00,EMP081,Sonia Arif,SCHEDULED,APPLIED,Operational state already consistent with source employee master,Seeded historical action; no source CSV was modified.,2026-08-01
HREVT-000219,HRACT-00110,PROB_EXTEND,EMP356,RECORDED,2026-06-01T14:55,EMP085,Sara Yousaf,,APPLIED,Logged,Manager requested an additional review period before confirmation.,2026-08-01
HREVT-000220,HRACT-00110,PROB_EXTEND,EMP356,APPLIED,2026-06-01T09:00,EMP085,Sara Yousaf,SCHEDULED,APPLIED,Operational state already consistent with source employee master,Seeded historical action; no source CSV was modified.,2026-08-01
HREVT-000221,HRACT-00111,PROB_EXTEND,EMP359,RECORDED,2026-04-27T15:05,EMP201,Taha Saeed,,APPLIED,Logged,Manager requested an additional review period before confirmation.,2026-08-01
HREVT-000222,HRACT-00111,PROB_EXTEND,EMP359,APPLIED,2026-05-01T09:00,EMP201,Taha Saeed,SCHEDULED,APPLIED,Operational state already consistent with source employee master,Seeded historical action; no source CSV was modified.,2026-08-01
HREVT-000223,HRACT-00112,PROB_EXTEND,EMP403,RECORDED,2026-06-29T10:35,EMP001,Sonia Hassan,,APPLIED,Logged,Manager requested an additional review period before confirmation.,2026-08-01
HREVT-000224,HRACT-00112,PROB_EXTEND,EMP403,APPLIED,2026-07-01T09:00,EMP001,Sonia Hassan,SCHEDULED,APPLIED,Operational state already consistent with source employee master,Seeded historical action; no source CSV was modified.,2026-08-01
HREVT-000225,HRACT-00113,PROB_EXTEND,EMP436,RECORDED,2026-06-26T10:25,EMP012,Danish Masood,,APPLIED,Logged,Manager requested an additional review period before confirmation.,2026-08-01
HREVT-000226,HRACT-00113,PROB_EXTEND,EMP436,APPLIED,2026-07-01T09:00,EMP012,Danish Masood,SCHEDULED,APPLIED,Operational state already consistent with source employee master,Seeded historical action; no source CSV was modified.,2026-08-01
HREVT-000227,HRACT-00114,PROB_EXTEND,EMP488,RECORDED,2026-07-01T13:30,EMP087,Kashif Hameed,,APPLIED,Logged,Additional review time recorded to observe attendance consistency.,2026-08-01
HREVT-000228,HRACT-00114,PROB_EXTEND,EMP488,APPLIED,2026-07-01T09:00,EMP087,Kashif Hameed,SCHEDULED,APPLIED,Operational state already consistent with source employee master,Seeded historical action; no source CSV was modified.,2026-08-01
HREVT-000229,HRACT-00115,PROB_EXTEND,EMP489,RECORDED,2026-04-28T12:30,EMP197,Zeeshan Qureshi,,APPLIED,Logged,Additional review time recorded because recent performance evidence is below the confirmation benchmark.,2026-08-01
HREVT-000230,HRACT-00115,PROB_EXTEND,EMP489,APPLIED,2026-05-01T09:00,EMP197,Zeeshan Qureshi,SCHEDULED,APPLIED,Operational state already consistent with source employee master,Seeded historical action; no source CSV was modified.,2026-08-01
HREVT-000231,HRACT-00116,PROB_EXTEND,EMP494,RECORDED,2026-06-27T10:25,EMP202,Usman Hashmi,,APPLIED,Logged,Manager requested an additional review period before confirmation.,2026-08-01
HREVT-000232,HRACT-00116,PROB_EXTEND,EMP494,APPLIED,2026-07-01T09:00,EMP202,Usman Hashmi,SCHEDULED,APPLIED,Operational state already consistent with source employee master,Seeded historical action; no source CSV was modified.,2026-08-01
HREVT-000233,HRACT-00117,PROB_EXTEND,EMP495,RECORDED,2026-06-30T16:35,EMP203,Zainab Awan,,APPLIED,Logged,Additional review time recorded because recent performance evidence is below the confirmation benchmark.,2026-08-01
HREVT-000234,HRACT-00117,PROB_EXTEND,EMP495,APPLIED,2026-07-01T09:00,EMP203,Zainab Awan,SCHEDULED,APPLIED,Operational state already consistent with source employee master,Seeded historical action; no source CSV was modified.,2026-08-01
HREVT-000235,HRACT-00118,PROB_EXTEND,EMP538,RECORDED,2026-06-01T09:45,EMP066,Ali Gill,,APPLIED,Logged,Additional review time recorded because recent performance evidence is below the confirmation benchmark.,2026-08-01
HREVT-000236,HRACT-00118,PROB_EXTEND,EMP538,APPLIED,2026-06-01T09:00,EMP066,Ali Gill,SCHEDULED,APPLIED,Operational state already consistent with source employee master,Seeded historical action; no source CSV was modified.,2026-08-01
HREVT-000237,HRACT-00119,PROB_EXTEND,EMP583,RECORDED,2026-06-26T10:50,EMP081,Sonia Arif,,APPLIED,Logged,Additional review time recorded because recent performance evidence is below the confirmation benchmark.,2026-08-01
HREVT-000238,HRACT-00119,PROB_EXTEND,EMP583,APPLIED,2026-07-01T09:00,EMP081,Sonia Arif,SCHEDULED,APPLIED,Operational state already consistent with source employee master,Seeded historical action; no source CSV was modified.,2026-08-01
HREVT-000239,HRACT-00120,PROB_EXTEND,EMP584,RECORDED,2026-04-27T10:00,EMP085,Sara Yousaf,,APPLIED,Logged,Additional review time recorded because recent performance evidence is below the confirmation benchmark.,2026-08-01
HREVT-000240,HRACT-00120,PROB_EXTEND,EMP584,APPLIED,2026-05-01T09:00,EMP085,Sara Yousaf,SCHEDULED,APPLIED,Operational state already consistent with source employee master,Seeded historical action; no source CSV was modified.,2026-08-01
HREVT-000241,HRACT-00121,PROB_EXTEND,EMP585,RECORDED,2026-04-28T11:55,EMP201,Taha Saeed,,APPLIED,Logged,Manager requested an additional review period before confirmation.,2026-08-01
HREVT-000242,HRACT-00121,PROB_EXTEND,EMP585,APPLIED,2026-05-01T09:00,EMP201,Taha Saeed,SCHEDULED,APPLIED,Operational state already consistent with source employee master,Seeded historical action; no source CSV was modified.,2026-08-01
HREVT-000243,HRACT-00122,PROB_EXTEND,EMP617,RECORDED,2026-06-29T14:55,EMP001,Sonia Hassan,,APPLIED,Logged,Additional review time recorded because recent performance evidence is below the confirmation benchmark.,2026-08-01
HREVT-000244,HRACT-00122,PROB_EXTEND,EMP617,APPLIED,2026-07-01T09:00,EMP001,Sonia Hassan,SCHEDULED,APPLIED,Operational state already consistent with source employee master,Seeded historical action; no source CSV was modified.,2026-08-01
HREVT-000245,HRACT-00123,PROB_EXTEND,EMP672,RECORDED,2026-06-27T15:10,EMP012,Danish Masood,,APPLIED,Logged,Manager requested an additional review period before confirmation.,2026-08-01
HREVT-000246,HRACT-00123,PROB_EXTEND,EMP672,APPLIED,2026-07-01T09:00,EMP012,Danish Masood,SCHEDULED,APPLIED,Operational state already consistent with source employee master,Seeded historical action; no source CSV was modified.,2026-08-01
HREVT-000247,HRACT-00124,PROB_EXTEND,EMP673,RECORDED,2026-05-28T12:50,EMP087,Kashif Hameed,,APPLIED,Logged,Manager requested an additional review period before confirmation.,2026-08-01
HREVT-000248,HRACT-00124,PROB_EXTEND,EMP673,APPLIED,2026-06-01T09:00,EMP087,Kashif Hameed,SCHEDULED,APPLIED,Operational state already consistent with source employee master,Seeded historical action; no source CSV was modified.,2026-08-01
HREVT-000249,HRACT-00125,CONTRACT_RENEW,EMP007,RECORDED,2025-09-17T13:50,EMP197,Zeeshan Qureshi,,APPLIED,Logged,Contract renewed based on continuing role requirement and satisfactory service.,2026-08-01
HREVT-000250,HRACT-00125,CONTRACT_RENEW,EMP007,APPLIED,2025-10-01T09:00,EMP197,Zeeshan Qureshi,SCHEDULED,APPLIED,Operational state already consistent with source employee master,Seeded historical action; no source CSV was modified.,2026-08-01
HREVT-000251,HRACT-00126,CONTRACT_RENEW,EMP018,RECORDED,2025-06-17T13:45,EMP202,Usman Hashmi,,APPLIED,Logged,Contract renewed based on continuing role requirement and satisfactory service.,2026-08-01
HREVT-000252,HRACT-00126,CONTRACT_RENEW,EMP018,APPLIED,2025-07-01T09:00,EMP202,Usman Hashmi,SCHEDULED,APPLIED,Operational state already consistent with source employee master,Seeded historical action; no source CSV was modified.,2026-08-01
HREVT-000253,HRACT-00127,CONTRACT_RENEW,EMP038,RECORDED,2026-05-13T14:40,EMP203,Zainab Awan,,APPLIED,Logged,Contract renewed based on continuing role requirement and satisfactory service.,2026-08-01
HREVT-000254,HRACT-00127,CONTRACT_RENEW,EMP038,APPLIED,2026-06-01T09:00,EMP203,Zainab Awan,SCHEDULED,APPLIED,Operational state already consistent with source employee master,Seeded historical action; no source CSV was modified.,2026-08-01
HREVT-000255,HRACT-00128,CONTRACT_RENEW,EMP041,RECORDED,2026-07-26T16:25,EMP066,Ali Gill,,APPLIED,Logged,Contract renewed based on continuing role requirement and satisfactory service.,2026-08-01
HREVT-000256,HRACT-00128,CONTRACT_RENEW,EMP041,APPLIED,2026-08-01T09:00,EMP066,Ali Gill,SCHEDULED,APPLIED,Operational state already consistent with source employee master,Seeded historical action; no source CSV was modified.,2026-08-01
HREVT-000257,HRACT-00129,CONTRACT_RENEW,EMP064,RECORDED,2026-07-26T13:10,EMP081,Sonia Arif,,APPLIED,Logged,Contract renewed based on continuing role requirement and satisfactory service.,2026-08-01
HREVT-000258,HRACT-00129,CONTRACT_RENEW,EMP064,APPLIED,2026-08-01T09:00,EMP081,Sonia Arif,SCHEDULED,APPLIED,Operational state already consistent with source employee master,Seeded historical action; no source CSV was modified.,2026-08-01
HREVT-000259,HRACT-00130,CONTRACT_RENEW,EMP069,RECORDED,2026-01-20T12:25,EMP085,Sara Yousaf,,APPLIED,Logged,Contract renewed based on continuing role requirement and satisfactory service.,2026-08-01
HREVT-000260,HRACT-00130,CONTRACT_RENEW,EMP069,APPLIED,2026-02-01T09:00,EMP085,Sara Yousaf,SCHEDULED,APPLIED,Operational state already consistent with source employee master,Seeded historical action; no source CSV was modified.,2026-08-01
HREVT-000261,HRACT-00131,CONTRACT_RENEW,EMP089,RECORDED,2025-08-24T10:00,EMP201,Taha Saeed,,APPLIED,Logged,Contract renewed based on continuing role requirement and satisfactory service.,2026-08-01
HREVT-000262,HRACT-00131,CONTRACT_RENEW,EMP089,APPLIED,2025-09-01T09:00,EMP201,Taha Saeed,SCHEDULED,APPLIED,Operational state already consistent with source employee master,Seeded historical action; no source CSV was modified.,2026-08-01
HREVT-000263,HRACT-00132,CONTRACT_RENEW,EMP090,RECORDED,2025-11-23T14:10,EMP001,Sonia Hassan,,APPLIED,Logged,Contract renewed based on continuing role requirement and satisfactory service.,2026-08-01
HREVT-000264,HRACT-00132,CONTRACT_RENEW,EMP090,APPLIED,2025-12-01T09:00,EMP001,Sonia Hassan,SCHEDULED,APPLIED,Operational state already consistent with source employee master,Seeded historical action; no source CSV was modified.,2026-08-01
HREVT-000265,HRACT-00133,CONTRACT_RENEW,EMP139,RECORDED,2025-09-21T09:50,EMP012,Danish Masood,,APPLIED,Logged,Contract renewed based on continuing role requirement and satisfactory service.,2026-08-01
HREVT-000266,HRACT-00133,CONTRACT_RENEW,EMP139,APPLIED,2025-10-01T09:00,EMP012,Danish Masood,SCHEDULED,APPLIED,Operational state already consistent with source employee master,Seeded historical action; no source CSV was modified.,2026-08-01
HREVT-000267,HRACT-00134,CONTRACT_RENEW,EMP153,RECORDED,2025-11-11T14:40,EMP087,Kashif Hameed,,APPLIED,Logged,Contract renewed based on continuing role requirement and satisfactory service.,2026-08-01
HREVT-000268,HRACT-00134,CONTRACT_RENEW,EMP153,APPLIED,2025-12-01T09:00,EMP087,Kashif Hameed,SCHEDULED,APPLIED,Operational state already consistent with source employee master,Seeded historical action; no source CSV was modified.,2026-08-01
HREVT-000269,HRACT-00135,CONTRACT_RENEW,EMP165,RECORDED,2026-07-25T16:55,EMP197,Zeeshan Qureshi,,APPLIED,Logged,Contract renewed based on continuing role requirement and satisfactory service.,2026-08-01
HREVT-000270,HRACT-00135,CONTRACT_RENEW,EMP165,APPLIED,2026-08-01T09:00,EMP197,Zeeshan Qureshi,SCHEDULED,APPLIED,Operational state already consistent with source employee master,Seeded historical action; no source CSV was modified.,2026-08-01
HREVT-000271,HRACT-00136,CONTRACT_RENEW,EMP166,RECORDED,2026-03-18T15:10,EMP202,Usman Hashmi,,APPLIED,Logged,Contract renewed based on continuing role requirement and satisfactory service.,2026-08-01
HREVT-000272,HRACT-00136,CONTRACT_RENEW,EMP166,APPLIED,2026-04-01T09:00,EMP202,Usman Hashmi,SCHEDULED,APPLIED,Operational state already consistent with source employee master,Seeded historical action; no source CSV was modified.,2026-08-01
HREVT-000273,HRACT-00137,CONTRACT_RENEW,EMP183,RECORDED,2026-07-28T09:45,EMP203,Zainab Awan,,APPLIED,Logged,Contract renewed based on continuing role requirement and satisfactory service.,2026-08-01
HREVT-000274,HRACT-00137,CONTRACT_RENEW,EMP183,APPLIED,2026-08-01T09:00,EMP203,Zainab Awan,SCHEDULED,APPLIED,Operational state already consistent with source employee master,Seeded historical action; no source CSV was modified.,2026-08-01
HREVT-000275,HRACT-00138,CONTRACT_RENEW,EMP184,RECORDED,2026-07-23T10:45,EMP066,Ali Gill,,APPLIED,Logged,Contract renewed based on continuing role requirement and satisfactory service.,2026-08-01
HREVT-000276,HRACT-00138,CONTRACT_RENEW,EMP184,APPLIED,2026-08-01T09:00,EMP066,Ali Gill,SCHEDULED,APPLIED,Operational state already consistent with source employee master,Seeded historical action; no source CSV was modified.,2026-08-01
HREVT-000277,HRACT-00139,CONTRACT_RENEW,EMP191,RECORDED,2025-11-19T09:25,EMP081,Sonia Arif,,APPLIED,Logged,Contract renewed based on continuing role requirement and satisfactory service.,2026-08-01
HREVT-000278,HRACT-00139,CONTRACT_RENEW,EMP191,APPLIED,2025-12-01T09:00,EMP081,Sonia Arif,SCHEDULED,APPLIED,Operational state already consistent with source employee master,Seeded historical action; no source CSV was modified.,2026-08-01
HREVT-000279,HRACT-00140,CONTRACT_RENEW,EMP198,RECORDED,2026-01-12T09:50,EMP085,Sara Yousaf,,APPLIED,Logged,Contract renewed based on continuing role requirement and satisfactory service.,2026-08-01
HREVT-000280,HRACT-00140,CONTRACT_RENEW,EMP198,APPLIED,2026-02-01T09:00,EMP085,Sara Yousaf,SCHEDULED,APPLIED,Operational state already consistent with source employee master,Seeded historical action; no source CSV was modified.,2026-08-01
HREVT-000281,HRACT-00141,CONTRACT_RENEW,EMP203,RECORDED,2025-09-26T12:05,EMP201,Taha Saeed,,APPLIED,Logged,Contract renewed based on continuing role requirement and satisfactory service.,2026-08-01
HREVT-000282,HRACT-00141,CONTRACT_RENEW,EMP203,APPLIED,2025-10-01T09:00,EMP201,Taha Saeed,SCHEDULED,APPLIED,Operational state already consistent with source employee master,Seeded historical action; no source CSV was modified.,2026-08-01
HREVT-000283,HRACT-00142,CONTRACT_RENEW,EMP235,RECORDED,2026-06-27T10:05,EMP001,Sonia Hassan,,APPLIED,Logged,Contract renewed based on continuing role requirement and satisfactory service.,2026-08-01
HREVT-000284,HRACT-00142,CONTRACT_RENEW,EMP235,APPLIED,2026-07-01T09:00,EMP001,Sonia Hassan,SCHEDULED,APPLIED,Operational state already consistent with source employee master,Seeded historical action; no source CSV was modified.,2026-08-01
HREVT-000285,HRACT-00143,CONTRACT_RENEW,EMP254,RECORDED,2025-05-25T12:55,EMP012,Danish Masood,,APPLIED,Logged,Contract renewed based on continuing role requirement and satisfactory service.,2026-08-01
HREVT-000286,HRACT-00143,CONTRACT_RENEW,EMP254,APPLIED,2025-06-01T09:00,EMP012,Danish Masood,SCHEDULED,APPLIED,Operational state already consistent with source employee master,Seeded historical action; no source CSV was modified.,2026-08-01
HREVT-000287,HRACT-00144,CONTRACT_RENEW,EMP255,RECORDED,2026-02-18T10:35,EMP087,Kashif Hameed,,APPLIED,Logged,Contract renewed based on continuing role requirement and satisfactory service.,2026-08-01
HREVT-000288,HRACT-00144,CONTRACT_RENEW,EMP255,APPLIED,2026-03-01T09:00,EMP087,Kashif Hameed,SCHEDULED,APPLIED,Operational state already consistent with source employee master,Seeded historical action; no source CSV was modified.,2026-08-01
HREVT-000289,HRACT-00145,CONTRACT_RENEW,EMP268,RECORDED,2026-02-18T13:35,EMP197,Zeeshan Qureshi,,APPLIED,Logged,Contract renewed based on continuing role requirement and satisfactory service.,2026-08-01
HREVT-000290,HRACT-00145,CONTRACT_RENEW,EMP268,APPLIED,2026-03-01T09:00,EMP197,Zeeshan Qureshi,SCHEDULED,APPLIED,Operational state already consistent with source employee master,Seeded historical action; no source CSV was modified.,2026-08-01
HREVT-000291,HRACT-00146,CONTRACT_RENEW,EMP281,RECORDED,2026-04-23T16:05,EMP202,Usman Hashmi,,APPLIED,Logged,Contract renewed based on continuing role requirement and satisfactory service.,2026-08-01
HREVT-000292,HRACT-00146,CONTRACT_RENEW,EMP281,APPLIED,2026-05-01T09:00,EMP202,Usman Hashmi,SCHEDULED,APPLIED,Operational state already consistent with source employee master,Seeded historical action; no source CSV was modified.,2026-08-01
HREVT-000293,HRACT-00147,CONTRACT_RENEW,EMP287,RECORDED,2025-11-20T09:05,EMP203,Zainab Awan,,APPLIED,Logged,Contract renewed based on continuing role requirement and satisfactory service.,2026-08-01
HREVT-000294,HRACT-00147,CONTRACT_RENEW,EMP287,APPLIED,2025-12-01T09:00,EMP203,Zainab Awan,SCHEDULED,APPLIED,Operational state already consistent with source employee master,Seeded historical action; no source CSV was modified.,2026-08-01
HREVT-000295,HRACT-00148,CONTRACT_RENEW,EMP294,RECORDED,2025-03-22T16:10,EMP066,Ali Gill,,APPLIED,Logged,Contract renewed based on continuing role requirement and satisfactory service.,2026-08-01
HREVT-000296,HRACT-00148,CONTRACT_RENEW,EMP294,APPLIED,2025-04-01T09:00,EMP066,Ali Gill,SCHEDULED,APPLIED,Operational state already consistent with source employee master,Seeded historical action; no source CSV was modified.,2026-08-01
HREVT-000297,HRACT-00149,CONTRACT_RENEW,EMP309,RECORDED,2026-01-19T10:30,EMP081,Sonia Arif,,APPLIED,Logged,Contract renewed based on continuing role requirement and satisfactory service.,2026-08-01
HREVT-000298,HRACT-00149,CONTRACT_RENEW,EMP309,APPLIED,2026-02-01T09:00,EMP081,Sonia Arif,SCHEDULED,APPLIED,Operational state already consistent with source employee master,Seeded historical action; no source CSV was modified.,2026-08-01
HREVT-000299,HRACT-00150,CONTRACT_RENEW,EMP322,RECORDED,2026-03-22T11:05,EMP085,Sara Yousaf,,APPLIED,Logged,Contract renewed based on continuing role requirement and satisfactory service.,2026-08-01
HREVT-000300,HRACT-00150,CONTRACT_RENEW,EMP322,APPLIED,2026-04-01T09:00,EMP085,Sara Yousaf,SCHEDULED,APPLIED,Operational state already consistent with source employee master,Seeded historical action; no source CSV was modified.,2026-08-01
HREVT-000301,HRACT-00151,CONTRACT_RENEW,EMP323,RECORDED,2025-09-11T13:40,EMP201,Taha Saeed,,APPLIED,Logged,Contract renewed based on continuing role requirement and satisfactory service.,2026-08-01
HREVT-000302,HRACT-00151,CONTRACT_RENEW,EMP323,APPLIED,2025-10-01T09:00,EMP201,Taha Saeed,SCHEDULED,APPLIED,Operational state already consistent with source employee master,Seeded historical action; no source CSV was modified.,2026-08-01
HREVT-000303,HRACT-00152,CONTRACT_RENEW,EMP357,RECORDED,2025-09-23T13:25,EMP001,Sonia Hassan,,APPLIED,Logged,Contract renewed based on continuing role requirement and satisfactory service.,2026-08-01
HREVT-000304,HRACT-00152,CONTRACT_RENEW,EMP357,APPLIED,2025-10-01T09:00,EMP001,Sonia Hassan,SCHEDULED,APPLIED,Operational state already consistent with source employee master,Seeded historical action; no source CSV was modified.,2026-08-01
HREVT-000305,HRACT-00153,CONTRACT_RENEW,EMP367,RECORDED,2025-11-17T10:15,EMP012,Danish Masood,,APPLIED,Logged,Contract renewed based on continuing role requirement and satisfactory service.,2026-08-01
HREVT-000306,HRACT-00153,CONTRACT_RENEW,EMP367,APPLIED,2025-12-01T09:00,EMP012,Danish Masood,SCHEDULED,APPLIED,Operational state already consistent with source employee master,Seeded historical action; no source CSV was modified.,2026-08-01
HREVT-000307,HRACT-00154,CONTRACT_RENEW,EMP370,RECORDED,2024-08-24T14:50,EMP087,Kashif Hameed,,APPLIED,Logged,Contract renewed based on continuing role requirement and satisfactory service.,2026-08-01
HREVT-000308,HRACT-00154,CONTRACT_RENEW,EMP370,APPLIED,2024-09-01T09:00,EMP087,Kashif Hameed,SCHEDULED,APPLIED,Operational state already consistent with source employee master,Seeded historical action; no source CSV was modified.,2026-08-01
HREVT-000309,HRACT-00155,CONTRACT_RENEW,EMP375,RECORDED,2026-06-28T14:00,EMP197,Zeeshan Qureshi,,APPLIED,Logged,Contract renewed based on continuing role requirement and satisfactory service.,2026-08-01
HREVT-000310,HRACT-00155,CONTRACT_RENEW,EMP375,APPLIED,2026-07-01T09:00,EMP197,Zeeshan Qureshi,SCHEDULED,APPLIED,Operational state already consistent with source employee master,Seeded historical action; no source CSV was modified.,2026-08-01
HREVT-000311,HRACT-00156,CONTRACT_RENEW,EMP383,RECORDED,2026-06-13T15:45,EMP202,Usman Hashmi,,APPLIED,Logged,Contract renewed based on continuing role requirement and satisfactory service.,2026-08-01
HREVT-000312,HRACT-00156,CONTRACT_RENEW,EMP383,APPLIED,2026-07-01T09:00,EMP202,Usman Hashmi,SCHEDULED,APPLIED,Operational state already consistent with source employee master,Seeded historical action; no source CSV was modified.,2026-08-01
HREVT-000313,HRACT-00157,CONTRACT_RENEW,EMP399,RECORDED,2026-07-28T11:50,EMP203,Zainab Awan,,APPLIED,Logged,Contract renewed based on continuing role requirement and satisfactory service.,2026-08-01
HREVT-000314,HRACT-00157,CONTRACT_RENEW,EMP399,APPLIED,2026-08-01T09:00,EMP203,Zainab Awan,SCHEDULED,APPLIED,Operational state already consistent with source employee master,Seeded historical action; no source CSV was modified.,2026-08-01
HREVT-000315,HRACT-00158,CONTRACT_RENEW,EMP409,RECORDED,2026-03-22T16:50,EMP066,Ali Gill,,APPLIED,Logged,Contract renewed based on continuing role requirement and satisfactory service.,2026-08-01
HREVT-000316,HRACT-00158,CONTRACT_RENEW,EMP409,APPLIED,2026-04-01T09:00,EMP066,Ali Gill,SCHEDULED,APPLIED,Operational state already consistent with source employee master,Seeded historical action; no source CSV was modified.,2026-08-01
HREVT-000317,HRACT-00159,CONTRACT_RENEW,EMP434,RECORDED,2026-04-11T11:20,EMP081,Sonia Arif,,APPLIED,Logged,Contract renewed based on continuing role requirement and satisfactory service.,2026-08-01
HREVT-000318,HRACT-00159,CONTRACT_RENEW,EMP434,APPLIED,2026-05-01T09:00,EMP081,Sonia Arif,SCHEDULED,APPLIED,Operational state already consistent with source employee master,Seeded historical action; no source CSV was modified.,2026-08-01
HREVT-000319,HRACT-00160,CONTRACT_RENEW,EMP435,RECORDED,2025-11-19T10:30,EMP085,Sara Yousaf,,APPLIED,Logged,Contract renewed based on continuing role requirement and satisfactory service.,2026-08-01
HREVT-000320,HRACT-00160,CONTRACT_RENEW,EMP435,APPLIED,2025-12-01T09:00,EMP085,Sara Yousaf,SCHEDULED,APPLIED,Operational state already consistent with source employee master,Seeded historical action; no source CSV was modified.,2026-08-01
HREVT-000321,HRACT-00161,CONTRACT_RENEW,EMP441,RECORDED,2025-11-25T10:55,EMP201,Taha Saeed,,APPLIED,Logged,Contract renewed based on continuing role requirement and satisfactory service.,2026-08-01
HREVT-000322,HRACT-00161,CONTRACT_RENEW,EMP441,APPLIED,2025-12-01T09:00,EMP201,Taha Saeed,SCHEDULED,APPLIED,Operational state already consistent with source employee master,Seeded historical action; no source CSV was modified.,2026-08-01
HREVT-000323,HRACT-00162,CONTRACT_RENEW,EMP456,RECORDED,2026-07-19T13:30,EMP001,Sonia Hassan,,APPLIED,Logged,Contract renewed based on continuing role requirement and satisfactory service.,2026-08-01
HREVT-000324,HRACT-00162,CONTRACT_RENEW,EMP456,APPLIED,2026-08-01T09:00,EMP001,Sonia Hassan,SCHEDULED,APPLIED,Operational state already consistent with source employee master,Seeded historical action; no source CSV was modified.,2026-08-01
HREVT-000325,HRACT-00163,CONTRACT_RENEW,EMP457,RECORDED,2026-04-24T12:05,EMP012,Danish Masood,,APPLIED,Logged,Contract renewed based on continuing role requirement and satisfactory service.,2026-08-01
HREVT-000326,HRACT-00163,CONTRACT_RENEW,EMP457,APPLIED,2026-05-01T09:00,EMP012,Danish Masood,SCHEDULED,APPLIED,Operational state already consistent with source employee master,Seeded historical action; no source CSV was modified.,2026-08-01
HREVT-000327,HRACT-00164,CONTRACT_RENEW,EMP466,RECORDED,2026-07-24T15:45,EMP087,Kashif Hameed,,APPLIED,Logged,Contract renewed based on continuing role requirement and satisfactory service.,2026-08-01
HREVT-000328,HRACT-00164,CONTRACT_RENEW,EMP466,APPLIED,2026-08-01T09:00,EMP087,Kashif Hameed,SCHEDULED,APPLIED,Operational state already consistent with source employee master,Seeded historical action; no source CSV was modified.,2026-08-01
HREVT-000329,HRACT-00165,CONTRACT_RENEW,EMP496,RECORDED,2024-08-13T12:25,EMP197,Zeeshan Qureshi,,APPLIED,Logged,Contract renewed based on continuing role requirement and satisfactory service.,2026-08-01
HREVT-000330,HRACT-00165,CONTRACT_RENEW,EMP496,APPLIED,2024-09-01T09:00,EMP197,Zeeshan Qureshi,SCHEDULED,APPLIED,Operational state already consistent with source employee master,Seeded historical action; no source CSV was modified.,2026-08-01
HREVT-000331,HRACT-00166,CONTRACT_RENEW,EMP501,RECORDED,2026-07-19T11:25,EMP202,Usman Hashmi,,APPLIED,Logged,Contract renewed based on continuing role requirement and satisfactory service.,2026-08-01
HREVT-000332,HRACT-00166,CONTRACT_RENEW,EMP501,APPLIED,2026-08-01T09:00,EMP202,Usman Hashmi,SCHEDULED,APPLIED,Operational state already consistent with source employee master,Seeded historical action; no source CSV was modified.,2026-08-01
HREVT-000333,HRACT-00167,CONTRACT_RENEW,EMP503,RECORDED,2026-07-12T12:35,EMP203,Zainab Awan,,APPLIED,Logged,Contract renewed based on continuing role requirement and satisfactory service.,2026-08-01
HREVT-000334,HRACT-00167,CONTRACT_RENEW,EMP503,APPLIED,2026-08-01T09:00,EMP203,Zainab Awan,SCHEDULED,APPLIED,Operational state already consistent with source employee master,Seeded historical action; no source CSV was modified.,2026-08-01
HREVT-000335,HRACT-00168,CONTRACT_RENEW,EMP504,RECORDED,2026-02-10T10:05,EMP066,Ali Gill,,APPLIED,Logged,Contract renewed based on continuing role requirement and satisfactory service.,2026-08-01
HREVT-000336,HRACT-00168,CONTRACT_RENEW,EMP504,APPLIED,2026-03-01T09:00,EMP066,Ali Gill,SCHEDULED,APPLIED,Operational state already consistent with source employee master,Seeded historical action; no source CSV was modified.,2026-08-01
HREVT-000337,HRACT-00169,CONTRACT_RENEW,EMP510,RECORDED,2026-03-26T10:20,EMP081,Sonia Arif,,APPLIED,Logged,Contract renewed based on continuing role requirement and satisfactory service.,2026-08-01
HREVT-000338,HRACT-00169,CONTRACT_RENEW,EMP510,APPLIED,2026-04-01T09:00,EMP081,Sonia Arif,SCHEDULED,APPLIED,Operational state already consistent with source employee master,Seeded historical action; no source CSV was modified.,2026-08-01
HREVT-000339,HRACT-00170,CONTRACT_RENEW,EMP519,RECORDED,2025-08-16T15:05,EMP085,Sara Yousaf,,APPLIED,Logged,Contract renewed based on continuing role requirement and satisfactory service.,2026-08-01
HREVT-000340,HRACT-00170,CONTRACT_RENEW,EMP519,APPLIED,2025-09-01T09:00,EMP085,Sara Yousaf,SCHEDULED,APPLIED,Operational state already consistent with source employee master,Seeded historical action; no source CSV was modified.,2026-08-01
HREVT-000341,HRACT-00171,CONTRACT_RENEW,EMP533,RECORDED,2025-11-21T14:20,EMP201,Taha Saeed,,APPLIED,Logged,Contract renewed based on continuing role requirement and satisfactory service.,2026-08-01
HREVT-000342,HRACT-00171,CONTRACT_RENEW,EMP533,APPLIED,2025-12-01T09:00,EMP201,Taha Saeed,SCHEDULED,APPLIED,Operational state already consistent with source employee master,Seeded historical action; no source CSV was modified.,2026-08-01
HREVT-000343,HRACT-00172,CONTRACT_RENEW,EMP550,RECORDED,2026-06-17T16:00,EMP001,Sonia Hassan,,APPLIED,Logged,Contract renewed based on continuing role requirement and satisfactory service.,2026-08-01
HREVT-000344,HRACT-00172,CONTRACT_RENEW,EMP550,APPLIED,2026-07-01T09:00,EMP001,Sonia Hassan,SCHEDULED,APPLIED,Operational state already consistent with source employee master,Seeded historical action; no source CSV was modified.,2026-08-01
HREVT-000345,HRACT-00173,CONTRACT_RENEW,EMP552,RECORDED,2026-06-26T14:45,EMP012,Danish Masood,,APPLIED,Logged,Contract renewed based on continuing role requirement and satisfactory service.,2026-08-01
HREVT-000346,HRACT-00173,CONTRACT_RENEW,EMP552,APPLIED,2026-07-01T09:00,EMP012,Danish Masood,SCHEDULED,APPLIED,Operational state already consistent with source employee master,Seeded historical action; no source CSV was modified.,2026-08-01
HREVT-000347,HRACT-00174,CONTRACT_RENEW,EMP563,RECORDED,2026-03-18T15:50,EMP087,Kashif Hameed,,APPLIED,Logged,Contract renewed based on continuing role requirement and satisfactory service.,2026-08-01
HREVT-000348,HRACT-00174,CONTRACT_RENEW,EMP563,APPLIED,2026-04-01T09:00,EMP087,Kashif Hameed,SCHEDULED,APPLIED,Operational state already consistent with source employee master,Seeded historical action; no source CSV was modified.,2026-08-01
HREVT-000349,HRACT-00175,CONTRACT_RENEW,EMP576,RECORDED,2025-09-24T10:15,EMP197,Zeeshan Qureshi,,APPLIED,Logged,Contract renewed based on continuing role requirement and satisfactory service.,2026-08-01
HREVT-000350,HRACT-00175,CONTRACT_RENEW,EMP576,APPLIED,2025-10-01T09:00,EMP197,Zeeshan Qureshi,SCHEDULED,APPLIED,Operational state already consistent with source employee master,Seeded historical action; no source CSV was modified.,2026-08-01
HREVT-000351,HRACT-00176,CONTRACT_RENEW,EMP591,RECORDED,2026-05-15T13:10,EMP202,Usman Hashmi,,APPLIED,Logged,Contract renewed based on continuing role requirement and satisfactory service.,2026-08-01
HREVT-000352,HRACT-00176,CONTRACT_RENEW,EMP591,APPLIED,2026-06-01T09:00,EMP202,Usman Hashmi,SCHEDULED,APPLIED,Operational state already consistent with source employee master,Seeded historical action; no source CSV was modified.,2026-08-01
HREVT-000353,HRACT-00177,CONTRACT_RENEW,EMP604,RECORDED,2026-07-12T16:30,EMP203,Zainab Awan,,APPLIED,Logged,Contract renewed based on continuing role requirement and satisfactory service.,2026-08-01
HREVT-000354,HRACT-00177,CONTRACT_RENEW,EMP604,APPLIED,2026-08-01T09:00,EMP203,Zainab Awan,SCHEDULED,APPLIED,Operational state already consistent with source employee master,Seeded historical action; no source CSV was modified.,2026-08-01
HREVT-000355,HRACT-00178,CONTRACT_RENEW,EMP605,RECORDED,2026-06-20T15:45,EMP066,Ali Gill,,APPLIED,Logged,Contract renewed based on continuing role requirement and satisfactory service.,2026-08-01
HREVT-000356,HRACT-00178,CONTRACT_RENEW,EMP605,APPLIED,2026-07-01T09:00,EMP066,Ali Gill,SCHEDULED,APPLIED,Operational state already consistent with source employee master,Seeded historical action; no source CSV was modified.,2026-08-01
HREVT-000357,HRACT-00179,CONTRACT_RENEW,EMP613,RECORDED,2025-09-16T10:15,EMP081,Sonia Arif,,APPLIED,Logged,Contract renewed based on continuing role requirement and satisfactory service.,2026-08-01
HREVT-000358,HRACT-00179,CONTRACT_RENEW,EMP613,APPLIED,2025-10-01T09:00,EMP081,Sonia Arif,SCHEDULED,APPLIED,Operational state already consistent with source employee master,Seeded historical action; no source CSV was modified.,2026-08-01
HREVT-000359,HRACT-00180,CONTRACT_RENEW,EMP626,RECORDED,2025-11-21T15:30,EMP085,Sara Yousaf,,APPLIED,Logged,Contract renewed based on continuing role requirement and satisfactory service.,2026-08-01
HREVT-000360,HRACT-00180,CONTRACT_RENEW,EMP626,APPLIED,2025-12-01T09:00,EMP085,Sara Yousaf,SCHEDULED,APPLIED,Operational state already consistent with source employee master,Seeded historical action; no source CSV was modified.,2026-08-01
HREVT-000361,HRACT-00181,CONTRACT_RENEW,EMP637,RECORDED,2025-06-25T15:00,EMP201,Taha Saeed,,APPLIED,Logged,Contract renewed based on continuing role requirement and satisfactory service.,2026-08-01
HREVT-000362,HRACT-00181,CONTRACT_RENEW,EMP637,APPLIED,2025-07-01T09:00,EMP201,Taha Saeed,SCHEDULED,APPLIED,Operational state already consistent with source employee master,Seeded historical action; no source CSV was modified.,2026-08-01
HREVT-000363,HRACT-00182,CONTRACT_RENEW,EMP641,RECORDED,2026-04-20T14:20,EMP001,Sonia Hassan,,APPLIED,Logged,Contract renewed based on continuing role requirement and satisfactory service.,2026-08-01
HREVT-000364,HRACT-00182,CONTRACT_RENEW,EMP641,APPLIED,2026-05-01T09:00,EMP001,Sonia Hassan,SCHEDULED,APPLIED,Operational state already consistent with source employee master,Seeded historical action; no source CSV was modified.,2026-08-01
HREVT-000365,HRACT-00183,CONTRACT_RENEW,EMP647,RECORDED,2026-01-20T09:00,EMP012,Danish Masood,,APPLIED,Logged,Contract renewed based on continuing role requirement and satisfactory service.,2026-08-01
HREVT-000366,HRACT-00183,CONTRACT_RENEW,EMP647,APPLIED,2026-02-01T09:00,EMP012,Danish Masood,SCHEDULED,APPLIED,Operational state already consistent with source employee master,Seeded historical action; no source CSV was modified.,2026-08-01
HREVT-000367,HRACT-00184,CONTRACT_RENEW,EMP651,RECORDED,2026-07-16T09:55,EMP087,Kashif Hameed,,APPLIED,Logged,Contract renewed based on continuing role requirement and satisfactory service.,2026-08-01
HREVT-000368,HRACT-00184,CONTRACT_RENEW,EMP651,APPLIED,2026-08-01T09:00,EMP087,Kashif Hameed,SCHEDULED,APPLIED,Operational state already consistent with source employee master,Seeded historical action; no source CSV was modified.,2026-08-01
HREVT-000369,HRACT-00185,CONTRACT_RENEW,EMP654,RECORDED,2025-11-21T11:50,EMP197,Zeeshan Qureshi,,APPLIED,Logged,Contract renewed based on continuing role requirement and satisfactory service.,2026-08-01
HREVT-000370,HRACT-00185,CONTRACT_RENEW,EMP654,APPLIED,2025-12-01T09:00,EMP197,Zeeshan Qureshi,SCHEDULED,APPLIED,Operational state already consistent with source employee master,Seeded historical action; no source CSV was modified.,2026-08-01
HREVT-000371,HRACT-00186,CONTRACT_RENEW,EMP655,RECORDED,2026-02-19T09:05,EMP202,Usman Hashmi,,APPLIED,Logged,Contract renewed based on continuing role requirement and satisfactory service.,2026-08-01
HREVT-000372,HRACT-00186,CONTRACT_RENEW,EMP655,APPLIED,2026-03-01T09:00,EMP202,Usman Hashmi,SCHEDULED,APPLIED,Operational state already consistent with source employee master,Seeded historical action; no source CSV was modified.,2026-08-01
HREVT-000373,HRACT-00187,CONTRACT_RENEW,EMP680,RECORDED,2025-08-23T11:05,EMP203,Zainab Awan,,APPLIED,Logged,Contract renewed based on continuing role requirement and satisfactory service.,2026-08-01
HREVT-000374,HRACT-00187,CONTRACT_RENEW,EMP680,APPLIED,2025-09-01T09:00,EMP203,Zainab Awan,SCHEDULED,APPLIED,Operational state already consistent with source employee master,Seeded historical action; no source CSV was modified.,2026-08-01
HREVT-000375,HRACT-00188,CONTRACT_RENEW,EMP687,RECORDED,2025-11-27T10:50,EMP066,Ali Gill,,APPLIED,Logged,Contract renewed based on continuing role requirement and satisfactory service.,2026-08-01
HREVT-000376,HRACT-00188,CONTRACT_RENEW,EMP687,APPLIED,2025-12-01T09:00,EMP066,Ali Gill,SCHEDULED,APPLIED,Operational state already consistent with source employee master,Seeded historical action; no source CSV was modified.,2026-08-01
HREVT-000377,HRACT-00189,CONTRACT_RENEW,EMP693,RECORDED,2026-01-19T12:00,EMP081,Sonia Arif,,APPLIED,Logged,Contract renewed based on continuing role requirement and satisfactory service.,2026-08-01
HREVT-000378,HRACT-00189,CONTRACT_RENEW,EMP693,APPLIED,2026-02-01T09:00,EMP081,Sonia Arif,SCHEDULED,APPLIED,Operational state already consistent with source employee master,Seeded historical action; no source CSV was modified.,2026-08-01
HREVT-000379,HRACT-00190,CONTRACT_RENEW,EMP694,RECORDED,2026-05-17T11:45,EMP085,Sara Yousaf,,APPLIED,Logged,Contract renewed based on continuing role requirement and satisfactory service.,2026-08-01
HREVT-000380,HRACT-00190,CONTRACT_RENEW,EMP694,APPLIED,2026-06-01T09:00,EMP085,Sara Yousaf,SCHEDULED,APPLIED,Operational state already consistent with source employee master,Seeded historical action; no source CSV was modified.,2026-08-01
HREVT-000381,HRACT-00191,CONTRACT_RENEW,EMP697,RECORDED,2025-08-22T12:40,EMP201,Taha Saeed,,APPLIED,Logged,Contract renewed based on continuing role requirement and satisfactory service.,2026-08-01
HREVT-000382,HRACT-00191,CONTRACT_RENEW,EMP697,APPLIED,2025-09-01T09:00,EMP201,Taha Saeed,SCHEDULED,APPLIED,Operational state already consistent with source employee master,Seeded historical action; no source CSV was modified.,2026-08-01
HREVT-000383,HRACT-00192,CONTRACT_RENEW,EMP710,RECORDED,2025-12-18T15:15,EMP001,Sonia Hassan,,APPLIED,Logged,Contract renewed based on continuing role requirement and satisfactory service.,2026-08-01
HREVT-000384,HRACT-00192,CONTRACT_RENEW,EMP710,APPLIED,2026-01-01T09:00,EMP001,Sonia Hassan,SCHEDULED,APPLIED,Operational state already consistent with source employee master,Seeded historical action; no source CSV was modified.,2026-08-01
HREVT-000385,HRACT-00193,CONTRACT_RENEW,EMP714,RECORDED,2025-08-17T14:55,EMP012,Danish Masood,,APPLIED,Logged,Contract renewed based on continuing role requirement and satisfactory service.,2026-08-01
HREVT-000386,HRACT-00193,CONTRACT_RENEW,EMP714,APPLIED,2025-09-01T09:00,EMP012,Danish Masood,SCHEDULED,APPLIED,Operational state already consistent with source employee master,Seeded historical action; no source CSV was modified.,2026-08-01
HREVT-000387,HRACT-00194,CONTRACT_RENEW,EMP715,RECORDED,2025-08-27T11:50,EMP087,Kashif Hameed,,APPLIED,Logged,Contract renewed based on continuing role requirement and satisfactory service.,2026-08-01
HREVT-000388,HRACT-00194,CONTRACT_RENEW,EMP715,APPLIED,2025-09-01T09:00,EMP087,Kashif Hameed,SCHEDULED,APPLIED,Operational state already consistent with source employee master,Seeded historical action; no source CSV was modified.,2026-08-01
HREVT-000389,HRACT-00195,CONTRACT_RENEW,EMP089,RECORDED,2026-07-20T13:15,EMP197,Zeeshan Qureshi,,SCHEDULED,Logged,Renewal scheduled before contract expiry based on role continuity and satisfactory current indicators.,2026-08-01
HREVT-000390,HRACT-00196,CONTRACT_RENEW,EMP370,RECORDED,2026-07-19T09:40,EMP202,Usman Hashmi,,SCHEDULED,Logged,Renewal scheduled before contract expiry based on role continuity and satisfactory current indicators.,2026-08-01
HREVT-000391,HRACT-00197,CONTRACT_RENEW,EMP519,RECORDED,2026-07-16T15:20,EMP203,Zainab Awan,,SCHEDULED,Logged,Renewal scheduled before contract expiry based on role continuity and satisfactory current indicators.,2026-08-01
HREVT-000392,HRACT-00198,CONTRACT_RENEW,EMP714,RECORDED,2026-07-27T11:40,EMP066,Ali Gill,,SCHEDULED,Logged,Renewal scheduled before contract expiry based on role continuity and satisfactory current indicators.,2026-08-01
HREVT-000393,HRACT-00199,CONTRACT_RENEW,EMP715,RECORDED,2026-07-19T15:20,EMP081,Sonia Arif,,SCHEDULED,Logged,Renewal scheduled before contract expiry based on role continuity and satisfactory current indicators.,2026-08-01
HREVT-000394,HRACT-00200,CONTRACT_RENEW,EMP007,RECORDED,2026-07-29T10:20,EMP085,Sara Yousaf,,SCHEDULED,Logged,Renewal scheduled before contract expiry based on role continuity and satisfactory current indicators.,2026-08-01
HREVT-000395,HRACT-00201,CONTRACT_RENEW,EMP139,RECORDED,2026-07-15T14:40,EMP201,Taha Saeed,,SCHEDULED,Logged,Renewal scheduled before contract expiry based on role continuity and satisfactory current indicators.,2026-08-01
HREVT-000396,HRACT-00202,CONTRACT_RENEW,EMP203,RECORDED,2026-07-26T12:10,EMP001,Sonia Hassan,,SCHEDULED,Logged,Renewal scheduled before contract expiry based on role continuity and satisfactory current indicators.,2026-08-01
HREVT-000397,HRACT-00203,CONTRACT_RENEW,EMP323,RECORDED,2026-07-21T13:20,EMP012,Danish Masood,,SCHEDULED,Logged,Renewal scheduled before contract expiry based on role continuity and satisfactory current indicators.,2026-08-01
HREVT-000398,HRACT-00204,CONTRACT_RENEW,EMP357,RECORDED,2026-07-21T12:45,EMP087,Kashif Hameed,,SCHEDULED,Logged,Renewal scheduled before contract expiry based on role continuity and satisfactory current indicators.,2026-08-01
HREVT-000399,HRACT-00205,CONTRACT_RENEW,EMP491,RECORDED,2026-07-31T16:25,EMP197,Zeeshan Qureshi,,SCHEDULED,Logged,Renewal scheduled before contract expiry based on role continuity and satisfactory current indicators.,2026-08-01
HREVT-000400,HRACT-00206,CONTRACT_RENEW,EMP536,RECORDED,2026-07-31T14:05,EMP202,Usman Hashmi,,SCHEDULED,Logged,Renewal scheduled before contract expiry based on role continuity and satisfactory current indicators.,2026-08-01
HREVT-000401,HRACT-00207,PROMOTION,EMP328,RECORDED,2026-07-26T12:20,EMP203,Zainab Awan,,SCHEDULED,Logged,"Promotion scheduled into approved vacant Lead/Manager position based on performance, readiness and department vacancy need.",2026-08-01
HREVT-000402,HRACT-00208,PROMOTION,EMP603,RECORDED,2026-08-01T10:05,EMP066,Ali Gill,,SCHEDULED,Logged,"Promotion scheduled into approved vacant Senior position based on performance, readiness and department vacancy need.",2026-08-01
HREVT-000403,HRACT-00209,PROMOTION,EMP269,RECORDED,2026-07-31T10:05,EMP081,Sonia Arif,,SCHEDULED,Logged,"Promotion scheduled into approved vacant Lead/Manager position based on performance, readiness and department vacancy need.",2026-08-01
HREVT-000404,HRACT-00210,PROMOTION,EMP651,RECORDED,2026-07-19T09:45,EMP085,Sara Yousaf,,SCHEDULED,Logged,"Promotion scheduled into approved vacant Senior position based on performance, readiness and department vacancy need.",2026-08-01
HREVT-000405,HRACT-00211,PROMOTION,EMP337,RECORDED,2026-07-17T16:30,EMP201,Taha Saeed,,SCHEDULED,Logged,"Promotion scheduled into approved vacant Senior position based on performance, readiness and department vacancy need.",2026-08-01
HREVT-000406,HRACT-00212,PROMOTION,EMP279,RECORDED,2026-07-18T12:15,EMP001,Sonia Hassan,,SCHEDULED,Logged,"Promotion scheduled into approved vacant Lead/Manager position based on performance, readiness and department vacancy need.",2026-08-01
HREVT-000407,HRACT-00213,PROMOTION,EMP694,RECORDED,2026-07-23T11:40,EMP012,Danish Masood,,SCHEDULED,Logged,"Promotion scheduled into approved vacant Senior position based on performance, readiness and department vacancy need.",2026-08-01
HREVT-000408,HRACT-00214,PROMOTION,EMP156,RECORDED,2026-07-18T09:25,EMP087,Kashif Hameed,,SCHEDULED,Logged,"Promotion scheduled into approved vacant Senior position based on performance, readiness and department vacancy need.",2026-08-01
HREVT-000409,HRACT-00215,PROMOTION,EMP548,RECORDED,2026-07-24T12:15,EMP197,Zeeshan Qureshi,,SCHEDULED,Logged,"Promotion scheduled into approved vacant Lead/Manager position based on performance, readiness and department vacancy need.",2026-08-01
HREVT-000410,HRACT-00216,PROMOTION,EMP558,RECORDED,2026-07-28T14:30,EMP202,Usman Hashmi,,SCHEDULED,Logged,"Promotion scheduled into approved vacant Senior position based on performance, readiness and department vacancy need.",2026-08-01
HREVT-000411,HRACT-00217,PROMOTION,EMP116,RECORDED,2026-07-27T10:55,EMP203,Zainab Awan,,SCHEDULED,Logged,"Promotion scheduled into approved vacant Mid position based on performance, readiness and department vacancy need.",2026-08-01
HREVT-000412,HRACT-00218,PROMOTION,EMP685,RECORDED,2026-07-17T14:25,EMP066,Ali Gill,,SCHEDULED,Logged,"Promotion scheduled into approved vacant Lead/Manager position based on performance, readiness and department vacancy need.",2026-08-01
HREVT-000413,HRACT-00219,PROMOTION,EMP088,RECORDED,2026-07-22T11:55,EMP081,Sonia Arif,,SCHEDULED,Logged,"Promotion scheduled into approved vacant Senior position based on performance, readiness and department vacancy need.",2026-08-01
HREVT-000414,HRACT-00220,PROMOTION,EMP264,RECORDED,2026-07-21T13:25,EMP085,Sara Yousaf,,SCHEDULED,Logged,"Promotion scheduled into approved vacant Senior position based on performance, readiness and department vacancy need.",2026-08-01
HREVT-000415,HRACT-00221,TRANSFER,EMP081,RECORDED,2026-07-28T14:40,EMP201,Taha Saeed,,SCHEDULED,Logged,Transfer scheduled from HR to Engineering to support a department with approved staffing vacancies.,2026-08-01
HREVT-000416,HRACT-00222,TRANSFER,EMP087,RECORDED,2026-07-26T10:05,EMP001,Sonia Hassan,,SCHEDULED,Logged,Transfer scheduled from HR to Production & Manufacturing to support a department with approved staffing vacancies.,2026-08-01
HREVT-000417,HRACT-00223,TRANSFER,EMP106,RECORDED,2026-07-23T11:30,EMP012,Danish Masood,,SCHEDULED,Logged,Transfer scheduled from HR to Sales to support a department with approved staffing vacancies.,2026-08-01
HREVT-000418,HRACT-00224,TRANSFER,EMP130,RECORDED,2026-07-25T11:35,EMP087,Kashif Hameed,,SCHEDULED,Logged,Transfer scheduled from HR to IT to support a department with approved staffing vacancies.,2026-08-01
HREVT-000419,HRACT-00225,TRANSFER,EMP013,RECORDED,2026-07-26T10:30,EMP197,Zeeshan Qureshi,,SCHEDULED,Logged,Transfer scheduled from HR to Production & Manufacturing to support a department with approved staffing vacancies.,2026-08-01
HREVT-000420,HRACT-00226,TRANSFER,EMP205,RECORDED,2026-07-20T15:15,EMP202,Usman Hashmi,,SCHEDULED,Logged,Transfer scheduled from HR to Finance to support a department with approved staffing vacancies.,2026-08-01
HREVT-000421,HRACT-00227,TRANSFER,EMP001,RECORDED,2026-07-31T15:20,EMP203,Zainab Awan,,SCHEDULED,Logged,Transfer scheduled from HR to Sales to support a department with approved staffing vacancies.,2026-08-01
HREVT-000422,HRACT-00228,TRANSFER,EMP421,RECORDED,2026-07-28T14:10,EMP066,Ali Gill,,SCHEDULED,Logged,Transfer scheduled from Administration & Facilities to Production & Manufacturing to support a department with approved staffing vacancies.,2026-08-01
HREVT-000423,HRACT-00229,TRANSFER,EMP466,RECORDED,2026-07-23T14:15,EMP081,Sonia Arif,,SCHEDULED,Logged,Transfer scheduled from Legal & Compliance to Medical Care to support a department with approved staffing vacancies.,2026-08-01
HREVT-000424,HRACT-00230,TRANSFER,EMP414,RECORDED,2026-07-28T13:25,EMP085,Sara Yousaf,,SCHEDULED,Logged,Transfer scheduled from Administration & Facilities to Procurement & Supply Chain to support a department with approved staffing vacancies.,2026-08-01
HREVT-000425,HRACT-00231,RESIGNATION,EMP026,RECORDED,2026-07-30T13:50,EMP201,Taha Saeed,,SCHEDULED,Logged,Employee notice recorded; career and role-growth considerations were cited.,2026-08-01
HREVT-000426,HRACT-00232,RESIGNATION,EMP018,RECORDED,2026-08-01T13:35,EMP001,Sonia Hassan,,SCHEDULED,Logged,Employee notice recorded; career and role-growth considerations were cited.,2026-08-01
HREVT-000427,HRACT-00233,RESIGNATION,EMP098,RECORDED,2026-07-26T13:15,EMP012,Danish Masood,,SCHEDULED,Logged,Employee notice recorded; career and role-growth considerations were cited.,2026-08-01
HREVT-000428,HRACT-00234,RESIGNATION,EMP144,RECORDED,2026-07-31T14:25,EMP087,Kashif Hameed,,SCHEDULED,Logged,Employee notice recorded; personal/manager-fit considerations were noted in the exit discussion.,2026-08-01
HREVT-000429,HRACT-00235,RESIGNATION,EMP138,RECORDED,2026-08-01T12:40,EMP197,Zeeshan Qureshi,,SCHEDULED,Logged,Employee notice recorded; career and role-growth considerations were cited.,2026-08-01
HREVT-000430,HRACT-00236,RESIGNATION,EMP058,RECORDED,2026-07-23T10:00,EMP202,Usman Hashmi,,SCHEDULED,Logged,Employee notice recorded; career and role-growth considerations were cited.,2026-08-01
HREVT-000431,HRACT-00237,RESIGNATION,EMP194,RECORDED,2026-07-23T16:50,EMP203,Zainab Awan,,SCHEDULED,Logged,Employee notice recorded; career and role-growth considerations were cited.,2026-08-01
HREVT-000432,HRACT-00238,RESIGNATION,EMP164,RECORDED,2026-07-29T16:40,EMP066,Ali Gill,,SCHEDULED,Logged,Employee notice recorded; career and role-growth considerations were cited.,2026-08-01
HREVT-000433,HRACT-00239,RESIGNATION,EMP027,RECORDED,2026-08-01T14:15,EMP081,Sonia Arif,,SCHEDULED,Logged,Employee notice recorded; career and role-growth considerations were cited.,2026-08-01
HREVT-000434,HRACT-00240,RESIGNATION,EMP038,RECORDED,2026-07-23T12:55,EMP085,Sara Yousaf,,SCHEDULED,Logged,Employee notice recorded; career and role-growth considerations were cited.,2026-08-01
HREVT-000435,HRACT-00241,RETIREMENT,EMP259,RECORDED,2026-07-13T16:25,EMP201,Taha Saeed,,SCHEDULED,Logged,Normal retirement scheduled under the synthetic demo retirement rule.,2026-08-01
HREVT-000436,HRACT-00242,RETIREMENT,EMP586,RECORDED,2026-07-16T12:20,EMP001,Sonia Hassan,,SCHEDULED,Logged,Normal retirement scheduled under the synthetic demo retirement rule.,2026-08-01
HREVT-000437,HRACT-00243,RETIREMENT,EMP227,RECORDED,2026-07-11T14:25,EMP012,Danish Masood,,SCHEDULED,Logged,Normal retirement scheduled under the synthetic demo retirement rule.,2026-08-01
HREVT-000438,HRACT-00244,RETIREMENT,EMP406,RECORDED,2026-07-10T15:20,EMP087,Kashif Hameed,,SCHEDULED,Logged,Normal retirement scheduled under the synthetic demo retirement rule.,2026-08-01
HREVT-000439,HRACT-00245,RETIREMENT,EMP277,RECORDED,2026-07-13T10:00,EMP197,Zeeshan Qureshi,,SCHEDULED,Logged,Normal retirement scheduled under the synthetic demo retirement rule.,2026-08-01
HREVT-000440,HRACT-00246,TERMINATION,EMP687,RECORDED,2026-07-26T14:05,EMP202,Usman Hashmi,,SCHEDULED,Logged,Scheduled employer-initiated separation following a documented performance-management outcome in the synthetic demo data.,2026-08-01
HREVT-000441,HRACT-00247,TERMINATION,EMP198,RECORDED,2026-07-30T10:10,EMP203,Zainab Awan,,SCHEDULED,Logged,Scheduled employer-initiated separation following a documented performance-management outcome in the synthetic demo data.,2026-08-01
HREVT-000442,HRACT-00248,TERMINATION,EMP073,RECORDED,2026-07-25T10:30,EMP066,Ali Gill,,SCHEDULED,Logged,Scheduled employer-initiated separation following a documented performance-management outcome in the synthetic demo data.,2026-08-01
HREVT-000443,HRACT-00249,TERMINATION,EMP304,RECORDED,2026-07-26T15:35,EMP081,Sonia Arif,,SCHEDULED,Logged,Scheduled employer-initiated separation following a documented performance-management outcome in the synthetic demo data.,2026-08-01
HREVT-000444,HRACT-00250,REHIRE,EMP381,RECORDED,2024-02-20T10:15,EMP001,Sonia Hassan,,APPLIED,Logged,Former employee returned after prior separation; current source employee record already reflects active service.,2026-08-01
HREVT-000445,HRACT-00250,REHIRE,EMP381,APPLIED,2024-03-01T09:00,EMP001,Sonia Hassan,SCHEDULED,APPLIED,Open/restore assignment on effective date; employee becomes Active; movement/action history recorded,Seeded historical action already reconciled with current source state; no source CSV modified.,2026-08-01
HREVT-000446,HRACT-00251,REHIRE,EMP341,RECORDED,2024-03-28T10:22,EMP012,Danish Masood,,APPLIED,Logged,Former employee returned after prior separation; current source employee record already reflects active service.,2026-08-01
HREVT-000447,HRACT-00251,REHIRE,EMP341,APPLIED,2024-04-17T09:00,EMP012,Danish Masood,SCHEDULED,APPLIED,Open/restore assignment on effective date; employee becomes Active; movement/action history recorded,Seeded historical action already reconciled with current source state; no source CSV modified.,2026-08-01
HREVT-000448,HRACT-00252,REHIRE,EMP521,RECORDED,2024-05-24T10:29,EMP087,Kashif Hameed,,APPLIED,Logged,Former employee returned after prior separation; current source employee record already reflects active service.,2026-08-01
HREVT-000449,HRACT-00252,REHIRE,EMP521,APPLIED,2024-06-03T09:00,EMP087,Kashif Hameed,SCHEDULED,APPLIED,Open/restore assignment on effective date; employee becomes Active; movement/action history recorded,Seeded historical action already reconciled with current source state; no source CSV modified.,2026-08-01
HREVT-000450,HRACT-00253,REHIRE,EMP564,RECORDED,2024-07-08T10:36,EMP197,Zeeshan Qureshi,,APPLIED,Logged,Former employee returned after prior separation; current source employee record already reflects active service.,2026-08-01
HREVT-000451,HRACT-00253,REHIRE,EMP564,APPLIED,2024-07-20T09:00,EMP197,Zeeshan Qureshi,SCHEDULED,APPLIED,Open/restore assignment on effective date; employee becomes Active; movement/action history recorded,Seeded historical action already reconciled with current source state; no source CSV modified.,2026-08-01
HREVT-000452,HRACT-00254,REHIRE,EMP659,RECORDED,2024-08-27T10:43,EMP201,Taha Saeed,,APPLIED,Logged,Former employee returned after prior separation; current source employee record already reflects active service.,2026-08-01
HREVT-000453,HRACT-00254,REHIRE,EMP659,APPLIED,2024-09-05T09:00,EMP201,Taha Saeed,SCHEDULED,APPLIED,Open/restore assignment on effective date; employee becomes Active; movement/action history recorded,Seeded historical action already reconciled with current source state; no source CSV modified.,2026-08-01
HREVT-000454,HRACT-00255,REHIRE,EMP430,RECORDED,2024-10-12T10:50,EMP202,Usman Hashmi,,APPLIED,Logged,Former employee returned after prior separation; current source employee record already reflects active service.,2026-08-01
HREVT-000455,HRACT-00255,REHIRE,EMP430,APPLIED,2024-10-22T09:00,EMP202,Usman Hashmi,SCHEDULED,APPLIED,Open/restore assignment on effective date; employee becomes Active; movement/action history recorded,Seeded historical action already reconciled with current source state; no source CSV modified.,2026-08-01
HREVT-000456,HRACT-00256,REHIRE,EMP474,RECORDED,2024-11-21T10:57,EMP203,Zainab Awan,,APPLIED,Logged,Former employee returned after prior separation; current source employee record already reflects active service.,2026-08-01
HREVT-000457,HRACT-00256,REHIRE,EMP474,APPLIED,2024-12-08T09:00,EMP203,Zainab Awan,SCHEDULED,APPLIED,Open/restore assignment on effective date; employee becomes Active; movement/action history recorded,Seeded historical action already reconciled with current source state; no source CSV modified.,2026-08-01
HREVT-000458,HRACT-00257,REHIRE,EMP013,RECORDED,2025-01-10T11:04,EMP001,Sonia Hassan,,APPLIED,Logged,Former employee returned after prior separation; current source employee record already reflects active service.,2026-08-01
HREVT-000459,HRACT-00257,REHIRE,EMP013,APPLIED,2025-01-24T09:00,EMP001,Sonia Hassan,SCHEDULED,APPLIED,Open/restore assignment on effective date; employee becomes Active; movement/action history recorded,Seeded historical action already reconciled with current source state; no source CSV modified.,2026-08-01
HREVT-000460,HRACT-00258,CONTRACT_END,EMP697,RECORDED,2026-07-20T11:00,EMP012,Danish Masood,,SCHEDULED,Logged,Contract reviewed and marked for completion/non-renewal at the current contractual end date.,2026-08-01
HREVT-000461,HRACT-00259,CONTRACT_END,EMP496,RECORDED,2026-07-23T11:04,EMP087,Kashif Hameed,,SCHEDULED,Logged,Contract reviewed and marked for completion/non-renewal at the current contractual end date.,2026-08-01
HREVT-000462,HRACT-00260,CONTRACT_END,EMP680,RECORDED,2026-07-31T11:08,EMP197,Zeeshan Qureshi,,SCHEDULED,Logged,Contract reviewed and marked for completion/non-renewal at the current contractual end date.,2026-08-01
HREVT-000463,HRACT-00261,CONTRACT_END,EMP613,RECORDED,2026-07-26T11:12,EMP201,Taha Saeed,,SCHEDULED,Logged,Contract reviewed and marked for completion/non-renewal at the current contractual end date.,2026-08-01
HREVT-000464,HRACT-00262,CONTRACT_END,EMP238,RECORDED,2026-07-16T11:16,EMP202,Usman Hashmi,,SCHEDULED,Logged,Contract reviewed and marked for completion/non-renewal at the current contractual end date.,2026-08-01
HREVT-000465,HRACT-00263,CONTRACT_END,EMP576,RECORDED,2026-07-28T11:20,EMP203,Zainab Awan,,SCHEDULED,Logged,Contract reviewed and marked for completion/non-renewal at the current contractual end date.,2026-08-01
HREVT-000466,HRACT-00264,CONTRACT_END,EMP367,RECORDED,2026-07-15T11:24,EMP001,Sonia Hassan,,SCHEDULED,Logged,Contract reviewed and marked for completion/non-renewal at the current contractual end date.,2026-08-01
HREVT-000467,HRACT-00265,CONTRACT_END,EMP533,RECORDED,2026-07-25T11:28,EMP012,Danish Masood,,SCHEDULED,Logged,Contract reviewed and marked for completion/non-renewal at the current contractual end date.,2026-08-01
HREVT-000468,HRACT-00266,RESIGN_WITHDRAW,EMP038,RECORDED,2026-08-13T10:20,EMP087,Kashif Hameed,,APPLIED,Logged,Employee withdrew the previously recorded resignation before the planned separation date.,2026-08-01
HREVT-000469,HRACT-00266,RESIGN_WITHDRAW,EMP038,APPLIED,2026-08-13T09:00,EMP087,Kashif Hameed,SCHEDULED,APPLIED,Cancel scheduled resignation; employee remains Active/Probation; position remains filled,Seeded historical action already reconciled with current source state; no source CSV modified.,2026-08-01
HREVT-000470,HRACT-00240,RESIGNATION,EMP038,WITHDRAWN,2026-08-13T10:20,EMP012,Danish Masood,SCHEDULED,WITHDRAWN,Scheduled exit cancelled; no headcount/position impact,Withdrawal recorded via HRACT-00266.,2026-08-01
HREVT-000471,HRACT-00267,RESIGN_WITHDRAW,EMP018,RECORDED,2026-09-09T10:28,EMP197,Zeeshan Qureshi,,APPLIED,Logged,Employee withdrew the previously recorded resignation before the planned separation date.,2026-08-01
HREVT-000472,HRACT-00267,RESIGN_WITHDRAW,EMP018,APPLIED,2026-09-09T09:00,EMP197,Zeeshan Qureshi,SCHEDULED,APPLIED,Cancel scheduled resignation; employee remains Active/Probation; position remains filled,Seeded historical action already reconciled with current source state; no source CSV modified.,2026-08-01
HREVT-000473,HRACT-00232,RESIGNATION,EMP018,WITHDRAWN,2026-09-09T10:28,EMP087,Kashif Hameed,SCHEDULED,WITHDRAWN,Scheduled exit cancelled; no headcount/position impact,Withdrawal recorded via HRACT-00267.,2026-08-01
HREVT-000474,HRACT-00268,RESIGN_WITHDRAW,EMP058,RECORDED,2026-08-15T10:36,EMP201,Taha Saeed,,APPLIED,Logged,Employee withdrew the previously recorded resignation before the planned separation date.,2026-08-01
HREVT-000475,HRACT-00268,RESIGN_WITHDRAW,EMP058,APPLIED,2026-08-15T09:00,EMP201,Taha Saeed,SCHEDULED,APPLIED,Cancel scheduled resignation; employee remains Active/Probation; position remains filled,Seeded historical action already reconciled with current source state; no source CSV modified.,2026-08-01
HREVT-000476,HRACT-00236,RESIGNATION,EMP058,WITHDRAWN,2026-08-15T10:36,EMP197,Zeeshan Qureshi,SCHEDULED,WITHDRAWN,Scheduled exit cancelled; no headcount/position impact,Withdrawal recorded via HRACT-00268.,2026-08-01
HREVT-000477,HRACT-00269,RESIGN_WITHDRAW,EMP027,RECORDED,2026-08-23T10:44,EMP202,Usman Hashmi,,APPLIED,Logged,Employee withdrew the previously recorded resignation before the planned separation date.,2026-08-01
HREVT-000478,HRACT-00269,RESIGN_WITHDRAW,EMP027,APPLIED,2026-08-23T09:00,EMP202,Usman Hashmi,SCHEDULED,APPLIED,Cancel scheduled resignation; employee remains Active/Probation; position remains filled,Seeded historical action already reconciled with current source state; no source CSV modified.,2026-08-01
HREVT-000479,HRACT-00239,RESIGNATION,EMP027,WITHDRAWN,2026-08-23T10:44,EMP201,Taha Saeed,SCHEDULED,WITHDRAWN,Scheduled exit cancelled; no headcount/position impact,Withdrawal recorded via HRACT-00269.,2026-08-01
HREVT-000480,HRACT-00270,FINAL_SETTLEMENT,EMP198,RECORDED,2026-08-01T14:00,EMP203,Zainab Awan,,SCHEDULED,Logged,Final settlement workflow created from Termination action HRACT-00247.,2026-08-01
HREVT-000481,HRACT-00271,FINAL_SETTLEMENT,EMP073,RECORDED,2026-08-01T14:03,EMP001,Sonia Hassan,,SCHEDULED,Logged,Final settlement workflow created from Termination action HRACT-00248.,2026-08-01
HREVT-000482,HRACT-00272,FINAL_SETTLEMENT,EMP098,RECORDED,2026-08-01T14:06,EMP012,Danish Masood,,SCHEDULED,Logged,Final settlement workflow created from Resignation action HRACT-00233.,2026-08-01
HREVT-000483,HRACT-00273,FINAL_SETTLEMENT,EMP304,RECORDED,2026-08-01T14:09,EMP087,Kashif Hameed,,SCHEDULED,Logged,Final settlement workflow created from Termination action HRACT-00249.,2026-08-01
HREVT-000484,HRACT-00274,FINAL_SETTLEMENT,EMP687,RECORDED,2026-08-01T14:12,EMP197,Zeeshan Qureshi,,SCHEDULED,Logged,Final settlement workflow created from Termination action HRACT-00246.,2026-08-01
HREVT-000485,HRACT-00275,FINAL_SETTLEMENT,EMP496,RECORDED,2026-08-01T14:15,EMP201,Taha Saeed,,SCHEDULED,Logged,Final settlement workflow created from Contract End / Non-renewal action HRACT-00259.,2026-08-01
HREVT-000486,HRACT-00276,FINAL_SETTLEMENT,EMP680,RECORDED,2026-08-01T14:18,EMP202,Usman Hashmi,,SCHEDULED,Logged,Final settlement workflow created from Contract End / Non-renewal action HRACT-00260.,2026-08-01
HREVT-000487,HRACT-00277,FINAL_SETTLEMENT,EMP697,RECORDED,2026-08-01T14:21,EMP203,Zainab Awan,,SCHEDULED,Logged,Final settlement workflow created from Contract End / Non-renewal action HRACT-00258.,2026-08-01
HREVT-000488,HRACT-00278,FINAL_SETTLEMENT,EMP026,RECORDED,2026-08-01T14:24,EMP001,Sonia Hassan,,SCHEDULED,Logged,Final settlement workflow created from Resignation action HRACT-00231.,2026-08-01
HREVT-000489,HRACT-00279,FINAL_SETTLEMENT,EMP138,RECORDED,2026-08-01T14:27,EMP012,Danish Masood,,SCHEDULED,Logged,Final settlement workflow created from Resignation action HRACT-00235.,2026-08-01
HREVT-000490,HRACT-00280,FINAL_SETTLEMENT,EMP194,RECORDED,2026-08-01T14:30,EMP087,Kashif Hameed,,SCHEDULED,Logged,Final settlement workflow created from Resignation action HRACT-00237.,2026-08-01
HREVT-000491,HRACT-00281,FINAL_SETTLEMENT,EMP164,RECORDED,2026-08-01T14:33,EMP197,Zeeshan Qureshi,,SCHEDULED,Logged,Final settlement workflow created from Resignation action HRACT-00238.,2026-08-01
HREVT-000492,HRACT-00282,FINAL_SETTLEMENT,EMP259,RECORDED,2026-08-01T14:36,EMP201,Taha Saeed,,SCHEDULED,Logged,Final settlement workflow created from Retirement action HRACT-00241.,2026-08-01
HREVT-000493,HRACT-00283,FINAL_SETTLEMENT,EMP144,RECORDED,2026-08-01T14:39,EMP202,Usman Hashmi,,SCHEDULED,Logged,Final settlement workflow created from Resignation action HRACT-00234.,2026-08-01
HREVT-000494,HRACT-00284,FINAL_SETTLEMENT,EMP238,RECORDED,2026-08-01T14:42,EMP203,Zainab Awan,,SCHEDULED,Logged,Final settlement workflow created from Contract End / Non-renewal action HRACT-00262.,2026-08-01
HREVT-000495,HRACT-00285,FINAL_SETTLEMENT,EMP576,RECORDED,2026-08-01T14:00,EMP001,Sonia Hassan,,SCHEDULED,Logged,Final settlement workflow created from Contract End / Non-renewal action HRACT-00263.,2026-08-01
HREVT-000496,HRACT-00286,FINAL_SETTLEMENT,EMP613,RECORDED,2026-08-01T14:03,EMP012,Danish Masood,,SCHEDULED,Logged,Final settlement workflow created from Contract End / Non-renewal action HRACT-00261.,2026-08-01
HREVT-000497,HRACT-00287,FINAL_SETTLEMENT,EMP586,RECORDED,2026-08-01T14:06,EMP087,Kashif Hameed,,SCHEDULED,Logged,Final settlement workflow created from Retirement action HRACT-00242.,2026-08-01
HREVT-000498,HRACT-00288,ACTING_CHARGE,EMP244,RECORDED,2026-01-27T09:20,EMP197,Zeeshan Qureshi,,APPLIED,Logged,Temporary acting/additional responsibility assigned to cover an approved position without changing the primary assignment.,2026-08-01
HREVT-000499,HRACT-00288,ACTING_CHARGE,EMP244,APPLIED,2026-02-01T09:00,EMP197,Zeeshan Qureshi,SCHEDULED,APPLIED,Primary position/headcount unchanged; temporary acting responsibility recorded,Seeded historical action already reconciled with current source state; no source CSV modified.,2026-08-01
HREVT-000500,HRACT-00289,ACTING_CHARGE,EMP062,RECORDED,2026-02-18T09:25,EMP201,Taha Saeed,,APPLIED,Logged,Temporary acting/additional responsibility assigned to cover an approved position without changing the primary assignment.,2026-08-01
HREVT-000501,HRACT-00289,ACTING_CHARGE,EMP062,APPLIED,2026-02-23T09:00,EMP201,Taha Saeed,SCHEDULED,APPLIED,Primary position/headcount unchanged; temporary acting responsibility recorded,Seeded historical action already reconciled with current source state; no source CSV modified.,2026-08-01
HREVT-000502,HRACT-00290,ACTING_CHARGE,EMP112,RECORDED,2026-03-12T09:30,EMP202,Usman Hashmi,,APPLIED,Logged,Temporary acting/additional responsibility assigned to cover an approved position without changing the primary assignment.,2026-08-01
HREVT-000503,HRACT-00290,ACTING_CHARGE,EMP112,APPLIED,2026-03-17T09:00,EMP202,Usman Hashmi,SCHEDULED,APPLIED,Primary position/headcount unchanged; temporary acting responsibility recorded,Seeded historical action already reconciled with current source state; no source CSV modified.,2026-08-01
HREVT-000504,HRACT-00291,ACTING_CHARGE,EMP064,RECORDED,2026-04-03T09:35,EMP203,Zainab Awan,,APPLIED,Logged,Temporary acting/additional responsibility assigned to cover an approved position without changing the primary assignment.,2026-08-01
HREVT-000505,HRACT-00291,ACTING_CHARGE,EMP064,APPLIED,2026-04-08T09:00,EMP203,Zainab Awan,SCHEDULED,APPLIED,Primary position/headcount unchanged; temporary acting responsibility recorded,Seeded historical action already reconciled with current source state; no source CSV modified.,2026-08-01
HREVT-000506,HRACT-00292,ACTING_CHARGE,EMP017,RECORDED,2026-04-25T09:40,EMP001,Sonia Hassan,,APPLIED,Logged,Temporary acting/additional responsibility assigned to cover an approved position without changing the primary assignment.,2026-08-01
HREVT-000507,HRACT-00292,ACTING_CHARGE,EMP017,APPLIED,2026-04-30T09:00,EMP001,Sonia Hassan,SCHEDULED,APPLIED,Primary position/headcount unchanged; temporary acting responsibility recorded,Seeded historical action already reconciled with current source state; no source CSV modified.,2026-08-01
HREVT-000508,HRACT-00293,ACTING_CHARGE,EMP199,RECORDED,2026-05-17T09:45,EMP012,Danish Masood,,APPLIED,Logged,Temporary acting/additional responsibility assigned to cover an approved position without changing the primary assignment.,2026-08-01
HREVT-000509,HRACT-00293,ACTING_CHARGE,EMP199,APPLIED,2026-05-22T09:00,EMP012,Danish Masood,SCHEDULED,APPLIED,Primary position/headcount unchanged; temporary acting responsibility recorded,Seeded historical action already reconciled with current source state; no source CSV modified.,2026-08-01
HREVT-000510,HRACT-00294,ACTING_CHARGE,EMP266,RECORDED,2026-07-31T10:18,EMP087,Kashif Hameed,,SCHEDULED,Logged,Temporary acting/additional responsibility assigned to cover an approved position without changing the primary assignment.,2026-08-01
HREVT-000511,HRACT-00295,ACTING_CHARGE,EMP054,RECORDED,2026-07-30T10:21,EMP197,Zeeshan Qureshi,,SCHEDULED,Logged,Temporary acting/additional responsibility assigned to cover an approved position without changing the primary assignment.,2026-08-01
HREVT-000512,HRACT-00296,ACTING_CHARGE,EMP273,RECORDED,2026-07-29T10:24,EMP201,Taha Saeed,,SCHEDULED,Logged,Temporary acting/additional responsibility assigned to cover an approved position without changing the primary assignment.,2026-08-01
HREVT-000513,HRACT-00297,ACTING_CHARGE,EMP045,RECORDED,2026-07-31T10:27,EMP202,Usman Hashmi,,SCHEDULED,Logged,Temporary acting/additional responsibility assigned to cover an approved position without changing the primary assignment.,2026-08-01
HREVT-000514,HRACT-00298,ACTING_CHARGE,EMP193,RECORDED,2026-07-30T10:30,EMP203,Zainab Awan,,SCHEDULED,Logged,Temporary acting/additional responsibility assigned to cover an approved position without changing the primary assignment.,2026-08-01
HREVT-000515,HRACT-00299,ACTING_CHARGE,EMP300,RECORDED,2026-07-29T10:33,EMP001,Sonia Hassan,,SCHEDULED,Logged,Temporary acting/additional responsibility assigned to cover an approved position without changing the primary assignment.,2026-08-01
HREVT-000516,HRACT-00300,DEMOTION,EMP379,RECORDED,2026-08-01T15:00,EMP012,Danish Masood,,SCHEDULED,Logged,Lower-level placement scheduled after role/performance review; target is an existing approved budgeted vacancy.,2026-08-01
HREVT-000517,HRACT-00301,DEMOTION,EMP369,RECORDED,2026-07-31T15:04,EMP087,Kashif Hameed,,SCHEDULED,Logged,Lower-level placement scheduled after role/performance review; target is an existing approved budgeted vacancy.,2026-08-01
HREVT-000518,HRACT-00302,DEMOTION,EMP344,RECORDED,2026-07-30T15:08,EMP197,Zeeshan Qureshi,,SCHEDULED,Logged,Lower-level placement scheduled after role/performance review; target is an existing approved budgeted vacancy.,2026-08-01
HREVT-000519,HRACT-00303,DEMOTION,EMP500,RECORDED,2026-07-29T15:12,EMP201,Taha Saeed,,SCHEDULED,Logged,Lower-level placement scheduled after role/performance review; target is an existing approved budgeted vacancy.,2026-08-01
HREVT-000520,HRACT-00304,DEMOTION,EMP602,RECORDED,2026-08-01T15:16,EMP202,Usman Hashmi,,SCHEDULED,Logged,Lower-level placement scheduled after role/performance review; target is an existing approved budgeted vacancy.,2026-08-01
HREVT-000521,HRACT-00305,DEMOTION,EMP094,RECORDED,2026-07-31T15:20,EMP203,Zainab Awan,,SCHEDULED,Logged,Lower-level placement scheduled after role/performance review; target is an existing approved budgeted vacancy.,2026-08-01
HREVT-000522,HRACT-00306,SECONDMENT,EMP051,RECORDED,2026-03-05T11:00,EMP001,Sonia Hassan,,APPLIED,Logged,Temporary host assignment created without closing the employee home assignment.,2026-08-01
HREVT-000523,HRACT-00306,SECONDMENT,EMP051,APPLIED,2026-03-15T09:00,EMP001,Sonia Hassan,SCHEDULED,APPLIED,Home assignment retained; temporary host placement recorded; organization total headcount unchanged,Seeded historical action already reconciled with current source state; no source CSV modified.,2026-08-01
HREVT-000524,HRACT-00307,SECONDMENT,EMP270,RECORDED,2026-04-02T11:06,EMP012,Danish Masood,,APPLIED,Logged,Temporary host assignment created without closing the employee home assignment.,2026-08-01
HREVT-000525,HRACT-00307,SECONDMENT,EMP270,APPLIED,2026-04-12T09:00,EMP012,Danish Masood,SCHEDULED,APPLIED,Home assignment retained; temporary host placement recorded; organization total headcount unchanged,Seeded historical action already reconciled with current source state; no source CSV modified.,2026-08-01
HREVT-000526,HRACT-00308,SECONDMENT,EMP176,RECORDED,2026-04-30T11:12,EMP087,Kashif Hameed,,APPLIED,Logged,Temporary host assignment created without closing the employee home assignment.,2026-08-01
HREVT-000527,HRACT-00308,SECONDMENT,EMP176,APPLIED,2026-05-10T09:00,EMP087,Kashif Hameed,SCHEDULED,APPLIED,Home assignment retained; temporary host placement recorded; organization total headcount unchanged,Seeded historical action already reconciled with current source state; no source CSV modified.,2026-08-01
HREVT-000528,HRACT-00309,SECONDMENT,EMP342,RECORDED,2026-05-28T11:18,EMP197,Zeeshan Qureshi,,APPLIED,Logged,Temporary host assignment created without closing the employee home assignment.,2026-08-01
HREVT-000529,HRACT-00309,SECONDMENT,EMP342,APPLIED,2026-06-07T09:00,EMP197,Zeeshan Qureshi,SCHEDULED,APPLIED,Home assignment retained; temporary host placement recorded; organization total headcount unchanged,Seeded historical action already reconciled with current source state; no source CSV modified.,2026-08-01
HREVT-000530,HRACT-00310,SECONDMENT,EMP384,RECORDED,2026-07-30T12:16,EMP201,Taha Saeed,,SCHEDULED,Logged,Temporary host assignment created without closing the employee home assignment.,2026-08-01
HREVT-000531,HRACT-00311,SECONDMENT,EMP167,RECORDED,2026-07-29T12:20,EMP202,Usman Hashmi,,SCHEDULED,Logged,Temporary host assignment created without closing the employee home assignment.,2026-08-01
HREVT-000532,HRACT-00312,SECONDMENT,EMP377,RECORDED,2026-07-28T12:24,EMP203,Zainab Awan,,SCHEDULED,Logged,Temporary host assignment created without closing the employee home assignment.,2026-08-01
HREVT-000533,HRACT-00313,SECONDMENT,EMP182,RECORDED,2026-07-27T12:28,EMP001,Sonia Hassan,,SCHEDULED,Logged,Temporary host assignment created without closing the employee home assignment.,2026-08-01
