Employee_ID,Employee_Name,Department_ID,Department,Business_Unit,Organizational_Unit_ID,Position_ID,Position_Title,Designation,Job_Level,Career_Level,Role_Band,Management_Tier,Manager_Flag,Measurement_Scope,Performance_Template_ID,Performance_Cycle_ID,Mapping_Status,Effective_Start_Date,Effective_End_Date,Data_As_Of_Date
EMP001,Sonia Hassan,DEPARTMENT-001,HR,Corporate Services,ORGANIZATIONAL-UNIT-HR,POS-001,HR Manager,HR Manager,Lead/Manager,Management,Manager/Head,Manager/Lead,Yes,Team/Department,PT-HR-MANAGER,PC-2025-2026-ANNUAL,Mapped,2025-09-01,,2026-08-01
EMP002,Bilal Aziz,DEPARTMENT-003,Sales,Commercial Services,ORGANIZATIONAL-UNIT-SAL-TEAM-03,POS-002,Account Manager,Senior Sales Executive,Mid,Professional,Professional/Mid-level,Individual Contributor,No,Individual,PT-SAL-PROFESSIONAL,PC-2025-2026-ANNUAL,Mapped,2025-09-01,,2026-08-01
EMP003,Kamran Ali,DEPARTMENT-002,Finance,Corporate Services,ORGANIZATIONAL-UNIT-FIN-TEAM-01,POS-003,Financial Analyst,Financial Analyst,Mid,Professional,Professional/Mid-level,Individual Contributor,No,Individual,PT-FIN-PROFESSIONAL,PC-2025-2026-ANNUAL,Mapped,2025-09-01,,2026-08-01
EMP004,Ali Masood,DEPARTMENT-002,Finance,Corporate Services,ORGANIZATIONAL-UNIT-FIN-TEAM-02,POS-004,Financial Analyst,Financial Analyst,Mid,Professional,Professional/Mid-level,Individual Contributor,No,Individual,PT-FIN-PROFESSIONAL,PC-2025-2026-ANNUAL,Mapped,2025-09-01,,2026-08-01
EMP005,Farhan Shah,DEPARTMENT-005,Engineering,Technology and Innovation,ORGANIZATIONAL-UNIT-ENG-TEAM-03,POS-005,Software Engineer I,Junior Software Engineer,Junior,Entry Level,Junior/Assistant,Individual Contributor,No,Individual,PT-ENG-JUNIOR,PC-2025-2026-ANNUAL,Mapped,2025-09-01,,2026-08-01
EMP006,Sehrish Tariq,DEPARTMENT-005,Engineering,Technology and Innovation,ORGANIZATIONAL-UNIT-ENG-TEAM-01,POS-006,Software Engineer II,Software Engineer,Mid,Professional,Professional/Mid-level,Individual Contributor,No,Individual,PT-ENG-PROFESSIONAL,PC-2025-2026-ANNUAL,Mapped,2025-09-01,,2026-08-01
EMP007,Sonia Ahmad,DEPARTMENT-004,Customer Support,Commercial Services,ORGANIZATIONAL-UNIT-CS-TEAM-02,POS-007,Customer Support Representative,Support Executive,Junior,Entry Level,Junior/Assistant,Individual Contributor,No,Individual,PT-CS-JUNIOR,PC-2025-2026-ANNUAL,Mapped,2025-09-01,,2026-08-01
EMP008,Iqra Bashir,DEPARTMENT-002,Finance,Corporate Services,ORGANIZATIONAL-UNIT-FIN,POS-008,Finance Manager,Finance Manager,Lead/Manager,Management,Manager/Head,Manager/Lead,Yes,Team/Department,PT-FIN-MANAGER,PC-2025-2026-ANNUAL,Mapped,2025-09-01,,2026-08-01
EMP009,Hassan Dar,DEPARTMENT-004,Customer Support,Commercial Services,ORGANIZATIONAL-UNIT-CS,POS-009,Customer Support Manager,Customer Support Manager,Lead/Manager,Management,Manager/Head,Manager/Lead,Yes,Team/Department,PT-CS-MANAGER,PC-2025-2026-ANNUAL,Mapped,2025-09-01,,2026-08-01
EMP010,Salman Shah,DEPARTMENT-005,Engineering,Technology and Innovation,ORGANIZATIONAL-UNIT-ENG-TEAM-02,POS-010,Senior Software Engineer,Senior Software Engineer,Senior,Senior Professional,Senior/Lead,Senior Individual Contributor,No,Individual + Mentoring,PT-ENG-SENIOR,PC-2025-2026-ANNUAL,Mapped,2025-09-01,,2026-08-01
EMP011,Khurram Iqbal,DEPARTMENT-003,Sales,Commercial Services,ORGANIZATIONAL-UNIT-SAL,POS-011,Sales Manager,Sales Manager,Lead/Manager,Management,Manager/Head,Manager/Lead,Yes,Team/Department,PT-SAL-MANAGER,PC-2025-2026-ANNUAL,Mapped,2025-09-01,,2026-08-01
EMP012,Danish Masood,DEPARTMENT-001,HR,Corporate Services,ORGANIZATIONAL-UNIT-HR,POS-012,HR Manager,HR Manager,Lead/Manager,Management,Manager/Head,Manager/Lead,Yes,Team/Department,PT-HR-MANAGER,PC-2025-2026-ANNUAL,Mapped,2025-09-01,,2026-08-01
EMP013,Anum Ahmad,DEPARTMENT-001,HR,Corporate Services,ORGANIZATIONAL-UNIT-HR-TEAM-02,POS-013,HR Generalist,HR Specialist,Mid,Professional,Professional/Mid-level,Individual Contributor,No,Individual,PT-HR-PROFESSIONAL,PC-2025-2026-ANNUAL,Mapped,2025-09-01,,2026-08-01
EMP014,Shahid Ali,DEPARTMENT-005,Engineering,Technology and Innovation,ORGANIZATIONAL-UNIT-ENG-TEAM-03,POS-014,Software Engineer II,Software Engineer,Mid,Professional,Professional/Mid-level,Individual Contributor,No,Individual,PT-ENG-PROFESSIONAL,PC-2025-2026-ANNUAL,Mapped,2025-09-01,,2026-08-01
EMP015,Anum Rehman,DEPARTMENT-005,Engineering,Technology and Innovation,ORGANIZATIONAL-UNIT-ENG,POS-015,Engineering Lead,Engineering Manager,Lead/Manager,Management,Manager/Head,Manager/Lead,Yes,Team/Department,PT-ENG-MANAGER,PC-2025-2026-ANNUAL,Mapped,2025-09-01,,2026-08-01
EMP016,Khurram Gill,DEPARTMENT-003,Sales,Commercial Services,ORGANIZATIONAL-UNIT-SAL-TEAM-02,POS-016,Account Manager,Senior Sales Executive,Mid,Professional,Professional/Mid-level,Individual Contributor,No,Individual,PT-SAL-PROFESSIONAL,PC-2025-2026-ANNUAL,Mapped,2025-09-01,,2026-08-01
EMP017,Amir Haider,DEPARTMENT-004,Customer Support,Commercial Services,ORGANIZATIONAL-UNIT-CS-TEAM-03,POS-017,Customer Support Representative,Support Executive,Junior,Entry Level,Junior/Assistant,Individual Contributor,No,Individual,PT-CS-JUNIOR,PC-2025-2026-ANNUAL,Mapped,2025-09-01,,2026-08-01
EMP018,Sidra Tariq,DEPARTMENT-005,Engineering,Technology and Innovation,ORGANIZATIONAL-UNIT-ENG-TEAM-01,POS-018,Software Engineer II,Software Engineer,Mid,Professional,Professional/Mid-level,Individual Contributor,No,Individual,PT-ENG-PROFESSIONAL,PC-2025-2026-ANNUAL,Mapped,2025-09-01,,2026-08-01
EMP019,Hina Hussain,DEPARTMENT-007,IT,Technology and Innovation,ORGANIZATIONAL-UNIT-IT-TEAM-02,POS-019,Systems Administrator,IT Engineer,Mid,Professional,Professional/Mid-level,Individual Contributor,No,Individual,PT-IT-PROFESSIONAL,PC-2025-2026-ANNUAL,Mapped,2025-09-01,,2026-08-01
EMP020,Waqas Khan,DEPARTMENT-004,Customer Support,Commercial Services,ORGANIZATIONAL-UNIT-CS-TEAM-03,POS-020,Customer Support Representative,Support Executive,Junior,Entry Level,Junior/Assistant,Individual Contributor,No,Individual,PT-CS-JUNIOR,PC-2025-2026-ANNUAL,Mapped,2025-09-01,,2026-08-01
EMP021,Usman Khan,DEPARTMENT-004,Customer Support,Commercial Services,ORGANIZATIONAL-UNIT-CS-TEAM-01,POS-021,Customer Support Representative,Support Executive,Junior,Entry Level,Junior/Assistant,Individual Contributor,No,Individual,PT-CS-JUNIOR,PC-2025-2026-ANNUAL,Mapped,2025-09-01,,2026-08-01
EMP022,Laiba Raza,DEPARTMENT-003,Sales,Commercial Services,ORGANIZATIONAL-UNIT-SAL-TEAM-02,POS-022,Account Manager,Senior Sales Executive,Mid,Professional,Professional/Mid-level,Individual Contributor,No,Individual,PT-SAL-PROFESSIONAL,PC-2025-2026-ANNUAL,Mapped,2025-09-01,,2026-08-01
EMP023,Fatima Masood,DEPARTMENT-006,Operations,Enterprise Operations,ORGANIZATIONAL-UNIT-OPS-TEAM-03,POS-023,Operations Officer,Operations Officer,Junior,Entry Level,Junior/Assistant,Individual Contributor,No,Individual,PT-OPS-JUNIOR,PC-2025-2026-ANNUAL,Mapped,2025-09-01,,2026-08-01
EMP024,Fatima Arif,DEPARTMENT-007,IT,Technology and Innovation,ORGANIZATIONAL-UNIT-IT-TEAM-01,POS-024,Systems Administrator,IT Engineer,Mid,Professional,Professional/Mid-level,Individual Contributor,No,Individual,PT-IT-PROFESSIONAL,PC-2025-2026-ANNUAL,Mapped,2025-09-01,,2026-08-01
EMP025,Raza Mughal,DEPARTMENT-002,Finance,Corporate Services,ORGANIZATIONAL-UNIT-FIN-TEAM-02,POS-025,Financial Analyst,Financial Analyst,Mid,Professional,Professional/Mid-level,Individual Contributor,No,Individual,PT-FIN-PROFESSIONAL,PC-2025-2026-ANNUAL,Mapped,2025-09-01,,2026-08-01
EMP026,Anum Qureshi,DEPARTMENT-006,Operations,Enterprise Operations,ORGANIZATIONAL-UNIT-OPS,POS-026,Operations Manager,Operations Manager,Lead/Manager,Management,Manager/Head,Manager/Lead,Yes,Team/Department,PT-OPS-MANAGER,PC-2025-2026-ANNUAL,Mapped,2025-09-01,,2026-08-01
EMP027,Akbar Hassan,DEPARTMENT-004,Customer Support,Commercial Services,ORGANIZATIONAL-UNIT-CS-TEAM-01,POS-027,Senior Support Executive,Senior Support Executive,Mid,Professional,Professional/Mid-level,Individual Contributor,No,Individual,PT-CS-PROFESSIONAL,PC-2025-2026-ANNUAL,Mapped,2025-09-01,,2026-08-01
EMP028,Salman Aziz,DEPARTMENT-003,Sales,Commercial Services,ORGANIZATIONAL-UNIT-SAL-TEAM-02,POS-028,Senior Account Manager,Senior Account Manager,Senior,Senior Professional,Senior/Lead,Senior Individual Contributor,No,Individual + Mentoring,PT-SAL-SENIOR,PC-2025-2026-ANNUAL,Mapped,2025-09-01,,2026-08-01
EMP029,Ali Saleem,DEPARTMENT-005,Engineering,Technology and Innovation,ORGANIZATIONAL-UNIT-ENG-TEAM-03,POS-029,Software Engineer II,Software Engineer,Mid,Professional,Professional/Mid-level,Individual Contributor,No,Individual,PT-ENG-PROFESSIONAL,PC-2025-2026-ANNUAL,Mapped,2025-09-01,,2026-08-01
EMP030,Hamza Ahmad,DEPARTMENT-002,Finance,Corporate Services,ORGANIZATIONAL-UNIT-FIN-TEAM-01,POS-030,Senior Financial Analyst,Senior Financial Analyst,Senior,Senior Professional,Senior/Lead,Senior Individual Contributor,No,Individual + Mentoring,PT-FIN-SENIOR,PC-2025-2026-ANNUAL,Mapped,2025-09-01,,2026-08-01
EMP031,Sadia Haider,DEPARTMENT-005,Engineering,Technology and Innovation,ORGANIZATIONAL-UNIT-ENG-TEAM-02,POS-031,Senior Software Engineer,Senior Software Engineer,Senior,Senior Professional,Senior/Lead,Senior Individual Contributor,No,Individual + Mentoring,PT-ENG-SENIOR,PC-2025-2026-ANNUAL,Mapped,2025-09-01,,2026-08-01
EMP032,Laiba Mahmood,DEPARTMENT-003,Sales,Commercial Services,ORGANIZATIONAL-UNIT-SAL-TEAM-03,POS-032,Sales Executive,Sales Executive,Junior,Entry Level,Junior/Assistant,Individual Contributor,No,Individual,PT-SAL-JUNIOR,PC-2025-2026-ANNUAL,Mapped,2025-09-01,,2026-08-01
EMP033,Ali Chaudhry,DEPARTMENT-007,IT,Technology and Innovation,ORGANIZATIONAL-UNIT-IT-TEAM-01,POS-033,IT Support Engineer,Junior IT Engineer,Junior,Entry Level,Junior/Assistant,Individual Contributor,No,Individual,PT-IT-JUNIOR,PC-2025-2026-ANNUAL,Mapped,2025-09-01,,2026-08-01
EMP034,Nida Sheikh,DEPARTMENT-003,Sales,Commercial Services,ORGANIZATIONAL-UNIT-SAL-TEAM-02,POS-034,Sales Executive,Sales Executive,Junior,Entry Level,Junior/Assistant,Individual Contributor,No,Individual,PT-SAL-JUNIOR,PC-2025-2026-ANNUAL,Mapped,2025-09-01,,2026-08-01
EMP035,Shahbaz Malik,DEPARTMENT-005,Engineering,Technology and Innovation,ORGANIZATIONAL-UNIT-ENG-TEAM-03,POS-035,Software Engineer II,Software Engineer,Mid,Professional,Professional/Mid-level,Individual Contributor,No,Individual,PT-ENG-PROFESSIONAL,PC-2025-2026-ANNUAL,Mapped,2025-09-01,,2026-08-01
EMP036,Zoya Chaudhry,DEPARTMENT-003,Sales,Commercial Services,ORGANIZATIONAL-UNIT-SAL-TEAM-01,POS-036,Sales Executive,Sales Executive,Junior,Entry Level,Junior/Assistant,Individual Contributor,No,Individual,PT-SAL-JUNIOR,PC-2025-2026-ANNUAL,Mapped,2025-09-01,,2026-08-01
EMP037,Zara Mahmood,DEPARTMENT-007,IT,Technology and Innovation,ORGANIZATIONAL-UNIT-IT-TEAM-02,POS-037,Systems Administrator,IT Engineer,Mid,Professional,Professional/Mid-level,Individual Contributor,No,Individual,PT-IT-PROFESSIONAL,PC-2025-2026-ANNUAL,Mapped,2025-09-01,,2026-08-01
EMP038,Ali Mahmood,DEPARTMENT-004,Customer Support,Commercial Services,ORGANIZATIONAL-UNIT-CS-TEAM-03,POS-038,Senior Support Executive,Senior Support Executive,Mid,Professional,Professional/Mid-level,Individual Contributor,No,Individual,PT-CS-PROFESSIONAL,PC-2025-2026-ANNUAL,Mapped,2025-09-01,,2026-08-01
EMP039,Kamran Hussain,DEPARTMENT-006,Operations,Enterprise Operations,ORGANIZATIONAL-UNIT-OPS-TEAM-01,POS-039,Operations Officer,Operations Officer,Junior,Entry Level,Junior/Assistant,Individual Contributor,No,Individual,PT-OPS-JUNIOR,PC-2025-2026-ANNUAL,Mapped,2025-09-01,,2026-08-01
EMP040,Ahmad Sheikh,DEPARTMENT-004,Customer Support,Commercial Services,ORGANIZATIONAL-UNIT-CS-TEAM-02,POS-040,Customer Support Representative,Support Executive,Junior,Entry Level,Junior/Assistant,Individual Contributor,No,Individual,PT-CS-JUNIOR,PC-2025-2026-ANNUAL,Mapped,2025-09-01,,2026-08-01
EMP041,Omer Nawaz,DEPARTMENT-006,Operations,Enterprise Operations,ORGANIZATIONAL-UNIT-OPS-TEAM-03,POS-041,Operations Officer,Operations Officer,Junior,Entry Level,Junior/Assistant,Individual Contributor,No,Individual,PT-OPS-JUNIOR,PC-2025-2026-ANNUAL,Mapped,2025-09-01,,2026-08-01
EMP042,Amna Aslam,DEPARTMENT-004,Customer Support,Commercial Services,ORGANIZATIONAL-UNIT-CS-TEAM-01,POS-042,Senior Support Executive,Senior Support Executive,Mid,Professional,Professional/Mid-level,Individual Contributor,No,Individual,PT-CS-PROFESSIONAL,PC-2025-2026-ANNUAL,Mapped,2025-09-01,,2026-08-01
EMP043,Amir Javed,DEPARTMENT-006,Operations,Enterprise Operations,ORGANIZATIONAL-UNIT-OPS-TEAM-02,POS-043,Operations Analyst,Operations Specialist,Mid,Professional,Professional/Mid-level,Individual Contributor,No,Individual,PT-OPS-PROFESSIONAL,PC-2025-2026-ANNUAL,Mapped,2025-09-01,,2026-08-01
EMP044,Hafsa Khan,DEPARTMENT-002,Finance,Corporate Services,ORGANIZATIONAL-UNIT-FIN-TEAM-03,POS-044,Financial Analyst,Financial Analyst,Mid,Professional,Professional/Mid-level,Individual Contributor,No,Individual,PT-FIN-PROFESSIONAL,PC-2025-2026-ANNUAL,Mapped,2025-09-01,,2026-08-01
EMP045,Saad Ahmad,DEPARTMENT-006,Operations,Enterprise Operations,ORGANIZATIONAL-UNIT-OPS-TEAM-01,POS-045,Operations Officer,Operations Officer,Junior,Entry Level,Junior/Assistant,Individual Contributor,No,Individual,PT-OPS-JUNIOR,PC-2025-2026-ANNUAL,Mapped,2025-09-01,,2026-08-01
EMP046,Salman Iqbal,DEPARTMENT-004,Customer Support,Commercial Services,ORGANIZATIONAL-UNIT-CS-TEAM-02,POS-046,Customer Support Representative,Support Executive,Junior,Entry Level,Junior/Assistant,Individual Contributor,No,Individual,PT-CS-JUNIOR,PC-2025-2026-ANNUAL,Mapped,2025-09-01,,2026-08-01
EMP047,Mahnoor Iqbal,DEPARTMENT-002,Finance,Corporate Services,ORGANIZATIONAL-UNIT-FIN-TEAM-03,POS-047,Senior Financial Analyst,Senior Financial Analyst,Senior,Senior Professional,Senior/Lead,Senior Individual Contributor,No,Individual + Mentoring,PT-FIN-SENIOR,PC-2025-2026-ANNUAL,Mapped,2025-09-01,,2026-08-01
EMP048,Sehrish Shah,DEPARTMENT-006,Operations,Enterprise Operations,ORGANIZATIONAL-UNIT-OPS-TEAM-01,POS-048,Operations Officer,Operations Officer,Junior,Entry Level,Junior/Assistant,Individual Contributor,No,Individual,PT-OPS-JUNIOR,PC-2025-2026-ANNUAL,Mapped,2025-09-01,,2026-08-01
EMP049,Sara Aslam,DEPARTMENT-003,Sales,Commercial Services,ORGANIZATIONAL-UNIT-SAL-TEAM-02,POS-049,Sales Executive,Sales Executive,Junior,Entry Level,Junior/Assistant,Individual Contributor,No,Individual,PT-SAL-JUNIOR,PC-2025-2026-ANNUAL,Mapped,2025-09-01,,2026-08-01
EMP050,Mohsin Butt,DEPARTMENT-002,Finance,Corporate Services,ORGANIZATIONAL-UNIT-FIN-TEAM-03,POS-050,Finance Officer,Finance Officer,Junior,Entry Level,Junior/Assistant,Individual Contributor,No,Individual,PT-FIN-JUNIOR,PC-2025-2026-ANNUAL,Mapped,2025-09-01,,2026-08-01
EMP051,Asad Ahmad,DEPARTMENT-007,IT,Technology and Innovation,ORGANIZATIONAL-UNIT-IT-TEAM-01,POS-051,Senior Systems Engineer,Senior IT Engineer,Senior,Senior Professional,Senior/Lead,Senior Individual Contributor,No,Individual + Mentoring,PT-IT-SENIOR,PC-2025-2026-ANNUAL,Mapped,2025-09-01,,2026-08-01
EMP052,Raza Hassan,DEPARTMENT-004,Customer Support,Commercial Services,ORGANIZATIONAL-UNIT-CS-TEAM-02,POS-052,Customer Support Representative,Support Executive,Junior,Entry Level,Junior/Assistant,Individual Contributor,No,Individual,PT-CS-JUNIOR,PC-2025-2026-ANNUAL,Mapped,2025-09-01,,2026-08-01
EMP053,Zeeshan Abbasi,DEPARTMENT-001,HR,Corporate Services,ORGANIZATIONAL-UNIT-HR-TEAM-03,POS-053,HR Officer,HR Officer,Junior,Entry Level,Junior/Assistant,Individual Contributor,No,Individual,PT-HR-JUNIOR,PC-2025-2026-ANNUAL,Mapped,2025-09-01,,2026-08-01
EMP054,Waqas Aslam,DEPARTMENT-005,Engineering,Technology and Innovation,ORGANIZATIONAL-UNIT-ENG-TEAM-01,POS-054,Software Engineer I,Junior Software Engineer,Junior,Entry Level,Junior/Assistant,Individual Contributor,No,Individual,PT-ENG-JUNIOR,PC-2025-2026-ANNUAL,Mapped,2025-09-01,,2026-08-01
EMP055,Sadia Mahmood,DEPARTMENT-005,Engineering,Technology and Innovation,ORGANIZATIONAL-UNIT-ENG-TEAM-02,POS-055,Software Engineer II,Software Engineer,Mid,Professional,Professional/Mid-level,Individual Contributor,No,Individual,PT-ENG-PROFESSIONAL,PC-2025-2026-ANNUAL,Mapped,2025-09-01,,2026-08-01
EMP056,Saba Hassan,DEPARTMENT-006,Operations,Enterprise Operations,ORGANIZATIONAL-UNIT-OPS-TEAM-03,POS-056,Operations Analyst,Operations Specialist,Mid,Professional,Professional/Mid-level,Individual Contributor,No,Individual,PT-OPS-PROFESSIONAL,PC-2025-2026-ANNUAL,Mapped,2025-09-01,,2026-08-01
EMP057,Raza Haider,DEPARTMENT-007,IT,Technology and Innovation,ORGANIZATIONAL-UNIT-IT-TEAM-01,POS-057,IT Support Engineer,Junior IT Engineer,Junior,Entry Level,Junior/Assistant,Individual Contributor,No,Individual,PT-IT-JUNIOR,PC-2025-2026-ANNUAL,Mapped,2025-09-01,,2026-08-01
EMP058,Shahid Malik,DEPARTMENT-005,Engineering,Technology and Innovation,ORGANIZATIONAL-UNIT-ENG-TEAM-02,POS-058,Senior Software Engineer,Senior Software Engineer,Senior,Senior Professional,Senior/Lead,Senior Individual Contributor,No,Individual + Mentoring,PT-ENG-SENIOR,PC-2025-2026-ANNUAL,Mapped,2025-09-01,,2026-08-01
EMP059,Anum Masood,DEPARTMENT-003,Sales,Commercial Services,ORGANIZATIONAL-UNIT-SAL-TEAM-03,POS-059,Senior Account Manager,Senior Account Manager,Senior,Senior Professional,Senior/Lead,Senior Individual Contributor,No,Individual + Mentoring,PT-SAL-SENIOR,PC-2025-2026-ANNUAL,Mapped,2025-09-01,,2026-08-01
EMP060,Mohsin Yousaf,DEPARTMENT-003,Sales,Commercial Services,ORGANIZATIONAL-UNIT-SAL-TEAM-01,POS-060,Sales Executive,Sales Executive,Junior,Entry Level,Junior/Assistant,Individual Contributor,No,Individual,PT-SAL-JUNIOR,PC-2025-2026-ANNUAL,Mapped,2025-09-01,,2026-08-01
EMP061,Asad Bashir,DEPARTMENT-003,Sales,Commercial Services,ORGANIZATIONAL-UNIT-SAL-TEAM-02,POS-061,Sales Executive,Sales Executive,Junior,Entry Level,Junior/Assistant,Individual Contributor,No,Individual,PT-SAL-JUNIOR,PC-2025-2026-ANNUAL,Mapped,2025-09-01,,2026-08-01
EMP062,Fahad Dar,DEPARTMENT-003,Sales,Commercial Services,ORGANIZATIONAL-UNIT-SAL-TEAM-03,POS-062,Account Manager,Senior Sales Executive,Mid,Professional,Professional/Mid-level,Individual Contributor,No,Individual,PT-SAL-PROFESSIONAL,PC-2025-2026-ANNUAL,Mapped,2025-09-01,,2026-08-01
EMP063,Ahmad Tariq,DEPARTMENT-003,Sales,Commercial Services,ORGANIZATIONAL-UNIT-SAL-TEAM-01,POS-063,Sales Executive,Sales Executive,Junior,Entry Level,Junior/Assistant,Individual Contributor,No,Individual,PT-SAL-JUNIOR,PC-2025-2026-ANNUAL,Mapped,2025-09-01,,2026-08-01
EMP064,Hassan Sheikh,DEPARTMENT-003,Sales,Commercial Services,ORGANIZATIONAL-UNIT-SAL-TEAM-02,POS-064,Sales Executive,Sales Executive,Junior,Entry Level,Junior/Assistant,Individual Contributor,No,Individual,PT-SAL-JUNIOR,PC-2025-2026-ANNUAL,Mapped,2025-09-01,,2026-08-01
EMP065,Amna Gill,DEPARTMENT-003,Sales,Commercial Services,ORGANIZATIONAL-UNIT-SAL-TEAM-03,POS-065,Account Manager,Senior Sales Executive,Mid,Professional,Professional/Mid-level,Individual Contributor,No,Individual,PT-SAL-PROFESSIONAL,PC-2025-2026-ANNUAL,Mapped,2025-09-01,,2026-08-01
EMP066,Ali Gill,DEPARTMENT-001,HR,Corporate Services,ORGANIZATIONAL-UNIT-HR-TEAM-01,POS-066,Senior HR Specialist,Senior HR Specialist,Senior,Senior Professional,Senior/Lead,Senior Individual Contributor,No,Individual + Mentoring,PT-HR-SENIOR,PC-2025-2026-ANNUAL,Mapped,2025-09-01,,2026-08-01
EMP067,Nida Hameed,DEPARTMENT-006,Operations,Enterprise Operations,ORGANIZATIONAL-UNIT-OPS,POS-067,Operations Manager,Operations Manager,Lead/Manager,Management,Manager/Head,Manager/Lead,Yes,Team/Department,PT-OPS-MANAGER,PC-2025-2026-ANNUAL,Mapped,2025-09-01,,2026-08-01
EMP068,Sidra Hussain,DEPARTMENT-004,Customer Support,Commercial Services,ORGANIZATIONAL-UNIT-CS,POS-068,Customer Support Manager,Customer Support Manager,Lead/Manager,Management,Manager/Head,Manager/Lead,Yes,Team/Department,PT-CS-MANAGER,PC-2025-2026-ANNUAL,Mapped,2025-09-01,,2026-08-01
EMP069,Mehwish Hussain,DEPARTMENT-006,Operations,Enterprise Operations,ORGANIZATIONAL-UNIT-OPS-TEAM-01,POS-069,Operations Officer,Operations Officer,Junior,Entry Level,Junior/Assistant,Individual Contributor,No,Individual,PT-OPS-JUNIOR,PC-2025-2026-ANNUAL,Mapped,2025-09-01,,2026-08-01
EMP070,Bilal Saeed,DEPARTMENT-005,Engineering,Technology and Innovation,ORGANIZATIONAL-UNIT-ENG,POS-070,Engineering Lead,Engineering Manager,Lead/Manager,Management,Manager/Head,Manager/Lead,Yes,Team/Department,PT-ENG-MANAGER,PC-2025-2026-ANNUAL,Mapped,2025-09-01,,2026-08-01
EMP071,Eman Abbasi,DEPARTMENT-002,Finance,Corporate Services,ORGANIZATIONAL-UNIT-FIN-TEAM-03,POS-071,Financial Analyst,Financial Analyst,Mid,Professional,Professional/Mid-level,Individual Contributor,No,Individual,PT-FIN-PROFESSIONAL,PC-2025-2026-ANNUAL,Mapped,2025-09-01,,2026-08-01
EMP072,Fahad Hassan,DEPARTMENT-004,Customer Support,Commercial Services,ORGANIZATIONAL-UNIT-CS-TEAM-01,POS-072,Support Team Lead,Team Lead - Customer Support,Senior,Senior Professional,Senior/Lead,Senior Individual Contributor,No,Individual + Mentoring,PT-CS-SENIOR,PC-2025-2026-ANNUAL,Mapped,2025-09-01,,2026-08-01
EMP073,Ali Yousaf,DEPARTMENT-004,Customer Support,Commercial Services,ORGANIZATIONAL-UNIT-CS-TEAM-02,POS-073,Customer Support Representative,Support Executive,Junior,Entry Level,Junior/Assistant,Individual Contributor,No,Individual,PT-CS-JUNIOR,PC-2025-2026-ANNUAL,Mapped,2025-09-01,,2026-08-01
EMP074,Omer Hameed,DEPARTMENT-003,Sales,Commercial Services,ORGANIZATIONAL-UNIT-SAL-TEAM-03,POS-074,Sales Executive,Sales Executive,Junior,Entry Level,Junior/Assistant,Individual Contributor,No,Individual,PT-SAL-JUNIOR,PC-2025-2026-ANNUAL,Mapped,2025-09-01,,2026-08-01
EMP075,Asad Raza,DEPARTMENT-006,Operations,Enterprise Operations,ORGANIZATIONAL-UNIT-OPS-TEAM-01,POS-075,Operations Analyst,Operations Specialist,Mid,Professional,Professional/Mid-level,Individual Contributor,No,Individual,PT-OPS-PROFESSIONAL,PC-2025-2026-ANNUAL,Mapped,2025-09-01,,2026-08-01
EMP076,Fahad Shah,DEPARTMENT-005,Engineering,Technology and Innovation,ORGANIZATIONAL-UNIT-ENG-TEAM-02,POS-076,Software Engineer II,Software Engineer,Mid,Professional,Professional/Mid-level,Individual Contributor,No,Individual,PT-ENG-PROFESSIONAL,PC-2025-2026-ANNUAL,Mapped,2025-09-01,,2026-08-01
EMP077,Ahmad Awan,DEPARTMENT-004,Customer Support,Commercial Services,ORGANIZATIONAL-UNIT-CS-TEAM-03,POS-077,Support Team Lead,Team Lead - Customer Support,Senior,Senior Professional,Senior/Lead,Senior Individual Contributor,No,Individual + Mentoring,PT-CS-SENIOR,PC-2025-2026-ANNUAL,Mapped,2025-09-01,,2026-08-01
EMP078,Ahmad Nawaz,DEPARTMENT-005,Engineering,Technology and Innovation,ORGANIZATIONAL-UNIT-ENG-TEAM-01,POS-078,Software Engineer II,Software Engineer,Mid,Professional,Professional/Mid-level,Individual Contributor,No,Individual,PT-ENG-PROFESSIONAL,PC-2025-2026-ANNUAL,Mapped,2025-09-01,,2026-08-01
EMP079,Hina Aslam,DEPARTMENT-004,Customer Support,Commercial Services,ORGANIZATIONAL-UNIT-CS-TEAM-02,POS-079,Customer Support Representative,Support Executive,Junior,Entry Level,Junior/Assistant,Individual Contributor,No,Individual,PT-CS-JUNIOR,PC-2025-2026-ANNUAL,Mapped,2025-09-01,,2026-08-01
EMP080,Ali Mughal,DEPARTMENT-005,Engineering,Technology and Innovation,ORGANIZATIONAL-UNIT-ENG,POS-080,Engineering Lead,Engineering Manager,Lead/Manager,Management,Manager/Head,Manager/Lead,Yes,Team/Department,PT-ENG-MANAGER,PC-2025-2026-ANNUAL,Mapped,2025-09-01,,2026-08-01
EMP081,Sonia Arif,DEPARTMENT-001,HR,Corporate Services,ORGANIZATIONAL-UNIT-HR-TEAM-01,POS-081,Senior HR Specialist,Senior HR Specialist,Senior,Senior Professional,Senior/Lead,Senior Individual Contributor,No,Individual + Mentoring,PT-HR-SENIOR,PC-2025-2026-ANNUAL,Mapped,2025-09-01,,2026-08-01
EMP082,Ali Dar,DEPARTMENT-005,Engineering,Technology and Innovation,ORGANIZATIONAL-UNIT-ENG-TEAM-02,POS-082,Software Engineer I,Junior Software Engineer,Junior,Entry Level,Junior/Assistant,Individual Contributor,No,Individual,PT-ENG-JUNIOR,PC-2025-2026-ANNUAL,Mapped,2025-09-01,,2026-08-01
EMP083,Raza Aziz,DEPARTMENT-004,Customer Support,Commercial Services,ORGANIZATIONAL-UNIT-CS-TEAM-03,POS-083,Customer Support Representative,Support Executive,Junior,Entry Level,Junior/Assistant,Individual Contributor,No,Individual,PT-CS-JUNIOR,PC-2025-2026-ANNUAL,Mapped,2025-09-01,,2026-08-01
EMP084,Zara Ullah,DEPARTMENT-001,HR,Corporate Services,ORGANIZATIONAL-UNIT-HR-TEAM-01,POS-084,HR Generalist,HR Specialist,Mid,Professional,Professional/Mid-level,Individual Contributor,No,Individual,PT-HR-PROFESSIONAL,PC-2025-2026-ANNUAL,Mapped,2025-09-01,,2026-08-01
EMP085,Sara Yousaf,DEPARTMENT-001,HR,Corporate Services,ORGANIZATIONAL-UNIT-HR-TEAM-02,POS-085,Senior HR Specialist,Senior HR Specialist,Senior,Senior Professional,Senior/Lead,Senior Individual Contributor,No,Individual + Mentoring,PT-HR-SENIOR,PC-2025-2026-ANNUAL,Mapped,2025-09-01,,2026-08-01
EMP086,Hina Tariq,DEPARTMENT-006,Operations,Enterprise Operations,ORGANIZATIONAL-UNIT-OPS-TEAM-03,POS-086,Operations Officer,Operations Officer,Junior,Entry Level,Junior/Assistant,Individual Contributor,No,Individual,PT-OPS-JUNIOR,PC-2025-2026-ANNUAL,Mapped,2025-09-01,,2026-08-01
EMP087,Kashif Hameed,DEPARTMENT-001,HR,Corporate Services,ORGANIZATIONAL-UNIT-HR,POS-087,HR Manager,HR Manager,Lead/Manager,Management,Manager/Head,Manager/Lead,Yes,Team/Department,PT-HR-MANAGER,PC-2025-2026-ANNUAL,Mapped,2025-09-01,,2026-08-01
EMP088,Sana Mughal,DEPARTMENT-006,Operations,Enterprise Operations,ORGANIZATIONAL-UNIT-OPS-TEAM-02,POS-088,Operations Analyst,Operations Specialist,Mid,Professional,Professional/Mid-level,Individual Contributor,No,Individual,PT-OPS-PROFESSIONAL,PC-2025-2026-ANNUAL,Mapped,2025-09-01,,2026-08-01
EMP089,Muneeb Haider,DEPARTMENT-001,HR,Corporate Services,ORGANIZATIONAL-UNIT-HR-TEAM-03,POS-089,HR Officer,HR Officer,Junior,Entry Level,Junior/Assistant,Individual Contributor,No,Individual,PT-HR-JUNIOR,PC-2025-2026-ANNUAL,Mapped,2025-09-01,,2026-08-01
EMP090,Noman Ahmad,DEPARTMENT-002,Finance,Corporate Services,ORGANIZATIONAL-UNIT-FIN-TEAM-01,POS-090,Financial Analyst,Financial Analyst,Mid,Professional,Professional/Mid-level,Individual Contributor,No,Individual,PT-FIN-PROFESSIONAL,PC-2025-2026-ANNUAL,Mapped,2025-09-01,,2026-08-01
EMP091,Nida Mughal,DEPARTMENT-002,Finance,Corporate Services,ORGANIZATIONAL-UNIT-FIN-TEAM-02,POS-091,Senior Financial Analyst,Senior Financial Analyst,Senior,Senior Professional,Senior/Lead,Senior Individual Contributor,No,Individual + Mentoring,PT-FIN-SENIOR,PC-2025-2026-ANNUAL,Mapped,2025-09-01,,2026-08-01
EMP092,Mahnoor Ali,DEPARTMENT-005,Engineering,Technology and Innovation,ORGANIZATIONAL-UNIT-ENG-TEAM-03,POS-092,Senior Software Engineer,Senior Software Engineer,Senior,Senior Professional,Senior/Lead,Senior Individual Contributor,No,Individual + Mentoring,PT-ENG-SENIOR,PC-2025-2026-ANNUAL,Mapped,2025-09-01,,2026-08-01
EMP093,Danish Siddiqui,DEPARTMENT-003,Sales,Commercial Services,ORGANIZATIONAL-UNIT-SAL-TEAM-01,POS-093,Senior Account Manager,Senior Account Manager,Senior,Senior Professional,Senior/Lead,Senior Individual Contributor,No,Individual + Mentoring,PT-SAL-SENIOR,PC-2025-2026-ANNUAL,Mapped,2025-09-01,,2026-08-01
EMP094,Akbar Abbasi,DEPARTMENT-007,IT,Technology and Innovation,ORGANIZATIONAL-UNIT-IT-TEAM-02,POS-094,Senior Systems Engineer,Senior IT Engineer,Senior,Senior Professional,Senior/Lead,Senior Individual Contributor,No,Individual + Mentoring,PT-IT-SENIOR,PC-2025-2026-ANNUAL,Mapped,2025-09-01,,2026-08-01
EMP095,Haris Mahmood,DEPARTMENT-007,IT,Technology and Innovation,ORGANIZATIONAL-UNIT-IT,POS-095,IT Operations Manager,IT Manager,Lead/Manager,Management,Manager/Head,Manager/Lead,Yes,Team/Department,PT-IT-MANAGER,PC-2025-2026-ANNUAL,Mapped,2025-09-01,,2026-08-01
EMP096,Ayesha Abbasi,DEPARTMENT-003,Sales,Commercial Services,ORGANIZATIONAL-UNIT-SAL-TEAM-01,POS-096,Account Manager,Senior Sales Executive,Mid,Professional,Professional/Mid-level,Individual Contributor,No,Individual,PT-SAL-PROFESSIONAL,PC-2025-2026-ANNUAL,Mapped,2025-09-01,,2026-08-01
EMP097,Sana Arif,DEPARTMENT-003,Sales,Commercial Services,ORGANIZATIONAL-UNIT-SAL-TEAM-02,POS-097,Sales Executive,Sales Executive,Junior,Entry Level,Junior/Assistant,Individual Contributor,No,Individual,PT-SAL-JUNIOR,PC-2025-2026-ANNUAL,Mapped,2025-09-01,,2026-08-01
EMP098,Sidra Zafar,DEPARTMENT-004,Customer Support,Commercial Services,ORGANIZATIONAL-UNIT-CS-TEAM-03,POS-098,Senior Support Executive,Senior Support Executive,Mid,Professional,Professional/Mid-level,Individual Contributor,No,Individual,PT-CS-PROFESSIONAL,PC-2025-2026-ANNUAL,Mapped,2025-09-01,,2026-08-01
EMP099,Bilal Aslam,DEPARTMENT-002,Finance,Corporate Services,ORGANIZATIONAL-UNIT-FIN-TEAM-01,POS-099,Financial Analyst,Financial Analyst,Mid,Professional,Professional/Mid-level,Individual Contributor,No,Individual,PT-FIN-PROFESSIONAL,PC-2025-2026-ANNUAL,Mapped,2025-09-01,,2026-08-01
EMP100,Rabia Javed,DEPARTMENT-005,Engineering,Technology and Innovation,ORGANIZATIONAL-UNIT-ENG-TEAM-02,POS-100,Senior Software Engineer,Senior Software Engineer,Senior,Senior Professional,Senior/Lead,Senior Individual Contributor,No,Individual + Mentoring,PT-ENG-SENIOR,PC-2025-2026-ANNUAL,Mapped,2025-09-01,,2026-08-01
EMP101,Talha Dar,DEPARTMENT-007,IT,Technology and Innovation,ORGANIZATIONAL-UNIT-IT-TEAM-03,POS-101,Systems Administrator,IT Engineer,Mid,Professional,Professional/Mid-level,Individual Contributor,No,Individual,PT-IT-PROFESSIONAL,PC-2025-2026-ANNUAL,Mapped,2025-09-01,,2026-08-01
EMP102,Akbar Gill,DEPARTMENT-003,Sales,Commercial Services,ORGANIZATIONAL-UNIT-SAL-TEAM-01,POS-102,Sales Executive,Sales Executive,Junior,Entry Level,Junior/Assistant,Individual Contributor,No,Individual,PT-SAL-JUNIOR,PC-2025-2026-ANNUAL,Mapped,2025-09-01,,2026-08-01
EMP103,Noor Masood,DEPARTMENT-004,Customer Support,Commercial Services,ORGANIZATIONAL-UNIT-CS-TEAM-02,POS-103,Customer Support Representative,Support Executive,Junior,Entry Level,Junior/Assistant,Individual Contributor,No,Individual,PT-CS-JUNIOR,PC-2025-2026-ANNUAL,Mapped,2025-09-01,,2026-08-01
EMP104,Rabia Ali,DEPARTMENT-007,IT,Technology and Innovation,ORGANIZATIONAL-UNIT-IT-TEAM-03,POS-104,Senior Systems Engineer,Senior IT Engineer,Senior,Senior Professional,Senior/Lead,Senior Individual Contributor,No,Individual + Mentoring,PT-IT-SENIOR,PC-2025-2026-ANNUAL,Mapped,2025-09-01,,2026-08-01
EMP105,Areeba Raza,DEPARTMENT-003,Sales,Commercial Services,ORGANIZATIONAL-UNIT-SAL,POS-105,Sales Manager,Sales Manager,Lead/Manager,Management,Manager/Head,Manager/Lead,Yes,Team/Department,PT-SAL-MANAGER,PC-2025-2026-ANNUAL,Mapped,2025-09-01,,2026-08-01
EMP106,Hina Saleem,DEPARTMENT-001,HR,Corporate Services,ORGANIZATIONAL-UNIT-HR-TEAM-02,POS-106,Senior HR Specialist,Senior HR Specialist,Senior,Senior Professional,Senior/Lead,Senior Individual Contributor,No,Individual + Mentoring,PT-HR-SENIOR,PC-2025-2026-ANNUAL,Mapped,2025-09-01,,2026-08-01
EMP107,Zoya Mahmood,DEPARTMENT-005,Engineering,Technology and Innovation,ORGANIZATIONAL-UNIT-ENG-TEAM-03,POS-107,Software Engineer II,Software Engineer,Mid,Professional,Professional/Mid-level,Individual Contributor,No,Individual,PT-ENG-PROFESSIONAL,PC-2025-2026-ANNUAL,Mapped,2025-09-01,,2026-08-01
EMP108,Ayesha Ahmad,DEPARTMENT-001,HR,Corporate Services,ORGANIZATIONAL-UNIT-HR-TEAM-01,POS-108,HR Generalist,HR Specialist,Mid,Professional,Professional/Mid-level,Individual Contributor,No,Individual,PT-HR-PROFESSIONAL,PC-2025-2026-ANNUAL,Mapped,2025-09-01,,2026-08-01
EMP109,Ali Farooq,DEPARTMENT-003,Sales,Commercial Services,ORGANIZATIONAL-UNIT-SAL-TEAM-02,POS-109,Sales Executive,Sales Executive,Junior,Entry Level,Junior/Assistant,Individual Contributor,No,Individual,PT-SAL-JUNIOR,PC-2025-2026-ANNUAL,Mapped,2025-09-01,,2026-08-01
EMP110,Arslan Masood,DEPARTMENT-007,IT,Technology and Innovation,ORGANIZATIONAL-UNIT-IT-TEAM-03,POS-110,IT Support Engineer,Junior IT Engineer,Junior,Entry Level,Junior/Assistant,Individual Contributor,No,Individual,PT-IT-JUNIOR,PC-2025-2026-ANNUAL,Mapped,2025-09-01,,2026-08-01
EMP111,Sadia Bashir,DEPARTMENT-003,Sales,Commercial Services,ORGANIZATIONAL-UNIT-SAL-TEAM-01,POS-111,Account Manager,Senior Sales Executive,Mid,Professional,Professional/Mid-level,Individual Contributor,No,Individual,PT-SAL-PROFESSIONAL,PC-2025-2026-ANNUAL,Mapped,2025-09-01,,2026-08-01
EMP112,Sara Javed,DEPARTMENT-003,Sales,Commercial Services,ORGANIZATIONAL-UNIT-SAL-TEAM-02,POS-112,Sales Executive,Sales Executive,Junior,Entry Level,Junior/Assistant,Individual Contributor,No,Individual,PT-SAL-JUNIOR,PC-2025-2026-ANNUAL,Mapped,2025-09-01,,2026-08-01
EMP113,Shahbaz Gill,DEPARTMENT-007,IT,Technology and Innovation,ORGANIZATIONAL-UNIT-IT-TEAM-03,POS-113,IT Support Engineer,Junior IT Engineer,Junior,Entry Level,Junior/Assistant,Individual Contributor,No,Individual,PT-IT-JUNIOR,PC-2025-2026-ANNUAL,Mapped,2025-09-01,,2026-08-01
EMP114,Hamza Hussain,DEPARTMENT-001,HR,Corporate Services,ORGANIZATIONAL-UNIT-HR-TEAM-01,POS-114,HR Generalist,HR Specialist,Mid,Professional,Professional/Mid-level,Individual Contributor,No,Individual,PT-HR-PROFESSIONAL,PC-2025-2026-ANNUAL,Mapped,2025-09-01,,2026-08-01
EMP115,Hafsa Abbasi,DEPARTMENT-005,Engineering,Technology and Innovation,ORGANIZATIONAL-UNIT-ENG-TEAM-02,POS-115,Software Engineer II,Software Engineer,Mid,Professional,Professional/Mid-level,Individual Contributor,No,Individual,PT-ENG-PROFESSIONAL,PC-2025-2026-ANNUAL,Mapped,2025-09-01,,2026-08-01
EMP116,Ali Abbasi,DEPARTMENT-005,Engineering,Technology and Innovation,ORGANIZATIONAL-UNIT-ENG-TEAM-03,POS-116,Software Engineer I,Junior Software Engineer,Junior,Entry Level,Junior/Assistant,Individual Contributor,No,Individual,PT-ENG-JUNIOR,PC-2025-2026-ANNUAL,Mapped,2025-09-01,,2026-08-01
EMP117,Saad Ullah,DEPARTMENT-005,Engineering,Technology and Innovation,ORGANIZATIONAL-UNIT-ENG-TEAM-01,POS-117,Software Engineer I,Junior Software Engineer,Junior,Entry Level,Junior/Assistant,Individual Contributor,No,Individual,PT-ENG-JUNIOR,PC-2025-2026-ANNUAL,Mapped,2025-09-01,,2026-08-01
EMP118,Zoya Ali,DEPARTMENT-004,Customer Support,Commercial Services,ORGANIZATIONAL-UNIT-CS-TEAM-02,POS-118,Senior Support Executive,Senior Support Executive,Mid,Professional,Professional/Mid-level,Individual Contributor,No,Individual,PT-CS-PROFESSIONAL,PC-2025-2026-ANNUAL,Mapped,2025-09-01,,2026-08-01
EMP119,Ayesha Nawaz,DEPARTMENT-004,Customer Support,Commercial Services,ORGANIZATIONAL-UNIT-CS-TEAM-03,POS-119,Support Team Lead,Team Lead - Customer Support,Senior,Senior Professional,Senior/Lead,Senior Individual Contributor,No,Individual + Mentoring,PT-CS-SENIOR,PC-2025-2026-ANNUAL,Mapped,2025-09-01,,2026-08-01
EMP120,Ahmad Aziz,DEPARTMENT-006,Operations,Enterprise Operations,ORGANIZATIONAL-UNIT-OPS-TEAM-01,POS-120,Operations Analyst,Operations Specialist,Mid,Professional,Professional/Mid-level,Individual Contributor,No,Individual,PT-OPS-PROFESSIONAL,PC-2025-2026-ANNUAL,Mapped,2025-09-01,,2026-08-01
EMP121,Mehwish Tariq,DEPARTMENT-006,Operations,Enterprise Operations,ORGANIZATIONAL-UNIT-OPS-TEAM-02,POS-121,Operations Officer,Operations Officer,Junior,Entry Level,Junior/Assistant,Individual Contributor,No,Individual,PT-OPS-JUNIOR,PC-2025-2026-ANNUAL,Mapped,2025-09-01,,2026-08-01
EMP122,Hafsa Ullah,DEPARTMENT-006,Operations,Enterprise Operations,ORGANIZATIONAL-UNIT-OPS-TEAM-03,POS-122,Operations Officer,Operations Officer,Junior,Entry Level,Junior/Assistant,Individual Contributor,No,Individual,PT-OPS-JUNIOR,PC-2025-2026-ANNUAL,Mapped,2025-09-01,,2026-08-01
EMP123,Sehrish Ullah,DEPARTMENT-002,Finance,Corporate Services,ORGANIZATIONAL-UNIT-FIN-TEAM-01,POS-123,Senior Financial Analyst,Senior Financial Analyst,Senior,Senior Professional,Senior/Lead,Senior Individual Contributor,No,Individual + Mentoring,PT-FIN-SENIOR,PC-2025-2026-ANNUAL,Mapped,2025-09-01,,2026-08-01
EMP124,Fahad Javed,DEPARTMENT-003,Sales,Commercial Services,ORGANIZATIONAL-UNIT-SAL-TEAM-02,POS-124,Account Manager,Senior Sales Executive,Mid,Professional,Professional/Mid-level,Individual Contributor,No,Individual,PT-SAL-PROFESSIONAL,PC-2025-2026-ANNUAL,Mapped,2025-09-01,,2026-08-01
EMP125,Fatima Zafar,DEPARTMENT-003,Sales,Commercial Services,ORGANIZATIONAL-UNIT-SAL-TEAM-03,POS-125,Senior Account Manager,Senior Account Manager,Senior,Senior Professional,Senior/Lead,Senior Individual Contributor,No,Individual + Mentoring,PT-SAL-SENIOR,PC-2025-2026-ANNUAL,Mapped,2025-09-01,,2026-08-01
EMP126,Laiba Sheikh,DEPARTMENT-004,Customer Support,Commercial Services,ORGANIZATIONAL-UNIT-CS-TEAM-01,POS-126,Support Team Lead,Team Lead - Customer Support,Senior,Senior Professional,Senior/Lead,Senior Individual Contributor,No,Individual + Mentoring,PT-CS-SENIOR,PC-2025-2026-ANNUAL,Mapped,2025-09-01,,2026-08-01
EMP127,Khurram Yousaf,DEPARTMENT-001,HR,Corporate Services,ORGANIZATIONAL-UNIT-HR-TEAM-02,POS-127,HR Generalist,HR Specialist,Mid,Professional,Professional/Mid-level,Individual Contributor,No,Individual,PT-HR-PROFESSIONAL,PC-2025-2026-ANNUAL,Mapped,2025-09-01,,2026-08-01
EMP128,Zoya Farooq,DEPARTMENT-004,Customer Support,Commercial Services,ORGANIZATIONAL-UNIT-CS,POS-128,Customer Support Manager,Customer Support Manager,Lead/Manager,Management,Manager/Head,Manager/Lead,Yes,Team/Department,PT-CS-MANAGER,PC-2025-2026-ANNUAL,Mapped,2025-09-01,,2026-08-01
EMP129,Danish Dar,DEPARTMENT-005,Engineering,Technology and Innovation,ORGANIZATIONAL-UNIT-ENG,POS-129,Engineering Lead,Engineering Manager,Lead/Manager,Management,Manager/Head,Manager/Lead,Yes,Team/Department,PT-ENG-MANAGER,PC-2025-2026-ANNUAL,Mapped,2025-09-01,,2026-08-01
EMP130,Waqas Siddiqui,DEPARTMENT-001,HR,Corporate Services,ORGANIZATIONAL-UNIT-HR-TEAM-02,POS-130,Senior HR Specialist,Senior HR Specialist,Senior,Senior Professional,Senior/Lead,Senior Individual Contributor,No,Individual + Mentoring,PT-HR-SENIOR,PC-2025-2026-ANNUAL,Mapped,2025-09-01,,2026-08-01
EMP131,Ahmad Yousaf,DEPARTMENT-007,IT,Technology and Innovation,ORGANIZATIONAL-UNIT-IT-TEAM-03,POS-131,Systems Administrator,IT Engineer,Mid,Professional,Professional/Mid-level,Individual Contributor,No,Individual,PT-IT-PROFESSIONAL,PC-2025-2026-ANNUAL,Mapped,2025-09-01,,2026-08-01
EMP132,Arham Qureshi,DEPARTMENT-007,IT,Technology and Innovation,ORGANIZATIONAL-UNIT-IT-TEAM-01,POS-132,IT Support Engineer,Junior IT Engineer,Junior,Entry Level,Junior/Assistant,Individual Contributor,No,Individual,PT-IT-JUNIOR,PC-2025-2026-ANNUAL,Mapped,2025-09-01,,2026-08-01
EMP133,Usman Raza,DEPARTMENT-005,Engineering,Technology and Innovation,ORGANIZATIONAL-UNIT-ENG-TEAM-02,POS-133,Software Engineer II,Software Engineer,Mid,Professional,Professional/Mid-level,Individual Contributor,No,Individual,PT-ENG-PROFESSIONAL,PC-2025-2026-ANNUAL,Mapped,2025-09-01,,2026-08-01
EMP134,Talha Awan,DEPARTMENT-007,IT,Technology and Innovation,ORGANIZATIONAL-UNIT-IT-TEAM-03,POS-134,Systems Administrator,IT Engineer,Mid,Professional,Professional/Mid-level,Individual Contributor,No,Individual,PT-IT-PROFESSIONAL,PC-2025-2026-ANNUAL,Mapped,2025-09-01,,2026-08-01
EMP135,Eman Butt,DEPARTMENT-004,Customer Support,Commercial Services,ORGANIZATIONAL-UNIT-CS-TEAM-01,POS-135,Senior Support Executive,Senior Support Executive,Mid,Professional,Professional/Mid-level,Individual Contributor,No,Individual,PT-CS-PROFESSIONAL,PC-2025-2026-ANNUAL,Mapped,2025-09-01,,2026-08-01
EMP136,Fatima Saleem,DEPARTMENT-001,HR,Corporate Services,ORGANIZATIONAL-UNIT-HR-TEAM-02,POS-136,HR Generalist,HR Specialist,Mid,Professional,Professional/Mid-level,Individual Contributor,No,Individual,PT-HR-PROFESSIONAL,PC-2025-2026-ANNUAL,Mapped,2025-09-01,,2026-08-01
EMP137,Areeba Farooq,DEPARTMENT-004,Customer Support,Commercial Services,ORGANIZATIONAL-UNIT-CS-TEAM-03,POS-137,Customer Support Representative,Support Executive,Junior,Entry Level,Junior/Assistant,Individual Contributor,No,Individual,PT-CS-JUNIOR,PC-2025-2026-ANNUAL,Mapped,2025-09-01,,2026-08-01
EMP138,Amir Saleem,DEPARTMENT-005,Engineering,Technology and Innovation,ORGANIZATIONAL-UNIT-ENG-TEAM-01,POS-138,Software Engineer II,Software Engineer,Mid,Professional,Professional/Mid-level,Individual Contributor,No,Individual,PT-ENG-PROFESSIONAL,PC-2025-2026-ANNUAL,Mapped,2025-09-01,,2026-08-01
EMP139,Iqra Saeed,DEPARTMENT-006,Operations,Enterprise Operations,ORGANIZATIONAL-UNIT-OPS-TEAM-02,POS-139,Operations Officer,Operations Officer,Junior,Entry Level,Junior/Assistant,Individual Contributor,No,Individual,PT-OPS-JUNIOR,PC-2025-2026-ANNUAL,Mapped,2025-09-01,,2026-08-01
EMP140,Noman Rehman,DEPARTMENT-002,Finance,Corporate Services,ORGANIZATIONAL-UNIT-FIN-TEAM-03,POS-140,Senior Financial Analyst,Senior Financial Analyst,Senior,Senior Professional,Senior/Lead,Senior Individual Contributor,No,Individual + Mentoring,PT-FIN-SENIOR,PC-2025-2026-ANNUAL,Mapped,2025-09-01,,2026-08-01
EMP141,Asad Zafar,DEPARTMENT-006,Operations,Enterprise Operations,ORGANIZATIONAL-UNIT-OPS,POS-141,Operations Manager,Operations Manager,Lead/Manager,Management,Manager/Head,Manager/Lead,Yes,Team/Department,PT-OPS-MANAGER,PC-2025-2026-ANNUAL,Mapped,2025-09-01,,2026-08-01
EMP142,Fahad Farooq,DEPARTMENT-005,Engineering,Technology and Innovation,ORGANIZATIONAL-UNIT-ENG,POS-142,Engineering Lead,Engineering Manager,Lead/Manager,Management,Manager/Head,Manager/Lead,Yes,Team/Department,PT-ENG-MANAGER,PC-2025-2026-ANNUAL,Mapped,2025-09-01,,2026-08-01
EMP143,Hamza Awan,DEPARTMENT-002,Finance,Corporate Services,ORGANIZATIONAL-UNIT-FIN-TEAM-03,POS-143,Financial Analyst,Financial Analyst,Mid,Professional,Professional/Mid-level,Individual Contributor,No,Individual,PT-FIN-PROFESSIONAL,PC-2025-2026-ANNUAL,Mapped,2025-09-01,,2026-08-01
EMP144,Imran Ullah,DEPARTMENT-004,Customer Support,Commercial Services,ORGANIZATIONAL-UNIT-CS,POS-144,Customer Support Manager,Customer Support Manager,Lead/Manager,Management,Manager/Head,Manager/Lead,Yes,Team/Department,PT-CS-MANAGER,PC-2025-2026-ANNUAL,Mapped,2025-09-01,,2026-08-01
EMP145,Ahsan Anwar,DEPARTMENT-003,Sales,Commercial Services,ORGANIZATIONAL-UNIT-SAL-TEAM-02,POS-145,Account Manager,Senior Sales Executive,Mid,Professional,Professional/Mid-level,Individual Contributor,No,Individual,PT-SAL-PROFESSIONAL,PC-2025-2026-ANNUAL,Mapped,2025-09-01,,2026-08-01
EMP146,Talha Khan,DEPARTMENT-002,Finance,Corporate Services,ORGANIZATIONAL-UNIT-FIN-TEAM-03,POS-146,Financial Analyst,Financial Analyst,Mid,Professional,Professional/Mid-level,Individual Contributor,No,Individual,PT-FIN-PROFESSIONAL,PC-2025-2026-ANNUAL,Mapped,2025-09-01,,2026-08-01
EMP147,Hassan Javed,DEPARTMENT-004,Customer Support,Commercial Services,ORGANIZATIONAL-UNIT-CS,POS-147,Customer Support Manager,Customer Support Manager,Lead/Manager,Management,Manager/Head,Manager/Lead,Yes,Team/Department,PT-CS-MANAGER,PC-2025-2026-ANNUAL,Mapped,2025-09-01,,2026-08-01
EMP148,Sadia Malik,DEPARTMENT-003,Sales,Commercial Services,ORGANIZATIONAL-UNIT-SAL-TEAM-02,POS-148,Sales Executive,Sales Executive,Junior,Entry Level,Junior/Assistant,Individual Contributor,No,Individual,PT-SAL-JUNIOR,PC-2025-2026-ANNUAL,Mapped,2025-09-01,,2026-08-01
EMP149,Muneeb Hameed,DEPARTMENT-006,Operations,Enterprise Operations,ORGANIZATIONAL-UNIT-OPS-TEAM-03,POS-149,Operations Analyst,Operations Specialist,Mid,Professional,Professional/Mid-level,Individual Contributor,No,Individual,PT-OPS-PROFESSIONAL,PC-2025-2026-ANNUAL,Mapped,2025-09-01,,2026-08-01
EMP150,Sana Nawaz,DEPARTMENT-004,Customer Support,Commercial Services,ORGANIZATIONAL-UNIT-CS-TEAM-01,POS-150,Customer Support Representative,Support Executive,Junior,Entry Level,Junior/Assistant,Individual Contributor,No,Individual,PT-CS-JUNIOR,PC-2025-2026-ANNUAL,Mapped,2025-09-01,,2026-08-01
EMP151,Farhan Rehman,DEPARTMENT-005,Engineering,Technology and Innovation,ORGANIZATIONAL-UNIT-ENG-TEAM-02,POS-151,Software Engineer I,Junior Software Engineer,Junior,Entry Level,Junior/Assistant,Individual Contributor,No,Individual,PT-ENG-JUNIOR,PC-2025-2026-ANNUAL,Mapped,2025-09-01,,2026-08-01
EMP152,Mahnoor Tariq,DEPARTMENT-007,IT,Technology and Innovation,ORGANIZATIONAL-UNIT-IT-TEAM-03,POS-152,Senior Systems Engineer,Senior IT Engineer,Senior,Senior Professional,Senior/Lead,Senior Individual Contributor,No,Individual + Mentoring,PT-IT-SENIOR,PC-2025-2026-ANNUAL,Mapped,2025-09-01,,2026-08-01
EMP153,Kashif Abbasi,DEPARTMENT-005,Engineering,Technology and Innovation,ORGANIZATIONAL-UNIT-ENG-TEAM-01,POS-153,Software Engineer II,Software Engineer,Mid,Professional,Professional/Mid-level,Individual Contributor,No,Individual,PT-ENG-PROFESSIONAL,PC-2025-2026-ANNUAL,Mapped,2025-09-01,,2026-08-01
EMP154,Hina Abbasi,DEPARTMENT-005,Engineering,Technology and Innovation,ORGANIZATIONAL-UNIT-ENG-TEAM-02,POS-154,Software Engineer I,Junior Software Engineer,Junior,Entry Level,Junior/Assistant,Individual Contributor,No,Individual,PT-ENG-JUNIOR,PC-2025-2026-ANNUAL,Mapped,2025-09-01,,2026-08-01
EMP155,Noman Malik,DEPARTMENT-004,Customer Support,Commercial Services,ORGANIZATIONAL-UNIT-CS-TEAM-03,POS-155,Senior Support Executive,Senior Support Executive,Mid,Professional,Professional/Mid-level,Individual Contributor,No,Individual,PT-CS-PROFESSIONAL,PC-2025-2026-ANNUAL,Mapped,2025-09-01,,2026-08-01
EMP156,Asad Malik,DEPARTMENT-005,Engineering,Technology and Innovation,ORGANIZATIONAL-UNIT-ENG-TEAM-01,POS-156,Software Engineer II,Software Engineer,Mid,Professional,Professional/Mid-level,Individual Contributor,No,Individual,PT-ENG-PROFESSIONAL,PC-2025-2026-ANNUAL,Mapped,2025-09-01,,2026-08-01
EMP157,Saba Qureshi,DEPARTMENT-006,Operations,Enterprise Operations,ORGANIZATIONAL-UNIT-OPS-TEAM-02,POS-157,Operations Officer,Operations Officer,Junior,Entry Level,Junior/Assistant,Individual Contributor,No,Individual,PT-OPS-JUNIOR,PC-2025-2026-ANNUAL,Mapped,2025-09-01,,2026-08-01
EMP158,Imran Zafar,DEPARTMENT-006,Operations,Enterprise Operations,ORGANIZATIONAL-UNIT-OPS-TEAM-03,POS-158,Operations Officer,Operations Officer,Junior,Entry Level,Junior/Assistant,Individual Contributor,No,Individual,PT-OPS-JUNIOR,PC-2025-2026-ANNUAL,Mapped,2025-09-01,,2026-08-01
EMP159,Raza Ahmad,DEPARTMENT-005,Engineering,Technology and Innovation,ORGANIZATIONAL-UNIT-ENG-TEAM-01,POS-159,Senior Software Engineer,Senior Software Engineer,Senior,Senior Professional,Senior/Lead,Senior Individual Contributor,No,Individual + Mentoring,PT-ENG-SENIOR,PC-2025-2026-ANNUAL,Mapped,2025-09-01,,2026-08-01
EMP160,Rabia Ullah,DEPARTMENT-002,Finance,Corporate Services,ORGANIZATIONAL-UNIT-FIN-TEAM-02,POS-160,Senior Financial Analyst,Senior Financial Analyst,Senior,Senior Professional,Senior/Lead,Senior Individual Contributor,No,Individual + Mentoring,PT-FIN-SENIOR,PC-2025-2026-ANNUAL,Mapped,2025-09-01,,2026-08-01
EMP161,Iqra Yousaf,DEPARTMENT-002,Finance,Corporate Services,ORGANIZATIONAL-UNIT-FIN-TEAM-03,POS-161,Financial Analyst,Financial Analyst,Mid,Professional,Professional/Mid-level,Individual Contributor,No,Individual,PT-FIN-PROFESSIONAL,PC-2025-2026-ANNUAL,Mapped,2025-09-01,,2026-08-01
EMP162,Bilal Shah,DEPARTMENT-004,Customer Support,Commercial Services,ORGANIZATIONAL-UNIT-CS-TEAM-01,POS-162,Customer Support Representative,Support Executive,Junior,Entry Level,Junior/Assistant,Individual Contributor,No,Individual,PT-CS-JUNIOR,PC-2025-2026-ANNUAL,Mapped,2025-09-01,,2026-08-01
EMP163,Sidra Sheikh,DEPARTMENT-005,Engineering,Technology and Innovation,ORGANIZATIONAL-UNIT-ENG-TEAM-02,POS-163,Software Engineer II,Software Engineer,Mid,Professional,Professional/Mid-level,Individual Contributor,No,Individual,PT-ENG-PROFESSIONAL,PC-2025-2026-ANNUAL,Mapped,2025-09-01,,2026-08-01
EMP164,Zoya Saleem,DEPARTMENT-003,Sales,Commercial Services,ORGANIZATIONAL-UNIT-SAL-TEAM-03,POS-164,Sales Executive,Sales Executive,Junior,Entry Level,Junior/Assistant,Individual Contributor,No,Individual,PT-SAL-JUNIOR,PC-2025-2026-ANNUAL,Mapped,2025-09-01,,2026-08-01
EMP165,Waqas Butt,DEPARTMENT-003,Sales,Commercial Services,ORGANIZATIONAL-UNIT-SAL-TEAM-01,POS-165,Sales Executive,Sales Executive,Junior,Entry Level,Junior/Assistant,Individual Contributor,No,Individual,PT-SAL-JUNIOR,PC-2025-2026-ANNUAL,Mapped,2025-09-01,,2026-08-01
EMP166,Arslan Siddiqui,DEPARTMENT-003,Sales,Commercial Services,ORGANIZATIONAL-UNIT-SAL,POS-166,Sales Manager,Sales Manager,Lead/Manager,Management,Manager/Head,Manager/Lead,Yes,Team/Department,PT-SAL-MANAGER,PC-2025-2026-ANNUAL,Mapped,2025-09-01,,2026-08-01
EMP167,Bilal Raza,DEPARTMENT-003,Sales,Commercial Services,ORGANIZATIONAL-UNIT-SAL-TEAM-03,POS-167,Account Manager,Senior Sales Executive,Mid,Professional,Professional/Mid-level,Individual Contributor,No,Individual,PT-SAL-PROFESSIONAL,PC-2025-2026-ANNUAL,Mapped,2025-09-01,,2026-08-01
EMP168,Akbar Saleem,DEPARTMENT-004,Customer Support,Commercial Services,ORGANIZATIONAL-UNIT-CS-TEAM-01,POS-168,Support Team Lead,Team Lead - Customer Support,Senior,Senior Professional,Senior/Lead,Senior Individual Contributor,No,Individual + Mentoring,PT-CS-SENIOR,PC-2025-2026-ANNUAL,Mapped,2025-09-01,,2026-08-01
EMP169,Iqra Qureshi,DEPARTMENT-007,IT,Technology and Innovation,ORGANIZATIONAL-UNIT-IT,POS-169,IT Operations Manager,IT Manager,Lead/Manager,Management,Manager/Head,Manager/Lead,Yes,Team/Department,PT-IT-MANAGER,PC-2025-2026-ANNUAL,Mapped,2025-09-01,,2026-08-01
EMP170,Hina Ahmad,DEPARTMENT-004,Customer Support,Commercial Services,ORGANIZATIONAL-UNIT-CS-TEAM-03,POS-170,Senior Support Executive,Senior Support Executive,Mid,Professional,Professional/Mid-level,Individual Contributor,No,Individual,PT-CS-PROFESSIONAL,PC-2025-2026-ANNUAL,Mapped,2025-09-01,,2026-08-01
EMP171,Usman Ullah,DEPARTMENT-007,IT,Technology and Innovation,ORGANIZATIONAL-UNIT-IT,POS-171,IT Operations Manager,IT Manager,Lead/Manager,Management,Manager/Head,Manager/Lead,Yes,Team/Department,PT-IT-MANAGER,PC-2025-2026-ANNUAL,Mapped,2025-09-01,,2026-08-01
EMP172,Zoya Hassan,DEPARTMENT-006,Operations,Enterprise Operations,ORGANIZATIONAL-UNIT-OPS-TEAM-02,POS-172,Operations Analyst,Operations Specialist,Mid,Professional,Professional/Mid-level,Individual Contributor,No,Individual,PT-OPS-PROFESSIONAL,PC-2025-2026-ANNUAL,Mapped,2025-09-01,,2026-08-01
EMP173,Sidra Abbasi,DEPARTMENT-002,Finance,Corporate Services,ORGANIZATIONAL-UNIT-FIN-TEAM-03,POS-173,Senior Financial Analyst,Senior Financial Analyst,Senior,Senior Professional,Senior/Lead,Senior Individual Contributor,No,Individual + Mentoring,PT-FIN-SENIOR,PC-2025-2026-ANNUAL,Mapped,2025-09-01,,2026-08-01
EMP174,Hassan Aslam,DEPARTMENT-003,Sales,Commercial Services,ORGANIZATIONAL-UNIT-SAL-TEAM-01,POS-174,Account Manager,Senior Sales Executive,Mid,Professional,Professional/Mid-level,Individual Contributor,No,Individual,PT-SAL-PROFESSIONAL,PC-2025-2026-ANNUAL,Mapped,2025-09-01,,2026-08-01
EMP175,Hassan Arif,DEPARTMENT-006,Operations,Enterprise Operations,ORGANIZATIONAL-UNIT-OPS-TEAM-02,POS-175,Operations Analyst,Operations Specialist,Mid,Professional,Professional/Mid-level,Individual Contributor,No,Individual,PT-OPS-PROFESSIONAL,PC-2025-2026-ANNUAL,Mapped,2025-09-01,,2026-08-01
EMP176,Ahsan Aziz,DEPARTMENT-003,Sales,Commercial Services,ORGANIZATIONAL-UNIT-SAL-TEAM-03,POS-176,Senior Account Manager,Senior Account Manager,Senior,Senior Professional,Senior/Lead,Senior Individual Contributor,No,Individual + Mentoring,PT-SAL-SENIOR,PC-2025-2026-ANNUAL,Mapped,2025-09-01,,2026-08-01
EMP177,Danish Anwar,DEPARTMENT-001,HR,Corporate Services,ORGANIZATIONAL-UNIT-HR-TEAM-01,POS-177,HR Generalist,HR Specialist,Mid,Professional,Professional/Mid-level,Individual Contributor,No,Individual,PT-HR-PROFESSIONAL,PC-2025-2026-ANNUAL,Mapped,2025-09-01,,2026-08-01
EMP178,Fatima Rehman,DEPARTMENT-003,Sales,Commercial Services,ORGANIZATIONAL-UNIT-SAL-TEAM-02,POS-178,Sales Executive,Sales Executive,Junior,Entry Level,Junior/Assistant,Individual Contributor,No,Individual,PT-SAL-JUNIOR,PC-2025-2026-ANNUAL,Mapped,2025-09-01,,2026-08-01
EMP179,Muneeb Javed,DEPARTMENT-006,Operations,Enterprise Operations,ORGANIZATIONAL-UNIT-OPS-TEAM-03,POS-179,Operations Officer,Operations Officer,Junior,Entry Level,Junior/Assistant,Individual Contributor,No,Individual,PT-OPS-JUNIOR,PC-2025-2026-ANNUAL,Mapped,2025-09-01,,2026-08-01
EMP180,Arham Hussain,DEPARTMENT-004,Customer Support,Commercial Services,ORGANIZATIONAL-UNIT-CS-TEAM-01,POS-180,Customer Support Representative,Support Executive,Junior,Entry Level,Junior/Assistant,Individual Contributor,No,Individual,PT-CS-JUNIOR,PC-2025-2026-ANNUAL,Mapped,2025-09-01,,2026-08-01
EMP181,Saad Yousaf,DEPARTMENT-006,Operations,Enterprise Operations,ORGANIZATIONAL-UNIT-OPS-TEAM-02,POS-181,Operations Officer,Operations Officer,Junior,Entry Level,Junior/Assistant,Individual Contributor,No,Individual,PT-OPS-JUNIOR,PC-2025-2026-ANNUAL,Mapped,2025-09-01,,2026-08-01
EMP182,Waqas Ahmad,DEPARTMENT-003,Sales,Commercial Services,ORGANIZATIONAL-UNIT-SAL-TEAM-03,POS-182,Account Manager,Senior Sales Executive,Mid,Professional,Professional/Mid-level,Individual Contributor,No,Individual,PT-SAL-PROFESSIONAL,PC-2025-2026-ANNUAL,Mapped,2025-09-01,,2026-08-01
EMP183,Zain Saleem,DEPARTMENT-007,IT,Technology and Innovation,ORGANIZATIONAL-UNIT-IT-TEAM-01,POS-183,IT Support Engineer,Junior IT Engineer,Junior,Entry Level,Junior/Assistant,Individual Contributor,No,Individual,PT-IT-JUNIOR,PC-2025-2026-ANNUAL,Mapped,2025-09-01,,2026-08-01
EMP184,Iqra Hassan,DEPARTMENT-006,Operations,Enterprise Operations,ORGANIZATIONAL-UNIT-OPS-TEAM-02,POS-184,Operations Officer,Operations Officer,Junior,Entry Level,Junior/Assistant,Individual Contributor,No,Individual,PT-OPS-JUNIOR,PC-2025-2026-ANNUAL,Mapped,2025-09-01,,2026-08-01
EMP185,Salman Hameed,DEPARTMENT-002,Finance,Corporate Services,ORGANIZATIONAL-UNIT-FIN-TEAM-03,POS-185,Senior Financial Analyst,Senior Financial Analyst,Senior,Senior Professional,Senior/Lead,Senior Individual Contributor,No,Individual + Mentoring,PT-FIN-SENIOR,PC-2025-2026-ANNUAL,Mapped,2025-09-01,,2026-08-01
EMP186,Zara Masood,DEPARTMENT-007,IT,Technology and Innovation,ORGANIZATIONAL-UNIT-IT-TEAM-01,POS-186,Systems Administrator,IT Engineer,Mid,Professional,Professional/Mid-level,Individual Contributor,No,Individual,PT-IT-PROFESSIONAL,PC-2025-2026-ANNUAL,Mapped,2025-09-01,,2026-08-01
EMP187,Nida Mahmood,DEPARTMENT-006,Operations,Enterprise Operations,ORGANIZATIONAL-UNIT-OPS-TEAM-02,POS-187,Operations Officer,Operations Officer,Junior,Entry Level,Junior/Assistant,Individual Contributor,No,Individual,PT-OPS-JUNIOR,PC-2025-2026-ANNUAL,Mapped,2025-09-01,,2026-08-01
EMP188,Areeba Ahmad,DEPARTMENT-007,IT,Technology and Innovation,ORGANIZATIONAL-UNIT-IT-TEAM-03,POS-188,Senior Systems Engineer,Senior IT Engineer,Senior,Senior Professional,Senior/Lead,Senior Individual Contributor,No,Individual + Mentoring,PT-IT-SENIOR,PC-2025-2026-ANNUAL,Mapped,2025-09-01,,2026-08-01
EMP189,Omer Masood,DEPARTMENT-005,Engineering,Technology and Innovation,ORGANIZATIONAL-UNIT-ENG,POS-189,Engineering Lead,Engineering Manager,Lead/Manager,Management,Manager/Head,Manager/Lead,Yes,Team/Department,PT-ENG-MANAGER,PC-2025-2026-ANNUAL,Mapped,2025-09-01,,2026-08-01
EMP190,Noor Saeed,DEPARTMENT-001,HR,Corporate Services,ORGANIZATIONAL-UNIT-HR-TEAM-02,POS-190,HR Officer,HR Officer,Junior,Entry Level,Junior/Assistant,Individual Contributor,No,Individual,PT-HR-JUNIOR,PC-2025-2026-ANNUAL,Mapped,2025-09-01,,2026-08-01
EMP191,Danish Yousaf,DEPARTMENT-006,Operations,Enterprise Operations,ORGANIZATIONAL-UNIT-OPS-TEAM-03,POS-191,Operations Analyst,Operations Specialist,Mid,Professional,Professional/Mid-level,Individual Contributor,No,Individual,PT-OPS-PROFESSIONAL,PC-2025-2026-ANNUAL,Mapped,2025-09-01,,2026-08-01
EMP192,Kashif Hussain,DEPARTMENT-003,Sales,Commercial Services,ORGANIZATIONAL-UNIT-SAL-TEAM-01,POS-192,Sales Executive,Sales Executive,Junior,Entry Level,Junior/Assistant,Individual Contributor,No,Individual,PT-SAL-JUNIOR,PC-2025-2026-ANNUAL,Mapped,2025-09-01,,2026-08-01
EMP193,Zain Qureshi,DEPARTMENT-006,Operations,Enterprise Operations,ORGANIZATIONAL-UNIT-OPS-TEAM-02,POS-193,Operations Officer,Operations Officer,Junior,Entry Level,Junior/Assistant,Individual Contributor,No,Individual,PT-OPS-JUNIOR,PC-2025-2026-ANNUAL,Mapped,2025-09-01,,2026-08-01
EMP194,Shahid Ahmad,DEPARTMENT-004,Customer Support,Commercial Services,ORGANIZATIONAL-UNIT-CS-TEAM-03,POS-194,Senior Support Executive,Senior Support Executive,Mid,Professional,Professional/Mid-level,Individual Contributor,No,Individual,PT-CS-PROFESSIONAL,PC-2025-2026-ANNUAL,Mapped,2025-09-01,,2026-08-01
EMP195,Mohsin Khan,DEPARTMENT-005,Engineering,Technology and Innovation,ORGANIZATIONAL-UNIT-ENG,POS-195,Engineering Lead,Engineering Manager,Lead/Manager,Management,Manager/Head,Manager/Lead,Yes,Team/Department,PT-ENG-MANAGER,PC-2025-2026-ANNUAL,Mapped,2025-09-01,,2026-08-01
EMP196,Mohsin Abbasi,DEPARTMENT-005,Engineering,Technology and Innovation,ORGANIZATIONAL-UNIT-ENG-TEAM-02,POS-196,Software Engineer II,Software Engineer,Mid,Professional,Professional/Mid-level,Individual Contributor,No,Individual,PT-ENG-PROFESSIONAL,PC-2025-2026-ANNUAL,Mapped,2025-09-01,,2026-08-01
EMP197,Zeeshan Qureshi,DEPARTMENT-001,HR,Corporate Services,ORGANIZATIONAL-UNIT-HR,POS-197,HR Manager,HR Manager,Lead/Manager,Management,Manager/Head,Manager/Lead,Yes,Team/Department,PT-HR-MANAGER,PC-2025-2026-ANNUAL,Mapped,2025-09-01,,2026-08-01
EMP198,Ali Tariq,DEPARTMENT-006,Operations,Enterprise Operations,ORGANIZATIONAL-UNIT-OPS-TEAM-01,POS-198,Operations Officer,Operations Officer,Junior,Entry Level,Junior/Assistant,Individual Contributor,No,Individual,PT-OPS-JUNIOR,PC-2025-2026-ANNUAL,Mapped,2025-09-01,,2026-08-01
EMP199,Zara Tariq,DEPARTMENT-004,Customer Support,Commercial Services,ORGANIZATIONAL-UNIT-CS-TEAM-02,POS-199,Customer Support Representative,Support Executive,Junior,Entry Level,Junior/Assistant,Individual Contributor,No,Individual,PT-CS-JUNIOR,PC-2025-2026-ANNUAL,Mapped,2025-09-01,,2026-08-01
EMP200,Ahmad Abbasi,DEPARTMENT-004,Customer Support,Commercial Services,ORGANIZATIONAL-UNIT-CS-TEAM-03,POS-200,Senior Support Executive,Senior Support Executive,Mid,Professional,Professional/Mid-level,Individual Contributor,No,Individual,PT-CS-PROFESSIONAL,PC-2025-2026-ANNUAL,Mapped,2025-09-01,,2026-08-01
EMP201,Taha Saeed,DEPARTMENT-001,HR,Corporate Services,ORGANIZATIONAL-UNIT-HR,EXEC-HR-HEAD,Head of HR,Head of HR,Executive,Executive,Manager/Head,Department Head,Yes,Team/Department,PT-HR-MANAGER,PC-2025-2026-ANNUAL,Mapped,2025-09-01,,2026-08-01
EMP202,Usman Hashmi,DEPARTMENT-001,HR,Corporate Services,ORGANIZATIONAL-UNIT-HR,POS-201,HR Manager,HR Manager,Lead/Manager,Management,Manager/Head,Manager/Lead,Yes,Team/Department,PT-HR-MANAGER,PC-2025-2026-ANNUAL,Mapped,2025-09-01,,2026-08-01
EMP203,Zainab Awan,DEPARTMENT-001,HR,Corporate Services,ORGANIZATIONAL-UNIT-HR,POS-202,HR Manager,HR Manager,Lead/Manager,Management,Manager/Head,Manager/Lead,Yes,Team/Department,PT-HR-MANAGER,PC-2025-2026-ANNUAL,Mapped,2025-09-01,,2026-08-01
EMP204,Mahnoor Khan,DEPARTMENT-001,HR,Corporate Services,ORGANIZATIONAL-UNIT-HR-TEAM-01,POS-203,Senior HR Business Partner,Senior HR Business Partner,Senior,Senior Professional,Senior/Lead,Senior Individual Contributor,No,Individual + Mentoring,PT-HR-SENIOR,PC-2025-2026-ANNUAL,Mapped,2025-09-01,,2026-08-01
EMP205,Farhan Nadeem,DEPARTMENT-001,HR,Corporate Services,ORGANIZATIONAL-UNIT-HR-TEAM-03,POS-204,Senior HR Business Partner,Senior HR Business Partner,Senior,Senior Professional,Senior/Lead,Senior Individual Contributor,No,Individual + Mentoring,PT-HR-SENIOR,PC-2025-2026-ANNUAL,Mapped,2025-09-01,,2026-08-01
EMP206,Minal Abbasi,DEPARTMENT-001,HR,Corporate Services,ORGANIZATIONAL-UNIT-HR-TEAM-03,POS-205,Senior HR Business Partner,Senior HR Business Partner,Senior,Senior Professional,Senior/Lead,Senior Individual Contributor,No,Individual + Mentoring,PT-HR-SENIOR,PC-2025-2026-ANNUAL,Mapped,2025-09-01,,2026-08-01
EMP207,Nida Sultan,DEPARTMENT-001,HR,Corporate Services,ORGANIZATIONAL-UNIT-HR-TEAM-01,POS-206,HR Officer,HR Officer,Mid,Professional,Professional/Mid-level,Individual Contributor,No,Individual,PT-HR-PROFESSIONAL,PC-2025-2026-ANNUAL,Mapped,2025-09-01,,2026-08-01
EMP208,Omar Rauf,DEPARTMENT-001,HR,Corporate Services,ORGANIZATIONAL-UNIT-HR-TEAM-02,POS-207,HR Officer,HR Officer,Mid,Professional,Professional/Mid-level,Individual Contributor,No,Individual,PT-HR-PROFESSIONAL,PC-2025-2026-ANNUAL,Mapped,2025-09-01,,2026-08-01
EMP209,Adnan Aziz,DEPARTMENT-001,HR,Corporate Services,ORGANIZATIONAL-UNIT-HR-TEAM-01,POS-208,HR Officer,HR Officer,Mid,Professional,Professional/Mid-level,Individual Contributor,No,Individual,PT-HR-PROFESSIONAL,PC-2025-2026-ANNUAL,Mapped,2025-09-01,,2026-08-01
EMP210,Maha Latif,DEPARTMENT-001,HR,Corporate Services,ORGANIZATIONAL-UNIT-HR-TEAM-03,POS-209,HR Officer,HR Officer,Mid,Professional,Professional/Mid-level,Individual Contributor,No,Individual,PT-HR-PROFESSIONAL,PC-2025-2026-ANNUAL,Mapped,2025-09-01,,2026-08-01
EMP211,Adnan Abbasi,DEPARTMENT-001,HR,Corporate Services,ORGANIZATIONAL-UNIT-HR-TEAM-01,POS-210,HR Officer,HR Officer,Mid,Professional,Professional/Mid-level,Individual Contributor,No,Individual,PT-HR-PROFESSIONAL,PC-2025-2026-ANNUAL,Mapped,2025-09-01,,2026-08-01
EMP212,Talha Saleem,DEPARTMENT-001,HR,Corporate Services,ORGANIZATIONAL-UNIT-HR-TEAM-01,POS-211,HR Officer,HR Officer,Mid,Professional,Professional/Mid-level,Individual Contributor,No,Individual,PT-HR-PROFESSIONAL,PC-2025-2026-ANNUAL,Mapped,2025-09-01,,2026-08-01
EMP213,Talha Khalid,DEPARTMENT-001,HR,Corporate Services,ORGANIZATIONAL-UNIT-HR-TEAM-01,POS-212,HR Officer,HR Officer,Mid,Professional,Professional/Mid-level,Individual Contributor,No,Individual,PT-HR-PROFESSIONAL,PC-2025-2026-ANNUAL,Mapped,2025-09-01,,2026-08-01
EMP214,Talha Ejaz,DEPARTMENT-001,HR,Corporate Services,ORGANIZATIONAL-UNIT-HR-TEAM-03,POS-213,HR Assistant,HR Assistant,Junior,Entry Level,Junior/Assistant,Individual Contributor,No,Individual,PT-HR-JUNIOR,PC-2025-2026-ANNUAL,Mapped,2025-09-01,,2026-08-01
EMP215,Mehwish Baig,DEPARTMENT-001,HR,Corporate Services,ORGANIZATIONAL-UNIT-HR-TEAM-01,POS-214,HR Assistant,HR Assistant,Junior,Entry Level,Junior/Assistant,Individual Contributor,No,Individual,PT-HR-JUNIOR,PC-2025-2026-ANNUAL,Mapped,2025-09-01,,2026-08-01
EMP216,Sana Mahmood,DEPARTMENT-001,HR,Corporate Services,ORGANIZATIONAL-UNIT-HR-TEAM-01,POS-215,HR Assistant,HR Assistant,Junior,Entry Level,Junior/Assistant,Individual Contributor,No,Individual,PT-HR-JUNIOR,PC-2025-2026-ANNUAL,Mapped,2025-09-01,,2026-08-01
EMP217,Laiba Qureshi,DEPARTMENT-001,HR,Corporate Services,ORGANIZATIONAL-UNIT-HR-TEAM-01,POS-216,HR Assistant,HR Assistant,Junior,Entry Level,Junior/Assistant,Individual Contributor,No,Individual,PT-HR-JUNIOR,PC-2025-2026-ANNUAL,Mapped,2025-09-01,,2026-08-01
EMP218,Laiba Zafar,DEPARTMENT-001,HR,Corporate Services,ORGANIZATIONAL-UNIT-HR-TEAM-01,POS-217,HR Assistant,HR Assistant,Junior,Entry Level,Junior/Assistant,Individual Contributor,No,Individual,PT-HR-JUNIOR,PC-2025-2026-ANNUAL,Mapped,2025-09-01,,2026-08-01
EMP219,Komal Yousaf,DEPARTMENT-001,HR,Corporate Services,ORGANIZATIONAL-UNIT-HR-TEAM-03,POS-218,HR Assistant,HR Assistant,Junior,Entry Level,Junior/Assistant,Individual Contributor,No,Individual,PT-HR-JUNIOR,PC-2025-2026-ANNUAL,Mapped,2025-09-01,,2026-08-01
EMP220,Taha Saleem,DEPARTMENT-001,HR,Corporate Services,ORGANIZATIONAL-UNIT-HR-TEAM-01,POS-219,HR Assistant,HR Assistant,Junior,Entry Level,Junior/Assistant,Individual Contributor,No,Individual,PT-HR-JUNIOR,PC-2025-2026-ANNUAL,Mapped,2025-09-01,,2026-08-01
EMP221,Anam Akhtar,DEPARTMENT-001,HR,Corporate Services,ORGANIZATIONAL-UNIT-HR-TEAM-01,POS-220,HR Assistant,HR Assistant,Junior,Entry Level,Junior/Assistant,Individual Contributor,No,Individual,PT-HR-JUNIOR,PC-2025-2026-ANNUAL,Mapped,2025-09-01,,2026-08-01
EMP222,Farhan Khan,DEPARTMENT-001,HR,Corporate Services,ORGANIZATIONAL-UNIT-HR-TEAM-01,POS-221,HR Assistant,HR Assistant,Junior,Entry Level,Junior/Assistant,Individual Contributor,No,Individual,PT-HR-JUNIOR,PC-2025-2026-ANNUAL,Mapped,2025-09-01,,2026-08-01
EMP223,Talha Mahmood,DEPARTMENT-001,HR,Corporate Services,ORGANIZATIONAL-UNIT-HR-TEAM-01,POS-222,HR Assistant,HR Assistant,Junior,Entry Level,Junior/Assistant,Individual Contributor,No,Individual,PT-HR-JUNIOR,PC-2025-2026-ANNUAL,Mapped,2025-09-01,,2026-08-01
EMP224,Laiba Ali,DEPARTMENT-001,HR,Corporate Services,ORGANIZATIONAL-UNIT-HR-TEAM-02,POS-223,HR Intern,HR Intern,Intern,Internship,Intern/Trainee,Individual Contributor,No,Individual,PT-HR-INTERN,PC-2025-2026-ANNUAL,Mapped,2025-09-01,,2026-08-01
EMP225,Noor Rauf,DEPARTMENT-001,HR,Corporate Services,ORGANIZATIONAL-UNIT-HR-TEAM-02,POS-224,HR Intern,HR Intern,Intern,Internship,Intern/Trainee,Individual Contributor,No,Individual,PT-HR-INTERN,PC-2025-2026-ANNUAL,Mapped,2025-09-01,,2026-08-01
EMP226,Taha Raza,DEPARTMENT-001,HR,Corporate Services,ORGANIZATIONAL-UNIT-HR-TEAM-01,POS-225,HR Intern,HR Intern,Intern,Internship,Intern/Trainee,Individual Contributor,No,Individual,PT-HR-INTERN,PC-2025-2026-ANNUAL,Mapped,2025-09-01,,2026-08-01
EMP227,Fahad Sheikh,DEPARTMENT-002,Finance,Corporate Services,ORGANIZATIONAL-UNIT-FIN,EXEC-FIN-HEAD,Head of Finance,Head of Finance,Executive,Executive,Manager/Head,Department Head,Yes,Team/Department,PT-FIN-MANAGER,PC-2025-2026-ANNUAL,Mapped,2025-09-01,,2026-08-01
EMP228,Ahmed Farooq,DEPARTMENT-002,Finance,Corporate Services,ORGANIZATIONAL-UNIT-FIN,POS-226,Finance Manager,Finance Manager,Lead/Manager,Management,Manager/Head,Manager/Lead,Yes,Team/Department,PT-FIN-MANAGER,PC-2025-2026-ANNUAL,Mapped,2025-09-01,,2026-08-01
EMP229,Danish Sultan,DEPARTMENT-002,Finance,Corporate Services,ORGANIZATIONAL-UNIT-FIN,POS-227,Finance Manager,Finance Manager,Lead/Manager,Management,Manager/Head,Manager/Lead,Yes,Team/Department,PT-FIN-MANAGER,PC-2025-2026-ANNUAL,Mapped,2025-09-01,,2026-08-01
EMP230,Saba Nadeem,DEPARTMENT-002,Finance,Corporate Services,ORGANIZATIONAL-UNIT-FIN,POS-228,Finance Manager,Finance Manager,Lead/Manager,Management,Manager/Head,Manager/Lead,Yes,Team/Department,PT-FIN-MANAGER,PC-2025-2026-ANNUAL,Mapped,2025-09-01,,2026-08-01
EMP231,Ayesha Aziz,DEPARTMENT-002,Finance,Corporate Services,ORGANIZATIONAL-UNIT-FIN,POS-229,Finance Manager,Finance Manager,Lead/Manager,Management,Manager/Head,Manager/Lead,Yes,Team/Department,PT-FIN-MANAGER,PC-2025-2026-ANNUAL,Mapped,2025-09-01,,2026-08-01
EMP232,Raza Iqbal,DEPARTMENT-002,Finance,Corporate Services,ORGANIZATIONAL-UNIT-FIN,POS-230,Finance Manager,Finance Manager,Lead/Manager,Management,Manager/Head,Manager/Lead,Yes,Team/Department,PT-FIN-MANAGER,PC-2025-2026-ANNUAL,Mapped,2025-09-01,,2026-08-01
EMP233,Eman Akhtar,DEPARTMENT-002,Finance,Corporate Services,ORGANIZATIONAL-UNIT-FIN-TEAM-03,POS-231,Financial Analyst,Financial Analyst,Mid,Professional,Professional/Mid-level,Individual Contributor,No,Individual,PT-FIN-PROFESSIONAL,PC-2025-2026-ANNUAL,Mapped,2025-09-01,,2026-08-01
EMP234,Hira Qureshi,DEPARTMENT-002,Finance,Corporate Services,ORGANIZATIONAL-UNIT-FIN-TEAM-01,POS-232,Financial Analyst,Financial Analyst,Mid,Professional,Professional/Mid-level,Individual Contributor,No,Individual,PT-FIN-PROFESSIONAL,PC-2025-2026-ANNUAL,Mapped,2025-09-01,,2026-08-01
EMP235,Farhan Munir,DEPARTMENT-002,Finance,Corporate Services,ORGANIZATIONAL-UNIT-FIN-TEAM-02,POS-233,Financial Analyst,Financial Analyst,Mid,Professional,Professional/Mid-level,Individual Contributor,No,Individual,PT-FIN-PROFESSIONAL,PC-2025-2026-ANNUAL,Mapped,2025-09-01,,2026-08-01
EMP236,Anam Nadeem,DEPARTMENT-002,Finance,Corporate Services,ORGANIZATIONAL-UNIT-FIN-TEAM-02,POS-234,Financial Analyst,Financial Analyst,Mid,Professional,Professional/Mid-level,Individual Contributor,No,Individual,PT-FIN-PROFESSIONAL,PC-2025-2026-ANNUAL,Mapped,2025-09-01,,2026-08-01
EMP237,Areeba Munir,DEPARTMENT-002,Finance,Corporate Services,ORGANIZATIONAL-UNIT-FIN-TEAM-03,POS-235,Accounts Assistant,Accounts Assistant,Junior,Entry Level,Junior/Assistant,Individual Contributor,No,Individual,PT-FIN-JUNIOR,PC-2025-2026-ANNUAL,Mapped,2025-09-01,,2026-08-01
EMP238,Kinza Ali,DEPARTMENT-002,Finance,Corporate Services,ORGANIZATIONAL-UNIT-FIN-TEAM-01,POS-236,Accounts Assistant,Accounts Assistant,Junior,Entry Level,Junior/Assistant,Individual Contributor,No,Individual,PT-FIN-JUNIOR,PC-2025-2026-ANNUAL,Mapped,2025-09-01,,2026-08-01
EMP239,Komal Sultan,DEPARTMENT-002,Finance,Corporate Services,ORGANIZATIONAL-UNIT-FIN-TEAM-02,POS-237,Accounts Assistant,Accounts Assistant,Junior,Entry Level,Junior/Assistant,Individual Contributor,No,Individual,PT-FIN-JUNIOR,PC-2025-2026-ANNUAL,Mapped,2025-09-01,,2026-08-01
EMP240,Eman Latif,DEPARTMENT-002,Finance,Corporate Services,ORGANIZATIONAL-UNIT-FIN-TEAM-01,POS-238,Accounts Assistant,Accounts Assistant,Junior,Entry Level,Junior/Assistant,Individual Contributor,No,Individual,PT-FIN-JUNIOR,PC-2025-2026-ANNUAL,Mapped,2025-09-01,,2026-08-01
EMP241,Mahnoor Hameed,DEPARTMENT-002,Finance,Corporate Services,ORGANIZATIONAL-UNIT-FIN-TEAM-02,POS-239,Accounts Assistant,Accounts Assistant,Junior,Entry Level,Junior/Assistant,Individual Contributor,No,Individual,PT-FIN-JUNIOR,PC-2025-2026-ANNUAL,Mapped,2025-09-01,,2026-08-01
EMP242,Mehwish Dar,DEPARTMENT-002,Finance,Corporate Services,ORGANIZATIONAL-UNIT-FIN-TEAM-01,POS-240,Accounts Assistant,Accounts Assistant,Junior,Entry Level,Junior/Assistant,Individual Contributor,No,Individual,PT-FIN-JUNIOR,PC-2025-2026-ANNUAL,Mapped,2025-09-01,,2026-08-01
EMP243,Mehwish Khalid,DEPARTMENT-002,Finance,Corporate Services,ORGANIZATIONAL-UNIT-FIN-TEAM-03,POS-241,Accounts Assistant,Accounts Assistant,Junior,Entry Level,Junior/Assistant,Individual Contributor,No,Individual,PT-FIN-JUNIOR,PC-2025-2026-ANNUAL,Mapped,2025-09-01,,2026-08-01
EMP244,Saad Rauf,DEPARTMENT-002,Finance,Corporate Services,ORGANIZATIONAL-UNIT-FIN-TEAM-03,POS-242,Accounts Assistant,Accounts Assistant,Junior,Entry Level,Junior/Assistant,Individual Contributor,No,Individual,PT-FIN-JUNIOR,PC-2025-2026-ANNUAL,Mapped,2025-09-01,,2026-08-01
EMP245,Ayesha Habib,DEPARTMENT-002,Finance,Corporate Services,ORGANIZATIONAL-UNIT-FIN-TEAM-01,POS-243,Accounts Assistant,Accounts Assistant,Junior,Entry Level,Junior/Assistant,Individual Contributor,No,Individual,PT-FIN-JUNIOR,PC-2025-2026-ANNUAL,Mapped,2025-09-01,,2026-08-01
EMP246,Ahmed Zafar,DEPARTMENT-002,Finance,Corporate Services,ORGANIZATIONAL-UNIT-FIN-TEAM-02,POS-244,Accounts Assistant,Accounts Assistant,Junior,Entry Level,Junior/Assistant,Individual Contributor,No,Individual,PT-FIN-JUNIOR,PC-2025-2026-ANNUAL,Mapped,2025-09-01,,2026-08-01
EMP247,Maha Aslam,DEPARTMENT-002,Finance,Corporate Services,ORGANIZATIONAL-UNIT-FIN-TEAM-01,POS-245,Accounts Assistant,Accounts Assistant,Junior,Entry Level,Junior/Assistant,Individual Contributor,No,Individual,PT-FIN-JUNIOR,PC-2025-2026-ANNUAL,Mapped,2025-09-01,,2026-08-01
EMP248,Anam Zafar,DEPARTMENT-002,Finance,Corporate Services,ORGANIZATIONAL-UNIT-FIN-TEAM-01,POS-246,Accounts Assistant,Accounts Assistant,Junior,Entry Level,Junior/Assistant,Individual Contributor,No,Individual,PT-FIN-JUNIOR,PC-2025-2026-ANNUAL,Mapped,2025-09-01,,2026-08-01
EMP249,Noor Qureshi,DEPARTMENT-002,Finance,Corporate Services,ORGANIZATIONAL-UNIT-FIN-TEAM-01,POS-247,Finance Intern,Finance Intern,Intern,Internship,Intern/Trainee,Individual Contributor,No,Individual,PT-FIN-INTERN,PC-2025-2026-ANNUAL,Mapped,2025-09-01,,2026-08-01
EMP250,Taha Malik,DEPARTMENT-002,Finance,Corporate Services,ORGANIZATIONAL-UNIT-FIN-TEAM-03,POS-248,Finance Intern,Finance Intern,Intern,Internship,Intern/Trainee,Individual Contributor,No,Individual,PT-FIN-INTERN,PC-2025-2026-ANNUAL,Mapped,2025-09-01,,2026-08-01
EMP251,Mahnoor Javed,DEPARTMENT-002,Finance,Corporate Services,ORGANIZATIONAL-UNIT-FIN-TEAM-03,POS-249,Finance Intern,Finance Intern,Intern,Internship,Intern/Trainee,Individual Contributor,No,Individual,PT-FIN-INTERN,PC-2025-2026-ANNUAL,Mapped,2025-09-01,,2026-08-01
EMP252,Iqra Ismail,DEPARTMENT-003,Sales,Commercial Services,ORGANIZATIONAL-UNIT-SAL,EXEC-SAL-HEAD,Head of Sales,Head of Sales,Executive,Executive,Manager/Head,Department Head,Yes,Team/Department,PT-SAL-MANAGER,PC-2025-2026-ANNUAL,Mapped,2025-09-01,,2026-08-01
EMP253,Hassan Nawaz,DEPARTMENT-003,Sales,Commercial Services,ORGANIZATIONAL-UNIT-SAL-TEAM-02,POS-250,Senior Account Manager,Senior Account Manager,Senior,Senior Professional,Senior/Lead,Senior Individual Contributor,No,Individual + Mentoring,PT-SAL-SENIOR,PC-2025-2026-ANNUAL,Mapped,2025-09-01,,2026-08-01
EMP254,Farhan Awan,DEPARTMENT-003,Sales,Commercial Services,ORGANIZATIONAL-UNIT-SAL-TEAM-02,POS-251,Senior Account Manager,Senior Account Manager,Senior,Senior Professional,Senior/Lead,Senior Individual Contributor,No,Individual + Mentoring,PT-SAL-SENIOR,PC-2025-2026-ANNUAL,Mapped,2025-09-01,,2026-08-01
EMP255,Rabia Rashid,DEPARTMENT-003,Sales,Commercial Services,ORGANIZATIONAL-UNIT-SAL-TEAM-02,POS-252,Senior Account Manager,Senior Account Manager,Senior,Senior Professional,Senior/Lead,Senior Individual Contributor,No,Individual + Mentoring,PT-SAL-SENIOR,PC-2025-2026-ANNUAL,Mapped,2025-09-01,,2026-08-01
EMP256,Omar Farooq,DEPARTMENT-003,Sales,Commercial Services,ORGANIZATIONAL-UNIT-SAL-TEAM-02,POS-253,Sales Intern,Sales Intern,Intern,Internship,Intern/Trainee,Individual Contributor,No,Individual,PT-SAL-INTERN,PC-2025-2026-ANNUAL,Mapped,2025-09-01,,2026-08-01
EMP257,Adnan Baig,DEPARTMENT-003,Sales,Commercial Services,ORGANIZATIONAL-UNIT-SAL-TEAM-02,POS-254,Sales Intern,Sales Intern,Intern,Internship,Intern/Trainee,Individual Contributor,No,Individual,PT-SAL-INTERN,PC-2025-2026-ANNUAL,Mapped,2025-09-01,,2026-08-01
EMP258,Ayesha Khalid,DEPARTMENT-003,Sales,Commercial Services,ORGANIZATIONAL-UNIT-SAL-TEAM-01,POS-255,Sales Intern,Sales Intern,Intern,Internship,Intern/Trainee,Individual Contributor,No,Individual,PT-SAL-INTERN,PC-2025-2026-ANNUAL,Mapped,2025-09-01,,2026-08-01
EMP259,Usman Nasir,DEPARTMENT-004,Customer Support,Commercial Services,ORGANIZATIONAL-UNIT-CS,EXEC-CS-HEAD,Head of Customer Support,Head of Customer Support,Executive,Executive,Manager/Head,Department Head,Yes,Team/Department,PT-CS-MANAGER,PC-2025-2026-ANNUAL,Mapped,2025-09-01,,2026-08-01
EMP260,Rabia Farooq,DEPARTMENT-004,Customer Support,Commercial Services,ORGANIZATIONAL-UNIT-CS-TEAM-03,POS-256,Senior Customer Support Specialist,Senior Customer Support Specialist,Senior,Senior Professional,Senior/Lead,Senior Individual Contributor,No,Individual + Mentoring,PT-CS-SENIOR,PC-2025-2026-ANNUAL,Mapped,2025-09-01,,2026-08-01
EMP261,Anam Ahmed,DEPARTMENT-004,Customer Support,Commercial Services,ORGANIZATIONAL-UNIT-CS-TEAM-01,POS-257,Senior Customer Support Specialist,Senior Customer Support Specialist,Senior,Senior Professional,Senior/Lead,Senior Individual Contributor,No,Individual + Mentoring,PT-CS-SENIOR,PC-2025-2026-ANNUAL,Mapped,2025-09-01,,2026-08-01
EMP262,Omar Riaz,DEPARTMENT-004,Customer Support,Commercial Services,ORGANIZATIONAL-UNIT-CS-TEAM-02,POS-258,Senior Customer Support Specialist,Senior Customer Support Specialist,Senior,Senior Professional,Senior/Lead,Senior Individual Contributor,No,Individual + Mentoring,PT-CS-SENIOR,PC-2025-2026-ANNUAL,Mapped,2025-09-01,,2026-08-01
EMP263,Anusha Rauf,DEPARTMENT-004,Customer Support,Commercial Services,ORGANIZATIONAL-UNIT-CS-TEAM-01,POS-259,Customer Support Specialist,Customer Support Specialist,Mid,Professional,Professional/Mid-level,Individual Contributor,No,Individual,PT-CS-PROFESSIONAL,PC-2025-2026-ANNUAL,Mapped,2025-09-01,,2026-08-01
EMP264,Areeba Rauf,DEPARTMENT-004,Customer Support,Commercial Services,ORGANIZATIONAL-UNIT-CS-TEAM-03,POS-260,Customer Support Specialist,Customer Support Specialist,Mid,Professional,Professional/Mid-level,Individual Contributor,No,Individual,PT-CS-PROFESSIONAL,PC-2025-2026-ANNUAL,Mapped,2025-09-01,,2026-08-01
EMP265,Danish Saleem,DEPARTMENT-004,Customer Support,Commercial Services,ORGANIZATIONAL-UNIT-CS-TEAM-01,POS-261,Customer Support Intern,Customer Support Intern,Intern,Internship,Intern/Trainee,Individual Contributor,No,Individual,PT-CS-INTERN,PC-2025-2026-ANNUAL,Mapped,2025-09-01,,2026-08-01
EMP266,Maryam Khalid,DEPARTMENT-004,Customer Support,Commercial Services,ORGANIZATIONAL-UNIT-CS-TEAM-01,POS-262,Customer Support Intern,Customer Support Intern,Intern,Internship,Intern/Trainee,Individual Contributor,No,Individual,PT-CS-INTERN,PC-2025-2026-ANNUAL,Mapped,2025-09-01,,2026-08-01
EMP267,Haris Awan,DEPARTMENT-004,Customer Support,Commercial Services,ORGANIZATIONAL-UNIT-CS-TEAM-01,POS-263,Customer Support Intern,Customer Support Intern,Intern,Internship,Intern/Trainee,Individual Contributor,No,Individual,PT-CS-INTERN,PC-2025-2026-ANNUAL,Mapped,2025-09-01,,2026-08-01
EMP268,Fatima Mughal,DEPARTMENT-005,Engineering,Technology and Innovation,ORGANIZATIONAL-UNIT-ENG,EXEC-ENG-HEAD,Head of Engineering,Head of Engineering,Executive,Executive,Manager/Head,Department Head,Yes,Team/Department,PT-ENG-MANAGER,PC-2025-2026-ANNUAL,Mapped,2025-09-01,,2026-08-01
EMP269,Noor Bukhari,DEPARTMENT-005,Engineering,Technology and Innovation,ORGANIZATIONAL-UNIT-ENG-TEAM-03,POS-264,Senior Software Engineer,Senior Software Engineer,Senior,Senior Professional,Senior/Lead,Senior Individual Contributor,No,Individual + Mentoring,PT-ENG-SENIOR,PC-2025-2026-ANNUAL,Mapped,2025-09-01,,2026-08-01
EMP270,Laiba Saeed,DEPARTMENT-005,Engineering,Technology and Innovation,ORGANIZATIONAL-UNIT-ENG-TEAM-03,POS-265,Senior Software Engineer,Senior Software Engineer,Senior,Senior Professional,Senior/Lead,Senior Individual Contributor,No,Individual + Mentoring,PT-ENG-SENIOR,PC-2025-2026-ANNUAL,Mapped,2025-09-01,,2026-08-01
EMP271,Minal Khalid,DEPARTMENT-005,Engineering,Technology and Innovation,ORGANIZATIONAL-UNIT-ENG-TEAM-03,POS-266,Junior Software Engineer,Junior Software Engineer,Junior,Entry Level,Junior/Assistant,Individual Contributor,No,Individual,PT-ENG-JUNIOR,PC-2025-2026-ANNUAL,Mapped,2025-09-01,,2026-08-01
EMP272,Ali Siddiqui,DEPARTMENT-005,Engineering,Technology and Innovation,ORGANIZATIONAL-UNIT-ENG-TEAM-03,POS-267,Junior Software Engineer,Junior Software Engineer,Junior,Entry Level,Junior/Assistant,Individual Contributor,No,Individual,PT-ENG-JUNIOR,PC-2025-2026-ANNUAL,Mapped,2025-09-01,,2026-08-01
EMP273,Haris Ejaz,DEPARTMENT-005,Engineering,Technology and Innovation,ORGANIZATIONAL-UNIT-ENG-TEAM-01,POS-268,Junior Software Engineer,Junior Software Engineer,Junior,Entry Level,Junior/Assistant,Individual Contributor,No,Individual,PT-ENG-JUNIOR,PC-2025-2026-ANNUAL,Mapped,2025-09-01,,2026-08-01
EMP274,Adnan Awan,DEPARTMENT-005,Engineering,Technology and Innovation,ORGANIZATIONAL-UNIT-ENG-TEAM-03,POS-269,Engineering Intern,Engineering Intern,Intern,Internship,Intern/Trainee,Individual Contributor,No,Individual,PT-ENG-INTERN,PC-2025-2026-ANNUAL,Mapped,2025-09-01,,2026-08-01
EMP275,Fatima Saeed,DEPARTMENT-005,Engineering,Technology and Innovation,ORGANIZATIONAL-UNIT-ENG-TEAM-01,POS-270,Engineering Intern,Engineering Intern,Intern,Internship,Intern/Trainee,Individual Contributor,No,Individual,PT-ENG-INTERN,PC-2025-2026-ANNUAL,Mapped,2025-09-01,,2026-08-01
EMP276,Ali Riaz,DEPARTMENT-005,Engineering,Technology and Innovation,ORGANIZATIONAL-UNIT-ENG-TEAM-03,POS-271,Engineering Intern,Engineering Intern,Intern,Internship,Intern/Trainee,Individual Contributor,No,Individual,PT-ENG-INTERN,PC-2025-2026-ANNUAL,Mapped,2025-09-01,,2026-08-01
EMP277,Amna Chaudhry,DEPARTMENT-006,Operations,Enterprise Operations,ORGANIZATIONAL-UNIT-OPS,EXEC-OPS-HEAD,Head of Operations,Head of Operations,Executive,Executive,Manager/Head,Department Head,Yes,Team/Department,PT-OPS-MANAGER,PC-2025-2026-ANNUAL,Mapped,2025-09-01,,2026-08-01
EMP278,Kinza Mirza,DEPARTMENT-006,Operations,Enterprise Operations,ORGANIZATIONAL-UNIT-OPS,POS-272,Operations Manager,Operations Manager,Lead/Manager,Management,Manager/Head,Manager/Lead,Yes,Team/Department,PT-OPS-MANAGER,PC-2025-2026-ANNUAL,Mapped,2025-09-01,,2026-08-01
EMP279,Minal Ali,DEPARTMENT-006,Operations,Enterprise Operations,ORGANIZATIONAL-UNIT-OPS-TEAM-02,POS-273,Senior Operations Officer,Senior Operations Officer,Senior,Senior Professional,Senior/Lead,Senior Individual Contributor,No,Individual + Mentoring,PT-OPS-SENIOR,PC-2025-2026-ANNUAL,Mapped,2025-09-01,,2026-08-01
EMP280,Noman Waheed,DEPARTMENT-006,Operations,Enterprise Operations,ORGANIZATIONAL-UNIT-OPS-TEAM-03,POS-274,Senior Operations Officer,Senior Operations Officer,Senior,Senior Professional,Senior/Lead,Senior Individual Contributor,No,Individual + Mentoring,PT-OPS-SENIOR,PC-2025-2026-ANNUAL,Mapped,2025-09-01,,2026-08-01
EMP281,Noman Shah,DEPARTMENT-006,Operations,Enterprise Operations,ORGANIZATIONAL-UNIT-OPS-TEAM-01,POS-275,Senior Operations Officer,Senior Operations Officer,Senior,Senior Professional,Senior/Lead,Senior Individual Contributor,No,Individual + Mentoring,PT-OPS-SENIOR,PC-2025-2026-ANNUAL,Mapped,2025-09-01,,2026-08-01
EMP282,Sana Latif,DEPARTMENT-006,Operations,Enterprise Operations,ORGANIZATIONAL-UNIT-OPS-TEAM-01,POS-276,Senior Operations Officer,Senior Operations Officer,Senior,Senior Professional,Senior/Lead,Senior Individual Contributor,No,Individual + Mentoring,PT-OPS-SENIOR,PC-2025-2026-ANNUAL,Mapped,2025-09-01,,2026-08-01
EMP283,Komal Baig,DEPARTMENT-006,Operations,Enterprise Operations,ORGANIZATIONAL-UNIT-OPS-TEAM-03,POS-277,Senior Operations Officer,Senior Operations Officer,Senior,Senior Professional,Senior/Lead,Senior Individual Contributor,No,Individual + Mentoring,PT-OPS-SENIOR,PC-2025-2026-ANNUAL,Mapped,2025-09-01,,2026-08-01
EMP284,Hamza Aziz,DEPARTMENT-006,Operations,Enterprise Operations,ORGANIZATIONAL-UNIT-OPS-TEAM-02,POS-278,Senior Operations Officer,Senior Operations Officer,Senior,Senior Professional,Senior/Lead,Senior Individual Contributor,No,Individual + Mentoring,PT-OPS-SENIOR,PC-2025-2026-ANNUAL,Mapped,2025-09-01,,2026-08-01
EMP285,Maryam Baig,DEPARTMENT-006,Operations,Enterprise Operations,ORGANIZATIONAL-UNIT-OPS-TEAM-03,POS-279,Senior Operations Officer,Senior Operations Officer,Senior,Senior Professional,Senior/Lead,Senior Individual Contributor,No,Individual + Mentoring,PT-OPS-SENIOR,PC-2025-2026-ANNUAL,Mapped,2025-09-01,,2026-08-01
EMP286,Taha Munir,DEPARTMENT-006,Operations,Enterprise Operations,ORGANIZATIONAL-UNIT-OPS-TEAM-01,POS-280,Senior Operations Officer,Senior Operations Officer,Senior,Senior Professional,Senior/Lead,Senior Individual Contributor,No,Individual + Mentoring,PT-OPS-SENIOR,PC-2025-2026-ANNUAL,Mapped,2025-09-01,,2026-08-01
EMP287,Komal Waheed,DEPARTMENT-006,Operations,Enterprise Operations,ORGANIZATIONAL-UNIT-OPS-TEAM-02,POS-281,Operations Officer,Operations Officer,Mid,Professional,Professional/Mid-level,Individual Contributor,No,Individual,PT-OPS-PROFESSIONAL,PC-2025-2026-ANNUAL,Mapped,2025-09-01,,2026-08-01
EMP288,Hira Chaudhry,DEPARTMENT-006,Operations,Enterprise Operations,ORGANIZATIONAL-UNIT-OPS-TEAM-01,POS-282,Operations Officer,Operations Officer,Mid,Professional,Professional/Mid-level,Individual Contributor,No,Individual,PT-OPS-PROFESSIONAL,PC-2025-2026-ANNUAL,Mapped,2025-09-01,,2026-08-01
EMP289,Ali Javed,DEPARTMENT-006,Operations,Enterprise Operations,ORGANIZATIONAL-UNIT-OPS-TEAM-03,POS-283,Operations Intern,Operations Intern,Intern,Internship,Intern/Trainee,Individual Contributor,No,Individual,PT-OPS-INTERN,PC-2025-2026-ANNUAL,Mapped,2025-09-01,,2026-08-01
EMP290,Sara Shah,DEPARTMENT-006,Operations,Enterprise Operations,ORGANIZATIONAL-UNIT-OPS-TEAM-01,POS-284,Operations Intern,Operations Intern,Intern,Internship,Intern/Trainee,Individual Contributor,No,Individual,PT-OPS-INTERN,PC-2025-2026-ANNUAL,Mapped,2025-09-01,,2026-08-01
EMP291,Raza Khan,DEPARTMENT-006,Operations,Enterprise Operations,ORGANIZATIONAL-UNIT-OPS-TEAM-02,POS-285,Operations Intern,Operations Intern,Intern,Internship,Intern/Trainee,Individual Contributor,No,Individual,PT-OPS-INTERN,PC-2025-2026-ANNUAL,Mapped,2025-09-01,,2026-08-01
EMP292,Imran Mughal,DEPARTMENT-007,IT,Technology and Innovation,ORGANIZATIONAL-UNIT-IT,EXEC-IT-HEAD,Head of IT,Head of IT,Executive,Executive,Manager/Head,Department Head,Yes,Team/Department,PT-IT-MANAGER,PC-2025-2026-ANNUAL,Mapped,2025-09-01,,2026-08-01
EMP293,Asad Akhtar,DEPARTMENT-007,IT,Technology and Innovation,ORGANIZATIONAL-UNIT-IT,POS-286,IT Manager,IT Manager,Lead/Manager,Management,Manager/Head,Manager/Lead,Yes,Team/Department,PT-IT-MANAGER,PC-2025-2026-ANNUAL,Mapped,2025-09-01,,2026-08-01
EMP294,Sara Mirza,DEPARTMENT-007,IT,Technology and Innovation,ORGANIZATIONAL-UNIT-IT,POS-287,IT Manager,IT Manager,Lead/Manager,Management,Manager/Head,Manager/Lead,Yes,Team/Department,PT-IT-MANAGER,PC-2025-2026-ANNUAL,Mapped,2025-09-01,,2026-08-01
EMP295,Raza Rehman,DEPARTMENT-007,IT,Technology and Innovation,ORGANIZATIONAL-UNIT-IT,POS-288,IT Manager,IT Manager,Lead/Manager,Management,Manager/Head,Manager/Lead,Yes,Team/Department,PT-IT-MANAGER,PC-2025-2026-ANNUAL,Mapped,2025-09-01,,2026-08-01
EMP296,Fahad Aziz,DEPARTMENT-007,IT,Technology and Innovation,ORGANIZATIONAL-UNIT-IT-TEAM-02,POS-289,Senior Systems Engineer,Senior Systems Engineer,Senior,Senior Professional,Senior/Lead,Senior Individual Contributor,No,Individual + Mentoring,PT-IT-SENIOR,PC-2025-2026-ANNUAL,Mapped,2025-09-01,,2026-08-01
EMP297,Usman Mughal,DEPARTMENT-007,IT,Technology and Innovation,ORGANIZATIONAL-UNIT-IT-TEAM-01,POS-290,Senior Systems Engineer,Senior Systems Engineer,Senior,Senior Professional,Senior/Lead,Senior Individual Contributor,No,Individual + Mentoring,PT-IT-SENIOR,PC-2025-2026-ANNUAL,Mapped,2025-09-01,,2026-08-01
EMP298,Ayesha Mughal,DEPARTMENT-007,IT,Technology and Innovation,ORGANIZATIONAL-UNIT-IT-TEAM-01,POS-291,Senior Systems Engineer,Senior Systems Engineer,Senior,Senior Professional,Senior/Lead,Senior Individual Contributor,No,Individual + Mentoring,PT-IT-SENIOR,PC-2025-2026-ANNUAL,Mapped,2025-09-01,,2026-08-01
EMP299,Noor Nadeem,DEPARTMENT-007,IT,Technology and Innovation,ORGANIZATIONAL-UNIT-IT-TEAM-02,POS-292,Systems Administrator,Systems Administrator,Mid,Professional,Professional/Mid-level,Individual Contributor,No,Individual,PT-IT-PROFESSIONAL,PC-2025-2026-ANNUAL,Mapped,2025-09-01,,2026-08-01
EMP300,Talha Akhtar,DEPARTMENT-007,IT,Technology and Innovation,ORGANIZATIONAL-UNIT-IT-TEAM-03,POS-293,Systems Administrator,Systems Administrator,Mid,Professional,Professional/Mid-level,Individual Contributor,No,Individual,PT-IT-PROFESSIONAL,PC-2025-2026-ANNUAL,Mapped,2025-09-01,,2026-08-01
EMP301,Talha Ali,DEPARTMENT-007,IT,Technology and Innovation,ORGANIZATIONAL-UNIT-IT-TEAM-03,POS-294,Systems Administrator,Systems Administrator,Mid,Professional,Professional/Mid-level,Individual Contributor,No,Individual,PT-IT-PROFESSIONAL,PC-2025-2026-ANNUAL,Mapped,2025-09-01,,2026-08-01
EMP302,Zainab Mahmood,DEPARTMENT-007,IT,Technology and Innovation,ORGANIZATIONAL-UNIT-IT-TEAM-01,POS-295,Systems Administrator,Systems Administrator,Mid,Professional,Professional/Mid-level,Individual Contributor,No,Individual,PT-IT-PROFESSIONAL,PC-2025-2026-ANNUAL,Mapped,2025-09-01,,2026-08-01
EMP303,Saba Hameed,DEPARTMENT-007,IT,Technology and Innovation,ORGANIZATIONAL-UNIT-IT-TEAM-03,POS-296,Systems Administrator,Systems Administrator,Mid,Professional,Professional/Mid-level,Individual Contributor,No,Individual,PT-IT-PROFESSIONAL,PC-2025-2026-ANNUAL,Mapped,2025-09-01,,2026-08-01
EMP304,Sana Akhtar,DEPARTMENT-007,IT,Technology and Innovation,ORGANIZATIONAL-UNIT-IT-TEAM-02,POS-297,Systems Administrator,Systems Administrator,Mid,Professional,Professional/Mid-level,Individual Contributor,No,Individual,PT-IT-PROFESSIONAL,PC-2025-2026-ANNUAL,Mapped,2025-09-01,,2026-08-01
EMP305,Talha Habib,DEPARTMENT-007,IT,Technology and Innovation,ORGANIZATIONAL-UNIT-IT-TEAM-02,POS-298,Systems Administrator,Systems Administrator,Mid,Professional,Professional/Mid-level,Individual Contributor,No,Individual,PT-IT-PROFESSIONAL,PC-2025-2026-ANNUAL,Mapped,2025-09-01,,2026-08-01
EMP306,Imran Hameed,DEPARTMENT-007,IT,Technology and Innovation,ORGANIZATIONAL-UNIT-IT-TEAM-02,POS-299,IT Support Technician,IT Support Technician,Junior,Entry Level,Junior/Assistant,Individual Contributor,No,Individual,PT-IT-JUNIOR,PC-2025-2026-ANNUAL,Mapped,2025-09-01,,2026-08-01
EMP307,Omar Habib,DEPARTMENT-007,IT,Technology and Innovation,ORGANIZATIONAL-UNIT-IT-TEAM-02,POS-300,IT Support Technician,IT Support Technician,Junior,Entry Level,Junior/Assistant,Individual Contributor,No,Individual,PT-IT-JUNIOR,PC-2025-2026-ANNUAL,Mapped,2025-09-01,,2026-08-01
EMP308,Adnan Riaz,DEPARTMENT-007,IT,Technology and Innovation,ORGANIZATIONAL-UNIT-IT-TEAM-01,POS-301,IT Support Technician,IT Support Technician,Junior,Entry Level,Junior/Assistant,Individual Contributor,No,Individual,PT-IT-JUNIOR,PC-2025-2026-ANNUAL,Mapped,2025-09-01,,2026-08-01
EMP309,Shahzaib Hashmi,DEPARTMENT-007,IT,Technology and Innovation,ORGANIZATIONAL-UNIT-IT-TEAM-03,POS-302,IT Support Technician,IT Support Technician,Junior,Entry Level,Junior/Assistant,Individual Contributor,No,Individual,PT-IT-JUNIOR,PC-2025-2026-ANNUAL,Mapped,2025-09-01,,2026-08-01
EMP310,Maryam Chaudhry,DEPARTMENT-007,IT,Technology and Innovation,ORGANIZATIONAL-UNIT-IT-TEAM-02,POS-303,IT Support Technician,IT Support Technician,Junior,Entry Level,Junior/Assistant,Individual Contributor,No,Individual,PT-IT-JUNIOR,PC-2025-2026-ANNUAL,Mapped,2025-09-01,,2026-08-01
EMP311,Junaid Zafar,DEPARTMENT-007,IT,Technology and Innovation,ORGANIZATIONAL-UNIT-IT-TEAM-02,POS-304,IT Support Technician,IT Support Technician,Junior,Entry Level,Junior/Assistant,Individual Contributor,No,Individual,PT-IT-JUNIOR,PC-2025-2026-ANNUAL,Mapped,2025-09-01,,2026-08-01
EMP312,Areeba Tariq,DEPARTMENT-007,IT,Technology and Innovation,ORGANIZATIONAL-UNIT-IT-TEAM-01,POS-305,IT Support Technician,IT Support Technician,Junior,Entry Level,Junior/Assistant,Individual Contributor,No,Individual,PT-IT-JUNIOR,PC-2025-2026-ANNUAL,Mapped,2025-09-01,,2026-08-01
EMP313,Kamran Mughal,DEPARTMENT-007,IT,Technology and Innovation,ORGANIZATIONAL-UNIT-IT-TEAM-01,POS-306,IT Intern,IT Intern,Intern,Internship,Intern/Trainee,Individual Contributor,No,Individual,PT-IT-INTERN,PC-2025-2026-ANNUAL,Mapped,2025-09-01,,2026-08-01
EMP314,Anam Hameed,DEPARTMENT-007,IT,Technology and Innovation,ORGANIZATIONAL-UNIT-IT-TEAM-01,POS-307,IT Intern,IT Intern,Intern,Internship,Intern/Trainee,Individual Contributor,No,Individual,PT-IT-INTERN,PC-2025-2026-ANNUAL,Mapped,2025-09-01,,2026-08-01
EMP315,Maha Abbasi,DEPARTMENT-007,IT,Technology and Innovation,ORGANIZATIONAL-UNIT-IT-TEAM-03,POS-308,IT Intern,IT Intern,Intern,Internship,Intern/Trainee,Individual Contributor,No,Individual,PT-IT-INTERN,PC-2025-2026-ANNUAL,Mapped,2025-09-01,,2026-08-01
EMP316,Imran Abbasi,DEPARTMENT-008,Medical Care,Healthcare Services,ORGANIZATIONAL-UNIT-MED,EXEC-MED-HEAD,Head of Medical Care,Head of Medical Care,Executive,Executive,Manager/Head,Department Head,Yes,Team/Department,PT-MED-MANAGER,PC-2025-2026-ANNUAL,Mapped,2025-09-01,,2026-08-01
EMP317,Anam Khan,DEPARTMENT-008,Medical Care,Healthcare Services,ORGANIZATIONAL-UNIT-MED,POS-309,Medical Care Manager,Medical Care Manager,Lead/Manager,Management,Manager/Head,Manager/Lead,Yes,Team/Department,PT-MED-MANAGER,PC-2025-2026-ANNUAL,Mapped,2025-09-01,,2026-08-01
EMP318,Haris Khalid,DEPARTMENT-008,Medical Care,Healthcare Services,ORGANIZATIONAL-UNIT-MED,POS-310,Medical Care Manager,Medical Care Manager,Lead/Manager,Management,Manager/Head,Manager/Lead,Yes,Team/Department,PT-MED-MANAGER,PC-2025-2026-ANNUAL,Mapped,2025-09-01,,2026-08-01
EMP319,Anusha Baig,DEPARTMENT-008,Medical Care,Healthcare Services,ORGANIZATIONAL-UNIT-MED,POS-311,Medical Care Manager,Medical Care Manager,Lead/Manager,Management,Manager/Head,Manager/Lead,Yes,Team/Department,PT-MED-MANAGER,PC-2025-2026-ANNUAL,Mapped,2025-09-01,,2026-08-01
EMP320,Shahzaib Iqbal,DEPARTMENT-008,Medical Care,Healthcare Services,ORGANIZATIONAL-UNIT-MED,POS-312,Medical Care Manager,Medical Care Manager,Lead/Manager,Management,Manager/Head,Manager/Lead,Yes,Team/Department,PT-MED-MANAGER,PC-2025-2026-ANNUAL,Mapped,2025-09-01,,2026-08-01
EMP321,Hira Awan,DEPARTMENT-008,Medical Care,Healthcare Services,ORGANIZATIONAL-UNIT-MED,POS-313,Medical Care Manager,Medical Care Manager,Lead/Manager,Management,Manager/Head,Manager/Lead,Yes,Team/Department,PT-MED-MANAGER,PC-2025-2026-ANNUAL,Mapped,2025-09-01,,2026-08-01
EMP322,Kinza Butt,DEPARTMENT-008,Medical Care,Healthcare Services,ORGANIZATIONAL-UNIT-MED,POS-314,Medical Care Manager,Medical Care Manager,Lead/Manager,Management,Manager/Head,Manager/Lead,Yes,Team/Department,PT-MED-MANAGER,PC-2025-2026-ANNUAL,Mapped,2025-09-01,,2026-08-01
EMP323,Rabia Bukhari,DEPARTMENT-008,Medical Care,Healthcare Services,ORGANIZATIONAL-UNIT-MED-TEAM-03,POS-315,Senior Medical Officer,Senior Medical Officer,Senior,Senior Professional,Senior/Lead,Senior Individual Contributor,No,Individual + Mentoring,PT-MED-SENIOR,PC-2025-2026-ANNUAL,Mapped,2025-09-01,,2026-08-01
EMP324,Waqas Farooq,DEPARTMENT-008,Medical Care,Healthcare Services,ORGANIZATIONAL-UNIT-MED-TEAM-02,POS-316,Senior Medical Officer,Senior Medical Officer,Senior,Senior Professional,Senior/Lead,Senior Individual Contributor,No,Individual + Mentoring,PT-MED-SENIOR,PC-2025-2026-ANNUAL,Mapped,2025-09-01,,2026-08-01
EMP325,Eman Iqbal,DEPARTMENT-008,Medical Care,Healthcare Services,ORGANIZATIONAL-UNIT-MED-TEAM-02,POS-317,Senior Medical Officer,Senior Medical Officer,Senior,Senior Professional,Senior/Lead,Senior Individual Contributor,No,Individual + Mentoring,PT-MED-SENIOR,PC-2025-2026-ANNUAL,Mapped,2025-09-01,,2026-08-01
EMP326,Hira Yousaf,DEPARTMENT-008,Medical Care,Healthcare Services,ORGANIZATIONAL-UNIT-MED-TEAM-01,POS-318,Senior Medical Officer,Senior Medical Officer,Senior,Senior Professional,Senior/Lead,Senior Individual Contributor,No,Individual + Mentoring,PT-MED-SENIOR,PC-2025-2026-ANNUAL,Mapped,2025-09-01,,2026-08-01
EMP327,Sidra Yousaf,DEPARTMENT-008,Medical Care,Healthcare Services,ORGANIZATIONAL-UNIT-MED-TEAM-01,POS-319,Senior Medical Officer,Senior Medical Officer,Senior,Senior Professional,Senior/Lead,Senior Individual Contributor,No,Individual + Mentoring,PT-MED-SENIOR,PC-2025-2026-ANNUAL,Mapped,2025-09-01,,2026-08-01
EMP328,Raza Javed,DEPARTMENT-008,Medical Care,Healthcare Services,ORGANIZATIONAL-UNIT-MED-TEAM-02,POS-320,Senior Medical Officer,Senior Medical Officer,Senior,Senior Professional,Senior/Lead,Senior Individual Contributor,No,Individual + Mentoring,PT-MED-SENIOR,PC-2025-2026-ANNUAL,Mapped,2025-09-01,,2026-08-01
EMP329,Ali Aziz,DEPARTMENT-008,Medical Care,Healthcare Services,ORGANIZATIONAL-UNIT-MED-TEAM-02,POS-321,Senior Medical Officer,Senior Medical Officer,Senior,Senior Professional,Senior/Lead,Senior Individual Contributor,No,Individual + Mentoring,PT-MED-SENIOR,PC-2025-2026-ANNUAL,Mapped,2025-09-01,,2026-08-01
EMP330,Farhan Khalid,DEPARTMENT-008,Medical Care,Healthcare Services,ORGANIZATIONAL-UNIT-MED-TEAM-03,POS-322,Senior Medical Officer,Senior Medical Officer,Senior,Senior Professional,Senior/Lead,Senior Individual Contributor,No,Individual + Mentoring,PT-MED-SENIOR,PC-2025-2026-ANNUAL,Mapped,2025-09-01,,2026-08-01
EMP331,Iqra Saleem,DEPARTMENT-008,Medical Care,Healthcare Services,ORGANIZATIONAL-UNIT-MED-TEAM-03,POS-323,Medical Officer,Medical Officer,Mid,Professional,Professional/Mid-level,Individual Contributor,No,Individual,PT-MED-PROFESSIONAL,PC-2025-2026-ANNUAL,Mapped,2025-09-01,,2026-08-01
EMP332,Maryam Ismail,DEPARTMENT-008,Medical Care,Healthcare Services,ORGANIZATIONAL-UNIT-MED-TEAM-01,POS-324,Medical Officer,Medical Officer,Mid,Professional,Professional/Mid-level,Individual Contributor,No,Individual,PT-MED-PROFESSIONAL,PC-2025-2026-ANNUAL,Mapped,2025-09-01,,2026-08-01
EMP333,Bilal Zafar,DEPARTMENT-008,Medical Care,Healthcare Services,ORGANIZATIONAL-UNIT-MED-TEAM-03,POS-325,Medical Officer,Medical Officer,Mid,Professional,Professional/Mid-level,Individual Contributor,No,Individual,PT-MED-PROFESSIONAL,PC-2025-2026-ANNUAL,Mapped,2025-09-01,,2026-08-01
EMP334,Fahad Hashmi,DEPARTMENT-008,Medical Care,Healthcare Services,ORGANIZATIONAL-UNIT-MED-TEAM-03,POS-326,Medical Officer,Medical Officer,Mid,Professional,Professional/Mid-level,Individual Contributor,No,Individual,PT-MED-PROFESSIONAL,PC-2025-2026-ANNUAL,Mapped,2025-09-01,,2026-08-01
EMP335,Haris Rauf,DEPARTMENT-008,Medical Care,Healthcare Services,ORGANIZATIONAL-UNIT-MED-TEAM-01,POS-327,Medical Officer,Medical Officer,Mid,Professional,Professional/Mid-level,Individual Contributor,No,Individual,PT-MED-PROFESSIONAL,PC-2025-2026-ANNUAL,Mapped,2025-09-01,,2026-08-01
EMP336,Kinza Faisal,DEPARTMENT-008,Medical Care,Healthcare Services,ORGANIZATIONAL-UNIT-MED-TEAM-02,POS-328,Medical Officer,Medical Officer,Mid,Professional,Professional/Mid-level,Individual Contributor,No,Individual,PT-MED-PROFESSIONAL,PC-2025-2026-ANNUAL,Mapped,2025-09-01,,2026-08-01
EMP337,Junaid Mahmood,DEPARTMENT-008,Medical Care,Healthcare Services,ORGANIZATIONAL-UNIT-MED-TEAM-03,POS-329,Medical Officer,Medical Officer,Mid,Professional,Professional/Mid-level,Individual Contributor,No,Individual,PT-MED-PROFESSIONAL,PC-2025-2026-ANNUAL,Mapped,2025-09-01,,2026-08-01
EMP338,Imran Malik,DEPARTMENT-008,Medical Care,Healthcare Services,ORGANIZATIONAL-UNIT-MED-TEAM-01,POS-330,Medical Officer,Medical Officer,Mid,Professional,Professional/Mid-level,Individual Contributor,No,Individual,PT-MED-PROFESSIONAL,PC-2025-2026-ANNUAL,Mapped,2025-09-01,,2026-08-01
EMP339,Saba Saleem,DEPARTMENT-008,Medical Care,Healthcare Services,ORGANIZATIONAL-UNIT-MED-TEAM-02,POS-331,Medical Officer,Medical Officer,Mid,Professional,Professional/Mid-level,Individual Contributor,No,Individual,PT-MED-PROFESSIONAL,PC-2025-2026-ANNUAL,Mapped,2025-09-01,,2026-08-01
EMP340,Eman Raza,DEPARTMENT-008,Medical Care,Healthcare Services,ORGANIZATIONAL-UNIT-MED-TEAM-03,POS-332,Medical Officer,Medical Officer,Mid,Professional,Professional/Mid-level,Individual Contributor,No,Individual,PT-MED-PROFESSIONAL,PC-2025-2026-ANNUAL,Mapped,2025-09-01,,2026-08-01
EMP341,Kashif Latif,DEPARTMENT-008,Medical Care,Healthcare Services,ORGANIZATIONAL-UNIT-MED-TEAM-03,POS-333,Medical Officer,Medical Officer,Mid,Professional,Professional/Mid-level,Individual Contributor,No,Individual,PT-MED-PROFESSIONAL,PC-2025-2026-ANNUAL,Mapped,2025-09-01,,2026-08-01
EMP342,Maha Mughal,DEPARTMENT-008,Medical Care,Healthcare Services,ORGANIZATIONAL-UNIT-MED-TEAM-02,POS-334,Medical Officer,Medical Officer,Mid,Professional,Professional/Mid-level,Individual Contributor,No,Individual,PT-MED-PROFESSIONAL,PC-2025-2026-ANNUAL,Mapped,2025-09-01,,2026-08-01
EMP343,Taha Butt,DEPARTMENT-008,Medical Care,Healthcare Services,ORGANIZATIONAL-UNIT-MED-TEAM-01,POS-335,Medical Officer,Medical Officer,Mid,Professional,Professional/Mid-level,Individual Contributor,No,Individual,PT-MED-PROFESSIONAL,PC-2025-2026-ANNUAL,Mapped,2025-09-01,,2026-08-01
EMP344,Saba Latif,DEPARTMENT-008,Medical Care,Healthcare Services,ORGANIZATIONAL-UNIT-MED-TEAM-02,POS-336,Medical Officer,Medical Officer,Mid,Professional,Professional/Mid-level,Individual Contributor,No,Individual,PT-MED-PROFESSIONAL,PC-2025-2026-ANNUAL,Mapped,2025-09-01,,2026-08-01
EMP345,Sana Chaudhry,DEPARTMENT-008,Medical Care,Healthcare Services,ORGANIZATIONAL-UNIT-MED-TEAM-02,POS-337,Junior Medical Officer,Junior Medical Officer,Junior,Entry Level,Junior/Assistant,Individual Contributor,No,Individual,PT-MED-JUNIOR,PC-2025-2026-ANNUAL,Mapped,2025-09-01,,2026-08-01
EMP346,Hira Hashmi,DEPARTMENT-008,Medical Care,Healthcare Services,ORGANIZATIONAL-UNIT-MED-TEAM-02,POS-338,Junior Medical Officer,Junior Medical Officer,Junior,Entry Level,Junior/Assistant,Individual Contributor,No,Individual,PT-MED-JUNIOR,PC-2025-2026-ANNUAL,Mapped,2025-09-01,,2026-08-01
EMP347,Maryam Tariq,DEPARTMENT-008,Medical Care,Healthcare Services,ORGANIZATIONAL-UNIT-MED-TEAM-01,POS-339,Junior Medical Officer,Junior Medical Officer,Junior,Entry Level,Junior/Assistant,Individual Contributor,No,Individual,PT-MED-JUNIOR,PC-2025-2026-ANNUAL,Mapped,2025-09-01,,2026-08-01
EMP348,Anusha Latif,DEPARTMENT-008,Medical Care,Healthcare Services,ORGANIZATIONAL-UNIT-MED-TEAM-02,POS-340,Junior Medical Officer,Junior Medical Officer,Junior,Entry Level,Junior/Assistant,Individual Contributor,No,Individual,PT-MED-JUNIOR,PC-2025-2026-ANNUAL,Mapped,2025-09-01,,2026-08-01
EMP349,Iqra Nawaz,DEPARTMENT-008,Medical Care,Healthcare Services,ORGANIZATIONAL-UNIT-MED-TEAM-02,POS-341,Junior Medical Officer,Junior Medical Officer,Junior,Entry Level,Junior/Assistant,Individual Contributor,No,Individual,PT-MED-JUNIOR,PC-2025-2026-ANNUAL,Mapped,2025-09-01,,2026-08-01
EMP350,Noor Abbasi,DEPARTMENT-008,Medical Care,Healthcare Services,ORGANIZATIONAL-UNIT-MED-TEAM-03,POS-342,Junior Medical Officer,Junior Medical Officer,Junior,Entry Level,Junior/Assistant,Individual Contributor,No,Individual,PT-MED-JUNIOR,PC-2025-2026-ANNUAL,Mapped,2025-09-01,,2026-08-01
EMP351,Talha Shah,DEPARTMENT-008,Medical Care,Healthcare Services,ORGANIZATIONAL-UNIT-MED-TEAM-02,POS-343,Junior Medical Officer,Junior Medical Officer,Junior,Entry Level,Junior/Assistant,Individual Contributor,No,Individual,PT-MED-JUNIOR,PC-2025-2026-ANNUAL,Mapped,2025-09-01,,2026-08-01
EMP352,Bilal Mughal,DEPARTMENT-008,Medical Care,Healthcare Services,ORGANIZATIONAL-UNIT-MED-TEAM-01,POS-344,Junior Medical Officer,Junior Medical Officer,Junior,Entry Level,Junior/Assistant,Individual Contributor,No,Individual,PT-MED-JUNIOR,PC-2025-2026-ANNUAL,Mapped,2025-09-01,,2026-08-01
EMP353,Nida Latif,DEPARTMENT-008,Medical Care,Healthcare Services,ORGANIZATIONAL-UNIT-MED-TEAM-03,POS-345,Junior Medical Officer,Junior Medical Officer,Junior,Entry Level,Junior/Assistant,Individual Contributor,No,Individual,PT-MED-JUNIOR,PC-2025-2026-ANNUAL,Mapped,2025-09-01,,2026-08-01
EMP354,Anam Khalid,DEPARTMENT-008,Medical Care,Healthcare Services,ORGANIZATIONAL-UNIT-MED-TEAM-02,POS-346,Junior Medical Officer,Junior Medical Officer,Junior,Entry Level,Junior/Assistant,Individual Contributor,No,Individual,PT-MED-JUNIOR,PC-2025-2026-ANNUAL,Mapped,2025-09-01,,2026-08-01
EMP355,Saad Shah,DEPARTMENT-008,Medical Care,Healthcare Services,ORGANIZATIONAL-UNIT-MED-TEAM-03,POS-347,Junior Medical Officer,Junior Medical Officer,Junior,Entry Level,Junior/Assistant,Individual Contributor,No,Individual,PT-MED-JUNIOR,PC-2025-2026-ANNUAL,Mapped,2025-09-01,,2026-08-01
EMP356,Hira Mirza,DEPARTMENT-008,Medical Care,Healthcare Services,ORGANIZATIONAL-UNIT-MED-TEAM-03,POS-348,Junior Medical Officer,Junior Medical Officer,Junior,Entry Level,Junior/Assistant,Individual Contributor,No,Individual,PT-MED-JUNIOR,PC-2025-2026-ANNUAL,Mapped,2025-09-01,,2026-08-01
EMP357,Kamran Ismail,DEPARTMENT-008,Medical Care,Healthcare Services,ORGANIZATIONAL-UNIT-MED-TEAM-03,POS-349,Junior Medical Officer,Junior Medical Officer,Junior,Entry Level,Junior/Assistant,Individual Contributor,No,Individual,PT-MED-JUNIOR,PC-2025-2026-ANNUAL,Mapped,2025-09-01,,2026-08-01
EMP358,Junaid Saeed,DEPARTMENT-008,Medical Care,Healthcare Services,ORGANIZATIONAL-UNIT-MED-TEAM-03,POS-350,Clinical Intern,Clinical Intern,Intern,Internship,Intern/Trainee,Individual Contributor,No,Individual,PT-MED-INTERN,PC-2025-2026-ANNUAL,Mapped,2025-09-01,,2026-08-01
EMP359,Saba Mahmood,DEPARTMENT-008,Medical Care,Healthcare Services,ORGANIZATIONAL-UNIT-MED-TEAM-01,POS-351,Clinical Intern,Clinical Intern,Intern,Internship,Intern/Trainee,Individual Contributor,No,Individual,PT-MED-INTERN,PC-2025-2026-ANNUAL,Mapped,2025-09-01,,2026-08-01
EMP360,Omar Qureshi,DEPARTMENT-008,Medical Care,Healthcare Services,ORGANIZATIONAL-UNIT-MED-TEAM-01,POS-352,Clinical Intern,Clinical Intern,Intern,Internship,Intern/Trainee,Individual Contributor,No,Individual,PT-MED-INTERN,PC-2025-2026-ANNUAL,Mapped,2025-09-01,,2026-08-01
EMP361,Hira Siddiqui,DEPARTMENT-009,Training & Development,Learning Services,ORGANIZATIONAL-UNIT-TRN,EXEC-TRN-HEAD,Head of Training and Development,Head of Training and Development,Executive,Executive,Manager/Head,Department Head,Yes,Team/Department,PT-TRN-MANAGER,PC-2025-2026-ANNUAL,Mapped,2025-09-01,,2026-08-01
EMP362,Iqra Mahmood,DEPARTMENT-009,Training & Development,Learning Services,ORGANIZATIONAL-UNIT-TRN,POS-353,Training Manager,Training Manager,Lead/Manager,Management,Manager/Head,Manager/Lead,Yes,Team/Department,PT-TRN-MANAGER,PC-2025-2026-ANNUAL,Mapped,2025-09-01,,2026-08-01
EMP363,Shahzaib Rauf,DEPARTMENT-009,Training & Development,Learning Services,ORGANIZATIONAL-UNIT-TRN,POS-354,Training Manager,Training Manager,Lead/Manager,Management,Manager/Head,Manager/Lead,Yes,Team/Department,PT-TRN-MANAGER,PC-2025-2026-ANNUAL,Mapped,2025-09-01,,2026-08-01
EMP364,Iqra Malik,DEPARTMENT-009,Training & Development,Learning Services,ORGANIZATIONAL-UNIT-TRN,POS-355,Training Manager,Training Manager,Lead/Manager,Management,Manager/Head,Manager/Lead,Yes,Team/Department,PT-TRN-MANAGER,PC-2025-2026-ANNUAL,Mapped,2025-09-01,,2026-08-01
EMP365,Noor Raza,DEPARTMENT-009,Training & Development,Learning Services,ORGANIZATIONAL-UNIT-TRN,POS-356,Training Manager,Training Manager,Lead/Manager,Management,Manager/Head,Manager/Lead,Yes,Team/Department,PT-TRN-MANAGER,PC-2025-2026-ANNUAL,Mapped,2025-09-01,,2026-08-01
EMP366,Saad Khan,DEPARTMENT-009,Training & Development,Learning Services,ORGANIZATIONAL-UNIT-TRN,POS-357,Training Manager,Training Manager,Lead/Manager,Management,Manager/Head,Manager/Lead,Yes,Team/Department,PT-TRN-MANAGER,PC-2025-2026-ANNUAL,Mapped,2025-09-01,,2026-08-01
EMP367,Laiba Siddiqui,DEPARTMENT-009,Training & Development,Learning Services,ORGANIZATIONAL-UNIT-TRN,POS-358,Training Manager,Training Manager,Lead/Manager,Management,Manager/Head,Manager/Lead,Yes,Team/Department,PT-TRN-MANAGER,PC-2025-2026-ANNUAL,Mapped,2025-09-01,,2026-08-01
EMP368,Saba Hashmi,DEPARTMENT-009,Training & Development,Learning Services,ORGANIZATIONAL-UNIT-TRN-TEAM-01,POS-359,Senior Trainer,Senior Trainer,Senior,Senior Professional,Senior/Lead,Senior Individual Contributor,No,Individual + Mentoring,PT-TRN-SENIOR,PC-2025-2026-ANNUAL,Mapped,2025-09-01,,2026-08-01
EMP369,Maha Rauf,DEPARTMENT-009,Training & Development,Learning Services,ORGANIZATIONAL-UNIT-TRN-TEAM-03,POS-360,Senior Trainer,Senior Trainer,Senior,Senior Professional,Senior/Lead,Senior Individual Contributor,No,Individual + Mentoring,PT-TRN-SENIOR,PC-2025-2026-ANNUAL,Mapped,2025-09-01,,2026-08-01
EMP370,Anusha Mahmood,DEPARTMENT-009,Training & Development,Learning Services,ORGANIZATIONAL-UNIT-TRN-TEAM-02,POS-361,Senior Trainer,Senior Trainer,Senior,Senior Professional,Senior/Lead,Senior Individual Contributor,No,Individual + Mentoring,PT-TRN-SENIOR,PC-2025-2026-ANNUAL,Mapped,2025-09-01,,2026-08-01
EMP371,Omar Tariq,DEPARTMENT-009,Training & Development,Learning Services,ORGANIZATIONAL-UNIT-TRN-TEAM-01,POS-362,Senior Trainer,Senior Trainer,Senior,Senior Professional,Senior/Lead,Senior Individual Contributor,No,Individual + Mentoring,PT-TRN-SENIOR,PC-2025-2026-ANNUAL,Mapped,2025-09-01,,2026-08-01
EMP372,Hassan Nadeem,DEPARTMENT-009,Training & Development,Learning Services,ORGANIZATIONAL-UNIT-TRN-TEAM-01,POS-363,Senior Trainer,Senior Trainer,Senior,Senior Professional,Senior/Lead,Senior Individual Contributor,No,Individual + Mentoring,PT-TRN-SENIOR,PC-2025-2026-ANNUAL,Mapped,2025-09-01,,2026-08-01
EMP373,Noman Nawaz,DEPARTMENT-009,Training & Development,Learning Services,ORGANIZATIONAL-UNIT-TRN-TEAM-03,POS-364,Senior Trainer,Senior Trainer,Senior,Senior Professional,Senior/Lead,Senior Individual Contributor,No,Individual + Mentoring,PT-TRN-SENIOR,PC-2025-2026-ANNUAL,Mapped,2025-09-01,,2026-08-01
EMP374,Iqra Habib,DEPARTMENT-009,Training & Development,Learning Services,ORGANIZATIONAL-UNIT-TRN-TEAM-01,POS-365,Senior Trainer,Senior Trainer,Senior,Senior Professional,Senior/Lead,Senior Individual Contributor,No,Individual + Mentoring,PT-TRN-SENIOR,PC-2025-2026-ANNUAL,Mapped,2025-09-01,,2026-08-01
EMP375,Sana Mirza,DEPARTMENT-009,Training & Development,Learning Services,ORGANIZATIONAL-UNIT-TRN-TEAM-02,POS-366,Senior Trainer,Senior Trainer,Senior,Senior Professional,Senior/Lead,Senior Individual Contributor,No,Individual + Mentoring,PT-TRN-SENIOR,PC-2025-2026-ANNUAL,Mapped,2025-09-01,,2026-08-01
EMP376,Amna Nasir,DEPARTMENT-009,Training & Development,Learning Services,ORGANIZATIONAL-UNIT-TRN-TEAM-03,POS-367,Learning and Development Specialist,Learning and Development Specialist,Mid,Professional,Professional/Mid-level,Individual Contributor,No,Individual,PT-TRN-PROFESSIONAL,PC-2025-2026-ANNUAL,Mapped,2025-09-01,,2026-08-01
EMP377,Anam Mirza,DEPARTMENT-009,Training & Development,Learning Services,ORGANIZATIONAL-UNIT-TRN-TEAM-02,POS-368,Learning and Development Specialist,Learning and Development Specialist,Mid,Professional,Professional/Mid-level,Individual Contributor,No,Individual,PT-TRN-PROFESSIONAL,PC-2025-2026-ANNUAL,Mapped,2025-09-01,,2026-08-01
EMP378,Anam Qureshi,DEPARTMENT-009,Training & Development,Learning Services,ORGANIZATIONAL-UNIT-TRN-TEAM-03,POS-369,Learning and Development Specialist,Learning and Development Specialist,Mid,Professional,Professional/Mid-level,Individual Contributor,No,Individual,PT-TRN-PROFESSIONAL,PC-2025-2026-ANNUAL,Mapped,2025-09-01,,2026-08-01
EMP379,Anusha Qureshi,DEPARTMENT-009,Training & Development,Learning Services,ORGANIZATIONAL-UNIT-TRN-TEAM-01,POS-370,Learning and Development Specialist,Learning and Development Specialist,Mid,Professional,Professional/Mid-level,Individual Contributor,No,Individual,PT-TRN-PROFESSIONAL,PC-2025-2026-ANNUAL,Mapped,2025-09-01,,2026-08-01
EMP380,Maha Waheed,DEPARTMENT-009,Training & Development,Learning Services,ORGANIZATIONAL-UNIT-TRN-TEAM-02,POS-371,Learning and Development Specialist,Learning and Development Specialist,Mid,Professional,Professional/Mid-level,Individual Contributor,No,Individual,PT-TRN-PROFESSIONAL,PC-2025-2026-ANNUAL,Mapped,2025-09-01,,2026-08-01
EMP381,Iqra Latif,DEPARTMENT-009,Training & Development,Learning Services,ORGANIZATIONAL-UNIT-TRN-TEAM-03,POS-372,Learning and Development Specialist,Learning and Development Specialist,Mid,Professional,Professional/Mid-level,Individual Contributor,No,Individual,PT-TRN-PROFESSIONAL,PC-2025-2026-ANNUAL,Mapped,2025-09-01,,2026-08-01
EMP382,Fahad Ahmed,DEPARTMENT-009,Training & Development,Learning Services,ORGANIZATIONAL-UNIT-TRN-TEAM-03,POS-373,Learning and Development Specialist,Learning and Development Specialist,Mid,Professional,Professional/Mid-level,Individual Contributor,No,Individual,PT-TRN-PROFESSIONAL,PC-2025-2026-ANNUAL,Mapped,2025-09-01,,2026-08-01
EMP383,Rabia Awan,DEPARTMENT-009,Training & Development,Learning Services,ORGANIZATIONAL-UNIT-TRN-TEAM-03,POS-374,Learning and Development Specialist,Learning and Development Specialist,Mid,Professional,Professional/Mid-level,Individual Contributor,No,Individual,PT-TRN-PROFESSIONAL,PC-2025-2026-ANNUAL,Mapped,2025-09-01,,2026-08-01
EMP384,Ayesha Farooq,DEPARTMENT-009,Training & Development,Learning Services,ORGANIZATIONAL-UNIT-TRN-TEAM-01,POS-375,Learning and Development Specialist,Learning and Development Specialist,Mid,Professional,Professional/Mid-level,Individual Contributor,No,Individual,PT-TRN-PROFESSIONAL,PC-2025-2026-ANNUAL,Mapped,2025-09-01,,2026-08-01
EMP385,Waqas Raza,DEPARTMENT-009,Training & Development,Learning Services,ORGANIZATIONAL-UNIT-TRN-TEAM-01,POS-376,Learning and Development Specialist,Learning and Development Specialist,Mid,Professional,Professional/Mid-level,Individual Contributor,No,Individual,PT-TRN-PROFESSIONAL,PC-2025-2026-ANNUAL,Mapped,2025-09-01,,2026-08-01
EMP386,Areeba Nasir,DEPARTMENT-009,Training & Development,Learning Services,ORGANIZATIONAL-UNIT-TRN-TEAM-02,POS-377,Learning and Development Specialist,Learning and Development Specialist,Mid,Professional,Professional/Mid-level,Individual Contributor,No,Individual,PT-TRN-PROFESSIONAL,PC-2025-2026-ANNUAL,Mapped,2025-09-01,,2026-08-01
EMP387,Usman Rashid,DEPARTMENT-009,Training & Development,Learning Services,ORGANIZATIONAL-UNIT-TRN-TEAM-01,POS-378,Learning and Development Specialist,Learning and Development Specialist,Mid,Professional,Professional/Mid-level,Individual Contributor,No,Individual,PT-TRN-PROFESSIONAL,PC-2025-2026-ANNUAL,Mapped,2025-09-01,,2026-08-01
EMP388,Kashif Mughal,DEPARTMENT-009,Training & Development,Learning Services,ORGANIZATIONAL-UNIT-TRN-TEAM-03,POS-379,Learning and Development Specialist,Learning and Development Specialist,Mid,Professional,Professional/Mid-level,Individual Contributor,No,Individual,PT-TRN-PROFESSIONAL,PC-2025-2026-ANNUAL,Mapped,2025-09-01,,2026-08-01
EMP389,Amna Latif,DEPARTMENT-009,Training & Development,Learning Services,ORGANIZATIONAL-UNIT-TRN-TEAM-03,POS-380,Learning and Development Specialist,Learning and Development Specialist,Mid,Professional,Professional/Mid-level,Individual Contributor,No,Individual,PT-TRN-PROFESSIONAL,PC-2025-2026-ANNUAL,Mapped,2025-09-01,,2026-08-01
EMP390,Nida Ali,DEPARTMENT-009,Training & Development,Learning Services,ORGANIZATIONAL-UNIT-TRN-TEAM-03,POS-381,Training Coordinator,Training Coordinator,Junior,Entry Level,Junior/Assistant,Individual Contributor,No,Individual,PT-TRN-JUNIOR,PC-2025-2026-ANNUAL,Mapped,2025-09-01,,2026-08-01
EMP391,Zainab Aslam,DEPARTMENT-009,Training & Development,Learning Services,ORGANIZATIONAL-UNIT-TRN-TEAM-02,POS-382,Training Coordinator,Training Coordinator,Junior,Entry Level,Junior/Assistant,Individual Contributor,No,Individual,PT-TRN-JUNIOR,PC-2025-2026-ANNUAL,Mapped,2025-09-01,,2026-08-01
EMP392,Danish Zafar,DEPARTMENT-009,Training & Development,Learning Services,ORGANIZATIONAL-UNIT-TRN-TEAM-03,POS-383,Training Coordinator,Training Coordinator,Junior,Entry Level,Junior/Assistant,Individual Contributor,No,Individual,PT-TRN-JUNIOR,PC-2025-2026-ANNUAL,Mapped,2025-09-01,,2026-08-01
EMP393,Nida Awan,DEPARTMENT-009,Training & Development,Learning Services,ORGANIZATIONAL-UNIT-TRN-TEAM-01,POS-384,Training Coordinator,Training Coordinator,Junior,Entry Level,Junior/Assistant,Individual Contributor,No,Individual,PT-TRN-JUNIOR,PC-2025-2026-ANNUAL,Mapped,2025-09-01,,2026-08-01
EMP394,Usman Ansari,DEPARTMENT-009,Training & Development,Learning Services,ORGANIZATIONAL-UNIT-TRN-TEAM-02,POS-385,Training Coordinator,Training Coordinator,Junior,Entry Level,Junior/Assistant,Individual Contributor,No,Individual,PT-TRN-JUNIOR,PC-2025-2026-ANNUAL,Mapped,2025-09-01,,2026-08-01
EMP395,Ayesha Raza,DEPARTMENT-009,Training & Development,Learning Services,ORGANIZATIONAL-UNIT-TRN-TEAM-03,POS-386,Training Coordinator,Training Coordinator,Junior,Entry Level,Junior/Assistant,Individual Contributor,No,Individual,PT-TRN-JUNIOR,PC-2025-2026-ANNUAL,Mapped,2025-09-01,,2026-08-01
EMP396,Minal Ahmed,DEPARTMENT-009,Training & Development,Learning Services,ORGANIZATIONAL-UNIT-TRN-TEAM-01,POS-387,Training Coordinator,Training Coordinator,Junior,Entry Level,Junior/Assistant,Individual Contributor,No,Individual,PT-TRN-JUNIOR,PC-2025-2026-ANNUAL,Mapped,2025-09-01,,2026-08-01
EMP397,Maryam Ahmed,DEPARTMENT-009,Training & Development,Learning Services,ORGANIZATIONAL-UNIT-TRN-TEAM-01,POS-388,Training Coordinator,Training Coordinator,Junior,Entry Level,Junior/Assistant,Individual Contributor,No,Individual,PT-TRN-JUNIOR,PC-2025-2026-ANNUAL,Mapped,2025-09-01,,2026-08-01
EMP398,Hassan Chaudhry,DEPARTMENT-009,Training & Development,Learning Services,ORGANIZATIONAL-UNIT-TRN-TEAM-01,POS-389,Training Coordinator,Training Coordinator,Junior,Entry Level,Junior/Assistant,Individual Contributor,No,Individual,PT-TRN-JUNIOR,PC-2025-2026-ANNUAL,Mapped,2025-09-01,,2026-08-01
EMP399,Nida Khalid,DEPARTMENT-009,Training & Development,Learning Services,ORGANIZATIONAL-UNIT-TRN-TEAM-01,POS-390,Training Coordinator,Training Coordinator,Junior,Entry Level,Junior/Assistant,Individual Contributor,No,Individual,PT-TRN-JUNIOR,PC-2025-2026-ANNUAL,Mapped,2025-09-01,,2026-08-01
EMP400,Hassan Shah,DEPARTMENT-009,Training & Development,Learning Services,ORGANIZATIONAL-UNIT-TRN-TEAM-01,POS-391,Training Coordinator,Training Coordinator,Junior,Entry Level,Junior/Assistant,Individual Contributor,No,Individual,PT-TRN-JUNIOR,PC-2025-2026-ANNUAL,Mapped,2025-09-01,,2026-08-01
EMP401,Ahmed Malik,DEPARTMENT-009,Training & Development,Learning Services,ORGANIZATIONAL-UNIT-TRN-TEAM-03,POS-392,Training Coordinator,Training Coordinator,Junior,Entry Level,Junior/Assistant,Individual Contributor,No,Individual,PT-TRN-JUNIOR,PC-2025-2026-ANNUAL,Mapped,2025-09-01,,2026-08-01
EMP402,Asad Habib,DEPARTMENT-009,Training & Development,Learning Services,ORGANIZATIONAL-UNIT-TRN-TEAM-02,POS-393,Training Coordinator,Training Coordinator,Junior,Entry Level,Junior/Assistant,Individual Contributor,No,Individual,PT-TRN-JUNIOR,PC-2025-2026-ANNUAL,Mapped,2025-09-01,,2026-08-01
EMP403,Ayesha Khan,DEPARTMENT-009,Training & Development,Learning Services,ORGANIZATIONAL-UNIT-TRN-TEAM-01,POS-394,Training Intern,Training Intern,Intern,Internship,Intern/Trainee,Individual Contributor,No,Individual,PT-TRN-INTERN,PC-2025-2026-ANNUAL,Mapped,2025-09-01,,2026-08-01
EMP404,Adnan Aslam,DEPARTMENT-009,Training & Development,Learning Services,ORGANIZATIONAL-UNIT-TRN-TEAM-03,POS-395,Training Intern,Training Intern,Intern,Internship,Intern/Trainee,Individual Contributor,No,Individual,PT-TRN-INTERN,PC-2025-2026-ANNUAL,Mapped,2025-09-01,,2026-08-01
EMP405,Kinza Yousaf,DEPARTMENT-009,Training & Development,Learning Services,ORGANIZATIONAL-UNIT-TRN-TEAM-02,POS-396,Training Intern,Training Intern,Intern,Internship,Intern/Trainee,Individual Contributor,No,Individual,PT-TRN-INTERN,PC-2025-2026-ANNUAL,Mapped,2025-09-01,,2026-08-01
EMP406,Taha Ejaz,DEPARTMENT-010,Administration & Facilities,Corporate Services,ORGANIZATIONAL-UNIT-ADM,EXEC-ADM-HEAD,Head of Administration and Facilities,Head of Administration and Facilities,Executive,Executive,Manager/Head,Department Head,Yes,Team/Department,PT-ADM-MANAGER,PC-2025-2026-ANNUAL,Mapped,2025-09-01,,2026-08-01
EMP407,Rabia Raza,DEPARTMENT-010,Administration & Facilities,Corporate Services,ORGANIZATIONAL-UNIT-ADM,POS-397,Administration Manager,Administration Manager,Lead/Manager,Management,Manager/Head,Manager/Lead,Yes,Team/Department,PT-ADM-MANAGER,PC-2025-2026-ANNUAL,Mapped,2025-09-01,,2026-08-01
EMP408,Anam Yousaf,DEPARTMENT-010,Administration & Facilities,Corporate Services,ORGANIZATIONAL-UNIT-ADM,POS-398,Administration Manager,Administration Manager,Lead/Manager,Management,Manager/Head,Manager/Lead,Yes,Team/Department,PT-ADM-MANAGER,PC-2025-2026-ANNUAL,Mapped,2025-09-01,,2026-08-01
EMP409,Waqas Akhtar,DEPARTMENT-010,Administration & Facilities,Corporate Services,ORGANIZATIONAL-UNIT-ADM,POS-399,Administration Manager,Administration Manager,Lead/Manager,Management,Manager/Head,Manager/Lead,Yes,Team/Department,PT-ADM-MANAGER,PC-2025-2026-ANNUAL,Mapped,2025-09-01,,2026-08-01
EMP410,Asad Rehman,DEPARTMENT-010,Administration & Facilities,Corporate Services,ORGANIZATIONAL-UNIT-ADM,POS-400,Administration Manager,Administration Manager,Lead/Manager,Management,Manager/Head,Manager/Lead,Yes,Team/Department,PT-ADM-MANAGER,PC-2025-2026-ANNUAL,Mapped,2025-09-01,,2026-08-01
EMP411,Hamza Habib,DEPARTMENT-010,Administration & Facilities,Corporate Services,ORGANIZATIONAL-UNIT-ADM,POS-401,Administration Manager,Administration Manager,Lead/Manager,Management,Manager/Head,Manager/Lead,Yes,Team/Department,PT-ADM-MANAGER,PC-2025-2026-ANNUAL,Mapped,2025-09-01,,2026-08-01
EMP412,Noor Mahmood,DEPARTMENT-010,Administration & Facilities,Corporate Services,ORGANIZATIONAL-UNIT-ADM,POS-402,Administration Manager,Administration Manager,Lead/Manager,Management,Manager/Head,Manager/Lead,Yes,Team/Department,PT-ADM-MANAGER,PC-2025-2026-ANNUAL,Mapped,2025-09-01,,2026-08-01
EMP413,Ali Akhtar,DEPARTMENT-010,Administration & Facilities,Corporate Services,ORGANIZATIONAL-UNIT-ADM-TEAM-01,POS-403,Senior Administration Officer,Senior Administration Officer,Senior,Senior Professional,Senior/Lead,Senior Individual Contributor,No,Individual + Mentoring,PT-ADM-SENIOR,PC-2025-2026-ANNUAL,Mapped,2025-09-01,,2026-08-01
EMP414,Zainab Tariq,DEPARTMENT-010,Administration & Facilities,Corporate Services,ORGANIZATIONAL-UNIT-ADM-TEAM-03,POS-404,Senior Administration Officer,Senior Administration Officer,Senior,Senior Professional,Senior/Lead,Senior Individual Contributor,No,Individual + Mentoring,PT-ADM-SENIOR,PC-2025-2026-ANNUAL,Mapped,2025-09-01,,2026-08-01
EMP415,Mahnoor Aziz,DEPARTMENT-010,Administration & Facilities,Corporate Services,ORGANIZATIONAL-UNIT-ADM-TEAM-02,POS-405,Senior Administration Officer,Senior Administration Officer,Senior,Senior Professional,Senior/Lead,Senior Individual Contributor,No,Individual + Mentoring,PT-ADM-SENIOR,PC-2025-2026-ANNUAL,Mapped,2025-09-01,,2026-08-01
EMP416,Nida Raza,DEPARTMENT-010,Administration & Facilities,Corporate Services,ORGANIZATIONAL-UNIT-ADM-TEAM-01,POS-406,Senior Administration Officer,Senior Administration Officer,Senior,Senior Professional,Senior/Lead,Senior Individual Contributor,No,Individual + Mentoring,PT-ADM-SENIOR,PC-2025-2026-ANNUAL,Mapped,2025-09-01,,2026-08-01
EMP417,Saba Ali,DEPARTMENT-010,Administration & Facilities,Corporate Services,ORGANIZATIONAL-UNIT-ADM-TEAM-03,POS-407,Senior Administration Officer,Senior Administration Officer,Senior,Senior Professional,Senior/Lead,Senior Individual Contributor,No,Individual + Mentoring,PT-ADM-SENIOR,PC-2025-2026-ANNUAL,Mapped,2025-09-01,,2026-08-01
EMP418,Imran Raza,DEPARTMENT-010,Administration & Facilities,Corporate Services,ORGANIZATIONAL-UNIT-ADM-TEAM-02,POS-408,Senior Administration Officer,Senior Administration Officer,Senior,Senior Professional,Senior/Lead,Senior Individual Contributor,No,Individual + Mentoring,PT-ADM-SENIOR,PC-2025-2026-ANNUAL,Mapped,2025-09-01,,2026-08-01
EMP419,Anam Baig,DEPARTMENT-010,Administration & Facilities,Corporate Services,ORGANIZATIONAL-UNIT-ADM-TEAM-03,POS-409,Senior Administration Officer,Senior Administration Officer,Senior,Senior Professional,Senior/Lead,Senior Individual Contributor,No,Individual + Mentoring,PT-ADM-SENIOR,PC-2025-2026-ANNUAL,Mapped,2025-09-01,,2026-08-01
EMP420,Imran Faisal,DEPARTMENT-010,Administration & Facilities,Corporate Services,ORGANIZATIONAL-UNIT-ADM-TEAM-02,POS-410,Senior Administration Officer,Senior Administration Officer,Senior,Senior Professional,Senior/Lead,Senior Individual Contributor,No,Individual + Mentoring,PT-ADM-SENIOR,PC-2025-2026-ANNUAL,Mapped,2025-09-01,,2026-08-01
EMP421,Amna Mirza,DEPARTMENT-010,Administration & Facilities,Corporate Services,ORGANIZATIONAL-UNIT-ADM-TEAM-03,POS-411,Administration Officer,Administration Officer,Mid,Professional,Professional/Mid-level,Individual Contributor,No,Individual,PT-ADM-PROFESSIONAL,PC-2025-2026-ANNUAL,Mapped,2025-09-01,,2026-08-01
EMP422,Farhan Ismail,DEPARTMENT-010,Administration & Facilities,Corporate Services,ORGANIZATIONAL-UNIT-ADM-TEAM-02,POS-412,Administration Officer,Administration Officer,Mid,Professional,Professional/Mid-level,Individual Contributor,No,Individual,PT-ADM-PROFESSIONAL,PC-2025-2026-ANNUAL,Mapped,2025-09-01,,2026-08-01
EMP423,Danish Latif,DEPARTMENT-010,Administration & Facilities,Corporate Services,ORGANIZATIONAL-UNIT-ADM-TEAM-02,POS-413,Administration Officer,Administration Officer,Mid,Professional,Professional/Mid-level,Individual Contributor,No,Individual,PT-ADM-PROFESSIONAL,PC-2025-2026-ANNUAL,Mapped,2025-09-01,,2026-08-01
EMP424,Omar Hameed,DEPARTMENT-010,Administration & Facilities,Corporate Services,ORGANIZATIONAL-UNIT-ADM-TEAM-02,POS-414,Administration Officer,Administration Officer,Mid,Professional,Professional/Mid-level,Individual Contributor,No,Individual,PT-ADM-PROFESSIONAL,PC-2025-2026-ANNUAL,Mapped,2025-09-01,,2026-08-01
EMP425,Saad Awan,DEPARTMENT-010,Administration & Facilities,Corporate Services,ORGANIZATIONAL-UNIT-ADM-TEAM-01,POS-415,Administration Officer,Administration Officer,Mid,Professional,Professional/Mid-level,Individual Contributor,No,Individual,PT-ADM-PROFESSIONAL,PC-2025-2026-ANNUAL,Mapped,2025-09-01,,2026-08-01
EMP426,Hassan Khan,DEPARTMENT-010,Administration & Facilities,Corporate Services,ORGANIZATIONAL-UNIT-ADM-TEAM-02,POS-416,Administration Officer,Administration Officer,Mid,Professional,Professional/Mid-level,Individual Contributor,No,Individual,PT-ADM-PROFESSIONAL,PC-2025-2026-ANNUAL,Mapped,2025-09-01,,2026-08-01
EMP427,Zainab Ahmed,DEPARTMENT-010,Administration & Facilities,Corporate Services,ORGANIZATIONAL-UNIT-ADM-TEAM-03,POS-417,Administration Officer,Administration Officer,Mid,Professional,Professional/Mid-level,Individual Contributor,No,Individual,PT-ADM-PROFESSIONAL,PC-2025-2026-ANNUAL,Mapped,2025-09-01,,2026-08-01
EMP428,Kinza Munir,DEPARTMENT-010,Administration & Facilities,Corporate Services,ORGANIZATIONAL-UNIT-ADM-TEAM-02,POS-418,Administration Officer,Administration Officer,Mid,Professional,Professional/Mid-level,Individual Contributor,No,Individual,PT-ADM-PROFESSIONAL,PC-2025-2026-ANNUAL,Mapped,2025-09-01,,2026-08-01
EMP429,Komal Latif,DEPARTMENT-010,Administration & Facilities,Corporate Services,ORGANIZATIONAL-UNIT-ADM-TEAM-02,POS-419,Administration Officer,Administration Officer,Mid,Professional,Professional/Mid-level,Individual Contributor,No,Individual,PT-ADM-PROFESSIONAL,PC-2025-2026-ANNUAL,Mapped,2025-09-01,,2026-08-01
EMP430,Saad Raza,DEPARTMENT-010,Administration & Facilities,Corporate Services,ORGANIZATIONAL-UNIT-ADM-TEAM-01,POS-420,Administration Officer,Administration Officer,Mid,Professional,Professional/Mid-level,Individual Contributor,No,Individual,PT-ADM-PROFESSIONAL,PC-2025-2026-ANNUAL,Mapped,2025-09-01,,2026-08-01
EMP431,Noman Iqbal,DEPARTMENT-010,Administration & Facilities,Corporate Services,ORGANIZATIONAL-UNIT-ADM-TEAM-03,POS-421,Administration Officer,Administration Officer,Mid,Professional,Professional/Mid-level,Individual Contributor,No,Individual,PT-ADM-PROFESSIONAL,PC-2025-2026-ANNUAL,Mapped,2025-09-01,,2026-08-01
EMP432,Kinza Hashmi,DEPARTMENT-010,Administration & Facilities,Corporate Services,ORGANIZATIONAL-UNIT-ADM-TEAM-01,POS-422,Administration Officer,Administration Officer,Mid,Professional,Professional/Mid-level,Individual Contributor,No,Individual,PT-ADM-PROFESSIONAL,PC-2025-2026-ANNUAL,Mapped,2025-09-01,,2026-08-01
EMP433,Amna Mahmood,DEPARTMENT-010,Administration & Facilities,Corporate Services,ORGANIZATIONAL-UNIT-ADM-TEAM-03,POS-423,Administration Officer,Administration Officer,Mid,Professional,Professional/Mid-level,Individual Contributor,No,Individual,PT-ADM-PROFESSIONAL,PC-2025-2026-ANNUAL,Mapped,2025-09-01,,2026-08-01
EMP434,Ayesha Awan,DEPARTMENT-010,Administration & Facilities,Corporate Services,ORGANIZATIONAL-UNIT-ADM-TEAM-02,POS-424,Administration Officer,Administration Officer,Mid,Professional,Professional/Mid-level,Individual Contributor,No,Individual,PT-ADM-PROFESSIONAL,PC-2025-2026-ANNUAL,Mapped,2025-09-01,,2026-08-01
EMP435,Kamran Sultan,DEPARTMENT-010,Administration & Facilities,Corporate Services,ORGANIZATIONAL-UNIT-ADM-TEAM-01,POS-425,Administrative Assistant,Administrative Assistant,Junior,Entry Level,Junior/Assistant,Individual Contributor,No,Individual,PT-ADM-JUNIOR,PC-2025-2026-ANNUAL,Mapped,2025-09-01,,2026-08-01
EMP436,Anusha Chaudhry,DEPARTMENT-010,Administration & Facilities,Corporate Services,ORGANIZATIONAL-UNIT-ADM-TEAM-01,POS-426,Administrative Assistant,Administrative Assistant,Junior,Entry Level,Junior/Assistant,Individual Contributor,No,Individual,PT-ADM-JUNIOR,PC-2025-2026-ANNUAL,Mapped,2025-09-01,,2026-08-01
EMP437,Ali Ismail,DEPARTMENT-010,Administration & Facilities,Corporate Services,ORGANIZATIONAL-UNIT-ADM-TEAM-02,POS-427,Administrative Assistant,Administrative Assistant,Junior,Entry Level,Junior/Assistant,Individual Contributor,No,Individual,PT-ADM-JUNIOR,PC-2025-2026-ANNUAL,Mapped,2025-09-01,,2026-08-01
EMP438,Fahad Habib,DEPARTMENT-010,Administration & Facilities,Corporate Services,ORGANIZATIONAL-UNIT-ADM-TEAM-01,POS-428,Administrative Assistant,Administrative Assistant,Junior,Entry Level,Junior/Assistant,Individual Contributor,No,Individual,PT-ADM-JUNIOR,PC-2025-2026-ANNUAL,Mapped,2025-09-01,,2026-08-01
EMP439,Imran Shah,DEPARTMENT-010,Administration & Facilities,Corporate Services,ORGANIZATIONAL-UNIT-ADM-TEAM-02,POS-429,Administrative Assistant,Administrative Assistant,Junior,Entry Level,Junior/Assistant,Individual Contributor,No,Individual,PT-ADM-JUNIOR,PC-2025-2026-ANNUAL,Mapped,2025-09-01,,2026-08-01
EMP440,Iqra Zafar,DEPARTMENT-010,Administration & Facilities,Corporate Services,ORGANIZATIONAL-UNIT-ADM-TEAM-02,POS-430,Administrative Assistant,Administrative Assistant,Junior,Entry Level,Junior/Assistant,Individual Contributor,No,Individual,PT-ADM-JUNIOR,PC-2025-2026-ANNUAL,Mapped,2025-09-01,,2026-08-01
EMP441,Mahnoor Waheed,DEPARTMENT-010,Administration & Facilities,Corporate Services,ORGANIZATIONAL-UNIT-ADM-TEAM-03,POS-431,Administrative Assistant,Administrative Assistant,Junior,Entry Level,Junior/Assistant,Individual Contributor,No,Individual,PT-ADM-JUNIOR,PC-2025-2026-ANNUAL,Mapped,2025-09-01,,2026-08-01
EMP442,Usman Riaz,DEPARTMENT-010,Administration & Facilities,Corporate Services,ORGANIZATIONAL-UNIT-ADM-TEAM-02,POS-432,Administrative Assistant,Administrative Assistant,Junior,Entry Level,Junior/Assistant,Individual Contributor,No,Individual,PT-ADM-JUNIOR,PC-2025-2026-ANNUAL,Mapped,2025-09-01,,2026-08-01
EMP443,Noman Ismail,DEPARTMENT-010,Administration & Facilities,Corporate Services,ORGANIZATIONAL-UNIT-ADM-TEAM-03,POS-433,Administrative Assistant,Administrative Assistant,Junior,Entry Level,Junior/Assistant,Individual Contributor,No,Individual,PT-ADM-JUNIOR,PC-2025-2026-ANNUAL,Mapped,2025-09-01,,2026-08-01
EMP444,Ahmed Latif,DEPARTMENT-010,Administration & Facilities,Corporate Services,ORGANIZATIONAL-UNIT-ADM-TEAM-03,POS-434,Administrative Assistant,Administrative Assistant,Junior,Entry Level,Junior/Assistant,Individual Contributor,No,Individual,PT-ADM-JUNIOR,PC-2025-2026-ANNUAL,Mapped,2025-09-01,,2026-08-01
EMP445,Areeba Baig,DEPARTMENT-010,Administration & Facilities,Corporate Services,ORGANIZATIONAL-UNIT-ADM-TEAM-02,POS-435,Administrative Assistant,Administrative Assistant,Junior,Entry Level,Junior/Assistant,Individual Contributor,No,Individual,PT-ADM-JUNIOR,PC-2025-2026-ANNUAL,Mapped,2025-09-01,,2026-08-01
EMP446,Nida Khan,DEPARTMENT-010,Administration & Facilities,Corporate Services,ORGANIZATIONAL-UNIT-ADM-TEAM-02,POS-436,Administrative Assistant,Administrative Assistant,Junior,Entry Level,Junior/Assistant,Individual Contributor,No,Individual,PT-ADM-JUNIOR,PC-2025-2026-ANNUAL,Mapped,2025-09-01,,2026-08-01
EMP447,Junaid Qureshi,DEPARTMENT-010,Administration & Facilities,Corporate Services,ORGANIZATIONAL-UNIT-ADM-TEAM-01,POS-437,Administrative Assistant,Administrative Assistant,Junior,Entry Level,Junior/Assistant,Individual Contributor,No,Individual,PT-ADM-JUNIOR,PC-2025-2026-ANNUAL,Mapped,2025-09-01,,2026-08-01
EMP448,Kashif Siddiqui,DEPARTMENT-010,Administration & Facilities,Corporate Services,ORGANIZATIONAL-UNIT-ADM-TEAM-01,POS-438,Administration Intern,Administration Intern,Intern,Internship,Intern/Trainee,Individual Contributor,No,Individual,PT-ADM-INTERN,PC-2025-2026-ANNUAL,Mapped,2025-09-01,,2026-08-01
EMP449,Rabia Mahmood,DEPARTMENT-010,Administration & Facilities,Corporate Services,ORGANIZATIONAL-UNIT-ADM-TEAM-01,POS-439,Administration Intern,Administration Intern,Intern,Internship,Intern/Trainee,Individual Contributor,No,Individual,PT-ADM-INTERN,PC-2025-2026-ANNUAL,Mapped,2025-09-01,,2026-08-01
EMP450,Sana Baig,DEPARTMENT-010,Administration & Facilities,Corporate Services,ORGANIZATIONAL-UNIT-ADM-TEAM-01,POS-440,Administration Intern,Administration Intern,Intern,Internship,Intern/Trainee,Individual Contributor,No,Individual,PT-ADM-INTERN,PC-2025-2026-ANNUAL,Mapped,2025-09-01,,2026-08-01
EMP451,Nida Farooq,DEPARTMENT-011,Legal & Compliance,Corporate Services,ORGANIZATIONAL-UNIT-LGL,EXEC-LGL-HEAD,Head of Legal and Compliance,Head of Legal and Compliance,Executive,Executive,Manager/Head,Department Head,Yes,Team/Department,PT-LGL-MANAGER,PC-2025-2026-ANNUAL,Mapped,2025-09-01,,2026-08-01
EMP452,Iqra Chaudhry,DEPARTMENT-011,Legal & Compliance,Corporate Services,ORGANIZATIONAL-UNIT-LGL,POS-441,Legal and Compliance Manager,Legal and Compliance Manager,Lead/Manager,Management,Manager/Head,Manager/Lead,Yes,Team/Department,PT-LGL-MANAGER,PC-2025-2026-ANNUAL,Mapped,2025-09-01,,2026-08-01
EMP453,Arham Baig,DEPARTMENT-011,Legal & Compliance,Corporate Services,ORGANIZATIONAL-UNIT-LGL,POS-442,Legal and Compliance Manager,Legal and Compliance Manager,Lead/Manager,Management,Manager/Head,Manager/Lead,Yes,Team/Department,PT-LGL-MANAGER,PC-2025-2026-ANNUAL,Mapped,2025-09-01,,2026-08-01
EMP454,Arham Rashid,DEPARTMENT-011,Legal & Compliance,Corporate Services,ORGANIZATIONAL-UNIT-LGL,POS-443,Legal and Compliance Manager,Legal and Compliance Manager,Lead/Manager,Management,Manager/Head,Manager/Lead,Yes,Team/Department,PT-LGL-MANAGER,PC-2025-2026-ANNUAL,Mapped,2025-09-01,,2026-08-01
EMP455,Adnan Saeed,DEPARTMENT-011,Legal & Compliance,Corporate Services,ORGANIZATIONAL-UNIT-LGL,POS-444,Legal and Compliance Manager,Legal and Compliance Manager,Lead/Manager,Management,Manager/Head,Manager/Lead,Yes,Team/Department,PT-LGL-MANAGER,PC-2025-2026-ANNUAL,Mapped,2025-09-01,,2026-08-01
EMP456,Areeba Saleem,DEPARTMENT-011,Legal & Compliance,Corporate Services,ORGANIZATIONAL-UNIT-LGL,POS-445,Legal and Compliance Manager,Legal and Compliance Manager,Lead/Manager,Management,Manager/Head,Manager/Lead,Yes,Team/Department,PT-LGL-MANAGER,PC-2025-2026-ANNUAL,Mapped,2025-09-01,,2026-08-01
EMP457,Saba Abbasi,DEPARTMENT-011,Legal & Compliance,Corporate Services,ORGANIZATIONAL-UNIT-LGL,POS-446,Legal and Compliance Manager,Legal and Compliance Manager,Lead/Manager,Management,Manager/Head,Manager/Lead,Yes,Team/Department,PT-LGL-MANAGER,PC-2025-2026-ANNUAL,Mapped,2025-09-01,,2026-08-01
EMP458,Taha Ansari,DEPARTMENT-011,Legal & Compliance,Corporate Services,ORGANIZATIONAL-UNIT-LGL-TEAM-02,POS-447,Senior Legal Counsel,Senior Legal Counsel,Senior,Senior Professional,Senior/Lead,Senior Individual Contributor,No,Individual + Mentoring,PT-LGL-SENIOR,PC-2025-2026-ANNUAL,Mapped,2025-09-01,,2026-08-01
EMP459,Minal Iqbal,DEPARTMENT-011,Legal & Compliance,Corporate Services,ORGANIZATIONAL-UNIT-LGL-TEAM-03,POS-448,Senior Legal Counsel,Senior Legal Counsel,Senior,Senior Professional,Senior/Lead,Senior Individual Contributor,No,Individual + Mentoring,PT-LGL-SENIOR,PC-2025-2026-ANNUAL,Mapped,2025-09-01,,2026-08-01
EMP460,Ayesha Javed,DEPARTMENT-011,Legal & Compliance,Corporate Services,ORGANIZATIONAL-UNIT-LGL-TEAM-02,POS-449,Senior Legal Counsel,Senior Legal Counsel,Senior,Senior Professional,Senior/Lead,Senior Individual Contributor,No,Individual + Mentoring,PT-LGL-SENIOR,PC-2025-2026-ANNUAL,Mapped,2025-09-01,,2026-08-01
EMP461,Taha Qureshi,DEPARTMENT-011,Legal & Compliance,Corporate Services,ORGANIZATIONAL-UNIT-LGL-TEAM-03,POS-450,Senior Legal Counsel,Senior Legal Counsel,Senior,Senior Professional,Senior/Lead,Senior Individual Contributor,No,Individual + Mentoring,PT-LGL-SENIOR,PC-2025-2026-ANNUAL,Mapped,2025-09-01,,2026-08-01
EMP462,Waqas Ali,DEPARTMENT-011,Legal & Compliance,Corporate Services,ORGANIZATIONAL-UNIT-LGL-TEAM-02,POS-451,Senior Legal Counsel,Senior Legal Counsel,Senior,Senior Professional,Senior/Lead,Senior Individual Contributor,No,Individual + Mentoring,PT-LGL-SENIOR,PC-2025-2026-ANNUAL,Mapped,2025-09-01,,2026-08-01
EMP463,Talha Ansari,DEPARTMENT-011,Legal & Compliance,Corporate Services,ORGANIZATIONAL-UNIT-LGL-TEAM-02,POS-452,Senior Legal Counsel,Senior Legal Counsel,Senior,Senior Professional,Senior/Lead,Senior Individual Contributor,No,Individual + Mentoring,PT-LGL-SENIOR,PC-2025-2026-ANNUAL,Mapped,2025-09-01,,2026-08-01
EMP464,Nida Ismail,DEPARTMENT-011,Legal & Compliance,Corporate Services,ORGANIZATIONAL-UNIT-LGL-TEAM-03,POS-453,Senior Legal Counsel,Senior Legal Counsel,Senior,Senior Professional,Senior/Lead,Senior Individual Contributor,No,Individual + Mentoring,PT-LGL-SENIOR,PC-2025-2026-ANNUAL,Mapped,2025-09-01,,2026-08-01
EMP465,Amna Habib,DEPARTMENT-011,Legal & Compliance,Corporate Services,ORGANIZATIONAL-UNIT-LGL-TEAM-02,POS-454,Senior Legal Counsel,Senior Legal Counsel,Senior,Senior Professional,Senior/Lead,Senior Individual Contributor,No,Individual + Mentoring,PT-LGL-SENIOR,PC-2025-2026-ANNUAL,Mapped,2025-09-01,,2026-08-01
EMP466,Kashif Saleem,DEPARTMENT-011,Legal & Compliance,Corporate Services,ORGANIZATIONAL-UNIT-LGL-TEAM-02,POS-455,Compliance Analyst,Compliance Analyst,Mid,Professional,Professional/Mid-level,Individual Contributor,No,Individual,PT-LGL-PROFESSIONAL,PC-2025-2026-ANNUAL,Mapped,2025-09-01,,2026-08-01
EMP467,Maryam Dar,DEPARTMENT-011,Legal & Compliance,Corporate Services,ORGANIZATIONAL-UNIT-LGL-TEAM-02,POS-456,Compliance Analyst,Compliance Analyst,Mid,Professional,Professional/Mid-level,Individual Contributor,No,Individual,PT-LGL-PROFESSIONAL,PC-2025-2026-ANNUAL,Mapped,2025-09-01,,2026-08-01
EMP468,Eman Mirza,DEPARTMENT-011,Legal & Compliance,Corporate Services,ORGANIZATIONAL-UNIT-LGL-TEAM-01,POS-457,Compliance Analyst,Compliance Analyst,Mid,Professional,Professional/Mid-level,Individual Contributor,No,Individual,PT-LGL-PROFESSIONAL,PC-2025-2026-ANNUAL,Mapped,2025-09-01,,2026-08-01
EMP469,Sidra Mughal,DEPARTMENT-011,Legal & Compliance,Corporate Services,ORGANIZATIONAL-UNIT-LGL-TEAM-01,POS-458,Compliance Analyst,Compliance Analyst,Mid,Professional,Professional/Mid-level,Individual Contributor,No,Individual,PT-LGL-PROFESSIONAL,PC-2025-2026-ANNUAL,Mapped,2025-09-01,,2026-08-01
EMP470,Anam Javed,DEPARTMENT-011,Legal & Compliance,Corporate Services,ORGANIZATIONAL-UNIT-LGL-TEAM-01,POS-459,Compliance Analyst,Compliance Analyst,Mid,Professional,Professional/Mid-level,Individual Contributor,No,Individual,PT-LGL-PROFESSIONAL,PC-2025-2026-ANNUAL,Mapped,2025-09-01,,2026-08-01
EMP471,Anusha Iqbal,DEPARTMENT-011,Legal & Compliance,Corporate Services,ORGANIZATIONAL-UNIT-LGL-TEAM-03,POS-460,Compliance Analyst,Compliance Analyst,Mid,Professional,Professional/Mid-level,Individual Contributor,No,Individual,PT-LGL-PROFESSIONAL,PC-2025-2026-ANNUAL,Mapped,2025-09-01,,2026-08-01
EMP472,Sidra Iqbal,DEPARTMENT-011,Legal & Compliance,Corporate Services,ORGANIZATIONAL-UNIT-LGL-TEAM-02,POS-461,Compliance Analyst,Compliance Analyst,Mid,Professional,Professional/Mid-level,Individual Contributor,No,Individual,PT-LGL-PROFESSIONAL,PC-2025-2026-ANNUAL,Mapped,2025-09-01,,2026-08-01
EMP473,Areeba Saeed,DEPARTMENT-011,Legal & Compliance,Corporate Services,ORGANIZATIONAL-UNIT-LGL-TEAM-02,POS-462,Compliance Analyst,Compliance Analyst,Mid,Professional,Professional/Mid-level,Individual Contributor,No,Individual,PT-LGL-PROFESSIONAL,PC-2025-2026-ANNUAL,Mapped,2025-09-01,,2026-08-01
EMP474,Mehwish Riaz,DEPARTMENT-011,Legal & Compliance,Corporate Services,ORGANIZATIONAL-UNIT-LGL-TEAM-03,POS-463,Compliance Analyst,Compliance Analyst,Mid,Professional,Professional/Mid-level,Individual Contributor,No,Individual,PT-LGL-PROFESSIONAL,PC-2025-2026-ANNUAL,Mapped,2025-09-01,,2026-08-01
EMP475,Amna Akhtar,DEPARTMENT-011,Legal & Compliance,Corporate Services,ORGANIZATIONAL-UNIT-LGL-TEAM-03,POS-464,Compliance Analyst,Compliance Analyst,Mid,Professional,Professional/Mid-level,Individual Contributor,No,Individual,PT-LGL-PROFESSIONAL,PC-2025-2026-ANNUAL,Mapped,2025-09-01,,2026-08-01
EMP476,Shahzaib Mahmood,DEPARTMENT-011,Legal & Compliance,Corporate Services,ORGANIZATIONAL-UNIT-LGL-TEAM-01,POS-465,Compliance Analyst,Compliance Analyst,Mid,Professional,Professional/Mid-level,Individual Contributor,No,Individual,PT-LGL-PROFESSIONAL,PC-2025-2026-ANNUAL,Mapped,2025-09-01,,2026-08-01
EMP477,Farhan Faisal,DEPARTMENT-011,Legal & Compliance,Corporate Services,ORGANIZATIONAL-UNIT-LGL-TEAM-03,POS-466,Compliance Analyst,Compliance Analyst,Mid,Professional,Professional/Mid-level,Individual Contributor,No,Individual,PT-LGL-PROFESSIONAL,PC-2025-2026-ANNUAL,Mapped,2025-09-01,,2026-08-01
EMP478,Kinza Iqbal,DEPARTMENT-011,Legal & Compliance,Corporate Services,ORGANIZATIONAL-UNIT-LGL-TEAM-01,POS-467,Compliance Analyst,Compliance Analyst,Mid,Professional,Professional/Mid-level,Individual Contributor,No,Individual,PT-LGL-PROFESSIONAL,PC-2025-2026-ANNUAL,Mapped,2025-09-01,,2026-08-01
EMP479,Noman Latif,DEPARTMENT-011,Legal & Compliance,Corporate Services,ORGANIZATIONAL-UNIT-LGL-TEAM-02,POS-468,Compliance Analyst,Compliance Analyst,Mid,Professional,Professional/Mid-level,Individual Contributor,No,Individual,PT-LGL-PROFESSIONAL,PC-2025-2026-ANNUAL,Mapped,2025-09-01,,2026-08-01
EMP480,Ahmed Saeed,DEPARTMENT-011,Legal & Compliance,Corporate Services,ORGANIZATIONAL-UNIT-LGL-TEAM-01,POS-469,Legal Assistant,Legal Assistant,Junior,Entry Level,Junior/Assistant,Individual Contributor,No,Individual,PT-LGL-JUNIOR,PC-2025-2026-ANNUAL,Mapped,2025-09-01,,2026-08-01
EMP481,Rabia Rehman,DEPARTMENT-011,Legal & Compliance,Corporate Services,ORGANIZATIONAL-UNIT-LGL-TEAM-03,POS-470,Legal Assistant,Legal Assistant,Junior,Entry Level,Junior/Assistant,Individual Contributor,No,Individual,PT-LGL-JUNIOR,PC-2025-2026-ANNUAL,Mapped,2025-09-01,,2026-08-01
EMP482,Danish Malik,DEPARTMENT-011,Legal & Compliance,Corporate Services,ORGANIZATIONAL-UNIT-LGL-TEAM-02,POS-471,Legal Assistant,Legal Assistant,Junior,Entry Level,Junior/Assistant,Individual Contributor,No,Individual,PT-LGL-JUNIOR,PC-2025-2026-ANNUAL,Mapped,2025-09-01,,2026-08-01
EMP483,Bilal Mahmood,DEPARTMENT-011,Legal & Compliance,Corporate Services,ORGANIZATIONAL-UNIT-LGL-TEAM-03,POS-472,Legal Assistant,Legal Assistant,Junior,Entry Level,Junior/Assistant,Individual Contributor,No,Individual,PT-LGL-JUNIOR,PC-2025-2026-ANNUAL,Mapped,2025-09-01,,2026-08-01
EMP484,Saba Mughal,DEPARTMENT-011,Legal & Compliance,Corporate Services,ORGANIZATIONAL-UNIT-LGL-TEAM-03,POS-473,Legal Assistant,Legal Assistant,Junior,Entry Level,Junior/Assistant,Individual Contributor,No,Individual,PT-LGL-JUNIOR,PC-2025-2026-ANNUAL,Mapped,2025-09-01,,2026-08-01
EMP485,Sana Nadeem,DEPARTMENT-011,Legal & Compliance,Corporate Services,ORGANIZATIONAL-UNIT-LGL-TEAM-01,POS-474,Legal Assistant,Legal Assistant,Junior,Entry Level,Junior/Assistant,Individual Contributor,No,Individual,PT-LGL-JUNIOR,PC-2025-2026-ANNUAL,Mapped,2025-09-01,,2026-08-01
EMP486,Junaid Nadeem,DEPARTMENT-011,Legal & Compliance,Corporate Services,ORGANIZATIONAL-UNIT-LGL-TEAM-03,POS-475,Legal Assistant,Legal Assistant,Junior,Entry Level,Junior/Assistant,Individual Contributor,No,Individual,PT-LGL-JUNIOR,PC-2025-2026-ANNUAL,Mapped,2025-09-01,,2026-08-01
EMP487,Talha Hashmi,DEPARTMENT-011,Legal & Compliance,Corporate Services,ORGANIZATIONAL-UNIT-LGL-TEAM-02,POS-476,Legal Assistant,Legal Assistant,Junior,Entry Level,Junior/Assistant,Individual Contributor,No,Individual,PT-LGL-JUNIOR,PC-2025-2026-ANNUAL,Mapped,2025-09-01,,2026-08-01
EMP488,Omar Akhtar,DEPARTMENT-011,Legal & Compliance,Corporate Services,ORGANIZATIONAL-UNIT-LGL-TEAM-02,POS-477,Legal Assistant,Legal Assistant,Junior,Entry Level,Junior/Assistant,Individual Contributor,No,Individual,PT-LGL-JUNIOR,PC-2025-2026-ANNUAL,Mapped,2025-09-01,,2026-08-01
EMP489,Sara Zafar,DEPARTMENT-011,Legal & Compliance,Corporate Services,ORGANIZATIONAL-UNIT-LGL-TEAM-01,POS-478,Legal Assistant,Legal Assistant,Junior,Entry Level,Junior/Assistant,Individual Contributor,No,Individual,PT-LGL-JUNIOR,PC-2025-2026-ANNUAL,Mapped,2025-09-01,,2026-08-01
EMP490,Farhan Hameed,DEPARTMENT-011,Legal & Compliance,Corporate Services,ORGANIZATIONAL-UNIT-LGL-TEAM-01,POS-479,Legal Assistant,Legal Assistant,Junior,Entry Level,Junior/Assistant,Individual Contributor,No,Individual,PT-LGL-JUNIOR,PC-2025-2026-ANNUAL,Mapped,2025-09-01,,2026-08-01
EMP491,Zainab Chaudhry,DEPARTMENT-011,Legal & Compliance,Corporate Services,ORGANIZATIONAL-UNIT-LGL-TEAM-03,POS-480,Legal Assistant,Legal Assistant,Junior,Entry Level,Junior/Assistant,Individual Contributor,No,Individual,PT-LGL-JUNIOR,PC-2025-2026-ANNUAL,Mapped,2025-09-01,,2026-08-01
EMP492,Hamza Javed,DEPARTMENT-011,Legal & Compliance,Corporate Services,ORGANIZATIONAL-UNIT-LGL-TEAM-03,POS-481,Legal Assistant,Legal Assistant,Junior,Entry Level,Junior/Assistant,Individual Contributor,No,Individual,PT-LGL-JUNIOR,PC-2025-2026-ANNUAL,Mapped,2025-09-01,,2026-08-01
EMP493,Komal Rehman,DEPARTMENT-011,Legal & Compliance,Corporate Services,ORGANIZATIONAL-UNIT-LGL-TEAM-01,POS-482,Legal Intern,Legal Intern,Intern,Internship,Intern/Trainee,Individual Contributor,No,Individual,PT-LGL-INTERN,PC-2025-2026-ANNUAL,Mapped,2025-09-01,,2026-08-01
EMP494,Anam Mahmood,DEPARTMENT-011,Legal & Compliance,Corporate Services,ORGANIZATIONAL-UNIT-LGL-TEAM-03,POS-483,Legal Intern,Legal Intern,Intern,Internship,Intern/Trainee,Individual Contributor,No,Individual,PT-LGL-INTERN,PC-2025-2026-ANNUAL,Mapped,2025-09-01,,2026-08-01
EMP495,Junaid Chaudhry,DEPARTMENT-011,Legal & Compliance,Corporate Services,ORGANIZATIONAL-UNIT-LGL-TEAM-02,POS-484,Legal Intern,Legal Intern,Intern,Internship,Intern/Trainee,Individual Contributor,No,Individual,PT-LGL-INTERN,PC-2025-2026-ANNUAL,Mapped,2025-09-01,,2026-08-01
EMP496,Ali Nadeem,DEPARTMENT-012,Procurement & Supply Chain,Enterprise Operations,ORGANIZATIONAL-UNIT-PRC,EXEC-PRC-HEAD,Head of Procurement and Supply Chain,Head of Procurement and Supply Chain,Executive,Executive,Manager/Head,Department Head,Yes,Team/Department,PT-PRC-MANAGER,PC-2025-2026-ANNUAL,Mapped,2025-09-01,,2026-08-01
EMP497,Talha Riaz,DEPARTMENT-012,Procurement & Supply Chain,Enterprise Operations,ORGANIZATIONAL-UNIT-PRC,POS-485,Procurement Manager,Procurement Manager,Lead/Manager,Management,Manager/Head,Manager/Lead,Yes,Team/Department,PT-PRC-MANAGER,PC-2025-2026-ANNUAL,Mapped,2025-09-01,,2026-08-01
EMP498,Usman Faisal,DEPARTMENT-012,Procurement & Supply Chain,Enterprise Operations,ORGANIZATIONAL-UNIT-PRC,POS-486,Procurement Manager,Procurement Manager,Lead/Manager,Management,Manager/Head,Manager/Lead,Yes,Team/Department,PT-PRC-MANAGER,PC-2025-2026-ANNUAL,Mapped,2025-09-01,,2026-08-01
EMP499,Rabia Dar,DEPARTMENT-012,Procurement & Supply Chain,Enterprise Operations,ORGANIZATIONAL-UNIT-PRC,POS-487,Procurement Manager,Procurement Manager,Lead/Manager,Management,Manager/Head,Manager/Lead,Yes,Team/Department,PT-PRC-MANAGER,PC-2025-2026-ANNUAL,Mapped,2025-09-01,,2026-08-01
EMP500,Kashif Nasir,DEPARTMENT-012,Procurement & Supply Chain,Enterprise Operations,ORGANIZATIONAL-UNIT-PRC,POS-488,Procurement Manager,Procurement Manager,Lead/Manager,Management,Manager/Head,Manager/Lead,Yes,Team/Department,PT-PRC-MANAGER,PC-2025-2026-ANNUAL,Mapped,2025-09-01,,2026-08-01
EMP501,Kinza Mahmood,DEPARTMENT-012,Procurement & Supply Chain,Enterprise Operations,ORGANIZATIONAL-UNIT-PRC,POS-489,Procurement Manager,Procurement Manager,Lead/Manager,Management,Manager/Head,Manager/Lead,Yes,Team/Department,PT-PRC-MANAGER,PC-2025-2026-ANNUAL,Mapped,2025-09-01,,2026-08-01
EMP502,Talha Rehman,DEPARTMENT-012,Procurement & Supply Chain,Enterprise Operations,ORGANIZATIONAL-UNIT-PRC,POS-490,Procurement Manager,Procurement Manager,Lead/Manager,Management,Manager/Head,Manager/Lead,Yes,Team/Department,PT-PRC-MANAGER,PC-2025-2026-ANNUAL,Mapped,2025-09-01,,2026-08-01
EMP503,Sara Khan,DEPARTMENT-012,Procurement & Supply Chain,Enterprise Operations,ORGANIZATIONAL-UNIT-PRC-TEAM-02,POS-491,Senior Procurement Specialist,Senior Procurement Specialist,Senior,Senior Professional,Senior/Lead,Senior Individual Contributor,No,Individual + Mentoring,PT-PRC-SENIOR,PC-2025-2026-ANNUAL,Mapped,2025-09-01,,2026-08-01
EMP504,Omar Siddiqui,DEPARTMENT-012,Procurement & Supply Chain,Enterprise Operations,ORGANIZATIONAL-UNIT-PRC-TEAM-02,POS-492,Senior Procurement Specialist,Senior Procurement Specialist,Senior,Senior Professional,Senior/Lead,Senior Individual Contributor,No,Individual + Mentoring,PT-PRC-SENIOR,PC-2025-2026-ANNUAL,Mapped,2025-09-01,,2026-08-01
EMP505,Minal Butt,DEPARTMENT-012,Procurement & Supply Chain,Enterprise Operations,ORGANIZATIONAL-UNIT-PRC-TEAM-01,POS-493,Senior Procurement Specialist,Senior Procurement Specialist,Senior,Senior Professional,Senior/Lead,Senior Individual Contributor,No,Individual + Mentoring,PT-PRC-SENIOR,PC-2025-2026-ANNUAL,Mapped,2025-09-01,,2026-08-01
EMP506,Komal Munir,DEPARTMENT-012,Procurement & Supply Chain,Enterprise Operations,ORGANIZATIONAL-UNIT-PRC-TEAM-03,POS-494,Senior Procurement Specialist,Senior Procurement Specialist,Senior,Senior Professional,Senior/Lead,Senior Individual Contributor,No,Individual + Mentoring,PT-PRC-SENIOR,PC-2025-2026-ANNUAL,Mapped,2025-09-01,,2026-08-01
EMP507,Minal Malik,DEPARTMENT-012,Procurement & Supply Chain,Enterprise Operations,ORGANIZATIONAL-UNIT-PRC-TEAM-02,POS-495,Senior Procurement Specialist,Senior Procurement Specialist,Senior,Senior Professional,Senior/Lead,Senior Individual Contributor,No,Individual + Mentoring,PT-PRC-SENIOR,PC-2025-2026-ANNUAL,Mapped,2025-09-01,,2026-08-01
EMP508,Kinza Siddiqui,DEPARTMENT-012,Procurement & Supply Chain,Enterprise Operations,ORGANIZATIONAL-UNIT-PRC-TEAM-03,POS-496,Senior Procurement Specialist,Senior Procurement Specialist,Senior,Senior Professional,Senior/Lead,Senior Individual Contributor,No,Individual + Mentoring,PT-PRC-SENIOR,PC-2025-2026-ANNUAL,Mapped,2025-09-01,,2026-08-01
EMP509,Iqra Abbasi,DEPARTMENT-012,Procurement & Supply Chain,Enterprise Operations,ORGANIZATIONAL-UNIT-PRC-TEAM-02,POS-497,Senior Procurement Specialist,Senior Procurement Specialist,Senior,Senior Professional,Senior/Lead,Senior Individual Contributor,No,Individual + Mentoring,PT-PRC-SENIOR,PC-2025-2026-ANNUAL,Mapped,2025-09-01,,2026-08-01
EMP510,Laiba Butt,DEPARTMENT-012,Procurement & Supply Chain,Enterprise Operations,ORGANIZATIONAL-UNIT-PRC-TEAM-03,POS-498,Senior Procurement Specialist,Senior Procurement Specialist,Senior,Senior Professional,Senior/Lead,Senior Individual Contributor,No,Individual + Mentoring,PT-PRC-SENIOR,PC-2025-2026-ANNUAL,Mapped,2025-09-01,,2026-08-01
EMP511,Asad Mirza,DEPARTMENT-012,Procurement & Supply Chain,Enterprise Operations,ORGANIZATIONAL-UNIT-PRC-TEAM-03,POS-499,Procurement Officer,Procurement Officer,Mid,Professional,Professional/Mid-level,Individual Contributor,No,Individual,PT-PRC-PROFESSIONAL,PC-2025-2026-ANNUAL,Mapped,2025-09-01,,2026-08-01
EMP512,Asad Butt,DEPARTMENT-012,Procurement & Supply Chain,Enterprise Operations,ORGANIZATIONAL-UNIT-PRC-TEAM-01,POS-500,Procurement Officer,Procurement Officer,Mid,Professional,Professional/Mid-level,Individual Contributor,No,Individual,PT-PRC-PROFESSIONAL,PC-2025-2026-ANNUAL,Mapped,2025-09-01,,2026-08-01
EMP513,Noor Iqbal,DEPARTMENT-012,Procurement & Supply Chain,Enterprise Operations,ORGANIZATIONAL-UNIT-PRC-TEAM-03,POS-501,Procurement Officer,Procurement Officer,Mid,Professional,Professional/Mid-level,Individual Contributor,No,Individual,PT-PRC-PROFESSIONAL,PC-2025-2026-ANNUAL,Mapped,2025-09-01,,2026-08-01
EMP514,Sana Saleem,DEPARTMENT-012,Procurement & Supply Chain,Enterprise Operations,ORGANIZATIONAL-UNIT-PRC-TEAM-03,POS-502,Procurement Officer,Procurement Officer,Mid,Professional,Professional/Mid-level,Individual Contributor,No,Individual,PT-PRC-PROFESSIONAL,PC-2025-2026-ANNUAL,Mapped,2025-09-01,,2026-08-01
EMP515,Mehwish Ali,DEPARTMENT-012,Procurement & Supply Chain,Enterprise Operations,ORGANIZATIONAL-UNIT-PRC-TEAM-02,POS-503,Procurement Officer,Procurement Officer,Mid,Professional,Professional/Mid-level,Individual Contributor,No,Individual,PT-PRC-PROFESSIONAL,PC-2025-2026-ANNUAL,Mapped,2025-09-01,,2026-08-01
EMP516,Maryam Yousaf,DEPARTMENT-012,Procurement & Supply Chain,Enterprise Operations,ORGANIZATIONAL-UNIT-PRC-TEAM-03,POS-504,Procurement Officer,Procurement Officer,Mid,Professional,Professional/Mid-level,Individual Contributor,No,Individual,PT-PRC-PROFESSIONAL,PC-2025-2026-ANNUAL,Mapped,2025-09-01,,2026-08-01
EMP517,Anam Rehman,DEPARTMENT-012,Procurement & Supply Chain,Enterprise Operations,ORGANIZATIONAL-UNIT-PRC-TEAM-01,POS-505,Procurement Officer,Procurement Officer,Mid,Professional,Professional/Mid-level,Individual Contributor,No,Individual,PT-PRC-PROFESSIONAL,PC-2025-2026-ANNUAL,Mapped,2025-09-01,,2026-08-01
EMP518,Maryam Mughal,DEPARTMENT-012,Procurement & Supply Chain,Enterprise Operations,ORGANIZATIONAL-UNIT-PRC-TEAM-01,POS-506,Procurement Officer,Procurement Officer,Mid,Professional,Professional/Mid-level,Individual Contributor,No,Individual,PT-PRC-PROFESSIONAL,PC-2025-2026-ANNUAL,Mapped,2025-09-01,,2026-08-01
EMP519,Areeba Hameed,DEPARTMENT-012,Procurement & Supply Chain,Enterprise Operations,ORGANIZATIONAL-UNIT-PRC-TEAM-03,POS-507,Procurement Officer,Procurement Officer,Mid,Professional,Professional/Mid-level,Individual Contributor,No,Individual,PT-PRC-PROFESSIONAL,PC-2025-2026-ANNUAL,Mapped,2025-09-01,,2026-08-01
EMP520,Maryam Munir,DEPARTMENT-012,Procurement & Supply Chain,Enterprise Operations,ORGANIZATIONAL-UNIT-PRC-TEAM-03,POS-508,Procurement Officer,Procurement Officer,Mid,Professional,Professional/Mid-level,Individual Contributor,No,Individual,PT-PRC-PROFESSIONAL,PC-2025-2026-ANNUAL,Mapped,2025-09-01,,2026-08-01
EMP521,Noman Zafar,DEPARTMENT-012,Procurement & Supply Chain,Enterprise Operations,ORGANIZATIONAL-UNIT-PRC-TEAM-03,POS-509,Procurement Officer,Procurement Officer,Mid,Professional,Professional/Mid-level,Individual Contributor,No,Individual,PT-PRC-PROFESSIONAL,PC-2025-2026-ANNUAL,Mapped,2025-09-01,,2026-08-01
EMP522,Nida Riaz,DEPARTMENT-012,Procurement & Supply Chain,Enterprise Operations,ORGANIZATIONAL-UNIT-PRC-TEAM-01,POS-510,Procurement Officer,Procurement Officer,Mid,Professional,Professional/Mid-level,Individual Contributor,No,Individual,PT-PRC-PROFESSIONAL,PC-2025-2026-ANNUAL,Mapped,2025-09-01,,2026-08-01
EMP523,Noor Siddiqui,DEPARTMENT-012,Procurement & Supply Chain,Enterprise Operations,ORGANIZATIONAL-UNIT-PRC-TEAM-02,POS-511,Procurement Officer,Procurement Officer,Mid,Professional,Professional/Mid-level,Individual Contributor,No,Individual,PT-PRC-PROFESSIONAL,PC-2025-2026-ANNUAL,Mapped,2025-09-01,,2026-08-01
EMP524,Sidra Siddiqui,DEPARTMENT-012,Procurement & Supply Chain,Enterprise Operations,ORGANIZATIONAL-UNIT-PRC-TEAM-01,POS-512,Procurement Officer,Procurement Officer,Mid,Professional,Professional/Mid-level,Individual Contributor,No,Individual,PT-PRC-PROFESSIONAL,PC-2025-2026-ANNUAL,Mapped,2025-09-01,,2026-08-01
EMP525,Imran Nasir,DEPARTMENT-012,Procurement & Supply Chain,Enterprise Operations,ORGANIZATIONAL-UNIT-PRC-TEAM-02,POS-513,Procurement Assistant,Procurement Assistant,Junior,Entry Level,Junior/Assistant,Individual Contributor,No,Individual,PT-PRC-JUNIOR,PC-2025-2026-ANNUAL,Mapped,2025-09-01,,2026-08-01
EMP526,Adnan Chaudhry,DEPARTMENT-012,Procurement & Supply Chain,Enterprise Operations,ORGANIZATIONAL-UNIT-PRC-TEAM-02,POS-514,Procurement Assistant,Procurement Assistant,Junior,Entry Level,Junior/Assistant,Individual Contributor,No,Individual,PT-PRC-JUNIOR,PC-2025-2026-ANNUAL,Mapped,2025-09-01,,2026-08-01
EMP527,Mehwish Nasir,DEPARTMENT-012,Procurement & Supply Chain,Enterprise Operations,ORGANIZATIONAL-UNIT-PRC-TEAM-01,POS-515,Procurement Assistant,Procurement Assistant,Junior,Entry Level,Junior/Assistant,Individual Contributor,No,Individual,PT-PRC-JUNIOR,PC-2025-2026-ANNUAL,Mapped,2025-09-01,,2026-08-01
EMP528,Minal Aslam,DEPARTMENT-012,Procurement & Supply Chain,Enterprise Operations,ORGANIZATIONAL-UNIT-PRC-TEAM-02,POS-516,Procurement Assistant,Procurement Assistant,Junior,Entry Level,Junior/Assistant,Individual Contributor,No,Individual,PT-PRC-JUNIOR,PC-2025-2026-ANNUAL,Mapped,2025-09-01,,2026-08-01
EMP529,Ayesha Waheed,DEPARTMENT-012,Procurement & Supply Chain,Enterprise Operations,ORGANIZATIONAL-UNIT-PRC-TEAM-03,POS-517,Procurement Assistant,Procurement Assistant,Junior,Entry Level,Junior/Assistant,Individual Contributor,No,Individual,PT-PRC-JUNIOR,PC-2025-2026-ANNUAL,Mapped,2025-09-01,,2026-08-01
EMP530,Kamran Rauf,DEPARTMENT-012,Procurement & Supply Chain,Enterprise Operations,ORGANIZATIONAL-UNIT-PRC-TEAM-01,POS-518,Procurement Assistant,Procurement Assistant,Junior,Entry Level,Junior/Assistant,Individual Contributor,No,Individual,PT-PRC-JUNIOR,PC-2025-2026-ANNUAL,Mapped,2025-09-01,,2026-08-01
EMP531,Kamran Iqbal,DEPARTMENT-012,Procurement & Supply Chain,Enterprise Operations,ORGANIZATIONAL-UNIT-PRC-TEAM-02,POS-519,Procurement Assistant,Procurement Assistant,Junior,Entry Level,Junior/Assistant,Individual Contributor,No,Individual,PT-PRC-JUNIOR,PC-2025-2026-ANNUAL,Mapped,2025-09-01,,2026-08-01
EMP532,Nida Habib,DEPARTMENT-012,Procurement & Supply Chain,Enterprise Operations,ORGANIZATIONAL-UNIT-PRC-TEAM-03,POS-520,Procurement Assistant,Procurement Assistant,Junior,Entry Level,Junior/Assistant,Individual Contributor,No,Individual,PT-PRC-JUNIOR,PC-2025-2026-ANNUAL,Mapped,2025-09-01,,2026-08-01
EMP533,Nida Nadeem,DEPARTMENT-012,Procurement & Supply Chain,Enterprise Operations,ORGANIZATIONAL-UNIT-PRC-TEAM-03,POS-521,Procurement Assistant,Procurement Assistant,Junior,Entry Level,Junior/Assistant,Individual Contributor,No,Individual,PT-PRC-JUNIOR,PC-2025-2026-ANNUAL,Mapped,2025-09-01,,2026-08-01
EMP534,Hassan Siddiqui,DEPARTMENT-012,Procurement & Supply Chain,Enterprise Operations,ORGANIZATIONAL-UNIT-PRC-TEAM-02,POS-522,Procurement Assistant,Procurement Assistant,Junior,Entry Level,Junior/Assistant,Individual Contributor,No,Individual,PT-PRC-JUNIOR,PC-2025-2026-ANNUAL,Mapped,2025-09-01,,2026-08-01
EMP535,Komal Zafar,DEPARTMENT-012,Procurement & Supply Chain,Enterprise Operations,ORGANIZATIONAL-UNIT-PRC-TEAM-01,POS-523,Procurement Assistant,Procurement Assistant,Junior,Entry Level,Junior/Assistant,Individual Contributor,No,Individual,PT-PRC-JUNIOR,PC-2025-2026-ANNUAL,Mapped,2025-09-01,,2026-08-01
EMP536,Anusha Butt,DEPARTMENT-012,Procurement & Supply Chain,Enterprise Operations,ORGANIZATIONAL-UNIT-PRC-TEAM-01,POS-524,Procurement Assistant,Procurement Assistant,Junior,Entry Level,Junior/Assistant,Individual Contributor,No,Individual,PT-PRC-JUNIOR,PC-2025-2026-ANNUAL,Mapped,2025-09-01,,2026-08-01
EMP537,Maryam Bukhari,DEPARTMENT-012,Procurement & Supply Chain,Enterprise Operations,ORGANIZATIONAL-UNIT-PRC-TEAM-01,POS-525,Procurement Assistant,Procurement Assistant,Junior,Entry Level,Junior/Assistant,Individual Contributor,No,Individual,PT-PRC-JUNIOR,PC-2025-2026-ANNUAL,Mapped,2025-09-01,,2026-08-01
EMP538,Saba Tariq,DEPARTMENT-012,Procurement & Supply Chain,Enterprise Operations,ORGANIZATIONAL-UNIT-PRC-TEAM-03,POS-526,Procurement Intern,Procurement Intern,Intern,Internship,Intern/Trainee,Individual Contributor,No,Individual,PT-PRC-INTERN,PC-2025-2026-ANNUAL,Mapped,2025-09-01,,2026-08-01
EMP539,Noman Ali,DEPARTMENT-012,Procurement & Supply Chain,Enterprise Operations,ORGANIZATIONAL-UNIT-PRC-TEAM-02,POS-527,Procurement Intern,Procurement Intern,Intern,Internship,Intern/Trainee,Individual Contributor,No,Individual,PT-PRC-INTERN,PC-2025-2026-ANNUAL,Mapped,2025-09-01,,2026-08-01
EMP540,Haris Hussain,DEPARTMENT-012,Procurement & Supply Chain,Enterprise Operations,ORGANIZATIONAL-UNIT-PRC-TEAM-03,POS-528,Procurement Intern,Procurement Intern,Intern,Internship,Intern/Trainee,Individual Contributor,No,Individual,PT-PRC-INTERN,PC-2025-2026-ANNUAL,Mapped,2025-09-01,,2026-08-01
EMP541,Asad Hashmi,DEPARTMENT-013,Logistics & Warehouse,Enterprise Operations,ORGANIZATIONAL-UNIT-LOG,EXEC-LOG-HEAD,Head of Logistics and Warehouse,Head of Logistics and Warehouse,Executive,Executive,Manager/Head,Department Head,Yes,Team/Department,PT-LOG-MANAGER,PC-2025-2026-ANNUAL,Mapped,2025-09-01,,2026-08-01
EMP542,Kashif Chaudhry,DEPARTMENT-013,Logistics & Warehouse,Enterprise Operations,ORGANIZATIONAL-UNIT-LOG,POS-529,Logistics Manager,Logistics Manager,Lead/Manager,Management,Manager/Head,Manager/Lead,Yes,Team/Department,PT-LOG-MANAGER,PC-2025-2026-ANNUAL,Mapped,2025-09-01,,2026-08-01
EMP543,Kamran Chaudhry,DEPARTMENT-013,Logistics & Warehouse,Enterprise Operations,ORGANIZATIONAL-UNIT-LOG,POS-530,Logistics Manager,Logistics Manager,Lead/Manager,Management,Manager/Head,Manager/Lead,Yes,Team/Department,PT-LOG-MANAGER,PC-2025-2026-ANNUAL,Mapped,2025-09-01,,2026-08-01
EMP544,Bilal Ansari,DEPARTMENT-013,Logistics & Warehouse,Enterprise Operations,ORGANIZATIONAL-UNIT-LOG,POS-531,Logistics Manager,Logistics Manager,Lead/Manager,Management,Manager/Head,Manager/Lead,Yes,Team/Department,PT-LOG-MANAGER,PC-2025-2026-ANNUAL,Mapped,2025-09-01,,2026-08-01
EMP545,Junaid Aslam,DEPARTMENT-013,Logistics & Warehouse,Enterprise Operations,ORGANIZATIONAL-UNIT-LOG,POS-532,Logistics Manager,Logistics Manager,Lead/Manager,Management,Manager/Head,Manager/Lead,Yes,Team/Department,PT-LOG-MANAGER,PC-2025-2026-ANNUAL,Mapped,2025-09-01,,2026-08-01
EMP546,Sara Baig,DEPARTMENT-013,Logistics & Warehouse,Enterprise Operations,ORGANIZATIONAL-UNIT-LOG,POS-533,Logistics Manager,Logistics Manager,Lead/Manager,Management,Manager/Head,Manager/Lead,Yes,Team/Department,PT-LOG-MANAGER,PC-2025-2026-ANNUAL,Mapped,2025-09-01,,2026-08-01
EMP547,Usman Ali,DEPARTMENT-013,Logistics & Warehouse,Enterprise Operations,ORGANIZATIONAL-UNIT-LOG,POS-534,Logistics Manager,Logistics Manager,Lead/Manager,Management,Manager/Head,Manager/Lead,Yes,Team/Department,PT-LOG-MANAGER,PC-2025-2026-ANNUAL,Mapped,2025-09-01,,2026-08-01
EMP548,Maryam Faisal,DEPARTMENT-013,Logistics & Warehouse,Enterprise Operations,ORGANIZATIONAL-UNIT-LOG-TEAM-01,POS-535,Senior Logistics Officer,Senior Logistics Officer,Senior,Senior Professional,Senior/Lead,Senior Individual Contributor,No,Individual + Mentoring,PT-LOG-SENIOR,PC-2025-2026-ANNUAL,Mapped,2025-09-01,,2026-08-01
EMP549,Saba Saeed,DEPARTMENT-013,Logistics & Warehouse,Enterprise Operations,ORGANIZATIONAL-UNIT-LOG-TEAM-02,POS-536,Senior Logistics Officer,Senior Logistics Officer,Senior,Senior Professional,Senior/Lead,Senior Individual Contributor,No,Individual + Mentoring,PT-LOG-SENIOR,PC-2025-2026-ANNUAL,Mapped,2025-09-01,,2026-08-01
EMP550,Hira Faisal,DEPARTMENT-013,Logistics & Warehouse,Enterprise Operations,ORGANIZATIONAL-UNIT-LOG-TEAM-03,POS-537,Senior Logistics Officer,Senior Logistics Officer,Senior,Senior Professional,Senior/Lead,Senior Individual Contributor,No,Individual + Mentoring,PT-LOG-SENIOR,PC-2025-2026-ANNUAL,Mapped,2025-09-01,,2026-08-01
EMP551,Saba Rehman,DEPARTMENT-013,Logistics & Warehouse,Enterprise Operations,ORGANIZATIONAL-UNIT-LOG-TEAM-02,POS-538,Senior Logistics Officer,Senior Logistics Officer,Senior,Senior Professional,Senior/Lead,Senior Individual Contributor,No,Individual + Mentoring,PT-LOG-SENIOR,PC-2025-2026-ANNUAL,Mapped,2025-09-01,,2026-08-01
EMP552,Anam Rauf,DEPARTMENT-013,Logistics & Warehouse,Enterprise Operations,ORGANIZATIONAL-UNIT-LOG-TEAM-03,POS-539,Senior Logistics Officer,Senior Logistics Officer,Senior,Senior Professional,Senior/Lead,Senior Individual Contributor,No,Individual + Mentoring,PT-LOG-SENIOR,PC-2025-2026-ANNUAL,Mapped,2025-09-01,,2026-08-01
EMP553,Iqra Mughal,DEPARTMENT-013,Logistics & Warehouse,Enterprise Operations,ORGANIZATIONAL-UNIT-LOG-TEAM-03,POS-540,Senior Logistics Officer,Senior Logistics Officer,Senior,Senior Professional,Senior/Lead,Senior Individual Contributor,No,Individual + Mentoring,PT-LOG-SENIOR,PC-2025-2026-ANNUAL,Mapped,2025-09-01,,2026-08-01
EMP554,Sana Rauf,DEPARTMENT-013,Logistics & Warehouse,Enterprise Operations,ORGANIZATIONAL-UNIT-LOG-TEAM-02,POS-541,Senior Logistics Officer,Senior Logistics Officer,Senior,Senior Professional,Senior/Lead,Senior Individual Contributor,No,Individual + Mentoring,PT-LOG-SENIOR,PC-2025-2026-ANNUAL,Mapped,2025-09-01,,2026-08-01
EMP555,Danish Hashmi,DEPARTMENT-013,Logistics & Warehouse,Enterprise Operations,ORGANIZATIONAL-UNIT-LOG-TEAM-03,POS-542,Senior Logistics Officer,Senior Logistics Officer,Senior,Senior Professional,Senior/Lead,Senior Individual Contributor,No,Individual + Mentoring,PT-LOG-SENIOR,PC-2025-2026-ANNUAL,Mapped,2025-09-01,,2026-08-01
EMP556,Kinza Farooq,DEPARTMENT-013,Logistics & Warehouse,Enterprise Operations,ORGANIZATIONAL-UNIT-LOG-TEAM-01,POS-543,Logistics Coordinator,Logistics Coordinator,Mid,Professional,Professional/Mid-level,Individual Contributor,No,Individual,PT-LOG-PROFESSIONAL,PC-2025-2026-ANNUAL,Mapped,2025-09-01,,2026-08-01
EMP557,Ali Rashid,DEPARTMENT-013,Logistics & Warehouse,Enterprise Operations,ORGANIZATIONAL-UNIT-LOG-TEAM-03,POS-544,Logistics Coordinator,Logistics Coordinator,Mid,Professional,Professional/Mid-level,Individual Contributor,No,Individual,PT-LOG-PROFESSIONAL,PC-2025-2026-ANNUAL,Mapped,2025-09-01,,2026-08-01
EMP558,Waqas Latif,DEPARTMENT-013,Logistics & Warehouse,Enterprise Operations,ORGANIZATIONAL-UNIT-LOG-TEAM-01,POS-545,Logistics Coordinator,Logistics Coordinator,Mid,Professional,Professional/Mid-level,Individual Contributor,No,Individual,PT-LOG-PROFESSIONAL,PC-2025-2026-ANNUAL,Mapped,2025-09-01,,2026-08-01
EMP559,Minal Qureshi,DEPARTMENT-013,Logistics & Warehouse,Enterprise Operations,ORGANIZATIONAL-UNIT-LOG-TEAM-01,POS-546,Logistics Coordinator,Logistics Coordinator,Mid,Professional,Professional/Mid-level,Individual Contributor,No,Individual,PT-LOG-PROFESSIONAL,PC-2025-2026-ANNUAL,Mapped,2025-09-01,,2026-08-01
EMP560,Fahad Ali,DEPARTMENT-013,Logistics & Warehouse,Enterprise Operations,ORGANIZATIONAL-UNIT-LOG-TEAM-02,POS-547,Logistics Coordinator,Logistics Coordinator,Mid,Professional,Professional/Mid-level,Individual Contributor,No,Individual,PT-LOG-PROFESSIONAL,PC-2025-2026-ANNUAL,Mapped,2025-09-01,,2026-08-01
EMP561,Maryam Waheed,DEPARTMENT-013,Logistics & Warehouse,Enterprise Operations,ORGANIZATIONAL-UNIT-LOG-TEAM-02,POS-548,Logistics Coordinator,Logistics Coordinator,Mid,Professional,Professional/Mid-level,Individual Contributor,No,Individual,PT-LOG-PROFESSIONAL,PC-2025-2026-ANNUAL,Mapped,2025-09-01,,2026-08-01
EMP562,Komal Khan,DEPARTMENT-013,Logistics & Warehouse,Enterprise Operations,ORGANIZATIONAL-UNIT-LOG-TEAM-02,POS-549,Logistics Coordinator,Logistics Coordinator,Mid,Professional,Professional/Mid-level,Individual Contributor,No,Individual,PT-LOG-PROFESSIONAL,PC-2025-2026-ANNUAL,Mapped,2025-09-01,,2026-08-01
EMP563,Hira Ali,DEPARTMENT-013,Logistics & Warehouse,Enterprise Operations,ORGANIZATIONAL-UNIT-LOG-TEAM-02,POS-550,Logistics Coordinator,Logistics Coordinator,Mid,Professional,Professional/Mid-level,Individual Contributor,No,Individual,PT-LOG-PROFESSIONAL,PC-2025-2026-ANNUAL,Mapped,2025-09-01,,2026-08-01
EMP564,Adnan Zafar,DEPARTMENT-013,Logistics & Warehouse,Enterprise Operations,ORGANIZATIONAL-UNIT-LOG-TEAM-01,POS-551,Logistics Coordinator,Logistics Coordinator,Mid,Professional,Professional/Mid-level,Individual Contributor,No,Individual,PT-LOG-PROFESSIONAL,PC-2025-2026-ANNUAL,Mapped,2025-09-01,,2026-08-01
EMP565,Rabia Tariq,DEPARTMENT-013,Logistics & Warehouse,Enterprise Operations,ORGANIZATIONAL-UNIT-LOG-TEAM-01,POS-552,Logistics Coordinator,Logistics Coordinator,Mid,Professional,Professional/Mid-level,Individual Contributor,No,Individual,PT-LOG-PROFESSIONAL,PC-2025-2026-ANNUAL,Mapped,2025-09-01,,2026-08-01
EMP566,Talha Ismail,DEPARTMENT-013,Logistics & Warehouse,Enterprise Operations,ORGANIZATIONAL-UNIT-LOG-TEAM-02,POS-553,Logistics Coordinator,Logistics Coordinator,Mid,Professional,Professional/Mid-level,Individual Contributor,No,Individual,PT-LOG-PROFESSIONAL,PC-2025-2026-ANNUAL,Mapped,2025-09-01,,2026-08-01
EMP567,Hira Javed,DEPARTMENT-013,Logistics & Warehouse,Enterprise Operations,ORGANIZATIONAL-UNIT-LOG-TEAM-01,POS-554,Logistics Coordinator,Logistics Coordinator,Mid,Professional,Professional/Mid-level,Individual Contributor,No,Individual,PT-LOG-PROFESSIONAL,PC-2025-2026-ANNUAL,Mapped,2025-09-01,,2026-08-01
EMP568,Mehwish Javed,DEPARTMENT-013,Logistics & Warehouse,Enterprise Operations,ORGANIZATIONAL-UNIT-LOG-TEAM-02,POS-555,Logistics Coordinator,Logistics Coordinator,Mid,Professional,Professional/Mid-level,Individual Contributor,No,Individual,PT-LOG-PROFESSIONAL,PC-2025-2026-ANNUAL,Mapped,2025-09-01,,2026-08-01
EMP569,Bilal Rauf,DEPARTMENT-013,Logistics & Warehouse,Enterprise Operations,ORGANIZATIONAL-UNIT-LOG-TEAM-01,POS-556,Logistics Coordinator,Logistics Coordinator,Mid,Professional,Professional/Mid-level,Individual Contributor,No,Individual,PT-LOG-PROFESSIONAL,PC-2025-2026-ANNUAL,Mapped,2025-09-01,,2026-08-01
EMP570,Komal Farooq,DEPARTMENT-013,Logistics & Warehouse,Enterprise Operations,ORGANIZATIONAL-UNIT-LOG-TEAM-02,POS-557,Warehouse Assistant,Warehouse Assistant,Junior,Entry Level,Junior/Assistant,Individual Contributor,No,Individual,PT-LOG-JUNIOR,PC-2025-2026-ANNUAL,Mapped,2025-09-01,,2026-08-01
EMP571,Minal Saeed,DEPARTMENT-013,Logistics & Warehouse,Enterprise Operations,ORGANIZATIONAL-UNIT-LOG-TEAM-03,POS-558,Warehouse Assistant,Warehouse Assistant,Junior,Entry Level,Junior/Assistant,Individual Contributor,No,Individual,PT-LOG-JUNIOR,PC-2025-2026-ANNUAL,Mapped,2025-09-01,,2026-08-01
EMP572,Farhan Iqbal,DEPARTMENT-013,Logistics & Warehouse,Enterprise Operations,ORGANIZATIONAL-UNIT-LOG-TEAM-03,POS-559,Warehouse Assistant,Warehouse Assistant,Junior,Entry Level,Junior/Assistant,Individual Contributor,No,Individual,PT-LOG-JUNIOR,PC-2025-2026-ANNUAL,Mapped,2025-09-01,,2026-08-01
EMP573,Junaid Javed,DEPARTMENT-013,Logistics & Warehouse,Enterprise Operations,ORGANIZATIONAL-UNIT-LOG-TEAM-01,POS-560,Warehouse Assistant,Warehouse Assistant,Junior,Entry Level,Junior/Assistant,Individual Contributor,No,Individual,PT-LOG-JUNIOR,PC-2025-2026-ANNUAL,Mapped,2025-09-01,,2026-08-01
EMP574,Ahmed Javed,DEPARTMENT-013,Logistics & Warehouse,Enterprise Operations,ORGANIZATIONAL-UNIT-LOG-TEAM-02,POS-561,Warehouse Assistant,Warehouse Assistant,Junior,Entry Level,Junior/Assistant,Individual Contributor,No,Individual,PT-LOG-JUNIOR,PC-2025-2026-ANNUAL,Mapped,2025-09-01,,2026-08-01
EMP575,Komal Hameed,DEPARTMENT-013,Logistics & Warehouse,Enterprise Operations,ORGANIZATIONAL-UNIT-LOG-TEAM-01,POS-562,Warehouse Assistant,Warehouse Assistant,Junior,Entry Level,Junior/Assistant,Individual Contributor,No,Individual,PT-LOG-JUNIOR,PC-2025-2026-ANNUAL,Mapped,2025-09-01,,2026-08-01
EMP576,Fatima Sultan,DEPARTMENT-013,Logistics & Warehouse,Enterprise Operations,ORGANIZATIONAL-UNIT-LOG-TEAM-03,POS-563,Warehouse Assistant,Warehouse Assistant,Junior,Entry Level,Junior/Assistant,Individual Contributor,No,Individual,PT-LOG-JUNIOR,PC-2025-2026-ANNUAL,Mapped,2025-09-01,,2026-08-01
EMP577,Iqra Hussain,DEPARTMENT-013,Logistics & Warehouse,Enterprise Operations,ORGANIZATIONAL-UNIT-LOG-TEAM-02,POS-564,Warehouse Assistant,Warehouse Assistant,Junior,Entry Level,Junior/Assistant,Individual Contributor,No,Individual,PT-LOG-JUNIOR,PC-2025-2026-ANNUAL,Mapped,2025-09-01,,2026-08-01
EMP578,Maryam Rauf,DEPARTMENT-013,Logistics & Warehouse,Enterprise Operations,ORGANIZATIONAL-UNIT-LOG-TEAM-03,POS-565,Warehouse Assistant,Warehouse Assistant,Junior,Entry Level,Junior/Assistant,Individual Contributor,No,Individual,PT-LOG-JUNIOR,PC-2025-2026-ANNUAL,Mapped,2025-09-01,,2026-08-01
EMP579,Farhan Aziz,DEPARTMENT-013,Logistics & Warehouse,Enterprise Operations,ORGANIZATIONAL-UNIT-LOG-TEAM-01,POS-566,Warehouse Assistant,Warehouse Assistant,Junior,Entry Level,Junior/Assistant,Individual Contributor,No,Individual,PT-LOG-JUNIOR,PC-2025-2026-ANNUAL,Mapped,2025-09-01,,2026-08-01
EMP580,Minal Bukhari,DEPARTMENT-013,Logistics & Warehouse,Enterprise Operations,ORGANIZATIONAL-UNIT-LOG-TEAM-03,POS-567,Warehouse Assistant,Warehouse Assistant,Junior,Entry Level,Junior/Assistant,Individual Contributor,No,Individual,PT-LOG-JUNIOR,PC-2025-2026-ANNUAL,Mapped,2025-09-01,,2026-08-01
EMP581,Noor Khalid,DEPARTMENT-013,Logistics & Warehouse,Enterprise Operations,ORGANIZATIONAL-UNIT-LOG-TEAM-03,POS-568,Warehouse Assistant,Warehouse Assistant,Junior,Entry Level,Junior/Assistant,Individual Contributor,No,Individual,PT-LOG-JUNIOR,PC-2025-2026-ANNUAL,Mapped,2025-09-01,,2026-08-01
EMP582,Noor Sheikh,DEPARTMENT-013,Logistics & Warehouse,Enterprise Operations,ORGANIZATIONAL-UNIT-LOG-TEAM-03,POS-569,Warehouse Assistant,Warehouse Assistant,Junior,Entry Level,Junior/Assistant,Individual Contributor,No,Individual,PT-LOG-JUNIOR,PC-2025-2026-ANNUAL,Mapped,2025-09-01,,2026-08-01
EMP583,Noman Aziz,DEPARTMENT-013,Logistics & Warehouse,Enterprise Operations,ORGANIZATIONAL-UNIT-LOG-TEAM-03,POS-570,Logistics Intern,Logistics Intern,Intern,Internship,Intern/Trainee,Individual Contributor,No,Individual,PT-LOG-INTERN,PC-2025-2026-ANNUAL,Mapped,2025-09-01,,2026-08-01
EMP584,Zainab Munir,DEPARTMENT-013,Logistics & Warehouse,Enterprise Operations,ORGANIZATIONAL-UNIT-LOG-TEAM-02,POS-571,Logistics Intern,Logistics Intern,Intern,Internship,Intern/Trainee,Individual Contributor,No,Individual,PT-LOG-INTERN,PC-2025-2026-ANNUAL,Mapped,2025-09-01,,2026-08-01
EMP585,Bilal Abbasi,DEPARTMENT-013,Logistics & Warehouse,Enterprise Operations,ORGANIZATIONAL-UNIT-LOG-TEAM-03,POS-572,Logistics Intern,Logistics Intern,Intern,Internship,Intern/Trainee,Individual Contributor,No,Individual,PT-LOG-INTERN,PC-2025-2026-ANNUAL,Mapped,2025-09-01,,2026-08-01
EMP586,Fahad Akhtar,DEPARTMENT-014,Production & Manufacturing,Industrial Operations,ORGANIZATIONAL-UNIT-PRD,EXEC-PRD-HEAD,Head of Production and Manufacturing,Head of Production and Manufacturing,Executive,Executive,Manager/Head,Department Head,Yes,Team/Department,PT-PRD-MANAGER,PC-2025-2026-ANNUAL,Mapped,2025-09-01,,2026-08-01
EMP587,Noman Baig,DEPARTMENT-014,Production & Manufacturing,Industrial Operations,ORGANIZATIONAL-UNIT-PRD,POS-573,Production Manager,Production Manager,Lead/Manager,Management,Manager/Head,Manager/Lead,Yes,Team/Department,PT-PRD-MANAGER,PC-2025-2026-ANNUAL,Mapped,2025-09-01,,2026-08-01
EMP588,Rabia Sultan,DEPARTMENT-014,Production & Manufacturing,Industrial Operations,ORGANIZATIONAL-UNIT-PRD,POS-574,Production Manager,Production Manager,Lead/Manager,Management,Manager/Head,Manager/Lead,Yes,Team/Department,PT-PRD-MANAGER,PC-2025-2026-ANNUAL,Mapped,2025-09-01,,2026-08-01
EMP589,Adnan Nawaz,DEPARTMENT-014,Production & Manufacturing,Industrial Operations,ORGANIZATIONAL-UNIT-PRD,POS-575,Production Manager,Production Manager,Lead/Manager,Management,Manager/Head,Manager/Lead,Yes,Team/Department,PT-PRD-MANAGER,PC-2025-2026-ANNUAL,Mapped,2025-09-01,,2026-08-01
EMP590,Taha Ali,DEPARTMENT-014,Production & Manufacturing,Industrial Operations,ORGANIZATIONAL-UNIT-PRD,POS-576,Production Manager,Production Manager,Lead/Manager,Management,Manager/Head,Manager/Lead,Yes,Team/Department,PT-PRD-MANAGER,PC-2025-2026-ANNUAL,Mapped,2025-09-01,,2026-08-01
EMP591,Adnan Hameed,DEPARTMENT-014,Production & Manufacturing,Industrial Operations,ORGANIZATIONAL-UNIT-PRD,POS-577,Production Manager,Production Manager,Lead/Manager,Management,Manager/Head,Manager/Lead,Yes,Team/Department,PT-PRD-MANAGER,PC-2025-2026-ANNUAL,Mapped,2025-09-01,,2026-08-01
EMP592,Hamza Qureshi,DEPARTMENT-014,Production & Manufacturing,Industrial Operations,ORGANIZATIONAL-UNIT-PRD,POS-578,Production Manager,Production Manager,Lead/Manager,Management,Manager/Head,Manager/Lead,Yes,Team/Department,PT-PRD-MANAGER,PC-2025-2026-ANNUAL,Mapped,2025-09-01,,2026-08-01
EMP593,Maha Saeed,DEPARTMENT-014,Production & Manufacturing,Industrial Operations,ORGANIZATIONAL-UNIT-PRD-TEAM-03,POS-579,Senior Production Supervisor,Senior Production Supervisor,Senior,Senior Professional,Senior/Lead,Senior Individual Contributor,No,Individual + Mentoring,PT-PRD-SENIOR,PC-2025-2026-ANNUAL,Mapped,2025-09-01,,2026-08-01
EMP594,Raza Mirza,DEPARTMENT-014,Production & Manufacturing,Industrial Operations,ORGANIZATIONAL-UNIT-PRD-TEAM-03,POS-580,Senior Production Supervisor,Senior Production Supervisor,Senior,Senior Professional,Senior/Lead,Senior Individual Contributor,No,Individual + Mentoring,PT-PRD-SENIOR,PC-2025-2026-ANNUAL,Mapped,2025-09-01,,2026-08-01
EMP595,Noman Dar,DEPARTMENT-014,Production & Manufacturing,Industrial Operations,ORGANIZATIONAL-UNIT-PRD-TEAM-03,POS-581,Senior Production Supervisor,Senior Production Supervisor,Senior,Senior Professional,Senior/Lead,Senior Individual Contributor,No,Individual + Mentoring,PT-PRD-SENIOR,PC-2025-2026-ANNUAL,Mapped,2025-09-01,,2026-08-01
EMP596,Laiba Yousaf,DEPARTMENT-014,Production & Manufacturing,Industrial Operations,ORGANIZATIONAL-UNIT-PRD-TEAM-02,POS-582,Senior Production Supervisor,Senior Production Supervisor,Senior,Senior Professional,Senior/Lead,Senior Individual Contributor,No,Individual + Mentoring,PT-PRD-SENIOR,PC-2025-2026-ANNUAL,Mapped,2025-09-01,,2026-08-01
EMP597,Raza Ali,DEPARTMENT-014,Production & Manufacturing,Industrial Operations,ORGANIZATIONAL-UNIT-PRD-TEAM-02,POS-583,Senior Production Supervisor,Senior Production Supervisor,Senior,Senior Professional,Senior/Lead,Senior Individual Contributor,No,Individual + Mentoring,PT-PRD-SENIOR,PC-2025-2026-ANNUAL,Mapped,2025-09-01,,2026-08-01
EMP598,Asad Riaz,DEPARTMENT-014,Production & Manufacturing,Industrial Operations,ORGANIZATIONAL-UNIT-PRD-TEAM-03,POS-584,Senior Production Supervisor,Senior Production Supervisor,Senior,Senior Professional,Senior/Lead,Senior Individual Contributor,No,Individual + Mentoring,PT-PRD-SENIOR,PC-2025-2026-ANNUAL,Mapped,2025-09-01,,2026-08-01
EMP599,Maryam Nawaz,DEPARTMENT-014,Production & Manufacturing,Industrial Operations,ORGANIZATIONAL-UNIT-PRD-TEAM-02,POS-585,Senior Production Supervisor,Senior Production Supervisor,Senior,Senior Professional,Senior/Lead,Senior Individual Contributor,No,Individual + Mentoring,PT-PRD-SENIOR,PC-2025-2026-ANNUAL,Mapped,2025-09-01,,2026-08-01
EMP600,Usman Saleem,DEPARTMENT-014,Production & Manufacturing,Industrial Operations,ORGANIZATIONAL-UNIT-PRD-TEAM-01,POS-586,Senior Production Supervisor,Senior Production Supervisor,Senior,Senior Professional,Senior/Lead,Senior Individual Contributor,No,Individual + Mentoring,PT-PRD-SENIOR,PC-2025-2026-ANNUAL,Mapped,2025-09-01,,2026-08-01
EMP601,Danish Javed,DEPARTMENT-014,Production & Manufacturing,Industrial Operations,ORGANIZATIONAL-UNIT-PRD-TEAM-03,POS-587,Production Technician,Production Technician,Mid,Professional,Professional/Mid-level,Individual Contributor,No,Individual,PT-PRD-PROFESSIONAL,PC-2025-2026-ANNUAL,Mapped,2025-09-01,,2026-08-01
EMP602,Noor Baig,DEPARTMENT-014,Production & Manufacturing,Industrial Operations,ORGANIZATIONAL-UNIT-PRD-TEAM-01,POS-588,Production Technician,Production Technician,Mid,Professional,Professional/Mid-level,Individual Contributor,No,Individual,PT-PRD-PROFESSIONAL,PC-2025-2026-ANNUAL,Mapped,2025-09-01,,2026-08-01
EMP603,Ayesha Qureshi,DEPARTMENT-014,Production & Manufacturing,Industrial Operations,ORGANIZATIONAL-UNIT-PRD-TEAM-03,POS-589,Production Technician,Production Technician,Mid,Professional,Professional/Mid-level,Individual Contributor,No,Individual,PT-PRD-PROFESSIONAL,PC-2025-2026-ANNUAL,Mapped,2025-09-01,,2026-08-01
EMP604,Saba Shah,DEPARTMENT-014,Production & Manufacturing,Industrial Operations,ORGANIZATIONAL-UNIT-PRD-TEAM-02,POS-590,Production Technician,Production Technician,Mid,Professional,Professional/Mid-level,Individual Contributor,No,Individual,PT-PRD-PROFESSIONAL,PC-2025-2026-ANNUAL,Mapped,2025-09-01,,2026-08-01
EMP605,Areeba Riaz,DEPARTMENT-014,Production & Manufacturing,Industrial Operations,ORGANIZATIONAL-UNIT-PRD-TEAM-02,POS-591,Production Technician,Production Technician,Mid,Professional,Professional/Mid-level,Individual Contributor,No,Individual,PT-PRD-PROFESSIONAL,PC-2025-2026-ANNUAL,Mapped,2025-09-01,,2026-08-01
EMP606,Mahnoor Saeed,DEPARTMENT-014,Production & Manufacturing,Industrial Operations,ORGANIZATIONAL-UNIT-PRD-TEAM-03,POS-592,Production Technician,Production Technician,Mid,Professional,Professional/Mid-level,Individual Contributor,No,Individual,PT-PRD-PROFESSIONAL,PC-2025-2026-ANNUAL,Mapped,2025-09-01,,2026-08-01
EMP607,Maryam Saeed,DEPARTMENT-014,Production & Manufacturing,Industrial Operations,ORGANIZATIONAL-UNIT-PRD-TEAM-03,POS-593,Production Technician,Production Technician,Mid,Professional,Professional/Mid-level,Individual Contributor,No,Individual,PT-PRD-PROFESSIONAL,PC-2025-2026-ANNUAL,Mapped,2025-09-01,,2026-08-01
EMP608,Sidra Khan,DEPARTMENT-014,Production & Manufacturing,Industrial Operations,ORGANIZATIONAL-UNIT-PRD-TEAM-03,POS-594,Production Technician,Production Technician,Mid,Professional,Professional/Mid-level,Individual Contributor,No,Individual,PT-PRD-PROFESSIONAL,PC-2025-2026-ANNUAL,Mapped,2025-09-01,,2026-08-01
EMP609,Laiba Iqbal,DEPARTMENT-014,Production & Manufacturing,Industrial Operations,ORGANIZATIONAL-UNIT-PRD-TEAM-01,POS-595,Production Technician,Production Technician,Mid,Professional,Professional/Mid-level,Individual Contributor,No,Individual,PT-PRD-PROFESSIONAL,PC-2025-2026-ANNUAL,Mapped,2025-09-01,,2026-08-01
EMP610,Junaid Latif,DEPARTMENT-014,Production & Manufacturing,Industrial Operations,ORGANIZATIONAL-UNIT-PRD-TEAM-03,POS-596,Production Technician,Production Technician,Mid,Professional,Professional/Mid-level,Individual Contributor,No,Individual,PT-PRD-PROFESSIONAL,PC-2025-2026-ANNUAL,Mapped,2025-09-01,,2026-08-01
EMP611,Omar Mahmood,DEPARTMENT-014,Production & Manufacturing,Industrial Operations,ORGANIZATIONAL-UNIT-PRD-TEAM-03,POS-597,Production Technician,Production Technician,Mid,Professional,Professional/Mid-level,Individual Contributor,No,Individual,PT-PRD-PROFESSIONAL,PC-2025-2026-ANNUAL,Mapped,2025-09-01,,2026-08-01
EMP612,Hassan Khalid,DEPARTMENT-014,Production & Manufacturing,Industrial Operations,ORGANIZATIONAL-UNIT-PRD-TEAM-01,POS-598,Production Technician,Production Technician,Mid,Professional,Professional/Mid-level,Individual Contributor,No,Individual,PT-PRD-PROFESSIONAL,PC-2025-2026-ANNUAL,Mapped,2025-09-01,,2026-08-01
EMP613,Sidra Saeed,DEPARTMENT-014,Production & Manufacturing,Industrial Operations,ORGANIZATIONAL-UNIT-PRD-TEAM-03,POS-599,Production Technician,Production Technician,Mid,Professional,Professional/Mid-level,Individual Contributor,No,Individual,PT-PRD-PROFESSIONAL,PC-2025-2026-ANNUAL,Mapped,2025-09-01,,2026-08-01
EMP614,Asad Rashid,DEPARTMENT-014,Production & Manufacturing,Industrial Operations,ORGANIZATIONAL-UNIT-PRD-TEAM-02,POS-600,Production Technician,Production Technician,Mid,Professional,Professional/Mid-level,Individual Contributor,No,Individual,PT-PRD-PROFESSIONAL,PC-2025-2026-ANNUAL,Mapped,2025-09-01,,2026-08-01
EMP615,Waqas Munir,DEPARTMENT-014,Production & Manufacturing,Industrial Operations,ORGANIZATIONAL-UNIT-PRD-TEAM-02,POS-601,Production Operator,Production Operator,Junior,Entry Level,Junior/Assistant,Individual Contributor,No,Individual,PT-PRD-JUNIOR,PC-2025-2026-ANNUAL,Mapped,2025-09-01,,2026-08-01
EMP616,Rabia Sheikh,DEPARTMENT-014,Production & Manufacturing,Industrial Operations,ORGANIZATIONAL-UNIT-PRD-TEAM-03,POS-602,Production Operator,Production Operator,Junior,Entry Level,Junior/Assistant,Individual Contributor,No,Individual,PT-PRD-JUNIOR,PC-2025-2026-ANNUAL,Mapped,2025-09-01,,2026-08-01
EMP617,Anusha Hussain,DEPARTMENT-014,Production & Manufacturing,Industrial Operations,ORGANIZATIONAL-UNIT-PRD-TEAM-02,POS-603,Production Operator,Production Operator,Junior,Entry Level,Junior/Assistant,Individual Contributor,No,Individual,PT-PRD-JUNIOR,PC-2025-2026-ANNUAL,Mapped,2025-09-01,,2026-08-01
EMP618,Ali Malik,DEPARTMENT-014,Production & Manufacturing,Industrial Operations,ORGANIZATIONAL-UNIT-PRD-TEAM-02,POS-604,Production Operator,Production Operator,Junior,Entry Level,Junior/Assistant,Individual Contributor,No,Individual,PT-PRD-JUNIOR,PC-2025-2026-ANNUAL,Mapped,2025-09-01,,2026-08-01
EMP619,Kashif Ansari,DEPARTMENT-014,Production & Manufacturing,Industrial Operations,ORGANIZATIONAL-UNIT-PRD-TEAM-03,POS-605,Production Operator,Production Operator,Junior,Entry Level,Junior/Assistant,Individual Contributor,No,Individual,PT-PRD-JUNIOR,PC-2025-2026-ANNUAL,Mapped,2025-09-01,,2026-08-01
EMP620,Iqra Ansari,DEPARTMENT-014,Production & Manufacturing,Industrial Operations,ORGANIZATIONAL-UNIT-PRD-TEAM-02,POS-606,Production Operator,Production Operator,Junior,Entry Level,Junior/Assistant,Individual Contributor,No,Individual,PT-PRD-JUNIOR,PC-2025-2026-ANNUAL,Mapped,2025-09-01,,2026-08-01
EMP621,Usman Malik,DEPARTMENT-014,Production & Manufacturing,Industrial Operations,ORGANIZATIONAL-UNIT-PRD-TEAM-03,POS-607,Production Operator,Production Operator,Junior,Entry Level,Junior/Assistant,Individual Contributor,No,Individual,PT-PRD-JUNIOR,PC-2025-2026-ANNUAL,Mapped,2025-09-01,,2026-08-01
EMP622,Omar Latif,DEPARTMENT-014,Production & Manufacturing,Industrial Operations,ORGANIZATIONAL-UNIT-PRD-TEAM-03,POS-608,Production Operator,Production Operator,Junior,Entry Level,Junior/Assistant,Individual Contributor,No,Individual,PT-PRD-JUNIOR,PC-2025-2026-ANNUAL,Mapped,2025-09-01,,2026-08-01
EMP623,Ayesha Hussain,DEPARTMENT-014,Production & Manufacturing,Industrial Operations,ORGANIZATIONAL-UNIT-PRD-TEAM-02,POS-609,Production Operator,Production Operator,Junior,Entry Level,Junior/Assistant,Individual Contributor,No,Individual,PT-PRD-JUNIOR,PC-2025-2026-ANNUAL,Mapped,2025-09-01,,2026-08-01
EMP624,Eman Sheikh,DEPARTMENT-014,Production & Manufacturing,Industrial Operations,ORGANIZATIONAL-UNIT-PRD-TEAM-01,POS-610,Production Operator,Production Operator,Junior,Entry Level,Junior/Assistant,Individual Contributor,No,Individual,PT-PRD-JUNIOR,PC-2025-2026-ANNUAL,Mapped,2025-09-01,,2026-08-01
EMP625,Arham Ahmed,DEPARTMENT-014,Production & Manufacturing,Industrial Operations,ORGANIZATIONAL-UNIT-PRD-TEAM-03,POS-611,Production Operator,Production Operator,Junior,Entry Level,Junior/Assistant,Individual Contributor,No,Individual,PT-PRD-JUNIOR,PC-2025-2026-ANNUAL,Mapped,2025-09-01,,2026-08-01
EMP626,Shahzaib Mughal,DEPARTMENT-014,Production & Manufacturing,Industrial Operations,ORGANIZATIONAL-UNIT-PRD-TEAM-01,POS-612,Production Operator,Production Operator,Junior,Entry Level,Junior/Assistant,Individual Contributor,No,Individual,PT-PRD-JUNIOR,PC-2025-2026-ANNUAL,Mapped,2025-09-01,,2026-08-01
EMP627,Mahnoor Ismail,DEPARTMENT-014,Production & Manufacturing,Industrial Operations,ORGANIZATIONAL-UNIT-PRD-TEAM-01,POS-613,Production Operator,Production Operator,Junior,Entry Level,Junior/Assistant,Individual Contributor,No,Individual,PT-PRD-JUNIOR,PC-2025-2026-ANNUAL,Mapped,2025-09-01,,2026-08-01
EMP628,Raza Hameed,DEPARTMENT-014,Production & Manufacturing,Industrial Operations,ORGANIZATIONAL-UNIT-PRD-TEAM-03,POS-614,Production Intern,Production Intern,Intern,Internship,Intern/Trainee,Individual Contributor,No,Individual,PT-PRD-INTERN,PC-2025-2026-ANNUAL,Mapped,2025-09-01,,2026-08-01
EMP629,Bilal Malik,DEPARTMENT-014,Production & Manufacturing,Industrial Operations,ORGANIZATIONAL-UNIT-PRD-TEAM-01,POS-615,Production Intern,Production Intern,Intern,Internship,Intern/Trainee,Individual Contributor,No,Individual,PT-PRD-INTERN,PC-2025-2026-ANNUAL,Mapped,2025-09-01,,2026-08-01
EMP630,Saba Dar,DEPARTMENT-014,Production & Manufacturing,Industrial Operations,ORGANIZATIONAL-UNIT-PRD-TEAM-02,POS-616,Production Intern,Production Intern,Intern,Internship,Intern/Trainee,Individual Contributor,No,Individual,PT-PRD-INTERN,PC-2025-2026-ANNUAL,Mapped,2025-09-01,,2026-08-01
EMP631,Noman Tariq,DEPARTMENT-015,Quality Assurance,Industrial Operations,ORGANIZATIONAL-UNIT-QAS,EXEC-QAS-HEAD,Head of Quality Assurance,Head of Quality Assurance,Executive,Executive,Manager/Head,Department Head,Yes,Team/Department,PT-QAS-MANAGER,PC-2025-2026-ANNUAL,Mapped,2025-09-01,,2026-08-01
EMP632,Junaid Sultan,DEPARTMENT-015,Quality Assurance,Industrial Operations,ORGANIZATIONAL-UNIT-QAS,POS-617,Quality Assurance Manager,Quality Assurance Manager,Lead/Manager,Management,Manager/Head,Manager/Lead,Yes,Team/Department,PT-QAS-MANAGER,PC-2025-2026-ANNUAL,Mapped,2025-09-01,,2026-08-01
EMP633,Sara Tariq,DEPARTMENT-015,Quality Assurance,Industrial Operations,ORGANIZATIONAL-UNIT-QAS,POS-618,Quality Assurance Manager,Quality Assurance Manager,Lead/Manager,Management,Manager/Head,Manager/Lead,Yes,Team/Department,PT-QAS-MANAGER,PC-2025-2026-ANNUAL,Mapped,2025-09-01,,2026-08-01
EMP634,Hira Nadeem,DEPARTMENT-015,Quality Assurance,Industrial Operations,ORGANIZATIONAL-UNIT-QAS,POS-619,Quality Assurance Manager,Quality Assurance Manager,Lead/Manager,Management,Manager/Head,Manager/Lead,Yes,Team/Department,PT-QAS-MANAGER,PC-2025-2026-ANNUAL,Mapped,2025-09-01,,2026-08-01
EMP635,Ahmed Rashid,DEPARTMENT-015,Quality Assurance,Industrial Operations,ORGANIZATIONAL-UNIT-QAS,POS-620,Quality Assurance Manager,Quality Assurance Manager,Lead/Manager,Management,Manager/Head,Manager/Lead,Yes,Team/Department,PT-QAS-MANAGER,PC-2025-2026-ANNUAL,Mapped,2025-09-01,,2026-08-01
EMP636,Zainab Ejaz,DEPARTMENT-015,Quality Assurance,Industrial Operations,ORGANIZATIONAL-UNIT-QAS,POS-621,Quality Assurance Manager,Quality Assurance Manager,Lead/Manager,Management,Manager/Head,Manager/Lead,Yes,Team/Department,PT-QAS-MANAGER,PC-2025-2026-ANNUAL,Mapped,2025-09-01,,2026-08-01
EMP637,Kamran Sheikh,DEPARTMENT-015,Quality Assurance,Industrial Operations,ORGANIZATIONAL-UNIT-QAS,POS-622,Quality Assurance Manager,Quality Assurance Manager,Lead/Manager,Management,Manager/Head,Manager/Lead,Yes,Team/Department,PT-QAS-MANAGER,PC-2025-2026-ANNUAL,Mapped,2025-09-01,,2026-08-01
EMP638,Laiba Hashmi,DEPARTMENT-015,Quality Assurance,Industrial Operations,ORGANIZATIONAL-UNIT-QAS-TEAM-03,POS-623,Senior Quality Engineer,Senior Quality Engineer,Senior,Senior Professional,Senior/Lead,Senior Individual Contributor,No,Individual + Mentoring,PT-QAS-SENIOR,PC-2025-2026-ANNUAL,Mapped,2025-09-01,,2026-08-01
EMP639,Sana Saeed,DEPARTMENT-015,Quality Assurance,Industrial Operations,ORGANIZATIONAL-UNIT-QAS-TEAM-03,POS-624,Senior Quality Engineer,Senior Quality Engineer,Senior,Senior Professional,Senior/Lead,Senior Individual Contributor,No,Individual + Mentoring,PT-QAS-SENIOR,PC-2025-2026-ANNUAL,Mapped,2025-09-01,,2026-08-01
EMP640,Hamza Yousaf,DEPARTMENT-015,Quality Assurance,Industrial Operations,ORGANIZATIONAL-UNIT-QAS-TEAM-02,POS-625,Senior Quality Engineer,Senior Quality Engineer,Senior,Senior Professional,Senior/Lead,Senior Individual Contributor,No,Individual + Mentoring,PT-QAS-SENIOR,PC-2025-2026-ANNUAL,Mapped,2025-09-01,,2026-08-01
EMP641,Ahmed Awan,DEPARTMENT-015,Quality Assurance,Industrial Operations,ORGANIZATIONAL-UNIT-QAS-TEAM-01,POS-626,Senior Quality Engineer,Senior Quality Engineer,Senior,Senior Professional,Senior/Lead,Senior Individual Contributor,No,Individual + Mentoring,PT-QAS-SENIOR,PC-2025-2026-ANNUAL,Mapped,2025-09-01,,2026-08-01
EMP642,Taha Zafar,DEPARTMENT-015,Quality Assurance,Industrial Operations,ORGANIZATIONAL-UNIT-QAS-TEAM-02,POS-627,Senior Quality Engineer,Senior Quality Engineer,Senior,Senior Professional,Senior/Lead,Senior Individual Contributor,No,Individual + Mentoring,PT-QAS-SENIOR,PC-2025-2026-ANNUAL,Mapped,2025-09-01,,2026-08-01
EMP643,Bilal Khan,DEPARTMENT-015,Quality Assurance,Industrial Operations,ORGANIZATIONAL-UNIT-QAS-TEAM-01,POS-628,Senior Quality Engineer,Senior Quality Engineer,Senior,Senior Professional,Senior/Lead,Senior Individual Contributor,No,Individual + Mentoring,PT-QAS-SENIOR,PC-2025-2026-ANNUAL,Mapped,2025-09-01,,2026-08-01
EMP644,Imran Hussain,DEPARTMENT-015,Quality Assurance,Industrial Operations,ORGANIZATIONAL-UNIT-QAS-TEAM-03,POS-629,Senior Quality Engineer,Senior Quality Engineer,Senior,Senior Professional,Senior/Lead,Senior Individual Contributor,No,Individual + Mentoring,PT-QAS-SENIOR,PC-2025-2026-ANNUAL,Mapped,2025-09-01,,2026-08-01
EMP645,Kinza Rehman,DEPARTMENT-015,Quality Assurance,Industrial Operations,ORGANIZATIONAL-UNIT-QAS-TEAM-02,POS-630,Senior Quality Engineer,Senior Quality Engineer,Senior,Senior Professional,Senior/Lead,Senior Individual Contributor,No,Individual + Mentoring,PT-QAS-SENIOR,PC-2025-2026-ANNUAL,Mapped,2025-09-01,,2026-08-01
EMP646,Junaid Yousaf,DEPARTMENT-015,Quality Assurance,Industrial Operations,ORGANIZATIONAL-UNIT-QAS-TEAM-01,POS-631,Quality Analyst,Quality Analyst,Mid,Professional,Professional/Mid-level,Individual Contributor,No,Individual,PT-QAS-PROFESSIONAL,PC-2025-2026-ANNUAL,Mapped,2025-09-01,,2026-08-01
EMP647,Amna Iqbal,DEPARTMENT-015,Quality Assurance,Industrial Operations,ORGANIZATIONAL-UNIT-QAS-TEAM-02,POS-632,Quality Analyst,Quality Analyst,Mid,Professional,Professional/Mid-level,Individual Contributor,No,Individual,PT-QAS-PROFESSIONAL,PC-2025-2026-ANNUAL,Mapped,2025-09-01,,2026-08-01
EMP648,Kashif Hashmi,DEPARTMENT-015,Quality Assurance,Industrial Operations,ORGANIZATIONAL-UNIT-QAS-TEAM-01,POS-633,Quality Analyst,Quality Analyst,Mid,Professional,Professional/Mid-level,Individual Contributor,No,Individual,PT-QAS-PROFESSIONAL,PC-2025-2026-ANNUAL,Mapped,2025-09-01,,2026-08-01
EMP649,Fatima Raza,DEPARTMENT-015,Quality Assurance,Industrial Operations,ORGANIZATIONAL-UNIT-QAS-TEAM-02,POS-634,Quality Analyst,Quality Analyst,Mid,Professional,Professional/Mid-level,Individual Contributor,No,Individual,PT-QAS-PROFESSIONAL,PC-2025-2026-ANNUAL,Mapped,2025-09-01,,2026-08-01
EMP650,Hassan Akhtar,DEPARTMENT-015,Quality Assurance,Industrial Operations,ORGANIZATIONAL-UNIT-QAS-TEAM-03,POS-635,Quality Analyst,Quality Analyst,Mid,Professional,Professional/Mid-level,Individual Contributor,No,Individual,PT-QAS-PROFESSIONAL,PC-2025-2026-ANNUAL,Mapped,2025-09-01,,2026-08-01
EMP651,Sana Habib,DEPARTMENT-015,Quality Assurance,Industrial Operations,ORGANIZATIONAL-UNIT-QAS-TEAM-02,POS-636,Quality Analyst,Quality Analyst,Mid,Professional,Professional/Mid-level,Individual Contributor,No,Individual,PT-QAS-PROFESSIONAL,PC-2025-2026-ANNUAL,Mapped,2025-09-01,,2026-08-01
EMP652,Kinza Waheed,DEPARTMENT-015,Quality Assurance,Industrial Operations,ORGANIZATIONAL-UNIT-QAS-TEAM-01,POS-637,Quality Analyst,Quality Analyst,Mid,Professional,Professional/Mid-level,Individual Contributor,No,Individual,PT-QAS-PROFESSIONAL,PC-2025-2026-ANNUAL,Mapped,2025-09-01,,2026-08-01
EMP653,Laiba Hussain,DEPARTMENT-015,Quality Assurance,Industrial Operations,ORGANIZATIONAL-UNIT-QAS-TEAM-02,POS-638,Quality Analyst,Quality Analyst,Mid,Professional,Professional/Mid-level,Individual Contributor,No,Individual,PT-QAS-PROFESSIONAL,PC-2025-2026-ANNUAL,Mapped,2025-09-01,,2026-08-01
EMP654,Kinza Javed,DEPARTMENT-015,Quality Assurance,Industrial Operations,ORGANIZATIONAL-UNIT-QAS-TEAM-01,POS-639,Quality Analyst,Quality Analyst,Mid,Professional,Professional/Mid-level,Individual Contributor,No,Individual,PT-QAS-PROFESSIONAL,PC-2025-2026-ANNUAL,Mapped,2025-09-01,,2026-08-01
EMP655,Taha Aslam,DEPARTMENT-015,Quality Assurance,Industrial Operations,ORGANIZATIONAL-UNIT-QAS-TEAM-01,POS-640,Quality Analyst,Quality Analyst,Mid,Professional,Professional/Mid-level,Individual Contributor,No,Individual,PT-QAS-PROFESSIONAL,PC-2025-2026-ANNUAL,Mapped,2025-09-01,,2026-08-01
EMP656,Sara Hussain,DEPARTMENT-015,Quality Assurance,Industrial Operations,ORGANIZATIONAL-UNIT-QAS-TEAM-01,POS-641,Quality Analyst,Quality Analyst,Mid,Professional,Professional/Mid-level,Individual Contributor,No,Individual,PT-QAS-PROFESSIONAL,PC-2025-2026-ANNUAL,Mapped,2025-09-01,,2026-08-01
EMP657,Mehwish Chaudhry,DEPARTMENT-015,Quality Assurance,Industrial Operations,ORGANIZATIONAL-UNIT-QAS-TEAM-01,POS-642,Quality Analyst,Quality Analyst,Mid,Professional,Professional/Mid-level,Individual Contributor,No,Individual,PT-QAS-PROFESSIONAL,PC-2025-2026-ANNUAL,Mapped,2025-09-01,,2026-08-01
EMP658,Kinza Latif,DEPARTMENT-015,Quality Assurance,Industrial Operations,ORGANIZATIONAL-UNIT-QAS-TEAM-03,POS-643,Quality Analyst,Quality Analyst,Mid,Professional,Professional/Mid-level,Individual Contributor,No,Individual,PT-QAS-PROFESSIONAL,PC-2025-2026-ANNUAL,Mapped,2025-09-01,,2026-08-01
EMP659,Fahad Sultan,DEPARTMENT-015,Quality Assurance,Industrial Operations,ORGANIZATIONAL-UNIT-QAS-TEAM-03,POS-644,Quality Analyst,Quality Analyst,Mid,Professional,Professional/Mid-level,Individual Contributor,No,Individual,PT-QAS-PROFESSIONAL,PC-2025-2026-ANNUAL,Mapped,2025-09-01,,2026-08-01
EMP660,Shahzaib Saleem,DEPARTMENT-015,Quality Assurance,Industrial Operations,ORGANIZATIONAL-UNIT-QAS-TEAM-03,POS-645,Quality Inspector,Quality Inspector,Junior,Entry Level,Junior/Assistant,Individual Contributor,No,Individual,PT-QAS-JUNIOR,PC-2025-2026-ANNUAL,Mapped,2025-09-01,,2026-08-01
EMP661,Fatima Sheikh,DEPARTMENT-015,Quality Assurance,Industrial Operations,ORGANIZATIONAL-UNIT-QAS-TEAM-02,POS-646,Quality Inspector,Quality Inspector,Junior,Entry Level,Junior/Assistant,Individual Contributor,No,Individual,PT-QAS-JUNIOR,PC-2025-2026-ANNUAL,Mapped,2025-09-01,,2026-08-01
EMP662,Areeba Awan,DEPARTMENT-015,Quality Assurance,Industrial Operations,ORGANIZATIONAL-UNIT-QAS-TEAM-03,POS-647,Quality Inspector,Quality Inspector,Junior,Entry Level,Junior/Assistant,Individual Contributor,No,Individual,PT-QAS-JUNIOR,PC-2025-2026-ANNUAL,Mapped,2025-09-01,,2026-08-01
EMP663,Eman Saleem,DEPARTMENT-015,Quality Assurance,Industrial Operations,ORGANIZATIONAL-UNIT-QAS-TEAM-01,POS-648,Quality Inspector,Quality Inspector,Junior,Entry Level,Junior/Assistant,Individual Contributor,No,Individual,PT-QAS-JUNIOR,PC-2025-2026-ANNUAL,Mapped,2025-09-01,,2026-08-01
EMP664,Komal Shah,DEPARTMENT-015,Quality Assurance,Industrial Operations,ORGANIZATIONAL-UNIT-QAS-TEAM-03,POS-649,Quality Inspector,Quality Inspector,Junior,Entry Level,Junior/Assistant,Individual Contributor,No,Individual,PT-QAS-JUNIOR,PC-2025-2026-ANNUAL,Mapped,2025-09-01,,2026-08-01
EMP665,Taha Waheed,DEPARTMENT-015,Quality Assurance,Industrial Operations,ORGANIZATIONAL-UNIT-QAS-TEAM-01,POS-650,Quality Inspector,Quality Inspector,Junior,Entry Level,Junior/Assistant,Individual Contributor,No,Individual,PT-QAS-JUNIOR,PC-2025-2026-ANNUAL,Mapped,2025-09-01,,2026-08-01
EMP666,Saad Hashmi,DEPARTMENT-015,Quality Assurance,Industrial Operations,ORGANIZATIONAL-UNIT-QAS-TEAM-02,POS-651,Quality Inspector,Quality Inspector,Junior,Entry Level,Junior/Assistant,Individual Contributor,No,Individual,PT-QAS-JUNIOR,PC-2025-2026-ANNUAL,Mapped,2025-09-01,,2026-08-01
EMP667,Nida Munir,DEPARTMENT-015,Quality Assurance,Industrial Operations,ORGANIZATIONAL-UNIT-QAS-TEAM-03,POS-652,Quality Inspector,Quality Inspector,Junior,Entry Level,Junior/Assistant,Individual Contributor,No,Individual,PT-QAS-JUNIOR,PC-2025-2026-ANNUAL,Mapped,2025-09-01,,2026-08-01
EMP668,Talha Nawaz,DEPARTMENT-015,Quality Assurance,Industrial Operations,ORGANIZATIONAL-UNIT-QAS-TEAM-03,POS-653,Quality Inspector,Quality Inspector,Junior,Entry Level,Junior/Assistant,Individual Contributor,No,Individual,PT-QAS-JUNIOR,PC-2025-2026-ANNUAL,Mapped,2025-09-01,,2026-08-01
EMP669,Saad Riaz,DEPARTMENT-015,Quality Assurance,Industrial Operations,ORGANIZATIONAL-UNIT-QAS-TEAM-01,POS-654,Quality Inspector,Quality Inspector,Junior,Entry Level,Junior/Assistant,Individual Contributor,No,Individual,PT-QAS-JUNIOR,PC-2025-2026-ANNUAL,Mapped,2025-09-01,,2026-08-01
EMP670,Kinza Aziz,DEPARTMENT-015,Quality Assurance,Industrial Operations,ORGANIZATIONAL-UNIT-QAS-TEAM-02,POS-655,Quality Inspector,Quality Inspector,Junior,Entry Level,Junior/Assistant,Individual Contributor,No,Individual,PT-QAS-JUNIOR,PC-2025-2026-ANNUAL,Mapped,2025-09-01,,2026-08-01
EMP671,Kashif Waheed,DEPARTMENT-015,Quality Assurance,Industrial Operations,ORGANIZATIONAL-UNIT-QAS-TEAM-03,POS-656,Quality Inspector,Quality Inspector,Junior,Entry Level,Junior/Assistant,Individual Contributor,No,Individual,PT-QAS-JUNIOR,PC-2025-2026-ANNUAL,Mapped,2025-09-01,,2026-08-01
EMP672,Taha Nawaz,DEPARTMENT-015,Quality Assurance,Industrial Operations,ORGANIZATIONAL-UNIT-QAS-TEAM-01,POS-657,Quality Inspector,Quality Inspector,Junior,Entry Level,Junior/Assistant,Individual Contributor,No,Individual,PT-QAS-JUNIOR,PC-2025-2026-ANNUAL,Mapped,2025-09-01,,2026-08-01
EMP673,Noman Javed,DEPARTMENT-015,Quality Assurance,Industrial Operations,ORGANIZATIONAL-UNIT-QAS-TEAM-03,POS-658,Quality Assurance Intern,Quality Assurance Intern,Intern,Internship,Intern/Trainee,Individual Contributor,No,Individual,PT-QAS-INTERN,PC-2025-2026-ANNUAL,Mapped,2025-09-01,,2026-08-01
EMP674,Rabia Ismail,DEPARTMENT-015,Quality Assurance,Industrial Operations,ORGANIZATIONAL-UNIT-QAS-TEAM-03,POS-659,Quality Assurance Intern,Quality Assurance Intern,Intern,Internship,Intern/Trainee,Individual Contributor,No,Individual,PT-QAS-INTERN,PC-2025-2026-ANNUAL,Mapped,2025-09-01,,2026-08-01
EMP675,Hira Munir,DEPARTMENT-015,Quality Assurance,Industrial Operations,ORGANIZATIONAL-UNIT-QAS-TEAM-02,POS-660,Quality Assurance Intern,Quality Assurance Intern,Intern,Internship,Intern/Trainee,Individual Contributor,No,Individual,PT-QAS-INTERN,PC-2025-2026-ANNUAL,Mapped,2025-09-01,,2026-08-01
EMP676,Fahad Bukhari,DEPARTMENT-016,Research & Development,Technology and Innovation,ORGANIZATIONAL-UNIT-RND,EXEC-RND-HEAD,Head of Research and Development,Head of Research and Development,Executive,Executive,Manager/Head,Department Head,Yes,Team/Department,PT-RND-MANAGER,PC-2025-2026-ANNUAL,Mapped,2025-09-01,,2026-08-01
EMP677,Eman Chaudhry,DEPARTMENT-016,Research & Development,Technology and Innovation,ORGANIZATIONAL-UNIT-RND,POS-661,Research and Development Manager,Research and Development Manager,Lead/Manager,Management,Manager/Head,Manager/Lead,Yes,Team/Department,PT-RND-MANAGER,PC-2025-2026-ANNUAL,Mapped,2025-09-01,,2026-08-01
EMP678,Imran Akhtar,DEPARTMENT-016,Research & Development,Technology and Innovation,ORGANIZATIONAL-UNIT-RND,POS-662,Research and Development Manager,Research and Development Manager,Lead/Manager,Management,Manager/Head,Manager/Lead,Yes,Team/Department,PT-RND-MANAGER,PC-2025-2026-ANNUAL,Mapped,2025-09-01,,2026-08-01
EMP679,Rabia Latif,DEPARTMENT-016,Research & Development,Technology and Innovation,ORGANIZATIONAL-UNIT-RND,POS-663,Research and Development Manager,Research and Development Manager,Lead/Manager,Management,Manager/Head,Manager/Lead,Yes,Team/Department,PT-RND-MANAGER,PC-2025-2026-ANNUAL,Mapped,2025-09-01,,2026-08-01
EMP680,Ayesha Dar,DEPARTMENT-016,Research & Development,Technology and Innovation,ORGANIZATIONAL-UNIT-RND,POS-664,Research and Development Manager,Research and Development Manager,Lead/Manager,Management,Manager/Head,Manager/Lead,Yes,Team/Department,PT-RND-MANAGER,PC-2025-2026-ANNUAL,Mapped,2025-09-01,,2026-08-01
EMP681,Kashif Ejaz,DEPARTMENT-016,Research & Development,Technology and Innovation,ORGANIZATIONAL-UNIT-RND,POS-665,Research and Development Manager,Research and Development Manager,Lead/Manager,Management,Manager/Head,Manager/Lead,Yes,Team/Department,PT-RND-MANAGER,PC-2025-2026-ANNUAL,Mapped,2025-09-01,,2026-08-01
EMP682,Hira Iqbal,DEPARTMENT-016,Research & Development,Technology and Innovation,ORGANIZATIONAL-UNIT-RND,POS-666,Research and Development Manager,Research and Development Manager,Lead/Manager,Management,Manager/Head,Manager/Lead,Yes,Team/Department,PT-RND-MANAGER,PC-2025-2026-ANNUAL,Mapped,2025-09-01,,2026-08-01
EMP683,Farhan Qureshi,DEPARTMENT-016,Research & Development,Technology and Innovation,ORGANIZATIONAL-UNIT-RND-TEAM-03,POS-667,Senior Research Scientist,Senior Research Scientist,Senior,Senior Professional,Senior/Lead,Senior Individual Contributor,No,Individual + Mentoring,PT-RND-SENIOR,PC-2025-2026-ANNUAL,Mapped,2025-09-01,,2026-08-01
EMP684,Kamran Mirza,DEPARTMENT-016,Research & Development,Technology and Innovation,ORGANIZATIONAL-UNIT-RND-TEAM-01,POS-668,Senior Research Scientist,Senior Research Scientist,Senior,Senior Professional,Senior/Lead,Senior Individual Contributor,No,Individual + Mentoring,PT-RND-SENIOR,PC-2025-2026-ANNUAL,Mapped,2025-09-01,,2026-08-01
EMP685,Kinza Dar,DEPARTMENT-016,Research & Development,Technology and Innovation,ORGANIZATIONAL-UNIT-RND-TEAM-02,POS-669,Senior Research Scientist,Senior Research Scientist,Senior,Senior Professional,Senior/Lead,Senior Individual Contributor,No,Individual + Mentoring,PT-RND-SENIOR,PC-2025-2026-ANNUAL,Mapped,2025-09-01,,2026-08-01
EMP686,Usman Hussain,DEPARTMENT-016,Research & Development,Technology and Innovation,ORGANIZATIONAL-UNIT-RND-TEAM-03,POS-670,Senior Research Scientist,Senior Research Scientist,Senior,Senior Professional,Senior/Lead,Senior Individual Contributor,No,Individual + Mentoring,PT-RND-SENIOR,PC-2025-2026-ANNUAL,Mapped,2025-09-01,,2026-08-01
EMP687,Arham Khan,DEPARTMENT-016,Research & Development,Technology and Innovation,ORGANIZATIONAL-UNIT-RND-TEAM-03,POS-671,Senior Research Scientist,Senior Research Scientist,Senior,Senior Professional,Senior/Lead,Senior Individual Contributor,No,Individual + Mentoring,PT-RND-SENIOR,PC-2025-2026-ANNUAL,Mapped,2025-09-01,,2026-08-01
EMP688,Hamza Saeed,DEPARTMENT-016,Research & Development,Technology and Innovation,ORGANIZATIONAL-UNIT-RND-TEAM-03,POS-672,Senior Research Scientist,Senior Research Scientist,Senior,Senior Professional,Senior/Lead,Senior Individual Contributor,No,Individual + Mentoring,PT-RND-SENIOR,PC-2025-2026-ANNUAL,Mapped,2025-09-01,,2026-08-01
EMP689,Areeba Latif,DEPARTMENT-016,Research & Development,Technology and Innovation,ORGANIZATIONAL-UNIT-RND-TEAM-03,POS-673,Senior Research Scientist,Senior Research Scientist,Senior,Senior Professional,Senior/Lead,Senior Individual Contributor,No,Individual + Mentoring,PT-RND-SENIOR,PC-2025-2026-ANNUAL,Mapped,2025-09-01,,2026-08-01
EMP690,Imran Dar,DEPARTMENT-016,Research & Development,Technology and Innovation,ORGANIZATIONAL-UNIT-RND-TEAM-02,POS-674,Senior Research Scientist,Senior Research Scientist,Senior,Senior Professional,Senior/Lead,Senior Individual Contributor,No,Individual + Mentoring,PT-RND-SENIOR,PC-2025-2026-ANNUAL,Mapped,2025-09-01,,2026-08-01
EMP691,Raza Bukhari,DEPARTMENT-016,Research & Development,Technology and Innovation,ORGANIZATIONAL-UNIT-RND-TEAM-01,POS-675,Research Analyst,Research Analyst,Mid,Professional,Professional/Mid-level,Individual Contributor,No,Individual,PT-RND-PROFESSIONAL,PC-2025-2026-ANNUAL,Mapped,2025-09-01,,2026-08-01
EMP692,Amna Yousaf,DEPARTMENT-016,Research & Development,Technology and Innovation,ORGANIZATIONAL-UNIT-RND-TEAM-03,POS-676,Research Analyst,Research Analyst,Mid,Professional,Professional/Mid-level,Individual Contributor,No,Individual,PT-RND-PROFESSIONAL,PC-2025-2026-ANNUAL,Mapped,2025-09-01,,2026-08-01
EMP693,Waqas Bukhari,DEPARTMENT-016,Research & Development,Technology and Innovation,ORGANIZATIONAL-UNIT-RND-TEAM-01,POS-677,Research Analyst,Research Analyst,Mid,Professional,Professional/Mid-level,Individual Contributor,No,Individual,PT-RND-PROFESSIONAL,PC-2025-2026-ANNUAL,Mapped,2025-09-01,,2026-08-01
EMP694,Omar Khan,DEPARTMENT-016,Research & Development,Technology and Innovation,ORGANIZATIONAL-UNIT-RND-TEAM-03,POS-678,Research Analyst,Research Analyst,Mid,Professional,Professional/Mid-level,Individual Contributor,No,Individual,PT-RND-PROFESSIONAL,PC-2025-2026-ANNUAL,Mapped,2025-09-01,,2026-08-01
EMP695,Noman Hameed,DEPARTMENT-016,Research & Development,Technology and Innovation,ORGANIZATIONAL-UNIT-RND-TEAM-01,POS-679,Research Analyst,Research Analyst,Mid,Professional,Professional/Mid-level,Individual Contributor,No,Individual,PT-RND-PROFESSIONAL,PC-2025-2026-ANNUAL,Mapped,2025-09-01,,2026-08-01
EMP696,Taha Baig,DEPARTMENT-016,Research & Development,Technology and Innovation,ORGANIZATIONAL-UNIT-RND-TEAM-02,POS-680,Research Analyst,Research Analyst,Mid,Professional,Professional/Mid-level,Individual Contributor,No,Individual,PT-RND-PROFESSIONAL,PC-2025-2026-ANNUAL,Mapped,2025-09-01,,2026-08-01
EMP697,Fahad Khalid,DEPARTMENT-016,Research & Development,Technology and Innovation,ORGANIZATIONAL-UNIT-RND-TEAM-03,POS-681,Research Analyst,Research Analyst,Mid,Professional,Professional/Mid-level,Individual Contributor,No,Individual,PT-RND-PROFESSIONAL,PC-2025-2026-ANNUAL,Mapped,2025-09-01,,2026-08-01
EMP698,Amna Siddiqui,DEPARTMENT-016,Research & Development,Technology and Innovation,ORGANIZATIONAL-UNIT-RND-TEAM-01,POS-682,Research Analyst,Research Analyst,Mid,Professional,Professional/Mid-level,Individual Contributor,No,Individual,PT-RND-PROFESSIONAL,PC-2025-2026-ANNUAL,Mapped,2025-09-01,,2026-08-01
EMP699,Maha Shah,DEPARTMENT-016,Research & Development,Technology and Innovation,ORGANIZATIONAL-UNIT-RND-TEAM-02,POS-683,Research Analyst,Research Analyst,Mid,Professional,Professional/Mid-level,Individual Contributor,No,Individual,PT-RND-PROFESSIONAL,PC-2025-2026-ANNUAL,Mapped,2025-09-01,,2026-08-01
EMP700,Eman Ismail,DEPARTMENT-016,Research & Development,Technology and Innovation,ORGANIZATIONAL-UNIT-RND-TEAM-02,POS-684,Research Analyst,Research Analyst,Mid,Professional,Professional/Mid-level,Individual Contributor,No,Individual,PT-RND-PROFESSIONAL,PC-2025-2026-ANNUAL,Mapped,2025-09-01,,2026-08-01
EMP701,Zainab Faisal,DEPARTMENT-016,Research & Development,Technology and Innovation,ORGANIZATIONAL-UNIT-RND-TEAM-02,POS-685,Research Analyst,Research Analyst,Mid,Professional,Professional/Mid-level,Individual Contributor,No,Individual,PT-RND-PROFESSIONAL,PC-2025-2026-ANNUAL,Mapped,2025-09-01,,2026-08-01
EMP702,Laiba Sultan,DEPARTMENT-016,Research & Development,Technology and Innovation,ORGANIZATIONAL-UNIT-RND-TEAM-02,POS-686,Research Analyst,Research Analyst,Mid,Professional,Professional/Mid-level,Individual Contributor,No,Individual,PT-RND-PROFESSIONAL,PC-2025-2026-ANNUAL,Mapped,2025-09-01,,2026-08-01
EMP703,Laiba Baig,DEPARTMENT-016,Research & Development,Technology and Innovation,ORGANIZATIONAL-UNIT-RND-TEAM-03,POS-687,Research Analyst,Research Analyst,Mid,Professional,Professional/Mid-level,Individual Contributor,No,Individual,PT-RND-PROFESSIONAL,PC-2025-2026-ANNUAL,Mapped,2025-09-01,,2026-08-01
EMP704,Minal Sultan,DEPARTMENT-016,Research & Development,Technology and Innovation,ORGANIZATIONAL-UNIT-RND-TEAM-03,POS-688,Research Analyst,Research Analyst,Mid,Professional,Professional/Mid-level,Individual Contributor,No,Individual,PT-RND-PROFESSIONAL,PC-2025-2026-ANNUAL,Mapped,2025-09-01,,2026-08-01
EMP705,Taha Akhtar,DEPARTMENT-016,Research & Development,Technology and Innovation,ORGANIZATIONAL-UNIT-RND-TEAM-01,POS-689,Research Associate,Research Associate,Junior,Entry Level,Junior/Assistant,Individual Contributor,No,Individual,PT-RND-JUNIOR,PC-2025-2026-ANNUAL,Mapped,2025-09-01,,2026-08-01
EMP706,Sidra Mahmood,DEPARTMENT-016,Research & Development,Technology and Innovation,ORGANIZATIONAL-UNIT-RND-TEAM-01,POS-690,Research Associate,Research Associate,Junior,Entry Level,Junior/Assistant,Individual Contributor,No,Individual,PT-RND-JUNIOR,PC-2025-2026-ANNUAL,Mapped,2025-09-01,,2026-08-01
EMP707,Laiba Munir,DEPARTMENT-016,Research & Development,Technology and Innovation,ORGANIZATIONAL-UNIT-RND-TEAM-03,POS-691,Research Associate,Research Associate,Junior,Entry Level,Junior/Assistant,Individual Contributor,No,Individual,PT-RND-JUNIOR,PC-2025-2026-ANNUAL,Mapped,2025-09-01,,2026-08-01
EMP708,Maryam Akhtar,DEPARTMENT-016,Research & Development,Technology and Innovation,ORGANIZATIONAL-UNIT-RND-TEAM-02,POS-692,Research Associate,Research Associate,Junior,Entry Level,Junior/Assistant,Individual Contributor,No,Individual,PT-RND-JUNIOR,PC-2025-2026-ANNUAL,Mapped,2025-09-01,,2026-08-01
EMP709,Ayesha Tariq,DEPARTMENT-016,Research & Development,Technology and Innovation,ORGANIZATIONAL-UNIT-RND-TEAM-01,POS-693,Research Associate,Research Associate,Junior,Entry Level,Junior/Assistant,Individual Contributor,No,Individual,PT-RND-JUNIOR,PC-2025-2026-ANNUAL,Mapped,2025-09-01,,2026-08-01
EMP710,Sara Hameed,DEPARTMENT-016,Research & Development,Technology and Innovation,ORGANIZATIONAL-UNIT-RND-TEAM-01,POS-694,Research Associate,Research Associate,Junior,Entry Level,Junior/Assistant,Individual Contributor,No,Individual,PT-RND-JUNIOR,PC-2025-2026-ANNUAL,Mapped,2025-09-01,,2026-08-01
EMP711,Shahzaib Siddiqui,DEPARTMENT-016,Research & Development,Technology and Innovation,ORGANIZATIONAL-UNIT-RND-TEAM-02,POS-695,Research Associate,Research Associate,Junior,Entry Level,Junior/Assistant,Individual Contributor,No,Individual,PT-RND-JUNIOR,PC-2025-2026-ANNUAL,Mapped,2025-09-01,,2026-08-01
EMP712,Minal Hussain,DEPARTMENT-016,Research & Development,Technology and Innovation,ORGANIZATIONAL-UNIT-RND-TEAM-03,POS-696,Research Associate,Research Associate,Junior,Entry Level,Junior/Assistant,Individual Contributor,No,Individual,PT-RND-JUNIOR,PC-2025-2026-ANNUAL,Mapped,2025-09-01,,2026-08-01
EMP713,Kashif Qureshi,DEPARTMENT-016,Research & Development,Technology and Innovation,ORGANIZATIONAL-UNIT-RND-TEAM-03,POS-697,Research Associate,Research Associate,Junior,Entry Level,Junior/Assistant,Individual Contributor,No,Individual,PT-RND-JUNIOR,PC-2025-2026-ANNUAL,Mapped,2025-09-01,,2026-08-01
EMP714,Maryam Ejaz,DEPARTMENT-016,Research & Development,Technology and Innovation,ORGANIZATIONAL-UNIT-RND-TEAM-01,POS-698,Research Associate,Research Associate,Junior,Entry Level,Junior/Assistant,Individual Contributor,No,Individual,PT-RND-JUNIOR,PC-2025-2026-ANNUAL,Mapped,2025-09-01,,2026-08-01
EMP715,Ali Munir,DEPARTMENT-016,Research & Development,Technology and Innovation,ORGANIZATIONAL-UNIT-RND-TEAM-01,POS-699,Research Associate,Research Associate,Junior,Entry Level,Junior/Assistant,Individual Contributor,No,Individual,PT-RND-JUNIOR,PC-2025-2026-ANNUAL,Mapped,2025-09-01,,2026-08-01
EMP716,Saba Awan,DEPARTMENT-016,Research & Development,Technology and Innovation,ORGANIZATIONAL-UNIT-RND-TEAM-03,POS-700,Research Associate,Research Associate,Junior,Entry Level,Junior/Assistant,Individual Contributor,No,Individual,PT-RND-JUNIOR,PC-2025-2026-ANNUAL,Mapped,2025-09-01,,2026-08-01
EMP717,Minal Hameed,DEPARTMENT-016,Research & Development,Technology and Innovation,ORGANIZATIONAL-UNIT-RND-TEAM-02,POS-701,Research Associate,Research Associate,Junior,Entry Level,Junior/Assistant,Individual Contributor,No,Individual,PT-RND-JUNIOR,PC-2025-2026-ANNUAL,Mapped,2025-09-01,,2026-08-01
EMP718,Laiba Ansari,DEPARTMENT-016,Research & Development,Technology and Innovation,ORGANIZATIONAL-UNIT-RND-TEAM-03,POS-702,Research Intern,Research Intern,Intern,Internship,Intern/Trainee,Individual Contributor,No,Individual,PT-RND-INTERN,PC-2025-2026-ANNUAL,Mapped,2025-09-01,,2026-08-01
EMP719,Mahnoor Sultan,DEPARTMENT-016,Research & Development,Technology and Innovation,ORGANIZATIONAL-UNIT-RND-TEAM-02,POS-703,Research Intern,Research Intern,Intern,Internship,Intern/Trainee,Individual Contributor,No,Individual,PT-RND-INTERN,PC-2025-2026-ANNUAL,Mapped,2025-09-01,,2026-08-01
EMP720,Fahad Awan,DEPARTMENT-016,Research & Development,Technology and Innovation,ORGANIZATIONAL-UNIT-RND-TEAM-01,POS-704,Research Intern,Research Intern,Intern,Internship,Intern/Trainee,Individual Contributor,No,Individual,PT-RND-INTERN,PC-2025-2026-ANNUAL,Mapped,2025-09-01,,2026-08-01
