Position_Budget_ID,Fiscal_Year,Position_ID,Position_Title,Department_ID,Department_Name,Cost_Center_ID,Approved_Position,Budgeted_Position,Position_Status,Full_Time_Equivalent_Capacity,Annual_Salary_Budget,Annual_Benefits_Budget,Annual_Employer_Tax_and_Contribution_Budget,Annual_Recruitment_Budget,Annual_Training_Budget,Total_Annual_Position_Cost_Budget,Budget_Start_Date,Budget_End_Date,Budget_Status,Budget_Currency,Data_As_Of_Date
POSITION-BUDGET-0001,2026,POS-001,HR Manager,DEPARTMENT-001,HR,COST-CENTER-HR,Yes,Yes,Filled,1.0,4536000,907200,362880,0,81648,5887728,2026-01-01,2026-12-31,Approved,PKR,2026-08-01
POSITION-BUDGET-0002,2026,POS-002,Account Manager,DEPARTMENT-003,Sales,COST-CENTER-SAL,Yes,Yes,Filled,1.0,1837000,367400,146960,0,33066,2384426,2026-01-01,2026-12-31,Approved,PKR,2026-08-01
POSITION-BUDGET-0003,2026,POS-003,Financial Analyst,DEPARTMENT-002,Finance,COST-CENTER-FIN,Yes,Yes,Filled,1.0,1925000,385000,154000,0,34650,2498650,2026-01-01,2026-12-31,Approved,PKR,2026-08-01
POSITION-BUDGET-0004,2026,POS-004,Financial Analyst,DEPARTMENT-002,Finance,COST-CENTER-FIN,Yes,Yes,Filled,1.0,1925000,385000,154000,0,34650,2498650,2026-01-01,2026-12-31,Approved,PKR,2026-08-01
POSITION-BUDGET-0005,2026,POS-005,Software Engineer I,DEPARTMENT-005,Engineering,COST-CENTER-ENG,Yes,Yes,Filled,1.0,1215000,243000,97200,0,21870,1577070,2026-01-01,2026-12-31,Approved,PKR,2026-08-01
POSITION-BUDGET-0006,2026,POS-006,Software Engineer II,DEPARTMENT-005,Engineering,COST-CENTER-ENG,Yes,Yes,Filled,1.0,2187000,437400,174960,0,39366,2838726,2026-01-01,2026-12-31,Approved,PKR,2026-08-01
POSITION-BUDGET-0007,2026,POS-007,Customer Support Representative,DEPARTMENT-004,Customer Support,COST-CENTER-CS,Yes,Yes,Filled,1.0,826000,165200,66080,0,15000,1072280,2026-01-01,2026-12-31,Approved,PKR,2026-08-01
POSITION-BUDGET-0008,2026,POS-008,Finance Manager,DEPARTMENT-002,Finance,COST-CENTER-FIN,Yes,Yes,Filled,1.0,4990000,998000,399200,0,89820,6477020,2026-01-01,2026-12-31,Approved,PKR,2026-08-01
POSITION-BUDGET-0009,2026,POS-009,Customer Support Manager,DEPARTMENT-004,Customer Support,COST-CENTER-CS,Yes,Yes,Filled,1.0,3856000,771200,308480,0,69408,5005088,2026-01-01,2026-12-31,Approved,PKR,2026-08-01
POSITION-BUDGET-0010,2026,POS-010,Senior Software Engineer,DEPARTMENT-005,Engineering,COST-CENTER-ENG,Yes,Yes,Filled,1.0,3564000,712800,285120,0,64151,4626071,2026-01-01,2026-12-31,Approved,PKR,2026-08-01
POSITION-BUDGET-0011,2026,POS-011,Sales Manager,DEPARTMENT-003,Sales,COST-CENTER-SAL,Yes,Yes,Filled,1.0,4763000,952600,381040,0,85734,6182374,2026-01-01,2026-12-31,Approved,PKR,2026-08-01
POSITION-BUDGET-0012,2026,POS-012,HR Manager,DEPARTMENT-001,HR,COST-CENTER-HR,Yes,Yes,Filled,1.0,4536000,907200,362880,0,81648,5887728,2026-01-01,2026-12-31,Approved,PKR,2026-08-01
POSITION-BUDGET-0013,2026,POS-013,HR Generalist,DEPARTMENT-001,HR,COST-CENTER-HR,Yes,Yes,Filled,1.0,1750000,350000,140000,0,31499,2271499,2026-01-01,2026-12-31,Approved,PKR,2026-08-01
POSITION-BUDGET-0014,2026,POS-014,Software Engineer II,DEPARTMENT-005,Engineering,COST-CENTER-ENG,Yes,Yes,Filled,1.0,2187000,437400,174960,0,39366,2838726,2026-01-01,2026-12-31,Approved,PKR,2026-08-01
POSITION-BUDGET-0015,2026,POS-015,Engineering Lead,DEPARTMENT-005,Engineering,COST-CENTER-ENG,Yes,Yes,Filled,1.0,5670000,1134000,453600,0,102059,7359659,2026-01-01,2026-12-31,Approved,PKR,2026-08-01
POSITION-BUDGET-0016,2026,POS-016,Account Manager,DEPARTMENT-003,Sales,COST-CENTER-SAL,Yes,Yes,Filled,1.0,1837000,367400,146960,0,33066,2384426,2026-01-01,2026-12-31,Approved,PKR,2026-08-01
POSITION-BUDGET-0017,2026,POS-017,Customer Support Representative,DEPARTMENT-004,Customer Support,COST-CENTER-CS,Yes,Yes,Filled,1.0,826000,165200,66080,0,15000,1072280,2026-01-01,2026-12-31,Approved,PKR,2026-08-01
POSITION-BUDGET-0018,2026,POS-018,Software Engineer II,DEPARTMENT-005,Engineering,COST-CENTER-ENG,Yes,Yes,Filled,1.0,2187000,437400,174960,0,39366,2838726,2026-01-01,2026-12-31,Approved,PKR,2026-08-01
POSITION-BUDGET-0019,2026,POS-019,Systems Administrator,DEPARTMENT-007,IT,COST-CENTER-IT,Yes,Yes,Filled,1.0,2012000,402400,160960,0,36216,2611576,2026-01-01,2026-12-31,Approved,PKR,2026-08-01
POSITION-BUDGET-0020,2026,POS-020,Customer Support Representative,DEPARTMENT-004,Customer Support,COST-CENTER-CS,Yes,Yes,Filled,1.0,826000,165200,66080,0,15000,1072280,2026-01-01,2026-12-31,Approved,PKR,2026-08-01
POSITION-BUDGET-0021,2026,POS-021,Customer Support Representative,DEPARTMENT-004,Customer Support,COST-CENTER-CS,Yes,Yes,Filled,1.0,826000,165200,66080,0,15000,1072280,2026-01-01,2026-12-31,Approved,PKR,2026-08-01
POSITION-BUDGET-0022,2026,POS-022,Account Manager,DEPARTMENT-003,Sales,COST-CENTER-SAL,Yes,Yes,Filled,1.0,1837000,367400,146960,0,33066,2384426,2026-01-01,2026-12-31,Approved,PKR,2026-08-01
POSITION-BUDGET-0023,2026,POS-023,Operations Officer,DEPARTMENT-006,Operations,COST-CENTER-OPS,Yes,Yes,Filled,1.0,875000,175000,70000,0,15749,1135749,2026-01-01,2026-12-31,Approved,PKR,2026-08-01
POSITION-BUDGET-0024,2026,POS-024,Systems Administrator,DEPARTMENT-007,IT,COST-CENTER-IT,Yes,Yes,Filled,1.0,2012000,402400,160960,0,36216,2611576,2026-01-01,2026-12-31,Approved,PKR,2026-08-01
POSITION-BUDGET-0025,2026,POS-025,Financial Analyst,DEPARTMENT-002,Finance,COST-CENTER-FIN,Yes,Yes,Filled,1.0,1925000,385000,154000,0,34650,2498650,2026-01-01,2026-12-31,Approved,PKR,2026-08-01
POSITION-BUDGET-0026,2026,POS-026,Operations Manager,DEPARTMENT-006,Operations,COST-CENTER-OPS,Yes,Yes,Filled,1.0,4082000,816400,326560,0,73476,5298436,2026-01-01,2026-12-31,Approved,PKR,2026-08-01
POSITION-BUDGET-0027,2026,POS-027,Senior Support Executive,DEPARTMENT-004,Customer Support,COST-CENTER-CS,Yes,Yes,Filled,1.0,1487000,297400,118960,0,26765,1930125,2026-01-01,2026-12-31,Approved,PKR,2026-08-01
POSITION-BUDGET-0028,2026,POS-028,Senior Account Manager,DEPARTMENT-003,Sales,COST-CENTER-SAL,Yes,Yes,Filled,1.0,2994000,598800,239520,0,53891,3886211,2026-01-01,2026-12-31,Approved,PKR,2026-08-01
POSITION-BUDGET-0029,2026,POS-029,Software Engineer II,DEPARTMENT-005,Engineering,COST-CENTER-ENG,Yes,Yes,Filled,1.0,2187000,437400,174960,0,39366,2838726,2026-01-01,2026-12-31,Approved,PKR,2026-08-01
POSITION-BUDGET-0030,2026,POS-030,Senior Financial Analyst,DEPARTMENT-002,Finance,COST-CENTER-FIN,Yes,Yes,Filled,1.0,3136000,627200,250880,0,56447,4070527,2026-01-01,2026-12-31,Approved,PKR,2026-08-01
POSITION-BUDGET-0031,2026,POS-031,Senior Software Engineer,DEPARTMENT-005,Engineering,COST-CENTER-ENG,Yes,Yes,Filled,1.0,3564000,712800,285120,0,64151,4626071,2026-01-01,2026-12-31,Approved,PKR,2026-08-01
POSITION-BUDGET-0032,2026,POS-032,Sales Executive,DEPARTMENT-003,Sales,COST-CENTER-SAL,Yes,Yes,Filled,1.0,1021000,204200,81680,0,18378,1325258,2026-01-01,2026-12-31,Approved,PKR,2026-08-01
POSITION-BUDGET-0033,2026,POS-033,IT Support Engineer,DEPARTMENT-007,IT,COST-CENTER-IT,Yes,Yes,Filled,1.0,1118000,223600,89440,0,20124,1451164,2026-01-01,2026-12-31,Approved,PKR,2026-08-01
POSITION-BUDGET-0034,2026,POS-034,Sales Executive,DEPARTMENT-003,Sales,COST-CENTER-SAL,Yes,Yes,Filled,1.0,1021000,204200,81680,0,18378,1325258,2026-01-01,2026-12-31,Approved,PKR,2026-08-01
POSITION-BUDGET-0035,2026,POS-035,Software Engineer II,DEPARTMENT-005,Engineering,COST-CENTER-ENG,Yes,Yes,Filled,1.0,2187000,437400,174960,0,39366,2838726,2026-01-01,2026-12-31,Approved,PKR,2026-08-01
POSITION-BUDGET-0036,2026,POS-036,Sales Executive,DEPARTMENT-003,Sales,COST-CENTER-SAL,Yes,Yes,Filled,1.0,1021000,204200,81680,0,18378,1325258,2026-01-01,2026-12-31,Approved,PKR,2026-08-01
POSITION-BUDGET-0037,2026,POS-037,Systems Administrator,DEPARTMENT-007,IT,COST-CENTER-IT,Yes,Yes,Filled,1.0,2012000,402400,160960,0,36216,2611576,2026-01-01,2026-12-31,Approved,PKR,2026-08-01
POSITION-BUDGET-0038,2026,POS-038,Senior Support Executive,DEPARTMENT-004,Customer Support,COST-CENTER-CS,Yes,Yes,Filled,1.0,1487000,297400,118960,0,26765,1930125,2026-01-01,2026-12-31,Approved,PKR,2026-08-01
POSITION-BUDGET-0039,2026,POS-039,Operations Officer,DEPARTMENT-006,Operations,COST-CENTER-OPS,Yes,Yes,Filled,1.0,875000,175000,70000,0,15749,1135749,2026-01-01,2026-12-31,Approved,PKR,2026-08-01
POSITION-BUDGET-0040,2026,POS-040,Customer Support Representative,DEPARTMENT-004,Customer Support,COST-CENTER-CS,Yes,Yes,Filled,1.0,826000,165200,66080,0,15000,1072280,2026-01-01,2026-12-31,Approved,PKR,2026-08-01
POSITION-BUDGET-0041,2026,POS-041,Operations Officer,DEPARTMENT-006,Operations,COST-CENTER-OPS,Yes,Yes,Filled,1.0,875000,175000,70000,0,15749,1135749,2026-01-01,2026-12-31,Approved,PKR,2026-08-01
POSITION-BUDGET-0042,2026,POS-042,Senior Support Executive,DEPARTMENT-004,Customer Support,COST-CENTER-CS,Yes,Yes,Filled,1.0,1487000,297400,118960,0,26765,1930125,2026-01-01,2026-12-31,Approved,PKR,2026-08-01
POSITION-BUDGET-0043,2026,POS-043,Operations Analyst,DEPARTMENT-006,Operations,COST-CENTER-OPS,Yes,Yes,Filled,1.0,1575000,315000,126000,0,28349,2044349,2026-01-01,2026-12-31,Approved,PKR,2026-08-01
POSITION-BUDGET-0044,2026,POS-044,Financial Analyst,DEPARTMENT-002,Finance,COST-CENTER-FIN,Yes,Yes,Filled,1.0,1925000,385000,154000,0,34650,2498650,2026-01-01,2026-12-31,Approved,PKR,2026-08-01
POSITION-BUDGET-0045,2026,POS-045,Operations Officer,DEPARTMENT-006,Operations,COST-CENTER-OPS,Yes,Yes,Filled,1.0,875000,175000,70000,0,15749,1135749,2026-01-01,2026-12-31,Approved,PKR,2026-08-01
POSITION-BUDGET-0046,2026,POS-046,Customer Support Representative,DEPARTMENT-004,Customer Support,COST-CENTER-CS,Yes,Yes,Filled,1.0,826000,165200,66080,0,15000,1072280,2026-01-01,2026-12-31,Approved,PKR,2026-08-01
POSITION-BUDGET-0047,2026,POS-047,Senior Financial Analyst,DEPARTMENT-002,Finance,COST-CENTER-FIN,Yes,Yes,Filled,1.0,3136000,627200,250880,0,56447,4070527,2026-01-01,2026-12-31,Approved,PKR,2026-08-01
POSITION-BUDGET-0048,2026,POS-048,Operations Officer,DEPARTMENT-006,Operations,COST-CENTER-OPS,Yes,Yes,Filled,1.0,875000,175000,70000,0,15749,1135749,2026-01-01,2026-12-31,Approved,PKR,2026-08-01
POSITION-BUDGET-0049,2026,POS-049,Sales Executive,DEPARTMENT-003,Sales,COST-CENTER-SAL,Yes,Yes,Filled,1.0,1021000,204200,81680,0,18378,1325258,2026-01-01,2026-12-31,Approved,PKR,2026-08-01
POSITION-BUDGET-0050,2026,POS-050,Finance Officer,DEPARTMENT-002,Finance,COST-CENTER-FIN,Yes,Yes,Filled,1.0,1069000,213800,85520,0,19242,1387562,2026-01-01,2026-12-31,Approved,PKR,2026-08-01
POSITION-BUDGET-0051,2026,POS-051,Senior Systems Engineer,DEPARTMENT-007,IT,COST-CENTER-IT,Yes,Yes,Filled,1.0,3279000,655800,262320,0,59021,4256141,2026-01-01,2026-12-31,Approved,PKR,2026-08-01
POSITION-BUDGET-0052,2026,POS-052,Customer Support Representative,DEPARTMENT-004,Customer Support,COST-CENTER-CS,Yes,Yes,Filled,1.0,826000,165200,66080,0,15000,1072280,2026-01-01,2026-12-31,Approved,PKR,2026-08-01
POSITION-BUDGET-0053,2026,POS-053,HR Officer,DEPARTMENT-001,HR,COST-CENTER-HR,Yes,Yes,Filled,1.0,972000,194400,77760,0,17496,1261656,2026-01-01,2026-12-31,Approved,PKR,2026-08-01
POSITION-BUDGET-0054,2026,POS-054,Software Engineer I,DEPARTMENT-005,Engineering,COST-CENTER-ENG,Yes,Yes,Filled,1.0,1215000,243000,97200,0,21870,1577070,2026-01-01,2026-12-31,Approved,PKR,2026-08-01
POSITION-BUDGET-0055,2026,POS-055,Software Engineer II,DEPARTMENT-005,Engineering,COST-CENTER-ENG,Yes,Yes,Filled,1.0,2187000,437400,174960,0,39366,2838726,2026-01-01,2026-12-31,Approved,PKR,2026-08-01
POSITION-BUDGET-0056,2026,POS-056,Operations Analyst,DEPARTMENT-006,Operations,COST-CENTER-OPS,Yes,Yes,Filled,1.0,1575000,315000,126000,0,28349,2044349,2026-01-01,2026-12-31,Approved,PKR,2026-08-01
POSITION-BUDGET-0057,2026,POS-057,IT Support Engineer,DEPARTMENT-007,IT,COST-CENTER-IT,Yes,Yes,Filled,1.0,1118000,223600,89440,0,20124,1451164,2026-01-01,2026-12-31,Approved,PKR,2026-08-01
POSITION-BUDGET-0058,2026,POS-058,Senior Software Engineer,DEPARTMENT-005,Engineering,COST-CENTER-ENG,Yes,Yes,Filled,1.0,3564000,712800,285120,0,64151,4626071,2026-01-01,2026-12-31,Approved,PKR,2026-08-01
POSITION-BUDGET-0059,2026,POS-059,Senior Account Manager,DEPARTMENT-003,Sales,COST-CENTER-SAL,Yes,Yes,Filled,1.0,2994000,598800,239520,0,53891,3886211,2026-01-01,2026-12-31,Approved,PKR,2026-08-01
POSITION-BUDGET-0060,2026,POS-060,Sales Executive,DEPARTMENT-003,Sales,COST-CENTER-SAL,Yes,Yes,Filled,1.0,1021000,204200,81680,0,18378,1325258,2026-01-01,2026-12-31,Approved,PKR,2026-08-01
POSITION-BUDGET-0061,2026,POS-061,Sales Executive,DEPARTMENT-003,Sales,COST-CENTER-SAL,Yes,Yes,Filled,1.0,1021000,204200,81680,0,18378,1325258,2026-01-01,2026-12-31,Approved,PKR,2026-08-01
POSITION-BUDGET-0062,2026,POS-062,Account Manager,DEPARTMENT-003,Sales,COST-CENTER-SAL,Yes,Yes,Filled,1.0,1837000,367400,146960,0,33066,2384426,2026-01-01,2026-12-31,Approved,PKR,2026-08-01
POSITION-BUDGET-0063,2026,POS-063,Sales Executive,DEPARTMENT-003,Sales,COST-CENTER-SAL,Yes,Yes,Filled,1.0,1021000,204200,81680,0,18378,1325258,2026-01-01,2026-12-31,Approved,PKR,2026-08-01
POSITION-BUDGET-0064,2026,POS-064,Sales Executive,DEPARTMENT-003,Sales,COST-CENTER-SAL,Yes,Yes,Filled,1.0,1021000,204200,81680,0,18378,1325258,2026-01-01,2026-12-31,Approved,PKR,2026-08-01
POSITION-BUDGET-0065,2026,POS-065,Account Manager,DEPARTMENT-003,Sales,COST-CENTER-SAL,Yes,Yes,Filled,1.0,1837000,367400,146960,0,33066,2384426,2026-01-01,2026-12-31,Approved,PKR,2026-08-01
POSITION-BUDGET-0066,2026,POS-066,Senior HR Specialist,DEPARTMENT-001,HR,COST-CENTER-HR,Yes,Yes,Filled,1.0,2851000,570200,228080,0,51317,3700597,2026-01-01,2026-12-31,Approved,PKR,2026-08-01
POSITION-BUDGET-0067,2026,POS-067,Operations Manager,DEPARTMENT-006,Operations,COST-CENTER-OPS,Yes,Yes,Filled,1.0,4082000,816400,326560,0,73476,5298436,2026-01-01,2026-12-31,Approved,PKR,2026-08-01
POSITION-BUDGET-0068,2026,POS-068,Customer Support Manager,DEPARTMENT-004,Customer Support,COST-CENTER-CS,Yes,Yes,Filled,1.0,3856000,771200,308480,0,69408,5005088,2026-01-01,2026-12-31,Approved,PKR,2026-08-01
POSITION-BUDGET-0069,2026,POS-069,Operations Officer,DEPARTMENT-006,Operations,COST-CENTER-OPS,Yes,Yes,Filled,1.0,875000,175000,70000,0,15749,1135749,2026-01-01,2026-12-31,Approved,PKR,2026-08-01
POSITION-BUDGET-0070,2026,POS-070,Engineering Lead,DEPARTMENT-005,Engineering,COST-CENTER-ENG,Yes,Yes,Filled,1.0,5670000,1134000,453600,0,102059,7359659,2026-01-01,2026-12-31,Approved,PKR,2026-08-01
POSITION-BUDGET-0071,2026,POS-071,Financial Analyst,DEPARTMENT-002,Finance,COST-CENTER-FIN,Yes,Yes,Filled,1.0,1925000,385000,154000,0,34650,2498650,2026-01-01,2026-12-31,Approved,PKR,2026-08-01
POSITION-BUDGET-0072,2026,POS-072,Support Team Lead,DEPARTMENT-004,Customer Support,COST-CENTER-CS,Yes,Yes,Filled,1.0,2424000,484800,193920,0,43632,3146352,2026-01-01,2026-12-31,Approved,PKR,2026-08-01
POSITION-BUDGET-0073,2026,POS-073,Customer Support Representative,DEPARTMENT-004,Customer Support,COST-CENTER-CS,Yes,Yes,Filled,1.0,826000,165200,66080,0,15000,1072280,2026-01-01,2026-12-31,Approved,PKR,2026-08-01
POSITION-BUDGET-0074,2026,POS-074,Sales Executive,DEPARTMENT-003,Sales,COST-CENTER-SAL,Yes,Yes,Filled,1.0,1021000,204200,81680,0,18378,1325258,2026-01-01,2026-12-31,Approved,PKR,2026-08-01
POSITION-BUDGET-0075,2026,POS-075,Operations Analyst,DEPARTMENT-006,Operations,COST-CENTER-OPS,Yes,Yes,Filled,1.0,1575000,315000,126000,0,28349,2044349,2026-01-01,2026-12-31,Approved,PKR,2026-08-01
POSITION-BUDGET-0076,2026,POS-076,Software Engineer II,DEPARTMENT-005,Engineering,COST-CENTER-ENG,Yes,Yes,Filled,1.0,2187000,437400,174960,0,39366,2838726,2026-01-01,2026-12-31,Approved,PKR,2026-08-01
POSITION-BUDGET-0077,2026,POS-077,Support Team Lead,DEPARTMENT-004,Customer Support,COST-CENTER-CS,Yes,Yes,Filled,1.0,2424000,484800,193920,0,43632,3146352,2026-01-01,2026-12-31,Approved,PKR,2026-08-01
POSITION-BUDGET-0078,2026,POS-078,Software Engineer II,DEPARTMENT-005,Engineering,COST-CENTER-ENG,Yes,Yes,Filled,1.0,2187000,437400,174960,0,39366,2838726,2026-01-01,2026-12-31,Approved,PKR,2026-08-01
POSITION-BUDGET-0079,2026,POS-079,Customer Support Representative,DEPARTMENT-004,Customer Support,COST-CENTER-CS,Yes,Yes,Filled,1.0,826000,165200,66080,0,15000,1072280,2026-01-01,2026-12-31,Approved,PKR,2026-08-01
POSITION-BUDGET-0080,2026,POS-080,Engineering Lead,DEPARTMENT-005,Engineering,COST-CENTER-ENG,Yes,Yes,Filled,1.0,5670000,1134000,453600,0,102059,7359659,2026-01-01,2026-12-31,Approved,PKR,2026-08-01
POSITION-BUDGET-0081,2026,POS-081,Senior HR Specialist,DEPARTMENT-001,HR,COST-CENTER-HR,Yes,Yes,Filled,1.0,2851000,570200,228080,0,51317,3700597,2026-01-01,2026-12-31,Approved,PKR,2026-08-01
POSITION-BUDGET-0082,2026,POS-082,Software Engineer I,DEPARTMENT-005,Engineering,COST-CENTER-ENG,Yes,Yes,Filled,1.0,1215000,243000,97200,0,21870,1577070,2026-01-01,2026-12-31,Approved,PKR,2026-08-01
POSITION-BUDGET-0083,2026,POS-083,Customer Support Representative,DEPARTMENT-004,Customer Support,COST-CENTER-CS,Yes,Yes,Filled,1.0,826000,165200,66080,0,15000,1072280,2026-01-01,2026-12-31,Approved,PKR,2026-08-01
POSITION-BUDGET-0084,2026,POS-084,HR Generalist,DEPARTMENT-001,HR,COST-CENTER-HR,Yes,Yes,Filled,1.0,1750000,350000,140000,0,31499,2271499,2026-01-01,2026-12-31,Approved,PKR,2026-08-01
POSITION-BUDGET-0085,2026,POS-085,Senior HR Specialist,DEPARTMENT-001,HR,COST-CENTER-HR,Yes,Yes,Filled,1.0,2851000,570200,228080,0,51317,3700597,2026-01-01,2026-12-31,Approved,PKR,2026-08-01
POSITION-BUDGET-0086,2026,POS-086,Operations Officer,DEPARTMENT-006,Operations,COST-CENTER-OPS,Yes,Yes,Filled,1.0,875000,175000,70000,0,15749,1135749,2026-01-01,2026-12-31,Approved,PKR,2026-08-01
POSITION-BUDGET-0087,2026,POS-087,HR Manager,DEPARTMENT-001,HR,COST-CENTER-HR,Yes,Yes,Filled,1.0,4536000,907200,362880,0,81648,5887728,2026-01-01,2026-12-31,Approved,PKR,2026-08-01
POSITION-BUDGET-0088,2026,POS-088,Operations Analyst,DEPARTMENT-006,Operations,COST-CENTER-OPS,Yes,Yes,Filled,1.0,1575000,315000,126000,0,28349,2044349,2026-01-01,2026-12-31,Approved,PKR,2026-08-01
POSITION-BUDGET-0089,2026,POS-089,HR Officer,DEPARTMENT-001,HR,COST-CENTER-HR,Yes,Yes,Filled,1.0,972000,194400,77760,0,17496,1261656,2026-01-01,2026-12-31,Approved,PKR,2026-08-01
POSITION-BUDGET-0090,2026,POS-090,Financial Analyst,DEPARTMENT-002,Finance,COST-CENTER-FIN,Yes,Yes,Filled,1.0,1925000,385000,154000,0,34650,2498650,2026-01-01,2026-12-31,Approved,PKR,2026-08-01
POSITION-BUDGET-0091,2026,POS-091,Senior Financial Analyst,DEPARTMENT-002,Finance,COST-CENTER-FIN,Yes,Yes,Filled,1.0,3136000,627200,250880,0,56447,4070527,2026-01-01,2026-12-31,Approved,PKR,2026-08-01
POSITION-BUDGET-0092,2026,POS-092,Senior Software Engineer,DEPARTMENT-005,Engineering,COST-CENTER-ENG,Yes,Yes,Filled,1.0,3564000,712800,285120,0,64151,4626071,2026-01-01,2026-12-31,Approved,PKR,2026-08-01
POSITION-BUDGET-0093,2026,POS-093,Senior Account Manager,DEPARTMENT-003,Sales,COST-CENTER-SAL,Yes,Yes,Filled,1.0,2994000,598800,239520,0,53891,3886211,2026-01-01,2026-12-31,Approved,PKR,2026-08-01
POSITION-BUDGET-0094,2026,POS-094,Senior Systems Engineer,DEPARTMENT-007,IT,COST-CENTER-IT,Yes,Yes,Filled,1.0,3279000,655800,262320,0,59021,4256141,2026-01-01,2026-12-31,Approved,PKR,2026-08-01
POSITION-BUDGET-0095,2026,POS-095,IT Operations Manager,DEPARTMENT-007,IT,COST-CENTER-IT,Yes,Yes,Filled,1.0,5216000,1043200,417280,0,93888,6770368,2026-01-01,2026-12-31,Approved,PKR,2026-08-01
POSITION-BUDGET-0096,2026,POS-096,Account Manager,DEPARTMENT-003,Sales,COST-CENTER-SAL,Yes,Yes,Filled,1.0,1837000,367400,146960,0,33066,2384426,2026-01-01,2026-12-31,Approved,PKR,2026-08-01
POSITION-BUDGET-0097,2026,POS-097,Sales Executive,DEPARTMENT-003,Sales,COST-CENTER-SAL,Yes,Yes,Filled,1.0,1021000,204200,81680,0,18378,1325258,2026-01-01,2026-12-31,Approved,PKR,2026-08-01
POSITION-BUDGET-0098,2026,POS-098,Senior Support Executive,DEPARTMENT-004,Customer Support,COST-CENTER-CS,Yes,Yes,Filled,1.0,1487000,297400,118960,0,26765,1930125,2026-01-01,2026-12-31,Approved,PKR,2026-08-01
POSITION-BUDGET-0099,2026,POS-099,Financial Analyst,DEPARTMENT-002,Finance,COST-CENTER-FIN,Yes,Yes,Filled,1.0,1925000,385000,154000,0,34650,2498650,2026-01-01,2026-12-31,Approved,PKR,2026-08-01
POSITION-BUDGET-0100,2026,POS-100,Senior Software Engineer,DEPARTMENT-005,Engineering,COST-CENTER-ENG,Yes,Yes,Filled,1.0,3564000,712800,285120,0,64151,4626071,2026-01-01,2026-12-31,Approved,PKR,2026-08-01
POSITION-BUDGET-0101,2026,POS-101,Systems Administrator,DEPARTMENT-007,IT,COST-CENTER-IT,Yes,Yes,Filled,1.0,2012000,402400,160960,0,36216,2611576,2026-01-01,2026-12-31,Approved,PKR,2026-08-01
POSITION-BUDGET-0102,2026,POS-102,Sales Executive,DEPARTMENT-003,Sales,COST-CENTER-SAL,Yes,Yes,Filled,1.0,1021000,204200,81680,0,18378,1325258,2026-01-01,2026-12-31,Approved,PKR,2026-08-01
POSITION-BUDGET-0103,2026,POS-103,Customer Support Representative,DEPARTMENT-004,Customer Support,COST-CENTER-CS,Yes,Yes,Filled,1.0,826000,165200,66080,0,15000,1072280,2026-01-01,2026-12-31,Approved,PKR,2026-08-01
POSITION-BUDGET-0104,2026,POS-104,Senior Systems Engineer,DEPARTMENT-007,IT,COST-CENTER-IT,Yes,Yes,Filled,1.0,3279000,655800,262320,0,59021,4256141,2026-01-01,2026-12-31,Approved,PKR,2026-08-01
POSITION-BUDGET-0105,2026,POS-105,Sales Manager,DEPARTMENT-003,Sales,COST-CENTER-SAL,Yes,Yes,Filled,1.0,4763000,952600,381040,0,85734,6182374,2026-01-01,2026-12-31,Approved,PKR,2026-08-01
POSITION-BUDGET-0106,2026,POS-106,Senior HR Specialist,DEPARTMENT-001,HR,COST-CENTER-HR,Yes,Yes,Filled,1.0,2851000,570200,228080,0,51317,3700597,2026-01-01,2026-12-31,Approved,PKR,2026-08-01
POSITION-BUDGET-0107,2026,POS-107,Software Engineer II,DEPARTMENT-005,Engineering,COST-CENTER-ENG,Yes,Yes,Filled,1.0,2187000,437400,174960,0,39366,2838726,2026-01-01,2026-12-31,Approved,PKR,2026-08-01
POSITION-BUDGET-0108,2026,POS-108,HR Generalist,DEPARTMENT-001,HR,COST-CENTER-HR,Yes,Yes,Filled,1.0,1750000,350000,140000,0,31499,2271499,2026-01-01,2026-12-31,Approved,PKR,2026-08-01
POSITION-BUDGET-0109,2026,POS-109,Sales Executive,DEPARTMENT-003,Sales,COST-CENTER-SAL,Yes,Yes,Filled,1.0,1021000,204200,81680,0,18378,1325258,2026-01-01,2026-12-31,Approved,PKR,2026-08-01
POSITION-BUDGET-0110,2026,POS-110,IT Support Engineer,DEPARTMENT-007,IT,COST-CENTER-IT,Yes,Yes,Filled,1.0,1118000,223600,89440,0,20124,1451164,2026-01-01,2026-12-31,Approved,PKR,2026-08-01
POSITION-BUDGET-0111,2026,POS-111,Account Manager,DEPARTMENT-003,Sales,COST-CENTER-SAL,Yes,Yes,Filled,1.0,1837000,367400,146960,0,33066,2384426,2026-01-01,2026-12-31,Approved,PKR,2026-08-01
POSITION-BUDGET-0112,2026,POS-112,Sales Executive,DEPARTMENT-003,Sales,COST-CENTER-SAL,Yes,Yes,Filled,1.0,1021000,204200,81680,0,18378,1325258,2026-01-01,2026-12-31,Approved,PKR,2026-08-01
POSITION-BUDGET-0113,2026,POS-113,IT Support Engineer,DEPARTMENT-007,IT,COST-CENTER-IT,Yes,Yes,Filled,1.0,1118000,223600,89440,0,20124,1451164,2026-01-01,2026-12-31,Approved,PKR,2026-08-01
POSITION-BUDGET-0114,2026,POS-114,HR Generalist,DEPARTMENT-001,HR,COST-CENTER-HR,Yes,Yes,Filled,1.0,1750000,350000,140000,0,31499,2271499,2026-01-01,2026-12-31,Approved,PKR,2026-08-01
POSITION-BUDGET-0115,2026,POS-115,Software Engineer II,DEPARTMENT-005,Engineering,COST-CENTER-ENG,Yes,Yes,Filled,1.0,2187000,437400,174960,0,39366,2838726,2026-01-01,2026-12-31,Approved,PKR,2026-08-01
POSITION-BUDGET-0116,2026,POS-116,Software Engineer I,DEPARTMENT-005,Engineering,COST-CENTER-ENG,Yes,Yes,Filled,1.0,1215000,243000,97200,0,21870,1577070,2026-01-01,2026-12-31,Approved,PKR,2026-08-01
POSITION-BUDGET-0117,2026,POS-117,Software Engineer I,DEPARTMENT-005,Engineering,COST-CENTER-ENG,Yes,Yes,Filled,1.0,1215000,243000,97200,0,21870,1577070,2026-01-01,2026-12-31,Approved,PKR,2026-08-01
POSITION-BUDGET-0118,2026,POS-118,Senior Support Executive,DEPARTMENT-004,Customer Support,COST-CENTER-CS,Yes,Yes,Filled,1.0,1487000,297400,118960,0,26765,1930125,2026-01-01,2026-12-31,Approved,PKR,2026-08-01
POSITION-BUDGET-0119,2026,POS-119,Support Team Lead,DEPARTMENT-004,Customer Support,COST-CENTER-CS,Yes,Yes,Filled,1.0,2424000,484800,193920,0,43632,3146352,2026-01-01,2026-12-31,Approved,PKR,2026-08-01
POSITION-BUDGET-0120,2026,POS-120,Operations Analyst,DEPARTMENT-006,Operations,COST-CENTER-OPS,Yes,Yes,Filled,1.0,1575000,315000,126000,0,28349,2044349,2026-01-01,2026-12-31,Approved,PKR,2026-08-01
POSITION-BUDGET-0121,2026,POS-121,Operations Officer,DEPARTMENT-006,Operations,COST-CENTER-OPS,Yes,Yes,Filled,1.0,875000,175000,70000,0,15749,1135749,2026-01-01,2026-12-31,Approved,PKR,2026-08-01
POSITION-BUDGET-0122,2026,POS-122,Operations Officer,DEPARTMENT-006,Operations,COST-CENTER-OPS,Yes,Yes,Filled,1.0,875000,175000,70000,0,15749,1135749,2026-01-01,2026-12-31,Approved,PKR,2026-08-01
POSITION-BUDGET-0123,2026,POS-123,Senior Financial Analyst,DEPARTMENT-002,Finance,COST-CENTER-FIN,Yes,Yes,Filled,1.0,3136000,627200,250880,0,56447,4070527,2026-01-01,2026-12-31,Approved,PKR,2026-08-01
POSITION-BUDGET-0124,2026,POS-124,Account Manager,DEPARTMENT-003,Sales,COST-CENTER-SAL,Yes,Yes,Filled,1.0,1837000,367400,146960,0,33066,2384426,2026-01-01,2026-12-31,Approved,PKR,2026-08-01
POSITION-BUDGET-0125,2026,POS-125,Senior Account Manager,DEPARTMENT-003,Sales,COST-CENTER-SAL,Yes,Yes,Filled,1.0,2994000,598800,239520,0,53891,3886211,2026-01-01,2026-12-31,Approved,PKR,2026-08-01
POSITION-BUDGET-0126,2026,POS-126,Support Team Lead,DEPARTMENT-004,Customer Support,COST-CENTER-CS,Yes,Yes,Filled,1.0,2424000,484800,193920,0,43632,3146352,2026-01-01,2026-12-31,Approved,PKR,2026-08-01
POSITION-BUDGET-0127,2026,POS-127,HR Generalist,DEPARTMENT-001,HR,COST-CENTER-HR,Yes,Yes,Filled,1.0,1750000,350000,140000,0,31499,2271499,2026-01-01,2026-12-31,Approved,PKR,2026-08-01
POSITION-BUDGET-0128,2026,POS-128,Customer Support Manager,DEPARTMENT-004,Customer Support,COST-CENTER-CS,Yes,Yes,Filled,1.0,3856000,771200,308480,0,69408,5005088,2026-01-01,2026-12-31,Approved,PKR,2026-08-01
POSITION-BUDGET-0129,2026,POS-129,Engineering Lead,DEPARTMENT-005,Engineering,COST-CENTER-ENG,Yes,Yes,Filled,1.0,5670000,1134000,453600,0,102059,7359659,2026-01-01,2026-12-31,Approved,PKR,2026-08-01
POSITION-BUDGET-0130,2026,POS-130,Senior HR Specialist,DEPARTMENT-001,HR,COST-CENTER-HR,Yes,Yes,Filled,1.0,2851000,570200,228080,0,51317,3700597,2026-01-01,2026-12-31,Approved,PKR,2026-08-01
POSITION-BUDGET-0131,2026,POS-131,Systems Administrator,DEPARTMENT-007,IT,COST-CENTER-IT,Yes,Yes,Filled,1.0,2012000,402400,160960,0,36216,2611576,2026-01-01,2026-12-31,Approved,PKR,2026-08-01
POSITION-BUDGET-0132,2026,POS-132,IT Support Engineer,DEPARTMENT-007,IT,COST-CENTER-IT,Yes,Yes,Filled,1.0,1118000,223600,89440,0,20124,1451164,2026-01-01,2026-12-31,Approved,PKR,2026-08-01
POSITION-BUDGET-0133,2026,POS-133,Software Engineer II,DEPARTMENT-005,Engineering,COST-CENTER-ENG,Yes,Yes,Filled,1.0,2187000,437400,174960,0,39366,2838726,2026-01-01,2026-12-31,Approved,PKR,2026-08-01
POSITION-BUDGET-0134,2026,POS-134,Systems Administrator,DEPARTMENT-007,IT,COST-CENTER-IT,Yes,Yes,Filled,1.0,2012000,402400,160960,0,36216,2611576,2026-01-01,2026-12-31,Approved,PKR,2026-08-01
POSITION-BUDGET-0135,2026,POS-135,Senior Support Executive,DEPARTMENT-004,Customer Support,COST-CENTER-CS,Yes,Yes,Filled,1.0,1487000,297400,118960,0,26765,1930125,2026-01-01,2026-12-31,Approved,PKR,2026-08-01
POSITION-BUDGET-0136,2026,POS-136,HR Generalist,DEPARTMENT-001,HR,COST-CENTER-HR,Yes,Yes,Filled,1.0,1750000,350000,140000,0,31499,2271499,2026-01-01,2026-12-31,Approved,PKR,2026-08-01
POSITION-BUDGET-0137,2026,POS-137,Customer Support Representative,DEPARTMENT-004,Customer Support,COST-CENTER-CS,Yes,Yes,Filled,1.0,826000,165200,66080,0,15000,1072280,2026-01-01,2026-12-31,Approved,PKR,2026-08-01
POSITION-BUDGET-0138,2026,POS-138,Software Engineer II,DEPARTMENT-005,Engineering,COST-CENTER-ENG,Yes,Yes,Filled,1.0,2187000,437400,174960,0,39366,2838726,2026-01-01,2026-12-31,Approved,PKR,2026-08-01
POSITION-BUDGET-0139,2026,POS-139,Operations Officer,DEPARTMENT-006,Operations,COST-CENTER-OPS,Yes,Yes,Filled,1.0,875000,175000,70000,0,15749,1135749,2026-01-01,2026-12-31,Approved,PKR,2026-08-01
POSITION-BUDGET-0140,2026,POS-140,Senior Financial Analyst,DEPARTMENT-002,Finance,COST-CENTER-FIN,Yes,Yes,Filled,1.0,3136000,627200,250880,0,56447,4070527,2026-01-01,2026-12-31,Approved,PKR,2026-08-01
POSITION-BUDGET-0141,2026,POS-141,Operations Manager,DEPARTMENT-006,Operations,COST-CENTER-OPS,Yes,Yes,Filled,1.0,4082000,816400,326560,0,73476,5298436,2026-01-01,2026-12-31,Approved,PKR,2026-08-01
POSITION-BUDGET-0142,2026,POS-142,Engineering Lead,DEPARTMENT-005,Engineering,COST-CENTER-ENG,Yes,Yes,Filled,1.0,5670000,1134000,453600,0,102059,7359659,2026-01-01,2026-12-31,Approved,PKR,2026-08-01
POSITION-BUDGET-0143,2026,POS-143,Financial Analyst,DEPARTMENT-002,Finance,COST-CENTER-FIN,Yes,Yes,Filled,1.0,1925000,385000,154000,0,34650,2498650,2026-01-01,2026-12-31,Approved,PKR,2026-08-01
POSITION-BUDGET-0144,2026,POS-144,Customer Support Manager,DEPARTMENT-004,Customer Support,COST-CENTER-CS,Yes,Yes,Filled,1.0,3856000,771200,308480,0,69408,5005088,2026-01-01,2026-12-31,Approved,PKR,2026-08-01
POSITION-BUDGET-0145,2026,POS-145,Account Manager,DEPARTMENT-003,Sales,COST-CENTER-SAL,Yes,Yes,Filled,1.0,1837000,367400,146960,0,33066,2384426,2026-01-01,2026-12-31,Approved,PKR,2026-08-01
POSITION-BUDGET-0146,2026,POS-146,Financial Analyst,DEPARTMENT-002,Finance,COST-CENTER-FIN,Yes,Yes,Filled,1.0,1925000,385000,154000,0,34650,2498650,2026-01-01,2026-12-31,Approved,PKR,2026-08-01
POSITION-BUDGET-0147,2026,POS-147,Customer Support Manager,DEPARTMENT-004,Customer Support,COST-CENTER-CS,Yes,Yes,Filled,1.0,3856000,771200,308480,0,69408,5005088,2026-01-01,2026-12-31,Approved,PKR,2026-08-01
POSITION-BUDGET-0148,2026,POS-148,Sales Executive,DEPARTMENT-003,Sales,COST-CENTER-SAL,Yes,Yes,Filled,1.0,1021000,204200,81680,0,18378,1325258,2026-01-01,2026-12-31,Approved,PKR,2026-08-01
POSITION-BUDGET-0149,2026,POS-149,Operations Analyst,DEPARTMENT-006,Operations,COST-CENTER-OPS,Yes,Yes,Filled,1.0,1575000,315000,126000,0,28349,2044349,2026-01-01,2026-12-31,Approved,PKR,2026-08-01
POSITION-BUDGET-0150,2026,POS-150,Customer Support Representative,DEPARTMENT-004,Customer Support,COST-CENTER-CS,Yes,Yes,Filled,1.0,826000,165200,66080,0,15000,1072280,2026-01-01,2026-12-31,Approved,PKR,2026-08-01
POSITION-BUDGET-0151,2026,POS-151,Software Engineer I,DEPARTMENT-005,Engineering,COST-CENTER-ENG,Yes,Yes,Filled,1.0,1215000,243000,97200,0,21870,1577070,2026-01-01,2026-12-31,Approved,PKR,2026-08-01
POSITION-BUDGET-0152,2026,POS-152,Senior Systems Engineer,DEPARTMENT-007,IT,COST-CENTER-IT,Yes,Yes,Filled,1.0,3279000,655800,262320,0,59021,4256141,2026-01-01,2026-12-31,Approved,PKR,2026-08-01
POSITION-BUDGET-0153,2026,POS-153,Software Engineer II,DEPARTMENT-005,Engineering,COST-CENTER-ENG,Yes,Yes,Filled,1.0,2187000,437400,174960,0,39366,2838726,2026-01-01,2026-12-31,Approved,PKR,2026-08-01
POSITION-BUDGET-0154,2026,POS-154,Software Engineer I,DEPARTMENT-005,Engineering,COST-CENTER-ENG,Yes,Yes,Filled,1.0,1215000,243000,97200,0,21870,1577070,2026-01-01,2026-12-31,Approved,PKR,2026-08-01
POSITION-BUDGET-0155,2026,POS-155,Senior Support Executive,DEPARTMENT-004,Customer Support,COST-CENTER-CS,Yes,Yes,Filled,1.0,1487000,297400,118960,0,26765,1930125,2026-01-01,2026-12-31,Approved,PKR,2026-08-01
POSITION-BUDGET-0156,2026,POS-156,Software Engineer II,DEPARTMENT-005,Engineering,COST-CENTER-ENG,Yes,Yes,Filled,1.0,2187000,437400,174960,0,39366,2838726,2026-01-01,2026-12-31,Approved,PKR,2026-08-01
POSITION-BUDGET-0157,2026,POS-157,Operations Officer,DEPARTMENT-006,Operations,COST-CENTER-OPS,Yes,Yes,Filled,1.0,875000,175000,70000,0,15749,1135749,2026-01-01,2026-12-31,Approved,PKR,2026-08-01
POSITION-BUDGET-0158,2026,POS-158,Operations Officer,DEPARTMENT-006,Operations,COST-CENTER-OPS,Yes,Yes,Filled,1.0,875000,175000,70000,0,15749,1135749,2026-01-01,2026-12-31,Approved,PKR,2026-08-01
POSITION-BUDGET-0159,2026,POS-159,Senior Software Engineer,DEPARTMENT-005,Engineering,COST-CENTER-ENG,Yes,Yes,Filled,1.0,3564000,712800,285120,0,64151,4626071,2026-01-01,2026-12-31,Approved,PKR,2026-08-01
POSITION-BUDGET-0160,2026,POS-160,Senior Financial Analyst,DEPARTMENT-002,Finance,COST-CENTER-FIN,Yes,Yes,Filled,1.0,3136000,627200,250880,0,56447,4070527,2026-01-01,2026-12-31,Approved,PKR,2026-08-01
POSITION-BUDGET-0161,2026,POS-161,Financial Analyst,DEPARTMENT-002,Finance,COST-CENTER-FIN,Yes,Yes,Filled,1.0,1925000,385000,154000,0,34650,2498650,2026-01-01,2026-12-31,Approved,PKR,2026-08-01
POSITION-BUDGET-0162,2026,POS-162,Customer Support Representative,DEPARTMENT-004,Customer Support,COST-CENTER-CS,Yes,Yes,Filled,1.0,826000,165200,66080,0,15000,1072280,2026-01-01,2026-12-31,Approved,PKR,2026-08-01
POSITION-BUDGET-0163,2026,POS-163,Software Engineer II,DEPARTMENT-005,Engineering,COST-CENTER-ENG,Yes,Yes,Filled,1.0,2187000,437400,174960,0,39366,2838726,2026-01-01,2026-12-31,Approved,PKR,2026-08-01
POSITION-BUDGET-0164,2026,POS-164,Sales Executive,DEPARTMENT-003,Sales,COST-CENTER-SAL,Yes,Yes,Filled,1.0,1021000,204200,81680,0,18378,1325258,2026-01-01,2026-12-31,Approved,PKR,2026-08-01
POSITION-BUDGET-0165,2026,POS-165,Sales Executive,DEPARTMENT-003,Sales,COST-CENTER-SAL,Yes,Yes,Filled,1.0,1021000,204200,81680,0,18378,1325258,2026-01-01,2026-12-31,Approved,PKR,2026-08-01
POSITION-BUDGET-0166,2026,POS-166,Sales Manager,DEPARTMENT-003,Sales,COST-CENTER-SAL,Yes,Yes,Filled,1.0,4763000,952600,381040,0,85734,6182374,2026-01-01,2026-12-31,Approved,PKR,2026-08-01
POSITION-BUDGET-0167,2026,POS-167,Account Manager,DEPARTMENT-003,Sales,COST-CENTER-SAL,Yes,Yes,Filled,1.0,1837000,367400,146960,0,33066,2384426,2026-01-01,2026-12-31,Approved,PKR,2026-08-01
POSITION-BUDGET-0168,2026,POS-168,Support Team Lead,DEPARTMENT-004,Customer Support,COST-CENTER-CS,Yes,Yes,Filled,1.0,2424000,484800,193920,0,43632,3146352,2026-01-01,2026-12-31,Approved,PKR,2026-08-01
POSITION-BUDGET-0169,2026,POS-169,IT Operations Manager,DEPARTMENT-007,IT,COST-CENTER-IT,Yes,Yes,Filled,1.0,5216000,1043200,417280,0,93888,6770368,2026-01-01,2026-12-31,Approved,PKR,2026-08-01
POSITION-BUDGET-0170,2026,POS-170,Senior Support Executive,DEPARTMENT-004,Customer Support,COST-CENTER-CS,Yes,Yes,Filled,1.0,1487000,297400,118960,0,26765,1930125,2026-01-01,2026-12-31,Approved,PKR,2026-08-01
POSITION-BUDGET-0171,2026,POS-171,IT Operations Manager,DEPARTMENT-007,IT,COST-CENTER-IT,Yes,Yes,Filled,1.0,5216000,1043200,417280,0,93888,6770368,2026-01-01,2026-12-31,Approved,PKR,2026-08-01
POSITION-BUDGET-0172,2026,POS-172,Operations Analyst,DEPARTMENT-006,Operations,COST-CENTER-OPS,Yes,Yes,Filled,1.0,1575000,315000,126000,0,28349,2044349,2026-01-01,2026-12-31,Approved,PKR,2026-08-01
POSITION-BUDGET-0173,2026,POS-173,Senior Financial Analyst,DEPARTMENT-002,Finance,COST-CENTER-FIN,Yes,Yes,Filled,1.0,3136000,627200,250880,0,56447,4070527,2026-01-01,2026-12-31,Approved,PKR,2026-08-01
POSITION-BUDGET-0174,2026,POS-174,Account Manager,DEPARTMENT-003,Sales,COST-CENTER-SAL,Yes,Yes,Filled,1.0,1837000,367400,146960,0,33066,2384426,2026-01-01,2026-12-31,Approved,PKR,2026-08-01
POSITION-BUDGET-0175,2026,POS-175,Operations Analyst,DEPARTMENT-006,Operations,COST-CENTER-OPS,Yes,Yes,Filled,1.0,1575000,315000,126000,0,28349,2044349,2026-01-01,2026-12-31,Approved,PKR,2026-08-01
POSITION-BUDGET-0176,2026,POS-176,Senior Account Manager,DEPARTMENT-003,Sales,COST-CENTER-SAL,Yes,Yes,Filled,1.0,2994000,598800,239520,0,53891,3886211,2026-01-01,2026-12-31,Approved,PKR,2026-08-01
POSITION-BUDGET-0177,2026,POS-177,HR Generalist,DEPARTMENT-001,HR,COST-CENTER-HR,Yes,Yes,Filled,1.0,1750000,350000,140000,0,31499,2271499,2026-01-01,2026-12-31,Approved,PKR,2026-08-01
POSITION-BUDGET-0178,2026,POS-178,Sales Executive,DEPARTMENT-003,Sales,COST-CENTER-SAL,Yes,Yes,Filled,1.0,1021000,204200,81680,0,18378,1325258,2026-01-01,2026-12-31,Approved,PKR,2026-08-01
POSITION-BUDGET-0179,2026,POS-179,Operations Officer,DEPARTMENT-006,Operations,COST-CENTER-OPS,Yes,Yes,Filled,1.0,875000,175000,70000,0,15749,1135749,2026-01-01,2026-12-31,Approved,PKR,2026-08-01
POSITION-BUDGET-0180,2026,POS-180,Customer Support Representative,DEPARTMENT-004,Customer Support,COST-CENTER-CS,Yes,Yes,Filled,1.0,826000,165200,66080,0,15000,1072280,2026-01-01,2026-12-31,Approved,PKR,2026-08-01
POSITION-BUDGET-0181,2026,POS-181,Operations Officer,DEPARTMENT-006,Operations,COST-CENTER-OPS,Yes,Yes,Filled,1.0,875000,175000,70000,0,15749,1135749,2026-01-01,2026-12-31,Approved,PKR,2026-08-01
POSITION-BUDGET-0182,2026,POS-182,Account Manager,DEPARTMENT-003,Sales,COST-CENTER-SAL,Yes,Yes,Filled,1.0,1837000,367400,146960,0,33066,2384426,2026-01-01,2026-12-31,Approved,PKR,2026-08-01
POSITION-BUDGET-0183,2026,POS-183,IT Support Engineer,DEPARTMENT-007,IT,COST-CENTER-IT,Yes,Yes,Filled,1.0,1118000,223600,89440,0,20124,1451164,2026-01-01,2026-12-31,Approved,PKR,2026-08-01
POSITION-BUDGET-0184,2026,POS-184,Operations Officer,DEPARTMENT-006,Operations,COST-CENTER-OPS,Yes,Yes,Filled,1.0,875000,175000,70000,0,15749,1135749,2026-01-01,2026-12-31,Approved,PKR,2026-08-01
POSITION-BUDGET-0185,2026,POS-185,Senior Financial Analyst,DEPARTMENT-002,Finance,COST-CENTER-FIN,Yes,Yes,Filled,1.0,3136000,627200,250880,0,56447,4070527,2026-01-01,2026-12-31,Approved,PKR,2026-08-01
POSITION-BUDGET-0186,2026,POS-186,Systems Administrator,DEPARTMENT-007,IT,COST-CENTER-IT,Yes,Yes,Filled,1.0,2012000,402400,160960,0,36216,2611576,2026-01-01,2026-12-31,Approved,PKR,2026-08-01
POSITION-BUDGET-0187,2026,POS-187,Operations Officer,DEPARTMENT-006,Operations,COST-CENTER-OPS,Yes,Yes,Filled,1.0,875000,175000,70000,0,15749,1135749,2026-01-01,2026-12-31,Approved,PKR,2026-08-01
POSITION-BUDGET-0188,2026,POS-188,Senior Systems Engineer,DEPARTMENT-007,IT,COST-CENTER-IT,Yes,Yes,Filled,1.0,3279000,655800,262320,0,59021,4256141,2026-01-01,2026-12-31,Approved,PKR,2026-08-01
POSITION-BUDGET-0189,2026,POS-189,Engineering Lead,DEPARTMENT-005,Engineering,COST-CENTER-ENG,Yes,Yes,Filled,1.0,5670000,1134000,453600,0,102059,7359659,2026-01-01,2026-12-31,Approved,PKR,2026-08-01
POSITION-BUDGET-0190,2026,POS-190,HR Officer,DEPARTMENT-001,HR,COST-CENTER-HR,Yes,Yes,Filled,1.0,972000,194400,77760,0,17496,1261656,2026-01-01,2026-12-31,Approved,PKR,2026-08-01
POSITION-BUDGET-0191,2026,POS-191,Operations Analyst,DEPARTMENT-006,Operations,COST-CENTER-OPS,Yes,Yes,Filled,1.0,1575000,315000,126000,0,28349,2044349,2026-01-01,2026-12-31,Approved,PKR,2026-08-01
POSITION-BUDGET-0192,2026,POS-192,Sales Executive,DEPARTMENT-003,Sales,COST-CENTER-SAL,Yes,Yes,Filled,1.0,1021000,204200,81680,0,18378,1325258,2026-01-01,2026-12-31,Approved,PKR,2026-08-01
POSITION-BUDGET-0193,2026,POS-193,Operations Officer,DEPARTMENT-006,Operations,COST-CENTER-OPS,Yes,Yes,Filled,1.0,875000,175000,70000,0,15749,1135749,2026-01-01,2026-12-31,Approved,PKR,2026-08-01
POSITION-BUDGET-0194,2026,POS-194,Senior Support Executive,DEPARTMENT-004,Customer Support,COST-CENTER-CS,Yes,Yes,Filled,1.0,1487000,297400,118960,0,26765,1930125,2026-01-01,2026-12-31,Approved,PKR,2026-08-01
POSITION-BUDGET-0195,2026,POS-195,Engineering Lead,DEPARTMENT-005,Engineering,COST-CENTER-ENG,Yes,Yes,Filled,1.0,5670000,1134000,453600,0,102059,7359659,2026-01-01,2026-12-31,Approved,PKR,2026-08-01
POSITION-BUDGET-0196,2026,POS-196,Software Engineer II,DEPARTMENT-005,Engineering,COST-CENTER-ENG,Yes,Yes,Filled,1.0,2187000,437400,174960,0,39366,2838726,2026-01-01,2026-12-31,Approved,PKR,2026-08-01
POSITION-BUDGET-0197,2026,POS-197,HR Manager,DEPARTMENT-001,HR,COST-CENTER-HR,Yes,Yes,Filled,1.0,4536000,907200,362880,0,81648,5887728,2026-01-01,2026-12-31,Approved,PKR,2026-08-01
POSITION-BUDGET-0198,2026,POS-198,Operations Officer,DEPARTMENT-006,Operations,COST-CENTER-OPS,Yes,Yes,Filled,1.0,875000,175000,70000,0,15749,1135749,2026-01-01,2026-12-31,Approved,PKR,2026-08-01
POSITION-BUDGET-0199,2026,POS-199,Customer Support Representative,DEPARTMENT-004,Customer Support,COST-CENTER-CS,Yes,Yes,Filled,1.0,826000,165200,66080,0,15000,1072280,2026-01-01,2026-12-31,Approved,PKR,2026-08-01
POSITION-BUDGET-0200,2026,POS-200,Senior Support Executive,DEPARTMENT-004,Customer Support,COST-CENTER-CS,Yes,Yes,Filled,1.0,1487000,297400,118960,0,26765,1930125,2026-01-01,2026-12-31,Approved,PKR,2026-08-01
POSITION-BUDGET-0201,2026,EXEC-HR-HEAD,Head of HR,DEPARTMENT-001,HR,COST-CENTER-HR,Yes,Yes,Filled,1.0,8424000,1684800,673920,0,151632,10934352,2026-01-01,2026-12-31,Approved,PKR,2026-08-01
POSITION-BUDGET-0202,2026,EXEC-FIN-HEAD,Head of Finance,DEPARTMENT-002,Finance,COST-CENTER-FIN,Yes,Yes,Filled,1.0,9266000,1853200,741280,0,166788,12027268,2026-01-01,2026-12-31,Approved,PKR,2026-08-01
POSITION-BUDGET-0203,2026,EXEC-CS-HEAD,Head of Customer Support,DEPARTMENT-004,Customer Support,COST-CENTER-CS,Yes,Yes,Filled,1.0,7160000,1432000,572800,0,128879,9293679,2026-01-01,2026-12-31,Approved,PKR,2026-08-01
POSITION-BUDGET-0204,2026,EXEC-SAL-HEAD,Head of Sales,DEPARTMENT-003,Sales,COST-CENTER-SAL,Yes,Yes,Filled,1.0,8845000,1769000,707600,0,159210,11480810,2026-01-01,2026-12-31,Approved,PKR,2026-08-01
POSITION-BUDGET-0205,2026,EXEC-ENG-HEAD,Head of Engineering,DEPARTMENT-005,Engineering,COST-CENTER-ENG,Yes,Yes,Filled,1.0,10530000,2106000,842400,0,189540,13667940,2026-01-01,2026-12-31,Approved,PKR,2026-08-01
POSITION-BUDGET-0206,2026,EXEC-OPS-HEAD,Head of Operations,DEPARTMENT-006,Operations,COST-CENTER-OPS,Yes,Yes,Filled,1.0,7582000,1516400,606560,0,136476,9841436,2026-01-01,2026-12-31,Approved,PKR,2026-08-01
POSITION-BUDGET-0207,2026,EXEC-IT-HEAD,Head of IT,DEPARTMENT-007,IT,COST-CENTER-IT,Yes,Yes,Filled,1.0,9688000,1937600,775040,0,174384,12575024,2026-01-01,2026-12-31,Approved,PKR,2026-08-01
POSITION-BUDGET-0208,2026,POS-201,HR Manager,DEPARTMENT-001,HR,COST-CENTER-HR,Yes,Yes,Filled,1.0,4536000,907200,362880,0,81648,5887728,2026-01-01,2026-12-31,Approved,PKR,2026-08-01
POSITION-BUDGET-0209,2026,POS-202,HR Manager,DEPARTMENT-001,HR,COST-CENTER-HR,Yes,Yes,Filled,1.0,4536000,907200,362880,0,81648,5887728,2026-01-01,2026-12-31,Approved,PKR,2026-08-01
POSITION-BUDGET-0210,2026,POS-203,Senior HR Business Partner,DEPARTMENT-001,HR,COST-CENTER-HR,Yes,Yes,Filled,1.0,2851000,570200,228080,0,51317,3700597,2026-01-01,2026-12-31,Approved,PKR,2026-08-01
POSITION-BUDGET-0211,2026,POS-204,Senior HR Business Partner,DEPARTMENT-001,HR,COST-CENTER-HR,Yes,Yes,Filled,1.0,2851000,570200,228080,0,51317,3700597,2026-01-01,2026-12-31,Approved,PKR,2026-08-01
POSITION-BUDGET-0212,2026,POS-205,Senior HR Business Partner,DEPARTMENT-001,HR,COST-CENTER-HR,Yes,Yes,Filled,1.0,2851000,570200,228080,0,51317,3700597,2026-01-01,2026-12-31,Approved,PKR,2026-08-01
POSITION-BUDGET-0213,2026,POS-206,HR Officer,DEPARTMENT-001,HR,COST-CENTER-HR,Yes,Yes,Filled,1.0,1750000,350000,140000,0,31499,2271499,2026-01-01,2026-12-31,Approved,PKR,2026-08-01
POSITION-BUDGET-0214,2026,POS-207,HR Officer,DEPARTMENT-001,HR,COST-CENTER-HR,Yes,Yes,Filled,1.0,1750000,350000,140000,0,31499,2271499,2026-01-01,2026-12-31,Approved,PKR,2026-08-01
POSITION-BUDGET-0215,2026,POS-208,HR Officer,DEPARTMENT-001,HR,COST-CENTER-HR,Yes,Yes,Filled,1.0,1750000,350000,140000,0,31499,2271499,2026-01-01,2026-12-31,Approved,PKR,2026-08-01
POSITION-BUDGET-0216,2026,POS-209,HR Officer,DEPARTMENT-001,HR,COST-CENTER-HR,Yes,Yes,Filled,1.0,1750000,350000,140000,0,31499,2271499,2026-01-01,2026-12-31,Approved,PKR,2026-08-01
POSITION-BUDGET-0217,2026,POS-210,HR Officer,DEPARTMENT-001,HR,COST-CENTER-HR,Yes,Yes,Filled,1.0,1750000,350000,140000,0,31499,2271499,2026-01-01,2026-12-31,Approved,PKR,2026-08-01
POSITION-BUDGET-0218,2026,POS-211,HR Officer,DEPARTMENT-001,HR,COST-CENTER-HR,Yes,Yes,Filled,1.0,1750000,350000,140000,0,31499,2271499,2026-01-01,2026-12-31,Approved,PKR,2026-08-01
POSITION-BUDGET-0219,2026,POS-212,HR Officer,DEPARTMENT-001,HR,COST-CENTER-HR,Yes,Yes,Filled,1.0,1750000,350000,140000,0,31499,2271499,2026-01-01,2026-12-31,Approved,PKR,2026-08-01
POSITION-BUDGET-0220,2026,POS-213,HR Assistant,DEPARTMENT-001,HR,COST-CENTER-HR,Yes,Yes,Filled,1.0,972000,194400,77760,0,17496,1261656,2026-01-01,2026-12-31,Approved,PKR,2026-08-01
POSITION-BUDGET-0221,2026,POS-214,HR Assistant,DEPARTMENT-001,HR,COST-CENTER-HR,Yes,Yes,Filled,1.0,972000,194400,77760,0,17496,1261656,2026-01-01,2026-12-31,Approved,PKR,2026-08-01
POSITION-BUDGET-0222,2026,POS-215,HR Assistant,DEPARTMENT-001,HR,COST-CENTER-HR,Yes,Yes,Filled,1.0,972000,194400,77760,0,17496,1261656,2026-01-01,2026-12-31,Approved,PKR,2026-08-01
POSITION-BUDGET-0223,2026,POS-216,HR Assistant,DEPARTMENT-001,HR,COST-CENTER-HR,Yes,Yes,Filled,1.0,972000,194400,77760,0,17496,1261656,2026-01-01,2026-12-31,Approved,PKR,2026-08-01
POSITION-BUDGET-0224,2026,POS-217,HR Assistant,DEPARTMENT-001,HR,COST-CENTER-HR,Yes,Yes,Filled,1.0,972000,194400,77760,0,17496,1261656,2026-01-01,2026-12-31,Approved,PKR,2026-08-01
POSITION-BUDGET-0225,2026,POS-218,HR Assistant,DEPARTMENT-001,HR,COST-CENTER-HR,Yes,Yes,Filled,1.0,972000,194400,77760,0,17496,1261656,2026-01-01,2026-12-31,Approved,PKR,2026-08-01
POSITION-BUDGET-0226,2026,POS-219,HR Assistant,DEPARTMENT-001,HR,COST-CENTER-HR,Yes,Yes,Filled,1.0,972000,194400,77760,0,17496,1261656,2026-01-01,2026-12-31,Approved,PKR,2026-08-01
POSITION-BUDGET-0227,2026,POS-220,HR Assistant,DEPARTMENT-001,HR,COST-CENTER-HR,Yes,Yes,Filled,1.0,972000,194400,77760,0,17496,1261656,2026-01-01,2026-12-31,Approved,PKR,2026-08-01
POSITION-BUDGET-0228,2026,POS-221,HR Assistant,DEPARTMENT-001,HR,COST-CENTER-HR,Yes,Yes,Filled,1.0,972000,194400,77760,0,17496,1261656,2026-01-01,2026-12-31,Approved,PKR,2026-08-01
POSITION-BUDGET-0229,2026,POS-222,HR Assistant,DEPARTMENT-001,HR,COST-CENTER-HR,No,No,Filled,1.0,0,0,0,0,0,0,2026-01-01,2026-12-31,Not Funded,PKR,2026-08-01
POSITION-BUDGET-0230,2026,POS-223,HR Intern,DEPARTMENT-001,HR,COST-CENTER-HR,Yes,Yes,Filled,1.0,454000,90800,36320,0,15000,596120,2026-01-01,2026-12-31,Approved,PKR,2026-08-01
POSITION-BUDGET-0231,2026,POS-224,HR Intern,DEPARTMENT-001,HR,COST-CENTER-HR,Yes,Yes,Filled,1.0,454000,90800,36320,0,15000,596120,2026-01-01,2026-12-31,Approved,PKR,2026-08-01
POSITION-BUDGET-0232,2026,POS-225,HR Intern,DEPARTMENT-001,HR,COST-CENTER-HR,Yes,Yes,Filled,0.5,227000,45400,18160,0,15000,305560,2026-01-01,2026-12-31,Approved,PKR,2026-08-01
POSITION-BUDGET-0233,2026,POS-226,Finance Manager,DEPARTMENT-002,Finance,COST-CENTER-FIN,Yes,Yes,Filled,1.0,4990000,998000,399200,0,89820,6477020,2026-01-01,2026-12-31,Approved,PKR,2026-08-01
POSITION-BUDGET-0234,2026,POS-227,Finance Manager,DEPARTMENT-002,Finance,COST-CENTER-FIN,Yes,Yes,Filled,1.0,4990000,998000,399200,0,89820,6477020,2026-01-01,2026-12-31,Approved,PKR,2026-08-01
POSITION-BUDGET-0235,2026,POS-228,Finance Manager,DEPARTMENT-002,Finance,COST-CENTER-FIN,Yes,Yes,Filled,1.0,4990000,998000,399200,0,89820,6477020,2026-01-01,2026-12-31,Approved,PKR,2026-08-01
POSITION-BUDGET-0236,2026,POS-229,Finance Manager,DEPARTMENT-002,Finance,COST-CENTER-FIN,Yes,Yes,Filled,1.0,4990000,998000,399200,0,89820,6477020,2026-01-01,2026-12-31,Approved,PKR,2026-08-01
POSITION-BUDGET-0237,2026,POS-230,Finance Manager,DEPARTMENT-002,Finance,COST-CENTER-FIN,Yes,Yes,Filled,1.0,4990000,998000,399200,0,89820,6477020,2026-01-01,2026-12-31,Approved,PKR,2026-08-01
POSITION-BUDGET-0238,2026,POS-231,Financial Analyst,DEPARTMENT-002,Finance,COST-CENTER-FIN,Yes,Yes,Filled,1.0,1925000,385000,154000,0,34650,2498650,2026-01-01,2026-12-31,Approved,PKR,2026-08-01
POSITION-BUDGET-0239,2026,POS-232,Financial Analyst,DEPARTMENT-002,Finance,COST-CENTER-FIN,Yes,Yes,Filled,1.0,1925000,385000,154000,0,34650,2498650,2026-01-01,2026-12-31,Approved,PKR,2026-08-01
POSITION-BUDGET-0240,2026,POS-233,Financial Analyst,DEPARTMENT-002,Finance,COST-CENTER-FIN,Yes,Yes,Filled,1.0,1925000,385000,154000,0,34650,2498650,2026-01-01,2026-12-31,Approved,PKR,2026-08-01
POSITION-BUDGET-0241,2026,POS-234,Financial Analyst,DEPARTMENT-002,Finance,COST-CENTER-FIN,Yes,Yes,Filled,1.0,1925000,385000,154000,0,34650,2498650,2026-01-01,2026-12-31,Approved,PKR,2026-08-01
POSITION-BUDGET-0242,2026,POS-235,Accounts Assistant,DEPARTMENT-002,Finance,COST-CENTER-FIN,Yes,Yes,Filled,1.0,1069000,213800,85520,0,19242,1387562,2026-01-01,2026-12-31,Approved,PKR,2026-08-01
POSITION-BUDGET-0243,2026,POS-236,Accounts Assistant,DEPARTMENT-002,Finance,COST-CENTER-FIN,Yes,Yes,Filled,1.0,1069000,213800,85520,0,19242,1387562,2026-01-01,2026-12-31,Approved,PKR,2026-08-01
POSITION-BUDGET-0244,2026,POS-237,Accounts Assistant,DEPARTMENT-002,Finance,COST-CENTER-FIN,Yes,Yes,Filled,1.0,1069000,213800,85520,0,19242,1387562,2026-01-01,2026-12-31,Approved,PKR,2026-08-01
POSITION-BUDGET-0245,2026,POS-238,Accounts Assistant,DEPARTMENT-002,Finance,COST-CENTER-FIN,Yes,Yes,Filled,1.0,1069000,213800,85520,0,19242,1387562,2026-01-01,2026-12-31,Approved,PKR,2026-08-01
POSITION-BUDGET-0246,2026,POS-239,Accounts Assistant,DEPARTMENT-002,Finance,COST-CENTER-FIN,Yes,Yes,Filled,1.0,1069000,213800,85520,0,19242,1387562,2026-01-01,2026-12-31,Approved,PKR,2026-08-01
POSITION-BUDGET-0247,2026,POS-240,Accounts Assistant,DEPARTMENT-002,Finance,COST-CENTER-FIN,Yes,Yes,Filled,1.0,1069000,213800,85520,0,19242,1387562,2026-01-01,2026-12-31,Approved,PKR,2026-08-01
POSITION-BUDGET-0248,2026,POS-241,Accounts Assistant,DEPARTMENT-002,Finance,COST-CENTER-FIN,Yes,Yes,Filled,1.0,1069000,213800,85520,0,19242,1387562,2026-01-01,2026-12-31,Approved,PKR,2026-08-01
POSITION-BUDGET-0249,2026,POS-242,Accounts Assistant,DEPARTMENT-002,Finance,COST-CENTER-FIN,Yes,Yes,Filled,1.0,1069000,213800,85520,0,19242,1387562,2026-01-01,2026-12-31,Approved,PKR,2026-08-01
POSITION-BUDGET-0250,2026,POS-243,Accounts Assistant,DEPARTMENT-002,Finance,COST-CENTER-FIN,Yes,Yes,Filled,1.0,1069000,213800,85520,0,19242,1387562,2026-01-01,2026-12-31,Approved,PKR,2026-08-01
POSITION-BUDGET-0251,2026,POS-244,Accounts Assistant,DEPARTMENT-002,Finance,COST-CENTER-FIN,Yes,Yes,Filled,1.0,1069000,213800,85520,0,19242,1387562,2026-01-01,2026-12-31,Approved,PKR,2026-08-01
POSITION-BUDGET-0252,2026,POS-245,Accounts Assistant,DEPARTMENT-002,Finance,COST-CENTER-FIN,Yes,Yes,Filled,1.0,1069000,213800,85520,0,19242,1387562,2026-01-01,2026-12-31,Approved,PKR,2026-08-01
POSITION-BUDGET-0253,2026,POS-246,Accounts Assistant,DEPARTMENT-002,Finance,COST-CENTER-FIN,Yes,Yes,Filled,1.0,1069000,213800,85520,0,19242,1387562,2026-01-01,2026-12-31,Approved,PKR,2026-08-01
POSITION-BUDGET-0254,2026,POS-247,Finance Intern,DEPARTMENT-002,Finance,COST-CENTER-FIN,Yes,Yes,Filled,0.5,249000,49800,19920,0,15000,333720,2026-01-01,2026-12-31,Approved,PKR,2026-08-01
POSITION-BUDGET-0255,2026,POS-248,Finance Intern,DEPARTMENT-002,Finance,COST-CENTER-FIN,Yes,Yes,Filled,0.5,249000,49800,19920,0,15000,333720,2026-01-01,2026-12-31,Approved,PKR,2026-08-01
POSITION-BUDGET-0256,2026,POS-249,Finance Intern,DEPARTMENT-002,Finance,COST-CENTER-FIN,Yes,Yes,Filled,1.0,499000,99800,39920,0,15000,653720,2026-01-01,2026-12-31,Approved,PKR,2026-08-01
POSITION-BUDGET-0257,2026,POS-250,Senior Account Manager,DEPARTMENT-003,Sales,COST-CENTER-SAL,Yes,Yes,Filled,1.0,2994000,598800,239520,0,53891,3886211,2026-01-01,2026-12-31,Approved,PKR,2026-08-01
POSITION-BUDGET-0258,2026,POS-251,Senior Account Manager,DEPARTMENT-003,Sales,COST-CENTER-SAL,Yes,Yes,Filled,1.0,2994000,598800,239520,0,53891,3886211,2026-01-01,2026-12-31,Approved,PKR,2026-08-01
POSITION-BUDGET-0259,2026,POS-252,Senior Account Manager,DEPARTMENT-003,Sales,COST-CENTER-SAL,Yes,Yes,Filled,1.0,2994000,598800,239520,0,53891,3886211,2026-01-01,2026-12-31,Approved,PKR,2026-08-01
POSITION-BUDGET-0260,2026,POS-253,Sales Intern,DEPARTMENT-003,Sales,COST-CENTER-SAL,Yes,Yes,Filled,1.0,476000,95200,38080,0,15000,624280,2026-01-01,2026-12-31,Approved,PKR,2026-08-01
POSITION-BUDGET-0261,2026,POS-254,Sales Intern,DEPARTMENT-003,Sales,COST-CENTER-SAL,Yes,Yes,Filled,1.0,476000,95200,38080,0,15000,624280,2026-01-01,2026-12-31,Approved,PKR,2026-08-01
POSITION-BUDGET-0262,2026,POS-255,Sales Intern,DEPARTMENT-003,Sales,COST-CENTER-SAL,Yes,Yes,Filled,1.0,476000,95200,38080,0,15000,624280,2026-01-01,2026-12-31,Approved,PKR,2026-08-01
POSITION-BUDGET-0263,2026,POS-256,Senior Customer Support Specialist,DEPARTMENT-004,Customer Support,COST-CENTER-CS,Yes,Yes,Filled,1.0,2424000,484800,193920,0,43632,3146352,2026-01-01,2026-12-31,Approved,PKR,2026-08-01
POSITION-BUDGET-0264,2026,POS-257,Senior Customer Support Specialist,DEPARTMENT-004,Customer Support,COST-CENTER-CS,Yes,Yes,Filled,1.0,2424000,484800,193920,0,43632,3146352,2026-01-01,2026-12-31,Approved,PKR,2026-08-01
POSITION-BUDGET-0265,2026,POS-258,Senior Customer Support Specialist,DEPARTMENT-004,Customer Support,COST-CENTER-CS,Yes,Yes,Filled,1.0,2424000,484800,193920,0,43632,3146352,2026-01-01,2026-12-31,Approved,PKR,2026-08-01
POSITION-BUDGET-0266,2026,POS-259,Customer Support Specialist,DEPARTMENT-004,Customer Support,COST-CENTER-CS,Yes,Yes,Filled,1.0,1487000,297400,118960,0,26765,1930125,2026-01-01,2026-12-31,Approved,PKR,2026-08-01
POSITION-BUDGET-0267,2026,POS-260,Customer Support Specialist,DEPARTMENT-004,Customer Support,COST-CENTER-CS,Yes,Yes,Filled,1.0,1487000,297400,118960,0,26765,1930125,2026-01-01,2026-12-31,Approved,PKR,2026-08-01
POSITION-BUDGET-0268,2026,POS-261,Customer Support Intern,DEPARTMENT-004,Customer Support,COST-CENTER-CS,Yes,Yes,Filled,0.5,193000,38600,15440,0,15000,262040,2026-01-01,2026-12-31,Approved,PKR,2026-08-01
POSITION-BUDGET-0269,2026,POS-262,Customer Support Intern,DEPARTMENT-004,Customer Support,COST-CENTER-CS,Yes,Yes,Filled,1.0,386000,77200,30880,0,15000,509080,2026-01-01,2026-12-31,Approved,PKR,2026-08-01
POSITION-BUDGET-0270,2026,POS-263,Customer Support Intern,DEPARTMENT-004,Customer Support,COST-CENTER-CS,Yes,Yes,Filled,0.5,193000,38600,15440,0,15000,262040,2026-01-01,2026-12-31,Approved,PKR,2026-08-01
POSITION-BUDGET-0271,2026,POS-264,Senior Software Engineer,DEPARTMENT-005,Engineering,COST-CENTER-ENG,Yes,Yes,Filled,1.0,3564000,712800,285120,0,64151,4626071,2026-01-01,2026-12-31,Approved,PKR,2026-08-01
POSITION-BUDGET-0272,2026,POS-265,Senior Software Engineer,DEPARTMENT-005,Engineering,COST-CENTER-ENG,Yes,Yes,Filled,1.0,3564000,712800,285120,0,64151,4626071,2026-01-01,2026-12-31,Approved,PKR,2026-08-01
POSITION-BUDGET-0273,2026,POS-266,Junior Software Engineer,DEPARTMENT-005,Engineering,COST-CENTER-ENG,Yes,Yes,Filled,1.0,1215000,243000,97200,0,21870,1577070,2026-01-01,2026-12-31,Approved,PKR,2026-08-01
POSITION-BUDGET-0274,2026,POS-267,Junior Software Engineer,DEPARTMENT-005,Engineering,COST-CENTER-ENG,Yes,Yes,Filled,1.0,1215000,243000,97200,0,21870,1577070,2026-01-01,2026-12-31,Approved,PKR,2026-08-01
POSITION-BUDGET-0275,2026,POS-268,Junior Software Engineer,DEPARTMENT-005,Engineering,COST-CENTER-ENG,Yes,Yes,Filled,1.0,1215000,243000,97200,0,21870,1577070,2026-01-01,2026-12-31,Approved,PKR,2026-08-01
POSITION-BUDGET-0276,2026,POS-269,Engineering Intern,DEPARTMENT-005,Engineering,COST-CENTER-ENG,Yes,Yes,Filled,0.5,284000,56800,22720,0,15000,378520,2026-01-01,2026-12-31,Approved,PKR,2026-08-01
POSITION-BUDGET-0277,2026,POS-270,Engineering Intern,DEPARTMENT-005,Engineering,COST-CENTER-ENG,Yes,Yes,Filled,1.0,567000,113400,45360,0,15000,740760,2026-01-01,2026-12-31,Approved,PKR,2026-08-01
POSITION-BUDGET-0278,2026,POS-271,Engineering Intern,DEPARTMENT-005,Engineering,COST-CENTER-ENG,Yes,Yes,Filled,1.0,567000,113400,45360,0,15000,740760,2026-01-01,2026-12-31,Approved,PKR,2026-08-01
POSITION-BUDGET-0279,2026,POS-272,Operations Manager,DEPARTMENT-006,Operations,COST-CENTER-OPS,Yes,Yes,Filled,1.0,4082000,816400,326560,0,73476,5298436,2026-01-01,2026-12-31,Approved,PKR,2026-08-01
POSITION-BUDGET-0280,2026,POS-273,Senior Operations Officer,DEPARTMENT-006,Operations,COST-CENTER-OPS,Yes,Yes,Filled,1.0,2566000,513200,205280,0,46188,3330668,2026-01-01,2026-12-31,Approved,PKR,2026-08-01
POSITION-BUDGET-0281,2026,POS-274,Senior Operations Officer,DEPARTMENT-006,Operations,COST-CENTER-OPS,Yes,Yes,Filled,1.0,2566000,513200,205280,0,46188,3330668,2026-01-01,2026-12-31,Approved,PKR,2026-08-01
POSITION-BUDGET-0282,2026,POS-275,Senior Operations Officer,DEPARTMENT-006,Operations,COST-CENTER-OPS,Yes,Yes,Filled,1.0,2566000,513200,205280,0,46188,3330668,2026-01-01,2026-12-31,Approved,PKR,2026-08-01
POSITION-BUDGET-0283,2026,POS-276,Senior Operations Officer,DEPARTMENT-006,Operations,COST-CENTER-OPS,Yes,Yes,Filled,1.0,2566000,513200,205280,0,46188,3330668,2026-01-01,2026-12-31,Approved,PKR,2026-08-01
POSITION-BUDGET-0284,2026,POS-277,Senior Operations Officer,DEPARTMENT-006,Operations,COST-CENTER-OPS,Yes,Yes,Filled,1.0,2566000,513200,205280,0,46188,3330668,2026-01-01,2026-12-31,Approved,PKR,2026-08-01
POSITION-BUDGET-0285,2026,POS-278,Senior Operations Officer,DEPARTMENT-006,Operations,COST-CENTER-OPS,Yes,Yes,Filled,1.0,2566000,513200,205280,0,46188,3330668,2026-01-01,2026-12-31,Approved,PKR,2026-08-01
POSITION-BUDGET-0286,2026,POS-279,Senior Operations Officer,DEPARTMENT-006,Operations,COST-CENTER-OPS,Yes,Yes,Filled,1.0,2566000,513200,205280,0,46188,3330668,2026-01-01,2026-12-31,Approved,PKR,2026-08-01
POSITION-BUDGET-0287,2026,POS-280,Senior Operations Officer,DEPARTMENT-006,Operations,COST-CENTER-OPS,Yes,Yes,Filled,1.0,2566000,513200,205280,0,46188,3330668,2026-01-01,2026-12-31,Approved,PKR,2026-08-01
POSITION-BUDGET-0288,2026,POS-281,Operations Officer,DEPARTMENT-006,Operations,COST-CENTER-OPS,Yes,Yes,Filled,1.0,1575000,315000,126000,0,28349,2044349,2026-01-01,2026-12-31,Approved,PKR,2026-08-01
POSITION-BUDGET-0289,2026,POS-282,Operations Officer,DEPARTMENT-006,Operations,COST-CENTER-OPS,Yes,Yes,Filled,1.0,1575000,315000,126000,0,28349,2044349,2026-01-01,2026-12-31,Approved,PKR,2026-08-01
POSITION-BUDGET-0290,2026,POS-283,Operations Intern,DEPARTMENT-006,Operations,COST-CENTER-OPS,Yes,Yes,Filled,1.0,408000,81600,32640,0,15000,537240,2026-01-01,2026-12-31,Approved,PKR,2026-08-01
POSITION-BUDGET-0291,2026,POS-284,Operations Intern,DEPARTMENT-006,Operations,COST-CENTER-OPS,Yes,Yes,Filled,0.5,204000,40800,16320,0,15000,276120,2026-01-01,2026-12-31,Approved,PKR,2026-08-01
POSITION-BUDGET-0292,2026,POS-285,Operations Intern,DEPARTMENT-006,Operations,COST-CENTER-OPS,Yes,Yes,Filled,1.0,408000,81600,32640,0,15000,537240,2026-01-01,2026-12-31,Approved,PKR,2026-08-01
POSITION-BUDGET-0293,2026,POS-286,IT Manager,DEPARTMENT-007,IT,COST-CENTER-IT,Yes,Yes,Filled,1.0,5216000,1043200,417280,0,93888,6770368,2026-01-01,2026-12-31,Approved,PKR,2026-08-01
POSITION-BUDGET-0294,2026,POS-287,IT Manager,DEPARTMENT-007,IT,COST-CENTER-IT,Yes,Yes,Filled,1.0,5216000,1043200,417280,0,93888,6770368,2026-01-01,2026-12-31,Approved,PKR,2026-08-01
POSITION-BUDGET-0295,2026,POS-288,IT Manager,DEPARTMENT-007,IT,COST-CENTER-IT,Yes,Yes,Filled,1.0,5216000,1043200,417280,0,93888,6770368,2026-01-01,2026-12-31,Approved,PKR,2026-08-01
POSITION-BUDGET-0296,2026,POS-289,Senior Systems Engineer,DEPARTMENT-007,IT,COST-CENTER-IT,Yes,Yes,Filled,1.0,3279000,655800,262320,0,59021,4256141,2026-01-01,2026-12-31,Approved,PKR,2026-08-01
POSITION-BUDGET-0297,2026,POS-290,Senior Systems Engineer,DEPARTMENT-007,IT,COST-CENTER-IT,Yes,Yes,Filled,1.0,3279000,655800,262320,0,59021,4256141,2026-01-01,2026-12-31,Approved,PKR,2026-08-01
POSITION-BUDGET-0298,2026,POS-291,Senior Systems Engineer,DEPARTMENT-007,IT,COST-CENTER-IT,Yes,Yes,Filled,1.0,3279000,655800,262320,0,59021,4256141,2026-01-01,2026-12-31,Approved,PKR,2026-08-01
POSITION-BUDGET-0299,2026,POS-292,Systems Administrator,DEPARTMENT-007,IT,COST-CENTER-IT,Yes,Yes,Filled,1.0,2012000,402400,160960,0,36216,2611576,2026-01-01,2026-12-31,Approved,PKR,2026-08-01
POSITION-BUDGET-0300,2026,POS-293,Systems Administrator,DEPARTMENT-007,IT,COST-CENTER-IT,Yes,Yes,Filled,1.0,2012000,402400,160960,0,36216,2611576,2026-01-01,2026-12-31,Approved,PKR,2026-08-01
POSITION-BUDGET-0301,2026,POS-294,Systems Administrator,DEPARTMENT-007,IT,COST-CENTER-IT,Yes,Yes,Filled,1.0,2012000,402400,160960,0,36216,2611576,2026-01-01,2026-12-31,Approved,PKR,2026-08-01
POSITION-BUDGET-0302,2026,POS-295,Systems Administrator,DEPARTMENT-007,IT,COST-CENTER-IT,Yes,Yes,Filled,1.0,2012000,402400,160960,0,36216,2611576,2026-01-01,2026-12-31,Approved,PKR,2026-08-01
POSITION-BUDGET-0303,2026,POS-296,Systems Administrator,DEPARTMENT-007,IT,COST-CENTER-IT,Yes,Yes,Filled,1.0,2012000,402400,160960,0,36216,2611576,2026-01-01,2026-12-31,Approved,PKR,2026-08-01
POSITION-BUDGET-0304,2026,POS-297,Systems Administrator,DEPARTMENT-007,IT,COST-CENTER-IT,Yes,Yes,Filled,1.0,2012000,402400,160960,0,36216,2611576,2026-01-01,2026-12-31,Approved,PKR,2026-08-01
POSITION-BUDGET-0305,2026,POS-298,Systems Administrator,DEPARTMENT-007,IT,COST-CENTER-IT,Yes,Yes,Filled,1.0,2012000,402400,160960,0,36216,2611576,2026-01-01,2026-12-31,Approved,PKR,2026-08-01
POSITION-BUDGET-0306,2026,POS-299,IT Support Technician,DEPARTMENT-007,IT,COST-CENTER-IT,Yes,Yes,Filled,1.0,1118000,223600,89440,0,20124,1451164,2026-01-01,2026-12-31,Approved,PKR,2026-08-01
POSITION-BUDGET-0307,2026,POS-300,IT Support Technician,DEPARTMENT-007,IT,COST-CENTER-IT,Yes,Yes,Filled,1.0,1118000,223600,89440,0,20124,1451164,2026-01-01,2026-12-31,Approved,PKR,2026-08-01
POSITION-BUDGET-0308,2026,POS-301,IT Support Technician,DEPARTMENT-007,IT,COST-CENTER-IT,Yes,Yes,Filled,1.0,1118000,223600,89440,0,20124,1451164,2026-01-01,2026-12-31,Approved,PKR,2026-08-01
POSITION-BUDGET-0309,2026,POS-302,IT Support Technician,DEPARTMENT-007,IT,COST-CENTER-IT,Yes,Yes,Filled,1.0,1118000,223600,89440,0,20124,1451164,2026-01-01,2026-12-31,Approved,PKR,2026-08-01
POSITION-BUDGET-0310,2026,POS-303,IT Support Technician,DEPARTMENT-007,IT,COST-CENTER-IT,Yes,Yes,Filled,1.0,1118000,223600,89440,0,20124,1451164,2026-01-01,2026-12-31,Approved,PKR,2026-08-01
POSITION-BUDGET-0311,2026,POS-304,IT Support Technician,DEPARTMENT-007,IT,COST-CENTER-IT,Yes,Yes,Filled,1.0,1118000,223600,89440,0,20124,1451164,2026-01-01,2026-12-31,Approved,PKR,2026-08-01
POSITION-BUDGET-0312,2026,POS-305,IT Support Technician,DEPARTMENT-007,IT,COST-CENTER-IT,Yes,Yes,Filled,1.0,1118000,223600,89440,0,20124,1451164,2026-01-01,2026-12-31,Approved,PKR,2026-08-01
POSITION-BUDGET-0313,2026,POS-306,IT Intern,DEPARTMENT-007,IT,COST-CENTER-IT,Yes,Yes,Filled,1.0,522000,104400,41760,0,15000,683160,2026-01-01,2026-12-31,Approved,PKR,2026-08-01
POSITION-BUDGET-0314,2026,POS-307,IT Intern,DEPARTMENT-007,IT,COST-CENTER-IT,Yes,Yes,Filled,1.0,522000,104400,41760,0,15000,683160,2026-01-01,2026-12-31,Approved,PKR,2026-08-01
POSITION-BUDGET-0315,2026,POS-308,IT Intern,DEPARTMENT-007,IT,COST-CENTER-IT,Yes,Yes,Filled,1.0,522000,104400,41760,0,15000,683160,2026-01-01,2026-12-31,Approved,PKR,2026-08-01
POSITION-BUDGET-0316,2026,EXEC-MED-HEAD,Head of Medical Care,DEPARTMENT-008,Medical Care,COST-CENTER-MED,Yes,Yes,Filled,1.0,9688000,1937600,775040,0,174384,12575024,2026-01-01,2026-12-31,Approved,PKR,2026-08-01
POSITION-BUDGET-0317,2026,POS-309,Medical Care Manager,DEPARTMENT-008,Medical Care,COST-CENTER-MED,Yes,Yes,Filled,1.0,5216000,1043200,417280,0,93888,6770368,2026-01-01,2026-12-31,Approved,PKR,2026-08-01
POSITION-BUDGET-0318,2026,POS-310,Medical Care Manager,DEPARTMENT-008,Medical Care,COST-CENTER-MED,Yes,Yes,Filled,1.0,5216000,1043200,417280,0,93888,6770368,2026-01-01,2026-12-31,Approved,PKR,2026-08-01
POSITION-BUDGET-0319,2026,POS-311,Medical Care Manager,DEPARTMENT-008,Medical Care,COST-CENTER-MED,Yes,Yes,Filled,1.0,5216000,1043200,417280,0,93888,6770368,2026-01-01,2026-12-31,Approved,PKR,2026-08-01
POSITION-BUDGET-0320,2026,POS-312,Medical Care Manager,DEPARTMENT-008,Medical Care,COST-CENTER-MED,Yes,Yes,Filled,1.0,5216000,1043200,417280,0,93888,6770368,2026-01-01,2026-12-31,Approved,PKR,2026-08-01
POSITION-BUDGET-0321,2026,POS-313,Medical Care Manager,DEPARTMENT-008,Medical Care,COST-CENTER-MED,Yes,Yes,Filled,1.0,5216000,1043200,417280,0,93888,6770368,2026-01-01,2026-12-31,Approved,PKR,2026-08-01
POSITION-BUDGET-0322,2026,POS-314,Medical Care Manager,DEPARTMENT-008,Medical Care,COST-CENTER-MED,Yes,Yes,Filled,1.0,5216000,1043200,417280,0,93888,6770368,2026-01-01,2026-12-31,Approved,PKR,2026-08-01
POSITION-BUDGET-0323,2026,POS-315,Senior Medical Officer,DEPARTMENT-008,Medical Care,COST-CENTER-MED,Yes,Yes,Filled,1.0,3279000,655800,262320,0,59021,4256141,2026-01-01,2026-12-31,Approved,PKR,2026-08-01
POSITION-BUDGET-0324,2026,POS-316,Senior Medical Officer,DEPARTMENT-008,Medical Care,COST-CENTER-MED,Yes,Yes,Filled,1.0,3279000,655800,262320,0,59021,4256141,2026-01-01,2026-12-31,Approved,PKR,2026-08-01
POSITION-BUDGET-0325,2026,POS-317,Senior Medical Officer,DEPARTMENT-008,Medical Care,COST-CENTER-MED,Yes,Yes,Filled,1.0,3279000,655800,262320,0,59021,4256141,2026-01-01,2026-12-31,Approved,PKR,2026-08-01
POSITION-BUDGET-0326,2026,POS-318,Senior Medical Officer,DEPARTMENT-008,Medical Care,COST-CENTER-MED,Yes,Yes,Filled,1.0,3279000,655800,262320,0,59021,4256141,2026-01-01,2026-12-31,Approved,PKR,2026-08-01
POSITION-BUDGET-0327,2026,POS-319,Senior Medical Officer,DEPARTMENT-008,Medical Care,COST-CENTER-MED,Yes,Yes,Filled,1.0,3279000,655800,262320,0,59021,4256141,2026-01-01,2026-12-31,Approved,PKR,2026-08-01
POSITION-BUDGET-0328,2026,POS-320,Senior Medical Officer,DEPARTMENT-008,Medical Care,COST-CENTER-MED,Yes,Yes,Filled,1.0,3279000,655800,262320,0,59021,4256141,2026-01-01,2026-12-31,Approved,PKR,2026-08-01
POSITION-BUDGET-0329,2026,POS-321,Senior Medical Officer,DEPARTMENT-008,Medical Care,COST-CENTER-MED,Yes,Yes,Filled,1.0,3279000,655800,262320,0,59021,4256141,2026-01-01,2026-12-31,Approved,PKR,2026-08-01
POSITION-BUDGET-0330,2026,POS-322,Senior Medical Officer,DEPARTMENT-008,Medical Care,COST-CENTER-MED,Yes,Yes,Filled,1.0,3279000,655800,262320,0,59021,4256141,2026-01-01,2026-12-31,Approved,PKR,2026-08-01
POSITION-BUDGET-0331,2026,POS-323,Medical Officer,DEPARTMENT-008,Medical Care,COST-CENTER-MED,Yes,Yes,Filled,1.0,2012000,402400,160960,0,36216,2611576,2026-01-01,2026-12-31,Approved,PKR,2026-08-01
POSITION-BUDGET-0332,2026,POS-324,Medical Officer,DEPARTMENT-008,Medical Care,COST-CENTER-MED,Yes,Yes,Filled,1.0,2012000,402400,160960,0,36216,2611576,2026-01-01,2026-12-31,Approved,PKR,2026-08-01
POSITION-BUDGET-0333,2026,POS-325,Medical Officer,DEPARTMENT-008,Medical Care,COST-CENTER-MED,Yes,Yes,Filled,1.0,2012000,402400,160960,0,36216,2611576,2026-01-01,2026-12-31,Approved,PKR,2026-08-01
POSITION-BUDGET-0334,2026,POS-326,Medical Officer,DEPARTMENT-008,Medical Care,COST-CENTER-MED,Yes,Yes,Filled,1.0,2012000,402400,160960,0,36216,2611576,2026-01-01,2026-12-31,Approved,PKR,2026-08-01
POSITION-BUDGET-0335,2026,POS-327,Medical Officer,DEPARTMENT-008,Medical Care,COST-CENTER-MED,Yes,Yes,Filled,1.0,2012000,402400,160960,0,36216,2611576,2026-01-01,2026-12-31,Approved,PKR,2026-08-01
POSITION-BUDGET-0336,2026,POS-328,Medical Officer,DEPARTMENT-008,Medical Care,COST-CENTER-MED,Yes,Yes,Filled,1.0,2012000,402400,160960,0,36216,2611576,2026-01-01,2026-12-31,Approved,PKR,2026-08-01
POSITION-BUDGET-0337,2026,POS-329,Medical Officer,DEPARTMENT-008,Medical Care,COST-CENTER-MED,Yes,Yes,Filled,1.0,2012000,402400,160960,0,36216,2611576,2026-01-01,2026-12-31,Approved,PKR,2026-08-01
POSITION-BUDGET-0338,2026,POS-330,Medical Officer,DEPARTMENT-008,Medical Care,COST-CENTER-MED,Yes,Yes,Filled,1.0,2012000,402400,160960,0,36216,2611576,2026-01-01,2026-12-31,Approved,PKR,2026-08-01
POSITION-BUDGET-0339,2026,POS-331,Medical Officer,DEPARTMENT-008,Medical Care,COST-CENTER-MED,Yes,Yes,Filled,1.0,2012000,402400,160960,0,36216,2611576,2026-01-01,2026-12-31,Approved,PKR,2026-08-01
POSITION-BUDGET-0340,2026,POS-332,Medical Officer,DEPARTMENT-008,Medical Care,COST-CENTER-MED,Yes,Yes,Filled,1.0,2012000,402400,160960,0,36216,2611576,2026-01-01,2026-12-31,Approved,PKR,2026-08-01
POSITION-BUDGET-0341,2026,POS-333,Medical Officer,DEPARTMENT-008,Medical Care,COST-CENTER-MED,Yes,Yes,Filled,1.0,2012000,402400,160960,0,36216,2611576,2026-01-01,2026-12-31,Approved,PKR,2026-08-01
POSITION-BUDGET-0342,2026,POS-334,Medical Officer,DEPARTMENT-008,Medical Care,COST-CENTER-MED,Yes,Yes,Filled,1.0,2012000,402400,160960,0,36216,2611576,2026-01-01,2026-12-31,Approved,PKR,2026-08-01
POSITION-BUDGET-0343,2026,POS-335,Medical Officer,DEPARTMENT-008,Medical Care,COST-CENTER-MED,Yes,Yes,Filled,1.0,2012000,402400,160960,0,36216,2611576,2026-01-01,2026-12-31,Approved,PKR,2026-08-01
POSITION-BUDGET-0344,2026,POS-336,Medical Officer,DEPARTMENT-008,Medical Care,COST-CENTER-MED,Yes,Yes,Filled,1.0,2012000,402400,160960,0,36216,2611576,2026-01-01,2026-12-31,Approved,PKR,2026-08-01
POSITION-BUDGET-0345,2026,POS-337,Junior Medical Officer,DEPARTMENT-008,Medical Care,COST-CENTER-MED,Yes,Yes,Filled,1.0,1118000,223600,89440,0,20124,1451164,2026-01-01,2026-12-31,Approved,PKR,2026-08-01
POSITION-BUDGET-0346,2026,POS-338,Junior Medical Officer,DEPARTMENT-008,Medical Care,COST-CENTER-MED,Yes,Yes,Filled,1.0,1118000,223600,89440,0,20124,1451164,2026-01-01,2026-12-31,Approved,PKR,2026-08-01
POSITION-BUDGET-0347,2026,POS-339,Junior Medical Officer,DEPARTMENT-008,Medical Care,COST-CENTER-MED,Yes,Yes,Filled,1.0,1118000,223600,89440,0,20124,1451164,2026-01-01,2026-12-31,Approved,PKR,2026-08-01
POSITION-BUDGET-0348,2026,POS-340,Junior Medical Officer,DEPARTMENT-008,Medical Care,COST-CENTER-MED,Yes,Yes,Filled,1.0,1118000,223600,89440,0,20124,1451164,2026-01-01,2026-12-31,Approved,PKR,2026-08-01
POSITION-BUDGET-0349,2026,POS-341,Junior Medical Officer,DEPARTMENT-008,Medical Care,COST-CENTER-MED,Yes,Yes,Filled,1.0,1118000,223600,89440,0,20124,1451164,2026-01-01,2026-12-31,Approved,PKR,2026-08-01
POSITION-BUDGET-0350,2026,POS-342,Junior Medical Officer,DEPARTMENT-008,Medical Care,COST-CENTER-MED,Yes,Yes,Filled,1.0,1118000,223600,89440,0,20124,1451164,2026-01-01,2026-12-31,Approved,PKR,2026-08-01
POSITION-BUDGET-0351,2026,POS-343,Junior Medical Officer,DEPARTMENT-008,Medical Care,COST-CENTER-MED,Yes,Yes,Filled,1.0,1118000,223600,89440,0,20124,1451164,2026-01-01,2026-12-31,Approved,PKR,2026-08-01
POSITION-BUDGET-0352,2026,POS-344,Junior Medical Officer,DEPARTMENT-008,Medical Care,COST-CENTER-MED,Yes,Yes,Filled,1.0,1118000,223600,89440,0,20124,1451164,2026-01-01,2026-12-31,Approved,PKR,2026-08-01
POSITION-BUDGET-0353,2026,POS-345,Junior Medical Officer,DEPARTMENT-008,Medical Care,COST-CENTER-MED,Yes,Yes,Filled,1.0,1118000,223600,89440,0,20124,1451164,2026-01-01,2026-12-31,Approved,PKR,2026-08-01
POSITION-BUDGET-0354,2026,POS-346,Junior Medical Officer,DEPARTMENT-008,Medical Care,COST-CENTER-MED,Yes,Yes,Filled,1.0,1118000,223600,89440,0,20124,1451164,2026-01-01,2026-12-31,Approved,PKR,2026-08-01
POSITION-BUDGET-0355,2026,POS-347,Junior Medical Officer,DEPARTMENT-008,Medical Care,COST-CENTER-MED,Yes,Yes,Filled,1.0,1118000,223600,89440,0,20124,1451164,2026-01-01,2026-12-31,Approved,PKR,2026-08-01
POSITION-BUDGET-0356,2026,POS-348,Junior Medical Officer,DEPARTMENT-008,Medical Care,COST-CENTER-MED,Yes,Yes,Filled,1.0,1118000,223600,89440,0,20124,1451164,2026-01-01,2026-12-31,Approved,PKR,2026-08-01
POSITION-BUDGET-0357,2026,POS-349,Junior Medical Officer,DEPARTMENT-008,Medical Care,COST-CENTER-MED,Yes,Yes,Filled,1.0,1118000,223600,89440,0,20124,1451164,2026-01-01,2026-12-31,Approved,PKR,2026-08-01
POSITION-BUDGET-0358,2026,POS-350,Clinical Intern,DEPARTMENT-008,Medical Care,COST-CENTER-MED,Yes,Yes,Filled,1.0,522000,104400,41760,0,15000,683160,2026-01-01,2026-12-31,Approved,PKR,2026-08-01
POSITION-BUDGET-0359,2026,POS-351,Clinical Intern,DEPARTMENT-008,Medical Care,COST-CENTER-MED,Yes,Yes,Filled,1.0,522000,104400,41760,0,15000,683160,2026-01-01,2026-12-31,Approved,PKR,2026-08-01
POSITION-BUDGET-0360,2026,POS-352,Clinical Intern,DEPARTMENT-008,Medical Care,COST-CENTER-MED,Yes,Yes,Filled,0.5,261000,52200,20880,0,15000,349080,2026-01-01,2026-12-31,Approved,PKR,2026-08-01
POSITION-BUDGET-0361,2026,EXEC-TRN-HEAD,Head of Training and Development,DEPARTMENT-009,Training & Development,COST-CENTER-TRN,Yes,Yes,Filled,1.0,8003000,1600600,640240,0,144054,10387894,2026-01-01,2026-12-31,Approved,PKR,2026-08-01
POSITION-BUDGET-0362,2026,POS-353,Training Manager,DEPARTMENT-009,Training & Development,COST-CENTER-TRN,Yes,Yes,Filled,1.0,4309000,861800,344720,0,77562,5593082,2026-01-01,2026-12-31,Approved,PKR,2026-08-01
POSITION-BUDGET-0363,2026,POS-354,Training Manager,DEPARTMENT-009,Training & Development,COST-CENTER-TRN,Yes,Yes,Filled,1.0,4309000,861800,344720,0,77562,5593082,2026-01-01,2026-12-31,Approved,PKR,2026-08-01
POSITION-BUDGET-0364,2026,POS-355,Training Manager,DEPARTMENT-009,Training & Development,COST-CENTER-TRN,Yes,Yes,Filled,1.0,4309000,861800,344720,0,77562,5593082,2026-01-01,2026-12-31,Approved,PKR,2026-08-01
POSITION-BUDGET-0365,2026,POS-356,Training Manager,DEPARTMENT-009,Training & Development,COST-CENTER-TRN,Yes,Yes,Filled,1.0,4309000,861800,344720,0,77562,5593082,2026-01-01,2026-12-31,Approved,PKR,2026-08-01
POSITION-BUDGET-0366,2026,POS-357,Training Manager,DEPARTMENT-009,Training & Development,COST-CENTER-TRN,Yes,Yes,Filled,1.0,4309000,861800,344720,0,77562,5593082,2026-01-01,2026-12-31,Approved,PKR,2026-08-01
POSITION-BUDGET-0367,2026,POS-358,Training Manager,DEPARTMENT-009,Training & Development,COST-CENTER-TRN,Yes,Yes,Filled,1.0,4309000,861800,344720,0,77562,5593082,2026-01-01,2026-12-31,Approved,PKR,2026-08-01
POSITION-BUDGET-0368,2026,POS-359,Senior Trainer,DEPARTMENT-009,Training & Development,COST-CENTER-TRN,Yes,Yes,Filled,1.0,2709000,541800,216720,0,48761,3516281,2026-01-01,2026-12-31,Approved,PKR,2026-08-01
POSITION-BUDGET-0369,2026,POS-360,Senior Trainer,DEPARTMENT-009,Training & Development,COST-CENTER-TRN,Yes,Yes,Filled,1.0,2709000,541800,216720,0,48761,3516281,2026-01-01,2026-12-31,Approved,PKR,2026-08-01
POSITION-BUDGET-0370,2026,POS-361,Senior Trainer,DEPARTMENT-009,Training & Development,COST-CENTER-TRN,Yes,Yes,Filled,1.0,2709000,541800,216720,0,48761,3516281,2026-01-01,2026-12-31,Approved,PKR,2026-08-01
POSITION-BUDGET-0371,2026,POS-362,Senior Trainer,DEPARTMENT-009,Training & Development,COST-CENTER-TRN,Yes,Yes,Filled,1.0,2709000,541800,216720,0,48761,3516281,2026-01-01,2026-12-31,Approved,PKR,2026-08-01
POSITION-BUDGET-0372,2026,POS-363,Senior Trainer,DEPARTMENT-009,Training & Development,COST-CENTER-TRN,Yes,Yes,Filled,1.0,2709000,541800,216720,0,48761,3516281,2026-01-01,2026-12-31,Approved,PKR,2026-08-01
POSITION-BUDGET-0373,2026,POS-364,Senior Trainer,DEPARTMENT-009,Training & Development,COST-CENTER-TRN,Yes,Yes,Filled,1.0,2709000,541800,216720,0,48761,3516281,2026-01-01,2026-12-31,Approved,PKR,2026-08-01
POSITION-BUDGET-0374,2026,POS-365,Senior Trainer,DEPARTMENT-009,Training & Development,COST-CENTER-TRN,Yes,Yes,Filled,1.0,2709000,541800,216720,0,48761,3516281,2026-01-01,2026-12-31,Approved,PKR,2026-08-01
POSITION-BUDGET-0375,2026,POS-366,Senior Trainer,DEPARTMENT-009,Training & Development,COST-CENTER-TRN,Yes,Yes,Filled,1.0,2709000,541800,216720,0,48761,3516281,2026-01-01,2026-12-31,Approved,PKR,2026-08-01
POSITION-BUDGET-0376,2026,POS-367,Learning and Development Specialist,DEPARTMENT-009,Training & Development,COST-CENTER-TRN,Yes,Yes,Filled,1.0,1662000,332400,132960,0,29915,2157275,2026-01-01,2026-12-31,Approved,PKR,2026-08-01
POSITION-BUDGET-0377,2026,POS-368,Learning and Development Specialist,DEPARTMENT-009,Training & Development,COST-CENTER-TRN,Yes,Yes,Filled,1.0,1662000,332400,132960,0,29915,2157275,2026-01-01,2026-12-31,Approved,PKR,2026-08-01
POSITION-BUDGET-0378,2026,POS-369,Learning and Development Specialist,DEPARTMENT-009,Training & Development,COST-CENTER-TRN,Yes,Yes,Filled,1.0,1662000,332400,132960,0,29915,2157275,2026-01-01,2026-12-31,Approved,PKR,2026-08-01
POSITION-BUDGET-0379,2026,POS-370,Learning and Development Specialist,DEPARTMENT-009,Training & Development,COST-CENTER-TRN,Yes,Yes,Filled,1.0,1662000,332400,132960,0,29915,2157275,2026-01-01,2026-12-31,Approved,PKR,2026-08-01
POSITION-BUDGET-0380,2026,POS-371,Learning and Development Specialist,DEPARTMENT-009,Training & Development,COST-CENTER-TRN,Yes,Yes,Filled,1.0,1662000,332400,132960,0,29915,2157275,2026-01-01,2026-12-31,Approved,PKR,2026-08-01
POSITION-BUDGET-0381,2026,POS-372,Learning and Development Specialist,DEPARTMENT-009,Training & Development,COST-CENTER-TRN,Yes,Yes,Filled,1.0,1662000,332400,132960,0,29915,2157275,2026-01-01,2026-12-31,Approved,PKR,2026-08-01
POSITION-BUDGET-0382,2026,POS-373,Learning and Development Specialist,DEPARTMENT-009,Training & Development,COST-CENTER-TRN,Yes,Yes,Filled,1.0,1662000,332400,132960,0,29915,2157275,2026-01-01,2026-12-31,Approved,PKR,2026-08-01
POSITION-BUDGET-0383,2026,POS-374,Learning and Development Specialist,DEPARTMENT-009,Training & Development,COST-CENTER-TRN,Yes,Yes,Filled,1.0,1662000,332400,132960,0,29915,2157275,2026-01-01,2026-12-31,Approved,PKR,2026-08-01
POSITION-BUDGET-0384,2026,POS-375,Learning and Development Specialist,DEPARTMENT-009,Training & Development,COST-CENTER-TRN,Yes,Yes,Filled,1.0,1662000,332400,132960,0,29915,2157275,2026-01-01,2026-12-31,Approved,PKR,2026-08-01
POSITION-BUDGET-0385,2026,POS-376,Learning and Development Specialist,DEPARTMENT-009,Training & Development,COST-CENTER-TRN,Yes,Yes,Filled,1.0,1662000,332400,132960,0,29915,2157275,2026-01-01,2026-12-31,Approved,PKR,2026-08-01
POSITION-BUDGET-0386,2026,POS-377,Learning and Development Specialist,DEPARTMENT-009,Training & Development,COST-CENTER-TRN,Yes,Yes,Filled,1.0,1662000,332400,132960,0,29915,2157275,2026-01-01,2026-12-31,Approved,PKR,2026-08-01
POSITION-BUDGET-0387,2026,POS-378,Learning and Development Specialist,DEPARTMENT-009,Training & Development,COST-CENTER-TRN,Yes,Yes,Filled,1.0,1662000,332400,132960,0,29915,2157275,2026-01-01,2026-12-31,Approved,PKR,2026-08-01
POSITION-BUDGET-0388,2026,POS-379,Learning and Development Specialist,DEPARTMENT-009,Training & Development,COST-CENTER-TRN,Yes,Yes,Filled,1.0,1662000,332400,132960,0,29915,2157275,2026-01-01,2026-12-31,Approved,PKR,2026-08-01
POSITION-BUDGET-0389,2026,POS-380,Learning and Development Specialist,DEPARTMENT-009,Training & Development,COST-CENTER-TRN,Yes,Yes,Filled,1.0,1662000,332400,132960,0,29915,2157275,2026-01-01,2026-12-31,Approved,PKR,2026-08-01
POSITION-BUDGET-0390,2026,POS-381,Training Coordinator,DEPARTMENT-009,Training & Development,COST-CENTER-TRN,Yes,Yes,Filled,1.0,923000,184600,73840,0,16614,1198054,2026-01-01,2026-12-31,Approved,PKR,2026-08-01
POSITION-BUDGET-0391,2026,POS-382,Training Coordinator,DEPARTMENT-009,Training & Development,COST-CENTER-TRN,Yes,Yes,Filled,1.0,923000,184600,73840,0,16614,1198054,2026-01-01,2026-12-31,Approved,PKR,2026-08-01
POSITION-BUDGET-0392,2026,POS-383,Training Coordinator,DEPARTMENT-009,Training & Development,COST-CENTER-TRN,Yes,Yes,Filled,1.0,923000,184600,73840,0,16614,1198054,2026-01-01,2026-12-31,Approved,PKR,2026-08-01
POSITION-BUDGET-0393,2026,POS-384,Training Coordinator,DEPARTMENT-009,Training & Development,COST-CENTER-TRN,Yes,Yes,Filled,1.0,923000,184600,73840,0,16614,1198054,2026-01-01,2026-12-31,Approved,PKR,2026-08-01
POSITION-BUDGET-0394,2026,POS-385,Training Coordinator,DEPARTMENT-009,Training & Development,COST-CENTER-TRN,Yes,Yes,Filled,1.0,923000,184600,73840,0,16614,1198054,2026-01-01,2026-12-31,Approved,PKR,2026-08-01
POSITION-BUDGET-0395,2026,POS-386,Training Coordinator,DEPARTMENT-009,Training & Development,COST-CENTER-TRN,Yes,Yes,Filled,1.0,923000,184600,73840,0,16614,1198054,2026-01-01,2026-12-31,Approved,PKR,2026-08-01
POSITION-BUDGET-0396,2026,POS-387,Training Coordinator,DEPARTMENT-009,Training & Development,COST-CENTER-TRN,Yes,Yes,Filled,1.0,923000,184600,73840,0,16614,1198054,2026-01-01,2026-12-31,Approved,PKR,2026-08-01
POSITION-BUDGET-0397,2026,POS-388,Training Coordinator,DEPARTMENT-009,Training & Development,COST-CENTER-TRN,Yes,Yes,Filled,1.0,923000,184600,73840,0,16614,1198054,2026-01-01,2026-12-31,Approved,PKR,2026-08-01
POSITION-BUDGET-0398,2026,POS-389,Training Coordinator,DEPARTMENT-009,Training & Development,COST-CENTER-TRN,Yes,Yes,Filled,1.0,923000,184600,73840,0,16614,1198054,2026-01-01,2026-12-31,Approved,PKR,2026-08-01
POSITION-BUDGET-0399,2026,POS-390,Training Coordinator,DEPARTMENT-009,Training & Development,COST-CENTER-TRN,Yes,Yes,Filled,1.0,923000,184600,73840,0,16614,1198054,2026-01-01,2026-12-31,Approved,PKR,2026-08-01
POSITION-BUDGET-0400,2026,POS-391,Training Coordinator,DEPARTMENT-009,Training & Development,COST-CENTER-TRN,Yes,Yes,Filled,1.0,923000,184600,73840,0,16614,1198054,2026-01-01,2026-12-31,Approved,PKR,2026-08-01
POSITION-BUDGET-0401,2026,POS-392,Training Coordinator,DEPARTMENT-009,Training & Development,COST-CENTER-TRN,Yes,Yes,Filled,1.0,923000,184600,73840,0,16614,1198054,2026-01-01,2026-12-31,Approved,PKR,2026-08-01
POSITION-BUDGET-0402,2026,POS-393,Training Coordinator,DEPARTMENT-009,Training & Development,COST-CENTER-TRN,Yes,Yes,Filled,1.0,923000,184600,73840,0,16614,1198054,2026-01-01,2026-12-31,Approved,PKR,2026-08-01
POSITION-BUDGET-0403,2026,POS-394,Training Intern,DEPARTMENT-009,Training & Development,COST-CENTER-TRN,Yes,Yes,Filled,0.5,215000,43000,17200,0,15000,290200,2026-01-01,2026-12-31,Approved,PKR,2026-08-01
POSITION-BUDGET-0404,2026,POS-395,Training Intern,DEPARTMENT-009,Training & Development,COST-CENTER-TRN,Yes,Yes,Filled,1.0,431000,86200,34480,0,15000,566680,2026-01-01,2026-12-31,Approved,PKR,2026-08-01
POSITION-BUDGET-0405,2026,POS-396,Training Intern,DEPARTMENT-009,Training & Development,COST-CENTER-TRN,Yes,Yes,Filled,0.5,215000,43000,17200,0,15000,290200,2026-01-01,2026-12-31,Approved,PKR,2026-08-01
POSITION-BUDGET-0406,2026,EXEC-ADM-HEAD,Head of Administration and Facilities,DEPARTMENT-010,Administration & Facilities,COST-CENTER-ADM,Yes,Yes,Filled,1.0,6908000,1381600,552640,0,124343,8966583,2026-01-01,2026-12-31,Approved,PKR,2026-08-01
POSITION-BUDGET-0407,2026,POS-397,Administration Manager,DEPARTMENT-010,Administration & Facilities,COST-CENTER-ADM,Yes,Yes,Filled,1.0,3720000,744000,297600,0,66960,4828560,2026-01-01,2026-12-31,Approved,PKR,2026-08-01
POSITION-BUDGET-0408,2026,POS-398,Administration Manager,DEPARTMENT-010,Administration & Facilities,COST-CENTER-ADM,Yes,Yes,Filled,1.0,3720000,744000,297600,0,66960,4828560,2026-01-01,2026-12-31,Approved,PKR,2026-08-01
POSITION-BUDGET-0409,2026,POS-399,Administration Manager,DEPARTMENT-010,Administration & Facilities,COST-CENTER-ADM,Yes,Yes,Filled,1.0,3720000,744000,297600,0,66960,4828560,2026-01-01,2026-12-31,Approved,PKR,2026-08-01
POSITION-BUDGET-0410,2026,POS-400,Administration Manager,DEPARTMENT-010,Administration & Facilities,COST-CENTER-ADM,Yes,Yes,Filled,1.0,3720000,744000,297600,0,66960,4828560,2026-01-01,2026-12-31,Approved,PKR,2026-08-01
POSITION-BUDGET-0411,2026,POS-401,Administration Manager,DEPARTMENT-010,Administration & Facilities,COST-CENTER-ADM,Yes,Yes,Filled,1.0,3720000,744000,297600,0,66960,4828560,2026-01-01,2026-12-31,Approved,PKR,2026-08-01
POSITION-BUDGET-0412,2026,POS-402,Administration Manager,DEPARTMENT-010,Administration & Facilities,COST-CENTER-ADM,Yes,Yes,Filled,1.0,3720000,744000,297600,0,66960,4828560,2026-01-01,2026-12-31,Approved,PKR,2026-08-01
POSITION-BUDGET-0413,2026,POS-403,Senior Administration Officer,DEPARTMENT-010,Administration & Facilities,COST-CENTER-ADM,Yes,Yes,Filled,1.0,2338000,467600,187040,0,42084,3034724,2026-01-01,2026-12-31,Approved,PKR,2026-08-01
POSITION-BUDGET-0414,2026,POS-404,Senior Administration Officer,DEPARTMENT-010,Administration & Facilities,COST-CENTER-ADM,Yes,Yes,Filled,1.0,2338000,467600,187040,0,42084,3034724,2026-01-01,2026-12-31,Approved,PKR,2026-08-01
POSITION-BUDGET-0415,2026,POS-405,Senior Administration Officer,DEPARTMENT-010,Administration & Facilities,COST-CENTER-ADM,Yes,Yes,Filled,1.0,2338000,467600,187040,0,42084,3034724,2026-01-01,2026-12-31,Approved,PKR,2026-08-01
POSITION-BUDGET-0416,2026,POS-406,Senior Administration Officer,DEPARTMENT-010,Administration & Facilities,COST-CENTER-ADM,Yes,Yes,Filled,1.0,2338000,467600,187040,0,42084,3034724,2026-01-01,2026-12-31,Approved,PKR,2026-08-01
POSITION-BUDGET-0417,2026,POS-407,Senior Administration Officer,DEPARTMENT-010,Administration & Facilities,COST-CENTER-ADM,Yes,Yes,Filled,1.0,2338000,467600,187040,0,42084,3034724,2026-01-01,2026-12-31,Approved,PKR,2026-08-01
POSITION-BUDGET-0418,2026,POS-408,Senior Administration Officer,DEPARTMENT-010,Administration & Facilities,COST-CENTER-ADM,Yes,Yes,Filled,1.0,2338000,467600,187040,0,42084,3034724,2026-01-01,2026-12-31,Approved,PKR,2026-08-01
POSITION-BUDGET-0419,2026,POS-409,Senior Administration Officer,DEPARTMENT-010,Administration & Facilities,COST-CENTER-ADM,Yes,Yes,Filled,1.0,2338000,467600,187040,0,42084,3034724,2026-01-01,2026-12-31,Approved,PKR,2026-08-01
POSITION-BUDGET-0420,2026,POS-410,Senior Administration Officer,DEPARTMENT-010,Administration & Facilities,COST-CENTER-ADM,Yes,Yes,Filled,1.0,2338000,467600,187040,0,42084,3034724,2026-01-01,2026-12-31,Approved,PKR,2026-08-01
POSITION-BUDGET-0421,2026,POS-411,Administration Officer,DEPARTMENT-010,Administration & Facilities,COST-CENTER-ADM,Yes,Yes,Filled,1.0,1435000,287000,114800,0,25829,1862629,2026-01-01,2026-12-31,Approved,PKR,2026-08-01
POSITION-BUDGET-0422,2026,POS-412,Administration Officer,DEPARTMENT-010,Administration & Facilities,COST-CENTER-ADM,Yes,Yes,Filled,1.0,1435000,287000,114800,0,25829,1862629,2026-01-01,2026-12-31,Approved,PKR,2026-08-01
POSITION-BUDGET-0423,2026,POS-413,Administration Officer,DEPARTMENT-010,Administration & Facilities,COST-CENTER-ADM,Yes,Yes,Filled,1.0,1435000,287000,114800,0,25829,1862629,2026-01-01,2026-12-31,Approved,PKR,2026-08-01
POSITION-BUDGET-0424,2026,POS-414,Administration Officer,DEPARTMENT-010,Administration & Facilities,COST-CENTER-ADM,Yes,Yes,Filled,1.0,1435000,287000,114800,0,25829,1862629,2026-01-01,2026-12-31,Approved,PKR,2026-08-01
POSITION-BUDGET-0425,2026,POS-415,Administration Officer,DEPARTMENT-010,Administration & Facilities,COST-CENTER-ADM,Yes,Yes,Filled,1.0,1435000,287000,114800,0,25829,1862629,2026-01-01,2026-12-31,Approved,PKR,2026-08-01
POSITION-BUDGET-0426,2026,POS-416,Administration Officer,DEPARTMENT-010,Administration & Facilities,COST-CENTER-ADM,Yes,Yes,Filled,1.0,1435000,287000,114800,0,25829,1862629,2026-01-01,2026-12-31,Approved,PKR,2026-08-01
POSITION-BUDGET-0427,2026,POS-417,Administration Officer,DEPARTMENT-010,Administration & Facilities,COST-CENTER-ADM,Yes,Yes,Filled,1.0,1435000,287000,114800,0,25829,1862629,2026-01-01,2026-12-31,Approved,PKR,2026-08-01
POSITION-BUDGET-0428,2026,POS-418,Administration Officer,DEPARTMENT-010,Administration & Facilities,COST-CENTER-ADM,Yes,Yes,Filled,1.0,1435000,287000,114800,0,25829,1862629,2026-01-01,2026-12-31,Approved,PKR,2026-08-01
POSITION-BUDGET-0429,2026,POS-419,Administration Officer,DEPARTMENT-010,Administration & Facilities,COST-CENTER-ADM,Yes,Yes,Filled,1.0,1435000,287000,114800,0,25829,1862629,2026-01-01,2026-12-31,Approved,PKR,2026-08-01
POSITION-BUDGET-0430,2026,POS-420,Administration Officer,DEPARTMENT-010,Administration & Facilities,COST-CENTER-ADM,Yes,Yes,Filled,1.0,1435000,287000,114800,0,25829,1862629,2026-01-01,2026-12-31,Approved,PKR,2026-08-01
POSITION-BUDGET-0431,2026,POS-421,Administration Officer,DEPARTMENT-010,Administration & Facilities,COST-CENTER-ADM,Yes,Yes,Filled,1.0,1435000,287000,114800,0,25829,1862629,2026-01-01,2026-12-31,Approved,PKR,2026-08-01
POSITION-BUDGET-0432,2026,POS-422,Administration Officer,DEPARTMENT-010,Administration & Facilities,COST-CENTER-ADM,Yes,Yes,Filled,1.0,1435000,287000,114800,0,25829,1862629,2026-01-01,2026-12-31,Approved,PKR,2026-08-01
POSITION-BUDGET-0433,2026,POS-423,Administration Officer,DEPARTMENT-010,Administration & Facilities,COST-CENTER-ADM,Yes,Yes,Filled,1.0,1435000,287000,114800,0,25829,1862629,2026-01-01,2026-12-31,Approved,PKR,2026-08-01
POSITION-BUDGET-0434,2026,POS-424,Administration Officer,DEPARTMENT-010,Administration & Facilities,COST-CENTER-ADM,Yes,Yes,Filled,1.0,1435000,287000,114800,0,25829,1862629,2026-01-01,2026-12-31,Approved,PKR,2026-08-01
POSITION-BUDGET-0435,2026,POS-425,Administrative Assistant,DEPARTMENT-010,Administration & Facilities,COST-CENTER-ADM,Yes,Yes,Filled,1.0,797000,159400,63760,0,15000,1035160,2026-01-01,2026-12-31,Approved,PKR,2026-08-01
POSITION-BUDGET-0436,2026,POS-426,Administrative Assistant,DEPARTMENT-010,Administration & Facilities,COST-CENTER-ADM,Yes,Yes,Filled,1.0,797000,159400,63760,0,15000,1035160,2026-01-01,2026-12-31,Approved,PKR,2026-08-01
POSITION-BUDGET-0437,2026,POS-427,Administrative Assistant,DEPARTMENT-010,Administration & Facilities,COST-CENTER-ADM,Yes,Yes,Filled,1.0,797000,159400,63760,0,15000,1035160,2026-01-01,2026-12-31,Approved,PKR,2026-08-01
POSITION-BUDGET-0438,2026,POS-428,Administrative Assistant,DEPARTMENT-010,Administration & Facilities,COST-CENTER-ADM,Yes,Yes,Filled,1.0,797000,159400,63760,0,15000,1035160,2026-01-01,2026-12-31,Approved,PKR,2026-08-01
POSITION-BUDGET-0439,2026,POS-429,Administrative Assistant,DEPARTMENT-010,Administration & Facilities,COST-CENTER-ADM,Yes,Yes,Filled,1.0,797000,159400,63760,0,15000,1035160,2026-01-01,2026-12-31,Approved,PKR,2026-08-01
POSITION-BUDGET-0440,2026,POS-430,Administrative Assistant,DEPARTMENT-010,Administration & Facilities,COST-CENTER-ADM,Yes,Yes,Filled,1.0,797000,159400,63760,0,15000,1035160,2026-01-01,2026-12-31,Approved,PKR,2026-08-01
POSITION-BUDGET-0441,2026,POS-431,Administrative Assistant,DEPARTMENT-010,Administration & Facilities,COST-CENTER-ADM,Yes,Yes,Filled,1.0,797000,159400,63760,0,15000,1035160,2026-01-01,2026-12-31,Approved,PKR,2026-08-01
POSITION-BUDGET-0442,2026,POS-432,Administrative Assistant,DEPARTMENT-010,Administration & Facilities,COST-CENTER-ADM,Yes,Yes,Filled,1.0,797000,159400,63760,0,15000,1035160,2026-01-01,2026-12-31,Approved,PKR,2026-08-01
POSITION-BUDGET-0443,2026,POS-433,Administrative Assistant,DEPARTMENT-010,Administration & Facilities,COST-CENTER-ADM,Yes,Yes,Filled,1.0,797000,159400,63760,0,15000,1035160,2026-01-01,2026-12-31,Approved,PKR,2026-08-01
POSITION-BUDGET-0444,2026,POS-434,Administrative Assistant,DEPARTMENT-010,Administration & Facilities,COST-CENTER-ADM,Yes,Yes,Filled,1.0,797000,159400,63760,0,15000,1035160,2026-01-01,2026-12-31,Approved,PKR,2026-08-01
POSITION-BUDGET-0445,2026,POS-435,Administrative Assistant,DEPARTMENT-010,Administration & Facilities,COST-CENTER-ADM,Yes,Yes,Filled,1.0,797000,159400,63760,0,15000,1035160,2026-01-01,2026-12-31,Approved,PKR,2026-08-01
POSITION-BUDGET-0446,2026,POS-436,Administrative Assistant,DEPARTMENT-010,Administration & Facilities,COST-CENTER-ADM,Yes,Yes,Filled,1.0,797000,159400,63760,0,15000,1035160,2026-01-01,2026-12-31,Approved,PKR,2026-08-01
POSITION-BUDGET-0447,2026,POS-437,Administrative Assistant,DEPARTMENT-010,Administration & Facilities,COST-CENTER-ADM,Yes,Yes,Filled,1.0,797000,159400,63760,0,15000,1035160,2026-01-01,2026-12-31,Approved,PKR,2026-08-01
POSITION-BUDGET-0448,2026,POS-438,Administration Intern,DEPARTMENT-010,Administration & Facilities,COST-CENTER-ADM,Yes,Yes,Filled,0.5,186000,37200,14880,0,15000,253080,2026-01-01,2026-12-31,Approved,PKR,2026-08-01
POSITION-BUDGET-0449,2026,POS-439,Administration Intern,DEPARTMENT-010,Administration & Facilities,COST-CENTER-ADM,Yes,Yes,Filled,0.5,186000,37200,14880,0,15000,253080,2026-01-01,2026-12-31,Approved,PKR,2026-08-01
POSITION-BUDGET-0450,2026,POS-440,Administration Intern,DEPARTMENT-010,Administration & Facilities,COST-CENTER-ADM,Yes,Yes,Filled,0.5,186000,37200,14880,0,15000,253080,2026-01-01,2026-12-31,Approved,PKR,2026-08-01
POSITION-BUDGET-0451,2026,EXEC-LGL-HEAD,Head of Legal and Compliance,DEPARTMENT-011,Legal & Compliance,COST-CENTER-LGL,Yes,Yes,Filled,1.0,10109000,2021800,808720,0,181962,13121482,2026-01-01,2026-12-31,Approved,PKR,2026-08-01
POSITION-BUDGET-0452,2026,POS-441,Legal and Compliance Manager,DEPARTMENT-011,Legal & Compliance,COST-CENTER-LGL,Yes,Yes,Filled,1.0,5443000,1088600,435440,0,97973,7065013,2026-01-01,2026-12-31,Approved,PKR,2026-08-01
POSITION-BUDGET-0453,2026,POS-442,Legal and Compliance Manager,DEPARTMENT-011,Legal & Compliance,COST-CENTER-LGL,Yes,Yes,Filled,1.0,5443000,1088600,435440,0,97973,7065013,2026-01-01,2026-12-31,Approved,PKR,2026-08-01
POSITION-BUDGET-0454,2026,POS-443,Legal and Compliance Manager,DEPARTMENT-011,Legal & Compliance,COST-CENTER-LGL,Yes,Yes,Filled,1.0,5443000,1088600,435440,0,97973,7065013,2026-01-01,2026-12-31,Approved,PKR,2026-08-01
POSITION-BUDGET-0455,2026,POS-444,Legal and Compliance Manager,DEPARTMENT-011,Legal & Compliance,COST-CENTER-LGL,Yes,Yes,Filled,1.0,5443000,1088600,435440,0,97973,7065013,2026-01-01,2026-12-31,Approved,PKR,2026-08-01
POSITION-BUDGET-0456,2026,POS-445,Legal and Compliance Manager,DEPARTMENT-011,Legal & Compliance,COST-CENTER-LGL,Yes,Yes,Filled,1.0,5443000,1088600,435440,0,97973,7065013,2026-01-01,2026-12-31,Approved,PKR,2026-08-01
POSITION-BUDGET-0457,2026,POS-446,Legal and Compliance Manager,DEPARTMENT-011,Legal & Compliance,COST-CENTER-LGL,Yes,Yes,Filled,1.0,5443000,1088600,435440,0,97973,7065013,2026-01-01,2026-12-31,Approved,PKR,2026-08-01
POSITION-BUDGET-0458,2026,POS-447,Senior Legal Counsel,DEPARTMENT-011,Legal & Compliance,COST-CENTER-LGL,Yes,Yes,Filled,1.0,3421000,684200,273680,0,61577,4440457,2026-01-01,2026-12-31,Approved,PKR,2026-08-01
POSITION-BUDGET-0459,2026,POS-448,Senior Legal Counsel,DEPARTMENT-011,Legal & Compliance,COST-CENTER-LGL,Yes,Yes,Filled,1.0,3421000,684200,273680,0,61577,4440457,2026-01-01,2026-12-31,Approved,PKR,2026-08-01
POSITION-BUDGET-0460,2026,POS-449,Senior Legal Counsel,DEPARTMENT-011,Legal & Compliance,COST-CENTER-LGL,Yes,Yes,Filled,1.0,3421000,684200,273680,0,61577,4440457,2026-01-01,2026-12-31,Approved,PKR,2026-08-01
POSITION-BUDGET-0461,2026,POS-450,Senior Legal Counsel,DEPARTMENT-011,Legal & Compliance,COST-CENTER-LGL,Yes,Yes,Filled,1.0,3421000,684200,273680,0,61577,4440457,2026-01-01,2026-12-31,Approved,PKR,2026-08-01
POSITION-BUDGET-0462,2026,POS-451,Senior Legal Counsel,DEPARTMENT-011,Legal & Compliance,COST-CENTER-LGL,Yes,Yes,Filled,1.0,3421000,684200,273680,0,61577,4440457,2026-01-01,2026-12-31,Approved,PKR,2026-08-01
POSITION-BUDGET-0463,2026,POS-452,Senior Legal Counsel,DEPARTMENT-011,Legal & Compliance,COST-CENTER-LGL,Yes,Yes,Filled,1.0,3421000,684200,273680,0,61577,4440457,2026-01-01,2026-12-31,Approved,PKR,2026-08-01
POSITION-BUDGET-0464,2026,POS-453,Senior Legal Counsel,DEPARTMENT-011,Legal & Compliance,COST-CENTER-LGL,Yes,Yes,Filled,1.0,3421000,684200,273680,0,61577,4440457,2026-01-01,2026-12-31,Approved,PKR,2026-08-01
POSITION-BUDGET-0465,2026,POS-454,Senior Legal Counsel,DEPARTMENT-011,Legal & Compliance,COST-CENTER-LGL,Yes,Yes,Filled,1.0,3421000,684200,273680,0,61577,4440457,2026-01-01,2026-12-31,Approved,PKR,2026-08-01
POSITION-BUDGET-0466,2026,POS-455,Compliance Analyst,DEPARTMENT-011,Legal & Compliance,COST-CENTER-LGL,Yes,Yes,Filled,1.0,2100000,420000,168000,0,37800,2725800,2026-01-01,2026-12-31,Approved,PKR,2026-08-01
POSITION-BUDGET-0467,2026,POS-456,Compliance Analyst,DEPARTMENT-011,Legal & Compliance,COST-CENTER-LGL,Yes,Yes,Filled,1.0,2100000,420000,168000,0,37800,2725800,2026-01-01,2026-12-31,Approved,PKR,2026-08-01
POSITION-BUDGET-0468,2026,POS-457,Compliance Analyst,DEPARTMENT-011,Legal & Compliance,COST-CENTER-LGL,Yes,Yes,Filled,1.0,2100000,420000,168000,0,37800,2725800,2026-01-01,2026-12-31,Approved,PKR,2026-08-01
POSITION-BUDGET-0469,2026,POS-458,Compliance Analyst,DEPARTMENT-011,Legal & Compliance,COST-CENTER-LGL,Yes,Yes,Filled,1.0,2100000,420000,168000,0,37800,2725800,2026-01-01,2026-12-31,Approved,PKR,2026-08-01
POSITION-BUDGET-0470,2026,POS-459,Compliance Analyst,DEPARTMENT-011,Legal & Compliance,COST-CENTER-LGL,Yes,Yes,Filled,1.0,2100000,420000,168000,0,37800,2725800,2026-01-01,2026-12-31,Approved,PKR,2026-08-01
POSITION-BUDGET-0471,2026,POS-460,Compliance Analyst,DEPARTMENT-011,Legal & Compliance,COST-CENTER-LGL,Yes,Yes,Filled,1.0,2100000,420000,168000,0,37800,2725800,2026-01-01,2026-12-31,Approved,PKR,2026-08-01
POSITION-BUDGET-0472,2026,POS-461,Compliance Analyst,DEPARTMENT-011,Legal & Compliance,COST-CENTER-LGL,Yes,Yes,Filled,1.0,2100000,420000,168000,0,37800,2725800,2026-01-01,2026-12-31,Approved,PKR,2026-08-01
POSITION-BUDGET-0473,2026,POS-462,Compliance Analyst,DEPARTMENT-011,Legal & Compliance,COST-CENTER-LGL,Yes,Yes,Filled,1.0,2100000,420000,168000,0,37800,2725800,2026-01-01,2026-12-31,Approved,PKR,2026-08-01
POSITION-BUDGET-0474,2026,POS-463,Compliance Analyst,DEPARTMENT-011,Legal & Compliance,COST-CENTER-LGL,Yes,Yes,Filled,1.0,2100000,420000,168000,0,37800,2725800,2026-01-01,2026-12-31,Approved,PKR,2026-08-01
POSITION-BUDGET-0475,2026,POS-464,Compliance Analyst,DEPARTMENT-011,Legal & Compliance,COST-CENTER-LGL,Yes,Yes,Filled,1.0,2100000,420000,168000,0,37800,2725800,2026-01-01,2026-12-31,Approved,PKR,2026-08-01
POSITION-BUDGET-0476,2026,POS-465,Compliance Analyst,DEPARTMENT-011,Legal & Compliance,COST-CENTER-LGL,Yes,Yes,Filled,1.0,2100000,420000,168000,0,37800,2725800,2026-01-01,2026-12-31,Approved,PKR,2026-08-01
POSITION-BUDGET-0477,2026,POS-466,Compliance Analyst,DEPARTMENT-011,Legal & Compliance,COST-CENTER-LGL,Yes,Yes,Filled,1.0,2100000,420000,168000,0,37800,2725800,2026-01-01,2026-12-31,Approved,PKR,2026-08-01
POSITION-BUDGET-0478,2026,POS-467,Compliance Analyst,DEPARTMENT-011,Legal & Compliance,COST-CENTER-LGL,Yes,Yes,Filled,1.0,2100000,420000,168000,0,37800,2725800,2026-01-01,2026-12-31,Approved,PKR,2026-08-01
POSITION-BUDGET-0479,2026,POS-468,Compliance Analyst,DEPARTMENT-011,Legal & Compliance,COST-CENTER-LGL,Yes,Yes,Filled,1.0,2100000,420000,168000,0,37800,2725800,2026-01-01,2026-12-31,Approved,PKR,2026-08-01
POSITION-BUDGET-0480,2026,POS-469,Legal Assistant,DEPARTMENT-011,Legal & Compliance,COST-CENTER-LGL,Yes,Yes,Filled,1.0,1166000,233200,93280,0,20988,1513468,2026-01-01,2026-12-31,Approved,PKR,2026-08-01
POSITION-BUDGET-0481,2026,POS-470,Legal Assistant,DEPARTMENT-011,Legal & Compliance,COST-CENTER-LGL,Yes,Yes,Filled,1.0,1166000,233200,93280,0,20988,1513468,2026-01-01,2026-12-31,Approved,PKR,2026-08-01
POSITION-BUDGET-0482,2026,POS-471,Legal Assistant,DEPARTMENT-011,Legal & Compliance,COST-CENTER-LGL,Yes,Yes,Filled,1.0,1166000,233200,93280,0,20988,1513468,2026-01-01,2026-12-31,Approved,PKR,2026-08-01
POSITION-BUDGET-0483,2026,POS-472,Legal Assistant,DEPARTMENT-011,Legal & Compliance,COST-CENTER-LGL,Yes,Yes,Filled,1.0,1166000,233200,93280,0,20988,1513468,2026-01-01,2026-12-31,Approved,PKR,2026-08-01
POSITION-BUDGET-0484,2026,POS-473,Legal Assistant,DEPARTMENT-011,Legal & Compliance,COST-CENTER-LGL,Yes,Yes,Filled,1.0,1166000,233200,93280,0,20988,1513468,2026-01-01,2026-12-31,Approved,PKR,2026-08-01
POSITION-BUDGET-0485,2026,POS-474,Legal Assistant,DEPARTMENT-011,Legal & Compliance,COST-CENTER-LGL,Yes,Yes,Filled,1.0,1166000,233200,93280,0,20988,1513468,2026-01-01,2026-12-31,Approved,PKR,2026-08-01
POSITION-BUDGET-0486,2026,POS-475,Legal Assistant,DEPARTMENT-011,Legal & Compliance,COST-CENTER-LGL,Yes,Yes,Filled,1.0,1166000,233200,93280,0,20988,1513468,2026-01-01,2026-12-31,Approved,PKR,2026-08-01
POSITION-BUDGET-0487,2026,POS-476,Legal Assistant,DEPARTMENT-011,Legal & Compliance,COST-CENTER-LGL,Yes,Yes,Filled,1.0,1166000,233200,93280,0,20988,1513468,2026-01-01,2026-12-31,Approved,PKR,2026-08-01
POSITION-BUDGET-0488,2026,POS-477,Legal Assistant,DEPARTMENT-011,Legal & Compliance,COST-CENTER-LGL,Yes,Yes,Filled,1.0,1166000,233200,93280,0,20988,1513468,2026-01-01,2026-12-31,Approved,PKR,2026-08-01
POSITION-BUDGET-0489,2026,POS-478,Legal Assistant,DEPARTMENT-011,Legal & Compliance,COST-CENTER-LGL,Yes,Yes,Filled,1.0,1166000,233200,93280,0,20988,1513468,2026-01-01,2026-12-31,Approved,PKR,2026-08-01
POSITION-BUDGET-0490,2026,POS-479,Legal Assistant,DEPARTMENT-011,Legal & Compliance,COST-CENTER-LGL,Yes,Yes,Filled,1.0,1166000,233200,93280,0,20988,1513468,2026-01-01,2026-12-31,Approved,PKR,2026-08-01
POSITION-BUDGET-0491,2026,POS-480,Legal Assistant,DEPARTMENT-011,Legal & Compliance,COST-CENTER-LGL,No,No,Filled,1.0,0,0,0,0,0,0,2026-01-01,2026-12-31,Not Funded,PKR,2026-08-01
POSITION-BUDGET-0492,2026,POS-481,Legal Assistant,DEPARTMENT-011,Legal & Compliance,COST-CENTER-LGL,No,No,Filled,1.0,0,0,0,0,0,0,2026-01-01,2026-12-31,Not Funded,PKR,2026-08-01
POSITION-BUDGET-0493,2026,POS-482,Legal Intern,DEPARTMENT-011,Legal & Compliance,COST-CENTER-LGL,Yes,Yes,Filled,1.0,544000,108800,43520,0,15000,711320,2026-01-01,2026-12-31,Approved,PKR,2026-08-01
POSITION-BUDGET-0494,2026,POS-483,Legal Intern,DEPARTMENT-011,Legal & Compliance,COST-CENTER-LGL,Yes,Yes,Filled,1.0,544000,108800,43520,0,15000,711320,2026-01-01,2026-12-31,Approved,PKR,2026-08-01
POSITION-BUDGET-0495,2026,POS-484,Legal Intern,DEPARTMENT-011,Legal & Compliance,COST-CENTER-LGL,Yes,Yes,Filled,1.0,544000,108800,43520,0,15000,711320,2026-01-01,2026-12-31,Approved,PKR,2026-08-01
POSITION-BUDGET-0496,2026,EXEC-PRC-HEAD,Head of Procurement and Supply Chain,DEPARTMENT-012,Procurement & Supply Chain,COST-CENTER-PRC,Yes,Yes,Filled,1.0,8424000,1684800,673920,0,151632,10934352,2026-01-01,2026-12-31,Approved,PKR,2026-08-01
POSITION-BUDGET-0497,2026,POS-485,Procurement Manager,DEPARTMENT-012,Procurement & Supply Chain,COST-CENTER-PRC,Yes,Yes,Filled,1.0,4536000,907200,362880,0,81648,5887728,2026-01-01,2026-12-31,Approved,PKR,2026-08-01
POSITION-BUDGET-0498,2026,POS-486,Procurement Manager,DEPARTMENT-012,Procurement & Supply Chain,COST-CENTER-PRC,Yes,Yes,Filled,1.0,4536000,907200,362880,0,81648,5887728,2026-01-01,2026-12-31,Approved,PKR,2026-08-01
POSITION-BUDGET-0499,2026,POS-487,Procurement Manager,DEPARTMENT-012,Procurement & Supply Chain,COST-CENTER-PRC,Yes,Yes,Filled,1.0,4536000,907200,362880,0,81648,5887728,2026-01-01,2026-12-31,Approved,PKR,2026-08-01
POSITION-BUDGET-0500,2026,POS-488,Procurement Manager,DEPARTMENT-012,Procurement & Supply Chain,COST-CENTER-PRC,Yes,Yes,Filled,1.0,4536000,907200,362880,0,81648,5887728,2026-01-01,2026-12-31,Approved,PKR,2026-08-01
POSITION-BUDGET-0501,2026,POS-489,Procurement Manager,DEPARTMENT-012,Procurement & Supply Chain,COST-CENTER-PRC,Yes,Yes,Filled,1.0,4536000,907200,362880,0,81648,5887728,2026-01-01,2026-12-31,Approved,PKR,2026-08-01
POSITION-BUDGET-0502,2026,POS-490,Procurement Manager,DEPARTMENT-012,Procurement & Supply Chain,COST-CENTER-PRC,Yes,Yes,Filled,1.0,4536000,907200,362880,0,81648,5887728,2026-01-01,2026-12-31,Approved,PKR,2026-08-01
POSITION-BUDGET-0503,2026,POS-491,Senior Procurement Specialist,DEPARTMENT-012,Procurement & Supply Chain,COST-CENTER-PRC,Yes,Yes,Filled,1.0,2851000,570200,228080,0,51317,3700597,2026-01-01,2026-12-31,Approved,PKR,2026-08-01
POSITION-BUDGET-0504,2026,POS-492,Senior Procurement Specialist,DEPARTMENT-012,Procurement & Supply Chain,COST-CENTER-PRC,Yes,Yes,Filled,1.0,2851000,570200,228080,0,51317,3700597,2026-01-01,2026-12-31,Approved,PKR,2026-08-01
POSITION-BUDGET-0505,2026,POS-493,Senior Procurement Specialist,DEPARTMENT-012,Procurement & Supply Chain,COST-CENTER-PRC,Yes,Yes,Filled,1.0,2851000,570200,228080,0,51317,3700597,2026-01-01,2026-12-31,Approved,PKR,2026-08-01
POSITION-BUDGET-0506,2026,POS-494,Senior Procurement Specialist,DEPARTMENT-012,Procurement & Supply Chain,COST-CENTER-PRC,Yes,Yes,Filled,1.0,2851000,570200,228080,0,51317,3700597,2026-01-01,2026-12-31,Approved,PKR,2026-08-01
POSITION-BUDGET-0507,2026,POS-495,Senior Procurement Specialist,DEPARTMENT-012,Procurement & Supply Chain,COST-CENTER-PRC,Yes,Yes,Filled,1.0,2851000,570200,228080,0,51317,3700597,2026-01-01,2026-12-31,Approved,PKR,2026-08-01
POSITION-BUDGET-0508,2026,POS-496,Senior Procurement Specialist,DEPARTMENT-012,Procurement & Supply Chain,COST-CENTER-PRC,Yes,Yes,Filled,1.0,2851000,570200,228080,0,51317,3700597,2026-01-01,2026-12-31,Approved,PKR,2026-08-01
POSITION-BUDGET-0509,2026,POS-497,Senior Procurement Specialist,DEPARTMENT-012,Procurement & Supply Chain,COST-CENTER-PRC,Yes,Yes,Filled,1.0,2851000,570200,228080,0,51317,3700597,2026-01-01,2026-12-31,Approved,PKR,2026-08-01
POSITION-BUDGET-0510,2026,POS-498,Senior Procurement Specialist,DEPARTMENT-012,Procurement & Supply Chain,COST-CENTER-PRC,Yes,Yes,Filled,1.0,2851000,570200,228080,0,51317,3700597,2026-01-01,2026-12-31,Approved,PKR,2026-08-01
POSITION-BUDGET-0511,2026,POS-499,Procurement Officer,DEPARTMENT-012,Procurement & Supply Chain,COST-CENTER-PRC,Yes,Yes,Filled,1.0,1750000,350000,140000,0,31499,2271499,2026-01-01,2026-12-31,Approved,PKR,2026-08-01
POSITION-BUDGET-0512,2026,POS-500,Procurement Officer,DEPARTMENT-012,Procurement & Supply Chain,COST-CENTER-PRC,Yes,Yes,Filled,1.0,1750000,350000,140000,0,31499,2271499,2026-01-01,2026-12-31,Approved,PKR,2026-08-01
POSITION-BUDGET-0513,2026,POS-501,Procurement Officer,DEPARTMENT-012,Procurement & Supply Chain,COST-CENTER-PRC,Yes,Yes,Filled,1.0,1750000,350000,140000,0,31499,2271499,2026-01-01,2026-12-31,Approved,PKR,2026-08-01
POSITION-BUDGET-0514,2026,POS-502,Procurement Officer,DEPARTMENT-012,Procurement & Supply Chain,COST-CENTER-PRC,Yes,Yes,Filled,1.0,1750000,350000,140000,0,31499,2271499,2026-01-01,2026-12-31,Approved,PKR,2026-08-01
POSITION-BUDGET-0515,2026,POS-503,Procurement Officer,DEPARTMENT-012,Procurement & Supply Chain,COST-CENTER-PRC,Yes,Yes,Filled,1.0,1750000,350000,140000,0,31499,2271499,2026-01-01,2026-12-31,Approved,PKR,2026-08-01
POSITION-BUDGET-0516,2026,POS-504,Procurement Officer,DEPARTMENT-012,Procurement & Supply Chain,COST-CENTER-PRC,Yes,Yes,Filled,1.0,1750000,350000,140000,0,31499,2271499,2026-01-01,2026-12-31,Approved,PKR,2026-08-01
POSITION-BUDGET-0517,2026,POS-505,Procurement Officer,DEPARTMENT-012,Procurement & Supply Chain,COST-CENTER-PRC,Yes,Yes,Filled,1.0,1750000,350000,140000,0,31499,2271499,2026-01-01,2026-12-31,Approved,PKR,2026-08-01
POSITION-BUDGET-0518,2026,POS-506,Procurement Officer,DEPARTMENT-012,Procurement & Supply Chain,COST-CENTER-PRC,Yes,Yes,Filled,1.0,1750000,350000,140000,0,31499,2271499,2026-01-01,2026-12-31,Approved,PKR,2026-08-01
POSITION-BUDGET-0519,2026,POS-507,Procurement Officer,DEPARTMENT-012,Procurement & Supply Chain,COST-CENTER-PRC,Yes,Yes,Filled,1.0,1750000,350000,140000,0,31499,2271499,2026-01-01,2026-12-31,Approved,PKR,2026-08-01
POSITION-BUDGET-0520,2026,POS-508,Procurement Officer,DEPARTMENT-012,Procurement & Supply Chain,COST-CENTER-PRC,Yes,Yes,Filled,1.0,1750000,350000,140000,0,31499,2271499,2026-01-01,2026-12-31,Approved,PKR,2026-08-01
POSITION-BUDGET-0521,2026,POS-509,Procurement Officer,DEPARTMENT-012,Procurement & Supply Chain,COST-CENTER-PRC,Yes,Yes,Filled,1.0,1750000,350000,140000,0,31499,2271499,2026-01-01,2026-12-31,Approved,PKR,2026-08-01
POSITION-BUDGET-0522,2026,POS-510,Procurement Officer,DEPARTMENT-012,Procurement & Supply Chain,COST-CENTER-PRC,Yes,Yes,Filled,1.0,1750000,350000,140000,0,31499,2271499,2026-01-01,2026-12-31,Approved,PKR,2026-08-01
POSITION-BUDGET-0523,2026,POS-511,Procurement Officer,DEPARTMENT-012,Procurement & Supply Chain,COST-CENTER-PRC,Yes,Yes,Filled,1.0,1750000,350000,140000,0,31499,2271499,2026-01-01,2026-12-31,Approved,PKR,2026-08-01
POSITION-BUDGET-0524,2026,POS-512,Procurement Officer,DEPARTMENT-012,Procurement & Supply Chain,COST-CENTER-PRC,Yes,Yes,Filled,1.0,1750000,350000,140000,0,31499,2271499,2026-01-01,2026-12-31,Approved,PKR,2026-08-01
POSITION-BUDGET-0525,2026,POS-513,Procurement Assistant,DEPARTMENT-012,Procurement & Supply Chain,COST-CENTER-PRC,Yes,Yes,Filled,1.0,972000,194400,77760,0,17496,1261656,2026-01-01,2026-12-31,Approved,PKR,2026-08-01
POSITION-BUDGET-0526,2026,POS-514,Procurement Assistant,DEPARTMENT-012,Procurement & Supply Chain,COST-CENTER-PRC,Yes,Yes,Filled,1.0,972000,194400,77760,0,17496,1261656,2026-01-01,2026-12-31,Approved,PKR,2026-08-01
POSITION-BUDGET-0527,2026,POS-515,Procurement Assistant,DEPARTMENT-012,Procurement & Supply Chain,COST-CENTER-PRC,Yes,Yes,Filled,1.0,972000,194400,77760,0,17496,1261656,2026-01-01,2026-12-31,Approved,PKR,2026-08-01
POSITION-BUDGET-0528,2026,POS-516,Procurement Assistant,DEPARTMENT-012,Procurement & Supply Chain,COST-CENTER-PRC,Yes,Yes,Filled,1.0,972000,194400,77760,0,17496,1261656,2026-01-01,2026-12-31,Approved,PKR,2026-08-01
POSITION-BUDGET-0529,2026,POS-517,Procurement Assistant,DEPARTMENT-012,Procurement & Supply Chain,COST-CENTER-PRC,Yes,Yes,Filled,1.0,972000,194400,77760,0,17496,1261656,2026-01-01,2026-12-31,Approved,PKR,2026-08-01
POSITION-BUDGET-0530,2026,POS-518,Procurement Assistant,DEPARTMENT-012,Procurement & Supply Chain,COST-CENTER-PRC,Yes,Yes,Filled,1.0,972000,194400,77760,0,17496,1261656,2026-01-01,2026-12-31,Approved,PKR,2026-08-01
POSITION-BUDGET-0531,2026,POS-519,Procurement Assistant,DEPARTMENT-012,Procurement & Supply Chain,COST-CENTER-PRC,Yes,Yes,Filled,1.0,972000,194400,77760,0,17496,1261656,2026-01-01,2026-12-31,Approved,PKR,2026-08-01
POSITION-BUDGET-0532,2026,POS-520,Procurement Assistant,DEPARTMENT-012,Procurement & Supply Chain,COST-CENTER-PRC,Yes,Yes,Filled,1.0,972000,194400,77760,0,17496,1261656,2026-01-01,2026-12-31,Approved,PKR,2026-08-01
POSITION-BUDGET-0533,2026,POS-521,Procurement Assistant,DEPARTMENT-012,Procurement & Supply Chain,COST-CENTER-PRC,Yes,Yes,Filled,1.0,972000,194400,77760,0,17496,1261656,2026-01-01,2026-12-31,Approved,PKR,2026-08-01
POSITION-BUDGET-0534,2026,POS-522,Procurement Assistant,DEPARTMENT-012,Procurement & Supply Chain,COST-CENTER-PRC,Yes,Yes,Filled,1.0,972000,194400,77760,0,17496,1261656,2026-01-01,2026-12-31,Approved,PKR,2026-08-01
POSITION-BUDGET-0535,2026,POS-523,Procurement Assistant,DEPARTMENT-012,Procurement & Supply Chain,COST-CENTER-PRC,Yes,Yes,Filled,1.0,972000,194400,77760,0,17496,1261656,2026-01-01,2026-12-31,Approved,PKR,2026-08-01
POSITION-BUDGET-0536,2026,POS-524,Procurement Assistant,DEPARTMENT-012,Procurement & Supply Chain,COST-CENTER-PRC,Yes,Yes,Filled,1.0,972000,194400,77760,0,17496,1261656,2026-01-01,2026-12-31,Approved,PKR,2026-08-01
POSITION-BUDGET-0537,2026,POS-525,Procurement Assistant,DEPARTMENT-012,Procurement & Supply Chain,COST-CENTER-PRC,Yes,Yes,Filled,1.0,972000,194400,77760,0,17496,1261656,2026-01-01,2026-12-31,Approved,PKR,2026-08-01
POSITION-BUDGET-0538,2026,POS-526,Procurement Intern,DEPARTMENT-012,Procurement & Supply Chain,COST-CENTER-PRC,Yes,Yes,Filled,1.0,454000,90800,36320,0,15000,596120,2026-01-01,2026-12-31,Approved,PKR,2026-08-01
POSITION-BUDGET-0539,2026,POS-527,Procurement Intern,DEPARTMENT-012,Procurement & Supply Chain,COST-CENTER-PRC,Yes,Yes,Filled,1.0,454000,90800,36320,0,15000,596120,2026-01-01,2026-12-31,Approved,PKR,2026-08-01
POSITION-BUDGET-0540,2026,POS-528,Procurement Intern,DEPARTMENT-012,Procurement & Supply Chain,COST-CENTER-PRC,Yes,Yes,Filled,1.0,454000,90800,36320,0,15000,596120,2026-01-01,2026-12-31,Approved,PKR,2026-08-01
POSITION-BUDGET-0541,2026,EXEC-LOG-HEAD,Head of Logistics and Warehouse,DEPARTMENT-013,Logistics & Warehouse,COST-CENTER-LOG,Yes,Yes,Filled,1.0,7413000,1482600,593040,0,133434,9622074,2026-01-01,2026-12-31,Approved,PKR,2026-08-01
POSITION-BUDGET-0542,2026,POS-529,Logistics Manager,DEPARTMENT-013,Logistics & Warehouse,COST-CENTER-LOG,Yes,Yes,Filled,1.0,3992000,798400,319360,0,71856,5181616,2026-01-01,2026-12-31,Approved,PKR,2026-08-01
POSITION-BUDGET-0543,2026,POS-530,Logistics Manager,DEPARTMENT-013,Logistics & Warehouse,COST-CENTER-LOG,Yes,Yes,Filled,1.0,3992000,798400,319360,0,71856,5181616,2026-01-01,2026-12-31,Approved,PKR,2026-08-01
POSITION-BUDGET-0544,2026,POS-531,Logistics Manager,DEPARTMENT-013,Logistics & Warehouse,COST-CENTER-LOG,Yes,Yes,Filled,1.0,3992000,798400,319360,0,71856,5181616,2026-01-01,2026-12-31,Approved,PKR,2026-08-01
POSITION-BUDGET-0545,2026,POS-532,Logistics Manager,DEPARTMENT-013,Logistics & Warehouse,COST-CENTER-LOG,Yes,Yes,Filled,1.0,3992000,798400,319360,0,71856,5181616,2026-01-01,2026-12-31,Approved,PKR,2026-08-01
POSITION-BUDGET-0546,2026,POS-533,Logistics Manager,DEPARTMENT-013,Logistics & Warehouse,COST-CENTER-LOG,Yes,Yes,Filled,1.0,3992000,798400,319360,0,71856,5181616,2026-01-01,2026-12-31,Approved,PKR,2026-08-01
POSITION-BUDGET-0547,2026,POS-534,Logistics Manager,DEPARTMENT-013,Logistics & Warehouse,COST-CENTER-LOG,Yes,Yes,Filled,1.0,3992000,798400,319360,0,71856,5181616,2026-01-01,2026-12-31,Approved,PKR,2026-08-01
POSITION-BUDGET-0548,2026,POS-535,Senior Logistics Officer,DEPARTMENT-013,Logistics & Warehouse,COST-CENTER-LOG,Yes,Yes,Filled,1.0,2509000,501800,200720,0,45162,3256682,2026-01-01,2026-12-31,Approved,PKR,2026-08-01
POSITION-BUDGET-0549,2026,POS-536,Senior Logistics Officer,DEPARTMENT-013,Logistics & Warehouse,COST-CENTER-LOG,Yes,Yes,Filled,1.0,2509000,501800,200720,0,45162,3256682,2026-01-01,2026-12-31,Approved,PKR,2026-08-01
POSITION-BUDGET-0550,2026,POS-537,Senior Logistics Officer,DEPARTMENT-013,Logistics & Warehouse,COST-CENTER-LOG,Yes,Yes,Filled,1.0,2509000,501800,200720,0,45162,3256682,2026-01-01,2026-12-31,Approved,PKR,2026-08-01
POSITION-BUDGET-0551,2026,POS-538,Senior Logistics Officer,DEPARTMENT-013,Logistics & Warehouse,COST-CENTER-LOG,Yes,Yes,Filled,1.0,2509000,501800,200720,0,45162,3256682,2026-01-01,2026-12-31,Approved,PKR,2026-08-01
POSITION-BUDGET-0552,2026,POS-539,Senior Logistics Officer,DEPARTMENT-013,Logistics & Warehouse,COST-CENTER-LOG,Yes,Yes,Filled,1.0,2509000,501800,200720,0,45162,3256682,2026-01-01,2026-12-31,Approved,PKR,2026-08-01
POSITION-BUDGET-0553,2026,POS-540,Senior Logistics Officer,DEPARTMENT-013,Logistics & Warehouse,COST-CENTER-LOG,Yes,Yes,Filled,1.0,2509000,501800,200720,0,45162,3256682,2026-01-01,2026-12-31,Approved,PKR,2026-08-01
POSITION-BUDGET-0554,2026,POS-541,Senior Logistics Officer,DEPARTMENT-013,Logistics & Warehouse,COST-CENTER-LOG,Yes,Yes,Filled,1.0,2509000,501800,200720,0,45162,3256682,2026-01-01,2026-12-31,Approved,PKR,2026-08-01
POSITION-BUDGET-0555,2026,POS-542,Senior Logistics Officer,DEPARTMENT-013,Logistics & Warehouse,COST-CENTER-LOG,Yes,Yes,Filled,1.0,2509000,501800,200720,0,45162,3256682,2026-01-01,2026-12-31,Approved,PKR,2026-08-01
POSITION-BUDGET-0556,2026,POS-543,Logistics Coordinator,DEPARTMENT-013,Logistics & Warehouse,COST-CENTER-LOG,Yes,Yes,Filled,1.0,1540000,308000,123200,0,27719,1998919,2026-01-01,2026-12-31,Approved,PKR,2026-08-01
POSITION-BUDGET-0557,2026,POS-544,Logistics Coordinator,DEPARTMENT-013,Logistics & Warehouse,COST-CENTER-LOG,Yes,Yes,Filled,1.0,1540000,308000,123200,0,27719,1998919,2026-01-01,2026-12-31,Approved,PKR,2026-08-01
POSITION-BUDGET-0558,2026,POS-545,Logistics Coordinator,DEPARTMENT-013,Logistics & Warehouse,COST-CENTER-LOG,Yes,Yes,Filled,1.0,1540000,308000,123200,0,27719,1998919,2026-01-01,2026-12-31,Approved,PKR,2026-08-01
POSITION-BUDGET-0559,2026,POS-546,Logistics Coordinator,DEPARTMENT-013,Logistics & Warehouse,COST-CENTER-LOG,Yes,Yes,Filled,1.0,1540000,308000,123200,0,27719,1998919,2026-01-01,2026-12-31,Approved,PKR,2026-08-01
POSITION-BUDGET-0560,2026,POS-547,Logistics Coordinator,DEPARTMENT-013,Logistics & Warehouse,COST-CENTER-LOG,Yes,Yes,Filled,1.0,1540000,308000,123200,0,27719,1998919,2026-01-01,2026-12-31,Approved,PKR,2026-08-01
POSITION-BUDGET-0561,2026,POS-548,Logistics Coordinator,DEPARTMENT-013,Logistics & Warehouse,COST-CENTER-LOG,Yes,Yes,Filled,1.0,1540000,308000,123200,0,27719,1998919,2026-01-01,2026-12-31,Approved,PKR,2026-08-01
POSITION-BUDGET-0562,2026,POS-549,Logistics Coordinator,DEPARTMENT-013,Logistics & Warehouse,COST-CENTER-LOG,Yes,Yes,Filled,1.0,1540000,308000,123200,0,27719,1998919,2026-01-01,2026-12-31,Approved,PKR,2026-08-01
POSITION-BUDGET-0563,2026,POS-550,Logistics Coordinator,DEPARTMENT-013,Logistics & Warehouse,COST-CENTER-LOG,Yes,Yes,Filled,1.0,1540000,308000,123200,0,27719,1998919,2026-01-01,2026-12-31,Approved,PKR,2026-08-01
POSITION-BUDGET-0564,2026,POS-551,Logistics Coordinator,DEPARTMENT-013,Logistics & Warehouse,COST-CENTER-LOG,Yes,Yes,Filled,1.0,1540000,308000,123200,0,27719,1998919,2026-01-01,2026-12-31,Approved,PKR,2026-08-01
POSITION-BUDGET-0565,2026,POS-552,Logistics Coordinator,DEPARTMENT-013,Logistics & Warehouse,COST-CENTER-LOG,Yes,Yes,Filled,1.0,1540000,308000,123200,0,27719,1998919,2026-01-01,2026-12-31,Approved,PKR,2026-08-01
POSITION-BUDGET-0566,2026,POS-553,Logistics Coordinator,DEPARTMENT-013,Logistics & Warehouse,COST-CENTER-LOG,Yes,Yes,Filled,1.0,1540000,308000,123200,0,27719,1998919,2026-01-01,2026-12-31,Approved,PKR,2026-08-01
POSITION-BUDGET-0567,2026,POS-554,Logistics Coordinator,DEPARTMENT-013,Logistics & Warehouse,COST-CENTER-LOG,Yes,Yes,Filled,1.0,1540000,308000,123200,0,27719,1998919,2026-01-01,2026-12-31,Approved,PKR,2026-08-01
POSITION-BUDGET-0568,2026,POS-555,Logistics Coordinator,DEPARTMENT-013,Logistics & Warehouse,COST-CENTER-LOG,Yes,Yes,Filled,1.0,1540000,308000,123200,0,27719,1998919,2026-01-01,2026-12-31,Approved,PKR,2026-08-01
POSITION-BUDGET-0569,2026,POS-556,Logistics Coordinator,DEPARTMENT-013,Logistics & Warehouse,COST-CENTER-LOG,Yes,Yes,Filled,1.0,1540000,308000,123200,0,27719,1998919,2026-01-01,2026-12-31,Approved,PKR,2026-08-01
POSITION-BUDGET-0570,2026,POS-557,Warehouse Assistant,DEPARTMENT-013,Logistics & Warehouse,COST-CENTER-LOG,Yes,Yes,Filled,1.0,855000,171000,68400,0,15389,1109789,2026-01-01,2026-12-31,Approved,PKR,2026-08-01
POSITION-BUDGET-0571,2026,POS-558,Warehouse Assistant,DEPARTMENT-013,Logistics & Warehouse,COST-CENTER-LOG,Yes,Yes,Filled,1.0,855000,171000,68400,0,15389,1109789,2026-01-01,2026-12-31,Approved,PKR,2026-08-01
POSITION-BUDGET-0572,2026,POS-559,Warehouse Assistant,DEPARTMENT-013,Logistics & Warehouse,COST-CENTER-LOG,Yes,Yes,Filled,1.0,855000,171000,68400,0,15389,1109789,2026-01-01,2026-12-31,Approved,PKR,2026-08-01
POSITION-BUDGET-0573,2026,POS-560,Warehouse Assistant,DEPARTMENT-013,Logistics & Warehouse,COST-CENTER-LOG,Yes,Yes,Filled,1.0,855000,171000,68400,0,15389,1109789,2026-01-01,2026-12-31,Approved,PKR,2026-08-01
POSITION-BUDGET-0574,2026,POS-561,Warehouse Assistant,DEPARTMENT-013,Logistics & Warehouse,COST-CENTER-LOG,Yes,Yes,Filled,1.0,855000,171000,68400,0,15389,1109789,2026-01-01,2026-12-31,Approved,PKR,2026-08-01
POSITION-BUDGET-0575,2026,POS-562,Warehouse Assistant,DEPARTMENT-013,Logistics & Warehouse,COST-CENTER-LOG,Yes,Yes,Filled,1.0,855000,171000,68400,0,15389,1109789,2026-01-01,2026-12-31,Approved,PKR,2026-08-01
POSITION-BUDGET-0576,2026,POS-563,Warehouse Assistant,DEPARTMENT-013,Logistics & Warehouse,COST-CENTER-LOG,Yes,Yes,Filled,1.0,855000,171000,68400,0,15389,1109789,2026-01-01,2026-12-31,Approved,PKR,2026-08-01
POSITION-BUDGET-0577,2026,POS-564,Warehouse Assistant,DEPARTMENT-013,Logistics & Warehouse,COST-CENTER-LOG,Yes,Yes,Filled,1.0,855000,171000,68400,0,15389,1109789,2026-01-01,2026-12-31,Approved,PKR,2026-08-01
POSITION-BUDGET-0578,2026,POS-565,Warehouse Assistant,DEPARTMENT-013,Logistics & Warehouse,COST-CENTER-LOG,Yes,Yes,Filled,1.0,855000,171000,68400,0,15389,1109789,2026-01-01,2026-12-31,Approved,PKR,2026-08-01
POSITION-BUDGET-0579,2026,POS-566,Warehouse Assistant,DEPARTMENT-013,Logistics & Warehouse,COST-CENTER-LOG,Yes,Yes,Filled,1.0,855000,171000,68400,0,15389,1109789,2026-01-01,2026-12-31,Approved,PKR,2026-08-01
POSITION-BUDGET-0580,2026,POS-567,Warehouse Assistant,DEPARTMENT-013,Logistics & Warehouse,COST-CENTER-LOG,Yes,Yes,Filled,1.0,855000,171000,68400,0,15389,1109789,2026-01-01,2026-12-31,Approved,PKR,2026-08-01
POSITION-BUDGET-0581,2026,POS-568,Warehouse Assistant,DEPARTMENT-013,Logistics & Warehouse,COST-CENTER-LOG,Yes,Yes,Filled,1.0,855000,171000,68400,0,15389,1109789,2026-01-01,2026-12-31,Approved,PKR,2026-08-01
POSITION-BUDGET-0582,2026,POS-569,Warehouse Assistant,DEPARTMENT-013,Logistics & Warehouse,COST-CENTER-LOG,Yes,Yes,Filled,1.0,855000,171000,68400,0,15389,1109789,2026-01-01,2026-12-31,Approved,PKR,2026-08-01
POSITION-BUDGET-0583,2026,POS-570,Logistics Intern,DEPARTMENT-013,Logistics & Warehouse,COST-CENTER-LOG,Yes,Yes,Filled,1.0,399000,79800,31920,0,15000,525720,2026-01-01,2026-12-31,Approved,PKR,2026-08-01
POSITION-BUDGET-0584,2026,POS-571,Logistics Intern,DEPARTMENT-013,Logistics & Warehouse,COST-CENTER-LOG,Yes,Yes,Filled,1.0,399000,79800,31920,0,15000,525720,2026-01-01,2026-12-31,Approved,PKR,2026-08-01
POSITION-BUDGET-0585,2026,POS-572,Logistics Intern,DEPARTMENT-013,Logistics & Warehouse,COST-CENTER-LOG,Yes,Yes,Filled,1.0,399000,79800,31920,0,15000,525720,2026-01-01,2026-12-31,Approved,PKR,2026-08-01
POSITION-BUDGET-0586,2026,EXEC-PRD-HEAD,Head of Production and Manufacturing,DEPARTMENT-014,Production & Manufacturing,COST-CENTER-PRD,Yes,Yes,Filled,1.0,7582000,1516400,606560,0,136476,9841436,2026-01-01,2026-12-31,Approved,PKR,2026-08-01
POSITION-BUDGET-0587,2026,POS-573,Production Manager,DEPARTMENT-014,Production & Manufacturing,COST-CENTER-PRD,Yes,Yes,Filled,1.0,4082000,816400,326560,0,73476,5298436,2026-01-01,2026-12-31,Approved,PKR,2026-08-01
POSITION-BUDGET-0588,2026,POS-574,Production Manager,DEPARTMENT-014,Production & Manufacturing,COST-CENTER-PRD,Yes,Yes,Filled,1.0,4082000,816400,326560,0,73476,5298436,2026-01-01,2026-12-31,Approved,PKR,2026-08-01
POSITION-BUDGET-0589,2026,POS-575,Production Manager,DEPARTMENT-014,Production & Manufacturing,COST-CENTER-PRD,Yes,Yes,Filled,1.0,4082000,816400,326560,0,73476,5298436,2026-01-01,2026-12-31,Approved,PKR,2026-08-01
POSITION-BUDGET-0590,2026,POS-576,Production Manager,DEPARTMENT-014,Production & Manufacturing,COST-CENTER-PRD,Yes,Yes,Filled,1.0,4082000,816400,326560,0,73476,5298436,2026-01-01,2026-12-31,Approved,PKR,2026-08-01
POSITION-BUDGET-0591,2026,POS-577,Production Manager,DEPARTMENT-014,Production & Manufacturing,COST-CENTER-PRD,Yes,Yes,Filled,1.0,4082000,816400,326560,0,73476,5298436,2026-01-01,2026-12-31,Approved,PKR,2026-08-01
POSITION-BUDGET-0592,2026,POS-578,Production Manager,DEPARTMENT-014,Production & Manufacturing,COST-CENTER-PRD,Yes,Yes,Filled,1.0,4082000,816400,326560,0,73476,5298436,2026-01-01,2026-12-31,Approved,PKR,2026-08-01
POSITION-BUDGET-0593,2026,POS-579,Senior Production Supervisor,DEPARTMENT-014,Production & Manufacturing,COST-CENTER-PRD,Yes,Yes,Filled,1.0,2566000,513200,205280,0,46188,3330668,2026-01-01,2026-12-31,Approved,PKR,2026-08-01
POSITION-BUDGET-0594,2026,POS-580,Senior Production Supervisor,DEPARTMENT-014,Production & Manufacturing,COST-CENTER-PRD,Yes,Yes,Filled,1.0,2566000,513200,205280,0,46188,3330668,2026-01-01,2026-12-31,Approved,PKR,2026-08-01
POSITION-BUDGET-0595,2026,POS-581,Senior Production Supervisor,DEPARTMENT-014,Production & Manufacturing,COST-CENTER-PRD,Yes,Yes,Filled,1.0,2566000,513200,205280,0,46188,3330668,2026-01-01,2026-12-31,Approved,PKR,2026-08-01
POSITION-BUDGET-0596,2026,POS-582,Senior Production Supervisor,DEPARTMENT-014,Production & Manufacturing,COST-CENTER-PRD,Yes,Yes,Filled,1.0,2566000,513200,205280,0,46188,3330668,2026-01-01,2026-12-31,Approved,PKR,2026-08-01
POSITION-BUDGET-0597,2026,POS-583,Senior Production Supervisor,DEPARTMENT-014,Production & Manufacturing,COST-CENTER-PRD,Yes,Yes,Filled,1.0,2566000,513200,205280,0,46188,3330668,2026-01-01,2026-12-31,Approved,PKR,2026-08-01
POSITION-BUDGET-0598,2026,POS-584,Senior Production Supervisor,DEPARTMENT-014,Production & Manufacturing,COST-CENTER-PRD,Yes,Yes,Filled,1.0,2566000,513200,205280,0,46188,3330668,2026-01-01,2026-12-31,Approved,PKR,2026-08-01
POSITION-BUDGET-0599,2026,POS-585,Senior Production Supervisor,DEPARTMENT-014,Production & Manufacturing,COST-CENTER-PRD,Yes,Yes,Filled,1.0,2566000,513200,205280,0,46188,3330668,2026-01-01,2026-12-31,Approved,PKR,2026-08-01
POSITION-BUDGET-0600,2026,POS-586,Senior Production Supervisor,DEPARTMENT-014,Production & Manufacturing,COST-CENTER-PRD,Yes,Yes,Filled,1.0,2566000,513200,205280,0,46188,3330668,2026-01-01,2026-12-31,Approved,PKR,2026-08-01
POSITION-BUDGET-0601,2026,POS-587,Production Technician,DEPARTMENT-014,Production & Manufacturing,COST-CENTER-PRD,Yes,Yes,Filled,1.0,1575000,315000,126000,0,28349,2044349,2026-01-01,2026-12-31,Approved,PKR,2026-08-01
POSITION-BUDGET-0602,2026,POS-588,Production Technician,DEPARTMENT-014,Production & Manufacturing,COST-CENTER-PRD,Yes,Yes,Filled,1.0,1575000,315000,126000,0,28349,2044349,2026-01-01,2026-12-31,Approved,PKR,2026-08-01
POSITION-BUDGET-0603,2026,POS-589,Production Technician,DEPARTMENT-014,Production & Manufacturing,COST-CENTER-PRD,Yes,Yes,Filled,1.0,1575000,315000,126000,0,28349,2044349,2026-01-01,2026-12-31,Approved,PKR,2026-08-01
POSITION-BUDGET-0604,2026,POS-590,Production Technician,DEPARTMENT-014,Production & Manufacturing,COST-CENTER-PRD,Yes,Yes,Filled,1.0,1575000,315000,126000,0,28349,2044349,2026-01-01,2026-12-31,Approved,PKR,2026-08-01
POSITION-BUDGET-0605,2026,POS-591,Production Technician,DEPARTMENT-014,Production & Manufacturing,COST-CENTER-PRD,Yes,Yes,Filled,1.0,1575000,315000,126000,0,28349,2044349,2026-01-01,2026-12-31,Approved,PKR,2026-08-01
POSITION-BUDGET-0606,2026,POS-592,Production Technician,DEPARTMENT-014,Production & Manufacturing,COST-CENTER-PRD,Yes,Yes,Filled,1.0,1575000,315000,126000,0,28349,2044349,2026-01-01,2026-12-31,Approved,PKR,2026-08-01
POSITION-BUDGET-0607,2026,POS-593,Production Technician,DEPARTMENT-014,Production & Manufacturing,COST-CENTER-PRD,Yes,Yes,Filled,1.0,1575000,315000,126000,0,28349,2044349,2026-01-01,2026-12-31,Approved,PKR,2026-08-01
POSITION-BUDGET-0608,2026,POS-594,Production Technician,DEPARTMENT-014,Production & Manufacturing,COST-CENTER-PRD,Yes,Yes,Filled,1.0,1575000,315000,126000,0,28349,2044349,2026-01-01,2026-12-31,Approved,PKR,2026-08-01
POSITION-BUDGET-0609,2026,POS-595,Production Technician,DEPARTMENT-014,Production & Manufacturing,COST-CENTER-PRD,Yes,Yes,Filled,1.0,1575000,315000,126000,0,28349,2044349,2026-01-01,2026-12-31,Approved,PKR,2026-08-01
POSITION-BUDGET-0610,2026,POS-596,Production Technician,DEPARTMENT-014,Production & Manufacturing,COST-CENTER-PRD,Yes,Yes,Filled,1.0,1575000,315000,126000,0,28349,2044349,2026-01-01,2026-12-31,Approved,PKR,2026-08-01
POSITION-BUDGET-0611,2026,POS-597,Production Technician,DEPARTMENT-014,Production & Manufacturing,COST-CENTER-PRD,Yes,Yes,Filled,1.0,1575000,315000,126000,0,28349,2044349,2026-01-01,2026-12-31,Approved,PKR,2026-08-01
POSITION-BUDGET-0612,2026,POS-598,Production Technician,DEPARTMENT-014,Production & Manufacturing,COST-CENTER-PRD,Yes,Yes,Filled,1.0,1575000,315000,126000,0,28349,2044349,2026-01-01,2026-12-31,Approved,PKR,2026-08-01
POSITION-BUDGET-0613,2026,POS-599,Production Technician,DEPARTMENT-014,Production & Manufacturing,COST-CENTER-PRD,Yes,Yes,Filled,1.0,1575000,315000,126000,0,28349,2044349,2026-01-01,2026-12-31,Approved,PKR,2026-08-01
POSITION-BUDGET-0614,2026,POS-600,Production Technician,DEPARTMENT-014,Production & Manufacturing,COST-CENTER-PRD,Yes,Yes,Filled,1.0,1575000,315000,126000,0,28349,2044349,2026-01-01,2026-12-31,Approved,PKR,2026-08-01
POSITION-BUDGET-0615,2026,POS-601,Production Operator,DEPARTMENT-014,Production & Manufacturing,COST-CENTER-PRD,Yes,Yes,Filled,1.0,875000,175000,70000,0,15749,1135749,2026-01-01,2026-12-31,Approved,PKR,2026-08-01
POSITION-BUDGET-0616,2026,POS-602,Production Operator,DEPARTMENT-014,Production & Manufacturing,COST-CENTER-PRD,Yes,Yes,Filled,1.0,875000,175000,70000,0,15749,1135749,2026-01-01,2026-12-31,Approved,PKR,2026-08-01
POSITION-BUDGET-0617,2026,POS-603,Production Operator,DEPARTMENT-014,Production & Manufacturing,COST-CENTER-PRD,Yes,Yes,Filled,1.0,875000,175000,70000,0,15749,1135749,2026-01-01,2026-12-31,Approved,PKR,2026-08-01
POSITION-BUDGET-0618,2026,POS-604,Production Operator,DEPARTMENT-014,Production & Manufacturing,COST-CENTER-PRD,Yes,Yes,Filled,1.0,875000,175000,70000,0,15749,1135749,2026-01-01,2026-12-31,Approved,PKR,2026-08-01
POSITION-BUDGET-0619,2026,POS-605,Production Operator,DEPARTMENT-014,Production & Manufacturing,COST-CENTER-PRD,Yes,Yes,Filled,1.0,875000,175000,70000,0,15749,1135749,2026-01-01,2026-12-31,Approved,PKR,2026-08-01
POSITION-BUDGET-0620,2026,POS-606,Production Operator,DEPARTMENT-014,Production & Manufacturing,COST-CENTER-PRD,Yes,Yes,Filled,1.0,875000,175000,70000,0,15749,1135749,2026-01-01,2026-12-31,Approved,PKR,2026-08-01
POSITION-BUDGET-0621,2026,POS-607,Production Operator,DEPARTMENT-014,Production & Manufacturing,COST-CENTER-PRD,Yes,Yes,Filled,1.0,875000,175000,70000,0,15749,1135749,2026-01-01,2026-12-31,Approved,PKR,2026-08-01
POSITION-BUDGET-0622,2026,POS-608,Production Operator,DEPARTMENT-014,Production & Manufacturing,COST-CENTER-PRD,Yes,Yes,Filled,1.0,875000,175000,70000,0,15749,1135749,2026-01-01,2026-12-31,Approved,PKR,2026-08-01
POSITION-BUDGET-0623,2026,POS-609,Production Operator,DEPARTMENT-014,Production & Manufacturing,COST-CENTER-PRD,Yes,Yes,Filled,1.0,875000,175000,70000,0,15749,1135749,2026-01-01,2026-12-31,Approved,PKR,2026-08-01
POSITION-BUDGET-0624,2026,POS-610,Production Operator,DEPARTMENT-014,Production & Manufacturing,COST-CENTER-PRD,Yes,Yes,Filled,1.0,875000,175000,70000,0,15749,1135749,2026-01-01,2026-12-31,Approved,PKR,2026-08-01
POSITION-BUDGET-0625,2026,POS-611,Production Operator,DEPARTMENT-014,Production & Manufacturing,COST-CENTER-PRD,Yes,Yes,Filled,1.0,875000,175000,70000,0,15749,1135749,2026-01-01,2026-12-31,Approved,PKR,2026-08-01
POSITION-BUDGET-0626,2026,POS-612,Production Operator,DEPARTMENT-014,Production & Manufacturing,COST-CENTER-PRD,Yes,Yes,Filled,1.0,875000,175000,70000,0,15749,1135749,2026-01-01,2026-12-31,Approved,PKR,2026-08-01
POSITION-BUDGET-0627,2026,POS-613,Production Operator,DEPARTMENT-014,Production & Manufacturing,COST-CENTER-PRD,Yes,Yes,Filled,1.0,875000,175000,70000,0,15749,1135749,2026-01-01,2026-12-31,Approved,PKR,2026-08-01
POSITION-BUDGET-0628,2026,POS-614,Production Intern,DEPARTMENT-014,Production & Manufacturing,COST-CENTER-PRD,Yes,Yes,Filled,1.0,408000,81600,32640,0,15000,537240,2026-01-01,2026-12-31,Approved,PKR,2026-08-01
POSITION-BUDGET-0629,2026,POS-615,Production Intern,DEPARTMENT-014,Production & Manufacturing,COST-CENTER-PRD,Yes,Yes,Filled,1.0,408000,81600,32640,0,15000,537240,2026-01-01,2026-12-31,Approved,PKR,2026-08-01
POSITION-BUDGET-0630,2026,POS-616,Production Intern,DEPARTMENT-014,Production & Manufacturing,COST-CENTER-PRD,Yes,Yes,Filled,1.0,408000,81600,32640,0,15000,537240,2026-01-01,2026-12-31,Approved,PKR,2026-08-01
POSITION-BUDGET-0631,2026,EXEC-QAS-HEAD,Head of Quality Assurance,DEPARTMENT-015,Quality Assurance,COST-CENTER-QAS,Yes,Yes,Filled,1.0,8424000,1684800,673920,0,151632,10934352,2026-01-01,2026-12-31,Approved,PKR,2026-08-01
POSITION-BUDGET-0632,2026,POS-617,Quality Assurance Manager,DEPARTMENT-015,Quality Assurance,COST-CENTER-QAS,Yes,Yes,Filled,1.0,4536000,907200,362880,0,81648,5887728,2026-01-01,2026-12-31,Approved,PKR,2026-08-01
POSITION-BUDGET-0633,2026,POS-618,Quality Assurance Manager,DEPARTMENT-015,Quality Assurance,COST-CENTER-QAS,Yes,Yes,Filled,1.0,4536000,907200,362880,0,81648,5887728,2026-01-01,2026-12-31,Approved,PKR,2026-08-01
POSITION-BUDGET-0634,2026,POS-619,Quality Assurance Manager,DEPARTMENT-015,Quality Assurance,COST-CENTER-QAS,Yes,Yes,Filled,1.0,4536000,907200,362880,0,81648,5887728,2026-01-01,2026-12-31,Approved,PKR,2026-08-01
POSITION-BUDGET-0635,2026,POS-620,Quality Assurance Manager,DEPARTMENT-015,Quality Assurance,COST-CENTER-QAS,Yes,Yes,Filled,1.0,4536000,907200,362880,0,81648,5887728,2026-01-01,2026-12-31,Approved,PKR,2026-08-01
POSITION-BUDGET-0636,2026,POS-621,Quality Assurance Manager,DEPARTMENT-015,Quality Assurance,COST-CENTER-QAS,Yes,Yes,Filled,1.0,4536000,907200,362880,0,81648,5887728,2026-01-01,2026-12-31,Approved,PKR,2026-08-01
POSITION-BUDGET-0637,2026,POS-622,Quality Assurance Manager,DEPARTMENT-015,Quality Assurance,COST-CENTER-QAS,Yes,Yes,Filled,1.0,4536000,907200,362880,0,81648,5887728,2026-01-01,2026-12-31,Approved,PKR,2026-08-01
POSITION-BUDGET-0638,2026,POS-623,Senior Quality Engineer,DEPARTMENT-015,Quality Assurance,COST-CENTER-QAS,Yes,Yes,Filled,1.0,2851000,570200,228080,0,51317,3700597,2026-01-01,2026-12-31,Approved,PKR,2026-08-01
POSITION-BUDGET-0639,2026,POS-624,Senior Quality Engineer,DEPARTMENT-015,Quality Assurance,COST-CENTER-QAS,Yes,Yes,Filled,1.0,2851000,570200,228080,0,51317,3700597,2026-01-01,2026-12-31,Approved,PKR,2026-08-01
POSITION-BUDGET-0640,2026,POS-625,Senior Quality Engineer,DEPARTMENT-015,Quality Assurance,COST-CENTER-QAS,Yes,Yes,Filled,1.0,2851000,570200,228080,0,51317,3700597,2026-01-01,2026-12-31,Approved,PKR,2026-08-01
POSITION-BUDGET-0641,2026,POS-626,Senior Quality Engineer,DEPARTMENT-015,Quality Assurance,COST-CENTER-QAS,Yes,Yes,Filled,1.0,2851000,570200,228080,0,51317,3700597,2026-01-01,2026-12-31,Approved,PKR,2026-08-01
POSITION-BUDGET-0642,2026,POS-627,Senior Quality Engineer,DEPARTMENT-015,Quality Assurance,COST-CENTER-QAS,Yes,Yes,Filled,1.0,2851000,570200,228080,0,51317,3700597,2026-01-01,2026-12-31,Approved,PKR,2026-08-01
POSITION-BUDGET-0643,2026,POS-628,Senior Quality Engineer,DEPARTMENT-015,Quality Assurance,COST-CENTER-QAS,Yes,Yes,Filled,1.0,2851000,570200,228080,0,51317,3700597,2026-01-01,2026-12-31,Approved,PKR,2026-08-01
POSITION-BUDGET-0644,2026,POS-629,Senior Quality Engineer,DEPARTMENT-015,Quality Assurance,COST-CENTER-QAS,Yes,Yes,Filled,1.0,2851000,570200,228080,0,51317,3700597,2026-01-01,2026-12-31,Approved,PKR,2026-08-01
POSITION-BUDGET-0645,2026,POS-630,Senior Quality Engineer,DEPARTMENT-015,Quality Assurance,COST-CENTER-QAS,Yes,Yes,Filled,1.0,2851000,570200,228080,0,51317,3700597,2026-01-01,2026-12-31,Approved,PKR,2026-08-01
POSITION-BUDGET-0646,2026,POS-631,Quality Analyst,DEPARTMENT-015,Quality Assurance,COST-CENTER-QAS,Yes,Yes,Filled,1.0,1750000,350000,140000,0,31499,2271499,2026-01-01,2026-12-31,Approved,PKR,2026-08-01
POSITION-BUDGET-0647,2026,POS-632,Quality Analyst,DEPARTMENT-015,Quality Assurance,COST-CENTER-QAS,Yes,Yes,Filled,1.0,1750000,350000,140000,0,31499,2271499,2026-01-01,2026-12-31,Approved,PKR,2026-08-01
POSITION-BUDGET-0648,2026,POS-633,Quality Analyst,DEPARTMENT-015,Quality Assurance,COST-CENTER-QAS,Yes,Yes,Filled,1.0,1750000,350000,140000,0,31499,2271499,2026-01-01,2026-12-31,Approved,PKR,2026-08-01
POSITION-BUDGET-0649,2026,POS-634,Quality Analyst,DEPARTMENT-015,Quality Assurance,COST-CENTER-QAS,Yes,Yes,Filled,1.0,1750000,350000,140000,0,31499,2271499,2026-01-01,2026-12-31,Approved,PKR,2026-08-01
POSITION-BUDGET-0650,2026,POS-635,Quality Analyst,DEPARTMENT-015,Quality Assurance,COST-CENTER-QAS,Yes,Yes,Filled,1.0,1750000,350000,140000,0,31499,2271499,2026-01-01,2026-12-31,Approved,PKR,2026-08-01
POSITION-BUDGET-0651,2026,POS-636,Quality Analyst,DEPARTMENT-015,Quality Assurance,COST-CENTER-QAS,Yes,Yes,Filled,1.0,1750000,350000,140000,0,31499,2271499,2026-01-01,2026-12-31,Approved,PKR,2026-08-01
POSITION-BUDGET-0652,2026,POS-637,Quality Analyst,DEPARTMENT-015,Quality Assurance,COST-CENTER-QAS,Yes,Yes,Filled,1.0,1750000,350000,140000,0,31499,2271499,2026-01-01,2026-12-31,Approved,PKR,2026-08-01
POSITION-BUDGET-0653,2026,POS-638,Quality Analyst,DEPARTMENT-015,Quality Assurance,COST-CENTER-QAS,Yes,Yes,Filled,1.0,1750000,350000,140000,0,31499,2271499,2026-01-01,2026-12-31,Approved,PKR,2026-08-01
POSITION-BUDGET-0654,2026,POS-639,Quality Analyst,DEPARTMENT-015,Quality Assurance,COST-CENTER-QAS,Yes,Yes,Filled,1.0,1750000,350000,140000,0,31499,2271499,2026-01-01,2026-12-31,Approved,PKR,2026-08-01
POSITION-BUDGET-0655,2026,POS-640,Quality Analyst,DEPARTMENT-015,Quality Assurance,COST-CENTER-QAS,Yes,Yes,Filled,1.0,1750000,350000,140000,0,31499,2271499,2026-01-01,2026-12-31,Approved,PKR,2026-08-01
POSITION-BUDGET-0656,2026,POS-641,Quality Analyst,DEPARTMENT-015,Quality Assurance,COST-CENTER-QAS,Yes,Yes,Filled,1.0,1750000,350000,140000,0,31499,2271499,2026-01-01,2026-12-31,Approved,PKR,2026-08-01
POSITION-BUDGET-0657,2026,POS-642,Quality Analyst,DEPARTMENT-015,Quality Assurance,COST-CENTER-QAS,Yes,Yes,Filled,1.0,1750000,350000,140000,0,31499,2271499,2026-01-01,2026-12-31,Approved,PKR,2026-08-01
POSITION-BUDGET-0658,2026,POS-643,Quality Analyst,DEPARTMENT-015,Quality Assurance,COST-CENTER-QAS,Yes,Yes,Filled,1.0,1750000,350000,140000,0,31499,2271499,2026-01-01,2026-12-31,Approved,PKR,2026-08-01
POSITION-BUDGET-0659,2026,POS-644,Quality Analyst,DEPARTMENT-015,Quality Assurance,COST-CENTER-QAS,Yes,Yes,Filled,1.0,1750000,350000,140000,0,31499,2271499,2026-01-01,2026-12-31,Approved,PKR,2026-08-01
POSITION-BUDGET-0660,2026,POS-645,Quality Inspector,DEPARTMENT-015,Quality Assurance,COST-CENTER-QAS,Yes,Yes,Filled,1.0,972000,194400,77760,0,17496,1261656,2026-01-01,2026-12-31,Approved,PKR,2026-08-01
POSITION-BUDGET-0661,2026,POS-646,Quality Inspector,DEPARTMENT-015,Quality Assurance,COST-CENTER-QAS,Yes,Yes,Filled,1.0,972000,194400,77760,0,17496,1261656,2026-01-01,2026-12-31,Approved,PKR,2026-08-01
POSITION-BUDGET-0662,2026,POS-647,Quality Inspector,DEPARTMENT-015,Quality Assurance,COST-CENTER-QAS,Yes,Yes,Filled,1.0,972000,194400,77760,0,17496,1261656,2026-01-01,2026-12-31,Approved,PKR,2026-08-01
POSITION-BUDGET-0663,2026,POS-648,Quality Inspector,DEPARTMENT-015,Quality Assurance,COST-CENTER-QAS,Yes,Yes,Filled,1.0,972000,194400,77760,0,17496,1261656,2026-01-01,2026-12-31,Approved,PKR,2026-08-01
POSITION-BUDGET-0664,2026,POS-649,Quality Inspector,DEPARTMENT-015,Quality Assurance,COST-CENTER-QAS,Yes,Yes,Filled,1.0,972000,194400,77760,0,17496,1261656,2026-01-01,2026-12-31,Approved,PKR,2026-08-01
POSITION-BUDGET-0665,2026,POS-650,Quality Inspector,DEPARTMENT-015,Quality Assurance,COST-CENTER-QAS,Yes,Yes,Filled,1.0,972000,194400,77760,0,17496,1261656,2026-01-01,2026-12-31,Approved,PKR,2026-08-01
POSITION-BUDGET-0666,2026,POS-651,Quality Inspector,DEPARTMENT-015,Quality Assurance,COST-CENTER-QAS,Yes,Yes,Filled,1.0,972000,194400,77760,0,17496,1261656,2026-01-01,2026-12-31,Approved,PKR,2026-08-01
POSITION-BUDGET-0667,2026,POS-652,Quality Inspector,DEPARTMENT-015,Quality Assurance,COST-CENTER-QAS,Yes,Yes,Filled,1.0,972000,194400,77760,0,17496,1261656,2026-01-01,2026-12-31,Approved,PKR,2026-08-01
POSITION-BUDGET-0668,2026,POS-653,Quality Inspector,DEPARTMENT-015,Quality Assurance,COST-CENTER-QAS,Yes,Yes,Filled,1.0,972000,194400,77760,0,17496,1261656,2026-01-01,2026-12-31,Approved,PKR,2026-08-01
POSITION-BUDGET-0669,2026,POS-654,Quality Inspector,DEPARTMENT-015,Quality Assurance,COST-CENTER-QAS,Yes,Yes,Filled,1.0,972000,194400,77760,0,17496,1261656,2026-01-01,2026-12-31,Approved,PKR,2026-08-01
POSITION-BUDGET-0670,2026,POS-655,Quality Inspector,DEPARTMENT-015,Quality Assurance,COST-CENTER-QAS,Yes,Yes,Filled,1.0,972000,194400,77760,0,17496,1261656,2026-01-01,2026-12-31,Approved,PKR,2026-08-01
POSITION-BUDGET-0671,2026,POS-656,Quality Inspector,DEPARTMENT-015,Quality Assurance,COST-CENTER-QAS,Yes,Yes,Filled,1.0,972000,194400,77760,0,17496,1261656,2026-01-01,2026-12-31,Approved,PKR,2026-08-01
POSITION-BUDGET-0672,2026,POS-657,Quality Inspector,DEPARTMENT-015,Quality Assurance,COST-CENTER-QAS,Yes,Yes,Filled,1.0,972000,194400,77760,0,17496,1261656,2026-01-01,2026-12-31,Approved,PKR,2026-08-01
POSITION-BUDGET-0673,2026,POS-658,Quality Assurance Intern,DEPARTMENT-015,Quality Assurance,COST-CENTER-QAS,Yes,Yes,Filled,0.5,227000,45400,18160,0,15000,305560,2026-01-01,2026-12-31,Approved,PKR,2026-08-01
POSITION-BUDGET-0674,2026,POS-659,Quality Assurance Intern,DEPARTMENT-015,Quality Assurance,COST-CENTER-QAS,Yes,Yes,Filled,1.0,454000,90800,36320,0,15000,596120,2026-01-01,2026-12-31,Approved,PKR,2026-08-01
POSITION-BUDGET-0675,2026,POS-660,Quality Assurance Intern,DEPARTMENT-015,Quality Assurance,COST-CENTER-QAS,Yes,Yes,Filled,0.5,227000,45400,18160,0,15000,305560,2026-01-01,2026-12-31,Approved,PKR,2026-08-01
POSITION-BUDGET-0676,2026,EXEC-RND-HEAD,Head of Research and Development,DEPARTMENT-016,Research & Development,COST-CENTER-RND,Yes,Yes,Filled,1.0,10109000,2021800,808720,0,181962,13121482,2026-01-01,2026-12-31,Approved,PKR,2026-08-01
POSITION-BUDGET-0677,2026,POS-661,Research and Development Manager,DEPARTMENT-016,Research & Development,COST-CENTER-RND,Yes,Yes,Filled,1.0,5443000,1088600,435440,0,97973,7065013,2026-01-01,2026-12-31,Approved,PKR,2026-08-01
POSITION-BUDGET-0678,2026,POS-662,Research and Development Manager,DEPARTMENT-016,Research & Development,COST-CENTER-RND,Yes,Yes,Filled,1.0,5443000,1088600,435440,0,97973,7065013,2026-01-01,2026-12-31,Approved,PKR,2026-08-01
POSITION-BUDGET-0679,2026,POS-663,Research and Development Manager,DEPARTMENT-016,Research & Development,COST-CENTER-RND,Yes,Yes,Filled,1.0,5443000,1088600,435440,0,97973,7065013,2026-01-01,2026-12-31,Approved,PKR,2026-08-01
POSITION-BUDGET-0680,2026,POS-664,Research and Development Manager,DEPARTMENT-016,Research & Development,COST-CENTER-RND,Yes,Yes,Filled,1.0,5443000,1088600,435440,0,97973,7065013,2026-01-01,2026-12-31,Approved,PKR,2026-08-01
POSITION-BUDGET-0681,2026,POS-665,Research and Development Manager,DEPARTMENT-016,Research & Development,COST-CENTER-RND,Yes,Yes,Filled,1.0,5443000,1088600,435440,0,97973,7065013,2026-01-01,2026-12-31,Approved,PKR,2026-08-01
POSITION-BUDGET-0682,2026,POS-666,Research and Development Manager,DEPARTMENT-016,Research & Development,COST-CENTER-RND,Yes,Yes,Filled,1.0,5443000,1088600,435440,0,97973,7065013,2026-01-01,2026-12-31,Approved,PKR,2026-08-01
POSITION-BUDGET-0683,2026,POS-667,Senior Research Scientist,DEPARTMENT-016,Research & Development,COST-CENTER-RND,Yes,Yes,Filled,1.0,3421000,684200,273680,0,61577,4440457,2026-01-01,2026-12-31,Approved,PKR,2026-08-01
POSITION-BUDGET-0684,2026,POS-668,Senior Research Scientist,DEPARTMENT-016,Research & Development,COST-CENTER-RND,Yes,Yes,Filled,1.0,3421000,684200,273680,0,61577,4440457,2026-01-01,2026-12-31,Approved,PKR,2026-08-01
POSITION-BUDGET-0685,2026,POS-669,Senior Research Scientist,DEPARTMENT-016,Research & Development,COST-CENTER-RND,Yes,Yes,Filled,1.0,3421000,684200,273680,0,61577,4440457,2026-01-01,2026-12-31,Approved,PKR,2026-08-01
POSITION-BUDGET-0686,2026,POS-670,Senior Research Scientist,DEPARTMENT-016,Research & Development,COST-CENTER-RND,Yes,Yes,Filled,1.0,3421000,684200,273680,0,61577,4440457,2026-01-01,2026-12-31,Approved,PKR,2026-08-01
POSITION-BUDGET-0687,2026,POS-671,Senior Research Scientist,DEPARTMENT-016,Research & Development,COST-CENTER-RND,Yes,Yes,Filled,1.0,3421000,684200,273680,0,61577,4440457,2026-01-01,2026-12-31,Approved,PKR,2026-08-01
POSITION-BUDGET-0688,2026,POS-672,Senior Research Scientist,DEPARTMENT-016,Research & Development,COST-CENTER-RND,Yes,Yes,Filled,1.0,3421000,684200,273680,0,61577,4440457,2026-01-01,2026-12-31,Approved,PKR,2026-08-01
POSITION-BUDGET-0689,2026,POS-673,Senior Research Scientist,DEPARTMENT-016,Research & Development,COST-CENTER-RND,Yes,Yes,Filled,1.0,3421000,684200,273680,0,61577,4440457,2026-01-01,2026-12-31,Approved,PKR,2026-08-01
POSITION-BUDGET-0690,2026,POS-674,Senior Research Scientist,DEPARTMENT-016,Research & Development,COST-CENTER-RND,Yes,Yes,Filled,1.0,3421000,684200,273680,0,61577,4440457,2026-01-01,2026-12-31,Approved,PKR,2026-08-01
POSITION-BUDGET-0691,2026,POS-675,Research Analyst,DEPARTMENT-016,Research & Development,COST-CENTER-RND,Yes,Yes,Filled,1.0,2100000,420000,168000,0,37800,2725800,2026-01-01,2026-12-31,Approved,PKR,2026-08-01
POSITION-BUDGET-0692,2026,POS-676,Research Analyst,DEPARTMENT-016,Research & Development,COST-CENTER-RND,Yes,Yes,Filled,1.0,2100000,420000,168000,0,37800,2725800,2026-01-01,2026-12-31,Approved,PKR,2026-08-01
POSITION-BUDGET-0693,2026,POS-677,Research Analyst,DEPARTMENT-016,Research & Development,COST-CENTER-RND,Yes,Yes,Filled,1.0,2100000,420000,168000,0,37800,2725800,2026-01-01,2026-12-31,Approved,PKR,2026-08-01
POSITION-BUDGET-0694,2026,POS-678,Research Analyst,DEPARTMENT-016,Research & Development,COST-CENTER-RND,Yes,Yes,Filled,1.0,2100000,420000,168000,0,37800,2725800,2026-01-01,2026-12-31,Approved,PKR,2026-08-01
POSITION-BUDGET-0695,2026,POS-679,Research Analyst,DEPARTMENT-016,Research & Development,COST-CENTER-RND,Yes,Yes,Filled,1.0,2100000,420000,168000,0,37800,2725800,2026-01-01,2026-12-31,Approved,PKR,2026-08-01
POSITION-BUDGET-0696,2026,POS-680,Research Analyst,DEPARTMENT-016,Research & Development,COST-CENTER-RND,Yes,Yes,Filled,1.0,2100000,420000,168000,0,37800,2725800,2026-01-01,2026-12-31,Approved,PKR,2026-08-01
POSITION-BUDGET-0697,2026,POS-681,Research Analyst,DEPARTMENT-016,Research & Development,COST-CENTER-RND,Yes,Yes,Filled,1.0,2100000,420000,168000,0,37800,2725800,2026-01-01,2026-12-31,Approved,PKR,2026-08-01
POSITION-BUDGET-0698,2026,POS-682,Research Analyst,DEPARTMENT-016,Research & Development,COST-CENTER-RND,Yes,Yes,Filled,1.0,2100000,420000,168000,0,37800,2725800,2026-01-01,2026-12-31,Approved,PKR,2026-08-01
POSITION-BUDGET-0699,2026,POS-683,Research Analyst,DEPARTMENT-016,Research & Development,COST-CENTER-RND,Yes,Yes,Filled,1.0,2100000,420000,168000,0,37800,2725800,2026-01-01,2026-12-31,Approved,PKR,2026-08-01
POSITION-BUDGET-0700,2026,POS-684,Research Analyst,DEPARTMENT-016,Research & Development,COST-CENTER-RND,Yes,Yes,Filled,1.0,2100000,420000,168000,0,37800,2725800,2026-01-01,2026-12-31,Approved,PKR,2026-08-01
POSITION-BUDGET-0701,2026,POS-685,Research Analyst,DEPARTMENT-016,Research & Development,COST-CENTER-RND,Yes,Yes,Filled,1.0,2100000,420000,168000,0,37800,2725800,2026-01-01,2026-12-31,Approved,PKR,2026-08-01
POSITION-BUDGET-0702,2026,POS-686,Research Analyst,DEPARTMENT-016,Research & Development,COST-CENTER-RND,Yes,Yes,Filled,1.0,2100000,420000,168000,0,37800,2725800,2026-01-01,2026-12-31,Approved,PKR,2026-08-01
POSITION-BUDGET-0703,2026,POS-687,Research Analyst,DEPARTMENT-016,Research & Development,COST-CENTER-RND,Yes,Yes,Filled,1.0,2100000,420000,168000,0,37800,2725800,2026-01-01,2026-12-31,Approved,PKR,2026-08-01
POSITION-BUDGET-0704,2026,POS-688,Research Analyst,DEPARTMENT-016,Research & Development,COST-CENTER-RND,Yes,Yes,Filled,1.0,2100000,420000,168000,0,37800,2725800,2026-01-01,2026-12-31,Approved,PKR,2026-08-01
POSITION-BUDGET-0705,2026,POS-689,Research Associate,DEPARTMENT-016,Research & Development,COST-CENTER-RND,Yes,Yes,Filled,1.0,1166000,233200,93280,0,20988,1513468,2026-01-01,2026-12-31,Approved,PKR,2026-08-01
POSITION-BUDGET-0706,2026,POS-690,Research Associate,DEPARTMENT-016,Research & Development,COST-CENTER-RND,Yes,Yes,Filled,1.0,1166000,233200,93280,0,20988,1513468,2026-01-01,2026-12-31,Approved,PKR,2026-08-01
POSITION-BUDGET-0707,2026,POS-691,Research Associate,DEPARTMENT-016,Research & Development,COST-CENTER-RND,Yes,Yes,Filled,1.0,1166000,233200,93280,0,20988,1513468,2026-01-01,2026-12-31,Approved,PKR,2026-08-01
POSITION-BUDGET-0708,2026,POS-692,Research Associate,DEPARTMENT-016,Research & Development,COST-CENTER-RND,Yes,Yes,Filled,1.0,1166000,233200,93280,0,20988,1513468,2026-01-01,2026-12-31,Approved,PKR,2026-08-01
POSITION-BUDGET-0709,2026,POS-693,Research Associate,DEPARTMENT-016,Research & Development,COST-CENTER-RND,Yes,Yes,Filled,1.0,1166000,233200,93280,0,20988,1513468,2026-01-01,2026-12-31,Approved,PKR,2026-08-01
POSITION-BUDGET-0710,2026,POS-694,Research Associate,DEPARTMENT-016,Research & Development,COST-CENTER-RND,Yes,Yes,Filled,1.0,1166000,233200,93280,0,20988,1513468,2026-01-01,2026-12-31,Approved,PKR,2026-08-01
POSITION-BUDGET-0711,2026,POS-695,Research Associate,DEPARTMENT-016,Research & Development,COST-CENTER-RND,Yes,Yes,Filled,1.0,1166000,233200,93280,0,20988,1513468,2026-01-01,2026-12-31,Approved,PKR,2026-08-01
POSITION-BUDGET-0712,2026,POS-696,Research Associate,DEPARTMENT-016,Research & Development,COST-CENTER-RND,Yes,Yes,Filled,1.0,1166000,233200,93280,0,20988,1513468,2026-01-01,2026-12-31,Approved,PKR,2026-08-01
POSITION-BUDGET-0713,2026,POS-697,Research Associate,DEPARTMENT-016,Research & Development,COST-CENTER-RND,Yes,Yes,Filled,1.0,1166000,233200,93280,0,20988,1513468,2026-01-01,2026-12-31,Approved,PKR,2026-08-01
POSITION-BUDGET-0714,2026,POS-698,Research Associate,DEPARTMENT-016,Research & Development,COST-CENTER-RND,Yes,Yes,Filled,1.0,1166000,233200,93280,0,20988,1513468,2026-01-01,2026-12-31,Approved,PKR,2026-08-01
POSITION-BUDGET-0715,2026,POS-699,Research Associate,DEPARTMENT-016,Research & Development,COST-CENTER-RND,Yes,Yes,Filled,1.0,1166000,233200,93280,0,20988,1513468,2026-01-01,2026-12-31,Approved,PKR,2026-08-01
POSITION-BUDGET-0716,2026,POS-700,Research Associate,DEPARTMENT-016,Research & Development,COST-CENTER-RND,Yes,Yes,Filled,1.0,1166000,233200,93280,0,20988,1513468,2026-01-01,2026-12-31,Approved,PKR,2026-08-01
POSITION-BUDGET-0717,2026,POS-701,Research Associate,DEPARTMENT-016,Research & Development,COST-CENTER-RND,Yes,Yes,Filled,1.0,1166000,233200,93280,0,20988,1513468,2026-01-01,2026-12-31,Approved,PKR,2026-08-01
POSITION-BUDGET-0718,2026,POS-702,Research Intern,DEPARTMENT-016,Research & Development,COST-CENTER-RND,Yes,Yes,Filled,1.0,544000,108800,43520,0,15000,711320,2026-01-01,2026-12-31,Approved,PKR,2026-08-01
POSITION-BUDGET-0719,2026,POS-703,Research Intern,DEPARTMENT-016,Research & Development,COST-CENTER-RND,Yes,Yes,Filled,0.5,272000,54400,21760,0,15000,363160,2026-01-01,2026-12-31,Approved,PKR,2026-08-01
POSITION-BUDGET-0720,2026,POS-704,Research Intern,DEPARTMENT-016,Research & Development,COST-CENTER-RND,Yes,Yes,Filled,0.5,272000,54400,21760,0,15000,363160,2026-01-01,2026-12-31,Approved,PKR,2026-08-01
POSITION-BUDGET-0721,2026,POS-705,Accounts Assistant,DEPARTMENT-002,Finance,COST-CENTER-FIN,Yes,Yes,Vacant,1.0,1069000,213800,85520,26725,19242,1414287,2026-01-01,2026-12-31,Approved,PKR,2026-08-01
POSITION-BUDGET-0722,2026,POS-706,Financial Analyst,DEPARTMENT-002,Finance,COST-CENTER-FIN,Yes,No,Vacant,1.0,0,0,0,0,0,0,2026-01-01,2026-12-31,Not Funded,PKR,2026-08-01
POSITION-BUDGET-0723,2026,POS-707,Senior Financial Analyst,DEPARTMENT-002,Finance,COST-CENTER-FIN,Yes,Yes,Vacant,1.0,3136000,627200,250880,78400,56447,4148927,2026-01-01,2026-12-31,Approved,PKR,2026-08-01
POSITION-BUDGET-0724,2026,POS-708,Sales Representative,DEPARTMENT-003,Sales,COST-CENTER-SAL,Yes,Yes,Vacant,1.0,1021000,204200,81680,25525,18378,1350783,2026-01-01,2026-12-31,Approved,PKR,2026-08-01
POSITION-BUDGET-0725,2026,POS-709,Account Executive,DEPARTMENT-003,Sales,COST-CENTER-SAL,Yes,Yes,Vacant,1.0,1837000,367400,146960,45925,33066,2430351,2026-01-01,2026-12-31,Approved,PKR,2026-08-01
POSITION-BUDGET-0726,2026,POS-710,Senior Account Manager,DEPARTMENT-003,Sales,COST-CENTER-SAL,Yes,Yes,Vacant,1.0,2994000,598800,239520,74850,53891,3961061,2026-01-01,2026-12-31,Approved,PKR,2026-08-01
POSITION-BUDGET-0727,2026,POS-711,Sales Representative,DEPARTMENT-003,Sales,COST-CENTER-SAL,Yes,Yes,Vacant,1.0,1021000,204200,81680,25525,18378,1350783,2026-01-01,2026-12-31,Approved,PKR,2026-08-01
POSITION-BUDGET-0728,2026,POS-712,Account Executive,DEPARTMENT-003,Sales,COST-CENTER-SAL,Yes,No,Vacant,1.0,0,0,0,0,0,0,2026-01-01,2026-12-31,Not Funded,PKR,2026-08-01
POSITION-BUDGET-0729,2026,POS-713,Sales Manager,DEPARTMENT-003,Sales,COST-CENTER-SAL,Yes,Yes,Vacant,1.0,4763000,952600,381040,119075,85734,6301449,2026-01-01,2026-12-31,Approved,PKR,2026-08-01
POSITION-BUDGET-0730,2026,POS-714,Sales Representative,DEPARTMENT-003,Sales,COST-CENTER-SAL,Yes,No,Frozen,1.0,0,0,0,0,0,0,2026-01-01,2026-12-31,Not Funded,PKR,2026-08-01
POSITION-BUDGET-0731,2026,POS-715,Customer Support Representative,DEPARTMENT-004,Customer Support,COST-CENTER-CS,Yes,Yes,Vacant,1.0,826000,165200,66080,25000,15000,1097280,2026-01-01,2026-12-31,Approved,PKR,2026-08-01
POSITION-BUDGET-0732,2026,POS-716,Customer Support Specialist,DEPARTMENT-004,Customer Support,COST-CENTER-CS,Yes,Yes,Vacant,1.0,1487000,297400,118960,37175,26765,1967300,2026-01-01,2026-12-31,Approved,PKR,2026-08-01
POSITION-BUDGET-0733,2026,POS-717,Senior Customer Support Specialist,DEPARTMENT-004,Customer Support,COST-CENTER-CS,Yes,Yes,Vacant,1.0,2424000,484800,193920,60600,43632,3206952,2026-01-01,2026-12-31,Approved,PKR,2026-08-01
POSITION-BUDGET-0734,2026,POS-718,Customer Support Representative,DEPARTMENT-004,Customer Support,COST-CENTER-CS,Yes,Yes,Vacant,1.0,826000,165200,66080,25000,15000,1097280,2026-01-01,2026-12-31,Approved,PKR,2026-08-01
POSITION-BUDGET-0735,2026,POS-719,Customer Support Specialist,DEPARTMENT-004,Customer Support,COST-CENTER-CS,Yes,No,Vacant,1.0,0,0,0,0,0,0,2026-01-01,2026-12-31,Not Funded,PKR,2026-08-01
POSITION-BUDGET-0736,2026,POS-720,Junior Software Engineer,DEPARTMENT-005,Engineering,COST-CENTER-ENG,Yes,Yes,Vacant,1.0,1215000,243000,97200,30375,21870,1607445,2026-01-01,2026-12-31,Approved,PKR,2026-08-01
POSITION-BUDGET-0737,2026,POS-721,Software Engineer,DEPARTMENT-005,Engineering,COST-CENTER-ENG,Yes,Yes,Vacant,1.0,2187000,437400,174960,54675,39366,2893401,2026-01-01,2026-12-31,Approved,PKR,2026-08-01
POSITION-BUDGET-0738,2026,POS-722,Senior Software Engineer,DEPARTMENT-005,Engineering,COST-CENTER-ENG,Yes,Yes,Vacant,1.0,3564000,712800,285120,89100,64151,4715171,2026-01-01,2026-12-31,Approved,PKR,2026-08-01
POSITION-BUDGET-0739,2026,POS-723,Junior Software Engineer,DEPARTMENT-005,Engineering,COST-CENTER-ENG,Yes,Yes,Vacant,1.0,1215000,243000,97200,30375,21870,1607445,2026-01-01,2026-12-31,Approved,PKR,2026-08-01
POSITION-BUDGET-0740,2026,POS-724,Software Engineer,DEPARTMENT-005,Engineering,COST-CENTER-ENG,Yes,No,Vacant,1.0,0,0,0,0,0,0,2026-01-01,2026-12-31,Not Funded,PKR,2026-08-01
POSITION-BUDGET-0741,2026,POS-725,Engineering Manager,DEPARTMENT-005,Engineering,COST-CENTER-ENG,Yes,Yes,Vacant,1.0,5670000,1134000,453600,141750,102059,7501409,2026-01-01,2026-12-31,Approved,PKR,2026-08-01
POSITION-BUDGET-0742,2026,POS-726,Junior Software Engineer,DEPARTMENT-005,Engineering,COST-CENTER-ENG,Yes,No,Frozen,1.0,0,0,0,0,0,0,2026-01-01,2026-12-31,Not Funded,PKR,2026-08-01
POSITION-BUDGET-0743,2026,POS-727,Software Engineer,DEPARTMENT-005,Engineering,COST-CENTER-ENG,Yes,No,Vacant,1.0,0,0,0,0,0,0,2026-01-01,2026-12-31,Not Funded,PKR,2026-08-01
POSITION-BUDGET-0744,2026,POS-728,Senior Software Engineer,DEPARTMENT-005,Engineering,COST-CENTER-ENG,Yes,Yes,Vacant,1.0,3564000,712800,285120,89100,64151,4715171,2026-01-01,2026-12-31,Approved,PKR,2026-08-01
POSITION-BUDGET-0745,2026,POS-729,Operations Assistant,DEPARTMENT-006,Operations,COST-CENTER-OPS,Yes,Yes,Vacant,1.0,875000,175000,70000,25000,15749,1160749,2026-01-01,2026-12-31,Approved,PKR,2026-08-01
POSITION-BUDGET-0746,2026,POS-730,Operations Officer,DEPARTMENT-006,Operations,COST-CENTER-OPS,Yes,Yes,Vacant,1.0,1575000,315000,126000,39375,28349,2083724,2026-01-01,2026-12-31,Approved,PKR,2026-08-01
POSITION-BUDGET-0747,2026,POS-731,Senior Operations Officer,DEPARTMENT-006,Operations,COST-CENTER-OPS,Yes,Yes,Vacant,1.0,2566000,513200,205280,64150,46188,3394818,2026-01-01,2026-12-31,Approved,PKR,2026-08-01
POSITION-BUDGET-0748,2026,POS-732,Operations Assistant,DEPARTMENT-006,Operations,COST-CENTER-OPS,Yes,No,Vacant,1.0,0,0,0,0,0,0,2026-01-01,2026-12-31,Not Funded,PKR,2026-08-01
POSITION-BUDGET-0749,2026,POS-733,Operations Officer,DEPARTMENT-006,Operations,COST-CENTER-OPS,Yes,No,Vacant,1.0,0,0,0,0,0,0,2026-01-01,2026-12-31,Not Funded,PKR,2026-08-01
POSITION-BUDGET-0750,2026,POS-734,Operations Manager,DEPARTMENT-006,Operations,COST-CENTER-OPS,Yes,Yes,Vacant,1.0,4082000,816400,326560,102050,73476,5400486,2026-01-01,2026-12-31,Approved,PKR,2026-08-01
POSITION-BUDGET-0751,2026,POS-735,IT Support Technician,DEPARTMENT-007,IT,COST-CENTER-IT,Yes,Yes,Vacant,1.0,1118000,223600,89440,27950,20124,1479114,2026-01-01,2026-12-31,Approved,PKR,2026-08-01
POSITION-BUDGET-0752,2026,POS-736,Systems Administrator,DEPARTMENT-007,IT,COST-CENTER-IT,Yes,Yes,Vacant,1.0,2012000,402400,160960,50300,36216,2661876,2026-01-01,2026-12-31,Approved,PKR,2026-08-01
POSITION-BUDGET-0753,2026,POS-737,Senior Systems Engineer,DEPARTMENT-007,IT,COST-CENTER-IT,Yes,Yes,Vacant,1.0,3279000,655800,262320,81975,59021,4338116,2026-01-01,2026-12-31,Approved,PKR,2026-08-01
POSITION-BUDGET-0754,2026,POS-738,IT Support Technician,DEPARTMENT-007,IT,COST-CENTER-IT,Yes,No,Vacant,1.0,0,0,0,0,0,0,2026-01-01,2026-12-31,Not Funded,PKR,2026-08-01
POSITION-BUDGET-0755,2026,POS-739,Junior Medical Officer,DEPARTMENT-008,Medical Care,COST-CENTER-MED,Yes,Yes,Vacant,1.0,1118000,223600,89440,27950,20124,1479114,2026-01-01,2026-12-31,Approved,PKR,2026-08-01
POSITION-BUDGET-0756,2026,POS-740,Medical Officer,DEPARTMENT-008,Medical Care,COST-CENTER-MED,Yes,Yes,Vacant,1.0,2012000,402400,160960,50300,36216,2661876,2026-01-01,2026-12-31,Approved,PKR,2026-08-01
POSITION-BUDGET-0757,2026,POS-741,Senior Medical Officer,DEPARTMENT-008,Medical Care,COST-CENTER-MED,Yes,Yes,Vacant,1.0,3279000,655800,262320,81975,59021,4338116,2026-01-01,2026-12-31,Approved,PKR,2026-08-01
POSITION-BUDGET-0758,2026,POS-742,Junior Medical Officer,DEPARTMENT-008,Medical Care,COST-CENTER-MED,Yes,Yes,Vacant,1.0,1118000,223600,89440,27950,20124,1479114,2026-01-01,2026-12-31,Approved,PKR,2026-08-01
POSITION-BUDGET-0759,2026,POS-743,Medical Officer,DEPARTMENT-008,Medical Care,COST-CENTER-MED,Yes,Yes,Vacant,1.0,2012000,402400,160960,50300,36216,2661876,2026-01-01,2026-12-31,Approved,PKR,2026-08-01
POSITION-BUDGET-0760,2026,POS-744,Medical Care Manager,DEPARTMENT-008,Medical Care,COST-CENTER-MED,Yes,Yes,Vacant,1.0,5216000,1043200,417280,130400,93888,6900768,2026-01-01,2026-12-31,Approved,PKR,2026-08-01
POSITION-BUDGET-0761,2026,POS-745,Junior Medical Officer,DEPARTMENT-008,Medical Care,COST-CENTER-MED,Yes,Yes,Frozen,1.0,1118000,223600,89440,27950,20124,1479114,2026-01-01,2026-12-31,Approved,PKR,2026-08-01
POSITION-BUDGET-0762,2026,POS-746,Medical Officer,DEPARTMENT-008,Medical Care,COST-CENTER-MED,Yes,No,Vacant,1.0,0,0,0,0,0,0,2026-01-01,2026-12-31,Not Funded,PKR,2026-08-01
POSITION-BUDGET-0763,2026,POS-747,Senior Medical Officer,DEPARTMENT-008,Medical Care,COST-CENTER-MED,Yes,No,Vacant,1.0,0,0,0,0,0,0,2026-01-01,2026-12-31,Not Funded,PKR,2026-08-01
POSITION-BUDGET-0764,2026,POS-748,Junior Medical Officer,DEPARTMENT-008,Medical Care,COST-CENTER-MED,Yes,No,Vacant,1.0,0,0,0,0,0,0,2026-01-01,2026-12-31,Not Funded,PKR,2026-08-01
POSITION-BUDGET-0765,2026,POS-749,Training Coordinator,DEPARTMENT-009,Training & Development,COST-CENTER-TRN,Yes,Yes,Vacant,1.0,923000,184600,73840,25000,16614,1223054,2026-01-01,2026-12-31,Approved,PKR,2026-08-01
POSITION-BUDGET-0766,2026,POS-750,Learning and Development Specialist,DEPARTMENT-009,Training & Development,COST-CENTER-TRN,Yes,Yes,Vacant,1.0,1662000,332400,132960,41550,29915,2198825,2026-01-01,2026-12-31,Approved,PKR,2026-08-01
POSITION-BUDGET-0767,2026,POS-751,Procurement Assistant,DEPARTMENT-012,Procurement & Supply Chain,COST-CENTER-PRC,Yes,Yes,Vacant,1.0,972000,194400,77760,25000,17496,1286656,2026-01-01,2026-12-31,Approved,PKR,2026-08-01
POSITION-BUDGET-0768,2026,POS-752,Procurement Officer,DEPARTMENT-012,Procurement & Supply Chain,COST-CENTER-PRC,Yes,No,Vacant,1.0,0,0,0,0,0,0,2026-01-01,2026-12-31,Not Funded,PKR,2026-08-01
POSITION-BUDGET-0769,2026,POS-753,Senior Procurement Specialist,DEPARTMENT-012,Procurement & Supply Chain,COST-CENTER-PRC,Yes,Yes,Vacant,1.0,2851000,570200,228080,71275,51317,3771872,2026-01-01,2026-12-31,Approved,PKR,2026-08-01
POSITION-BUDGET-0770,2026,POS-754,Warehouse Assistant,DEPARTMENT-013,Logistics & Warehouse,COST-CENTER-LOG,Yes,Yes,Vacant,1.0,855000,171000,68400,25000,15389,1134789,2026-01-01,2026-12-31,Approved,PKR,2026-08-01
POSITION-BUDGET-0771,2026,POS-755,Logistics Coordinator,DEPARTMENT-013,Logistics & Warehouse,COST-CENTER-LOG,Yes,Yes,Vacant,1.0,1540000,308000,123200,38500,27719,2037419,2026-01-01,2026-12-31,Approved,PKR,2026-08-01
POSITION-BUDGET-0772,2026,POS-756,Senior Logistics Officer,DEPARTMENT-013,Logistics & Warehouse,COST-CENTER-LOG,Yes,Yes,Vacant,1.0,2509000,501800,200720,62725,45162,3319407,2026-01-01,2026-12-31,Approved,PKR,2026-08-01
POSITION-BUDGET-0773,2026,POS-757,Warehouse Assistant,DEPARTMENT-013,Logistics & Warehouse,COST-CENTER-LOG,Yes,Yes,Vacant,1.0,855000,171000,68400,25000,15389,1134789,2026-01-01,2026-12-31,Approved,PKR,2026-08-01
POSITION-BUDGET-0774,2026,POS-758,Logistics Coordinator,DEPARTMENT-013,Logistics & Warehouse,COST-CENTER-LOG,Yes,No,Vacant,1.0,0,0,0,0,0,0,2026-01-01,2026-12-31,Not Funded,PKR,2026-08-01
POSITION-BUDGET-0775,2026,POS-759,Logistics Manager,DEPARTMENT-013,Logistics & Warehouse,COST-CENTER-LOG,Yes,Yes,Vacant,1.0,3992000,798400,319360,99800,71856,5281416,2026-01-01,2026-12-31,Approved,PKR,2026-08-01
POSITION-BUDGET-0776,2026,POS-760,Warehouse Assistant,DEPARTMENT-013,Logistics & Warehouse,COST-CENTER-LOG,Yes,No,Frozen,1.0,0,0,0,0,0,0,2026-01-01,2026-12-31,Not Funded,PKR,2026-08-01
POSITION-BUDGET-0777,2026,POS-761,Logistics Coordinator,DEPARTMENT-013,Logistics & Warehouse,COST-CENTER-LOG,Yes,No,Vacant,1.0,0,0,0,0,0,0,2026-01-01,2026-12-31,Not Funded,PKR,2026-08-01
POSITION-BUDGET-0778,2026,POS-762,Production Operator,DEPARTMENT-014,Production & Manufacturing,COST-CENTER-PRD,Yes,Yes,Vacant,1.0,875000,175000,70000,25000,15749,1160749,2026-01-01,2026-12-31,Approved,PKR,2026-08-01
POSITION-BUDGET-0779,2026,POS-763,Production Technician,DEPARTMENT-014,Production & Manufacturing,COST-CENTER-PRD,Yes,Yes,Vacant,1.0,1575000,315000,126000,39375,28349,2083724,2026-01-01,2026-12-31,Approved,PKR,2026-08-01
POSITION-BUDGET-0780,2026,POS-764,Senior Production Supervisor,DEPARTMENT-014,Production & Manufacturing,COST-CENTER-PRD,Yes,Yes,Vacant,1.0,2566000,513200,205280,64150,46188,3394818,2026-01-01,2026-12-31,Approved,PKR,2026-08-01
POSITION-BUDGET-0781,2026,POS-765,Production Operator,DEPARTMENT-014,Production & Manufacturing,COST-CENTER-PRD,Yes,Yes,Vacant,1.0,875000,175000,70000,25000,15749,1160749,2026-01-01,2026-12-31,Approved,PKR,2026-08-01
POSITION-BUDGET-0782,2026,POS-766,Production Technician,DEPARTMENT-014,Production & Manufacturing,COST-CENTER-PRD,Yes,Yes,Vacant,1.0,1575000,315000,126000,39375,28349,2083724,2026-01-01,2026-12-31,Approved,PKR,2026-08-01
POSITION-BUDGET-0783,2026,POS-767,Production Manager,DEPARTMENT-014,Production & Manufacturing,COST-CENTER-PRD,Yes,Yes,Vacant,1.0,4082000,816400,326560,102050,73476,5400486,2026-01-01,2026-12-31,Approved,PKR,2026-08-01
POSITION-BUDGET-0784,2026,POS-768,Production Operator,DEPARTMENT-014,Production & Manufacturing,COST-CENTER-PRD,Yes,Yes,Frozen,1.0,875000,175000,70000,25000,15749,1160749,2026-01-01,2026-12-31,Approved,PKR,2026-08-01
POSITION-BUDGET-0785,2026,POS-769,Production Technician,DEPARTMENT-014,Production & Manufacturing,COST-CENTER-PRD,Yes,No,Vacant,1.0,0,0,0,0,0,0,2026-01-01,2026-12-31,Not Funded,PKR,2026-08-01
POSITION-BUDGET-0786,2026,POS-770,Senior Production Supervisor,DEPARTMENT-014,Production & Manufacturing,COST-CENTER-PRD,Yes,No,Vacant,1.0,0,0,0,0,0,0,2026-01-01,2026-12-31,Not Funded,PKR,2026-08-01
POSITION-BUDGET-0787,2026,POS-771,Production Operator,DEPARTMENT-014,Production & Manufacturing,COST-CENTER-PRD,Yes,No,Vacant,1.0,0,0,0,0,0,0,2026-01-01,2026-12-31,Not Funded,PKR,2026-08-01
POSITION-BUDGET-0788,2026,POS-772,Production Technician,DEPARTMENT-014,Production & Manufacturing,COST-CENTER-PRD,Yes,No,Vacant,1.0,0,0,0,0,0,0,2026-01-01,2026-12-31,Not Funded,PKR,2026-08-01
POSITION-BUDGET-0789,2026,POS-773,Quality Inspector,DEPARTMENT-015,Quality Assurance,COST-CENTER-QAS,Yes,Yes,Vacant,1.0,972000,194400,77760,25000,17496,1286656,2026-01-01,2026-12-31,Approved,PKR,2026-08-01
POSITION-BUDGET-0790,2026,POS-774,Quality Analyst,DEPARTMENT-015,Quality Assurance,COST-CENTER-QAS,Yes,Yes,Vacant,1.0,1750000,350000,140000,43750,31499,2315249,2026-01-01,2026-12-31,Approved,PKR,2026-08-01
POSITION-BUDGET-0791,2026,POS-775,Senior Quality Engineer,DEPARTMENT-015,Quality Assurance,COST-CENTER-QAS,Yes,Yes,Vacant,1.0,2851000,570200,228080,71275,51317,3771872,2026-01-01,2026-12-31,Approved,PKR,2026-08-01
POSITION-BUDGET-0792,2026,POS-776,Quality Inspector,DEPARTMENT-015,Quality Assurance,COST-CENTER-QAS,Yes,Yes,Vacant,1.0,972000,194400,77760,25000,17496,1286656,2026-01-01,2026-12-31,Approved,PKR,2026-08-01
POSITION-BUDGET-0793,2026,POS-777,Quality Analyst,DEPARTMENT-015,Quality Assurance,COST-CENTER-QAS,Yes,No,Vacant,1.0,0,0,0,0,0,0,2026-01-01,2026-12-31,Not Funded,PKR,2026-08-01
POSITION-BUDGET-0794,2026,POS-778,Research Associate,DEPARTMENT-016,Research & Development,COST-CENTER-RND,Yes,Yes,Vacant,1.0,1166000,233200,93280,29150,20988,1542618,2026-01-01,2026-12-31,Approved,PKR,2026-08-01
POSITION-BUDGET-0795,2026,POS-779,Research Analyst,DEPARTMENT-016,Research & Development,COST-CENTER-RND,Yes,Yes,Vacant,1.0,2100000,420000,168000,52500,37800,2778300,2026-01-01,2026-12-31,Approved,PKR,2026-08-01
POSITION-BUDGET-0796,2026,POS-780,Senior Research Scientist,DEPARTMENT-016,Research & Development,COST-CENTER-RND,Yes,Yes,Vacant,1.0,3421000,684200,273680,85525,61577,4525982,2026-01-01,2026-12-31,Approved,PKR,2026-08-01
POSITION-BUDGET-0797,2026,POS-781,Research Associate,DEPARTMENT-016,Research & Development,COST-CENTER-RND,Yes,Yes,Vacant,1.0,1166000,233200,93280,29150,20988,1542618,2026-01-01,2026-12-31,Approved,PKR,2026-08-01
POSITION-BUDGET-0798,2026,POS-782,Research Analyst,DEPARTMENT-016,Research & Development,COST-CENTER-RND,Yes,No,Vacant,1.0,0,0,0,0,0,0,2026-01-01,2026-12-31,Not Funded,PKR,2026-08-01
POSITION-BUDGET-0799,2026,POS-783,Research and Development Manager,DEPARTMENT-016,Research & Development,COST-CENTER-RND,Yes,Yes,Vacant,1.0,5443000,1088600,435440,136075,97973,7201088,2026-01-01,2026-12-31,Approved,PKR,2026-08-01
POSITION-BUDGET-0800,2026,POS-784,Research Associate,DEPARTMENT-016,Research & Development,COST-CENTER-RND,Yes,No,Frozen,1.0,0,0,0,0,0,0,2026-01-01,2026-12-31,Not Funded,PKR,2026-08-01
