Position_ID,Position_Title,Designation,Department,Job_Level,Reporting_Position_ID,Reporting_Title,Employment_Type,Work_Mode_Requirement,Shift_Requirement,Position_Status,Vacancy_Planning_Status,Position_Criticality,Current_Employee_ID,Current_Employee_Name,Department_ID,Business_Unit,Organizational_Unit_ID,Work_Location_ID,Cost_Center_ID,Approved_Position,Budgeted_Position,Full_Time_Equivalent_Capacity,Annual_Salary_Budget,Annual_Benefits_Budget,Position_Approval_Date,Position_Effective_Start_Date,Position_Effective_End_Date,Vacancy_Start_Date,Position_Freeze_Status,Workforce_Plan_Year,Headcount_Inclusion_Category
POS-001,HR Manager,HR Manager,HR,Lead/Manager,EXEC-HR-HEAD,Head of HR,Permanent,Hybrid,Day,Filled,Prepare Replacement Pipeline,High,EMP001,Sonia Hassan,DEPARTMENT-001,Corporate Services,ORGANIZATIONAL-UNIT-HR,LOC-HQ,COST-CENTER-HR,Yes,Yes,1.0,4536000,907200,2024-02-01,2014-12-01,,,Not Frozen,2026,Regular Headcount
POS-002,Account Manager,Senior Sales Executive,Sales,Mid,POS-093,Senior Account Manager,Permanent,Onsite,Rotational,Filled,No Immediate Vacancy,Medium,EMP002,Bilal Aziz,DEPARTMENT-003,Commercial Services,ORGANIZATIONAL-UNIT-SAL-TEAM-03,LOC-NORTH,COST-CENTER-SAL,Yes,Yes,1.0,1837000,367400,2022-05-01,2023-07-01,,,Not Frozen,2026,Regular Headcount
POS-003,Financial Analyst,Financial Analyst,Finance,Mid,POS-030,Senior Financial Analyst,Permanent,Remote,Day,Filled,No Immediate Vacancy,Medium,EMP003,Kamran Ali,DEPARTMENT-002,Corporate Services,ORGANIZATIONAL-UNIT-FIN-TEAM-01,LOC-HQ,COST-CENTER-FIN,Yes,Yes,1.0,1925000,385000,2020-03-01,2025-06-01,,,Not Frozen,2026,Regular Headcount
POS-004,Financial Analyst,Financial Analyst,Finance,Mid,POS-030,Senior Financial Analyst,Permanent,Onsite,Day,Filled,Prepare Replacement Pipeline,Medium,EMP004,Ali Masood,DEPARTMENT-002,Corporate Services,ORGANIZATIONAL-UNIT-FIN-TEAM-02,LOC-HQ,COST-CENTER-FIN,Yes,Yes,1.0,1925000,385000,2022-09-01,2023-05-01,,,Not Frozen,2026,Regular Headcount
POS-005,Software Engineer I,Junior Software Engineer,Engineering,Junior,POS-133,Software Engineer II,Permanent,Remote,Day,Filled,Prepare Replacement Pipeline,Low,EMP005,Farhan Shah,DEPARTMENT-005,Technology and Innovation,ORGANIZATIONAL-UNIT-ENG-TEAM-03,LOC-HQ,COST-CENTER-ENG,Yes,Yes,1.0,1215000,243000,2023-02-01,2025-04-01,,,Not Frozen,2026,Regular Headcount
POS-006,Software Engineer II,Software Engineer,Engineering,Mid,POS-058,Senior Software Engineer,Permanent,Hybrid,Day,Filled,Prepare Replacement Pipeline,Medium,EMP006,Sehrish Tariq,DEPARTMENT-005,Technology and Innovation,ORGANIZATIONAL-UNIT-ENG-TEAM-01,LOC-HQ,COST-CENTER-ENG,Yes,Yes,1.0,2187000,437400,2023-01-01,2021-04-01,,,Not Frozen,2026,Regular Headcount
POS-007,Customer Support Representative,Support Executive,Customer Support,Junior,POS-027,Senior Support Executive,Contract,Onsite,Day,Filled,No Immediate Vacancy,Medium,EMP007,Sonia Ahmad,DEPARTMENT-004,Commercial Services,ORGANIZATIONAL-UNIT-CS-TEAM-02,LOC-CENTRAL,COST-CENTER-CS,Yes,Yes,1.0,826000,165200,2024-06-01,2023-10-01,,,Not Frozen,2026,Contract Headcount
POS-008,Finance Manager,Finance Manager,Finance,Lead/Manager,EXEC-FIN-HEAD,Head of Finance,Permanent,Onsite,Day,Filled,No Immediate Vacancy,High,EMP008,Iqra Bashir,DEPARTMENT-002,Corporate Services,ORGANIZATIONAL-UNIT-FIN,LOC-HQ,COST-CENTER-FIN,Yes,Yes,1.0,4990000,998000,2021-09-01,2014-07-01,,,Not Frozen,2026,Regular Headcount
POS-009,Customer Support Manager,Customer Support Manager,Customer Support,Lead/Manager,EXEC-CS-HEAD,Head of Customer Support,Permanent,Hybrid,Night,Filled,Prepare Replacement Pipeline,High,EMP009,Hassan Dar,DEPARTMENT-004,Commercial Services,ORGANIZATIONAL-UNIT-CS,LOC-CENTRAL,COST-CENTER-CS,Yes,Yes,1.0,3856000,771200,2020-07-01,2013-02-01,,,Not Frozen,2026,Regular Headcount
POS-010,Senior Software Engineer,Senior Software Engineer,Engineering,Senior,POS-129,Engineering Lead,Permanent,Hybrid,Day,Filled,No Immediate Vacancy,High,EMP010,Salman Shah,DEPARTMENT-005,Technology and Innovation,ORGANIZATIONAL-UNIT-ENG-TEAM-02,LOC-HQ,COST-CENTER-ENG,Yes,Yes,1.0,3564000,712800,2020-10-01,2022-06-01,,,Not Frozen,2026,Regular Headcount
POS-011,Sales Manager,Sales Manager,Sales,Lead/Manager,EXEC-SAL-HEAD,Head of Sales,Permanent,Onsite,Day,Filled,No Immediate Vacancy,High,EMP011,Khurram Iqbal,DEPARTMENT-003,Commercial Services,ORGANIZATIONAL-UNIT-SAL,LOC-NORTH,COST-CENTER-SAL,Yes,Yes,1.0,4763000,952600,2017-04-01,2011-08-01,,,Not Frozen,2026,Regular Headcount
POS-012,HR Manager,HR Manager,HR,Lead/Manager,EXEC-HR-HEAD,Head of HR,Permanent,Onsite,Rotational,Filled,Prepare Replacement Pipeline,High,EMP012,Danish Masood,DEPARTMENT-001,Corporate Services,ORGANIZATIONAL-UNIT-HR,LOC-HQ,COST-CENTER-HR,Yes,Yes,1.0,4536000,907200,2016-08-01,2018-02-01,,,Not Frozen,2026,Regular Headcount
POS-013,HR Generalist,HR Specialist,HR,Mid,POS-081,Senior HR Specialist,Permanent,Hybrid,Day,Filled,No Immediate Vacancy,Medium,EMP013,Anum Ahmad,DEPARTMENT-001,Corporate Services,ORGANIZATIONAL-UNIT-HR-TEAM-02,LOC-HQ,COST-CENTER-HR,Yes,Yes,1.0,1750000,350000,2020-01-01,2022-04-01,,,Not Frozen,2026,Regular Headcount
POS-014,Software Engineer II,Software Engineer,Engineering,Mid,POS-058,Senior Software Engineer,Permanent,Onsite,Day,Filled,No Immediate Vacancy,Medium,EMP014,Shahid Ali,DEPARTMENT-005,Technology and Innovation,ORGANIZATIONAL-UNIT-ENG-TEAM-03,LOC-HQ,COST-CENTER-ENG,Yes,Yes,1.0,2187000,437400,2024-05-01,2024-09-01,,,Not Frozen,2026,Regular Headcount
POS-015,Engineering Lead,Engineering Manager,Engineering,Lead/Manager,EXEC-ENG-HEAD,Head of Engineering,Permanent,Onsite,Day,Filled,No Immediate Vacancy,High,EMP015,Anum Rehman,DEPARTMENT-005,Technology and Innovation,ORGANIZATIONAL-UNIT-ENG,LOC-HQ,COST-CENTER-ENG,Yes,Yes,1.0,5670000,1134000,2022-02-01,2017-06-01,,,Not Frozen,2026,Regular Headcount
POS-016,Account Manager,Senior Sales Executive,Sales,Mid,POS-093,Senior Account Manager,Permanent,Hybrid,Rotational,Filled,Prepare Replacement Pipeline,Medium,EMP016,Khurram Gill,DEPARTMENT-003,Commercial Services,ORGANIZATIONAL-UNIT-SAL-TEAM-02,LOC-NORTH,COST-CENTER-SAL,Yes,Yes,1.0,1837000,367400,2019-09-01,2020-12-01,,,Not Frozen,2026,Regular Headcount
POS-017,Customer Support Representative,Support Executive,Customer Support,Junior,POS-027,Senior Support Executive,Permanent,Remote,Rotational,Filled,Prepare Replacement Pipeline,Medium,EMP017,Amir Haider,DEPARTMENT-004,Commercial Services,ORGANIZATIONAL-UNIT-CS-TEAM-03,LOC-CENTRAL,COST-CENTER-CS,Yes,Yes,1.0,826000,165200,2024-06-01,2024-10-01,,,Not Frozen,2026,Regular Headcount
POS-018,Software Engineer II,Software Engineer,Engineering,Mid,POS-058,Senior Software Engineer,Contract,Onsite,Day,Filled,Prepare Replacement Pipeline,Medium,EMP018,Sidra Tariq,DEPARTMENT-005,Technology and Innovation,ORGANIZATIONAL-UNIT-ENG-TEAM-01,LOC-HQ,COST-CENTER-ENG,Yes,Yes,1.0,2187000,437400,2023-09-01,2021-07-01,,,Not Frozen,2026,Contract Headcount
POS-019,Systems Administrator,IT Engineer,IT,Mid,POS-051,Senior Systems Engineer,Permanent,Onsite,Night,Filled,No Immediate Vacancy,Medium,EMP019,Hina Hussain,DEPARTMENT-007,Technology and Innovation,ORGANIZATIONAL-UNIT-IT-TEAM-02,LOC-HQ,COST-CENTER-IT,Yes,Yes,1.0,2012000,402400,2021-07-01,2025-05-01,,,Not Frozen,2026,Regular Headcount
POS-020,Customer Support Representative,Support Executive,Customer Support,Junior,POS-027,Senior Support Executive,Permanent,Onsite,Day,Filled,Prepare Replacement Pipeline,Medium,EMP020,Waqas Khan,DEPARTMENT-004,Commercial Services,ORGANIZATIONAL-UNIT-CS-TEAM-03,LOC-CENTRAL,COST-CENTER-CS,Yes,Yes,1.0,826000,165200,2023-03-01,2023-08-01,,,Not Frozen,2026,Regular Headcount
POS-021,Customer Support Representative,Support Executive,Customer Support,Junior,POS-027,Senior Support Executive,Permanent,Remote,Day,Filled,Prepare Replacement Pipeline,Medium,EMP021,Usman Khan,DEPARTMENT-004,Commercial Services,ORGANIZATIONAL-UNIT-CS-TEAM-01,LOC-CENTRAL,COST-CENTER-CS,Yes,Yes,1.0,826000,165200,2021-06-01,2023-08-01,,,Not Frozen,2026,Regular Headcount
POS-022,Account Manager,Senior Sales Executive,Sales,Mid,POS-093,Senior Account Manager,Permanent,Hybrid,Day,Filled,No Immediate Vacancy,Medium,EMP022,Laiba Raza,DEPARTMENT-003,Commercial Services,ORGANIZATIONAL-UNIT-SAL-TEAM-02,LOC-NORTH,COST-CENTER-SAL,Yes,Yes,1.0,1837000,367400,2024-04-01,2020-10-01,,,Not Frozen,2026,Regular Headcount
POS-023,Operations Officer,Operations Officer,Operations,Junior,POS-120,Operations Analyst,Permanent,Onsite,Day,Filled,Prepare Replacement Pipeline,Medium,EMP023,Fatima Masood,DEPARTMENT-006,Enterprise Operations,ORGANIZATIONAL-UNIT-OPS-TEAM-03,LOC-CENTRAL,COST-CENTER-OPS,Yes,Yes,1.0,875000,175000,2024-08-01,2025-02-01,,,Not Frozen,2026,Regular Headcount
POS-024,Systems Administrator,IT Engineer,IT,Mid,POS-051,Senior Systems Engineer,Permanent,Hybrid,Day,Filled,No Immediate Vacancy,Medium,EMP024,Fatima Arif,DEPARTMENT-007,Technology and Innovation,ORGANIZATIONAL-UNIT-IT-TEAM-01,LOC-HQ,COST-CENTER-IT,Yes,Yes,1.0,2012000,402400,2016-10-01,2020-12-01,,,Not Frozen,2026,Regular Headcount
POS-025,Financial Analyst,Financial Analyst,Finance,Mid,POS-030,Senior Financial Analyst,Permanent,Hybrid,Rotational,Filled,Prepare Replacement Pipeline,Medium,EMP025,Raza Mughal,DEPARTMENT-002,Corporate Services,ORGANIZATIONAL-UNIT-FIN-TEAM-02,LOC-HQ,COST-CENTER-FIN,Yes,Yes,1.0,1925000,385000,2019-11-01,2024-03-01,,,Not Frozen,2026,Regular Headcount
POS-026,Operations Manager,Operations Manager,Operations,Lead/Manager,EXEC-OPS-HEAD,Head of Operations,Permanent,Hybrid,Day,Filled,Prepare Replacement Pipeline,High,EMP026,Anum Qureshi,DEPARTMENT-006,Enterprise Operations,ORGANIZATIONAL-UNIT-OPS,LOC-CENTRAL,COST-CENTER-OPS,Yes,Yes,1.0,4082000,816400,2022-08-01,2014-09-01,,,Not Frozen,2026,Regular Headcount
POS-027,Senior Support Executive,Senior Support Executive,Customer Support,Mid,POS-072,Support Team Lead,Permanent,Onsite,Rotational,Filled,Prepare Replacement Pipeline,Medium,EMP027,Akbar Hassan,DEPARTMENT-004,Commercial Services,ORGANIZATIONAL-UNIT-CS-TEAM-01,LOC-CENTRAL,COST-CENTER-CS,Yes,Yes,1.0,1487000,297400,2020-06-01,2021-11-01,,,Not Frozen,2026,Regular Headcount
POS-028,Senior Account Manager,Senior Account Manager,Sales,Senior,POS-011,Sales Manager,Permanent,Onsite,Rotational,Filled,Prepare Replacement Pipeline,High,EMP028,Salman Aziz,DEPARTMENT-003,Commercial Services,ORGANIZATIONAL-UNIT-SAL-TEAM-02,LOC-NORTH,COST-CENTER-SAL,Yes,Yes,1.0,2994000,598800,2020-12-01,2023-04-01,,,Not Frozen,2026,Regular Headcount
POS-029,Software Engineer II,Software Engineer,Engineering,Mid,POS-058,Senior Software Engineer,Permanent,Hybrid,Rotational,Filled,Prepare Replacement Pipeline,Medium,EMP029,Ali Saleem,DEPARTMENT-005,Technology and Innovation,ORGANIZATIONAL-UNIT-ENG-TEAM-03,LOC-HQ,COST-CENTER-ENG,Yes,Yes,1.0,2187000,437400,2020-01-01,2021-10-01,,,Not Frozen,2026,Regular Headcount
POS-030,Senior Financial Analyst,Senior Financial Analyst,Finance,Senior,POS-008,Finance Manager,Permanent,Onsite,Day,Filled,No Immediate Vacancy,High,EMP030,Hamza Ahmad,DEPARTMENT-002,Corporate Services,ORGANIZATIONAL-UNIT-FIN-TEAM-01,LOC-HQ,COST-CENTER-FIN,Yes,Yes,1.0,3136000,627200,2023-03-01,2015-12-01,,,Not Frozen,2026,Regular Headcount
POS-031,Senior Software Engineer,Senior Software Engineer,Engineering,Senior,POS-129,Engineering Lead,Permanent,Onsite,Day,Filled,No Immediate Vacancy,High,EMP031,Sadia Haider,DEPARTMENT-005,Technology and Innovation,ORGANIZATIONAL-UNIT-ENG-TEAM-02,LOC-HQ,COST-CENTER-ENG,Yes,Yes,1.0,3564000,712800,2018-11-01,2022-08-01,,,Not Frozen,2026,Regular Headcount
POS-032,Sales Executive,Sales Executive,Sales,Junior,POS-022,Account Manager,Permanent,Onsite,Day,Filled,Prepare Replacement Pipeline,Low,EMP032,Laiba Mahmood,DEPARTMENT-003,Commercial Services,ORGANIZATIONAL-UNIT-SAL-TEAM-03,LOC-NORTH,COST-CENTER-SAL,Yes,Yes,1.0,1021000,204200,2019-11-01,2025-08-01,,,Not Frozen,2026,Regular Headcount
POS-033,IT Support Engineer,Junior IT Engineer,IT,Junior,POS-024,Systems Administrator,Permanent,Onsite,Day,Filled,Prepare Replacement Pipeline,Low,EMP033,Ali Chaudhry,DEPARTMENT-007,Technology and Innovation,ORGANIZATIONAL-UNIT-IT-TEAM-01,LOC-HQ,COST-CENTER-IT,Yes,Yes,1.0,1118000,223600,2018-02-01,2025-08-01,,,Not Frozen,2026,Regular Headcount
POS-034,Sales Executive,Sales Executive,Sales,Junior,POS-022,Account Manager,Permanent,Onsite,Rotational,Filled,No Immediate Vacancy,Low,EMP034,Nida Sheikh,DEPARTMENT-003,Commercial Services,ORGANIZATIONAL-UNIT-SAL-TEAM-02,LOC-NORTH,COST-CENTER-SAL,Yes,Yes,1.0,1021000,204200,2023-01-01,2023-10-01,,,Not Frozen,2026,Regular Headcount
POS-035,Software Engineer II,Software Engineer,Engineering,Mid,POS-058,Senior Software Engineer,Permanent,Hybrid,Day,Filled,No Immediate Vacancy,Medium,EMP035,Shahbaz Malik,DEPARTMENT-005,Technology and Innovation,ORGANIZATIONAL-UNIT-ENG-TEAM-03,LOC-HQ,COST-CENTER-ENG,Yes,Yes,1.0,2187000,437400,2018-01-01,2022-11-01,,,Not Frozen,2026,Regular Headcount
POS-036,Sales Executive,Sales Executive,Sales,Junior,POS-022,Account Manager,Contract,Onsite,Day,Filled,No Immediate Vacancy,Low,EMP036,Zoya Chaudhry,DEPARTMENT-003,Commercial Services,ORGANIZATIONAL-UNIT-SAL-TEAM-01,LOC-NORTH,COST-CENTER-SAL,Yes,Yes,1.0,1021000,204200,2016-12-01,2025-08-01,,,Not Frozen,2026,Contract Headcount
POS-037,Systems Administrator,IT Engineer,IT,Mid,POS-051,Senior Systems Engineer,Permanent,Hybrid,Day,Filled,No Immediate Vacancy,Medium,EMP037,Zara Mahmood,DEPARTMENT-007,Technology and Innovation,ORGANIZATIONAL-UNIT-IT-TEAM-02,LOC-HQ,COST-CENTER-IT,Yes,Yes,1.0,2012000,402400,2016-08-01,2022-10-01,,,Not Frozen,2026,Regular Headcount
POS-038,Senior Support Executive,Senior Support Executive,Customer Support,Mid,POS-072,Support Team Lead,Contract,Remote,Rotational,Filled,Prepare Replacement Pipeline,Medium,EMP038,Ali Mahmood,DEPARTMENT-004,Commercial Services,ORGANIZATIONAL-UNIT-CS-TEAM-03,LOC-CENTRAL,COST-CENTER-CS,Yes,Yes,1.0,1487000,297400,2022-05-01,2023-06-01,,,Not Frozen,2026,Contract Headcount
POS-039,Operations Officer,Operations Officer,Operations,Junior,POS-120,Operations Analyst,Permanent,Hybrid,Day,Filled,Prepare Replacement Pipeline,Medium,EMP039,Kamran Hussain,DEPARTMENT-006,Enterprise Operations,ORGANIZATIONAL-UNIT-OPS-TEAM-01,LOC-CENTRAL,COST-CENTER-OPS,Yes,Yes,1.0,875000,175000,2023-11-01,2025-08-01,,,Not Frozen,2026,Regular Headcount
POS-040,Customer Support Representative,Support Executive,Customer Support,Junior,POS-027,Senior Support Executive,Permanent,Onsite,Night,Filled,Prepare Replacement Pipeline,Medium,EMP040,Ahmad Sheikh,DEPARTMENT-004,Commercial Services,ORGANIZATIONAL-UNIT-CS-TEAM-02,LOC-CENTRAL,COST-CENTER-CS,Yes,Yes,1.0,826000,165200,2020-11-01,2023-08-01,,,Not Frozen,2026,Regular Headcount
POS-041,Operations Officer,Operations Officer,Operations,Junior,POS-120,Operations Analyst,Contract,Onsite,Rotational,Filled,Prepare Replacement Pipeline,Medium,EMP041,Omer Nawaz,DEPARTMENT-006,Enterprise Operations,ORGANIZATIONAL-UNIT-OPS-TEAM-03,LOC-CENTRAL,COST-CENTER-OPS,Yes,Yes,1.0,875000,175000,2021-11-01,2025-08-01,,,Not Frozen,2026,Contract Headcount
POS-042,Senior Support Executive,Senior Support Executive,Customer Support,Mid,POS-072,Support Team Lead,Permanent,Hybrid,Night,Filled,No Immediate Vacancy,Medium,EMP042,Amna Aslam,DEPARTMENT-004,Commercial Services,ORGANIZATIONAL-UNIT-CS-TEAM-01,LOC-CENTRAL,COST-CENTER-CS,Yes,Yes,1.0,1487000,297400,2018-11-01,2023-01-01,,,Not Frozen,2026,Regular Headcount
POS-043,Operations Analyst,Operations Specialist,Operations,Mid,POS-141,Operations Manager,Permanent,Onsite,Rotational,Filled,Prepare Replacement Pipeline,Medium,EMP043,Amir Javed,DEPARTMENT-006,Enterprise Operations,ORGANIZATIONAL-UNIT-OPS-TEAM-02,LOC-CENTRAL,COST-CENTER-OPS,Yes,Yes,1.0,1575000,315000,2023-01-01,2022-01-01,,,Not Frozen,2026,Regular Headcount
POS-044,Financial Analyst,Financial Analyst,Finance,Mid,POS-030,Senior Financial Analyst,Permanent,Onsite,Day,Filled,Prepare Replacement Pipeline,Medium,EMP044,Hafsa Khan,DEPARTMENT-002,Corporate Services,ORGANIZATIONAL-UNIT-FIN-TEAM-03,LOC-HQ,COST-CENTER-FIN,Yes,Yes,1.0,1925000,385000,2023-10-01,2023-08-01,,,Not Frozen,2026,Regular Headcount
POS-045,Operations Officer,Operations Officer,Operations,Junior,POS-120,Operations Analyst,Permanent,Onsite,Rotational,Filled,No Immediate Vacancy,Medium,EMP045,Saad Ahmad,DEPARTMENT-006,Enterprise Operations,ORGANIZATIONAL-UNIT-OPS-TEAM-01,LOC-CENTRAL,COST-CENTER-OPS,Yes,Yes,1.0,875000,175000,2016-09-01,2025-08-01,,,Not Frozen,2026,Regular Headcount
POS-046,Customer Support Representative,Support Executive,Customer Support,Junior,POS-027,Senior Support Executive,Permanent,Onsite,Day,Filled,Prepare Replacement Pipeline,Medium,EMP046,Salman Iqbal,DEPARTMENT-004,Commercial Services,ORGANIZATIONAL-UNIT-CS-TEAM-02,LOC-CENTRAL,COST-CENTER-CS,Yes,Yes,1.0,826000,165200,2020-05-01,2023-09-01,,,Not Frozen,2026,Regular Headcount
POS-047,Senior Financial Analyst,Senior Financial Analyst,Finance,Senior,POS-008,Finance Manager,Permanent,Onsite,Day,Filled,No Immediate Vacancy,High,EMP047,Mahnoor Iqbal,DEPARTMENT-002,Corporate Services,ORGANIZATIONAL-UNIT-FIN-TEAM-03,LOC-HQ,COST-CENTER-FIN,Yes,Yes,1.0,3136000,627200,2020-01-01,2018-05-01,,,Not Frozen,2026,Regular Headcount
POS-048,Operations Officer,Operations Officer,Operations,Junior,POS-120,Operations Analyst,Permanent,Hybrid,Rotational,Filled,Prepare Replacement Pipeline,Medium,EMP048,Sehrish Shah,DEPARTMENT-006,Enterprise Operations,ORGANIZATIONAL-UNIT-OPS-TEAM-01,LOC-CENTRAL,COST-CENTER-OPS,Yes,Yes,1.0,875000,175000,2021-02-01,2025-08-01,,,Not Frozen,2026,Regular Headcount
POS-049,Sales Executive,Sales Executive,Sales,Junior,POS-022,Account Manager,Permanent,Onsite,Rotational,Filled,Prepare Replacement Pipeline,Low,EMP049,Sara Aslam,DEPARTMENT-003,Commercial Services,ORGANIZATIONAL-UNIT-SAL-TEAM-02,LOC-NORTH,COST-CENTER-SAL,Yes,Yes,1.0,1021000,204200,2017-08-01,2024-09-01,,,Not Frozen,2026,Regular Headcount
POS-050,Finance Officer,Finance Officer,Finance,Junior,POS-161,Financial Analyst,Permanent,Hybrid,Day,Filled,No Immediate Vacancy,Low,EMP050,Mohsin Butt,DEPARTMENT-002,Corporate Services,ORGANIZATIONAL-UNIT-FIN-TEAM-03,LOC-HQ,COST-CENTER-FIN,Yes,Yes,1.0,1069000,213800,2020-03-01,2025-08-01,,,Not Frozen,2026,Regular Headcount
POS-051,Senior Systems Engineer,Senior IT Engineer,IT,Senior,POS-169,IT Operations Manager,Permanent,Remote,Day,Filled,No Immediate Vacancy,High,EMP051,Asad Ahmad,DEPARTMENT-007,Technology and Innovation,ORGANIZATIONAL-UNIT-IT-TEAM-01,LOC-HQ,COST-CENTER-IT,Yes,Yes,1.0,3279000,655800,2022-02-01,2016-06-01,,,Not Frozen,2026,Regular Headcount
POS-052,Customer Support Representative,Support Executive,Customer Support,Junior,POS-027,Senior Support Executive,Permanent,Hybrid,Day,Filled,Prepare Replacement Pipeline,Medium,EMP052,Raza Hassan,DEPARTMENT-004,Commercial Services,ORGANIZATIONAL-UNIT-CS-TEAM-02,LOC-CENTRAL,COST-CENTER-CS,Yes,Yes,1.0,826000,165200,2018-04-01,2023-08-01,,,Not Frozen,2026,Regular Headcount
POS-053,HR Officer,HR Officer,HR,Junior,POS-084,HR Generalist,Permanent,Onsite,Day,Filled,No Immediate Vacancy,Low,EMP053,Zeeshan Abbasi,DEPARTMENT-001,Corporate Services,ORGANIZATIONAL-UNIT-HR-TEAM-03,LOC-HQ,COST-CENTER-HR,Yes,Yes,1.0,972000,194400,2022-07-01,2023-10-01,,,Not Frozen,2026,Regular Headcount
POS-054,Software Engineer I,Junior Software Engineer,Engineering,Junior,POS-133,Software Engineer II,Permanent,Onsite,Day,Filled,Prepare Replacement Pipeline,Low,EMP054,Waqas Aslam,DEPARTMENT-005,Technology and Innovation,ORGANIZATIONAL-UNIT-ENG-TEAM-01,LOC-HQ,COST-CENTER-ENG,Yes,Yes,1.0,1215000,243000,2021-05-01,2025-08-01,,,Not Frozen,2026,Regular Headcount
POS-055,Software Engineer II,Software Engineer,Engineering,Mid,POS-058,Senior Software Engineer,Permanent,Onsite,Day,Filled,Prepare Replacement Pipeline,Medium,EMP055,Sadia Mahmood,DEPARTMENT-005,Technology and Innovation,ORGANIZATIONAL-UNIT-ENG-TEAM-02,LOC-HQ,COST-CENTER-ENG,Yes,Yes,1.0,2187000,437400,2016-11-01,2025-08-01,,,Not Frozen,2026,Regular Headcount
POS-056,Operations Analyst,Operations Specialist,Operations,Mid,POS-141,Operations Manager,Permanent,Onsite,Day,Filled,No Immediate Vacancy,Medium,EMP056,Saba Hassan,DEPARTMENT-006,Enterprise Operations,ORGANIZATIONAL-UNIT-OPS-TEAM-03,LOC-CENTRAL,COST-CENTER-OPS,Yes,Yes,1.0,1575000,315000,2022-01-01,2022-05-01,,,Not Frozen,2026,Regular Headcount
POS-057,IT Support Engineer,Junior IT Engineer,IT,Junior,POS-024,Systems Administrator,Permanent,Remote,Rotational,Filled,Prepare Replacement Pipeline,Low,EMP057,Raza Haider,DEPARTMENT-007,Technology and Innovation,ORGANIZATIONAL-UNIT-IT-TEAM-01,LOC-HQ,COST-CENTER-IT,Yes,Yes,1.0,1118000,223600,2022-10-01,2025-08-01,,,Not Frozen,2026,Regular Headcount
POS-058,Senior Software Engineer,Senior Software Engineer,Engineering,Senior,POS-129,Engineering Lead,Permanent,Onsite,Day,Filled,Prepare Replacement Pipeline,High,EMP058,Shahid Malik,DEPARTMENT-005,Technology and Innovation,ORGANIZATIONAL-UNIT-ENG-TEAM-02,LOC-HQ,COST-CENTER-ENG,Yes,Yes,1.0,3564000,712800,2018-12-01,2017-03-01,,,Not Frozen,2026,Regular Headcount
POS-059,Senior Account Manager,Senior Account Manager,Sales,Senior,POS-011,Sales Manager,Permanent,Onsite,Day,Filled,Prepare Replacement Pipeline,High,EMP059,Anum Masood,DEPARTMENT-003,Commercial Services,ORGANIZATIONAL-UNIT-SAL-TEAM-03,LOC-NORTH,COST-CENTER-SAL,Yes,Yes,1.0,2994000,598800,2016-09-01,2016-06-01,,,Not Frozen,2026,Regular Headcount
POS-060,Sales Executive,Sales Executive,Sales,Junior,POS-022,Account Manager,Permanent,Onsite,Rotational,Filled,Prepare Replacement Pipeline,Low,EMP060,Mohsin Yousaf,DEPARTMENT-003,Commercial Services,ORGANIZATIONAL-UNIT-SAL-TEAM-01,LOC-NORTH,COST-CENTER-SAL,Yes,Yes,1.0,1021000,204200,2022-07-01,2025-05-01,,,Not Frozen,2026,Regular Headcount
POS-061,Sales Executive,Sales Executive,Sales,Junior,POS-022,Account Manager,Permanent,Onsite,Day,Filled,No Immediate Vacancy,Low,EMP061,Asad Bashir,DEPARTMENT-003,Commercial Services,ORGANIZATIONAL-UNIT-SAL-TEAM-02,LOC-NORTH,COST-CENTER-SAL,Yes,Yes,1.0,1021000,204200,2024-04-01,2024-03-01,,,Not Frozen,2026,Regular Headcount
POS-062,Account Manager,Senior Sales Executive,Sales,Mid,POS-093,Senior Account Manager,Permanent,Hybrid,Day,Filled,No Immediate Vacancy,Medium,EMP062,Fahad Dar,DEPARTMENT-003,Commercial Services,ORGANIZATIONAL-UNIT-SAL-TEAM-03,LOC-NORTH,COST-CENTER-SAL,Yes,Yes,1.0,1837000,367400,2023-02-01,2023-06-01,,,Not Frozen,2026,Regular Headcount
POS-063,Sales Executive,Sales Executive,Sales,Junior,POS-022,Account Manager,Permanent,Hybrid,Rotational,Filled,Prepare Replacement Pipeline,Low,EMP063,Ahmad Tariq,DEPARTMENT-003,Commercial Services,ORGANIZATIONAL-UNIT-SAL-TEAM-01,LOC-NORTH,COST-CENTER-SAL,Yes,Yes,1.0,1021000,204200,2016-08-01,2025-02-01,,,Not Frozen,2026,Regular Headcount
POS-064,Sales Executive,Sales Executive,Sales,Junior,POS-022,Account Manager,Contract,Hybrid,Day,Filled,Prepare Replacement Pipeline,Low,EMP064,Hassan Sheikh,DEPARTMENT-003,Commercial Services,ORGANIZATIONAL-UNIT-SAL-TEAM-02,LOC-NORTH,COST-CENTER-SAL,Yes,Yes,1.0,1021000,204200,2019-06-01,2024-08-01,,,Not Frozen,2026,Contract Headcount
POS-065,Account Manager,Senior Sales Executive,Sales,Mid,POS-093,Senior Account Manager,Permanent,Onsite,Rotational,Filled,No Immediate Vacancy,Medium,EMP065,Amna Gill,DEPARTMENT-003,Commercial Services,ORGANIZATIONAL-UNIT-SAL-TEAM-03,LOC-NORTH,COST-CENTER-SAL,Yes,Yes,1.0,1837000,367400,2024-04-01,2025-03-01,,,Not Frozen,2026,Regular Headcount
POS-066,Senior HR Specialist,Senior HR Specialist,HR,Senior,POS-001,HR Manager,Permanent,Onsite,Day,Filled,No Immediate Vacancy,Medium,EMP066,Ali Gill,DEPARTMENT-001,Corporate Services,ORGANIZATIONAL-UNIT-HR-TEAM-01,LOC-HQ,COST-CENTER-HR,Yes,Yes,1.0,2851000,570200,2020-12-01,2020-03-01,,,Not Frozen,2026,Regular Headcount
POS-067,Operations Manager,Operations Manager,Operations,Lead/Manager,EXEC-OPS-HEAD,Head of Operations,Permanent,Onsite,Rotational,Filled,Prepare Replacement Pipeline,High,EMP067,Nida Hameed,DEPARTMENT-006,Enterprise Operations,ORGANIZATIONAL-UNIT-OPS,LOC-CENTRAL,COST-CENTER-OPS,Yes,Yes,1.0,4082000,816400,2020-08-01,2017-06-01,,,Not Frozen,2026,Regular Headcount
POS-068,Customer Support Manager,Customer Support Manager,Customer Support,Lead/Manager,EXEC-CS-HEAD,Head of Customer Support,Permanent,Onsite,Rotational,Filled,No Immediate Vacancy,High,EMP068,Sidra Hussain,DEPARTMENT-004,Commercial Services,ORGANIZATIONAL-UNIT-CS,LOC-CENTRAL,COST-CENTER-CS,Yes,Yes,1.0,3856000,771200,2017-06-01,2012-03-01,,,Not Frozen,2026,Regular Headcount
POS-069,Operations Officer,Operations Officer,Operations,Junior,POS-120,Operations Analyst,Contract,Hybrid,Night,Filled,No Immediate Vacancy,Medium,EMP069,Mehwish Hussain,DEPARTMENT-006,Enterprise Operations,ORGANIZATIONAL-UNIT-OPS-TEAM-01,LOC-CENTRAL,COST-CENTER-OPS,Yes,Yes,1.0,875000,175000,2017-03-01,2025-02-01,,,Not Frozen,2026,Contract Headcount
POS-070,Engineering Lead,Engineering Manager,Engineering,Lead/Manager,EXEC-ENG-HEAD,Head of Engineering,Permanent,Hybrid,Day,Filled,No Immediate Vacancy,High,EMP070,Bilal Saeed,DEPARTMENT-005,Technology and Innovation,ORGANIZATIONAL-UNIT-ENG,LOC-HQ,COST-CENTER-ENG,Yes,Yes,1.0,5670000,1134000,2023-06-01,2020-02-01,,,Not Frozen,2026,Regular Headcount
POS-071,Financial Analyst,Financial Analyst,Finance,Mid,POS-030,Senior Financial Analyst,Permanent,Hybrid,Day,Filled,Prepare Replacement Pipeline,Medium,EMP071,Eman Abbasi,DEPARTMENT-002,Corporate Services,ORGANIZATIONAL-UNIT-FIN-TEAM-03,LOC-HQ,COST-CENTER-FIN,Yes,Yes,1.0,1925000,385000,2022-04-01,2021-06-01,,,Not Frozen,2026,Regular Headcount
POS-072,Support Team Lead,Team Lead - Customer Support,Customer Support,Senior,POS-068,Customer Support Manager,Permanent,Hybrid,Day,Filled,No Immediate Vacancy,Medium,EMP072,Fahad Hassan,DEPARTMENT-004,Commercial Services,ORGANIZATIONAL-UNIT-CS-TEAM-01,LOC-CENTRAL,COST-CENTER-CS,Yes,Yes,1.0,2424000,484800,2023-07-01,2016-10-01,,,Not Frozen,2026,Regular Headcount
POS-073,Customer Support Representative,Support Executive,Customer Support,Junior,POS-027,Senior Support Executive,Permanent,Onsite,Day,Filled,Prepare Replacement Pipeline,Medium,EMP073,Ali Yousaf,DEPARTMENT-004,Commercial Services,ORGANIZATIONAL-UNIT-CS-TEAM-02,LOC-CENTRAL,COST-CENTER-CS,Yes,Yes,1.0,826000,165200,2017-10-01,2025-08-01,,,Not Frozen,2026,Regular Headcount
POS-074,Sales Executive,Sales Executive,Sales,Junior,POS-022,Account Manager,Permanent,Onsite,Day,Filled,Prepare Replacement Pipeline,Low,EMP074,Omer Hameed,DEPARTMENT-003,Commercial Services,ORGANIZATIONAL-UNIT-SAL-TEAM-03,LOC-NORTH,COST-CENTER-SAL,Yes,Yes,1.0,1021000,204200,2016-09-01,2024-04-01,,,Not Frozen,2026,Regular Headcount
POS-075,Operations Analyst,Operations Specialist,Operations,Mid,POS-141,Operations Manager,Permanent,Onsite,Day,Filled,No Immediate Vacancy,Medium,EMP075,Asad Raza,DEPARTMENT-006,Enterprise Operations,ORGANIZATIONAL-UNIT-OPS-TEAM-01,LOC-CENTRAL,COST-CENTER-OPS,Yes,Yes,1.0,1575000,315000,2018-04-01,2024-11-01,,,Not Frozen,2026,Regular Headcount
POS-076,Software Engineer II,Software Engineer,Engineering,Mid,POS-058,Senior Software Engineer,Permanent,Hybrid,Night,Filled,No Immediate Vacancy,Medium,EMP076,Fahad Shah,DEPARTMENT-005,Technology and Innovation,ORGANIZATIONAL-UNIT-ENG-TEAM-02,LOC-HQ,COST-CENTER-ENG,Yes,Yes,1.0,2187000,437400,2023-11-01,2021-09-01,,,Not Frozen,2026,Regular Headcount
POS-077,Support Team Lead,Team Lead - Customer Support,Customer Support,Senior,POS-068,Customer Support Manager,Permanent,Onsite,Day,Filled,No Immediate Vacancy,Medium,EMP077,Ahmad Awan,DEPARTMENT-004,Commercial Services,ORGANIZATIONAL-UNIT-CS-TEAM-03,LOC-CENTRAL,COST-CENTER-CS,Yes,Yes,1.0,2424000,484800,2016-09-01,2019-11-01,,,Not Frozen,2026,Regular Headcount
POS-078,Software Engineer II,Software Engineer,Engineering,Mid,POS-058,Senior Software Engineer,Permanent,Hybrid,Rotational,Filled,No Immediate Vacancy,Medium,EMP078,Ahmad Nawaz,DEPARTMENT-005,Technology and Innovation,ORGANIZATIONAL-UNIT-ENG-TEAM-01,LOC-HQ,COST-CENTER-ENG,Yes,Yes,1.0,2187000,437400,2017-09-01,2024-07-01,,,Not Frozen,2026,Regular Headcount
POS-079,Customer Support Representative,Support Executive,Customer Support,Junior,POS-027,Senior Support Executive,Permanent,Hybrid,Day,Filled,No Immediate Vacancy,Medium,EMP079,Hina Aslam,DEPARTMENT-004,Commercial Services,ORGANIZATIONAL-UNIT-CS-TEAM-02,LOC-CENTRAL,COST-CENTER-CS,Yes,Yes,1.0,826000,165200,2018-01-01,2025-08-01,,,Not Frozen,2026,Regular Headcount
POS-080,Engineering Lead,Engineering Manager,Engineering,Lead/Manager,EXEC-ENG-HEAD,Head of Engineering,Permanent,Hybrid,Day,Filled,No Immediate Vacancy,High,EMP080,Ali Mughal,DEPARTMENT-005,Technology and Innovation,ORGANIZATIONAL-UNIT-ENG,LOC-HQ,COST-CENTER-ENG,Yes,Yes,1.0,5670000,1134000,2023-10-01,2018-11-01,,,Not Frozen,2026,Regular Headcount
POS-081,Senior HR Specialist,Senior HR Specialist,HR,Senior,POS-001,HR Manager,Permanent,Onsite,Day,Filled,No Immediate Vacancy,Medium,EMP081,Sonia Arif,DEPARTMENT-001,Corporate Services,ORGANIZATIONAL-UNIT-HR-TEAM-01,LOC-HQ,COST-CENTER-HR,Yes,Yes,1.0,2851000,570200,2017-11-01,2017-07-01,,,Not Frozen,2026,Regular Headcount
POS-082,Software Engineer I,Junior Software Engineer,Engineering,Junior,POS-133,Software Engineer II,Permanent,Hybrid,Day,Filled,No Immediate Vacancy,Low,EMP082,Ali Dar,DEPARTMENT-005,Technology and Innovation,ORGANIZATIONAL-UNIT-ENG-TEAM-02,LOC-HQ,COST-CENTER-ENG,Yes,Yes,1.0,1215000,243000,2023-11-01,2025-08-01,,,Not Frozen,2026,Regular Headcount
POS-083,Customer Support Representative,Support Executive,Customer Support,Junior,POS-027,Senior Support Executive,Permanent,Onsite,Rotational,Filled,No Immediate Vacancy,Medium,EMP083,Raza Aziz,DEPARTMENT-004,Commercial Services,ORGANIZATIONAL-UNIT-CS-TEAM-03,LOC-CENTRAL,COST-CENTER-CS,Yes,Yes,1.0,826000,165200,2022-05-01,2024-05-01,,,Not Frozen,2026,Regular Headcount
POS-084,HR Generalist,HR Specialist,HR,Mid,POS-081,Senior HR Specialist,Permanent,Onsite,Rotational,Filled,Prepare Replacement Pipeline,Medium,EMP084,Zara Ullah,DEPARTMENT-001,Corporate Services,ORGANIZATIONAL-UNIT-HR-TEAM-01,LOC-HQ,COST-CENTER-HR,Yes,Yes,1.0,1750000,350000,2017-09-01,2022-03-01,,,Not Frozen,2026,Regular Headcount
POS-085,Senior HR Specialist,Senior HR Specialist,HR,Senior,POS-001,HR Manager,Permanent,Onsite,Day,Filled,No Immediate Vacancy,Medium,EMP085,Sara Yousaf,DEPARTMENT-001,Corporate Services,ORGANIZATIONAL-UNIT-HR-TEAM-02,LOC-HQ,COST-CENTER-HR,Yes,Yes,1.0,2851000,570200,2019-05-01,2019-08-01,,,Not Frozen,2026,Regular Headcount
POS-086,Operations Officer,Operations Officer,Operations,Junior,POS-120,Operations Analyst,Permanent,Onsite,Day,Filled,Prepare Replacement Pipeline,Medium,EMP086,Hina Tariq,DEPARTMENT-006,Enterprise Operations,ORGANIZATIONAL-UNIT-OPS-TEAM-03,LOC-CENTRAL,COST-CENTER-OPS,Yes,Yes,1.0,875000,175000,2021-11-01,2023-08-01,,,Not Frozen,2026,Regular Headcount
POS-087,HR Manager,HR Manager,HR,Lead/Manager,EXEC-HR-HEAD,Head of HR,Permanent,Onsite,Day,Filled,No Immediate Vacancy,High,EMP087,Kashif Hameed,DEPARTMENT-001,Corporate Services,ORGANIZATIONAL-UNIT-HR,LOC-HQ,COST-CENTER-HR,Yes,Yes,1.0,4536000,907200,2019-09-01,2017-08-01,,,Not Frozen,2026,Regular Headcount
POS-088,Operations Analyst,Operations Specialist,Operations,Mid,POS-141,Operations Manager,Permanent,Onsite,Day,Filled,No Immediate Vacancy,Medium,EMP088,Sana Mughal,DEPARTMENT-006,Enterprise Operations,ORGANIZATIONAL-UNIT-OPS-TEAM-02,LOC-CENTRAL,COST-CENTER-OPS,Yes,Yes,1.0,1575000,315000,2024-05-01,2022-05-01,,,Not Frozen,2026,Regular Headcount
POS-089,HR Officer,HR Officer,HR,Junior,POS-084,HR Generalist,Contract,Onsite,Day,Filled,Prepare Replacement Pipeline,Low,EMP089,Muneeb Haider,DEPARTMENT-001,Corporate Services,ORGANIZATIONAL-UNIT-HR-TEAM-03,LOC-HQ,COST-CENTER-HR,Yes,Yes,1.0,972000,194400,2018-12-01,2023-09-01,,,Not Frozen,2026,Contract Headcount
POS-090,Financial Analyst,Financial Analyst,Finance,Mid,POS-030,Senior Financial Analyst,Contract,Hybrid,Rotational,Filled,Prepare Replacement Pipeline,Medium,EMP090,Noman Ahmad,DEPARTMENT-002,Corporate Services,ORGANIZATIONAL-UNIT-FIN-TEAM-01,LOC-HQ,COST-CENTER-FIN,Yes,Yes,1.0,1925000,385000,2017-11-01,2023-12-01,,,Not Frozen,2026,Contract Headcount
POS-091,Senior Financial Analyst,Senior Financial Analyst,Finance,Senior,POS-008,Finance Manager,Permanent,Hybrid,Day,Filled,No Immediate Vacancy,High,EMP091,Nida Mughal,DEPARTMENT-002,Corporate Services,ORGANIZATIONAL-UNIT-FIN-TEAM-02,LOC-HQ,COST-CENTER-FIN,Yes,Yes,1.0,3136000,627200,2018-05-01,2022-11-01,,,Not Frozen,2026,Regular Headcount
POS-092,Senior Software Engineer,Senior Software Engineer,Engineering,Senior,POS-129,Engineering Lead,Permanent,Hybrid,Day,Filled,No Immediate Vacancy,High,EMP092,Mahnoor Ali,DEPARTMENT-005,Technology and Innovation,ORGANIZATIONAL-UNIT-ENG-TEAM-03,LOC-HQ,COST-CENTER-ENG,Yes,Yes,1.0,3564000,712800,2023-02-01,2023-02-01,,,Not Frozen,2026,Regular Headcount
POS-093,Senior Account Manager,Senior Account Manager,Sales,Senior,POS-011,Sales Manager,Permanent,Hybrid,Day,Filled,Prepare Replacement Pipeline,High,EMP093,Danish Siddiqui,DEPARTMENT-003,Commercial Services,ORGANIZATIONAL-UNIT-SAL-TEAM-01,LOC-NORTH,COST-CENTER-SAL,Yes,Yes,1.0,2994000,598800,2019-11-01,2015-10-01,,,Not Frozen,2026,Regular Headcount
POS-094,Senior Systems Engineer,Senior IT Engineer,IT,Senior,POS-169,IT Operations Manager,Permanent,Remote,Day,Filled,Prepare Replacement Pipeline,High,EMP094,Akbar Abbasi,DEPARTMENT-007,Technology and Innovation,ORGANIZATIONAL-UNIT-IT-TEAM-02,LOC-HQ,COST-CENTER-IT,Yes,Yes,1.0,3279000,655800,2024-01-01,2017-12-01,,,Not Frozen,2026,Regular Headcount
POS-095,IT Operations Manager,IT Manager,IT,Lead/Manager,EXEC-IT-HEAD,Head of IT,Permanent,Remote,Day,Filled,No Immediate Vacancy,High,EMP095,Haris Mahmood,DEPARTMENT-007,Technology and Innovation,ORGANIZATIONAL-UNIT-IT,LOC-HQ,COST-CENTER-IT,Yes,Yes,1.0,5216000,1043200,2017-04-01,2015-11-01,,,Not Frozen,2026,Regular Headcount
POS-096,Account Manager,Senior Sales Executive,Sales,Mid,POS-093,Senior Account Manager,Permanent,Hybrid,Rotational,Filled,Prepare Replacement Pipeline,Medium,EMP096,Ayesha Abbasi,DEPARTMENT-003,Commercial Services,ORGANIZATIONAL-UNIT-SAL-TEAM-01,LOC-NORTH,COST-CENTER-SAL,Yes,Yes,1.0,1837000,367400,2020-08-01,2025-06-01,,,Not Frozen,2026,Regular Headcount
POS-097,Sales Executive,Sales Executive,Sales,Junior,POS-022,Account Manager,Permanent,Onsite,Day,Filled,Prepare Replacement Pipeline,Low,EMP097,Sana Arif,DEPARTMENT-003,Commercial Services,ORGANIZATIONAL-UNIT-SAL-TEAM-02,LOC-NORTH,COST-CENTER-SAL,Yes,Yes,1.0,1021000,204200,2016-10-01,2025-08-01,,,Not Frozen,2026,Regular Headcount
POS-098,Senior Support Executive,Senior Support Executive,Customer Support,Mid,POS-072,Support Team Lead,Permanent,Hybrid,Rotational,Filled,Prepare Replacement Pipeline,Medium,EMP098,Sidra Zafar,DEPARTMENT-004,Commercial Services,ORGANIZATIONAL-UNIT-CS-TEAM-03,LOC-CENTRAL,COST-CENTER-CS,Yes,Yes,1.0,1487000,297400,2017-04-01,2025-08-01,,,Not Frozen,2026,Regular Headcount
POS-099,Financial Analyst,Financial Analyst,Finance,Mid,POS-030,Senior Financial Analyst,Permanent,Onsite,Day,Filled,No Immediate Vacancy,Medium,EMP099,Bilal Aslam,DEPARTMENT-002,Corporate Services,ORGANIZATIONAL-UNIT-FIN-TEAM-01,LOC-HQ,COST-CENTER-FIN,Yes,Yes,1.0,1925000,385000,2017-10-01,2024-01-01,,,Not Frozen,2026,Regular Headcount
POS-100,Senior Software Engineer,Senior Software Engineer,Engineering,Senior,POS-129,Engineering Lead,Permanent,Onsite,Day,Filled,No Immediate Vacancy,High,EMP100,Rabia Javed,DEPARTMENT-005,Technology and Innovation,ORGANIZATIONAL-UNIT-ENG-TEAM-02,LOC-HQ,COST-CENTER-ENG,Yes,Yes,1.0,3564000,712800,2018-01-01,2018-10-01,,,Not Frozen,2026,Regular Headcount
POS-101,Systems Administrator,IT Engineer,IT,Mid,POS-051,Senior Systems Engineer,Permanent,Hybrid,Day,Filled,Prepare Replacement Pipeline,Medium,EMP101,Talha Dar,DEPARTMENT-007,Technology and Innovation,ORGANIZATIONAL-UNIT-IT-TEAM-03,LOC-HQ,COST-CENTER-IT,Yes,Yes,1.0,2012000,402400,2017-10-01,2023-01-01,,,Not Frozen,2026,Regular Headcount
POS-102,Sales Executive,Sales Executive,Sales,Junior,POS-022,Account Manager,Permanent,Onsite,Day,Filled,No Immediate Vacancy,Low,EMP102,Akbar Gill,DEPARTMENT-003,Commercial Services,ORGANIZATIONAL-UNIT-SAL-TEAM-01,LOC-NORTH,COST-CENTER-SAL,Yes,Yes,1.0,1021000,204200,2019-08-01,2023-08-01,,,Not Frozen,2026,Regular Headcount
POS-103,Customer Support Representative,Support Executive,Customer Support,Junior,POS-027,Senior Support Executive,Permanent,Onsite,Day,Filled,No Immediate Vacancy,Medium,EMP103,Noor Masood,DEPARTMENT-004,Commercial Services,ORGANIZATIONAL-UNIT-CS-TEAM-02,LOC-CENTRAL,COST-CENTER-CS,Yes,Yes,1.0,826000,165200,2019-02-01,2025-03-01,,,Not Frozen,2026,Regular Headcount
POS-104,Senior Systems Engineer,Senior IT Engineer,IT,Senior,POS-169,IT Operations Manager,Permanent,Onsite,Rotational,Filled,Prepare Replacement Pipeline,High,EMP104,Rabia Ali,DEPARTMENT-007,Technology and Innovation,ORGANIZATIONAL-UNIT-IT-TEAM-03,LOC-HQ,COST-CENTER-IT,Yes,Yes,1.0,3279000,655800,2022-07-01,2019-12-01,,,Not Frozen,2026,Regular Headcount
POS-105,Sales Manager,Sales Manager,Sales,Lead/Manager,EXEC-SAL-HEAD,Head of Sales,Permanent,Remote,Day,Filled,No Immediate Vacancy,High,EMP105,Areeba Raza,DEPARTMENT-003,Commercial Services,ORGANIZATIONAL-UNIT-SAL,LOC-NORTH,COST-CENTER-SAL,Yes,Yes,1.0,4763000,952600,2023-03-01,2011-09-01,,,Not Frozen,2026,Regular Headcount
POS-106,Senior HR Specialist,Senior HR Specialist,HR,Senior,POS-001,HR Manager,Permanent,Hybrid,Day,Filled,No Immediate Vacancy,Medium,EMP106,Hina Saleem,DEPARTMENT-001,Corporate Services,ORGANIZATIONAL-UNIT-HR-TEAM-02,LOC-HQ,COST-CENTER-HR,Yes,Yes,1.0,2851000,570200,2020-10-01,2021-02-01,,,Not Frozen,2026,Regular Headcount
POS-107,Software Engineer II,Software Engineer,Engineering,Mid,POS-058,Senior Software Engineer,Permanent,Hybrid,Day,Filled,Prepare Replacement Pipeline,Medium,EMP107,Zoya Mahmood,DEPARTMENT-005,Technology and Innovation,ORGANIZATIONAL-UNIT-ENG-TEAM-03,LOC-HQ,COST-CENTER-ENG,Yes,Yes,1.0,2187000,437400,2021-01-01,2023-07-01,,,Not Frozen,2026,Regular Headcount
POS-108,HR Generalist,HR Specialist,HR,Mid,POS-081,Senior HR Specialist,Permanent,Hybrid,Day,Filled,Prepare Replacement Pipeline,Medium,EMP108,Ayesha Ahmad,DEPARTMENT-001,Corporate Services,ORGANIZATIONAL-UNIT-HR-TEAM-01,LOC-HQ,COST-CENTER-HR,Yes,Yes,1.0,1750000,350000,2024-05-01,2024-02-01,,,Not Frozen,2026,Regular Headcount
POS-109,Sales Executive,Sales Executive,Sales,Junior,POS-022,Account Manager,Permanent,Hybrid,Rotational,Filled,Prepare Replacement Pipeline,Low,EMP109,Ali Farooq,DEPARTMENT-003,Commercial Services,ORGANIZATIONAL-UNIT-SAL-TEAM-02,LOC-NORTH,COST-CENTER-SAL,Yes,Yes,1.0,1021000,204200,2023-12-01,2025-06-01,,,Not Frozen,2026,Regular Headcount
POS-110,IT Support Engineer,Junior IT Engineer,IT,Junior,POS-024,Systems Administrator,Permanent,Onsite,Day,Filled,No Immediate Vacancy,Low,EMP110,Arslan Masood,DEPARTMENT-007,Technology and Innovation,ORGANIZATIONAL-UNIT-IT-TEAM-03,LOC-HQ,COST-CENTER-IT,Yes,Yes,1.0,1118000,223600,2022-04-01,2025-08-01,,,Not Frozen,2026,Regular Headcount
POS-111,Account Manager,Senior Sales Executive,Sales,Mid,POS-093,Senior Account Manager,Permanent,Remote,Day,Filled,No Immediate Vacancy,Medium,EMP111,Sadia Bashir,DEPARTMENT-003,Commercial Services,ORGANIZATIONAL-UNIT-SAL-TEAM-01,LOC-NORTH,COST-CENTER-SAL,Yes,Yes,1.0,1837000,367400,2019-02-01,2022-01-01,,,Not Frozen,2026,Regular Headcount
POS-112,Sales Executive,Sales Executive,Sales,Junior,POS-022,Account Manager,Permanent,Hybrid,Day,Filled,No Immediate Vacancy,Low,EMP112,Sara Javed,DEPARTMENT-003,Commercial Services,ORGANIZATIONAL-UNIT-SAL-TEAM-02,LOC-NORTH,COST-CENTER-SAL,Yes,Yes,1.0,1021000,204200,2017-06-01,2025-08-01,,,Not Frozen,2026,Regular Headcount
POS-113,IT Support Engineer,Junior IT Engineer,IT,Junior,POS-024,Systems Administrator,Contract,Hybrid,Rotational,Filled,No Immediate Vacancy,Low,EMP113,Shahbaz Gill,DEPARTMENT-007,Technology and Innovation,ORGANIZATIONAL-UNIT-IT-TEAM-03,LOC-HQ,COST-CENTER-IT,Yes,Yes,1.0,1118000,223600,2021-10-01,2025-04-01,,,Not Frozen,2026,Contract Headcount
POS-114,HR Generalist,HR Specialist,HR,Mid,POS-081,Senior HR Specialist,Permanent,Hybrid,Rotational,Filled,Prepare Replacement Pipeline,Medium,EMP114,Hamza Hussain,DEPARTMENT-001,Corporate Services,ORGANIZATIONAL-UNIT-HR-TEAM-01,LOC-HQ,COST-CENTER-HR,Yes,Yes,1.0,1750000,350000,2017-04-01,2022-12-01,,,Not Frozen,2026,Regular Headcount
POS-115,Software Engineer II,Software Engineer,Engineering,Mid,POS-058,Senior Software Engineer,Permanent,Hybrid,Day,Filled,Prepare Replacement Pipeline,Medium,EMP115,Hafsa Abbasi,DEPARTMENT-005,Technology and Innovation,ORGANIZATIONAL-UNIT-ENG-TEAM-02,LOC-HQ,COST-CENTER-ENG,Yes,Yes,1.0,2187000,437400,2021-02-01,2025-08-01,,,Not Frozen,2026,Regular Headcount
POS-116,Software Engineer I,Junior Software Engineer,Engineering,Junior,POS-133,Software Engineer II,Permanent,Hybrid,Night,Filled,No Immediate Vacancy,Low,EMP116,Ali Abbasi,DEPARTMENT-005,Technology and Innovation,ORGANIZATIONAL-UNIT-ENG-TEAM-03,LOC-HQ,COST-CENTER-ENG,Yes,Yes,1.0,1215000,243000,2023-06-01,2025-02-01,,,Not Frozen,2026,Regular Headcount
POS-117,Software Engineer I,Junior Software Engineer,Engineering,Junior,POS-133,Software Engineer II,Permanent,Onsite,Day,Filled,No Immediate Vacancy,Low,EMP117,Saad Ullah,DEPARTMENT-005,Technology and Innovation,ORGANIZATIONAL-UNIT-ENG-TEAM-01,LOC-HQ,COST-CENTER-ENG,Yes,Yes,1.0,1215000,243000,2018-01-01,2023-08-01,,,Not Frozen,2026,Regular Headcount
POS-118,Senior Support Executive,Senior Support Executive,Customer Support,Mid,POS-072,Support Team Lead,Permanent,Onsite,Rotational,Filled,No Immediate Vacancy,Medium,EMP118,Zoya Ali,DEPARTMENT-004,Commercial Services,ORGANIZATIONAL-UNIT-CS-TEAM-02,LOC-CENTRAL,COST-CENTER-CS,Yes,Yes,1.0,1487000,297400,2018-12-01,2024-12-01,,,Not Frozen,2026,Regular Headcount
POS-119,Support Team Lead,Team Lead - Customer Support,Customer Support,Senior,POS-068,Customer Support Manager,Permanent,Hybrid,Night,Filled,Prepare Replacement Pipeline,Medium,EMP119,Ayesha Nawaz,DEPARTMENT-004,Commercial Services,ORGANIZATIONAL-UNIT-CS-TEAM-03,LOC-CENTRAL,COST-CENTER-CS,Yes,Yes,1.0,2424000,484800,2020-02-01,2018-01-01,,,Not Frozen,2026,Regular Headcount
POS-120,Operations Analyst,Operations Specialist,Operations,Mid,POS-141,Operations Manager,Permanent,Remote,Night,Filled,No Immediate Vacancy,Medium,EMP120,Ahmad Aziz,DEPARTMENT-006,Enterprise Operations,ORGANIZATIONAL-UNIT-OPS-TEAM-01,LOC-CENTRAL,COST-CENTER-OPS,Yes,Yes,1.0,1575000,315000,2019-06-01,2021-04-01,,,Not Frozen,2026,Regular Headcount
POS-121,Operations Officer,Operations Officer,Operations,Junior,POS-120,Operations Analyst,Permanent,Onsite,Day,Filled,Prepare Replacement Pipeline,Medium,EMP121,Mehwish Tariq,DEPARTMENT-006,Enterprise Operations,ORGANIZATIONAL-UNIT-OPS-TEAM-02,LOC-CENTRAL,COST-CENTER-OPS,Yes,Yes,1.0,875000,175000,2018-05-01,2023-08-01,,,Not Frozen,2026,Regular Headcount
POS-122,Operations Officer,Operations Officer,Operations,Junior,POS-120,Operations Analyst,Permanent,Hybrid,Day,Filled,Prepare Replacement Pipeline,Medium,EMP122,Hafsa Ullah,DEPARTMENT-006,Enterprise Operations,ORGANIZATIONAL-UNIT-OPS-TEAM-03,LOC-CENTRAL,COST-CENTER-OPS,Yes,Yes,1.0,875000,175000,2017-07-01,2025-08-01,,,Not Frozen,2026,Regular Headcount
POS-123,Senior Financial Analyst,Senior Financial Analyst,Finance,Senior,POS-008,Finance Manager,Permanent,Onsite,Day,Filled,Prepare Replacement Pipeline,High,EMP123,Sehrish Ullah,DEPARTMENT-002,Corporate Services,ORGANIZATIONAL-UNIT-FIN-TEAM-01,LOC-HQ,COST-CENTER-FIN,Yes,Yes,1.0,3136000,627200,2018-10-01,2021-09-01,,,Not Frozen,2026,Regular Headcount
POS-124,Account Manager,Senior Sales Executive,Sales,Mid,POS-093,Senior Account Manager,Permanent,Hybrid,Day,Filled,Prepare Replacement Pipeline,Medium,EMP124,Fahad Javed,DEPARTMENT-003,Commercial Services,ORGANIZATIONAL-UNIT-SAL-TEAM-02,LOC-NORTH,COST-CENTER-SAL,Yes,Yes,1.0,1837000,367400,2021-09-01,2023-08-01,,,Not Frozen,2026,Regular Headcount
POS-125,Senior Account Manager,Senior Account Manager,Sales,Senior,POS-011,Sales Manager,Permanent,Onsite,Day,Filled,No Immediate Vacancy,High,EMP125,Fatima Zafar,DEPARTMENT-003,Commercial Services,ORGANIZATIONAL-UNIT-SAL-TEAM-03,LOC-NORTH,COST-CENTER-SAL,Yes,Yes,1.0,2994000,598800,2023-05-01,2016-04-01,,,Not Frozen,2026,Regular Headcount
POS-126,Support Team Lead,Team Lead - Customer Support,Customer Support,Senior,POS-068,Customer Support Manager,Permanent,Hybrid,Rotational,Filled,Prepare Replacement Pipeline,Medium,EMP126,Laiba Sheikh,DEPARTMENT-004,Commercial Services,ORGANIZATIONAL-UNIT-CS-TEAM-01,LOC-CENTRAL,COST-CENTER-CS,Yes,Yes,1.0,2424000,484800,2023-05-01,2023-04-01,,,Not Frozen,2026,Regular Headcount
POS-127,HR Generalist,HR Specialist,HR,Mid,POS-081,Senior HR Specialist,Permanent,Hybrid,Day,Filled,No Immediate Vacancy,Medium,EMP127,Khurram Yousaf,DEPARTMENT-001,Corporate Services,ORGANIZATIONAL-UNIT-HR-TEAM-02,LOC-HQ,COST-CENTER-HR,Yes,Yes,1.0,1750000,350000,2021-03-01,2025-07-01,,,Not Frozen,2026,Regular Headcount
POS-128,Customer Support Manager,Customer Support Manager,Customer Support,Lead/Manager,EXEC-CS-HEAD,Head of Customer Support,Permanent,Hybrid,Rotational,Filled,No Immediate Vacancy,High,EMP128,Zoya Farooq,DEPARTMENT-004,Commercial Services,ORGANIZATIONAL-UNIT-CS,LOC-CENTRAL,COST-CENTER-CS,Yes,Yes,1.0,3856000,771200,2017-04-01,2016-08-01,,,Not Frozen,2026,Regular Headcount
POS-129,Engineering Lead,Engineering Manager,Engineering,Lead/Manager,EXEC-ENG-HEAD,Head of Engineering,Permanent,Hybrid,Day,Filled,No Immediate Vacancy,High,EMP129,Danish Dar,DEPARTMENT-005,Technology and Innovation,ORGANIZATIONAL-UNIT-ENG,LOC-HQ,COST-CENTER-ENG,Yes,Yes,1.0,5670000,1134000,2021-03-01,2012-11-01,,,Not Frozen,2026,Regular Headcount
POS-130,Senior HR Specialist,Senior HR Specialist,HR,Senior,POS-001,HR Manager,Permanent,Onsite,Day,Filled,No Immediate Vacancy,Medium,EMP130,Waqas Siddiqui,DEPARTMENT-001,Corporate Services,ORGANIZATIONAL-UNIT-HR-TEAM-02,LOC-HQ,COST-CENTER-HR,Yes,Yes,1.0,2851000,570200,2020-01-01,2017-08-01,,,Not Frozen,2026,Regular Headcount
POS-131,Systems Administrator,IT Engineer,IT,Mid,POS-051,Senior Systems Engineer,Permanent,Remote,Day,Filled,Prepare Replacement Pipeline,Medium,EMP131,Ahmad Yousaf,DEPARTMENT-007,Technology and Innovation,ORGANIZATIONAL-UNIT-IT-TEAM-03,LOC-HQ,COST-CENTER-IT,Yes,Yes,1.0,2012000,402400,2023-01-01,2023-05-01,,,Not Frozen,2026,Regular Headcount
POS-132,IT Support Engineer,Junior IT Engineer,IT,Junior,POS-024,Systems Administrator,Permanent,Hybrid,Rotational,Filled,No Immediate Vacancy,Low,EMP132,Arham Qureshi,DEPARTMENT-007,Technology and Innovation,ORGANIZATIONAL-UNIT-IT-TEAM-01,LOC-HQ,COST-CENTER-IT,Yes,Yes,1.0,1118000,223600,2022-10-01,2025-08-01,,,Not Frozen,2026,Regular Headcount
POS-133,Software Engineer II,Software Engineer,Engineering,Mid,POS-058,Senior Software Engineer,Permanent,Hybrid,Day,Filled,Prepare Replacement Pipeline,Medium,EMP133,Usman Raza,DEPARTMENT-005,Technology and Innovation,ORGANIZATIONAL-UNIT-ENG-TEAM-02,LOC-HQ,COST-CENTER-ENG,Yes,Yes,1.0,2187000,437400,2024-08-01,2020-08-01,,,Not Frozen,2026,Regular Headcount
POS-134,Systems Administrator,IT Engineer,IT,Mid,POS-051,Senior Systems Engineer,Permanent,Onsite,Day,Filled,Prepare Replacement Pipeline,Medium,EMP134,Talha Awan,DEPARTMENT-007,Technology and Innovation,ORGANIZATIONAL-UNIT-IT-TEAM-03,LOC-HQ,COST-CENTER-IT,Yes,Yes,1.0,2012000,402400,2019-08-01,2022-12-01,,,Not Frozen,2026,Regular Headcount
POS-135,Senior Support Executive,Senior Support Executive,Customer Support,Mid,POS-072,Support Team Lead,Permanent,Hybrid,Day,Filled,No Immediate Vacancy,Medium,EMP135,Eman Butt,DEPARTMENT-004,Commercial Services,ORGANIZATIONAL-UNIT-CS-TEAM-01,LOC-CENTRAL,COST-CENTER-CS,Yes,Yes,1.0,1487000,297400,2019-04-01,2022-10-01,,,Not Frozen,2026,Regular Headcount
POS-136,HR Generalist,HR Specialist,HR,Mid,POS-081,Senior HR Specialist,Permanent,Remote,Night,Filled,Prepare Replacement Pipeline,Medium,EMP136,Fatima Saleem,DEPARTMENT-001,Corporate Services,ORGANIZATIONAL-UNIT-HR-TEAM-02,LOC-HQ,COST-CENTER-HR,Yes,Yes,1.0,1750000,350000,2023-01-01,2023-08-01,,,Not Frozen,2026,Regular Headcount
POS-137,Customer Support Representative,Support Executive,Customer Support,Junior,POS-027,Senior Support Executive,Permanent,Hybrid,Rotational,Filled,Prepare Replacement Pipeline,Medium,EMP137,Areeba Farooq,DEPARTMENT-004,Commercial Services,ORGANIZATIONAL-UNIT-CS-TEAM-03,LOC-CENTRAL,COST-CENTER-CS,Yes,Yes,1.0,826000,165200,2023-06-01,2023-12-01,,,Not Frozen,2026,Regular Headcount
POS-138,Software Engineer II,Software Engineer,Engineering,Mid,POS-058,Senior Software Engineer,Permanent,Hybrid,Day,Filled,Prepare Replacement Pipeline,Medium,EMP138,Amir Saleem,DEPARTMENT-005,Technology and Innovation,ORGANIZATIONAL-UNIT-ENG-TEAM-01,LOC-HQ,COST-CENTER-ENG,Yes,Yes,1.0,2187000,437400,2021-12-01,2025-02-01,,,Not Frozen,2026,Regular Headcount
POS-139,Operations Officer,Operations Officer,Operations,Junior,POS-120,Operations Analyst,Contract,Onsite,Day,Filled,Prepare Replacement Pipeline,Medium,EMP139,Iqra Saeed,DEPARTMENT-006,Enterprise Operations,ORGANIZATIONAL-UNIT-OPS-TEAM-02,LOC-CENTRAL,COST-CENTER-OPS,Yes,Yes,1.0,875000,175000,2019-09-01,2023-10-01,,,Not Frozen,2026,Contract Headcount
POS-140,Senior Financial Analyst,Senior Financial Analyst,Finance,Senior,POS-008,Finance Manager,Permanent,Hybrid,Day,Filled,No Immediate Vacancy,High,EMP140,Noman Rehman,DEPARTMENT-002,Corporate Services,ORGANIZATIONAL-UNIT-FIN-TEAM-03,LOC-HQ,COST-CENTER-FIN,Yes,Yes,1.0,3136000,627200,2019-03-01,2015-12-01,,,Not Frozen,2026,Regular Headcount
POS-141,Operations Manager,Operations Manager,Operations,Lead/Manager,EXEC-OPS-HEAD,Head of Operations,Permanent,Onsite,Day,Filled,Prepare Replacement Pipeline,High,EMP141,Asad Zafar,DEPARTMENT-006,Enterprise Operations,ORGANIZATIONAL-UNIT-OPS,LOC-CENTRAL,COST-CENTER-OPS,Yes,Yes,1.0,4082000,816400,2017-12-01,2014-03-01,,,Not Frozen,2026,Regular Headcount
POS-142,Engineering Lead,Engineering Manager,Engineering,Lead/Manager,EXEC-ENG-HEAD,Head of Engineering,Permanent,Hybrid,Day,Filled,No Immediate Vacancy,High,EMP142,Fahad Farooq,DEPARTMENT-005,Technology and Innovation,ORGANIZATIONAL-UNIT-ENG,LOC-HQ,COST-CENTER-ENG,Yes,Yes,1.0,5670000,1134000,2020-12-01,2015-08-01,,,Not Frozen,2026,Regular Headcount
POS-143,Financial Analyst,Financial Analyst,Finance,Mid,POS-030,Senior Financial Analyst,Permanent,Onsite,Rotational,Filled,No Immediate Vacancy,Medium,EMP143,Hamza Awan,DEPARTMENT-002,Corporate Services,ORGANIZATIONAL-UNIT-FIN-TEAM-03,LOC-HQ,COST-CENTER-FIN,Yes,Yes,1.0,1925000,385000,2016-08-01,2022-09-01,,,Not Frozen,2026,Regular Headcount
POS-144,Customer Support Manager,Customer Support Manager,Customer Support,Lead/Manager,EXEC-CS-HEAD,Head of Customer Support,Permanent,Hybrid,Day,Filled,Prepare Replacement Pipeline,High,EMP144,Imran Ullah,DEPARTMENT-004,Commercial Services,ORGANIZATIONAL-UNIT-CS,LOC-CENTRAL,COST-CENTER-CS,Yes,Yes,1.0,3856000,771200,2019-10-01,2016-06-01,,,Not Frozen,2026,Regular Headcount
POS-145,Account Manager,Senior Sales Executive,Sales,Mid,POS-093,Senior Account Manager,Permanent,Onsite,Day,Filled,No Immediate Vacancy,Medium,EMP145,Ahsan Anwar,DEPARTMENT-003,Commercial Services,ORGANIZATIONAL-UNIT-SAL-TEAM-02,LOC-NORTH,COST-CENTER-SAL,Yes,Yes,1.0,1837000,367400,2016-12-01,2021-12-01,,,Not Frozen,2026,Regular Headcount
POS-146,Financial Analyst,Financial Analyst,Finance,Mid,POS-030,Senior Financial Analyst,Permanent,Onsite,Rotational,Filled,No Immediate Vacancy,Medium,EMP146,Talha Khan,DEPARTMENT-002,Corporate Services,ORGANIZATIONAL-UNIT-FIN-TEAM-03,LOC-HQ,COST-CENTER-FIN,Yes,Yes,1.0,1925000,385000,2021-04-01,2022-06-01,,,Not Frozen,2026,Regular Headcount
POS-147,Customer Support Manager,Customer Support Manager,Customer Support,Lead/Manager,EXEC-CS-HEAD,Head of Customer Support,Permanent,Onsite,Rotational,Filled,Prepare Replacement Pipeline,High,EMP147,Hassan Javed,DEPARTMENT-004,Commercial Services,ORGANIZATIONAL-UNIT-CS,LOC-CENTRAL,COST-CENTER-CS,Yes,Yes,1.0,3856000,771200,2020-04-01,2021-04-01,,,Not Frozen,2026,Regular Headcount
POS-148,Sales Executive,Sales Executive,Sales,Junior,POS-022,Account Manager,Permanent,Remote,Day,Filled,Prepare Replacement Pipeline,Low,EMP148,Sadia Malik,DEPARTMENT-003,Commercial Services,ORGANIZATIONAL-UNIT-SAL-TEAM-02,LOC-NORTH,COST-CENTER-SAL,Yes,Yes,1.0,1021000,204200,2016-12-01,2025-08-01,,,Not Frozen,2026,Regular Headcount
POS-149,Operations Analyst,Operations Specialist,Operations,Mid,POS-141,Operations Manager,Permanent,Onsite,Night,Filled,Prepare Replacement Pipeline,Medium,EMP149,Muneeb Hameed,DEPARTMENT-006,Enterprise Operations,ORGANIZATIONAL-UNIT-OPS-TEAM-03,LOC-CENTRAL,COST-CENTER-OPS,Yes,Yes,1.0,1575000,315000,2017-10-01,2023-02-01,,,Not Frozen,2026,Regular Headcount
POS-150,Customer Support Representative,Support Executive,Customer Support,Junior,POS-027,Senior Support Executive,Permanent,Remote,Rotational,Filled,No Immediate Vacancy,Medium,EMP150,Sana Nawaz,DEPARTMENT-004,Commercial Services,ORGANIZATIONAL-UNIT-CS-TEAM-01,LOC-CENTRAL,COST-CENTER-CS,Yes,Yes,1.0,826000,165200,2018-01-01,2025-03-01,,,Not Frozen,2026,Regular Headcount
POS-151,Software Engineer I,Junior Software Engineer,Engineering,Junior,POS-133,Software Engineer II,Permanent,Hybrid,Day,Filled,No Immediate Vacancy,Low,EMP151,Farhan Rehman,DEPARTMENT-005,Technology and Innovation,ORGANIZATIONAL-UNIT-ENG-TEAM-02,LOC-HQ,COST-CENTER-ENG,Yes,Yes,1.0,1215000,243000,2017-03-01,2025-08-01,,,Not Frozen,2026,Regular Headcount
POS-152,Senior Systems Engineer,Senior IT Engineer,IT,Senior,POS-169,IT Operations Manager,Permanent,Onsite,Day,Filled,Prepare Replacement Pipeline,High,EMP152,Mahnoor Tariq,DEPARTMENT-007,Technology and Innovation,ORGANIZATIONAL-UNIT-IT-TEAM-03,LOC-HQ,COST-CENTER-IT,Yes,Yes,1.0,3279000,655800,2020-01-01,2017-04-01,,,Not Frozen,2026,Regular Headcount
POS-153,Software Engineer II,Software Engineer,Engineering,Mid,POS-058,Senior Software Engineer,Contract,Onsite,Rotational,Filled,Prepare Replacement Pipeline,Medium,EMP153,Kashif Abbasi,DEPARTMENT-005,Technology and Innovation,ORGANIZATIONAL-UNIT-ENG-TEAM-01,LOC-HQ,COST-CENTER-ENG,Yes,Yes,1.0,2187000,437400,2022-02-01,2021-12-01,,,Not Frozen,2026,Contract Headcount
POS-154,Software Engineer I,Junior Software Engineer,Engineering,Junior,POS-133,Software Engineer II,Permanent,Onsite,Day,Filled,Prepare Replacement Pipeline,Low,EMP154,Hina Abbasi,DEPARTMENT-005,Technology and Innovation,ORGANIZATIONAL-UNIT-ENG-TEAM-02,LOC-HQ,COST-CENTER-ENG,Yes,Yes,1.0,1215000,243000,2018-02-01,2025-05-01,,,Not Frozen,2026,Regular Headcount
POS-155,Senior Support Executive,Senior Support Executive,Customer Support,Mid,POS-072,Support Team Lead,Permanent,Hybrid,Rotational,Filled,Prepare Replacement Pipeline,Medium,EMP155,Noman Malik,DEPARTMENT-004,Commercial Services,ORGANIZATIONAL-UNIT-CS-TEAM-03,LOC-CENTRAL,COST-CENTER-CS,Yes,Yes,1.0,1487000,297400,2021-10-01,2023-05-01,,,Not Frozen,2026,Regular Headcount
POS-156,Software Engineer II,Software Engineer,Engineering,Mid,POS-058,Senior Software Engineer,Permanent,Onsite,Day,Filled,No Immediate Vacancy,Medium,EMP156,Asad Malik,DEPARTMENT-005,Technology and Innovation,ORGANIZATIONAL-UNIT-ENG-TEAM-01,LOC-HQ,COST-CENTER-ENG,Yes,Yes,1.0,2187000,437400,2017-09-01,2023-12-01,,,Not Frozen,2026,Regular Headcount
POS-157,Operations Officer,Operations Officer,Operations,Junior,POS-120,Operations Analyst,Permanent,Onsite,Rotational,Filled,No Immediate Vacancy,Medium,EMP157,Saba Qureshi,DEPARTMENT-006,Enterprise Operations,ORGANIZATIONAL-UNIT-OPS-TEAM-02,LOC-CENTRAL,COST-CENTER-OPS,Yes,Yes,1.0,875000,175000,2024-05-01,2025-08-01,,,Not Frozen,2026,Regular Headcount
POS-158,Operations Officer,Operations Officer,Operations,Junior,POS-120,Operations Analyst,Permanent,Hybrid,Rotational,Filled,Prepare Replacement Pipeline,Medium,EMP158,Imran Zafar,DEPARTMENT-006,Enterprise Operations,ORGANIZATIONAL-UNIT-OPS-TEAM-03,LOC-CENTRAL,COST-CENTER-OPS,Yes,Yes,1.0,875000,175000,2022-03-01,2023-08-01,,,Not Frozen,2026,Regular Headcount
POS-159,Senior Software Engineer,Senior Software Engineer,Engineering,Senior,POS-129,Engineering Lead,Permanent,Onsite,Rotational,Filled,Prepare Replacement Pipeline,High,EMP159,Raza Ahmad,DEPARTMENT-005,Technology and Innovation,ORGANIZATIONAL-UNIT-ENG-TEAM-01,LOC-HQ,COST-CENTER-ENG,Yes,Yes,1.0,3564000,712800,2020-12-01,2020-03-01,,,Not Frozen,2026,Regular Headcount
POS-160,Senior Financial Analyst,Senior Financial Analyst,Finance,Senior,POS-008,Finance Manager,Permanent,Onsite,Night,Filled,No Immediate Vacancy,High,EMP160,Rabia Ullah,DEPARTMENT-002,Corporate Services,ORGANIZATIONAL-UNIT-FIN-TEAM-02,LOC-HQ,COST-CENTER-FIN,Yes,Yes,1.0,3136000,627200,2019-02-01,2019-07-01,,,Not Frozen,2026,Regular Headcount
POS-161,Financial Analyst,Financial Analyst,Finance,Mid,POS-030,Senior Financial Analyst,Permanent,Onsite,Day,Filled,No Immediate Vacancy,Medium,EMP161,Iqra Yousaf,DEPARTMENT-002,Corporate Services,ORGANIZATIONAL-UNIT-FIN-TEAM-03,LOC-HQ,COST-CENTER-FIN,Yes,Yes,1.0,1925000,385000,2019-03-01,2020-10-01,,,Not Frozen,2026,Regular Headcount
POS-162,Customer Support Representative,Support Executive,Customer Support,Junior,POS-027,Senior Support Executive,Permanent,Onsite,Rotational,Filled,Prepare Replacement Pipeline,Medium,EMP162,Bilal Shah,DEPARTMENT-004,Commercial Services,ORGANIZATIONAL-UNIT-CS-TEAM-01,LOC-CENTRAL,COST-CENTER-CS,Yes,Yes,1.0,826000,165200,2024-02-01,2025-08-01,,,Not Frozen,2026,Regular Headcount
POS-163,Software Engineer II,Software Engineer,Engineering,Mid,POS-058,Senior Software Engineer,Permanent,Hybrid,Day,Filled,Prepare Replacement Pipeline,Medium,EMP163,Sidra Sheikh,DEPARTMENT-005,Technology and Innovation,ORGANIZATIONAL-UNIT-ENG-TEAM-02,LOC-HQ,COST-CENTER-ENG,Yes,Yes,1.0,2187000,437400,2023-08-01,2025-08-01,,,Not Frozen,2026,Regular Headcount
POS-164,Sales Executive,Sales Executive,Sales,Junior,POS-022,Account Manager,Permanent,Onsite,Day,Filled,Prepare Replacement Pipeline,Low,EMP164,Zoya Saleem,DEPARTMENT-003,Commercial Services,ORGANIZATIONAL-UNIT-SAL-TEAM-03,LOC-NORTH,COST-CENTER-SAL,Yes,Yes,1.0,1021000,204200,2022-01-01,2024-01-01,,,Not Frozen,2026,Regular Headcount
POS-165,Sales Executive,Sales Executive,Sales,Junior,POS-022,Account Manager,Contract,Onsite,Day,Filled,Prepare Replacement Pipeline,Low,EMP165,Waqas Butt,DEPARTMENT-003,Commercial Services,ORGANIZATIONAL-UNIT-SAL-TEAM-01,LOC-NORTH,COST-CENTER-SAL,Yes,Yes,1.0,1021000,204200,2022-12-01,2025-08-01,,,Not Frozen,2026,Contract Headcount
POS-166,Sales Manager,Sales Manager,Sales,Lead/Manager,EXEC-SAL-HEAD,Head of Sales,Contract,Onsite,Day,Filled,Prepare Replacement Pipeline,High,EMP166,Arslan Siddiqui,DEPARTMENT-003,Commercial Services,ORGANIZATIONAL-UNIT-SAL,LOC-NORTH,COST-CENTER-SAL,Yes,Yes,1.0,4763000,952600,2019-05-01,2021-04-01,,,Not Frozen,2026,Contract Headcount
POS-167,Account Manager,Senior Sales Executive,Sales,Mid,POS-093,Senior Account Manager,Permanent,Onsite,Rotational,Filled,No Immediate Vacancy,Medium,EMP167,Bilal Raza,DEPARTMENT-003,Commercial Services,ORGANIZATIONAL-UNIT-SAL-TEAM-03,LOC-NORTH,COST-CENTER-SAL,Yes,Yes,1.0,1837000,367400,2022-04-01,2022-08-01,,,Not Frozen,2026,Regular Headcount
POS-168,Support Team Lead,Team Lead - Customer Support,Customer Support,Senior,POS-068,Customer Support Manager,Permanent,Hybrid,Day,Filled,Prepare Replacement Pipeline,Medium,EMP168,Akbar Saleem,DEPARTMENT-004,Commercial Services,ORGANIZATIONAL-UNIT-CS-TEAM-01,LOC-CENTRAL,COST-CENTER-CS,Yes,Yes,1.0,2424000,484800,2023-01-01,2023-05-01,,,Not Frozen,2026,Regular Headcount
POS-169,IT Operations Manager,IT Manager,IT,Lead/Manager,EXEC-IT-HEAD,Head of IT,Permanent,Onsite,Day,Filled,No Immediate Vacancy,High,EMP169,Iqra Qureshi,DEPARTMENT-007,Technology and Innovation,ORGANIZATIONAL-UNIT-IT,LOC-HQ,COST-CENTER-IT,Yes,Yes,1.0,5216000,1043200,2019-12-01,2014-05-01,,,Not Frozen,2026,Regular Headcount
POS-170,Senior Support Executive,Senior Support Executive,Customer Support,Mid,POS-072,Support Team Lead,Permanent,Remote,Day,Filled,No Immediate Vacancy,Medium,EMP170,Hina Ahmad,DEPARTMENT-004,Commercial Services,ORGANIZATIONAL-UNIT-CS-TEAM-03,LOC-CENTRAL,COST-CENTER-CS,Yes,Yes,1.0,1487000,297400,2017-11-01,2023-08-01,,,Not Frozen,2026,Regular Headcount
POS-171,IT Operations Manager,IT Manager,IT,Lead/Manager,EXEC-IT-HEAD,Head of IT,Permanent,Hybrid,Day,Filled,No Immediate Vacancy,High,EMP171,Usman Ullah,DEPARTMENT-007,Technology and Innovation,ORGANIZATIONAL-UNIT-IT,LOC-HQ,COST-CENTER-IT,Yes,Yes,1.0,5216000,1043200,2023-01-01,2016-06-01,,,Not Frozen,2026,Regular Headcount
POS-172,Operations Analyst,Operations Specialist,Operations,Mid,POS-141,Operations Manager,Permanent,Hybrid,Rotational,Filled,Prepare Replacement Pipeline,Medium,EMP172,Zoya Hassan,DEPARTMENT-006,Enterprise Operations,ORGANIZATIONAL-UNIT-OPS-TEAM-02,LOC-CENTRAL,COST-CENTER-OPS,Yes,Yes,1.0,1575000,315000,2017-08-01,2021-05-01,,,Not Frozen,2026,Regular Headcount
POS-173,Senior Financial Analyst,Senior Financial Analyst,Finance,Senior,POS-008,Finance Manager,Permanent,Onsite,Rotational,Filled,Prepare Replacement Pipeline,High,EMP173,Sidra Abbasi,DEPARTMENT-002,Corporate Services,ORGANIZATIONAL-UNIT-FIN-TEAM-03,LOC-HQ,COST-CENTER-FIN,Yes,Yes,1.0,3136000,627200,2020-07-01,2022-12-01,,,Not Frozen,2026,Regular Headcount
POS-174,Account Manager,Senior Sales Executive,Sales,Mid,POS-093,Senior Account Manager,Permanent,Onsite,Day,Filled,No Immediate Vacancy,Medium,EMP174,Hassan Aslam,DEPARTMENT-003,Commercial Services,ORGANIZATIONAL-UNIT-SAL-TEAM-01,LOC-NORTH,COST-CENTER-SAL,Yes,Yes,1.0,1837000,367400,2024-02-01,2022-12-01,,,Not Frozen,2026,Regular Headcount
POS-175,Operations Analyst,Operations Specialist,Operations,Mid,POS-141,Operations Manager,Permanent,Onsite,Day,Filled,No Immediate Vacancy,Medium,EMP175,Hassan Arif,DEPARTMENT-006,Enterprise Operations,ORGANIZATIONAL-UNIT-OPS-TEAM-02,LOC-CENTRAL,COST-CENTER-OPS,Yes,Yes,1.0,1575000,315000,2022-12-01,2025-08-01,,,Not Frozen,2026,Regular Headcount
POS-176,Senior Account Manager,Senior Account Manager,Sales,Senior,POS-011,Sales Manager,Permanent,Onsite,Day,Filled,No Immediate Vacancy,High,EMP176,Ahsan Aziz,DEPARTMENT-003,Commercial Services,ORGANIZATIONAL-UNIT-SAL-TEAM-03,LOC-NORTH,COST-CENTER-SAL,Yes,Yes,1.0,2994000,598800,2023-09-01,2017-05-01,,,Not Frozen,2026,Regular Headcount
POS-177,HR Generalist,HR Specialist,HR,Mid,POS-081,Senior HR Specialist,Permanent,Onsite,Day,Filled,No Immediate Vacancy,Medium,EMP177,Danish Anwar,DEPARTMENT-001,Corporate Services,ORGANIZATIONAL-UNIT-HR-TEAM-01,LOC-HQ,COST-CENTER-HR,Yes,Yes,1.0,1750000,350000,2017-08-01,2023-07-01,,,Not Frozen,2026,Regular Headcount
POS-178,Sales Executive,Sales Executive,Sales,Junior,POS-022,Account Manager,Permanent,Onsite,Day,Filled,No Immediate Vacancy,Low,EMP178,Fatima Rehman,DEPARTMENT-003,Commercial Services,ORGANIZATIONAL-UNIT-SAL-TEAM-02,LOC-NORTH,COST-CENTER-SAL,Yes,Yes,1.0,1021000,204200,2024-02-01,2025-08-01,,,Not Frozen,2026,Regular Headcount
POS-179,Operations Officer,Operations Officer,Operations,Junior,POS-120,Operations Analyst,Permanent,Onsite,Rotational,Filled,No Immediate Vacancy,Medium,EMP179,Muneeb Javed,DEPARTMENT-006,Enterprise Operations,ORGANIZATIONAL-UNIT-OPS-TEAM-03,LOC-CENTRAL,COST-CENTER-OPS,Yes,Yes,1.0,875000,175000,2021-01-01,2025-03-01,,,Not Frozen,2026,Regular Headcount
POS-180,Customer Support Representative,Support Executive,Customer Support,Junior,POS-027,Senior Support Executive,Permanent,Onsite,Night,Filled,Prepare Replacement Pipeline,Medium,EMP180,Arham Hussain,DEPARTMENT-004,Commercial Services,ORGANIZATIONAL-UNIT-CS-TEAM-01,LOC-CENTRAL,COST-CENTER-CS,Yes,Yes,1.0,826000,165200,2020-10-01,2025-08-01,,,Not Frozen,2026,Regular Headcount
POS-181,Operations Officer,Operations Officer,Operations,Junior,POS-120,Operations Analyst,Permanent,Onsite,Day,Filled,No Immediate Vacancy,Medium,EMP181,Saad Yousaf,DEPARTMENT-006,Enterprise Operations,ORGANIZATIONAL-UNIT-OPS-TEAM-02,LOC-CENTRAL,COST-CENTER-OPS,Yes,Yes,1.0,875000,175000,2019-09-01,2025-03-01,,,Not Frozen,2026,Regular Headcount
POS-182,Account Manager,Senior Sales Executive,Sales,Mid,POS-093,Senior Account Manager,Permanent,Onsite,Day,Filled,No Immediate Vacancy,Medium,EMP182,Waqas Ahmad,DEPARTMENT-003,Commercial Services,ORGANIZATIONAL-UNIT-SAL-TEAM-03,LOC-NORTH,COST-CENTER-SAL,Yes,Yes,1.0,1837000,367400,2018-04-01,2024-09-01,,,Not Frozen,2026,Regular Headcount
POS-183,IT Support Engineer,Junior IT Engineer,IT,Junior,POS-024,Systems Administrator,Contract,Onsite,Day,Filled,Prepare Replacement Pipeline,Low,EMP183,Zain Saleem,DEPARTMENT-007,Technology and Innovation,ORGANIZATIONAL-UNIT-IT-TEAM-01,LOC-HQ,COST-CENTER-IT,Yes,Yes,1.0,1118000,223600,2018-03-01,2023-08-01,,,Not Frozen,2026,Contract Headcount
POS-184,Operations Officer,Operations Officer,Operations,Junior,POS-120,Operations Analyst,Contract,Hybrid,Day,Filled,No Immediate Vacancy,Medium,EMP184,Iqra Hassan,DEPARTMENT-006,Enterprise Operations,ORGANIZATIONAL-UNIT-OPS-TEAM-02,LOC-CENTRAL,COST-CENTER-OPS,Yes,Yes,1.0,875000,175000,2017-09-01,2025-08-01,,,Not Frozen,2026,Contract Headcount
POS-185,Senior Financial Analyst,Senior Financial Analyst,Finance,Senior,POS-008,Finance Manager,Permanent,Hybrid,Day,Filled,Prepare Replacement Pipeline,High,EMP185,Salman Hameed,DEPARTMENT-002,Corporate Services,ORGANIZATIONAL-UNIT-FIN-TEAM-03,LOC-HQ,COST-CENTER-FIN,Yes,Yes,1.0,3136000,627200,2019-09-01,2019-04-01,,,Not Frozen,2026,Regular Headcount
POS-186,Systems Administrator,IT Engineer,IT,Mid,POS-051,Senior Systems Engineer,Permanent,Onsite,Day,Filled,No Immediate Vacancy,Medium,EMP186,Zara Masood,DEPARTMENT-007,Technology and Innovation,ORGANIZATIONAL-UNIT-IT-TEAM-01,LOC-HQ,COST-CENTER-IT,Yes,Yes,1.0,2012000,402400,2022-09-01,2024-12-01,,,Not Frozen,2026,Regular Headcount
POS-187,Operations Officer,Operations Officer,Operations,Junior,POS-120,Operations Analyst,Permanent,Remote,Rotational,Filled,No Immediate Vacancy,Medium,EMP187,Nida Mahmood,DEPARTMENT-006,Enterprise Operations,ORGANIZATIONAL-UNIT-OPS-TEAM-02,LOC-CENTRAL,COST-CENTER-OPS,Yes,Yes,1.0,875000,175000,2022-12-01,2024-02-01,,,Not Frozen,2026,Regular Headcount
POS-188,Senior Systems Engineer,Senior IT Engineer,IT,Senior,POS-169,IT Operations Manager,Permanent,Hybrid,Day,Filled,No Immediate Vacancy,High,EMP188,Areeba Ahmad,DEPARTMENT-007,Technology and Innovation,ORGANIZATIONAL-UNIT-IT-TEAM-03,LOC-HQ,COST-CENTER-IT,Yes,Yes,1.0,3279000,655800,2016-11-01,2017-04-01,,,Not Frozen,2026,Regular Headcount
POS-189,Engineering Lead,Engineering Manager,Engineering,Lead/Manager,EXEC-ENG-HEAD,Head of Engineering,Permanent,Onsite,Day,Filled,Prepare Replacement Pipeline,High,EMP189,Omer Masood,DEPARTMENT-005,Technology and Innovation,ORGANIZATIONAL-UNIT-ENG,LOC-HQ,COST-CENTER-ENG,Yes,Yes,1.0,5670000,1134000,2019-11-01,2022-03-01,,,Not Frozen,2026,Regular Headcount
POS-190,HR Officer,HR Officer,HR,Junior,POS-084,HR Generalist,Permanent,Hybrid,Day,Filled,Prepare Replacement Pipeline,Low,EMP190,Noor Saeed,DEPARTMENT-001,Corporate Services,ORGANIZATIONAL-UNIT-HR-TEAM-02,LOC-HQ,COST-CENTER-HR,Yes,Yes,1.0,972000,194400,2018-08-01,2025-02-01,,,Not Frozen,2026,Regular Headcount
POS-191,Operations Analyst,Operations Specialist,Operations,Mid,POS-141,Operations Manager,Contract,Onsite,Day,Filled,Prepare Replacement Pipeline,Medium,EMP191,Danish Yousaf,DEPARTMENT-006,Enterprise Operations,ORGANIZATIONAL-UNIT-OPS-TEAM-03,LOC-CENTRAL,COST-CENTER-OPS,Yes,Yes,1.0,1575000,315000,2022-06-01,2021-12-01,,,Not Frozen,2026,Contract Headcount
POS-192,Sales Executive,Sales Executive,Sales,Junior,POS-022,Account Manager,Permanent,Remote,Day,Filled,No Immediate Vacancy,Low,EMP192,Kashif Hussain,DEPARTMENT-003,Commercial Services,ORGANIZATIONAL-UNIT-SAL-TEAM-01,LOC-NORTH,COST-CENTER-SAL,Yes,Yes,1.0,1021000,204200,2022-03-01,2024-01-01,,,Not Frozen,2026,Regular Headcount
POS-193,Operations Officer,Operations Officer,Operations,Junior,POS-120,Operations Analyst,Permanent,Remote,Rotational,Filled,No Immediate Vacancy,Medium,EMP193,Zain Qureshi,DEPARTMENT-006,Enterprise Operations,ORGANIZATIONAL-UNIT-OPS-TEAM-02,LOC-CENTRAL,COST-CENTER-OPS,Yes,Yes,1.0,875000,175000,2022-10-01,2025-08-01,,,Not Frozen,2026,Regular Headcount
POS-194,Senior Support Executive,Senior Support Executive,Customer Support,Mid,POS-072,Support Team Lead,Permanent,Hybrid,Day,Filled,Prepare Replacement Pipeline,Medium,EMP194,Shahid Ahmad,DEPARTMENT-004,Commercial Services,ORGANIZATIONAL-UNIT-CS-TEAM-03,LOC-CENTRAL,COST-CENTER-CS,Yes,Yes,1.0,1487000,297400,2024-08-01,2025-08-01,,,Not Frozen,2026,Regular Headcount
POS-195,Engineering Lead,Engineering Manager,Engineering,Lead/Manager,EXEC-ENG-HEAD,Head of Engineering,Permanent,Onsite,Rotational,Filled,No Immediate Vacancy,High,EMP195,Mohsin Khan,DEPARTMENT-005,Technology and Innovation,ORGANIZATIONAL-UNIT-ENG,LOC-HQ,COST-CENTER-ENG,Yes,Yes,1.0,5670000,1134000,2019-08-01,2017-12-01,,,Not Frozen,2026,Regular Headcount
POS-196,Software Engineer II,Software Engineer,Engineering,Mid,POS-058,Senior Software Engineer,Permanent,Onsite,Rotational,Filled,Prepare Replacement Pipeline,Medium,EMP196,Mohsin Abbasi,DEPARTMENT-005,Technology and Innovation,ORGANIZATIONAL-UNIT-ENG-TEAM-02,LOC-HQ,COST-CENTER-ENG,Yes,Yes,1.0,2187000,437400,2020-08-01,2024-05-01,,,Not Frozen,2026,Regular Headcount
POS-197,HR Manager,HR Manager,HR,Lead/Manager,EXEC-HR-HEAD,Head of HR,Permanent,Hybrid,Rotational,Filled,No Immediate Vacancy,High,EMP197,Zeeshan Qureshi,DEPARTMENT-001,Corporate Services,ORGANIZATIONAL-UNIT-HR,LOC-HQ,COST-CENTER-HR,Yes,Yes,1.0,4536000,907200,2017-01-01,2021-12-01,,,Not Frozen,2026,Regular Headcount
POS-198,Operations Officer,Operations Officer,Operations,Junior,POS-120,Operations Analyst,Contract,Onsite,Day,Filled,Prepare Replacement Pipeline,Medium,EMP198,Ali Tariq,DEPARTMENT-006,Enterprise Operations,ORGANIZATIONAL-UNIT-OPS-TEAM-01,LOC-CENTRAL,COST-CENTER-OPS,Yes,Yes,1.0,875000,175000,2020-01-01,2025-02-01,,,Not Frozen,2026,Contract Headcount
POS-199,Customer Support Representative,Support Executive,Customer Support,Junior,POS-027,Senior Support Executive,Permanent,Hybrid,Day,Filled,Prepare Replacement Pipeline,Medium,EMP199,Zara Tariq,DEPARTMENT-004,Commercial Services,ORGANIZATIONAL-UNIT-CS-TEAM-02,LOC-CENTRAL,COST-CENTER-CS,Yes,Yes,1.0,826000,165200,2018-03-01,2024-10-01,,,Not Frozen,2026,Regular Headcount
POS-200,Senior Support Executive,Senior Support Executive,Customer Support,Mid,POS-072,Support Team Lead,Permanent,Hybrid,Day,Filled,Prepare Replacement Pipeline,Medium,EMP200,Ahmad Abbasi,DEPARTMENT-004,Commercial Services,ORGANIZATIONAL-UNIT-CS-TEAM-03,LOC-CENTRAL,COST-CENTER-CS,Yes,Yes,1.0,1487000,297400,2021-06-01,2023-02-01,,,Not Frozen,2026,Regular Headcount
EXEC-HR-HEAD,Head of HR,Head of HR,HR,Executive,,Chief People and Operations Officer,Permanent,Hybrid,Day,Filled,Successor Coverage Required,Critical,EMP201,Taha Saeed,DEPARTMENT-001,Corporate Services,ORGANIZATIONAL-UNIT-HR,LOC-HQ,COST-CENTER-HR,Yes,Yes,1.0,8424000,1684800,2018-06-01,2015-10-01,,,Not Frozen,2026,Regular Headcount
EXEC-FIN-HEAD,Head of Finance,Head of Finance,Finance,Executive,,Chief People and Operations Officer,Permanent,On-site,Day,Filled,Successor Coverage Required,Critical,EMP227,Fahad Sheikh,DEPARTMENT-002,Corporate Services,ORGANIZATIONAL-UNIT-FIN,LOC-HQ,COST-CENTER-FIN,Yes,Yes,1.0,9266000,1853200,2019-02-01,2011-06-01,,,Not Frozen,2026,Regular Headcount
EXEC-CS-HEAD,Head of Customer Support,Head of Customer Support,Customer Support,Executive,,Chief People and Operations Officer,Permanent,On-site,Night,Filled,Successor Coverage Required,Critical,EMP259,Usman Nasir,DEPARTMENT-004,Commercial Services,ORGANIZATIONAL-UNIT-CS,LOC-CENTRAL,COST-CENTER-CS,Yes,Yes,1.0,7160000,1432000,2016-09-01,2009-09-01,,,Not Frozen,2026,Regular Headcount
EXEC-SAL-HEAD,Head of Sales,Head of Sales,Sales,Executive,,Chief People and Operations Officer,Permanent,Hybrid,Day,Filled,Successor Coverage Required,Critical,EMP252,Iqra Ismail,DEPARTMENT-003,Commercial Services,ORGANIZATIONAL-UNIT-SAL,LOC-NORTH,COST-CENTER-SAL,Yes,Yes,1.0,8845000,1769000,2019-01-01,2018-03-01,,,Not Frozen,2026,Regular Headcount
EXEC-ENG-HEAD,Head of Engineering,Head of Engineering,Engineering,Executive,,Chief People and Operations Officer,Contract,Hybrid,Day,Filled,Successor Coverage Required,Critical,EMP268,Fatima Mughal,DEPARTMENT-005,Technology and Innovation,ORGANIZATIONAL-UNIT-ENG,LOC-HQ,COST-CENTER-ENG,Yes,Yes,1.0,10530000,2106000,2019-06-01,2016-03-01,,,Not Frozen,2026,Contract Headcount
EXEC-OPS-HEAD,Head of Operations,Head of Operations,Operations,Executive,,Chief People and Operations Officer,Permanent,On-site,Day,Filled,Successor Coverage Required,Critical,EMP277,Amna Chaudhry,DEPARTMENT-006,Enterprise Operations,ORGANIZATIONAL-UNIT-OPS,LOC-CENTRAL,COST-CENTER-OPS,Yes,Yes,1.0,7582000,1516400,2021-10-01,2008-01-01,,,Not Frozen,2026,Regular Headcount
EXEC-IT-HEAD,Head of IT,Head of IT,IT,Executive,,Chief People and Operations Officer,Permanent,On-site,Day,Filled,Successor Coverage Required,Critical,EMP292,Imran Mughal,DEPARTMENT-007,Technology and Innovation,ORGANIZATIONAL-UNIT-IT,LOC-HQ,COST-CENTER-IT,Yes,Yes,1.0,9688000,1937600,2023-12-01,2016-04-01,,,Not Frozen,2026,Regular Headcount
POS-201,HR Manager,HR Manager,HR,Lead/Manager,EXEC-HR-HEAD,Head of HR,Permanent,On-site,Day,Filled,Successor Coverage Required,High,EMP202,Usman Hashmi,DEPARTMENT-001,Corporate Services,ORGANIZATIONAL-UNIT-HR,LOC-HQ,COST-CENTER-HR,Yes,Yes,1.0,4536000,907200,2018-09-01,2020-11-01,,,Not Frozen,2026,Regular Headcount
POS-202,HR Manager,HR Manager,HR,Lead/Manager,EXEC-HR-HEAD,Head of HR,Contract,On-site,Day,Filled,Successor Coverage Required,High,EMP203,Zainab Awan,DEPARTMENT-001,Corporate Services,ORGANIZATIONAL-UNIT-HR,LOC-HQ,COST-CENTER-HR,Yes,Yes,1.0,4536000,907200,2023-04-01,2018-10-01,,,Not Frozen,2026,Contract Headcount
POS-203,Senior HR Business Partner,Senior HR Business Partner,HR,Senior,POS-001,HR Manager,Permanent,On-site,Day,Filled,Monitor,High,EMP204,Mahnoor Khan,DEPARTMENT-001,Corporate Services,ORGANIZATIONAL-UNIT-HR-TEAM-01,LOC-HQ,COST-CENTER-HR,Yes,Yes,1.0,2851000,570200,2018-12-01,2022-05-01,,,Not Frozen,2026,Regular Headcount
POS-204,Senior HR Business Partner,Senior HR Business Partner,HR,Senior,POS-012,HR Manager,Permanent,Hybrid,Day,Filled,Monitor,High,EMP205,Farhan Nadeem,DEPARTMENT-001,Corporate Services,ORGANIZATIONAL-UNIT-HR-TEAM-03,LOC-HQ,COST-CENTER-HR,Yes,Yes,1.0,2851000,570200,2020-11-01,2017-04-01,,,Not Frozen,2026,Regular Headcount
POS-205,Senior HR Business Partner,Senior HR Business Partner,HR,Senior,POS-087,HR Manager,Permanent,On-site,Day,Filled,Monitor,High,EMP206,Minal Abbasi,DEPARTMENT-001,Corporate Services,ORGANIZATIONAL-UNIT-HR-TEAM-03,LOC-HQ,COST-CENTER-HR,Yes,Yes,1.0,2851000,570200,2024-11-01,2017-04-01,,,Not Frozen,2026,Regular Headcount
POS-206,HR Officer,HR Officer,HR,Mid,POS-197,HR Manager,Permanent,On-site,Day,Filled,Monitor,Medium,EMP207,Nida Sultan,DEPARTMENT-001,Corporate Services,ORGANIZATIONAL-UNIT-HR-TEAM-01,LOC-HQ,COST-CENTER-HR,Yes,Yes,1.0,1750000,350000,2024-07-01,2024-04-01,,,Not Frozen,2026,Regular Headcount
POS-207,HR Officer,HR Officer,HR,Mid,POS-201,HR Manager,Permanent,Hybrid,Day,Filled,Monitor,Medium,EMP208,Omar Rauf,DEPARTMENT-001,Corporate Services,ORGANIZATIONAL-UNIT-HR-TEAM-02,LOC-HQ,COST-CENTER-HR,Yes,Yes,1.0,1750000,350000,2021-09-01,2020-01-01,,,Not Frozen,2026,Regular Headcount
POS-208,HR Officer,HR Officer,HR,Mid,POS-202,HR Manager,Permanent,On-site,Day,Filled,Monitor,Medium,EMP209,Adnan Aziz,DEPARTMENT-001,Corporate Services,ORGANIZATIONAL-UNIT-HR-TEAM-01,LOC-HQ,COST-CENTER-HR,Yes,Yes,1.0,1750000,350000,2023-01-01,2022-02-01,,,Not Frozen,2026,Regular Headcount
POS-209,HR Officer,HR Officer,HR,Mid,POS-001,HR Manager,Permanent,Hybrid,Day,Filled,Monitor,Medium,EMP210,Maha Latif,DEPARTMENT-001,Corporate Services,ORGANIZATIONAL-UNIT-HR-TEAM-03,LOC-HQ,COST-CENTER-HR,Yes,Yes,1.0,1750000,350000,2021-06-01,2024-07-01,,,Not Frozen,2026,Regular Headcount
POS-210,HR Officer,HR Officer,HR,Mid,POS-012,HR Manager,Permanent,Hybrid,Day,Filled,Monitor,Medium,EMP211,Adnan Abbasi,DEPARTMENT-001,Corporate Services,ORGANIZATIONAL-UNIT-HR-TEAM-01,LOC-HQ,COST-CENTER-HR,Yes,Yes,1.0,1750000,350000,2022-01-01,2021-12-01,,,Not Frozen,2026,Regular Headcount
POS-211,HR Officer,HR Officer,HR,Mid,POS-087,HR Manager,Permanent,Hybrid,Day,Filled,Monitor,Medium,EMP212,Talha Saleem,DEPARTMENT-001,Corporate Services,ORGANIZATIONAL-UNIT-HR-TEAM-01,LOC-HQ,COST-CENTER-HR,Yes,Yes,1.0,1750000,350000,2024-06-01,2020-12-01,,,Not Frozen,2026,Regular Headcount
POS-212,HR Officer,HR Officer,HR,Mid,POS-197,HR Manager,Permanent,Hybrid,Day,Filled,Monitor,Medium,EMP213,Talha Khalid,DEPARTMENT-001,Corporate Services,ORGANIZATIONAL-UNIT-HR-TEAM-01,LOC-HQ,COST-CENTER-HR,Yes,Yes,1.0,1750000,350000,2019-04-01,2020-09-01,,,Not Frozen,2026,Regular Headcount
POS-213,HR Assistant,HR Assistant,HR,Junior,POS-130,Senior HR Specialist,Permanent,On-site,Day,Filled,Monitor,Medium,EMP214,Talha Ejaz,DEPARTMENT-001,Corporate Services,ORGANIZATIONAL-UNIT-HR-TEAM-03,LOC-HQ,COST-CENTER-HR,Yes,Yes,1.0,972000,194400,2024-01-01,2025-09-01,,,Not Frozen,2026,Regular Headcount
POS-214,HR Assistant,HR Assistant,HR,Junior,POS-203,Senior HR Business Partner,Permanent,On-site,Day,Filled,Monitor,Medium,EMP215,Mehwish Baig,DEPARTMENT-001,Corporate Services,ORGANIZATIONAL-UNIT-HR-TEAM-01,LOC-HQ,COST-CENTER-HR,Yes,Yes,1.0,972000,194400,2021-03-01,2024-07-01,,,Not Frozen,2026,Regular Headcount
POS-215,HR Assistant,HR Assistant,HR,Junior,POS-204,Senior HR Business Partner,Permanent,On-site,Day,Filled,Monitor,Medium,EMP216,Sana Mahmood,DEPARTMENT-001,Corporate Services,ORGANIZATIONAL-UNIT-HR-TEAM-01,LOC-HQ,COST-CENTER-HR,Yes,Yes,1.0,972000,194400,2025-01-01,2024-07-01,,,Not Frozen,2026,Regular Headcount
POS-216,HR Assistant,HR Assistant,HR,Junior,POS-205,Senior HR Business Partner,Permanent,On-site,Day,Filled,Monitor,Medium,EMP217,Laiba Qureshi,DEPARTMENT-001,Corporate Services,ORGANIZATIONAL-UNIT-HR-TEAM-01,LOC-HQ,COST-CENTER-HR,Yes,Yes,1.0,972000,194400,2024-12-01,2024-07-01,,,Not Frozen,2026,Regular Headcount
POS-217,HR Assistant,HR Assistant,HR,Junior,POS-001,HR Manager,Permanent,On-site,Day,Filled,Monitor,Medium,EMP218,Laiba Zafar,DEPARTMENT-001,Corporate Services,ORGANIZATIONAL-UNIT-HR-TEAM-01,LOC-HQ,COST-CENTER-HR,Yes,Yes,1.0,972000,194400,2019-11-01,2024-11-01,,,Not Frozen,2026,Regular Headcount
POS-218,HR Assistant,HR Assistant,HR,Junior,POS-012,HR Manager,Permanent,Hybrid,Day,Filled,Monitor,Medium,EMP219,Komal Yousaf,DEPARTMENT-001,Corporate Services,ORGANIZATIONAL-UNIT-HR-TEAM-03,LOC-HQ,COST-CENTER-HR,Yes,Yes,1.0,972000,194400,2024-10-01,2024-08-01,,,Not Frozen,2026,Regular Headcount
POS-219,HR Assistant,HR Assistant,HR,Junior,POS-087,HR Manager,Permanent,Hybrid,Day,Filled,Monitor,Medium,EMP220,Taha Saleem,DEPARTMENT-001,Corporate Services,ORGANIZATIONAL-UNIT-HR-TEAM-01,LOC-HQ,COST-CENTER-HR,Yes,Yes,1.0,972000,194400,2018-11-01,2024-08-01,,,Not Frozen,2026,Regular Headcount
POS-220,HR Assistant,HR Assistant,HR,Junior,POS-197,HR Manager,Permanent,Hybrid,Day,Filled,Monitor,Medium,EMP221,Anam Akhtar,DEPARTMENT-001,Corporate Services,ORGANIZATIONAL-UNIT-HR-TEAM-01,LOC-HQ,COST-CENTER-HR,Yes,Yes,1.0,972000,194400,2024-11-01,2023-10-01,,,Not Frozen,2026,Regular Headcount
POS-221,HR Assistant,HR Assistant,HR,Junior,POS-201,HR Manager,Permanent,On-site,Day,Filled,Monitor,Medium,EMP222,Farhan Khan,DEPARTMENT-001,Corporate Services,ORGANIZATIONAL-UNIT-HR-TEAM-01,LOC-HQ,COST-CENTER-HR,Yes,Yes,1.0,972000,194400,2022-11-01,2026-02-01,,,Not Frozen,2026,Regular Headcount
POS-222,HR Assistant,HR Assistant,HR,Junior,POS-202,HR Manager,Permanent,On-site,Day,Filled,Monitor,Medium,EMP223,Talha Mahmood,DEPARTMENT-001,Corporate Services,ORGANIZATIONAL-UNIT-HR-TEAM-01,LOC-HQ,COST-CENTER-HR,No,No,1.0,972000,194400,2023-08-01,2024-09-01,,,Not Frozen,2026,Regular Headcount
POS-223,HR Intern,HR Intern,HR,Intern,POS-066,Senior HR Specialist,Internship,On-site,Day,Filled,Monitor,Medium,EMP224,Laiba Ali,DEPARTMENT-001,Corporate Services,ORGANIZATIONAL-UNIT-HR-TEAM-02,LOC-HQ,COST-CENTER-HR,Yes,Yes,1.0,454000,90800,2025-01-01,2025-11-01,,,Not Frozen,2026,Internship Headcount
POS-224,HR Intern,HR Intern,HR,Intern,POS-081,Senior HR Specialist,Internship,On-site,Day,Filled,Monitor,Medium,EMP225,Noor Rauf,DEPARTMENT-001,Corporate Services,ORGANIZATIONAL-UNIT-HR-TEAM-02,LOC-HQ,COST-CENTER-HR,Yes,Yes,1.0,454000,90800,2025-06-01,2025-09-01,,,Not Frozen,2026,Internship Headcount
POS-225,HR Intern,HR Intern,HR,Intern,POS-085,Senior HR Specialist,Internship,On-site,Day,Filled,Monitor,Medium,EMP226,Taha Raza,DEPARTMENT-001,Corporate Services,ORGANIZATIONAL-UNIT-HR-TEAM-01,LOC-HQ,COST-CENTER-HR,Yes,Yes,0.5,227000,45400,2021-09-01,2025-09-01,,,Not Frozen,2026,Internship Headcount
POS-226,Finance Manager,Finance Manager,Finance,Lead/Manager,EXEC-FIN-HEAD,Head of Finance,Permanent,On-site,Day,Filled,Successor Coverage Required,High,EMP228,Ahmed Farooq,DEPARTMENT-002,Corporate Services,ORGANIZATIONAL-UNIT-FIN,LOC-HQ,COST-CENTER-FIN,Yes,Yes,1.0,4990000,998000,2019-09-01,2021-01-01,,,Not Frozen,2026,Regular Headcount
POS-227,Finance Manager,Finance Manager,Finance,Lead/Manager,EXEC-FIN-HEAD,Head of Finance,Permanent,On-site,Day,Filled,Successor Coverage Required,High,EMP229,Danish Sultan,DEPARTMENT-002,Corporate Services,ORGANIZATIONAL-UNIT-FIN,LOC-HQ,COST-CENTER-FIN,Yes,Yes,1.0,4990000,998000,2019-05-01,2020-08-01,,,Not Frozen,2026,Regular Headcount
POS-228,Finance Manager,Finance Manager,Finance,Lead/Manager,EXEC-FIN-HEAD,Head of Finance,Permanent,Hybrid,Day,Filled,Successor Coverage Required,High,EMP230,Saba Nadeem,DEPARTMENT-002,Corporate Services,ORGANIZATIONAL-UNIT-FIN,LOC-HQ,COST-CENTER-FIN,Yes,Yes,1.0,4990000,998000,2023-08-01,2011-03-01,,,Not Frozen,2026,Regular Headcount
POS-229,Finance Manager,Finance Manager,Finance,Lead/Manager,EXEC-FIN-HEAD,Head of Finance,Permanent,Hybrid,Day,Filled,Successor Coverage Required,High,EMP231,Ayesha Aziz,DEPARTMENT-002,Corporate Services,ORGANIZATIONAL-UNIT-FIN,LOC-HQ,COST-CENTER-FIN,Yes,Yes,1.0,4990000,998000,2021-06-01,2017-07-01,,,Not Frozen,2026,Regular Headcount
POS-230,Finance Manager,Finance Manager,Finance,Lead/Manager,EXEC-FIN-HEAD,Head of Finance,Permanent,On-site,Day,Filled,Successor Coverage Required,High,EMP232,Raza Iqbal,DEPARTMENT-002,Corporate Services,ORGANIZATIONAL-UNIT-FIN,LOC-HQ,COST-CENTER-FIN,Yes,Yes,1.0,4990000,998000,2024-12-01,2015-11-01,,,Not Frozen,2026,Regular Headcount
POS-231,Financial Analyst,Financial Analyst,Finance,Mid,POS-230,Finance Manager,Permanent,On-site,Day,Filled,Monitor,Medium,EMP233,Eman Akhtar,DEPARTMENT-002,Corporate Services,ORGANIZATIONAL-UNIT-FIN-TEAM-03,LOC-HQ,COST-CENTER-FIN,Yes,Yes,1.0,1925000,385000,2020-05-01,2022-11-01,,,Not Frozen,2026,Regular Headcount
POS-232,Financial Analyst,Financial Analyst,Finance,Mid,POS-008,Finance Manager,Permanent,On-site,Day,Filled,Monitor,Medium,EMP234,Hira Qureshi,DEPARTMENT-002,Corporate Services,ORGANIZATIONAL-UNIT-FIN-TEAM-01,LOC-HQ,COST-CENTER-FIN,Yes,Yes,1.0,1925000,385000,2020-07-01,2022-08-01,,,Not Frozen,2026,Regular Headcount
POS-233,Financial Analyst,Financial Analyst,Finance,Mid,POS-226,Finance Manager,Contract,On-site,Day,Filled,Monitor,Medium,EMP235,Farhan Munir,DEPARTMENT-002,Corporate Services,ORGANIZATIONAL-UNIT-FIN-TEAM-02,LOC-HQ,COST-CENTER-FIN,Yes,Yes,1.0,1925000,385000,2023-07-01,2019-07-01,,,Not Frozen,2026,Contract Headcount
POS-234,Financial Analyst,Financial Analyst,Finance,Mid,POS-227,Finance Manager,Permanent,On-site,Day,Filled,Monitor,Medium,EMP236,Anam Nadeem,DEPARTMENT-002,Corporate Services,ORGANIZATIONAL-UNIT-FIN-TEAM-02,LOC-HQ,COST-CENTER-FIN,Yes,Yes,1.0,1925000,385000,2020-12-01,2021-04-01,,,Not Frozen,2026,Regular Headcount
POS-235,Accounts Assistant,Accounts Assistant,Finance,Junior,POS-230,Finance Manager,Permanent,Hybrid,Day,Filled,Monitor,Medium,EMP237,Areeba Munir,DEPARTMENT-002,Corporate Services,ORGANIZATIONAL-UNIT-FIN-TEAM-03,LOC-HQ,COST-CENTER-FIN,Yes,Yes,1.0,1069000,213800,2023-11-01,2023-05-01,,,Not Frozen,2026,Regular Headcount
POS-236,Accounts Assistant,Accounts Assistant,Finance,Junior,POS-030,Senior Financial Analyst,Contract,On-site,Day,Filled,Monitor,Medium,EMP238,Kinza Ali,DEPARTMENT-002,Corporate Services,ORGANIZATIONAL-UNIT-FIN-TEAM-01,LOC-HQ,COST-CENTER-FIN,Yes,Yes,1.0,1069000,213800,2021-09-01,2025-10-01,,,Not Frozen,2026,Contract Headcount
POS-237,Accounts Assistant,Accounts Assistant,Finance,Junior,POS-047,Senior Financial Analyst,Permanent,On-site,Day,Filled,Monitor,Medium,EMP239,Komal Sultan,DEPARTMENT-002,Corporate Services,ORGANIZATIONAL-UNIT-FIN-TEAM-02,LOC-HQ,COST-CENTER-FIN,Yes,Yes,1.0,1069000,213800,2019-04-01,2024-04-01,,,Not Frozen,2026,Regular Headcount
POS-238,Accounts Assistant,Accounts Assistant,Finance,Junior,POS-091,Senior Financial Analyst,Permanent,On-site,Day,Filled,Monitor,Medium,EMP240,Eman Latif,DEPARTMENT-002,Corporate Services,ORGANIZATIONAL-UNIT-FIN-TEAM-01,LOC-HQ,COST-CENTER-FIN,Yes,Yes,1.0,1069000,213800,2024-05-01,2025-09-01,,,Not Frozen,2026,Regular Headcount
POS-239,Accounts Assistant,Accounts Assistant,Finance,Junior,POS-123,Senior Financial Analyst,Contract,Hybrid,Day,Filled,Monitor,Medium,EMP241,Mahnoor Hameed,DEPARTMENT-002,Corporate Services,ORGANIZATIONAL-UNIT-FIN-TEAM-02,LOC-HQ,COST-CENTER-FIN,Yes,Yes,1.0,1069000,213800,2022-02-01,2026-02-01,,,Not Frozen,2026,Contract Headcount
POS-240,Accounts Assistant,Accounts Assistant,Finance,Junior,POS-140,Senior Financial Analyst,Permanent,Hybrid,Day,Filled,Monitor,Medium,EMP242,Mehwish Dar,DEPARTMENT-002,Corporate Services,ORGANIZATIONAL-UNIT-FIN-TEAM-01,LOC-HQ,COST-CENTER-FIN,Yes,Yes,1.0,1069000,213800,2019-06-01,2025-07-01,,,Not Frozen,2026,Regular Headcount
POS-241,Accounts Assistant,Accounts Assistant,Finance,Junior,POS-160,Senior Financial Analyst,Permanent,Hybrid,Day,Filled,Monitor,Medium,EMP243,Mehwish Khalid,DEPARTMENT-002,Corporate Services,ORGANIZATIONAL-UNIT-FIN-TEAM-03,LOC-HQ,COST-CENTER-FIN,Yes,Yes,1.0,1069000,213800,2023-11-01,2026-02-01,,,Not Frozen,2026,Regular Headcount
POS-242,Accounts Assistant,Accounts Assistant,Finance,Junior,POS-173,Senior Financial Analyst,Permanent,On-site,Day,Filled,Monitor,Medium,EMP244,Saad Rauf,DEPARTMENT-002,Corporate Services,ORGANIZATIONAL-UNIT-FIN-TEAM-03,LOC-HQ,COST-CENTER-FIN,Yes,Yes,1.0,1069000,213800,2024-07-01,2023-10-01,,,Not Frozen,2026,Regular Headcount
POS-243,Accounts Assistant,Accounts Assistant,Finance,Junior,POS-185,Senior Financial Analyst,Permanent,On-site,Day,Filled,Monitor,Medium,EMP245,Ayesha Habib,DEPARTMENT-002,Corporate Services,ORGANIZATIONAL-UNIT-FIN-TEAM-01,LOC-HQ,COST-CENTER-FIN,Yes,Yes,1.0,1069000,213800,2020-09-01,2025-10-01,,,Not Frozen,2026,Regular Headcount
POS-244,Accounts Assistant,Accounts Assistant,Finance,Junior,POS-008,Finance Manager,Permanent,Hybrid,Day,Filled,Monitor,Medium,EMP246,Ahmed Zafar,DEPARTMENT-002,Corporate Services,ORGANIZATIONAL-UNIT-FIN-TEAM-02,LOC-HQ,COST-CENTER-FIN,Yes,Yes,1.0,1069000,213800,2020-11-01,2024-07-01,,,Not Frozen,2026,Regular Headcount
POS-245,Accounts Assistant,Accounts Assistant,Finance,Junior,POS-226,Finance Manager,Permanent,Hybrid,Day,Filled,Monitor,Medium,EMP247,Maha Aslam,DEPARTMENT-002,Corporate Services,ORGANIZATIONAL-UNIT-FIN-TEAM-01,LOC-HQ,COST-CENTER-FIN,Yes,Yes,1.0,1069000,213800,2023-02-01,2023-07-01,,,Not Frozen,2026,Regular Headcount
POS-246,Accounts Assistant,Accounts Assistant,Finance,Junior,POS-227,Finance Manager,Permanent,On-site,Day,Filled,Monitor,Medium,EMP248,Anam Zafar,DEPARTMENT-002,Corporate Services,ORGANIZATIONAL-UNIT-FIN-TEAM-01,LOC-HQ,COST-CENTER-FIN,Yes,Yes,1.0,1069000,213800,2019-12-01,2023-05-01,,,Not Frozen,2026,Regular Headcount
POS-247,Finance Intern,Finance Intern,Finance,Intern,POS-228,Finance Manager,Internship,On-site,Day,Filled,Monitor,Medium,EMP249,Noor Qureshi,DEPARTMENT-002,Corporate Services,ORGANIZATIONAL-UNIT-FIN-TEAM-01,LOC-HQ,COST-CENTER-FIN,Yes,Yes,0.5,249000,49800,2021-05-01,2026-02-01,,,Not Frozen,2026,Internship Headcount
POS-248,Finance Intern,Finance Intern,Finance,Intern,POS-229,Finance Manager,Internship,On-site,Day,Filled,Monitor,Medium,EMP250,Taha Malik,DEPARTMENT-002,Corporate Services,ORGANIZATIONAL-UNIT-FIN-TEAM-03,LOC-HQ,COST-CENTER-FIN,Yes,Yes,0.5,249000,49800,2022-12-01,2025-08-01,,,Not Frozen,2026,Internship Headcount
POS-249,Finance Intern,Finance Intern,Finance,Intern,POS-230,Finance Manager,Internship,On-site,Day,Filled,Monitor,Medium,EMP251,Mahnoor Javed,DEPARTMENT-002,Corporate Services,ORGANIZATIONAL-UNIT-FIN-TEAM-03,LOC-HQ,COST-CENTER-FIN,Yes,Yes,1.0,499000,99800,2023-07-01,2026-01-01,,,Not Frozen,2026,Internship Headcount
POS-250,Senior Account Manager,Senior Account Manager,Sales,Senior,POS-105,Sales Manager,Permanent,On-site,Day,Filled,Monitor,High,EMP253,Hassan Nawaz,DEPARTMENT-003,Commercial Services,ORGANIZATIONAL-UNIT-SAL-TEAM-02,LOC-NORTH,COST-CENTER-SAL,Yes,Yes,1.0,2994000,598800,2025-03-01,2022-02-01,,,Not Frozen,2026,Regular Headcount
POS-251,Senior Account Manager,Senior Account Manager,Sales,Senior,POS-166,Sales Manager,Contract,On-site,Day,Filled,Monitor,High,EMP254,Farhan Awan,DEPARTMENT-003,Commercial Services,ORGANIZATIONAL-UNIT-SAL-TEAM-02,LOC-NORTH,COST-CENTER-SAL,Yes,Yes,1.0,2994000,598800,2021-01-01,2019-06-01,,,Not Frozen,2026,Contract Headcount
POS-252,Senior Account Manager,Senior Account Manager,Sales,Senior,POS-011,Sales Manager,Contract,Hybrid,Day,Filled,Monitor,High,EMP255,Rabia Rashid,DEPARTMENT-003,Commercial Services,ORGANIZATIONAL-UNIT-SAL-TEAM-02,LOC-NORTH,COST-CENTER-SAL,Yes,Yes,1.0,2994000,598800,2025-05-01,2014-03-01,,,Not Frozen,2026,Contract Headcount
POS-253,Sales Intern,Sales Intern,Sales,Intern,POS-125,Senior Account Manager,Internship,On-site,Day,Filled,Monitor,Medium,EMP256,Omar Farooq,DEPARTMENT-003,Commercial Services,ORGANIZATIONAL-UNIT-SAL-TEAM-02,LOC-NORTH,COST-CENTER-SAL,Yes,Yes,1.0,476000,95200,2020-06-01,2026-02-01,,,Not Frozen,2026,Internship Headcount
POS-254,Sales Intern,Sales Intern,Sales,Intern,POS-176,Senior Account Manager,Internship,Remote,Day,Filled,Monitor,Medium,EMP257,Adnan Baig,DEPARTMENT-003,Commercial Services,ORGANIZATIONAL-UNIT-SAL-TEAM-02,LOC-NORTH,COST-CENTER-SAL,Yes,Yes,1.0,476000,95200,2020-03-01,2026-02-01,,,Not Frozen,2026,Internship Headcount
POS-255,Sales Intern,Sales Intern,Sales,Intern,POS-250,Senior Account Manager,Internship,Hybrid,Day,Filled,Monitor,Medium,EMP258,Ayesha Khalid,DEPARTMENT-003,Commercial Services,ORGANIZATIONAL-UNIT-SAL-TEAM-01,LOC-NORTH,COST-CENTER-SAL,Yes,Yes,1.0,476000,95200,2023-12-01,2025-08-01,,,Not Frozen,2026,Internship Headcount
POS-256,Senior Customer Support Specialist,Senior Customer Support Specialist,Customer Support,Senior,POS-009,Customer Support Manager,Permanent,Hybrid,Night,Filled,Monitor,High,EMP260,Rabia Farooq,DEPARTMENT-004,Commercial Services,ORGANIZATIONAL-UNIT-CS-TEAM-03,LOC-CENTRAL,COST-CENTER-CS,Yes,Yes,1.0,2424000,484800,2024-05-01,2017-12-01,,,Not Frozen,2026,Regular Headcount
POS-257,Senior Customer Support Specialist,Senior Customer Support Specialist,Customer Support,Senior,POS-068,Customer Support Manager,Permanent,On-site,Evening,Filled,Monitor,High,EMP261,Anam Ahmed,DEPARTMENT-004,Commercial Services,ORGANIZATIONAL-UNIT-CS-TEAM-01,LOC-CENTRAL,COST-CENTER-CS,Yes,Yes,1.0,2424000,484800,2024-04-01,2018-07-01,,,Not Frozen,2026,Regular Headcount
POS-258,Senior Customer Support Specialist,Senior Customer Support Specialist,Customer Support,Senior,POS-128,Customer Support Manager,Permanent,On-site,Night,Filled,Monitor,High,EMP262,Omar Riaz,DEPARTMENT-004,Commercial Services,ORGANIZATIONAL-UNIT-CS-TEAM-02,LOC-CENTRAL,COST-CENTER-CS,Yes,Yes,1.0,2424000,484800,2020-09-01,2016-10-01,,,Not Frozen,2026,Regular Headcount
POS-259,Customer Support Specialist,Customer Support Specialist,Customer Support,Mid,POS-144,Customer Support Manager,Permanent,On-site,Night,Filled,Monitor,Medium,EMP263,Anusha Rauf,DEPARTMENT-004,Commercial Services,ORGANIZATIONAL-UNIT-CS-TEAM-01,LOC-CENTRAL,COST-CENTER-CS,Yes,Yes,1.0,1487000,297400,2021-12-01,2021-10-01,,,Not Frozen,2026,Regular Headcount
POS-260,Customer Support Specialist,Customer Support Specialist,Customer Support,Mid,POS-147,Customer Support Manager,Permanent,On-site,Day,Filled,Monitor,Medium,EMP264,Areeba Rauf,DEPARTMENT-004,Commercial Services,ORGANIZATIONAL-UNIT-CS-TEAM-03,LOC-CENTRAL,COST-CENTER-CS,Yes,Yes,1.0,1487000,297400,2024-02-01,2023-10-01,,,Not Frozen,2026,Regular Headcount
POS-261,Customer Support Intern,Customer Support Intern,Customer Support,Intern,POS-256,Senior Customer Support Specialist,Internship,On-site,Night,Filled,Monitor,Medium,EMP265,Danish Saleem,DEPARTMENT-004,Commercial Services,ORGANIZATIONAL-UNIT-CS-TEAM-01,LOC-CENTRAL,COST-CENTER-CS,Yes,Yes,0.5,193000,38600,2024-02-01,2026-02-01,,,Not Frozen,2026,Internship Headcount
POS-262,Customer Support Intern,Customer Support Intern,Customer Support,Intern,POS-257,Senior Customer Support Specialist,Internship,Hybrid,Day,Filled,Monitor,Medium,EMP266,Maryam Khalid,DEPARTMENT-004,Commercial Services,ORGANIZATIONAL-UNIT-CS-TEAM-01,LOC-CENTRAL,COST-CENTER-CS,Yes,Yes,1.0,386000,77200,2022-07-01,2026-01-01,,,Not Frozen,2026,Internship Headcount
POS-263,Customer Support Intern,Customer Support Intern,Customer Support,Intern,POS-258,Senior Customer Support Specialist,Internship,On-site,Night,Filled,Monitor,Medium,EMP267,Haris Awan,DEPARTMENT-004,Commercial Services,ORGANIZATIONAL-UNIT-CS-TEAM-01,LOC-CENTRAL,COST-CENTER-CS,Yes,Yes,0.5,193000,38600,2023-06-01,2026-02-01,,,Not Frozen,2026,Internship Headcount
POS-264,Senior Software Engineer,Senior Software Engineer,Engineering,Senior,POS-129,Engineering Lead,Permanent,Hybrid,Day,Filled,Monitor,High,EMP269,Noor Bukhari,DEPARTMENT-005,Technology and Innovation,ORGANIZATIONAL-UNIT-ENG-TEAM-03,LOC-HQ,COST-CENTER-ENG,Yes,Yes,1.0,3564000,712800,2020-09-01,2017-11-01,,,Not Frozen,2026,Regular Headcount
POS-265,Senior Software Engineer,Senior Software Engineer,Engineering,Senior,POS-142,Engineering Lead,Permanent,Remote,Day,Filled,Monitor,High,EMP270,Laiba Saeed,DEPARTMENT-005,Technology and Innovation,ORGANIZATIONAL-UNIT-ENG-TEAM-03,LOC-HQ,COST-CENTER-ENG,Yes,Yes,1.0,3564000,712800,2023-09-01,2015-12-01,,,Not Frozen,2026,Regular Headcount
POS-266,Junior Software Engineer,Junior Software Engineer,Engineering,Junior,POS-031,Senior Software Engineer,Permanent,Remote,Day,Filled,Monitor,Medium,EMP271,Minal Khalid,DEPARTMENT-005,Technology and Innovation,ORGANIZATIONAL-UNIT-ENG-TEAM-03,LOC-HQ,COST-CENTER-ENG,Yes,Yes,1.0,1215000,243000,2019-07-01,2024-01-01,,,Not Frozen,2026,Regular Headcount
POS-267,Junior Software Engineer,Junior Software Engineer,Engineering,Junior,POS-058,Senior Software Engineer,Permanent,Hybrid,Day,Filled,Monitor,Medium,EMP272,Ali Siddiqui,DEPARTMENT-005,Technology and Innovation,ORGANIZATIONAL-UNIT-ENG-TEAM-03,LOC-HQ,COST-CENTER-ENG,Yes,Yes,1.0,1215000,243000,2021-03-01,2024-12-01,,,Not Frozen,2026,Regular Headcount
POS-268,Junior Software Engineer,Junior Software Engineer,Engineering,Junior,POS-092,Senior Software Engineer,Permanent,Hybrid,Day,Filled,Monitor,Medium,EMP273,Haris Ejaz,DEPARTMENT-005,Technology and Innovation,ORGANIZATIONAL-UNIT-ENG-TEAM-01,LOC-HQ,COST-CENTER-ENG,Yes,Yes,1.0,1215000,243000,2025-07-01,2023-08-01,,,Not Frozen,2026,Regular Headcount
POS-269,Engineering Intern,Engineering Intern,Engineering,Intern,POS-100,Senior Software Engineer,Internship,Remote,Day,Filled,Monitor,Medium,EMP274,Adnan Awan,DEPARTMENT-005,Technology and Innovation,ORGANIZATIONAL-UNIT-ENG-TEAM-03,LOC-HQ,COST-CENTER-ENG,Yes,Yes,0.5,284000,56800,2024-12-01,2026-02-01,,,Not Frozen,2026,Internship Headcount
POS-270,Engineering Intern,Engineering Intern,Engineering,Intern,POS-159,Senior Software Engineer,Internship,Hybrid,Day,Filled,Monitor,Medium,EMP275,Fatima Saeed,DEPARTMENT-005,Technology and Innovation,ORGANIZATIONAL-UNIT-ENG-TEAM-01,LOC-HQ,COST-CENTER-ENG,Yes,Yes,1.0,567000,113400,2020-10-01,2026-01-01,,,Not Frozen,2026,Internship Headcount
POS-271,Engineering Intern,Engineering Intern,Engineering,Intern,POS-264,Senior Software Engineer,Internship,Remote,Day,Filled,Monitor,Medium,EMP276,Ali Riaz,DEPARTMENT-005,Technology and Innovation,ORGANIZATIONAL-UNIT-ENG-TEAM-03,LOC-HQ,COST-CENTER-ENG,Yes,Yes,1.0,567000,113400,2024-01-01,2026-02-01,,,Not Frozen,2026,Internship Headcount
POS-272,Operations Manager,Operations Manager,Operations,Lead/Manager,EXEC-OPS-HEAD,Head of Operations,Permanent,On-site,Evening,Filled,Successor Coverage Required,High,EMP278,Kinza Mirza,DEPARTMENT-006,Enterprise Operations,ORGANIZATIONAL-UNIT-OPS,LOC-CENTRAL,COST-CENTER-OPS,Yes,Yes,1.0,4082000,816400,2020-02-01,2011-07-01,,,Not Frozen,2026,Regular Headcount
POS-273,Senior Operations Officer,Senior Operations Officer,Operations,Senior,POS-272,Operations Manager,Permanent,On-site,Evening,Filled,Monitor,High,EMP279,Minal Ali,DEPARTMENT-006,Enterprise Operations,ORGANIZATIONAL-UNIT-OPS-TEAM-02,LOC-CENTRAL,COST-CENTER-OPS,Yes,Yes,1.0,2566000,513200,2019-06-01,2016-12-01,,,Not Frozen,2026,Regular Headcount
POS-274,Senior Operations Officer,Senior Operations Officer,Operations,Senior,POS-026,Operations Manager,Permanent,On-site,Day,Filled,Monitor,High,EMP280,Noman Waheed,DEPARTMENT-006,Enterprise Operations,ORGANIZATIONAL-UNIT-OPS-TEAM-03,LOC-CENTRAL,COST-CENTER-OPS,Yes,Yes,1.0,2566000,513200,2019-12-01,2023-04-01,,,Not Frozen,2026,Regular Headcount
POS-275,Senior Operations Officer,Senior Operations Officer,Operations,Senior,POS-067,Operations Manager,Contract,On-site,Day,Filled,Monitor,High,EMP281,Noman Shah,DEPARTMENT-006,Enterprise Operations,ORGANIZATIONAL-UNIT-OPS-TEAM-01,LOC-CENTRAL,COST-CENTER-OPS,Yes,Yes,1.0,2566000,513200,2024-10-01,2018-05-01,,,Not Frozen,2026,Contract Headcount
POS-276,Senior Operations Officer,Senior Operations Officer,Operations,Senior,POS-141,Operations Manager,Permanent,On-site,Day,Filled,Monitor,High,EMP282,Sana Latif,DEPARTMENT-006,Enterprise Operations,ORGANIZATIONAL-UNIT-OPS-TEAM-01,LOC-CENTRAL,COST-CENTER-OPS,Yes,Yes,1.0,2566000,513200,2022-09-01,2017-07-01,,,Not Frozen,2026,Regular Headcount
POS-277,Senior Operations Officer,Senior Operations Officer,Operations,Senior,POS-272,Operations Manager,Permanent,On-site,Day,Filled,Monitor,High,EMP283,Komal Baig,DEPARTMENT-006,Enterprise Operations,ORGANIZATIONAL-UNIT-OPS-TEAM-03,LOC-CENTRAL,COST-CENTER-OPS,Yes,Yes,1.0,2566000,513200,2025-03-01,2015-10-01,,,Not Frozen,2026,Regular Headcount
POS-278,Senior Operations Officer,Senior Operations Officer,Operations,Senior,POS-026,Operations Manager,Permanent,On-site,Evening,Filled,Monitor,High,EMP284,Hamza Aziz,DEPARTMENT-006,Enterprise Operations,ORGANIZATIONAL-UNIT-OPS-TEAM-02,LOC-CENTRAL,COST-CENTER-OPS,Yes,Yes,1.0,2566000,513200,2019-09-01,2016-10-01,,,Not Frozen,2026,Regular Headcount
POS-279,Senior Operations Officer,Senior Operations Officer,Operations,Senior,POS-067,Operations Manager,Permanent,On-site,Day,Filled,Monitor,High,EMP285,Maryam Baig,DEPARTMENT-006,Enterprise Operations,ORGANIZATIONAL-UNIT-OPS-TEAM-03,LOC-CENTRAL,COST-CENTER-OPS,Yes,Yes,1.0,2566000,513200,2024-06-01,2017-08-01,,,Not Frozen,2026,Regular Headcount
POS-280,Senior Operations Officer,Senior Operations Officer,Operations,Senior,POS-141,Operations Manager,Permanent,On-site,Evening,Filled,Monitor,High,EMP286,Taha Munir,DEPARTMENT-006,Enterprise Operations,ORGANIZATIONAL-UNIT-OPS-TEAM-01,LOC-CENTRAL,COST-CENTER-OPS,Yes,Yes,1.0,2566000,513200,2022-05-01,2016-09-01,,,Not Frozen,2026,Regular Headcount
POS-281,Operations Officer,Operations Officer,Operations,Mid,POS-272,Operations Manager,Contract,On-site,Evening,Filled,Monitor,Medium,EMP287,Komal Waheed,DEPARTMENT-006,Enterprise Operations,ORGANIZATIONAL-UNIT-OPS-TEAM-02,LOC-CENTRAL,COST-CENTER-OPS,Yes,Yes,1.0,1575000,315000,2025-05-01,2021-12-01,,,Not Frozen,2026,Contract Headcount
POS-282,Operations Officer,Operations Officer,Operations,Mid,POS-026,Operations Manager,Permanent,On-site,Evening,Filled,Monitor,Medium,EMP288,Hira Chaudhry,DEPARTMENT-006,Enterprise Operations,ORGANIZATIONAL-UNIT-OPS-TEAM-01,LOC-CENTRAL,COST-CENTER-OPS,Yes,Yes,1.0,1575000,315000,2020-08-01,2020-09-01,,,Not Frozen,2026,Regular Headcount
POS-283,Operations Intern,Operations Intern,Operations,Intern,POS-274,Senior Operations Officer,Internship,On-site,Day,Filled,Monitor,Medium,EMP289,Ali Javed,DEPARTMENT-006,Enterprise Operations,ORGANIZATIONAL-UNIT-OPS-TEAM-03,LOC-CENTRAL,COST-CENTER-OPS,Yes,Yes,1.0,408000,81600,2023-01-01,2025-08-01,,,Not Frozen,2026,Internship Headcount
POS-284,Operations Intern,Operations Intern,Operations,Intern,POS-275,Senior Operations Officer,Internship,On-site,Day,Filled,Monitor,Medium,EMP290,Sara Shah,DEPARTMENT-006,Enterprise Operations,ORGANIZATIONAL-UNIT-OPS-TEAM-01,LOC-CENTRAL,COST-CENTER-OPS,Yes,Yes,0.5,204000,40800,2025-02-01,2026-02-01,,,Not Frozen,2026,Internship Headcount
POS-285,Operations Intern,Operations Intern,Operations,Intern,POS-276,Senior Operations Officer,Internship,On-site,Evening,Filled,Monitor,Medium,EMP291,Raza Khan,DEPARTMENT-006,Enterprise Operations,ORGANIZATIONAL-UNIT-OPS-TEAM-02,LOC-CENTRAL,COST-CENTER-OPS,Yes,Yes,1.0,408000,81600,2025-08-01,2025-08-01,,,Not Frozen,2026,Internship Headcount
POS-286,IT Manager,IT Manager,IT,Lead/Manager,EXEC-IT-HEAD,Head of IT,Permanent,Hybrid,Day,Filled,Successor Coverage Required,High,EMP293,Asad Akhtar,DEPARTMENT-007,Technology and Innovation,ORGANIZATIONAL-UNIT-IT,LOC-HQ,COST-CENTER-IT,Yes,Yes,1.0,5216000,1043200,2022-02-01,2019-02-01,,,Not Frozen,2026,Regular Headcount
POS-287,IT Manager,IT Manager,IT,Lead/Manager,EXEC-IT-HEAD,Head of IT,Contract,On-site,Day,Filled,Successor Coverage Required,High,EMP294,Sara Mirza,DEPARTMENT-007,Technology and Innovation,ORGANIZATIONAL-UNIT-IT,LOC-HQ,COST-CENTER-IT,Yes,Yes,1.0,5216000,1043200,2019-02-01,2011-04-01,,,Not Frozen,2026,Contract Headcount
POS-288,IT Manager,IT Manager,IT,Lead/Manager,EXEC-IT-HEAD,Head of IT,Permanent,Hybrid,Day,Filled,Successor Coverage Required,High,EMP295,Raza Rehman,DEPARTMENT-007,Technology and Innovation,ORGANIZATIONAL-UNIT-IT,LOC-HQ,COST-CENTER-IT,Yes,Yes,1.0,5216000,1043200,2020-07-01,2021-02-01,,,Not Frozen,2026,Regular Headcount
POS-289,Senior Systems Engineer,Senior Systems Engineer,IT,Senior,POS-171,IT Operations Manager,Permanent,On-site,Day,Filled,Monitor,High,EMP296,Fahad Aziz,DEPARTMENT-007,Technology and Innovation,ORGANIZATIONAL-UNIT-IT-TEAM-02,LOC-HQ,COST-CENTER-IT,Yes,Yes,1.0,3279000,655800,2025-06-01,2014-06-01,,,Not Frozen,2026,Regular Headcount
POS-290,Senior Systems Engineer,Senior Systems Engineer,IT,Senior,POS-286,IT Manager,Permanent,Hybrid,Day,Filled,Monitor,High,EMP297,Usman Mughal,DEPARTMENT-007,Technology and Innovation,ORGANIZATIONAL-UNIT-IT-TEAM-01,LOC-HQ,COST-CENTER-IT,Yes,Yes,1.0,3279000,655800,2020-09-01,2022-04-01,,,Not Frozen,2026,Regular Headcount
POS-291,Senior Systems Engineer,Senior Systems Engineer,IT,Senior,POS-287,IT Manager,Permanent,Hybrid,Day,Filled,Monitor,High,EMP298,Ayesha Mughal,DEPARTMENT-007,Technology and Innovation,ORGANIZATIONAL-UNIT-IT-TEAM-01,LOC-HQ,COST-CENTER-IT,Yes,Yes,1.0,3279000,655800,2024-03-01,2020-05-01,,,Not Frozen,2026,Regular Headcount
POS-292,Systems Administrator,Systems Administrator,IT,Mid,POS-288,IT Manager,Permanent,Remote,Day,Filled,Monitor,Medium,EMP299,Noor Nadeem,DEPARTMENT-007,Technology and Innovation,ORGANIZATIONAL-UNIT-IT-TEAM-02,LOC-HQ,COST-CENTER-IT,Yes,Yes,1.0,2012000,402400,2022-12-01,2022-06-01,,,Not Frozen,2026,Regular Headcount
POS-293,Systems Administrator,Systems Administrator,IT,Mid,POS-095,IT Operations Manager,Permanent,Remote,Day,Filled,Monitor,Medium,EMP300,Talha Akhtar,DEPARTMENT-007,Technology and Innovation,ORGANIZATIONAL-UNIT-IT-TEAM-03,LOC-HQ,COST-CENTER-IT,Yes,Yes,1.0,2012000,402400,2021-03-01,2025-03-01,,,Not Frozen,2026,Regular Headcount
POS-294,Systems Administrator,Systems Administrator,IT,Mid,POS-169,IT Operations Manager,Permanent,On-site,Day,Filled,Monitor,Medium,EMP301,Talha Ali,DEPARTMENT-007,Technology and Innovation,ORGANIZATIONAL-UNIT-IT-TEAM-03,LOC-HQ,COST-CENTER-IT,Yes,Yes,1.0,2012000,402400,2021-04-01,2024-11-01,,,Not Frozen,2026,Regular Headcount
POS-295,Systems Administrator,Systems Administrator,IT,Mid,POS-171,IT Operations Manager,Permanent,On-site,Day,Filled,Monitor,Medium,EMP302,Zainab Mahmood,DEPARTMENT-007,Technology and Innovation,ORGANIZATIONAL-UNIT-IT-TEAM-01,LOC-HQ,COST-CENTER-IT,Yes,Yes,1.0,2012000,402400,2019-01-01,2023-10-01,,,Not Frozen,2026,Regular Headcount
POS-296,Systems Administrator,Systems Administrator,IT,Mid,POS-286,IT Manager,Permanent,On-site,Day,Filled,Monitor,Medium,EMP303,Saba Hameed,DEPARTMENT-007,Technology and Innovation,ORGANIZATIONAL-UNIT-IT-TEAM-03,LOC-HQ,COST-CENTER-IT,Yes,Yes,1.0,2012000,402400,2025-05-01,2021-10-01,,,Not Frozen,2026,Regular Headcount
POS-297,Systems Administrator,Systems Administrator,IT,Mid,POS-287,IT Manager,Permanent,On-site,Day,Filled,Monitor,Medium,EMP304,Sana Akhtar,DEPARTMENT-007,Technology and Innovation,ORGANIZATIONAL-UNIT-IT-TEAM-02,LOC-HQ,COST-CENTER-IT,Yes,Yes,1.0,2012000,402400,2024-03-01,2023-04-01,,,Not Frozen,2026,Regular Headcount
POS-298,Systems Administrator,Systems Administrator,IT,Mid,POS-288,IT Manager,Permanent,Hybrid,Day,Filled,Monitor,Medium,EMP305,Talha Habib,DEPARTMENT-007,Technology and Innovation,ORGANIZATIONAL-UNIT-IT-TEAM-02,LOC-HQ,COST-CENTER-IT,Yes,Yes,1.0,2012000,402400,2022-08-01,2019-02-01,,,Not Frozen,2026,Regular Headcount
POS-299,IT Support Technician,IT Support Technician,IT,Junior,POS-287,IT Manager,Permanent,Hybrid,Day,Filled,Monitor,Medium,EMP306,Imran Hameed,DEPARTMENT-007,Technology and Innovation,ORGANIZATIONAL-UNIT-IT-TEAM-02,LOC-HQ,COST-CENTER-IT,Yes,Yes,1.0,1118000,223600,2023-11-01,2024-11-01,,,Not Frozen,2026,Regular Headcount
POS-300,IT Support Technician,IT Support Technician,IT,Junior,POS-288,IT Manager,Permanent,On-site,Day,Filled,Monitor,Medium,EMP307,Omar Habib,DEPARTMENT-007,Technology and Innovation,ORGANIZATIONAL-UNIT-IT-TEAM-02,LOC-HQ,COST-CENTER-IT,Yes,Yes,1.0,1118000,223600,2019-02-01,2023-04-01,,,Not Frozen,2026,Regular Headcount
POS-301,IT Support Technician,IT Support Technician,IT,Junior,POS-051,Senior Systems Engineer,Permanent,On-site,Day,Filled,Monitor,Medium,EMP308,Adnan Riaz,DEPARTMENT-007,Technology and Innovation,ORGANIZATIONAL-UNIT-IT-TEAM-01,LOC-HQ,COST-CENTER-IT,Yes,Yes,1.0,1118000,223600,2018-10-01,2025-01-01,,,Not Frozen,2026,Regular Headcount
POS-302,IT Support Technician,IT Support Technician,IT,Junior,POS-094,Senior Systems Engineer,Contract,On-site,Day,Filled,Monitor,Medium,EMP309,Shahzaib Hashmi,DEPARTMENT-007,Technology and Innovation,ORGANIZATIONAL-UNIT-IT-TEAM-03,LOC-HQ,COST-CENTER-IT,Yes,Yes,1.0,1118000,223600,2025-02-01,2023-02-01,,,Not Frozen,2026,Contract Headcount
POS-303,IT Support Technician,IT Support Technician,IT,Junior,POS-104,Senior Systems Engineer,Permanent,Hybrid,Day,Filled,Monitor,Medium,EMP310,Maryam Chaudhry,DEPARTMENT-007,Technology and Innovation,ORGANIZATIONAL-UNIT-IT-TEAM-02,LOC-HQ,COST-CENTER-IT,Yes,Yes,1.0,1118000,223600,2024-05-01,2025-10-01,,,Not Frozen,2026,Regular Headcount
POS-304,IT Support Technician,IT Support Technician,IT,Junior,POS-152,Senior Systems Engineer,Permanent,Remote,Day,Filled,Monitor,Medium,EMP311,Junaid Zafar,DEPARTMENT-007,Technology and Innovation,ORGANIZATIONAL-UNIT-IT-TEAM-02,LOC-HQ,COST-CENTER-IT,Yes,Yes,1.0,1118000,223600,2020-04-01,2026-02-01,,,Not Frozen,2026,Regular Headcount
POS-305,IT Support Technician,IT Support Technician,IT,Junior,POS-188,Senior Systems Engineer,Permanent,On-site,Day,Filled,Monitor,Medium,EMP312,Areeba Tariq,DEPARTMENT-007,Technology and Innovation,ORGANIZATIONAL-UNIT-IT-TEAM-01,LOC-HQ,COST-CENTER-IT,Yes,Yes,1.0,1118000,223600,2024-07-01,2023-03-01,,,Not Frozen,2026,Regular Headcount
POS-306,IT Intern,IT Intern,IT,Intern,POS-289,Senior Systems Engineer,Internship,Remote,Day,Filled,Monitor,Medium,EMP313,Kamran Mughal,DEPARTMENT-007,Technology and Innovation,ORGANIZATIONAL-UNIT-IT-TEAM-01,LOC-HQ,COST-CENTER-IT,Yes,Yes,1.0,522000,104400,2024-04-01,2026-02-01,,,Not Frozen,2026,Internship Headcount
POS-307,IT Intern,IT Intern,IT,Intern,POS-290,Senior Systems Engineer,Internship,Hybrid,Day,Filled,Monitor,Medium,EMP314,Anam Hameed,DEPARTMENT-007,Technology and Innovation,ORGANIZATIONAL-UNIT-IT-TEAM-01,LOC-HQ,COST-CENTER-IT,Yes,Yes,1.0,522000,104400,2022-07-01,2025-08-01,,,Not Frozen,2026,Internship Headcount
POS-308,IT Intern,IT Intern,IT,Intern,POS-291,Senior Systems Engineer,Internship,Remote,Day,Filled,Monitor,Medium,EMP315,Maha Abbasi,DEPARTMENT-007,Technology and Innovation,ORGANIZATIONAL-UNIT-IT-TEAM-03,LOC-HQ,COST-CENTER-IT,Yes,Yes,1.0,522000,104400,2019-03-01,2026-02-01,,,Not Frozen,2026,Internship Headcount
EXEC-MED-HEAD,Head of Medical Care,Head of Medical Care,Medical Care,Executive,,Chief People and Operations Officer,Permanent,On-site,Evening,Filled,Successor Coverage Required,Critical,EMP316,Imran Abbasi,DEPARTMENT-008,Healthcare Services,ORGANIZATIONAL-UNIT-MED,LOC-MEDICAL,COST-CENTER-MED,Yes,Yes,1.0,9688000,1937600,2020-09-01,2008-06-01,,,Not Frozen,2026,Regular Headcount
POS-309,Medical Care Manager,Medical Care Manager,Medical Care,Lead/Manager,EXEC-MED-HEAD,Head of Medical Care,Permanent,On-site,Night,Filled,Successor Coverage Required,High,EMP317,Anam Khan,DEPARTMENT-008,Healthcare Services,ORGANIZATIONAL-UNIT-MED,LOC-MEDICAL,COST-CENTER-MED,Yes,Yes,1.0,5216000,1043200,2021-01-01,2018-01-01,,,Not Frozen,2026,Regular Headcount
POS-310,Medical Care Manager,Medical Care Manager,Medical Care,Lead/Manager,EXEC-MED-HEAD,Head of Medical Care,Permanent,On-site,Night,Filled,Successor Coverage Required,High,EMP318,Haris Khalid,DEPARTMENT-008,Healthcare Services,ORGANIZATIONAL-UNIT-MED,LOC-MEDICAL,COST-CENTER-MED,Yes,Yes,1.0,5216000,1043200,2021-04-01,2020-08-01,,,Not Frozen,2026,Regular Headcount
POS-311,Medical Care Manager,Medical Care Manager,Medical Care,Lead/Manager,EXEC-MED-HEAD,Head of Medical Care,Permanent,On-site,Night,Filled,Successor Coverage Required,High,EMP319,Anusha Baig,DEPARTMENT-008,Healthcare Services,ORGANIZATIONAL-UNIT-MED,LOC-MEDICAL,COST-CENTER-MED,Yes,Yes,1.0,5216000,1043200,2024-12-01,2016-11-01,,,Not Frozen,2026,Regular Headcount
POS-312,Medical Care Manager,Medical Care Manager,Medical Care,Lead/Manager,EXEC-MED-HEAD,Head of Medical Care,Permanent,On-site,Day,Filled,Successor Coverage Required,High,EMP320,Shahzaib Iqbal,DEPARTMENT-008,Healthcare Services,ORGANIZATIONAL-UNIT-MED,LOC-MEDICAL,COST-CENTER-MED,Yes,Yes,1.0,5216000,1043200,2018-09-01,2017-05-01,,,Not Frozen,2026,Regular Headcount
POS-313,Medical Care Manager,Medical Care Manager,Medical Care,Lead/Manager,EXEC-MED-HEAD,Head of Medical Care,Permanent,On-site,Evening,Filled,Successor Coverage Required,High,EMP321,Hira Awan,DEPARTMENT-008,Healthcare Services,ORGANIZATIONAL-UNIT-MED,LOC-MEDICAL,COST-CENTER-MED,Yes,Yes,1.0,5216000,1043200,2023-09-01,2011-04-01,,,Not Frozen,2026,Regular Headcount
POS-314,Medical Care Manager,Medical Care Manager,Medical Care,Lead/Manager,EXEC-MED-HEAD,Head of Medical Care,Contract,On-site,Night,Filled,Successor Coverage Required,High,EMP322,Kinza Butt,DEPARTMENT-008,Healthcare Services,ORGANIZATIONAL-UNIT-MED,LOC-MEDICAL,COST-CENTER-MED,Yes,Yes,1.0,5216000,1043200,2020-01-01,2012-04-01,,,Not Frozen,2026,Contract Headcount
POS-315,Senior Medical Officer,Senior Medical Officer,Medical Care,Senior,POS-314,Medical Care Manager,Contract,On-site,Day,Filled,Monitor,High,EMP323,Rabia Bukhari,DEPARTMENT-008,Healthcare Services,ORGANIZATIONAL-UNIT-MED-TEAM-03,LOC-MEDICAL,COST-CENTER-MED,Yes,Yes,1.0,3279000,655800,2024-05-01,2022-10-01,,,Not Frozen,2026,Contract Headcount
POS-316,Senior Medical Officer,Senior Medical Officer,Medical Care,Senior,POS-309,Medical Care Manager,Permanent,On-site,Night,Filled,Monitor,High,EMP324,Waqas Farooq,DEPARTMENT-008,Healthcare Services,ORGANIZATIONAL-UNIT-MED-TEAM-02,LOC-MEDICAL,COST-CENTER-MED,Yes,Yes,1.0,3279000,655800,2018-09-01,2019-02-01,,,Not Frozen,2026,Regular Headcount
POS-317,Senior Medical Officer,Senior Medical Officer,Medical Care,Senior,POS-310,Medical Care Manager,Permanent,On-site,Night,Filled,Monitor,High,EMP325,Eman Iqbal,DEPARTMENT-008,Healthcare Services,ORGANIZATIONAL-UNIT-MED-TEAM-02,LOC-MEDICAL,COST-CENTER-MED,Yes,Yes,1.0,3279000,655800,2023-11-01,2020-06-01,,,Not Frozen,2026,Regular Headcount
POS-318,Senior Medical Officer,Senior Medical Officer,Medical Care,Senior,POS-311,Medical Care Manager,Permanent,On-site,Day,Filled,Monitor,High,EMP326,Hira Yousaf,DEPARTMENT-008,Healthcare Services,ORGANIZATIONAL-UNIT-MED-TEAM-01,LOC-MEDICAL,COST-CENTER-MED,Yes,Yes,1.0,3279000,655800,2018-10-01,2017-03-01,,,Not Frozen,2026,Regular Headcount
POS-319,Senior Medical Officer,Senior Medical Officer,Medical Care,Senior,POS-312,Medical Care Manager,Permanent,On-site,Evening,Filled,Monitor,High,EMP327,Sidra Yousaf,DEPARTMENT-008,Healthcare Services,ORGANIZATIONAL-UNIT-MED-TEAM-01,LOC-MEDICAL,COST-CENTER-MED,Yes,Yes,1.0,3279000,655800,2023-09-01,2014-07-01,,,Not Frozen,2026,Regular Headcount
POS-320,Senior Medical Officer,Senior Medical Officer,Medical Care,Senior,POS-313,Medical Care Manager,Permanent,On-site,Evening,Filled,Monitor,High,EMP328,Raza Javed,DEPARTMENT-008,Healthcare Services,ORGANIZATIONAL-UNIT-MED-TEAM-02,LOC-MEDICAL,COST-CENTER-MED,Yes,Yes,1.0,3279000,655800,2024-11-01,2019-08-01,,,Not Frozen,2026,Regular Headcount
POS-321,Senior Medical Officer,Senior Medical Officer,Medical Care,Senior,POS-314,Medical Care Manager,Permanent,On-site,Night,Filled,Monitor,High,EMP329,Ali Aziz,DEPARTMENT-008,Healthcare Services,ORGANIZATIONAL-UNIT-MED-TEAM-02,LOC-MEDICAL,COST-CENTER-MED,Yes,Yes,1.0,3279000,655800,2019-02-01,2016-05-01,,,Not Frozen,2026,Regular Headcount
POS-322,Senior Medical Officer,Senior Medical Officer,Medical Care,Senior,POS-309,Medical Care Manager,Permanent,On-site,Night,Filled,Monitor,High,EMP330,Farhan Khalid,DEPARTMENT-008,Healthcare Services,ORGANIZATIONAL-UNIT-MED-TEAM-03,LOC-MEDICAL,COST-CENTER-MED,Yes,Yes,1.0,3279000,655800,2020-09-01,2022-03-01,,,Not Frozen,2026,Regular Headcount
POS-323,Medical Officer,Medical Officer,Medical Care,Mid,POS-310,Medical Care Manager,Permanent,On-site,Day,Filled,Monitor,Medium,EMP331,Iqra Saleem,DEPARTMENT-008,Healthcare Services,ORGANIZATIONAL-UNIT-MED-TEAM-03,LOC-MEDICAL,COST-CENTER-MED,Yes,Yes,1.0,2012000,402400,2018-08-01,2020-05-01,,,Not Frozen,2026,Regular Headcount
POS-324,Medical Officer,Medical Officer,Medical Care,Mid,POS-311,Medical Care Manager,Permanent,On-site,Day,Filled,Monitor,Medium,EMP332,Maryam Ismail,DEPARTMENT-008,Healthcare Services,ORGANIZATIONAL-UNIT-MED-TEAM-01,LOC-MEDICAL,COST-CENTER-MED,Yes,Yes,1.0,2012000,402400,2023-03-01,2022-03-01,,,Not Frozen,2026,Regular Headcount
POS-325,Medical Officer,Medical Officer,Medical Care,Mid,POS-312,Medical Care Manager,Permanent,On-site,Night,Filled,Monitor,Medium,EMP333,Bilal Zafar,DEPARTMENT-008,Healthcare Services,ORGANIZATIONAL-UNIT-MED-TEAM-03,LOC-MEDICAL,COST-CENTER-MED,Yes,Yes,1.0,2012000,402400,2020-05-01,2020-05-01,,,Not Frozen,2026,Regular Headcount
POS-326,Medical Officer,Medical Officer,Medical Care,Mid,POS-313,Medical Care Manager,Permanent,On-site,Evening,Filled,Monitor,Medium,EMP334,Fahad Hashmi,DEPARTMENT-008,Healthcare Services,ORGANIZATIONAL-UNIT-MED-TEAM-03,LOC-MEDICAL,COST-CENTER-MED,Yes,Yes,1.0,2012000,402400,2020-11-01,2022-12-01,,,Not Frozen,2026,Regular Headcount
POS-327,Medical Officer,Medical Officer,Medical Care,Mid,POS-314,Medical Care Manager,Permanent,On-site,Evening,Filled,Monitor,Medium,EMP335,Haris Rauf,DEPARTMENT-008,Healthcare Services,ORGANIZATIONAL-UNIT-MED-TEAM-01,LOC-MEDICAL,COST-CENTER-MED,Yes,Yes,1.0,2012000,402400,2021-07-01,2021-03-01,,,Not Frozen,2026,Regular Headcount
POS-328,Medical Officer,Medical Officer,Medical Care,Mid,POS-309,Medical Care Manager,Permanent,On-site,Day,Filled,Monitor,Medium,EMP336,Kinza Faisal,DEPARTMENT-008,Healthcare Services,ORGANIZATIONAL-UNIT-MED-TEAM-02,LOC-MEDICAL,COST-CENTER-MED,Yes,Yes,1.0,2012000,402400,2019-11-01,2021-12-01,,,Not Frozen,2026,Regular Headcount
POS-329,Medical Officer,Medical Officer,Medical Care,Mid,POS-310,Medical Care Manager,Permanent,On-site,Night,Filled,Monitor,Medium,EMP337,Junaid Mahmood,DEPARTMENT-008,Healthcare Services,ORGANIZATIONAL-UNIT-MED-TEAM-03,LOC-MEDICAL,COST-CENTER-MED,Yes,Yes,1.0,2012000,402400,2025-05-01,2019-08-01,,,Not Frozen,2026,Regular Headcount
POS-330,Medical Officer,Medical Officer,Medical Care,Mid,POS-311,Medical Care Manager,Permanent,On-site,Day,Filled,Monitor,Medium,EMP338,Imran Malik,DEPARTMENT-008,Healthcare Services,ORGANIZATIONAL-UNIT-MED-TEAM-01,LOC-MEDICAL,COST-CENTER-MED,Yes,Yes,1.0,2012000,402400,2022-09-01,2019-10-01,,,Not Frozen,2026,Regular Headcount
POS-331,Medical Officer,Medical Officer,Medical Care,Mid,POS-312,Medical Care Manager,Permanent,On-site,Night,Filled,Monitor,Medium,EMP339,Saba Saleem,DEPARTMENT-008,Healthcare Services,ORGANIZATIONAL-UNIT-MED-TEAM-02,LOC-MEDICAL,COST-CENTER-MED,Yes,Yes,1.0,2012000,402400,2021-10-01,2024-04-01,,,Not Frozen,2026,Regular Headcount
POS-332,Medical Officer,Medical Officer,Medical Care,Mid,POS-313,Medical Care Manager,Permanent,On-site,Night,Filled,Monitor,Medium,EMP340,Eman Raza,DEPARTMENT-008,Healthcare Services,ORGANIZATIONAL-UNIT-MED-TEAM-03,LOC-MEDICAL,COST-CENTER-MED,Yes,Yes,1.0,2012000,402400,2022-05-01,2024-04-01,,,Not Frozen,2026,Regular Headcount
POS-333,Medical Officer,Medical Officer,Medical Care,Mid,POS-314,Medical Care Manager,Permanent,On-site,Night,Filled,Monitor,Medium,EMP341,Kashif Latif,DEPARTMENT-008,Healthcare Services,ORGANIZATIONAL-UNIT-MED-TEAM-03,LOC-MEDICAL,COST-CENTER-MED,Yes,Yes,1.0,2012000,402400,2018-08-01,2019-03-01,,,Not Frozen,2026,Regular Headcount
POS-334,Medical Officer,Medical Officer,Medical Care,Mid,POS-309,Medical Care Manager,Permanent,On-site,Night,Filled,Monitor,Medium,EMP342,Maha Mughal,DEPARTMENT-008,Healthcare Services,ORGANIZATIONAL-UNIT-MED-TEAM-02,LOC-MEDICAL,COST-CENTER-MED,Yes,Yes,1.0,2012000,402400,2019-12-01,2019-10-01,,,Not Frozen,2026,Regular Headcount
POS-335,Medical Officer,Medical Officer,Medical Care,Mid,POS-310,Medical Care Manager,Permanent,On-site,Night,Filled,Monitor,Medium,EMP343,Taha Butt,DEPARTMENT-008,Healthcare Services,ORGANIZATIONAL-UNIT-MED-TEAM-01,LOC-MEDICAL,COST-CENTER-MED,Yes,Yes,1.0,2012000,402400,2025-06-01,2024-08-01,,,Not Frozen,2026,Regular Headcount
POS-336,Medical Officer,Medical Officer,Medical Care,Mid,POS-311,Medical Care Manager,Permanent,On-site,Night,Filled,Monitor,Medium,EMP344,Saba Latif,DEPARTMENT-008,Healthcare Services,ORGANIZATIONAL-UNIT-MED-TEAM-02,LOC-MEDICAL,COST-CENTER-MED,Yes,Yes,1.0,2012000,402400,2022-08-01,2023-05-01,,,Not Frozen,2026,Regular Headcount
POS-337,Junior Medical Officer,Junior Medical Officer,Medical Care,Junior,POS-310,Medical Care Manager,Permanent,On-site,Evening,Filled,Monitor,Medium,EMP345,Sana Chaudhry,DEPARTMENT-008,Healthcare Services,ORGANIZATIONAL-UNIT-MED-TEAM-02,LOC-MEDICAL,COST-CENTER-MED,Yes,Yes,1.0,1118000,223600,2020-05-01,2024-07-01,,,Not Frozen,2026,Regular Headcount
POS-338,Junior Medical Officer,Junior Medical Officer,Medical Care,Junior,POS-311,Medical Care Manager,Permanent,On-site,Evening,Filled,Monitor,Medium,EMP346,Hira Hashmi,DEPARTMENT-008,Healthcare Services,ORGANIZATIONAL-UNIT-MED-TEAM-02,LOC-MEDICAL,COST-CENTER-MED,Yes,Yes,1.0,1118000,223600,2023-02-01,2024-06-01,,,Not Frozen,2026,Regular Headcount
POS-339,Junior Medical Officer,Junior Medical Officer,Medical Care,Junior,POS-312,Medical Care Manager,Permanent,On-site,Evening,Filled,Monitor,Medium,EMP347,Maryam Tariq,DEPARTMENT-008,Healthcare Services,ORGANIZATIONAL-UNIT-MED-TEAM-01,LOC-MEDICAL,COST-CENTER-MED,Yes,Yes,1.0,1118000,223600,2025-05-01,2023-05-01,,,Not Frozen,2026,Regular Headcount
POS-340,Junior Medical Officer,Junior Medical Officer,Medical Care,Junior,POS-313,Medical Care Manager,Permanent,On-site,Day,Filled,Monitor,Medium,EMP348,Anusha Latif,DEPARTMENT-008,Healthcare Services,ORGANIZATIONAL-UNIT-MED-TEAM-02,LOC-MEDICAL,COST-CENTER-MED,Yes,Yes,1.0,1118000,223600,2025-07-01,2025-07-01,,,Not Frozen,2026,Regular Headcount
POS-341,Junior Medical Officer,Junior Medical Officer,Medical Care,Junior,POS-314,Medical Care Manager,Contract,On-site,Evening,Filled,Monitor,Medium,EMP349,Iqra Nawaz,DEPARTMENT-008,Healthcare Services,ORGANIZATIONAL-UNIT-MED-TEAM-02,LOC-MEDICAL,COST-CENTER-MED,Yes,Yes,1.0,1118000,223600,2024-01-01,2026-02-01,,,Not Frozen,2026,Contract Headcount
POS-342,Junior Medical Officer,Junior Medical Officer,Medical Care,Junior,POS-315,Senior Medical Officer,Permanent,On-site,Evening,Filled,Monitor,Medium,EMP350,Noor Abbasi,DEPARTMENT-008,Healthcare Services,ORGANIZATIONAL-UNIT-MED-TEAM-03,LOC-MEDICAL,COST-CENTER-MED,Yes,Yes,1.0,1118000,223600,2024-01-01,2024-04-01,,,Not Frozen,2026,Regular Headcount
POS-343,Junior Medical Officer,Junior Medical Officer,Medical Care,Junior,POS-316,Senior Medical Officer,Permanent,On-site,Evening,Filled,Monitor,Medium,EMP351,Talha Shah,DEPARTMENT-008,Healthcare Services,ORGANIZATIONAL-UNIT-MED-TEAM-02,LOC-MEDICAL,COST-CENTER-MED,Yes,Yes,1.0,1118000,223600,2024-07-01,2023-09-01,,,Not Frozen,2026,Regular Headcount
POS-344,Junior Medical Officer,Junior Medical Officer,Medical Care,Junior,POS-317,Senior Medical Officer,Permanent,On-site,Day,Filled,Monitor,Medium,EMP352,Bilal Mughal,DEPARTMENT-008,Healthcare Services,ORGANIZATIONAL-UNIT-MED-TEAM-01,LOC-MEDICAL,COST-CENTER-MED,Yes,Yes,1.0,1118000,223600,2021-08-01,2023-10-01,,,Not Frozen,2026,Regular Headcount
POS-345,Junior Medical Officer,Junior Medical Officer,Medical Care,Junior,POS-318,Senior Medical Officer,Permanent,On-site,Day,Filled,Monitor,Medium,EMP353,Nida Latif,DEPARTMENT-008,Healthcare Services,ORGANIZATIONAL-UNIT-MED-TEAM-03,LOC-MEDICAL,COST-CENTER-MED,Yes,Yes,1.0,1118000,223600,2023-09-01,2026-01-01,,,Not Frozen,2026,Regular Headcount
POS-346,Junior Medical Officer,Junior Medical Officer,Medical Care,Junior,POS-319,Senior Medical Officer,Permanent,On-site,Day,Filled,Monitor,Medium,EMP354,Anam Khalid,DEPARTMENT-008,Healthcare Services,ORGANIZATIONAL-UNIT-MED-TEAM-02,LOC-MEDICAL,COST-CENTER-MED,Yes,Yes,1.0,1118000,223600,2021-12-01,2023-06-01,,,Not Frozen,2026,Regular Headcount
POS-347,Junior Medical Officer,Junior Medical Officer,Medical Care,Junior,POS-320,Senior Medical Officer,Permanent,On-site,Evening,Filled,Monitor,Medium,EMP355,Saad Shah,DEPARTMENT-008,Healthcare Services,ORGANIZATIONAL-UNIT-MED-TEAM-03,LOC-MEDICAL,COST-CENTER-MED,Yes,Yes,1.0,1118000,223600,2019-09-01,2023-04-01,,,Not Frozen,2026,Regular Headcount
POS-348,Junior Medical Officer,Junior Medical Officer,Medical Care,Junior,POS-321,Senior Medical Officer,Permanent,On-site,Night,Filled,Monitor,Medium,EMP356,Hira Mirza,DEPARTMENT-008,Healthcare Services,ORGANIZATIONAL-UNIT-MED-TEAM-03,LOC-MEDICAL,COST-CENTER-MED,Yes,Yes,1.0,1118000,223600,2021-02-01,2026-02-01,,,Not Frozen,2026,Regular Headcount
POS-349,Junior Medical Officer,Junior Medical Officer,Medical Care,Junior,POS-322,Senior Medical Officer,Contract,On-site,Day,Filled,Monitor,Medium,EMP357,Kamran Ismail,DEPARTMENT-008,Healthcare Services,ORGANIZATIONAL-UNIT-MED-TEAM-03,LOC-MEDICAL,COST-CENTER-MED,Yes,Yes,1.0,1118000,223600,2020-01-01,2023-10-01,,,Not Frozen,2026,Contract Headcount
POS-350,Clinical Intern,Clinical Intern,Medical Care,Intern,POS-309,Medical Care Manager,Internship,On-site,Day,Filled,Monitor,Medium,EMP358,Junaid Saeed,DEPARTMENT-008,Healthcare Services,ORGANIZATIONAL-UNIT-MED-TEAM-03,LOC-MEDICAL,COST-CENTER-MED,Yes,Yes,1.0,522000,104400,2020-11-01,2025-09-01,,,Not Frozen,2026,Internship Headcount
POS-351,Clinical Intern,Clinical Intern,Medical Care,Intern,POS-310,Medical Care Manager,Internship,On-site,Night,Filled,Monitor,Medium,EMP359,Saba Mahmood,DEPARTMENT-008,Healthcare Services,ORGANIZATIONAL-UNIT-MED-TEAM-01,LOC-MEDICAL,COST-CENTER-MED,Yes,Yes,1.0,522000,104400,2024-03-01,2026-02-01,,,Not Frozen,2026,Internship Headcount
POS-352,Clinical Intern,Clinical Intern,Medical Care,Intern,POS-311,Medical Care Manager,Internship,On-site,Night,Filled,Monitor,Medium,EMP360,Omar Qureshi,DEPARTMENT-008,Healthcare Services,ORGANIZATIONAL-UNIT-MED-TEAM-01,LOC-MEDICAL,COST-CENTER-MED,Yes,Yes,0.5,261000,52200,2021-05-01,2026-02-01,,,Not Frozen,2026,Internship Headcount
EXEC-TRN-HEAD,Head of Training and Development,Head of Training and Development,Training & Development,Executive,,Chief People and Operations Officer,Permanent,On-site,Day,Filled,Successor Coverage Required,Critical,EMP361,Hira Siddiqui,DEPARTMENT-009,Learning Services,ORGANIZATIONAL-UNIT-TRN,LOC-CAMPUS,COST-CENTER-TRN,Yes,Yes,1.0,8003000,1600600,2024-12-01,2014-06-01,,,Not Frozen,2026,Regular Headcount
POS-353,Training Manager,Training Manager,Training & Development,Lead/Manager,EXEC-TRN-HEAD,Head of Training and Development,Permanent,On-site,Day,Filled,Successor Coverage Required,High,EMP362,Iqra Mahmood,DEPARTMENT-009,Learning Services,ORGANIZATIONAL-UNIT-TRN,LOC-CAMPUS,COST-CENTER-TRN,Yes,Yes,1.0,4309000,861800,2022-04-01,2021-08-01,,,Not Frozen,2026,Regular Headcount
POS-354,Training Manager,Training Manager,Training & Development,Lead/Manager,EXEC-TRN-HEAD,Head of Training and Development,Permanent,Hybrid,Day,Filled,Successor Coverage Required,High,EMP363,Shahzaib Rauf,DEPARTMENT-009,Learning Services,ORGANIZATIONAL-UNIT-TRN,LOC-CAMPUS,COST-CENTER-TRN,Yes,Yes,1.0,4309000,861800,2025-02-01,2016-03-01,,,Not Frozen,2026,Regular Headcount
POS-355,Training Manager,Training Manager,Training & Development,Lead/Manager,EXEC-TRN-HEAD,Head of Training and Development,Permanent,On-site,Day,Filled,Successor Coverage Required,High,EMP364,Iqra Malik,DEPARTMENT-009,Learning Services,ORGANIZATIONAL-UNIT-TRN,LOC-CAMPUS,COST-CENTER-TRN,Yes,Yes,1.0,4309000,861800,2020-06-01,2014-07-01,,,Not Frozen,2026,Regular Headcount
POS-356,Training Manager,Training Manager,Training & Development,Lead/Manager,EXEC-TRN-HEAD,Head of Training and Development,Permanent,On-site,Day,Filled,Successor Coverage Required,High,EMP365,Noor Raza,DEPARTMENT-009,Learning Services,ORGANIZATIONAL-UNIT-TRN,LOC-CAMPUS,COST-CENTER-TRN,Yes,Yes,1.0,4309000,861800,2018-11-01,2016-09-01,,,Not Frozen,2026,Regular Headcount
POS-357,Training Manager,Training Manager,Training & Development,Lead/Manager,EXEC-TRN-HEAD,Head of Training and Development,Permanent,On-site,Day,Filled,Successor Coverage Required,High,EMP366,Saad Khan,DEPARTMENT-009,Learning Services,ORGANIZATIONAL-UNIT-TRN,LOC-CAMPUS,COST-CENTER-TRN,Yes,Yes,1.0,4309000,861800,2022-10-01,2016-04-01,,,Not Frozen,2026,Regular Headcount
POS-358,Training Manager,Training Manager,Training & Development,Lead/Manager,EXEC-TRN-HEAD,Head of Training and Development,Contract,On-site,Day,Filled,Successor Coverage Required,High,EMP367,Laiba Siddiqui,DEPARTMENT-009,Learning Services,ORGANIZATIONAL-UNIT-TRN,LOC-CAMPUS,COST-CENTER-TRN,Yes,Yes,1.0,4309000,861800,2024-03-01,2018-12-01,,,Not Frozen,2026,Contract Headcount
POS-359,Senior Trainer,Senior Trainer,Training & Development,Senior,POS-355,Training Manager,Permanent,Hybrid,Day,Filled,Monitor,High,EMP368,Saba Hashmi,DEPARTMENT-009,Learning Services,ORGANIZATIONAL-UNIT-TRN-TEAM-01,LOC-CAMPUS,COST-CENTER-TRN,Yes,Yes,1.0,2709000,541800,2019-06-01,2022-05-01,,,Not Frozen,2026,Regular Headcount
POS-360,Senior Trainer,Senior Trainer,Training & Development,Senior,POS-356,Training Manager,Permanent,On-site,Day,Filled,Monitor,High,EMP369,Maha Rauf,DEPARTMENT-009,Learning Services,ORGANIZATIONAL-UNIT-TRN-TEAM-03,LOC-CAMPUS,COST-CENTER-TRN,Yes,Yes,1.0,2709000,541800,2018-11-01,2015-03-01,,,Not Frozen,2026,Regular Headcount
POS-361,Senior Trainer,Senior Trainer,Training & Development,Senior,POS-357,Training Manager,Contract,Hybrid,Day,Filled,Monitor,High,EMP370,Anusha Mahmood,DEPARTMENT-009,Learning Services,ORGANIZATIONAL-UNIT-TRN-TEAM-02,LOC-CAMPUS,COST-CENTER-TRN,Yes,Yes,1.0,2709000,541800,2019-11-01,2014-09-01,,,Not Frozen,2026,Contract Headcount
POS-362,Senior Trainer,Senior Trainer,Training & Development,Senior,POS-358,Training Manager,Permanent,Hybrid,Day,Filled,Monitor,High,EMP371,Omar Tariq,DEPARTMENT-009,Learning Services,ORGANIZATIONAL-UNIT-TRN-TEAM-01,LOC-CAMPUS,COST-CENTER-TRN,Yes,Yes,1.0,2709000,541800,2022-04-01,2022-05-01,,,Not Frozen,2026,Regular Headcount
POS-363,Senior Trainer,Senior Trainer,Training & Development,Senior,POS-353,Training Manager,Permanent,On-site,Day,Filled,Monitor,High,EMP372,Hassan Nadeem,DEPARTMENT-009,Learning Services,ORGANIZATIONAL-UNIT-TRN-TEAM-01,LOC-CAMPUS,COST-CENTER-TRN,Yes,Yes,1.0,2709000,541800,2024-01-01,2023-06-01,,,Not Frozen,2026,Regular Headcount
POS-364,Senior Trainer,Senior Trainer,Training & Development,Senior,POS-354,Training Manager,Permanent,Hybrid,Day,Filled,Monitor,High,EMP373,Noman Nawaz,DEPARTMENT-009,Learning Services,ORGANIZATIONAL-UNIT-TRN-TEAM-03,LOC-CAMPUS,COST-CENTER-TRN,Yes,Yes,1.0,2709000,541800,2019-12-01,2017-01-01,,,Not Frozen,2026,Regular Headcount
POS-365,Senior Trainer,Senior Trainer,Training & Development,Senior,POS-355,Training Manager,Permanent,Hybrid,Day,Filled,Monitor,High,EMP374,Iqra Habib,DEPARTMENT-009,Learning Services,ORGANIZATIONAL-UNIT-TRN-TEAM-01,LOC-CAMPUS,COST-CENTER-TRN,Yes,Yes,1.0,2709000,541800,2020-02-01,2021-02-01,,,Not Frozen,2026,Regular Headcount
POS-366,Senior Trainer,Senior Trainer,Training & Development,Senior,POS-356,Training Manager,Contract,Hybrid,Day,Filled,Monitor,High,EMP375,Sana Mirza,DEPARTMENT-009,Learning Services,ORGANIZATIONAL-UNIT-TRN-TEAM-02,LOC-CAMPUS,COST-CENTER-TRN,Yes,Yes,1.0,2709000,541800,2022-06-01,2018-07-01,,,Not Frozen,2026,Contract Headcount
POS-367,Learning and Development Specialist,Learning and Development Specialist,Training & Development,Mid,POS-357,Training Manager,Permanent,Hybrid,Day,Filled,Monitor,Medium,EMP376,Amna Nasir,DEPARTMENT-009,Learning Services,ORGANIZATIONAL-UNIT-TRN-TEAM-03,LOC-CAMPUS,COST-CENTER-TRN,Yes,Yes,1.0,1662000,332400,2023-04-01,2022-04-01,,,Not Frozen,2026,Regular Headcount
POS-368,Learning and Development Specialist,Learning and Development Specialist,Training & Development,Mid,POS-358,Training Manager,Permanent,On-site,Day,Filled,Monitor,Medium,EMP377,Anam Mirza,DEPARTMENT-009,Learning Services,ORGANIZATIONAL-UNIT-TRN-TEAM-02,LOC-CAMPUS,COST-CENTER-TRN,Yes,Yes,1.0,1662000,332400,2024-03-01,2024-03-01,,,Not Frozen,2026,Regular Headcount
POS-369,Learning and Development Specialist,Learning and Development Specialist,Training & Development,Mid,POS-353,Training Manager,Permanent,On-site,Day,Filled,Monitor,Medium,EMP378,Anam Qureshi,DEPARTMENT-009,Learning Services,ORGANIZATIONAL-UNIT-TRN-TEAM-03,LOC-CAMPUS,COST-CENTER-TRN,Yes,Yes,1.0,1662000,332400,2020-03-01,2019-12-01,,,Not Frozen,2026,Regular Headcount
POS-370,Learning and Development Specialist,Learning and Development Specialist,Training & Development,Mid,POS-354,Training Manager,Permanent,On-site,Day,Filled,Monitor,Medium,EMP379,Anusha Qureshi,DEPARTMENT-009,Learning Services,ORGANIZATIONAL-UNIT-TRN-TEAM-01,LOC-CAMPUS,COST-CENTER-TRN,Yes,Yes,1.0,1662000,332400,2018-11-01,2022-10-01,,,Not Frozen,2026,Regular Headcount
POS-371,Learning and Development Specialist,Learning and Development Specialist,Training & Development,Mid,POS-355,Training Manager,Permanent,Hybrid,Day,Filled,Monitor,Medium,EMP380,Maha Waheed,DEPARTMENT-009,Learning Services,ORGANIZATIONAL-UNIT-TRN-TEAM-02,LOC-CAMPUS,COST-CENTER-TRN,Yes,Yes,1.0,1662000,332400,2022-07-01,2023-07-01,,,Not Frozen,2026,Regular Headcount
POS-372,Learning and Development Specialist,Learning and Development Specialist,Training & Development,Mid,POS-356,Training Manager,Permanent,On-site,Day,Filled,Monitor,Medium,EMP381,Iqra Latif,DEPARTMENT-009,Learning Services,ORGANIZATIONAL-UNIT-TRN-TEAM-03,LOC-CAMPUS,COST-CENTER-TRN,Yes,Yes,1.0,1662000,332400,2019-05-01,2020-02-01,,,Not Frozen,2026,Regular Headcount
POS-373,Learning and Development Specialist,Learning and Development Specialist,Training & Development,Mid,POS-357,Training Manager,Permanent,Hybrid,Day,Filled,Monitor,Medium,EMP382,Fahad Ahmed,DEPARTMENT-009,Learning Services,ORGANIZATIONAL-UNIT-TRN-TEAM-03,LOC-CAMPUS,COST-CENTER-TRN,Yes,Yes,1.0,1662000,332400,2022-10-01,2021-08-01,,,Not Frozen,2026,Regular Headcount
POS-374,Learning and Development Specialist,Learning and Development Specialist,Training & Development,Mid,POS-358,Training Manager,Contract,On-site,Day,Filled,Monitor,Medium,EMP383,Rabia Awan,DEPARTMENT-009,Learning Services,ORGANIZATIONAL-UNIT-TRN-TEAM-03,LOC-CAMPUS,COST-CENTER-TRN,Yes,Yes,1.0,1662000,332400,2018-12-01,2020-07-01,,,Not Frozen,2026,Contract Headcount
POS-375,Learning and Development Specialist,Learning and Development Specialist,Training & Development,Mid,POS-353,Training Manager,Permanent,Hybrid,Day,Filled,Monitor,Medium,EMP384,Ayesha Farooq,DEPARTMENT-009,Learning Services,ORGANIZATIONAL-UNIT-TRN-TEAM-01,LOC-CAMPUS,COST-CENTER-TRN,Yes,Yes,1.0,1662000,332400,2023-10-01,2021-07-01,,,Not Frozen,2026,Regular Headcount
POS-376,Learning and Development Specialist,Learning and Development Specialist,Training & Development,Mid,POS-354,Training Manager,Permanent,On-site,Day,Filled,Monitor,Medium,EMP385,Waqas Raza,DEPARTMENT-009,Learning Services,ORGANIZATIONAL-UNIT-TRN-TEAM-01,LOC-CAMPUS,COST-CENTER-TRN,Yes,Yes,1.0,1662000,332400,2023-12-01,2020-04-01,,,Not Frozen,2026,Regular Headcount
POS-377,Learning and Development Specialist,Learning and Development Specialist,Training & Development,Mid,POS-355,Training Manager,Permanent,On-site,Day,Filled,Monitor,Medium,EMP386,Areeba Nasir,DEPARTMENT-009,Learning Services,ORGANIZATIONAL-UNIT-TRN-TEAM-02,LOC-CAMPUS,COST-CENTER-TRN,Yes,Yes,1.0,1662000,332400,2024-06-01,2019-10-01,,,Not Frozen,2026,Regular Headcount
POS-378,Learning and Development Specialist,Learning and Development Specialist,Training & Development,Mid,POS-356,Training Manager,Permanent,Hybrid,Day,Filled,Monitor,Medium,EMP387,Usman Rashid,DEPARTMENT-009,Learning Services,ORGANIZATIONAL-UNIT-TRN-TEAM-01,LOC-CAMPUS,COST-CENTER-TRN,Yes,Yes,1.0,1662000,332400,2018-10-01,2024-04-01,,,Not Frozen,2026,Regular Headcount
POS-379,Learning and Development Specialist,Learning and Development Specialist,Training & Development,Mid,POS-357,Training Manager,Permanent,Hybrid,Day,Filled,Monitor,Medium,EMP388,Kashif Mughal,DEPARTMENT-009,Learning Services,ORGANIZATIONAL-UNIT-TRN-TEAM-03,LOC-CAMPUS,COST-CENTER-TRN,Yes,Yes,1.0,1662000,332400,2025-05-01,2024-02-01,,,Not Frozen,2026,Regular Headcount
POS-380,Learning and Development Specialist,Learning and Development Specialist,Training & Development,Mid,POS-358,Training Manager,Permanent,On-site,Day,Filled,Monitor,Medium,EMP389,Amna Latif,DEPARTMENT-009,Learning Services,ORGANIZATIONAL-UNIT-TRN-TEAM-03,LOC-CAMPUS,COST-CENTER-TRN,Yes,Yes,1.0,1662000,332400,2019-02-01,2020-11-01,,,Not Frozen,2026,Regular Headcount
POS-381,Training Coordinator,Training Coordinator,Training & Development,Junior,POS-357,Training Manager,Permanent,On-site,Day,Filled,Monitor,Medium,EMP390,Nida Ali,DEPARTMENT-009,Learning Services,ORGANIZATIONAL-UNIT-TRN-TEAM-03,LOC-CAMPUS,COST-CENTER-TRN,Yes,Yes,1.0,923000,184600,2021-08-01,2024-02-01,,,Not Frozen,2026,Regular Headcount
POS-382,Training Coordinator,Training Coordinator,Training & Development,Junior,POS-358,Training Manager,Permanent,On-site,Day,Filled,Monitor,Medium,EMP391,Zainab Aslam,DEPARTMENT-009,Learning Services,ORGANIZATIONAL-UNIT-TRN-TEAM-02,LOC-CAMPUS,COST-CENTER-TRN,Yes,Yes,1.0,923000,184600,2019-02-01,2023-02-01,,,Not Frozen,2026,Regular Headcount
POS-383,Training Coordinator,Training Coordinator,Training & Development,Junior,POS-359,Senior Trainer,Permanent,On-site,Day,Filled,Monitor,Medium,EMP392,Danish Zafar,DEPARTMENT-009,Learning Services,ORGANIZATIONAL-UNIT-TRN-TEAM-03,LOC-CAMPUS,COST-CENTER-TRN,Yes,Yes,1.0,923000,184600,2025-03-01,2025-02-01,,,Not Frozen,2026,Regular Headcount
POS-384,Training Coordinator,Training Coordinator,Training & Development,Junior,POS-360,Senior Trainer,Permanent,On-site,Day,Filled,Monitor,Medium,EMP393,Nida Awan,DEPARTMENT-009,Learning Services,ORGANIZATIONAL-UNIT-TRN-TEAM-01,LOC-CAMPUS,COST-CENTER-TRN,Yes,Yes,1.0,923000,184600,2019-07-01,2026-02-01,,,Not Frozen,2026,Regular Headcount
POS-385,Training Coordinator,Training Coordinator,Training & Development,Junior,POS-361,Senior Trainer,Permanent,Hybrid,Day,Filled,Monitor,Medium,EMP394,Usman Ansari,DEPARTMENT-009,Learning Services,ORGANIZATIONAL-UNIT-TRN-TEAM-02,LOC-CAMPUS,COST-CENTER-TRN,Yes,Yes,1.0,923000,184600,2020-11-01,2025-11-01,,,Not Frozen,2026,Regular Headcount
POS-386,Training Coordinator,Training Coordinator,Training & Development,Junior,POS-362,Senior Trainer,Permanent,On-site,Day,Filled,Monitor,Medium,EMP395,Ayesha Raza,DEPARTMENT-009,Learning Services,ORGANIZATIONAL-UNIT-TRN-TEAM-03,LOC-CAMPUS,COST-CENTER-TRN,Yes,Yes,1.0,923000,184600,2023-08-01,2024-01-01,,,Not Frozen,2026,Regular Headcount
POS-387,Training Coordinator,Training Coordinator,Training & Development,Junior,POS-363,Senior Trainer,Permanent,Hybrid,Day,Filled,Monitor,Medium,EMP396,Minal Ahmed,DEPARTMENT-009,Learning Services,ORGANIZATIONAL-UNIT-TRN-TEAM-01,LOC-CAMPUS,COST-CENTER-TRN,Yes,Yes,1.0,923000,184600,2019-11-01,2025-12-01,,,Not Frozen,2026,Regular Headcount
POS-388,Training Coordinator,Training Coordinator,Training & Development,Junior,POS-364,Senior Trainer,Permanent,Hybrid,Day,Filled,Monitor,Medium,EMP397,Maryam Ahmed,DEPARTMENT-009,Learning Services,ORGANIZATIONAL-UNIT-TRN-TEAM-01,LOC-CAMPUS,COST-CENTER-TRN,Yes,Yes,1.0,923000,184600,2019-12-01,2024-08-01,,,Not Frozen,2026,Regular Headcount
POS-389,Training Coordinator,Training Coordinator,Training & Development,Junior,POS-365,Senior Trainer,Permanent,Hybrid,Day,Filled,Monitor,Medium,EMP398,Hassan Chaudhry,DEPARTMENT-009,Learning Services,ORGANIZATIONAL-UNIT-TRN-TEAM-01,LOC-CAMPUS,COST-CENTER-TRN,Yes,Yes,1.0,923000,184600,2018-11-01,2024-05-01,,,Not Frozen,2026,Regular Headcount
POS-390,Training Coordinator,Training Coordinator,Training & Development,Junior,POS-366,Senior Trainer,Contract,Hybrid,Day,Filled,Monitor,Medium,EMP399,Nida Khalid,DEPARTMENT-009,Learning Services,ORGANIZATIONAL-UNIT-TRN-TEAM-01,LOC-CAMPUS,COST-CENTER-TRN,Yes,Yes,1.0,923000,184600,2023-04-01,2024-08-01,,,Not Frozen,2026,Contract Headcount
POS-391,Training Coordinator,Training Coordinator,Training & Development,Junior,POS-353,Training Manager,Permanent,On-site,Day,Filled,Monitor,Medium,EMP400,Hassan Shah,DEPARTMENT-009,Learning Services,ORGANIZATIONAL-UNIT-TRN-TEAM-01,LOC-CAMPUS,COST-CENTER-TRN,Yes,Yes,1.0,923000,184600,2021-07-01,2025-06-01,,,Not Frozen,2026,Regular Headcount
POS-392,Training Coordinator,Training Coordinator,Training & Development,Junior,POS-354,Training Manager,Permanent,Hybrid,Day,Filled,Monitor,Medium,EMP401,Ahmed Malik,DEPARTMENT-009,Learning Services,ORGANIZATIONAL-UNIT-TRN-TEAM-03,LOC-CAMPUS,COST-CENTER-TRN,Yes,Yes,1.0,923000,184600,2020-01-01,2023-12-01,,,Not Frozen,2026,Regular Headcount
POS-393,Training Coordinator,Training Coordinator,Training & Development,Junior,POS-355,Training Manager,Permanent,On-site,Day,Filled,Monitor,Medium,EMP402,Asad Habib,DEPARTMENT-009,Learning Services,ORGANIZATIONAL-UNIT-TRN-TEAM-02,LOC-CAMPUS,COST-CENTER-TRN,Yes,Yes,1.0,923000,184600,2019-10-01,2024-06-01,,,Not Frozen,2026,Regular Headcount
POS-394,Training Intern,Training Intern,Training & Development,Intern,POS-356,Training Manager,Internship,Hybrid,Day,Filled,Monitor,Medium,EMP403,Ayesha Khan,DEPARTMENT-009,Learning Services,ORGANIZATIONAL-UNIT-TRN-TEAM-01,LOC-CAMPUS,COST-CENTER-TRN,Yes,Yes,0.5,215000,43000,2024-12-01,2026-02-01,,,Not Frozen,2026,Internship Headcount
POS-395,Training Intern,Training Intern,Training & Development,Intern,POS-357,Training Manager,Internship,Hybrid,Day,Filled,Monitor,Medium,EMP404,Adnan Aslam,DEPARTMENT-009,Learning Services,ORGANIZATIONAL-UNIT-TRN-TEAM-03,LOC-CAMPUS,COST-CENTER-TRN,Yes,Yes,1.0,431000,86200,2022-05-01,2026-02-01,,,Not Frozen,2026,Internship Headcount
POS-396,Training Intern,Training Intern,Training & Development,Intern,POS-358,Training Manager,Internship,Hybrid,Day,Filled,Monitor,Medium,EMP405,Kinza Yousaf,DEPARTMENT-009,Learning Services,ORGANIZATIONAL-UNIT-TRN-TEAM-02,LOC-CAMPUS,COST-CENTER-TRN,Yes,Yes,0.5,215000,43000,2022-02-01,2026-02-01,,,Not Frozen,2026,Internship Headcount
EXEC-ADM-HEAD,Head of Administration and Facilities,Head of Administration and Facilities,Administration & Facilities,Executive,,Chief People and Operations Officer,Permanent,On-site,Day,Filled,Successor Coverage Required,Critical,EMP406,Taha Ejaz,DEPARTMENT-010,Corporate Services,ORGANIZATIONAL-UNIT-ADM,LOC-HQ,COST-CENTER-ADM,Yes,Yes,1.0,6908000,1381600,2024-04-01,2013-11-01,,,Not Frozen,2026,Regular Headcount
POS-397,Administration Manager,Administration Manager,Administration & Facilities,Lead/Manager,EXEC-ADM-HEAD,Head of Administration and Facilities,Permanent,On-site,Day,Filled,Successor Coverage Required,High,EMP407,Rabia Raza,DEPARTMENT-010,Corporate Services,ORGANIZATIONAL-UNIT-ADM,LOC-HQ,COST-CENTER-ADM,Yes,Yes,1.0,3720000,744000,2023-01-01,2010-12-01,,,Not Frozen,2026,Regular Headcount
POS-398,Administration Manager,Administration Manager,Administration & Facilities,Lead/Manager,EXEC-ADM-HEAD,Head of Administration and Facilities,Permanent,On-site,Day,Filled,Successor Coverage Required,High,EMP408,Anam Yousaf,DEPARTMENT-010,Corporate Services,ORGANIZATIONAL-UNIT-ADM,LOC-HQ,COST-CENTER-ADM,Yes,Yes,1.0,3720000,744000,2023-07-01,2019-12-01,,,Not Frozen,2026,Regular Headcount
POS-399,Administration Manager,Administration Manager,Administration & Facilities,Lead/Manager,EXEC-ADM-HEAD,Head of Administration and Facilities,Contract,On-site,Day,Filled,Successor Coverage Required,High,EMP409,Waqas Akhtar,DEPARTMENT-010,Corporate Services,ORGANIZATIONAL-UNIT-ADM,LOC-HQ,COST-CENTER-ADM,Yes,Yes,1.0,3720000,744000,2025-04-01,2013-04-01,,,Not Frozen,2026,Contract Headcount
POS-400,Administration Manager,Administration Manager,Administration & Facilities,Lead/Manager,EXEC-ADM-HEAD,Head of Administration and Facilities,Permanent,On-site,Day,Filled,Successor Coverage Required,High,EMP410,Asad Rehman,DEPARTMENT-010,Corporate Services,ORGANIZATIONAL-UNIT-ADM,LOC-HQ,COST-CENTER-ADM,Yes,Yes,1.0,3720000,744000,2020-01-01,2017-04-01,,,Not Frozen,2026,Regular Headcount
POS-401,Administration Manager,Administration Manager,Administration & Facilities,Lead/Manager,EXEC-ADM-HEAD,Head of Administration and Facilities,Permanent,On-site,Day,Filled,Successor Coverage Required,High,EMP411,Hamza Habib,DEPARTMENT-010,Corporate Services,ORGANIZATIONAL-UNIT-ADM,LOC-HQ,COST-CENTER-ADM,Yes,Yes,1.0,3720000,744000,2022-01-01,2014-07-01,,,Not Frozen,2026,Regular Headcount
POS-402,Administration Manager,Administration Manager,Administration & Facilities,Lead/Manager,EXEC-ADM-HEAD,Head of Administration and Facilities,Permanent,On-site,Day,Filled,Successor Coverage Required,High,EMP412,Noor Mahmood,DEPARTMENT-010,Corporate Services,ORGANIZATIONAL-UNIT-ADM,LOC-HQ,COST-CENTER-ADM,Yes,Yes,1.0,3720000,744000,2021-12-01,2016-09-01,,,Not Frozen,2026,Regular Headcount
POS-403,Senior Administration Officer,Senior Administration Officer,Administration & Facilities,Senior,POS-402,Administration Manager,Permanent,On-site,Day,Filled,Monitor,High,EMP413,Ali Akhtar,DEPARTMENT-010,Corporate Services,ORGANIZATIONAL-UNIT-ADM-TEAM-01,LOC-HQ,COST-CENTER-ADM,Yes,Yes,1.0,2338000,467600,2019-01-01,2022-04-01,,,Not Frozen,2026,Regular Headcount
POS-404,Senior Administration Officer,Senior Administration Officer,Administration & Facilities,Senior,POS-397,Administration Manager,Permanent,On-site,Day,Filled,Monitor,High,EMP414,Zainab Tariq,DEPARTMENT-010,Corporate Services,ORGANIZATIONAL-UNIT-ADM-TEAM-03,LOC-HQ,COST-CENTER-ADM,Yes,Yes,1.0,2338000,467600,2021-08-01,2020-08-01,,,Not Frozen,2026,Regular Headcount
POS-405,Senior Administration Officer,Senior Administration Officer,Administration & Facilities,Senior,POS-398,Administration Manager,Permanent,On-site,Day,Filled,Monitor,High,EMP415,Mahnoor Aziz,DEPARTMENT-010,Corporate Services,ORGANIZATIONAL-UNIT-ADM-TEAM-02,LOC-HQ,COST-CENTER-ADM,Yes,Yes,1.0,2338000,467600,2022-09-01,2020-02-01,,,Not Frozen,2026,Regular Headcount
POS-406,Senior Administration Officer,Senior Administration Officer,Administration & Facilities,Senior,POS-399,Administration Manager,Permanent,On-site,Day,Filled,Monitor,High,EMP416,Nida Raza,DEPARTMENT-010,Corporate Services,ORGANIZATIONAL-UNIT-ADM-TEAM-01,LOC-HQ,COST-CENTER-ADM,Yes,Yes,1.0,2338000,467600,2021-12-01,2022-04-01,,,Not Frozen,2026,Regular Headcount
POS-407,Senior Administration Officer,Senior Administration Officer,Administration & Facilities,Senior,POS-400,Administration Manager,Permanent,On-site,Day,Filled,Monitor,High,EMP417,Saba Ali,DEPARTMENT-010,Corporate Services,ORGANIZATIONAL-UNIT-ADM-TEAM-03,LOC-HQ,COST-CENTER-ADM,Yes,Yes,1.0,2338000,467600,2022-06-01,2017-10-01,,,Not Frozen,2026,Regular Headcount
POS-408,Senior Administration Officer,Senior Administration Officer,Administration & Facilities,Senior,POS-401,Administration Manager,Permanent,On-site,Day,Filled,Monitor,High,EMP418,Imran Raza,DEPARTMENT-010,Corporate Services,ORGANIZATIONAL-UNIT-ADM-TEAM-02,LOC-HQ,COST-CENTER-ADM,Yes,Yes,1.0,2338000,467600,2019-02-01,2014-02-01,,,Not Frozen,2026,Regular Headcount
POS-409,Senior Administration Officer,Senior Administration Officer,Administration & Facilities,Senior,POS-402,Administration Manager,Permanent,On-site,Day,Filled,Monitor,High,EMP419,Anam Baig,DEPARTMENT-010,Corporate Services,ORGANIZATIONAL-UNIT-ADM-TEAM-03,LOC-HQ,COST-CENTER-ADM,Yes,Yes,1.0,2338000,467600,2020-01-01,2017-10-01,,,Not Frozen,2026,Regular Headcount
POS-410,Senior Administration Officer,Senior Administration Officer,Administration & Facilities,Senior,POS-397,Administration Manager,Permanent,On-site,Day,Filled,Monitor,High,EMP420,Imran Faisal,DEPARTMENT-010,Corporate Services,ORGANIZATIONAL-UNIT-ADM-TEAM-02,LOC-HQ,COST-CENTER-ADM,Yes,Yes,1.0,2338000,467600,2025-07-01,2023-02-01,,,Not Frozen,2026,Regular Headcount
POS-411,Administration Officer,Administration Officer,Administration & Facilities,Mid,POS-398,Administration Manager,Permanent,On-site,Day,Filled,Monitor,Medium,EMP421,Amna Mirza,DEPARTMENT-010,Corporate Services,ORGANIZATIONAL-UNIT-ADM-TEAM-03,LOC-HQ,COST-CENTER-ADM,Yes,Yes,1.0,1435000,287000,2022-09-01,2022-06-01,,,Not Frozen,2026,Regular Headcount
POS-412,Administration Officer,Administration Officer,Administration & Facilities,Mid,POS-399,Administration Manager,Permanent,On-site,Day,Filled,Monitor,Medium,EMP422,Farhan Ismail,DEPARTMENT-010,Corporate Services,ORGANIZATIONAL-UNIT-ADM-TEAM-02,LOC-HQ,COST-CENTER-ADM,Yes,Yes,1.0,1435000,287000,2021-11-01,2021-11-01,,,Not Frozen,2026,Regular Headcount
POS-413,Administration Officer,Administration Officer,Administration & Facilities,Mid,POS-400,Administration Manager,Permanent,On-site,Day,Filled,Monitor,Medium,EMP423,Danish Latif,DEPARTMENT-010,Corporate Services,ORGANIZATIONAL-UNIT-ADM-TEAM-02,LOC-HQ,COST-CENTER-ADM,Yes,Yes,1.0,1435000,287000,2023-01-01,2025-04-01,,,Not Frozen,2026,Regular Headcount
POS-414,Administration Officer,Administration Officer,Administration & Facilities,Mid,POS-401,Administration Manager,Permanent,On-site,Day,Filled,Monitor,Medium,EMP424,Omar Hameed,DEPARTMENT-010,Corporate Services,ORGANIZATIONAL-UNIT-ADM-TEAM-02,LOC-HQ,COST-CENTER-ADM,Yes,Yes,1.0,1435000,287000,2019-10-01,2021-08-01,,,Not Frozen,2026,Regular Headcount
POS-415,Administration Officer,Administration Officer,Administration & Facilities,Mid,POS-402,Administration Manager,Permanent,On-site,Day,Filled,Monitor,Medium,EMP425,Saad Awan,DEPARTMENT-010,Corporate Services,ORGANIZATIONAL-UNIT-ADM-TEAM-01,LOC-HQ,COST-CENTER-ADM,Yes,Yes,1.0,1435000,287000,2021-09-01,2022-06-01,,,Not Frozen,2026,Regular Headcount
POS-416,Administration Officer,Administration Officer,Administration & Facilities,Mid,POS-397,Administration Manager,Permanent,On-site,Day,Filled,Monitor,Medium,EMP426,Hassan Khan,DEPARTMENT-010,Corporate Services,ORGANIZATIONAL-UNIT-ADM-TEAM-02,LOC-HQ,COST-CENTER-ADM,Yes,Yes,1.0,1435000,287000,2023-10-01,2019-09-01,,,Not Frozen,2026,Regular Headcount
POS-417,Administration Officer,Administration Officer,Administration & Facilities,Mid,POS-398,Administration Manager,Permanent,On-site,Day,Filled,Monitor,Medium,EMP427,Zainab Ahmed,DEPARTMENT-010,Corporate Services,ORGANIZATIONAL-UNIT-ADM-TEAM-03,LOC-HQ,COST-CENTER-ADM,Yes,Yes,1.0,1435000,287000,2020-09-01,2025-02-01,,,Not Frozen,2026,Regular Headcount
POS-418,Administration Officer,Administration Officer,Administration & Facilities,Mid,POS-399,Administration Manager,Permanent,On-site,Day,Filled,Monitor,Medium,EMP428,Kinza Munir,DEPARTMENT-010,Corporate Services,ORGANIZATIONAL-UNIT-ADM-TEAM-02,LOC-HQ,COST-CENTER-ADM,Yes,Yes,1.0,1435000,287000,2023-05-01,2024-05-01,,,Not Frozen,2026,Regular Headcount
POS-419,Administration Officer,Administration Officer,Administration & Facilities,Mid,POS-400,Administration Manager,Permanent,On-site,Day,Filled,Monitor,Medium,EMP429,Komal Latif,DEPARTMENT-010,Corporate Services,ORGANIZATIONAL-UNIT-ADM-TEAM-02,LOC-HQ,COST-CENTER-ADM,Yes,Yes,1.0,1435000,287000,2023-05-01,2019-04-01,,,Not Frozen,2026,Regular Headcount
POS-420,Administration Officer,Administration Officer,Administration & Facilities,Mid,POS-401,Administration Manager,Permanent,On-site,Day,Filled,Monitor,Medium,EMP430,Saad Raza,DEPARTMENT-010,Corporate Services,ORGANIZATIONAL-UNIT-ADM-TEAM-01,LOC-HQ,COST-CENTER-ADM,Yes,Yes,1.0,1435000,287000,2020-01-01,2019-10-01,,,Not Frozen,2026,Regular Headcount
POS-421,Administration Officer,Administration Officer,Administration & Facilities,Mid,POS-402,Administration Manager,Permanent,On-site,Day,Filled,Monitor,Medium,EMP431,Noman Iqbal,DEPARTMENT-010,Corporate Services,ORGANIZATIONAL-UNIT-ADM-TEAM-03,LOC-HQ,COST-CENTER-ADM,Yes,Yes,1.0,1435000,287000,2018-09-01,2022-07-01,,,Not Frozen,2026,Regular Headcount
POS-422,Administration Officer,Administration Officer,Administration & Facilities,Mid,POS-397,Administration Manager,Permanent,On-site,Day,Filled,Monitor,Medium,EMP432,Kinza Hashmi,DEPARTMENT-010,Corporate Services,ORGANIZATIONAL-UNIT-ADM-TEAM-01,LOC-HQ,COST-CENTER-ADM,Yes,Yes,1.0,1435000,287000,2023-10-01,2022-07-01,,,Not Frozen,2026,Regular Headcount
POS-423,Administration Officer,Administration Officer,Administration & Facilities,Mid,POS-398,Administration Manager,Permanent,On-site,Day,Filled,Monitor,Medium,EMP433,Amna Mahmood,DEPARTMENT-010,Corporate Services,ORGANIZATIONAL-UNIT-ADM-TEAM-03,LOC-HQ,COST-CENTER-ADM,Yes,Yes,1.0,1435000,287000,2021-06-01,2022-09-01,,,Not Frozen,2026,Regular Headcount
POS-424,Administration Officer,Administration Officer,Administration & Facilities,Mid,POS-399,Administration Manager,Contract,On-site,Day,Filled,Monitor,Medium,EMP434,Ayesha Awan,DEPARTMENT-010,Corporate Services,ORGANIZATIONAL-UNIT-ADM-TEAM-02,LOC-HQ,COST-CENTER-ADM,Yes,Yes,1.0,1435000,287000,2022-02-01,2025-05-01,,,Not Frozen,2026,Contract Headcount
POS-425,Administrative Assistant,Administrative Assistant,Administration & Facilities,Junior,POS-404,Senior Administration Officer,Contract,On-site,Day,Filled,Monitor,Medium,EMP435,Kamran Sultan,DEPARTMENT-010,Corporate Services,ORGANIZATIONAL-UNIT-ADM-TEAM-01,LOC-HQ,COST-CENTER-ADM,Yes,Yes,1.0,797000,159400,2023-09-01,2024-12-01,,,Not Frozen,2026,Contract Headcount
POS-426,Administrative Assistant,Administrative Assistant,Administration & Facilities,Junior,POS-405,Senior Administration Officer,Permanent,On-site,Day,Filled,Monitor,Medium,EMP436,Anusha Chaudhry,DEPARTMENT-010,Corporate Services,ORGANIZATIONAL-UNIT-ADM-TEAM-01,LOC-HQ,COST-CENTER-ADM,Yes,Yes,1.0,797000,159400,2024-05-01,2026-02-01,,,Not Frozen,2026,Regular Headcount
POS-427,Administrative Assistant,Administrative Assistant,Administration & Facilities,Junior,POS-406,Senior Administration Officer,Permanent,On-site,Day,Filled,Monitor,Medium,EMP437,Ali Ismail,DEPARTMENT-010,Corporate Services,ORGANIZATIONAL-UNIT-ADM-TEAM-02,LOC-HQ,COST-CENTER-ADM,Yes,Yes,1.0,797000,159400,2025-05-01,2023-10-01,,,Not Frozen,2026,Regular Headcount
POS-428,Administrative Assistant,Administrative Assistant,Administration & Facilities,Junior,POS-407,Senior Administration Officer,Permanent,On-site,Day,Filled,Monitor,Medium,EMP438,Fahad Habib,DEPARTMENT-010,Corporate Services,ORGANIZATIONAL-UNIT-ADM-TEAM-01,LOC-HQ,COST-CENTER-ADM,Yes,Yes,1.0,797000,159400,2021-09-01,2025-07-01,,,Not Frozen,2026,Regular Headcount
POS-429,Administrative Assistant,Administrative Assistant,Administration & Facilities,Junior,POS-408,Senior Administration Officer,Permanent,On-site,Day,Filled,Monitor,Medium,EMP439,Imran Shah,DEPARTMENT-010,Corporate Services,ORGANIZATIONAL-UNIT-ADM-TEAM-02,LOC-HQ,COST-CENTER-ADM,Yes,Yes,1.0,797000,159400,2025-05-01,2025-12-01,,,Not Frozen,2026,Regular Headcount
POS-430,Administrative Assistant,Administrative Assistant,Administration & Facilities,Junior,POS-409,Senior Administration Officer,Permanent,On-site,Day,Filled,Monitor,Medium,EMP440,Iqra Zafar,DEPARTMENT-010,Corporate Services,ORGANIZATIONAL-UNIT-ADM-TEAM-02,LOC-HQ,COST-CENTER-ADM,Yes,Yes,1.0,797000,159400,2019-06-01,2024-02-01,,,Not Frozen,2026,Regular Headcount
POS-431,Administrative Assistant,Administrative Assistant,Administration & Facilities,Junior,POS-410,Senior Administration Officer,Contract,On-site,Day,Filled,Monitor,Medium,EMP441,Mahnoor Waheed,DEPARTMENT-010,Corporate Services,ORGANIZATIONAL-UNIT-ADM-TEAM-03,LOC-HQ,COST-CENTER-ADM,Yes,Yes,1.0,797000,159400,2019-02-01,2023-12-01,,,Not Frozen,2026,Contract Headcount
POS-432,Administrative Assistant,Administrative Assistant,Administration & Facilities,Junior,POS-397,Administration Manager,Permanent,On-site,Day,Filled,Monitor,Medium,EMP442,Usman Riaz,DEPARTMENT-010,Corporate Services,ORGANIZATIONAL-UNIT-ADM-TEAM-02,LOC-HQ,COST-CENTER-ADM,Yes,Yes,1.0,797000,159400,2024-09-01,2026-02-01,,,Not Frozen,2026,Regular Headcount
POS-433,Administrative Assistant,Administrative Assistant,Administration & Facilities,Junior,POS-398,Administration Manager,Permanent,On-site,Day,Filled,Monitor,Medium,EMP443,Noman Ismail,DEPARTMENT-010,Corporate Services,ORGANIZATIONAL-UNIT-ADM-TEAM-03,LOC-HQ,COST-CENTER-ADM,Yes,Yes,1.0,797000,159400,2021-08-01,2025-01-01,,,Not Frozen,2026,Regular Headcount
POS-434,Administrative Assistant,Administrative Assistant,Administration & Facilities,Junior,POS-399,Administration Manager,Permanent,On-site,Day,Filled,Monitor,Medium,EMP444,Ahmed Latif,DEPARTMENT-010,Corporate Services,ORGANIZATIONAL-UNIT-ADM-TEAM-03,LOC-HQ,COST-CENTER-ADM,Yes,Yes,1.0,797000,159400,2022-09-01,2023-04-01,,,Not Frozen,2026,Regular Headcount
POS-435,Administrative Assistant,Administrative Assistant,Administration & Facilities,Junior,POS-400,Administration Manager,Permanent,On-site,Day,Filled,Monitor,Medium,EMP445,Areeba Baig,DEPARTMENT-010,Corporate Services,ORGANIZATIONAL-UNIT-ADM-TEAM-02,LOC-HQ,COST-CENTER-ADM,Yes,Yes,1.0,797000,159400,2025-05-01,2025-03-01,,,Not Frozen,2026,Regular Headcount
POS-436,Administrative Assistant,Administrative Assistant,Administration & Facilities,Junior,POS-401,Administration Manager,Permanent,On-site,Day,Filled,Monitor,Medium,EMP446,Nida Khan,DEPARTMENT-010,Corporate Services,ORGANIZATIONAL-UNIT-ADM-TEAM-02,LOC-HQ,COST-CENTER-ADM,Yes,Yes,1.0,797000,159400,2023-01-01,2024-10-01,,,Not Frozen,2026,Regular Headcount
POS-437,Administrative Assistant,Administrative Assistant,Administration & Facilities,Junior,POS-402,Administration Manager,Permanent,On-site,Day,Filled,Monitor,Medium,EMP447,Junaid Qureshi,DEPARTMENT-010,Corporate Services,ORGANIZATIONAL-UNIT-ADM-TEAM-01,LOC-HQ,COST-CENTER-ADM,Yes,Yes,1.0,797000,159400,2025-06-01,2025-02-01,,,Not Frozen,2026,Regular Headcount
POS-438,Administration Intern,Administration Intern,Administration & Facilities,Intern,POS-403,Senior Administration Officer,Internship,On-site,Day,Filled,Monitor,Medium,EMP448,Kashif Siddiqui,DEPARTMENT-010,Corporate Services,ORGANIZATIONAL-UNIT-ADM-TEAM-01,LOC-HQ,COST-CENTER-ADM,Yes,Yes,0.5,186000,37200,2018-12-01,2025-10-01,,,Not Frozen,2026,Internship Headcount
POS-439,Administration Intern,Administration Intern,Administration & Facilities,Intern,POS-404,Senior Administration Officer,Internship,On-site,Day,Filled,Monitor,Medium,EMP449,Rabia Mahmood,DEPARTMENT-010,Corporate Services,ORGANIZATIONAL-UNIT-ADM-TEAM-01,LOC-HQ,COST-CENTER-ADM,Yes,Yes,0.5,186000,37200,2019-06-01,2026-02-01,,,Not Frozen,2026,Internship Headcount
POS-440,Administration Intern,Administration Intern,Administration & Facilities,Intern,POS-405,Senior Administration Officer,Internship,On-site,Day,Filled,Monitor,Medium,EMP450,Sana Baig,DEPARTMENT-010,Corporate Services,ORGANIZATIONAL-UNIT-ADM-TEAM-01,LOC-HQ,COST-CENTER-ADM,Yes,Yes,0.5,186000,37200,2018-10-01,2025-12-01,,,Not Frozen,2026,Internship Headcount
EXEC-LGL-HEAD,Head of Legal and Compliance,Head of Legal and Compliance,Legal & Compliance,Executive,,Chief People and Operations Officer,Permanent,Hybrid,Day,Filled,Successor Coverage Required,Critical,EMP451,Nida Farooq,DEPARTMENT-011,Corporate Services,ORGANIZATIONAL-UNIT-LGL,LOC-HQ,COST-CENTER-LGL,Yes,Yes,1.0,10109000,2021800,2022-10-01,2013-07-01,,,Not Frozen,2026,Regular Headcount
POS-441,Legal and Compliance Manager,Legal and Compliance Manager,Legal & Compliance,Lead/Manager,EXEC-LGL-HEAD,Head of Legal and Compliance,Permanent,On-site,Day,Filled,Successor Coverage Required,High,EMP452,Iqra Chaudhry,DEPARTMENT-011,Corporate Services,ORGANIZATIONAL-UNIT-LGL,LOC-HQ,COST-CENTER-LGL,Yes,Yes,1.0,5443000,1088600,2020-09-01,2018-03-01,,,Not Frozen,2026,Regular Headcount
POS-442,Legal and Compliance Manager,Legal and Compliance Manager,Legal & Compliance,Lead/Manager,EXEC-LGL-HEAD,Head of Legal and Compliance,Permanent,Hybrid,Day,Filled,Successor Coverage Required,High,EMP453,Arham Baig,DEPARTMENT-011,Corporate Services,ORGANIZATIONAL-UNIT-LGL,LOC-HQ,COST-CENTER-LGL,Yes,Yes,1.0,5443000,1088600,2024-06-01,2020-07-01,,,Not Frozen,2026,Regular Headcount
POS-443,Legal and Compliance Manager,Legal and Compliance Manager,Legal & Compliance,Lead/Manager,EXEC-LGL-HEAD,Head of Legal and Compliance,Permanent,On-site,Day,Filled,Successor Coverage Required,High,EMP454,Arham Rashid,DEPARTMENT-011,Corporate Services,ORGANIZATIONAL-UNIT-LGL,LOC-HQ,COST-CENTER-LGL,Yes,Yes,1.0,5443000,1088600,2018-12-01,2019-03-01,,,Not Frozen,2026,Regular Headcount
POS-444,Legal and Compliance Manager,Legal and Compliance Manager,Legal & Compliance,Lead/Manager,EXEC-LGL-HEAD,Head of Legal and Compliance,Permanent,On-site,Day,Filled,Successor Coverage Required,High,EMP455,Adnan Saeed,DEPARTMENT-011,Corporate Services,ORGANIZATIONAL-UNIT-LGL,LOC-HQ,COST-CENTER-LGL,Yes,Yes,1.0,5443000,1088600,2021-01-01,2019-06-01,,,Not Frozen,2026,Regular Headcount
POS-445,Legal and Compliance Manager,Legal and Compliance Manager,Legal & Compliance,Lead/Manager,EXEC-LGL-HEAD,Head of Legal and Compliance,Contract,Hybrid,Day,Filled,Successor Coverage Required,High,EMP456,Areeba Saleem,DEPARTMENT-011,Corporate Services,ORGANIZATIONAL-UNIT-LGL,LOC-HQ,COST-CENTER-LGL,Yes,Yes,1.0,5443000,1088600,2022-10-01,2014-08-01,,,Not Frozen,2026,Contract Headcount
POS-446,Legal and Compliance Manager,Legal and Compliance Manager,Legal & Compliance,Lead/Manager,EXEC-LGL-HEAD,Head of Legal and Compliance,Contract,On-site,Day,Filled,Successor Coverage Required,High,EMP457,Saba Abbasi,DEPARTMENT-011,Corporate Services,ORGANIZATIONAL-UNIT-LGL,LOC-HQ,COST-CENTER-LGL,Yes,Yes,1.0,5443000,1088600,2019-03-01,2016-05-01,,,Not Frozen,2026,Contract Headcount
POS-447,Senior Legal Counsel,Senior Legal Counsel,Legal & Compliance,Senior,POS-443,Legal and Compliance Manager,Permanent,On-site,Day,Filled,Monitor,High,EMP458,Taha Ansari,DEPARTMENT-011,Corporate Services,ORGANIZATIONAL-UNIT-LGL-TEAM-02,LOC-HQ,COST-CENTER-LGL,Yes,Yes,1.0,3421000,684200,2020-11-01,2017-07-01,,,Not Frozen,2026,Regular Headcount
POS-448,Senior Legal Counsel,Senior Legal Counsel,Legal & Compliance,Senior,POS-444,Legal and Compliance Manager,Permanent,Hybrid,Day,Filled,Monitor,High,EMP459,Minal Iqbal,DEPARTMENT-011,Corporate Services,ORGANIZATIONAL-UNIT-LGL-TEAM-03,LOC-HQ,COST-CENTER-LGL,Yes,Yes,1.0,3421000,684200,2024-02-01,2020-07-01,,,Not Frozen,2026,Regular Headcount
POS-449,Senior Legal Counsel,Senior Legal Counsel,Legal & Compliance,Senior,POS-445,Legal and Compliance Manager,Permanent,Hybrid,Day,Filled,Monitor,High,EMP460,Ayesha Javed,DEPARTMENT-011,Corporate Services,ORGANIZATIONAL-UNIT-LGL-TEAM-02,LOC-HQ,COST-CENTER-LGL,Yes,Yes,1.0,3421000,684200,2023-11-01,2015-10-01,,,Not Frozen,2026,Regular Headcount
POS-450,Senior Legal Counsel,Senior Legal Counsel,Legal & Compliance,Senior,POS-446,Legal and Compliance Manager,Permanent,On-site,Day,Filled,Monitor,High,EMP461,Taha Qureshi,DEPARTMENT-011,Corporate Services,ORGANIZATIONAL-UNIT-LGL-TEAM-03,LOC-HQ,COST-CENTER-LGL,Yes,Yes,1.0,3421000,684200,2024-05-01,2019-11-01,,,Not Frozen,2026,Regular Headcount
POS-451,Senior Legal Counsel,Senior Legal Counsel,Legal & Compliance,Senior,POS-441,Legal and Compliance Manager,Permanent,On-site,Day,Filled,Monitor,High,EMP462,Waqas Ali,DEPARTMENT-011,Corporate Services,ORGANIZATIONAL-UNIT-LGL-TEAM-02,LOC-HQ,COST-CENTER-LGL,Yes,Yes,1.0,3421000,684200,2019-03-01,2021-02-01,,,Not Frozen,2026,Regular Headcount
POS-452,Senior Legal Counsel,Senior Legal Counsel,Legal & Compliance,Senior,POS-442,Legal and Compliance Manager,Permanent,Hybrid,Day,Filled,Monitor,High,EMP463,Talha Ansari,DEPARTMENT-011,Corporate Services,ORGANIZATIONAL-UNIT-LGL-TEAM-02,LOC-HQ,COST-CENTER-LGL,Yes,Yes,1.0,3421000,684200,2022-08-01,2017-10-01,,,Not Frozen,2026,Regular Headcount
POS-453,Senior Legal Counsel,Senior Legal Counsel,Legal & Compliance,Senior,POS-443,Legal and Compliance Manager,Permanent,Hybrid,Day,Filled,Monitor,High,EMP464,Nida Ismail,DEPARTMENT-011,Corporate Services,ORGANIZATIONAL-UNIT-LGL-TEAM-03,LOC-HQ,COST-CENTER-LGL,Yes,Yes,1.0,3421000,684200,2024-02-01,2015-06-01,,,Not Frozen,2026,Regular Headcount
POS-454,Senior Legal Counsel,Senior Legal Counsel,Legal & Compliance,Senior,POS-444,Legal and Compliance Manager,Permanent,Hybrid,Day,Filled,Monitor,High,EMP465,Amna Habib,DEPARTMENT-011,Corporate Services,ORGANIZATIONAL-UNIT-LGL-TEAM-02,LOC-HQ,COST-CENTER-LGL,Yes,Yes,1.0,3421000,684200,2020-11-01,2019-03-01,,,Not Frozen,2026,Regular Headcount
POS-455,Compliance Analyst,Compliance Analyst,Legal & Compliance,Mid,POS-445,Legal and Compliance Manager,Contract,On-site,Day,Filled,Monitor,Medium,EMP466,Kashif Saleem,DEPARTMENT-011,Corporate Services,ORGANIZATIONAL-UNIT-LGL-TEAM-02,LOC-HQ,COST-CENTER-LGL,Yes,Yes,1.0,2100000,420000,2022-02-01,2023-08-01,,,Not Frozen,2026,Contract Headcount
POS-456,Compliance Analyst,Compliance Analyst,Legal & Compliance,Mid,POS-446,Legal and Compliance Manager,Permanent,On-site,Day,Filled,Monitor,Medium,EMP467,Maryam Dar,DEPARTMENT-011,Corporate Services,ORGANIZATIONAL-UNIT-LGL-TEAM-02,LOC-HQ,COST-CENTER-LGL,Yes,Yes,1.0,2100000,420000,2019-05-01,2025-04-01,,,Not Frozen,2026,Regular Headcount
POS-457,Compliance Analyst,Compliance Analyst,Legal & Compliance,Mid,POS-441,Legal and Compliance Manager,Permanent,On-site,Day,Filled,Monitor,Medium,EMP468,Eman Mirza,DEPARTMENT-011,Corporate Services,ORGANIZATIONAL-UNIT-LGL-TEAM-01,LOC-HQ,COST-CENTER-LGL,Yes,Yes,1.0,2100000,420000,2021-02-01,2021-10-01,,,Not Frozen,2026,Regular Headcount
POS-458,Compliance Analyst,Compliance Analyst,Legal & Compliance,Mid,POS-442,Legal and Compliance Manager,Permanent,On-site,Day,Filled,Monitor,Medium,EMP469,Sidra Mughal,DEPARTMENT-011,Corporate Services,ORGANIZATIONAL-UNIT-LGL-TEAM-01,LOC-HQ,COST-CENTER-LGL,Yes,Yes,1.0,2100000,420000,2020-10-01,2025-01-01,,,Not Frozen,2026,Regular Headcount
POS-459,Compliance Analyst,Compliance Analyst,Legal & Compliance,Mid,POS-443,Legal and Compliance Manager,Permanent,Hybrid,Day,Filled,Monitor,Medium,EMP470,Anam Javed,DEPARTMENT-011,Corporate Services,ORGANIZATIONAL-UNIT-LGL-TEAM-01,LOC-HQ,COST-CENTER-LGL,Yes,Yes,1.0,2100000,420000,2022-04-01,2024-07-01,,,Not Frozen,2026,Regular Headcount
POS-460,Compliance Analyst,Compliance Analyst,Legal & Compliance,Mid,POS-444,Legal and Compliance Manager,Permanent,Hybrid,Day,Filled,Monitor,Medium,EMP471,Anusha Iqbal,DEPARTMENT-011,Corporate Services,ORGANIZATIONAL-UNIT-LGL-TEAM-03,LOC-HQ,COST-CENTER-LGL,Yes,Yes,1.0,2100000,420000,2020-07-01,2020-12-01,,,Not Frozen,2026,Regular Headcount
POS-461,Compliance Analyst,Compliance Analyst,Legal & Compliance,Mid,POS-445,Legal and Compliance Manager,Permanent,On-site,Day,Filled,Monitor,Medium,EMP472,Sidra Iqbal,DEPARTMENT-011,Corporate Services,ORGANIZATIONAL-UNIT-LGL-TEAM-02,LOC-HQ,COST-CENTER-LGL,Yes,Yes,1.0,2100000,420000,2021-05-01,2023-03-01,,,Not Frozen,2026,Regular Headcount
POS-462,Compliance Analyst,Compliance Analyst,Legal & Compliance,Mid,POS-446,Legal and Compliance Manager,Permanent,On-site,Day,Filled,Monitor,Medium,EMP473,Areeba Saeed,DEPARTMENT-011,Corporate Services,ORGANIZATIONAL-UNIT-LGL-TEAM-02,LOC-HQ,COST-CENTER-LGL,Yes,Yes,1.0,2100000,420000,2022-10-01,2023-06-01,,,Not Frozen,2026,Regular Headcount
POS-463,Compliance Analyst,Compliance Analyst,Legal & Compliance,Mid,POS-441,Legal and Compliance Manager,Permanent,On-site,Day,Filled,Monitor,Medium,EMP474,Mehwish Riaz,DEPARTMENT-011,Corporate Services,ORGANIZATIONAL-UNIT-LGL-TEAM-03,LOC-HQ,COST-CENTER-LGL,Yes,Yes,1.0,2100000,420000,2025-05-01,2019-08-01,,,Not Frozen,2026,Regular Headcount
POS-464,Compliance Analyst,Compliance Analyst,Legal & Compliance,Mid,POS-442,Legal and Compliance Manager,Permanent,On-site,Day,Filled,Monitor,Medium,EMP475,Amna Akhtar,DEPARTMENT-011,Corporate Services,ORGANIZATIONAL-UNIT-LGL-TEAM-03,LOC-HQ,COST-CENTER-LGL,Yes,Yes,1.0,2100000,420000,2019-01-01,2025-06-01,,,Not Frozen,2026,Regular Headcount
POS-465,Compliance Analyst,Compliance Analyst,Legal & Compliance,Mid,POS-443,Legal and Compliance Manager,Permanent,Hybrid,Day,Filled,Monitor,Medium,EMP476,Shahzaib Mahmood,DEPARTMENT-011,Corporate Services,ORGANIZATIONAL-UNIT-LGL-TEAM-01,LOC-HQ,COST-CENTER-LGL,Yes,Yes,1.0,2100000,420000,2019-01-01,2025-04-01,,,Not Frozen,2026,Regular Headcount
POS-466,Compliance Analyst,Compliance Analyst,Legal & Compliance,Mid,POS-444,Legal and Compliance Manager,Permanent,On-site,Day,Filled,Monitor,Medium,EMP477,Farhan Faisal,DEPARTMENT-011,Corporate Services,ORGANIZATIONAL-UNIT-LGL-TEAM-03,LOC-HQ,COST-CENTER-LGL,Yes,Yes,1.0,2100000,420000,2022-10-01,2024-03-01,,,Not Frozen,2026,Regular Headcount
POS-467,Compliance Analyst,Compliance Analyst,Legal & Compliance,Mid,POS-445,Legal and Compliance Manager,Permanent,Hybrid,Day,Filled,Monitor,Medium,EMP478,Kinza Iqbal,DEPARTMENT-011,Corporate Services,ORGANIZATIONAL-UNIT-LGL-TEAM-01,LOC-HQ,COST-CENTER-LGL,Yes,Yes,1.0,2100000,420000,2024-09-01,2019-09-01,,,Not Frozen,2026,Regular Headcount
POS-468,Compliance Analyst,Compliance Analyst,Legal & Compliance,Mid,POS-446,Legal and Compliance Manager,Permanent,Hybrid,Day,Filled,Monitor,Medium,EMP479,Noman Latif,DEPARTMENT-011,Corporate Services,ORGANIZATIONAL-UNIT-LGL-TEAM-02,LOC-HQ,COST-CENTER-LGL,Yes,Yes,1.0,2100000,420000,2025-01-01,2021-12-01,,,Not Frozen,2026,Regular Headcount
POS-469,Legal Assistant,Legal Assistant,Legal & Compliance,Junior,POS-451,Senior Legal Counsel,Permanent,Hybrid,Day,Filled,Monitor,Medium,EMP480,Ahmed Saeed,DEPARTMENT-011,Corporate Services,ORGANIZATIONAL-UNIT-LGL-TEAM-01,LOC-HQ,COST-CENTER-LGL,Yes,Yes,1.0,1166000,233200,2018-09-01,2025-01-01,,,Not Frozen,2026,Regular Headcount
POS-470,Legal Assistant,Legal Assistant,Legal & Compliance,Junior,POS-452,Senior Legal Counsel,Permanent,On-site,Day,Filled,Monitor,Medium,EMP481,Rabia Rehman,DEPARTMENT-011,Corporate Services,ORGANIZATIONAL-UNIT-LGL-TEAM-03,LOC-HQ,COST-CENTER-LGL,Yes,Yes,1.0,1166000,233200,2025-03-01,2025-08-01,,,Not Frozen,2026,Regular Headcount
POS-471,Legal Assistant,Legal Assistant,Legal & Compliance,Junior,POS-453,Senior Legal Counsel,Permanent,On-site,Day,Filled,Monitor,Medium,EMP482,Danish Malik,DEPARTMENT-011,Corporate Services,ORGANIZATIONAL-UNIT-LGL-TEAM-02,LOC-HQ,COST-CENTER-LGL,Yes,Yes,1.0,1166000,233200,2023-05-01,2025-05-01,,,Not Frozen,2026,Regular Headcount
POS-472,Legal Assistant,Legal Assistant,Legal & Compliance,Junior,POS-454,Senior Legal Counsel,Permanent,On-site,Day,Filled,Monitor,Medium,EMP483,Bilal Mahmood,DEPARTMENT-011,Corporate Services,ORGANIZATIONAL-UNIT-LGL-TEAM-03,LOC-HQ,COST-CENTER-LGL,Yes,Yes,1.0,1166000,233200,2020-11-01,2024-08-01,,,Not Frozen,2026,Regular Headcount
POS-473,Legal Assistant,Legal Assistant,Legal & Compliance,Junior,POS-441,Legal and Compliance Manager,Permanent,On-site,Day,Filled,Monitor,Medium,EMP484,Saba Mughal,DEPARTMENT-011,Corporate Services,ORGANIZATIONAL-UNIT-LGL-TEAM-03,LOC-HQ,COST-CENTER-LGL,Yes,Yes,1.0,1166000,233200,2024-04-01,2024-06-01,,,Not Frozen,2026,Regular Headcount
POS-474,Legal Assistant,Legal Assistant,Legal & Compliance,Junior,POS-442,Legal and Compliance Manager,Permanent,Hybrid,Day,Filled,Monitor,Medium,EMP485,Sana Nadeem,DEPARTMENT-011,Corporate Services,ORGANIZATIONAL-UNIT-LGL-TEAM-01,LOC-HQ,COST-CENTER-LGL,Yes,Yes,1.0,1166000,233200,2024-02-01,2026-01-01,,,Not Frozen,2026,Regular Headcount
POS-475,Legal Assistant,Legal Assistant,Legal & Compliance,Junior,POS-443,Legal and Compliance Manager,Permanent,Hybrid,Day,Filled,Monitor,Medium,EMP486,Junaid Nadeem,DEPARTMENT-011,Corporate Services,ORGANIZATIONAL-UNIT-LGL-TEAM-03,LOC-HQ,COST-CENTER-LGL,Yes,Yes,1.0,1166000,233200,2025-06-01,2024-10-01,,,Not Frozen,2026,Regular Headcount
POS-476,Legal Assistant,Legal Assistant,Legal & Compliance,Junior,POS-444,Legal and Compliance Manager,Permanent,Hybrid,Day,Filled,Monitor,Medium,EMP487,Talha Hashmi,DEPARTMENT-011,Corporate Services,ORGANIZATIONAL-UNIT-LGL-TEAM-02,LOC-HQ,COST-CENTER-LGL,Yes,Yes,1.0,1166000,233200,2021-10-01,2025-11-01,,,Not Frozen,2026,Regular Headcount
POS-477,Legal Assistant,Legal Assistant,Legal & Compliance,Junior,POS-445,Legal and Compliance Manager,Permanent,Hybrid,Day,Filled,Monitor,Medium,EMP488,Omar Akhtar,DEPARTMENT-011,Corporate Services,ORGANIZATIONAL-UNIT-LGL-TEAM-02,LOC-HQ,COST-CENTER-LGL,Yes,Yes,1.0,1166000,233200,2023-08-01,2026-02-01,,,Not Frozen,2026,Regular Headcount
POS-478,Legal Assistant,Legal Assistant,Legal & Compliance,Junior,POS-446,Legal and Compliance Manager,Permanent,On-site,Day,Filled,Monitor,Medium,EMP489,Sara Zafar,DEPARTMENT-011,Corporate Services,ORGANIZATIONAL-UNIT-LGL-TEAM-01,LOC-HQ,COST-CENTER-LGL,Yes,Yes,1.0,1166000,233200,2021-01-01,2026-02-01,,,Not Frozen,2026,Regular Headcount
POS-479,Legal Assistant,Legal Assistant,Legal & Compliance,Junior,POS-447,Senior Legal Counsel,Permanent,Hybrid,Day,Filled,Monitor,Medium,EMP490,Farhan Hameed,DEPARTMENT-011,Corporate Services,ORGANIZATIONAL-UNIT-LGL-TEAM-01,LOC-HQ,COST-CENTER-LGL,Yes,Yes,1.0,1166000,233200,2018-08-01,2023-12-01,,,Not Frozen,2026,Regular Headcount
POS-480,Legal Assistant,Legal Assistant,Legal & Compliance,Junior,POS-448,Senior Legal Counsel,Contract,Hybrid,Day,Filled,Monitor,Medium,EMP491,Zainab Chaudhry,DEPARTMENT-011,Corporate Services,ORGANIZATIONAL-UNIT-LGL-TEAM-03,LOC-HQ,COST-CENTER-LGL,No,No,1.0,1166000,233200,2023-01-01,2025-10-01,,,Not Frozen,2026,Contract Headcount
POS-481,Legal Assistant,Legal Assistant,Legal & Compliance,Junior,POS-449,Senior Legal Counsel,Permanent,On-site,Day,Filled,Monitor,Medium,EMP492,Hamza Javed,DEPARTMENT-011,Corporate Services,ORGANIZATIONAL-UNIT-LGL-TEAM-03,LOC-HQ,COST-CENTER-LGL,No,No,1.0,1166000,233200,2024-02-01,2024-11-01,,,Not Frozen,2026,Regular Headcount
POS-482,Legal Intern,Legal Intern,Legal & Compliance,Intern,POS-450,Senior Legal Counsel,Internship,Hybrid,Day,Filled,Monitor,Medium,EMP493,Komal Rehman,DEPARTMENT-011,Corporate Services,ORGANIZATIONAL-UNIT-LGL-TEAM-01,LOC-HQ,COST-CENTER-LGL,Yes,Yes,1.0,544000,108800,2021-06-01,2025-08-01,,,Not Frozen,2026,Internship Headcount
POS-483,Legal Intern,Legal Intern,Legal & Compliance,Intern,POS-451,Senior Legal Counsel,Internship,Hybrid,Day,Filled,Monitor,Medium,EMP494,Anam Mahmood,DEPARTMENT-011,Corporate Services,ORGANIZATIONAL-UNIT-LGL-TEAM-03,LOC-HQ,COST-CENTER-LGL,Yes,Yes,1.0,544000,108800,2021-05-01,2026-02-01,,,Not Frozen,2026,Internship Headcount
POS-484,Legal Intern,Legal Intern,Legal & Compliance,Intern,POS-452,Senior Legal Counsel,Internship,On-site,Day,Filled,Monitor,Medium,EMP495,Junaid Chaudhry,DEPARTMENT-011,Corporate Services,ORGANIZATIONAL-UNIT-LGL-TEAM-02,LOC-HQ,COST-CENTER-LGL,Yes,Yes,1.0,544000,108800,2024-09-01,2026-02-01,,,Not Frozen,2026,Internship Headcount
EXEC-PRC-HEAD,Head of Procurement and Supply Chain,Head of Procurement and Supply Chain,Procurement & Supply Chain,Executive,,Chief People and Operations Officer,Contract,Hybrid,Day,Filled,Successor Coverage Required,Critical,EMP496,Ali Nadeem,DEPARTMENT-012,Enterprise Operations,ORGANIZATIONAL-UNIT-PRC,LOC-CENTRAL,COST-CENTER-PRC,Yes,Yes,1.0,8424000,1684800,2019-03-01,2012-09-01,,,Not Frozen,2026,Contract Headcount
POS-485,Procurement Manager,Procurement Manager,Procurement & Supply Chain,Lead/Manager,EXEC-PRC-HEAD,Head of Procurement and Supply Chain,Permanent,Hybrid,Day,Filled,Successor Coverage Required,High,EMP497,Talha Riaz,DEPARTMENT-012,Enterprise Operations,ORGANIZATIONAL-UNIT-PRC,LOC-CENTRAL,COST-CENTER-PRC,Yes,Yes,1.0,4536000,907200,2021-03-01,2018-03-01,,,Not Frozen,2026,Regular Headcount
POS-486,Procurement Manager,Procurement Manager,Procurement & Supply Chain,Lead/Manager,EXEC-PRC-HEAD,Head of Procurement and Supply Chain,Permanent,Hybrid,Day,Filled,Successor Coverage Required,High,EMP498,Usman Faisal,DEPARTMENT-012,Enterprise Operations,ORGANIZATIONAL-UNIT-PRC,LOC-CENTRAL,COST-CENTER-PRC,Yes,Yes,1.0,4536000,907200,2019-12-01,2015-12-01,,,Not Frozen,2026,Regular Headcount
POS-487,Procurement Manager,Procurement Manager,Procurement & Supply Chain,Lead/Manager,EXEC-PRC-HEAD,Head of Procurement and Supply Chain,Permanent,On-site,Day,Filled,Successor Coverage Required,High,EMP499,Rabia Dar,DEPARTMENT-012,Enterprise Operations,ORGANIZATIONAL-UNIT-PRC,LOC-CENTRAL,COST-CENTER-PRC,Yes,Yes,1.0,4536000,907200,2024-07-01,2011-11-01,,,Not Frozen,2026,Regular Headcount
POS-488,Procurement Manager,Procurement Manager,Procurement & Supply Chain,Lead/Manager,EXEC-PRC-HEAD,Head of Procurement and Supply Chain,Permanent,Hybrid,Day,Filled,Successor Coverage Required,High,EMP500,Kashif Nasir,DEPARTMENT-012,Enterprise Operations,ORGANIZATIONAL-UNIT-PRC,LOC-CENTRAL,COST-CENTER-PRC,Yes,Yes,1.0,4536000,907200,2023-09-01,2019-12-01,,,Not Frozen,2026,Regular Headcount
POS-489,Procurement Manager,Procurement Manager,Procurement & Supply Chain,Lead/Manager,EXEC-PRC-HEAD,Head of Procurement and Supply Chain,Contract,On-site,Day,Filled,Successor Coverage Required,High,EMP501,Kinza Mahmood,DEPARTMENT-012,Enterprise Operations,ORGANIZATIONAL-UNIT-PRC,LOC-CENTRAL,COST-CENTER-PRC,Yes,Yes,1.0,4536000,907200,2023-07-01,2013-08-01,,,Not Frozen,2026,Contract Headcount
POS-490,Procurement Manager,Procurement Manager,Procurement & Supply Chain,Lead/Manager,EXEC-PRC-HEAD,Head of Procurement and Supply Chain,Permanent,On-site,Day,Filled,Successor Coverage Required,High,EMP502,Talha Rehman,DEPARTMENT-012,Enterprise Operations,ORGANIZATIONAL-UNIT-PRC,LOC-CENTRAL,COST-CENTER-PRC,Yes,Yes,1.0,4536000,907200,2019-08-01,2011-10-01,,,Not Frozen,2026,Regular Headcount
POS-491,Senior Procurement Specialist,Senior Procurement Specialist,Procurement & Supply Chain,Senior,POS-490,Procurement Manager,Contract,Hybrid,Day,Filled,Monitor,High,EMP503,Sara Khan,DEPARTMENT-012,Enterprise Operations,ORGANIZATIONAL-UNIT-PRC-TEAM-02,LOC-CENTRAL,COST-CENTER-PRC,Yes,Yes,1.0,2851000,570200,2019-04-01,2015-08-01,,,Not Frozen,2026,Contract Headcount
POS-492,Senior Procurement Specialist,Senior Procurement Specialist,Procurement & Supply Chain,Senior,POS-485,Procurement Manager,Contract,On-site,Day,Filled,Monitor,High,EMP504,Omar Siddiqui,DEPARTMENT-012,Enterprise Operations,ORGANIZATIONAL-UNIT-PRC-TEAM-02,LOC-CENTRAL,COST-CENTER-PRC,Yes,Yes,1.0,2851000,570200,2019-12-01,2020-03-01,,,Not Frozen,2026,Contract Headcount
POS-493,Senior Procurement Specialist,Senior Procurement Specialist,Procurement & Supply Chain,Senior,POS-486,Procurement Manager,Permanent,On-site,Day,Filled,Monitor,High,EMP505,Minal Butt,DEPARTMENT-012,Enterprise Operations,ORGANIZATIONAL-UNIT-PRC-TEAM-01,LOC-CENTRAL,COST-CENTER-PRC,Yes,Yes,1.0,2851000,570200,2019-04-01,2019-09-01,,,Not Frozen,2026,Regular Headcount
POS-494,Senior Procurement Specialist,Senior Procurement Specialist,Procurement & Supply Chain,Senior,POS-487,Procurement Manager,Permanent,On-site,Day,Filled,Monitor,High,EMP506,Komal Munir,DEPARTMENT-012,Enterprise Operations,ORGANIZATIONAL-UNIT-PRC-TEAM-03,LOC-CENTRAL,COST-CENTER-PRC,Yes,Yes,1.0,2851000,570200,2018-12-01,2016-05-01,,,Not Frozen,2026,Regular Headcount
POS-495,Senior Procurement Specialist,Senior Procurement Specialist,Procurement & Supply Chain,Senior,POS-488,Procurement Manager,Permanent,Hybrid,Day,Filled,Monitor,High,EMP507,Minal Malik,DEPARTMENT-012,Enterprise Operations,ORGANIZATIONAL-UNIT-PRC-TEAM-02,LOC-CENTRAL,COST-CENTER-PRC,Yes,Yes,1.0,2851000,570200,2018-12-01,2017-08-01,,,Not Frozen,2026,Regular Headcount
POS-496,Senior Procurement Specialist,Senior Procurement Specialist,Procurement & Supply Chain,Senior,POS-489,Procurement Manager,Permanent,On-site,Day,Filled,Monitor,High,EMP508,Kinza Siddiqui,DEPARTMENT-012,Enterprise Operations,ORGANIZATIONAL-UNIT-PRC-TEAM-03,LOC-CENTRAL,COST-CENTER-PRC,Yes,Yes,1.0,2851000,570200,2019-08-01,2015-06-01,,,Not Frozen,2026,Regular Headcount
POS-497,Senior Procurement Specialist,Senior Procurement Specialist,Procurement & Supply Chain,Senior,POS-490,Procurement Manager,Permanent,On-site,Day,Filled,Monitor,High,EMP509,Iqra Abbasi,DEPARTMENT-012,Enterprise Operations,ORGANIZATIONAL-UNIT-PRC-TEAM-02,LOC-CENTRAL,COST-CENTER-PRC,Yes,Yes,1.0,2851000,570200,2020-04-01,2017-12-01,,,Not Frozen,2026,Regular Headcount
POS-498,Senior Procurement Specialist,Senior Procurement Specialist,Procurement & Supply Chain,Senior,POS-485,Procurement Manager,Contract,On-site,Day,Filled,Monitor,High,EMP510,Laiba Butt,DEPARTMENT-012,Enterprise Operations,ORGANIZATIONAL-UNIT-PRC-TEAM-03,LOC-CENTRAL,COST-CENTER-PRC,Yes,Yes,1.0,2851000,570200,2021-10-01,2020-04-01,,,Not Frozen,2026,Contract Headcount
POS-499,Procurement Officer,Procurement Officer,Procurement & Supply Chain,Mid,POS-486,Procurement Manager,Permanent,On-site,Day,Filled,Monitor,Medium,EMP511,Asad Mirza,DEPARTMENT-012,Enterprise Operations,ORGANIZATIONAL-UNIT-PRC-TEAM-03,LOC-CENTRAL,COST-CENTER-PRC,Yes,Yes,1.0,1750000,350000,2023-10-01,2021-11-01,,,Not Frozen,2026,Regular Headcount
POS-500,Procurement Officer,Procurement Officer,Procurement & Supply Chain,Mid,POS-487,Procurement Manager,Permanent,On-site,Day,Filled,Monitor,Medium,EMP512,Asad Butt,DEPARTMENT-012,Enterprise Operations,ORGANIZATIONAL-UNIT-PRC-TEAM-01,LOC-CENTRAL,COST-CENTER-PRC,Yes,Yes,1.0,1750000,350000,2022-05-01,2019-10-01,,,Not Frozen,2026,Regular Headcount
POS-501,Procurement Officer,Procurement Officer,Procurement & Supply Chain,Mid,POS-488,Procurement Manager,Permanent,On-site,Day,Filled,Monitor,Medium,EMP513,Noor Iqbal,DEPARTMENT-012,Enterprise Operations,ORGANIZATIONAL-UNIT-PRC-TEAM-03,LOC-CENTRAL,COST-CENTER-PRC,Yes,Yes,1.0,1750000,350000,2019-10-01,2023-11-01,,,Not Frozen,2026,Regular Headcount
POS-502,Procurement Officer,Procurement Officer,Procurement & Supply Chain,Mid,POS-489,Procurement Manager,Permanent,Hybrid,Day,Filled,Monitor,Medium,EMP514,Sana Saleem,DEPARTMENT-012,Enterprise Operations,ORGANIZATIONAL-UNIT-PRC-TEAM-03,LOC-CENTRAL,COST-CENTER-PRC,Yes,Yes,1.0,1750000,350000,2022-06-01,2022-05-01,,,Not Frozen,2026,Regular Headcount
POS-503,Procurement Officer,Procurement Officer,Procurement & Supply Chain,Mid,POS-490,Procurement Manager,Permanent,Hybrid,Day,Filled,Monitor,Medium,EMP515,Mehwish Ali,DEPARTMENT-012,Enterprise Operations,ORGANIZATIONAL-UNIT-PRC-TEAM-02,LOC-CENTRAL,COST-CENTER-PRC,Yes,Yes,1.0,1750000,350000,2025-06-01,2019-02-01,,,Not Frozen,2026,Regular Headcount
POS-504,Procurement Officer,Procurement Officer,Procurement & Supply Chain,Mid,POS-485,Procurement Manager,Permanent,On-site,Day,Filled,Monitor,Medium,EMP516,Maryam Yousaf,DEPARTMENT-012,Enterprise Operations,ORGANIZATIONAL-UNIT-PRC-TEAM-03,LOC-CENTRAL,COST-CENTER-PRC,Yes,Yes,1.0,1750000,350000,2020-11-01,2023-03-01,,,Not Frozen,2026,Regular Headcount
POS-505,Procurement Officer,Procurement Officer,Procurement & Supply Chain,Mid,POS-486,Procurement Manager,Permanent,On-site,Day,Filled,Monitor,Medium,EMP517,Anam Rehman,DEPARTMENT-012,Enterprise Operations,ORGANIZATIONAL-UNIT-PRC-TEAM-01,LOC-CENTRAL,COST-CENTER-PRC,Yes,Yes,1.0,1750000,350000,2020-05-01,2020-09-01,,,Not Frozen,2026,Regular Headcount
POS-506,Procurement Officer,Procurement Officer,Procurement & Supply Chain,Mid,POS-487,Procurement Manager,Permanent,Hybrid,Day,Filled,Monitor,Medium,EMP518,Maryam Mughal,DEPARTMENT-012,Enterprise Operations,ORGANIZATIONAL-UNIT-PRC-TEAM-01,LOC-CENTRAL,COST-CENTER-PRC,Yes,Yes,1.0,1750000,350000,2020-01-01,2022-03-01,,,Not Frozen,2026,Regular Headcount
POS-507,Procurement Officer,Procurement Officer,Procurement & Supply Chain,Mid,POS-488,Procurement Manager,Contract,Hybrid,Day,Filled,Monitor,Medium,EMP519,Areeba Hameed,DEPARTMENT-012,Enterprise Operations,ORGANIZATIONAL-UNIT-PRC-TEAM-03,LOC-CENTRAL,COST-CENTER-PRC,Yes,Yes,1.0,1750000,350000,2020-02-01,2019-09-01,,,Not Frozen,2026,Contract Headcount
POS-508,Procurement Officer,Procurement Officer,Procurement & Supply Chain,Mid,POS-489,Procurement Manager,Permanent,On-site,Day,Filled,Monitor,Medium,EMP520,Maryam Munir,DEPARTMENT-012,Enterprise Operations,ORGANIZATIONAL-UNIT-PRC-TEAM-03,LOC-CENTRAL,COST-CENTER-PRC,Yes,Yes,1.0,1750000,350000,2021-11-01,2021-08-01,,,Not Frozen,2026,Regular Headcount
POS-509,Procurement Officer,Procurement Officer,Procurement & Supply Chain,Mid,POS-490,Procurement Manager,Permanent,On-site,Day,Filled,Monitor,Medium,EMP521,Noman Zafar,DEPARTMENT-012,Enterprise Operations,ORGANIZATIONAL-UNIT-PRC-TEAM-03,LOC-CENTRAL,COST-CENTER-PRC,Yes,Yes,1.0,1750000,350000,2022-08-01,2020-07-01,,,Not Frozen,2026,Regular Headcount
POS-510,Procurement Officer,Procurement Officer,Procurement & Supply Chain,Mid,POS-485,Procurement Manager,Permanent,On-site,Day,Filled,Monitor,Medium,EMP522,Nida Riaz,DEPARTMENT-012,Enterprise Operations,ORGANIZATIONAL-UNIT-PRC-TEAM-01,LOC-CENTRAL,COST-CENTER-PRC,Yes,Yes,1.0,1750000,350000,2019-09-01,2023-09-01,,,Not Frozen,2026,Regular Headcount
POS-511,Procurement Officer,Procurement Officer,Procurement & Supply Chain,Mid,POS-486,Procurement Manager,Permanent,On-site,Day,Filled,Monitor,Medium,EMP523,Noor Siddiqui,DEPARTMENT-012,Enterprise Operations,ORGANIZATIONAL-UNIT-PRC-TEAM-02,LOC-CENTRAL,COST-CENTER-PRC,Yes,Yes,1.0,1750000,350000,2021-06-01,2020-11-01,,,Not Frozen,2026,Regular Headcount
POS-512,Procurement Officer,Procurement Officer,Procurement & Supply Chain,Mid,POS-487,Procurement Manager,Permanent,Hybrid,Day,Filled,Monitor,Medium,EMP524,Sidra Siddiqui,DEPARTMENT-012,Enterprise Operations,ORGANIZATIONAL-UNIT-PRC-TEAM-01,LOC-CENTRAL,COST-CENTER-PRC,Yes,Yes,1.0,1750000,350000,2023-05-01,2019-08-01,,,Not Frozen,2026,Regular Headcount
POS-513,Procurement Assistant,Procurement Assistant,Procurement & Supply Chain,Junior,POS-498,Senior Procurement Specialist,Permanent,On-site,Day,Filled,Monitor,Medium,EMP525,Imran Nasir,DEPARTMENT-012,Enterprise Operations,ORGANIZATIONAL-UNIT-PRC-TEAM-02,LOC-CENTRAL,COST-CENTER-PRC,Yes,Yes,1.0,972000,194400,2023-10-01,2025-02-01,,,Not Frozen,2026,Regular Headcount
POS-514,Procurement Assistant,Procurement Assistant,Procurement & Supply Chain,Junior,POS-485,Procurement Manager,Permanent,Hybrid,Day,Filled,Monitor,Medium,EMP526,Adnan Chaudhry,DEPARTMENT-012,Enterprise Operations,ORGANIZATIONAL-UNIT-PRC-TEAM-02,LOC-CENTRAL,COST-CENTER-PRC,Yes,Yes,1.0,972000,194400,2018-11-01,2025-04-01,,,Not Frozen,2026,Regular Headcount
POS-515,Procurement Assistant,Procurement Assistant,Procurement & Supply Chain,Junior,POS-486,Procurement Manager,Contract,Hybrid,Day,Filled,Monitor,Medium,EMP527,Mehwish Nasir,DEPARTMENT-012,Enterprise Operations,ORGANIZATIONAL-UNIT-PRC-TEAM-01,LOC-CENTRAL,COST-CENTER-PRC,Yes,Yes,1.0,972000,194400,2020-05-01,2026-02-01,,,Not Frozen,2026,Contract Headcount
POS-516,Procurement Assistant,Procurement Assistant,Procurement & Supply Chain,Junior,POS-487,Procurement Manager,Permanent,On-site,Day,Filled,Monitor,Medium,EMP528,Minal Aslam,DEPARTMENT-012,Enterprise Operations,ORGANIZATIONAL-UNIT-PRC-TEAM-02,LOC-CENTRAL,COST-CENTER-PRC,Yes,Yes,1.0,972000,194400,2022-02-01,2025-04-01,,,Not Frozen,2026,Regular Headcount
POS-517,Procurement Assistant,Procurement Assistant,Procurement & Supply Chain,Junior,POS-488,Procurement Manager,Permanent,On-site,Day,Filled,Monitor,Medium,EMP529,Ayesha Waheed,DEPARTMENT-012,Enterprise Operations,ORGANIZATIONAL-UNIT-PRC-TEAM-03,LOC-CENTRAL,COST-CENTER-PRC,Yes,Yes,1.0,972000,194400,2024-05-01,2025-05-01,,,Not Frozen,2026,Regular Headcount
POS-518,Procurement Assistant,Procurement Assistant,Procurement & Supply Chain,Junior,POS-489,Procurement Manager,Permanent,On-site,Day,Filled,Monitor,Medium,EMP530,Kamran Rauf,DEPARTMENT-012,Enterprise Operations,ORGANIZATIONAL-UNIT-PRC-TEAM-01,LOC-CENTRAL,COST-CENTER-PRC,Yes,Yes,1.0,972000,194400,2025-08-01,2024-06-01,,,Not Frozen,2026,Regular Headcount
POS-519,Procurement Assistant,Procurement Assistant,Procurement & Supply Chain,Junior,POS-490,Procurement Manager,Permanent,Hybrid,Day,Filled,Monitor,Medium,EMP531,Kamran Iqbal,DEPARTMENT-012,Enterprise Operations,ORGANIZATIONAL-UNIT-PRC-TEAM-02,LOC-CENTRAL,COST-CENTER-PRC,Yes,Yes,1.0,972000,194400,2020-07-01,2024-05-01,,,Not Frozen,2026,Regular Headcount
POS-520,Procurement Assistant,Procurement Assistant,Procurement & Supply Chain,Junior,POS-491,Senior Procurement Specialist,Permanent,On-site,Day,Filled,Monitor,Medium,EMP532,Nida Habib,DEPARTMENT-012,Enterprise Operations,ORGANIZATIONAL-UNIT-PRC-TEAM-03,LOC-CENTRAL,COST-CENTER-PRC,Yes,Yes,1.0,972000,194400,2021-03-01,2023-11-01,,,Not Frozen,2026,Regular Headcount
POS-521,Procurement Assistant,Procurement Assistant,Procurement & Supply Chain,Junior,POS-492,Senior Procurement Specialist,Contract,On-site,Day,Filled,Monitor,Medium,EMP533,Nida Nadeem,DEPARTMENT-012,Enterprise Operations,ORGANIZATIONAL-UNIT-PRC-TEAM-03,LOC-CENTRAL,COST-CENTER-PRC,Yes,Yes,1.0,972000,194400,2021-02-01,2023-12-01,,,Not Frozen,2026,Contract Headcount
POS-522,Procurement Assistant,Procurement Assistant,Procurement & Supply Chain,Junior,POS-493,Senior Procurement Specialist,Permanent,On-site,Day,Filled,Monitor,Medium,EMP534,Hassan Siddiqui,DEPARTMENT-012,Enterprise Operations,ORGANIZATIONAL-UNIT-PRC-TEAM-02,LOC-CENTRAL,COST-CENTER-PRC,Yes,Yes,1.0,972000,194400,2024-02-01,2024-03-01,,,Not Frozen,2026,Regular Headcount
POS-523,Procurement Assistant,Procurement Assistant,Procurement & Supply Chain,Junior,POS-494,Senior Procurement Specialist,Permanent,Hybrid,Day,Filled,Monitor,Medium,EMP535,Komal Zafar,DEPARTMENT-012,Enterprise Operations,ORGANIZATIONAL-UNIT-PRC-TEAM-01,LOC-CENTRAL,COST-CENTER-PRC,Yes,Yes,1.0,972000,194400,2024-09-01,2024-01-01,,,Not Frozen,2026,Regular Headcount
POS-524,Procurement Assistant,Procurement Assistant,Procurement & Supply Chain,Junior,POS-495,Senior Procurement Specialist,Contract,Hybrid,Day,Filled,Monitor,Medium,EMP536,Anusha Butt,DEPARTMENT-012,Enterprise Operations,ORGANIZATIONAL-UNIT-PRC-TEAM-01,LOC-CENTRAL,COST-CENTER-PRC,Yes,Yes,1.0,972000,194400,2025-07-01,2025-10-01,,,Not Frozen,2026,Contract Headcount
POS-525,Procurement Assistant,Procurement Assistant,Procurement & Supply Chain,Junior,POS-496,Senior Procurement Specialist,Permanent,On-site,Day,Filled,Monitor,Medium,EMP537,Maryam Bukhari,DEPARTMENT-012,Enterprise Operations,ORGANIZATIONAL-UNIT-PRC-TEAM-01,LOC-CENTRAL,COST-CENTER-PRC,Yes,Yes,1.0,972000,194400,2019-02-01,2025-06-01,,,Not Frozen,2026,Regular Headcount
POS-526,Procurement Intern,Procurement Intern,Procurement & Supply Chain,Intern,POS-497,Senior Procurement Specialist,Internship,Hybrid,Day,Filled,Monitor,Medium,EMP538,Saba Tariq,DEPARTMENT-012,Enterprise Operations,ORGANIZATIONAL-UNIT-PRC-TEAM-03,LOC-CENTRAL,COST-CENTER-PRC,Yes,Yes,1.0,454000,90800,2018-11-01,2026-02-01,,,Not Frozen,2026,Internship Headcount
POS-527,Procurement Intern,Procurement Intern,Procurement & Supply Chain,Intern,POS-498,Senior Procurement Specialist,Internship,Hybrid,Day,Filled,Monitor,Medium,EMP539,Noman Ali,DEPARTMENT-012,Enterprise Operations,ORGANIZATIONAL-UNIT-PRC-TEAM-02,LOC-CENTRAL,COST-CENTER-PRC,Yes,Yes,1.0,454000,90800,2023-09-01,2026-02-01,,,Not Frozen,2026,Internship Headcount
POS-528,Procurement Intern,Procurement Intern,Procurement & Supply Chain,Intern,POS-485,Procurement Manager,Internship,Hybrid,Day,Filled,Monitor,Medium,EMP540,Haris Hussain,DEPARTMENT-012,Enterprise Operations,ORGANIZATIONAL-UNIT-PRC-TEAM-03,LOC-CENTRAL,COST-CENTER-PRC,Yes,Yes,1.0,454000,90800,2020-08-01,2026-01-01,,,Not Frozen,2026,Internship Headcount
EXEC-LOG-HEAD,Head of Logistics and Warehouse,Head of Logistics and Warehouse,Logistics & Warehouse,Executive,,Chief People and Operations Officer,Permanent,On-site,Day,Filled,Successor Coverage Required,Critical,EMP541,Asad Hashmi,DEPARTMENT-013,Enterprise Operations,ORGANIZATIONAL-UNIT-LOG,LOC-HUB,COST-CENTER-LOG,Yes,Yes,1.0,7413000,1482600,2020-12-01,2016-03-01,,,Not Frozen,2026,Regular Headcount
POS-529,Logistics Manager,Logistics Manager,Logistics & Warehouse,Lead/Manager,EXEC-LOG-HEAD,Head of Logistics and Warehouse,Permanent,On-site,Day,Filled,Successor Coverage Required,High,EMP542,Kashif Chaudhry,DEPARTMENT-013,Enterprise Operations,ORGANIZATIONAL-UNIT-LOG,LOC-HUB,COST-CENTER-LOG,Yes,Yes,1.0,3992000,798400,2021-10-01,2017-03-01,,,Not Frozen,2026,Regular Headcount
POS-530,Logistics Manager,Logistics Manager,Logistics & Warehouse,Lead/Manager,EXEC-LOG-HEAD,Head of Logistics and Warehouse,Permanent,On-site,Night,Filled,Successor Coverage Required,High,EMP543,Kamran Chaudhry,DEPARTMENT-013,Enterprise Operations,ORGANIZATIONAL-UNIT-LOG,LOC-HUB,COST-CENTER-LOG,Yes,Yes,1.0,3992000,798400,2022-12-01,2012-11-01,,,Not Frozen,2026,Regular Headcount
POS-531,Logistics Manager,Logistics Manager,Logistics & Warehouse,Lead/Manager,EXEC-LOG-HEAD,Head of Logistics and Warehouse,Permanent,On-site,Night,Filled,Successor Coverage Required,High,EMP544,Bilal Ansari,DEPARTMENT-013,Enterprise Operations,ORGANIZATIONAL-UNIT-LOG,LOC-HUB,COST-CENTER-LOG,Yes,Yes,1.0,3992000,798400,2023-03-01,2016-03-01,,,Not Frozen,2026,Regular Headcount
POS-532,Logistics Manager,Logistics Manager,Logistics & Warehouse,Lead/Manager,EXEC-LOG-HEAD,Head of Logistics and Warehouse,Permanent,On-site,Day,Filled,Successor Coverage Required,High,EMP545,Junaid Aslam,DEPARTMENT-013,Enterprise Operations,ORGANIZATIONAL-UNIT-LOG,LOC-HUB,COST-CENTER-LOG,Yes,Yes,1.0,3992000,798400,2020-09-01,2018-03-01,,,Not Frozen,2026,Regular Headcount
POS-533,Logistics Manager,Logistics Manager,Logistics & Warehouse,Lead/Manager,EXEC-LOG-HEAD,Head of Logistics and Warehouse,Permanent,On-site,Night,Filled,Successor Coverage Required,High,EMP546,Sara Baig,DEPARTMENT-013,Enterprise Operations,ORGANIZATIONAL-UNIT-LOG,LOC-HUB,COST-CENTER-LOG,Yes,Yes,1.0,3992000,798400,2024-10-01,2019-10-01,,,Not Frozen,2026,Regular Headcount
POS-534,Logistics Manager,Logistics Manager,Logistics & Warehouse,Lead/Manager,EXEC-LOG-HEAD,Head of Logistics and Warehouse,Permanent,On-site,Day,Filled,Successor Coverage Required,High,EMP547,Usman Ali,DEPARTMENT-013,Enterprise Operations,ORGANIZATIONAL-UNIT-LOG,LOC-HUB,COST-CENTER-LOG,Yes,Yes,1.0,3992000,798400,2023-07-01,2014-01-01,,,Not Frozen,2026,Regular Headcount
POS-535,Senior Logistics Officer,Senior Logistics Officer,Logistics & Warehouse,Senior,POS-531,Logistics Manager,Permanent,On-site,Night,Filled,Monitor,High,EMP548,Maryam Faisal,DEPARTMENT-013,Enterprise Operations,ORGANIZATIONAL-UNIT-LOG-TEAM-01,LOC-HUB,COST-CENTER-LOG,Yes,Yes,1.0,2509000,501800,2018-10-01,2016-05-01,,,Not Frozen,2026,Regular Headcount
POS-536,Senior Logistics Officer,Senior Logistics Officer,Logistics & Warehouse,Senior,POS-532,Logistics Manager,Permanent,On-site,Evening,Filled,Monitor,High,EMP549,Saba Saeed,DEPARTMENT-013,Enterprise Operations,ORGANIZATIONAL-UNIT-LOG-TEAM-02,LOC-HUB,COST-CENTER-LOG,Yes,Yes,1.0,2509000,501800,2020-09-01,2016-07-01,,,Not Frozen,2026,Regular Headcount
POS-537,Senior Logistics Officer,Senior Logistics Officer,Logistics & Warehouse,Senior,POS-533,Logistics Manager,Contract,On-site,Day,Filled,Monitor,High,EMP550,Hira Faisal,DEPARTMENT-013,Enterprise Operations,ORGANIZATIONAL-UNIT-LOG-TEAM-03,LOC-HUB,COST-CENTER-LOG,Yes,Yes,1.0,2509000,501800,2020-10-01,2022-07-01,,,Not Frozen,2026,Contract Headcount
POS-538,Senior Logistics Officer,Senior Logistics Officer,Logistics & Warehouse,Senior,POS-534,Logistics Manager,Permanent,On-site,Night,Filled,Monitor,High,EMP551,Saba Rehman,DEPARTMENT-013,Enterprise Operations,ORGANIZATIONAL-UNIT-LOG-TEAM-02,LOC-HUB,COST-CENTER-LOG,Yes,Yes,1.0,2509000,501800,2023-06-01,2021-09-01,,,Not Frozen,2026,Regular Headcount
POS-539,Senior Logistics Officer,Senior Logistics Officer,Logistics & Warehouse,Senior,POS-529,Logistics Manager,Contract,On-site,Evening,Filled,Monitor,High,EMP552,Anam Rauf,DEPARTMENT-013,Enterprise Operations,ORGANIZATIONAL-UNIT-LOG-TEAM-03,LOC-HUB,COST-CENTER-LOG,Yes,Yes,1.0,2509000,501800,2018-10-01,2018-07-01,,,Not Frozen,2026,Contract Headcount
POS-540,Senior Logistics Officer,Senior Logistics Officer,Logistics & Warehouse,Senior,POS-530,Logistics Manager,Permanent,On-site,Night,Filled,Monitor,High,EMP553,Iqra Mughal,DEPARTMENT-013,Enterprise Operations,ORGANIZATIONAL-UNIT-LOG-TEAM-03,LOC-HUB,COST-CENTER-LOG,Yes,Yes,1.0,2509000,501800,2022-05-01,2014-04-01,,,Not Frozen,2026,Regular Headcount
POS-541,Senior Logistics Officer,Senior Logistics Officer,Logistics & Warehouse,Senior,POS-531,Logistics Manager,Permanent,On-site,Evening,Filled,Monitor,High,EMP554,Sana Rauf,DEPARTMENT-013,Enterprise Operations,ORGANIZATIONAL-UNIT-LOG-TEAM-02,LOC-HUB,COST-CENTER-LOG,Yes,Yes,1.0,2509000,501800,2021-09-01,2018-02-01,,,Not Frozen,2026,Regular Headcount
POS-542,Senior Logistics Officer,Senior Logistics Officer,Logistics & Warehouse,Senior,POS-532,Logistics Manager,Permanent,On-site,Night,Filled,Monitor,High,EMP555,Danish Hashmi,DEPARTMENT-013,Enterprise Operations,ORGANIZATIONAL-UNIT-LOG-TEAM-03,LOC-HUB,COST-CENTER-LOG,Yes,Yes,1.0,2509000,501800,2022-11-01,2017-08-01,,,Not Frozen,2026,Regular Headcount
POS-543,Logistics Coordinator,Logistics Coordinator,Logistics & Warehouse,Mid,POS-533,Logistics Manager,Permanent,On-site,Day,Filled,Monitor,Medium,EMP556,Kinza Farooq,DEPARTMENT-013,Enterprise Operations,ORGANIZATIONAL-UNIT-LOG-TEAM-01,LOC-HUB,COST-CENTER-LOG,Yes,Yes,1.0,1540000,308000,2018-12-01,2021-10-01,,,Not Frozen,2026,Regular Headcount
POS-544,Logistics Coordinator,Logistics Coordinator,Logistics & Warehouse,Mid,POS-534,Logistics Manager,Permanent,On-site,Evening,Filled,Monitor,Medium,EMP557,Ali Rashid,DEPARTMENT-013,Enterprise Operations,ORGANIZATIONAL-UNIT-LOG-TEAM-03,LOC-HUB,COST-CENTER-LOG,Yes,Yes,1.0,1540000,308000,2020-12-01,2021-12-01,,,Not Frozen,2026,Regular Headcount
POS-545,Logistics Coordinator,Logistics Coordinator,Logistics & Warehouse,Mid,POS-529,Logistics Manager,Permanent,On-site,Evening,Filled,Monitor,Medium,EMP558,Waqas Latif,DEPARTMENT-013,Enterprise Operations,ORGANIZATIONAL-UNIT-LOG-TEAM-01,LOC-HUB,COST-CENTER-LOG,Yes,Yes,1.0,1540000,308000,2019-03-01,2023-12-01,,,Not Frozen,2026,Regular Headcount
POS-546,Logistics Coordinator,Logistics Coordinator,Logistics & Warehouse,Mid,POS-530,Logistics Manager,Permanent,On-site,Evening,Filled,Monitor,Medium,EMP559,Minal Qureshi,DEPARTMENT-013,Enterprise Operations,ORGANIZATIONAL-UNIT-LOG-TEAM-01,LOC-HUB,COST-CENTER-LOG,Yes,Yes,1.0,1540000,308000,2023-09-01,2021-06-01,,,Not Frozen,2026,Regular Headcount
POS-547,Logistics Coordinator,Logistics Coordinator,Logistics & Warehouse,Mid,POS-531,Logistics Manager,Permanent,On-site,Evening,Filled,Monitor,Medium,EMP560,Fahad Ali,DEPARTMENT-013,Enterprise Operations,ORGANIZATIONAL-UNIT-LOG-TEAM-02,LOC-HUB,COST-CENTER-LOG,Yes,Yes,1.0,1540000,308000,2022-04-01,2021-07-01,,,Not Frozen,2026,Regular Headcount
POS-548,Logistics Coordinator,Logistics Coordinator,Logistics & Warehouse,Mid,POS-532,Logistics Manager,Permanent,On-site,Evening,Filled,Monitor,Medium,EMP561,Maryam Waheed,DEPARTMENT-013,Enterprise Operations,ORGANIZATIONAL-UNIT-LOG-TEAM-02,LOC-HUB,COST-CENTER-LOG,Yes,Yes,1.0,1540000,308000,2023-12-01,2020-06-01,,,Not Frozen,2026,Regular Headcount
POS-549,Logistics Coordinator,Logistics Coordinator,Logistics & Warehouse,Mid,POS-533,Logistics Manager,Permanent,On-site,Evening,Filled,Monitor,Medium,EMP562,Komal Khan,DEPARTMENT-013,Enterprise Operations,ORGANIZATIONAL-UNIT-LOG-TEAM-02,LOC-HUB,COST-CENTER-LOG,Yes,Yes,1.0,1540000,308000,2022-06-01,2021-10-01,,,Not Frozen,2026,Regular Headcount
POS-550,Logistics Coordinator,Logistics Coordinator,Logistics & Warehouse,Mid,POS-534,Logistics Manager,Contract,On-site,Evening,Filled,Monitor,Medium,EMP563,Hira Ali,DEPARTMENT-013,Enterprise Operations,ORGANIZATIONAL-UNIT-LOG-TEAM-02,LOC-HUB,COST-CENTER-LOG,Yes,Yes,1.0,1540000,308000,2021-02-01,2019-04-01,,,Not Frozen,2026,Contract Headcount
POS-551,Logistics Coordinator,Logistics Coordinator,Logistics & Warehouse,Mid,POS-529,Logistics Manager,Permanent,On-site,Day,Filled,Monitor,Medium,EMP564,Adnan Zafar,DEPARTMENT-013,Enterprise Operations,ORGANIZATIONAL-UNIT-LOG-TEAM-01,LOC-HUB,COST-CENTER-LOG,Yes,Yes,1.0,1540000,308000,2019-08-01,2019-11-01,,,Not Frozen,2026,Regular Headcount
POS-552,Logistics Coordinator,Logistics Coordinator,Logistics & Warehouse,Mid,POS-530,Logistics Manager,Permanent,On-site,Night,Filled,Monitor,Medium,EMP565,Rabia Tariq,DEPARTMENT-013,Enterprise Operations,ORGANIZATIONAL-UNIT-LOG-TEAM-01,LOC-HUB,COST-CENTER-LOG,Yes,Yes,1.0,1540000,308000,2021-08-01,2020-05-01,,,Not Frozen,2026,Regular Headcount
POS-553,Logistics Coordinator,Logistics Coordinator,Logistics & Warehouse,Mid,POS-531,Logistics Manager,Permanent,On-site,Evening,Filled,Monitor,Medium,EMP566,Talha Ismail,DEPARTMENT-013,Enterprise Operations,ORGANIZATIONAL-UNIT-LOG-TEAM-02,LOC-HUB,COST-CENTER-LOG,Yes,Yes,1.0,1540000,308000,2024-02-01,2024-07-01,,,Not Frozen,2026,Regular Headcount
POS-554,Logistics Coordinator,Logistics Coordinator,Logistics & Warehouse,Mid,POS-532,Logistics Manager,Permanent,On-site,Evening,Filled,Monitor,Medium,EMP567,Hira Javed,DEPARTMENT-013,Enterprise Operations,ORGANIZATIONAL-UNIT-LOG-TEAM-01,LOC-HUB,COST-CENTER-LOG,Yes,Yes,1.0,1540000,308000,2021-04-01,2022-07-01,,,Not Frozen,2026,Regular Headcount
POS-555,Logistics Coordinator,Logistics Coordinator,Logistics & Warehouse,Mid,POS-533,Logistics Manager,Permanent,On-site,Day,Filled,Monitor,Medium,EMP568,Mehwish Javed,DEPARTMENT-013,Enterprise Operations,ORGANIZATIONAL-UNIT-LOG-TEAM-02,LOC-HUB,COST-CENTER-LOG,Yes,Yes,1.0,1540000,308000,2020-11-01,2022-05-01,,,Not Frozen,2026,Regular Headcount
POS-556,Logistics Coordinator,Logistics Coordinator,Logistics & Warehouse,Mid,POS-534,Logistics Manager,Permanent,On-site,Night,Filled,Monitor,Medium,EMP569,Bilal Rauf,DEPARTMENT-013,Enterprise Operations,ORGANIZATIONAL-UNIT-LOG-TEAM-01,LOC-HUB,COST-CENTER-LOG,Yes,Yes,1.0,1540000,308000,2024-11-01,2025-02-01,,,Not Frozen,2026,Regular Headcount
POS-557,Warehouse Assistant,Warehouse Assistant,Logistics & Warehouse,Junior,POS-531,Logistics Manager,Permanent,On-site,Day,Filled,Monitor,Medium,EMP570,Komal Farooq,DEPARTMENT-013,Enterprise Operations,ORGANIZATIONAL-UNIT-LOG-TEAM-02,LOC-HUB,COST-CENTER-LOG,Yes,Yes,1.0,855000,171000,2024-04-01,2025-07-01,,,Not Frozen,2026,Regular Headcount
POS-558,Warehouse Assistant,Warehouse Assistant,Logistics & Warehouse,Junior,POS-532,Logistics Manager,Permanent,On-site,Day,Filled,Monitor,Medium,EMP571,Minal Saeed,DEPARTMENT-013,Enterprise Operations,ORGANIZATIONAL-UNIT-LOG-TEAM-03,LOC-HUB,COST-CENTER-LOG,Yes,Yes,1.0,855000,171000,2023-05-01,2024-10-01,,,Not Frozen,2026,Regular Headcount
POS-559,Warehouse Assistant,Warehouse Assistant,Logistics & Warehouse,Junior,POS-533,Logistics Manager,Permanent,On-site,Night,Filled,Monitor,Medium,EMP572,Farhan Iqbal,DEPARTMENT-013,Enterprise Operations,ORGANIZATIONAL-UNIT-LOG-TEAM-03,LOC-HUB,COST-CENTER-LOG,Yes,Yes,1.0,855000,171000,2025-08-01,2025-01-01,,,Not Frozen,2026,Regular Headcount
POS-560,Warehouse Assistant,Warehouse Assistant,Logistics & Warehouse,Junior,POS-534,Logistics Manager,Permanent,On-site,Night,Filled,Monitor,Medium,EMP573,Junaid Javed,DEPARTMENT-013,Enterprise Operations,ORGANIZATIONAL-UNIT-LOG-TEAM-01,LOC-HUB,COST-CENTER-LOG,Yes,Yes,1.0,855000,171000,2024-04-01,2025-08-01,,,Not Frozen,2026,Regular Headcount
POS-561,Warehouse Assistant,Warehouse Assistant,Logistics & Warehouse,Junior,POS-535,Senior Logistics Officer,Permanent,On-site,Evening,Filled,Monitor,Medium,EMP574,Ahmed Javed,DEPARTMENT-013,Enterprise Operations,ORGANIZATIONAL-UNIT-LOG-TEAM-02,LOC-HUB,COST-CENTER-LOG,Yes,Yes,1.0,855000,171000,2024-09-01,2026-02-01,,,Not Frozen,2026,Regular Headcount
POS-562,Warehouse Assistant,Warehouse Assistant,Logistics & Warehouse,Junior,POS-536,Senior Logistics Officer,Permanent,On-site,Night,Filled,Monitor,Medium,EMP575,Komal Hameed,DEPARTMENT-013,Enterprise Operations,ORGANIZATIONAL-UNIT-LOG-TEAM-01,LOC-HUB,COST-CENTER-LOG,Yes,Yes,1.0,855000,171000,2021-11-01,2023-09-01,,,Not Frozen,2026,Regular Headcount
POS-563,Warehouse Assistant,Warehouse Assistant,Logistics & Warehouse,Junior,POS-537,Senior Logistics Officer,Contract,On-site,Day,Filled,Monitor,Medium,EMP576,Fatima Sultan,DEPARTMENT-013,Enterprise Operations,ORGANIZATIONAL-UNIT-LOG-TEAM-03,LOC-HUB,COST-CENTER-LOG,Yes,Yes,1.0,855000,171000,2022-05-01,2023-10-01,,,Not Frozen,2026,Contract Headcount
POS-564,Warehouse Assistant,Warehouse Assistant,Logistics & Warehouse,Junior,POS-538,Senior Logistics Officer,Permanent,On-site,Night,Filled,Monitor,Medium,EMP577,Iqra Hussain,DEPARTMENT-013,Enterprise Operations,ORGANIZATIONAL-UNIT-LOG-TEAM-02,LOC-HUB,COST-CENTER-LOG,Yes,Yes,1.0,855000,171000,2020-10-01,2024-04-01,,,Not Frozen,2026,Regular Headcount
POS-565,Warehouse Assistant,Warehouse Assistant,Logistics & Warehouse,Junior,POS-539,Senior Logistics Officer,Permanent,On-site,Day,Filled,Monitor,Medium,EMP578,Maryam Rauf,DEPARTMENT-013,Enterprise Operations,ORGANIZATIONAL-UNIT-LOG-TEAM-03,LOC-HUB,COST-CENTER-LOG,Yes,Yes,1.0,855000,171000,2022-10-01,2024-07-01,,,Not Frozen,2026,Regular Headcount
POS-566,Warehouse Assistant,Warehouse Assistant,Logistics & Warehouse,Junior,POS-540,Senior Logistics Officer,Permanent,On-site,Night,Filled,Monitor,Medium,EMP579,Farhan Aziz,DEPARTMENT-013,Enterprise Operations,ORGANIZATIONAL-UNIT-LOG-TEAM-01,LOC-HUB,COST-CENTER-LOG,Yes,Yes,1.0,855000,171000,2020-09-01,2024-12-01,,,Not Frozen,2026,Regular Headcount
POS-567,Warehouse Assistant,Warehouse Assistant,Logistics & Warehouse,Junior,POS-541,Senior Logistics Officer,Permanent,On-site,Day,Filled,Monitor,Medium,EMP580,Minal Bukhari,DEPARTMENT-013,Enterprise Operations,ORGANIZATIONAL-UNIT-LOG-TEAM-03,LOC-HUB,COST-CENTER-LOG,Yes,Yes,1.0,855000,171000,2023-02-01,2023-04-01,,,Not Frozen,2026,Regular Headcount
POS-568,Warehouse Assistant,Warehouse Assistant,Logistics & Warehouse,Junior,POS-542,Senior Logistics Officer,Permanent,On-site,Night,Filled,Monitor,Medium,EMP581,Noor Khalid,DEPARTMENT-013,Enterprise Operations,ORGANIZATIONAL-UNIT-LOG-TEAM-03,LOC-HUB,COST-CENTER-LOG,Yes,Yes,1.0,855000,171000,2022-09-01,2023-04-01,,,Not Frozen,2026,Regular Headcount
POS-569,Warehouse Assistant,Warehouse Assistant,Logistics & Warehouse,Junior,POS-529,Logistics Manager,Permanent,On-site,Evening,Filled,Monitor,Medium,EMP582,Noor Sheikh,DEPARTMENT-013,Enterprise Operations,ORGANIZATIONAL-UNIT-LOG-TEAM-03,LOC-HUB,COST-CENTER-LOG,Yes,Yes,1.0,855000,171000,2020-07-01,2025-01-01,,,Not Frozen,2026,Regular Headcount
POS-570,Logistics Intern,Logistics Intern,Logistics & Warehouse,Intern,POS-530,Logistics Manager,Internship,On-site,Day,Filled,Monitor,Medium,EMP583,Noman Aziz,DEPARTMENT-013,Enterprise Operations,ORGANIZATIONAL-UNIT-LOG-TEAM-03,LOC-HUB,COST-CENTER-LOG,Yes,Yes,1.0,399000,79800,2019-07-01,2026-02-01,,,Not Frozen,2026,Internship Headcount
POS-571,Logistics Intern,Logistics Intern,Logistics & Warehouse,Intern,POS-531,Logistics Manager,Internship,On-site,Evening,Filled,Monitor,Medium,EMP584,Zainab Munir,DEPARTMENT-013,Enterprise Operations,ORGANIZATIONAL-UNIT-LOG-TEAM-02,LOC-HUB,COST-CENTER-LOG,Yes,Yes,1.0,399000,79800,2019-03-01,2026-02-01,,,Not Frozen,2026,Internship Headcount
POS-572,Logistics Intern,Logistics Intern,Logistics & Warehouse,Intern,POS-532,Logistics Manager,Internship,On-site,Day,Filled,Monitor,Medium,EMP585,Bilal Abbasi,DEPARTMENT-013,Enterprise Operations,ORGANIZATIONAL-UNIT-LOG-TEAM-03,LOC-HUB,COST-CENTER-LOG,Yes,Yes,1.0,399000,79800,2020-09-01,2026-02-01,,,Not Frozen,2026,Internship Headcount
EXEC-PRD-HEAD,Head of Production and Manufacturing,Head of Production and Manufacturing,Production & Manufacturing,Executive,,Chief People and Operations Officer,Permanent,On-site,Evening,Filled,Successor Coverage Required,Critical,EMP586,Fahad Akhtar,DEPARTMENT-014,Industrial Operations,ORGANIZATIONAL-UNIT-PRD,LOC-PLANT,COST-CENTER-PRD,Yes,Yes,1.0,7582000,1516400,2025-03-01,2011-03-01,,,Not Frozen,2026,Regular Headcount
POS-573,Production Manager,Production Manager,Production & Manufacturing,Lead/Manager,EXEC-PRD-HEAD,Head of Production and Manufacturing,Permanent,On-site,Night,Filled,Successor Coverage Required,High,EMP587,Noman Baig,DEPARTMENT-014,Industrial Operations,ORGANIZATIONAL-UNIT-PRD,LOC-PLANT,COST-CENTER-PRD,Yes,Yes,1.0,4082000,816400,2019-07-01,2019-09-01,,,Not Frozen,2026,Regular Headcount
POS-574,Production Manager,Production Manager,Production & Manufacturing,Lead/Manager,EXEC-PRD-HEAD,Head of Production and Manufacturing,Permanent,On-site,Evening,Filled,Successor Coverage Required,High,EMP588,Rabia Sultan,DEPARTMENT-014,Industrial Operations,ORGANIZATIONAL-UNIT-PRD,LOC-PLANT,COST-CENTER-PRD,Yes,Yes,1.0,4082000,816400,2024-06-01,2016-07-01,,,Not Frozen,2026,Regular Headcount
POS-575,Production Manager,Production Manager,Production & Manufacturing,Lead/Manager,EXEC-PRD-HEAD,Head of Production and Manufacturing,Permanent,On-site,Night,Filled,Successor Coverage Required,High,EMP589,Adnan Nawaz,DEPARTMENT-014,Industrial Operations,ORGANIZATIONAL-UNIT-PRD,LOC-PLANT,COST-CENTER-PRD,Yes,Yes,1.0,4082000,816400,2019-01-01,2018-11-01,,,Not Frozen,2026,Regular Headcount
POS-576,Production Manager,Production Manager,Production & Manufacturing,Lead/Manager,EXEC-PRD-HEAD,Head of Production and Manufacturing,Permanent,On-site,Evening,Filled,Successor Coverage Required,High,EMP590,Taha Ali,DEPARTMENT-014,Industrial Operations,ORGANIZATIONAL-UNIT-PRD,LOC-PLANT,COST-CENTER-PRD,Yes,Yes,1.0,4082000,816400,2020-07-01,2015-10-01,,,Not Frozen,2026,Regular Headcount
POS-577,Production Manager,Production Manager,Production & Manufacturing,Lead/Manager,EXEC-PRD-HEAD,Head of Production and Manufacturing,Contract,On-site,Day,Filled,Successor Coverage Required,High,EMP591,Adnan Hameed,DEPARTMENT-014,Industrial Operations,ORGANIZATIONAL-UNIT-PRD,LOC-PLANT,COST-CENTER-PRD,Yes,Yes,1.0,4082000,816400,2020-08-01,2012-06-01,,,Not Frozen,2026,Contract Headcount
POS-578,Production Manager,Production Manager,Production & Manufacturing,Lead/Manager,EXEC-PRD-HEAD,Head of Production and Manufacturing,Permanent,On-site,Night,Filled,Successor Coverage Required,High,EMP592,Hamza Qureshi,DEPARTMENT-014,Industrial Operations,ORGANIZATIONAL-UNIT-PRD,LOC-PLANT,COST-CENTER-PRD,Yes,Yes,1.0,4082000,816400,2020-08-01,2020-04-01,,,Not Frozen,2026,Regular Headcount
POS-579,Senior Production Supervisor,Senior Production Supervisor,Production & Manufacturing,Senior,POS-578,Production Manager,Permanent,On-site,Night,Filled,Monitor,High,EMP593,Maha Saeed,DEPARTMENT-014,Industrial Operations,ORGANIZATIONAL-UNIT-PRD-TEAM-03,LOC-PLANT,COST-CENTER-PRD,Yes,Yes,1.0,2566000,513200,2024-03-01,2015-09-01,,,Not Frozen,2026,Regular Headcount
POS-580,Senior Production Supervisor,Senior Production Supervisor,Production & Manufacturing,Senior,POS-573,Production Manager,Permanent,On-site,Day,Filled,Monitor,High,EMP594,Raza Mirza,DEPARTMENT-014,Industrial Operations,ORGANIZATIONAL-UNIT-PRD-TEAM-03,LOC-PLANT,COST-CENTER-PRD,Yes,Yes,1.0,2566000,513200,2022-07-01,2016-10-01,,,Not Frozen,2026,Regular Headcount
POS-581,Senior Production Supervisor,Senior Production Supervisor,Production & Manufacturing,Senior,POS-574,Production Manager,Permanent,On-site,Evening,Filled,Monitor,High,EMP595,Noman Dar,DEPARTMENT-014,Industrial Operations,ORGANIZATIONAL-UNIT-PRD-TEAM-03,LOC-PLANT,COST-CENTER-PRD,Yes,Yes,1.0,2566000,513200,2023-12-01,2017-02-01,,,Not Frozen,2026,Regular Headcount
POS-582,Senior Production Supervisor,Senior Production Supervisor,Production & Manufacturing,Senior,POS-575,Production Manager,Permanent,On-site,Day,Filled,Monitor,High,EMP596,Laiba Yousaf,DEPARTMENT-014,Industrial Operations,ORGANIZATIONAL-UNIT-PRD-TEAM-02,LOC-PLANT,COST-CENTER-PRD,Yes,Yes,1.0,2566000,513200,2023-08-01,2018-03-01,,,Not Frozen,2026,Regular Headcount
POS-583,Senior Production Supervisor,Senior Production Supervisor,Production & Manufacturing,Senior,POS-576,Production Manager,Permanent,On-site,Night,Filled,Monitor,High,EMP597,Raza Ali,DEPARTMENT-014,Industrial Operations,ORGANIZATIONAL-UNIT-PRD-TEAM-02,LOC-PLANT,COST-CENTER-PRD,Yes,Yes,1.0,2566000,513200,2018-08-01,2015-04-01,,,Not Frozen,2026,Regular Headcount
POS-584,Senior Production Supervisor,Senior Production Supervisor,Production & Manufacturing,Senior,POS-577,Production Manager,Permanent,On-site,Evening,Filled,Monitor,High,EMP598,Asad Riaz,DEPARTMENT-014,Industrial Operations,ORGANIZATIONAL-UNIT-PRD-TEAM-03,LOC-PLANT,COST-CENTER-PRD,Yes,Yes,1.0,2566000,513200,2025-06-01,2017-02-01,,,Not Frozen,2026,Regular Headcount
POS-585,Senior Production Supervisor,Senior Production Supervisor,Production & Manufacturing,Senior,POS-578,Production Manager,Permanent,On-site,Night,Filled,Monitor,High,EMP599,Maryam Nawaz,DEPARTMENT-014,Industrial Operations,ORGANIZATIONAL-UNIT-PRD-TEAM-02,LOC-PLANT,COST-CENTER-PRD,Yes,Yes,1.0,2566000,513200,2024-12-01,2019-08-01,,,Not Frozen,2026,Regular Headcount
POS-586,Senior Production Supervisor,Senior Production Supervisor,Production & Manufacturing,Senior,POS-573,Production Manager,Permanent,On-site,Night,Filled,Monitor,High,EMP600,Usman Saleem,DEPARTMENT-014,Industrial Operations,ORGANIZATIONAL-UNIT-PRD-TEAM-01,LOC-PLANT,COST-CENTER-PRD,Yes,Yes,1.0,2566000,513200,2018-11-01,2017-12-01,,,Not Frozen,2026,Regular Headcount
POS-587,Production Technician,Production Technician,Production & Manufacturing,Mid,POS-574,Production Manager,Permanent,On-site,Day,Filled,Monitor,Medium,EMP601,Danish Javed,DEPARTMENT-014,Industrial Operations,ORGANIZATIONAL-UNIT-PRD-TEAM-03,LOC-PLANT,COST-CENTER-PRD,Yes,Yes,1.0,1575000,315000,2021-02-01,2022-02-01,,,Not Frozen,2026,Regular Headcount
POS-588,Production Technician,Production Technician,Production & Manufacturing,Mid,POS-575,Production Manager,Permanent,On-site,Evening,Filled,Monitor,Medium,EMP602,Noor Baig,DEPARTMENT-014,Industrial Operations,ORGANIZATIONAL-UNIT-PRD-TEAM-01,LOC-PLANT,COST-CENTER-PRD,Yes,Yes,1.0,1575000,315000,2019-11-01,2020-10-01,,,Not Frozen,2026,Regular Headcount
POS-589,Production Technician,Production Technician,Production & Manufacturing,Mid,POS-576,Production Manager,Permanent,On-site,Night,Filled,Monitor,Medium,EMP603,Ayesha Qureshi,DEPARTMENT-014,Industrial Operations,ORGANIZATIONAL-UNIT-PRD-TEAM-03,LOC-PLANT,COST-CENTER-PRD,Yes,Yes,1.0,1575000,315000,2023-09-01,2021-11-01,,,Not Frozen,2026,Regular Headcount
POS-590,Production Technician,Production Technician,Production & Manufacturing,Mid,POS-577,Production Manager,Contract,On-site,Night,Filled,Monitor,Medium,EMP604,Saba Shah,DEPARTMENT-014,Industrial Operations,ORGANIZATIONAL-UNIT-PRD-TEAM-02,LOC-PLANT,COST-CENTER-PRD,Yes,Yes,1.0,1575000,315000,2020-04-01,2019-08-01,,,Not Frozen,2026,Contract Headcount
POS-591,Production Technician,Production Technician,Production & Manufacturing,Mid,POS-578,Production Manager,Contract,On-site,Night,Filled,Monitor,Medium,EMP605,Areeba Riaz,DEPARTMENT-014,Industrial Operations,ORGANIZATIONAL-UNIT-PRD-TEAM-02,LOC-PLANT,COST-CENTER-PRD,Yes,Yes,1.0,1575000,315000,2020-04-01,2020-07-01,,,Not Frozen,2026,Contract Headcount
POS-592,Production Technician,Production Technician,Production & Manufacturing,Mid,POS-573,Production Manager,Permanent,On-site,Day,Filled,Monitor,Medium,EMP606,Mahnoor Saeed,DEPARTMENT-014,Industrial Operations,ORGANIZATIONAL-UNIT-PRD-TEAM-03,LOC-PLANT,COST-CENTER-PRD,Yes,Yes,1.0,1575000,315000,2025-05-01,2024-02-01,,,Not Frozen,2026,Regular Headcount
POS-593,Production Technician,Production Technician,Production & Manufacturing,Mid,POS-574,Production Manager,Permanent,On-site,Day,Filled,Monitor,Medium,EMP607,Maryam Saeed,DEPARTMENT-014,Industrial Operations,ORGANIZATIONAL-UNIT-PRD-TEAM-03,LOC-PLANT,COST-CENTER-PRD,Yes,Yes,1.0,1575000,315000,2020-03-01,2024-12-01,,,Not Frozen,2026,Regular Headcount
POS-594,Production Technician,Production Technician,Production & Manufacturing,Mid,POS-575,Production Manager,Permanent,On-site,Evening,Filled,Monitor,Medium,EMP608,Sidra Khan,DEPARTMENT-014,Industrial Operations,ORGANIZATIONAL-UNIT-PRD-TEAM-03,LOC-PLANT,COST-CENTER-PRD,Yes,Yes,1.0,1575000,315000,2022-06-01,2021-09-01,,,Not Frozen,2026,Regular Headcount
POS-595,Production Technician,Production Technician,Production & Manufacturing,Mid,POS-576,Production Manager,Permanent,On-site,Day,Filled,Monitor,Medium,EMP609,Laiba Iqbal,DEPARTMENT-014,Industrial Operations,ORGANIZATIONAL-UNIT-PRD-TEAM-01,LOC-PLANT,COST-CENTER-PRD,Yes,Yes,1.0,1575000,315000,2020-06-01,2024-01-01,,,Not Frozen,2026,Regular Headcount
POS-596,Production Technician,Production Technician,Production & Manufacturing,Mid,POS-577,Production Manager,Permanent,On-site,Evening,Filled,Monitor,Medium,EMP610,Junaid Latif,DEPARTMENT-014,Industrial Operations,ORGANIZATIONAL-UNIT-PRD-TEAM-03,LOC-PLANT,COST-CENTER-PRD,Yes,Yes,1.0,1575000,315000,2019-02-01,2019-02-01,,,Not Frozen,2026,Regular Headcount
POS-597,Production Technician,Production Technician,Production & Manufacturing,Mid,POS-578,Production Manager,Permanent,On-site,Evening,Filled,Monitor,Medium,EMP611,Omar Mahmood,DEPARTMENT-014,Industrial Operations,ORGANIZATIONAL-UNIT-PRD-TEAM-03,LOC-PLANT,COST-CENTER-PRD,Yes,Yes,1.0,1575000,315000,2022-05-01,2020-04-01,,,Not Frozen,2026,Regular Headcount
POS-598,Production Technician,Production Technician,Production & Manufacturing,Mid,POS-573,Production Manager,Permanent,On-site,Evening,Filled,Monitor,Medium,EMP612,Hassan Khalid,DEPARTMENT-014,Industrial Operations,ORGANIZATIONAL-UNIT-PRD-TEAM-01,LOC-PLANT,COST-CENTER-PRD,Yes,Yes,1.0,1575000,315000,2020-07-01,2021-07-01,,,Not Frozen,2026,Regular Headcount
POS-599,Production Technician,Production Technician,Production & Manufacturing,Mid,POS-574,Production Manager,Contract,On-site,Night,Filled,Monitor,Medium,EMP613,Sidra Saeed,DEPARTMENT-014,Industrial Operations,ORGANIZATIONAL-UNIT-PRD-TEAM-03,LOC-PLANT,COST-CENTER-PRD,Yes,Yes,1.0,1575000,315000,2020-05-01,2020-10-01,,,Not Frozen,2026,Contract Headcount
POS-600,Production Technician,Production Technician,Production & Manufacturing,Mid,POS-575,Production Manager,Permanent,On-site,Day,Filled,Monitor,Medium,EMP614,Asad Rashid,DEPARTMENT-014,Industrial Operations,ORGANIZATIONAL-UNIT-PRD-TEAM-02,LOC-PLANT,COST-CENTER-PRD,Yes,Yes,1.0,1575000,315000,2025-01-01,2025-04-01,,,Not Frozen,2026,Regular Headcount
POS-601,Production Operator,Production Operator,Production & Manufacturing,Junior,POS-578,Production Manager,Permanent,On-site,Day,Filled,Monitor,Medium,EMP615,Waqas Munir,DEPARTMENT-014,Industrial Operations,ORGANIZATIONAL-UNIT-PRD-TEAM-02,LOC-PLANT,COST-CENTER-PRD,Yes,Yes,1.0,875000,175000,2023-03-01,2025-04-01,,,Not Frozen,2026,Regular Headcount
POS-602,Production Operator,Production Operator,Production & Manufacturing,Junior,POS-579,Senior Production Supervisor,Permanent,On-site,Evening,Filled,Monitor,Medium,EMP616,Rabia Sheikh,DEPARTMENT-014,Industrial Operations,ORGANIZATIONAL-UNIT-PRD-TEAM-03,LOC-PLANT,COST-CENTER-PRD,Yes,Yes,1.0,875000,175000,2024-02-01,2025-02-01,,,Not Frozen,2026,Regular Headcount
POS-603,Production Operator,Production Operator,Production & Manufacturing,Junior,POS-580,Senior Production Supervisor,Contract,On-site,Evening,Filled,Monitor,Medium,EMP617,Anusha Hussain,DEPARTMENT-014,Industrial Operations,ORGANIZATIONAL-UNIT-PRD-TEAM-02,LOC-PLANT,COST-CENTER-PRD,Yes,Yes,1.0,875000,175000,2020-09-01,2026-02-01,,,Not Frozen,2026,Contract Headcount
POS-604,Production Operator,Production Operator,Production & Manufacturing,Junior,POS-581,Senior Production Supervisor,Permanent,On-site,Day,Filled,Monitor,Medium,EMP618,Ali Malik,DEPARTMENT-014,Industrial Operations,ORGANIZATIONAL-UNIT-PRD-TEAM-02,LOC-PLANT,COST-CENTER-PRD,Yes,Yes,1.0,875000,175000,2018-08-01,2024-02-01,,,Not Frozen,2026,Regular Headcount
POS-605,Production Operator,Production Operator,Production & Manufacturing,Junior,POS-582,Senior Production Supervisor,Permanent,On-site,Night,Filled,Monitor,Medium,EMP619,Kashif Ansari,DEPARTMENT-014,Industrial Operations,ORGANIZATIONAL-UNIT-PRD-TEAM-03,LOC-PLANT,COST-CENTER-PRD,Yes,Yes,1.0,875000,175000,2023-05-01,2023-09-01,,,Not Frozen,2026,Regular Headcount
POS-606,Production Operator,Production Operator,Production & Manufacturing,Junior,POS-583,Senior Production Supervisor,Permanent,On-site,Evening,Filled,Monitor,Medium,EMP620,Iqra Ansari,DEPARTMENT-014,Industrial Operations,ORGANIZATIONAL-UNIT-PRD-TEAM-02,LOC-PLANT,COST-CENTER-PRD,Yes,Yes,1.0,875000,175000,2022-07-01,2025-04-01,,,Not Frozen,2026,Regular Headcount
POS-607,Production Operator,Production Operator,Production & Manufacturing,Junior,POS-584,Senior Production Supervisor,Permanent,On-site,Night,Filled,Monitor,Medium,EMP621,Usman Malik,DEPARTMENT-014,Industrial Operations,ORGANIZATIONAL-UNIT-PRD-TEAM-03,LOC-PLANT,COST-CENTER-PRD,Yes,Yes,1.0,875000,175000,2018-09-01,2026-02-01,,,Not Frozen,2026,Regular Headcount
POS-608,Production Operator,Production Operator,Production & Manufacturing,Junior,POS-585,Senior Production Supervisor,Permanent,On-site,Night,Filled,Monitor,Medium,EMP622,Omar Latif,DEPARTMENT-014,Industrial Operations,ORGANIZATIONAL-UNIT-PRD-TEAM-03,LOC-PLANT,COST-CENTER-PRD,Yes,Yes,1.0,875000,175000,2021-03-01,2025-02-01,,,Not Frozen,2026,Regular Headcount
POS-609,Production Operator,Production Operator,Production & Manufacturing,Junior,POS-586,Senior Production Supervisor,Permanent,On-site,Night,Filled,Monitor,Medium,EMP623,Ayesha Hussain,DEPARTMENT-014,Industrial Operations,ORGANIZATIONAL-UNIT-PRD-TEAM-02,LOC-PLANT,COST-CENTER-PRD,Yes,Yes,1.0,875000,175000,2021-02-01,2025-03-01,,,Not Frozen,2026,Regular Headcount
POS-610,Production Operator,Production Operator,Production & Manufacturing,Junior,POS-573,Production Manager,Permanent,On-site,Night,Filled,Monitor,Medium,EMP624,Eman Sheikh,DEPARTMENT-014,Industrial Operations,ORGANIZATIONAL-UNIT-PRD-TEAM-01,LOC-PLANT,COST-CENTER-PRD,Yes,Yes,1.0,875000,175000,2021-11-01,2025-02-01,,,Not Frozen,2026,Regular Headcount
POS-611,Production Operator,Production Operator,Production & Manufacturing,Junior,POS-574,Production Manager,Permanent,On-site,Day,Filled,Monitor,Medium,EMP625,Arham Ahmed,DEPARTMENT-014,Industrial Operations,ORGANIZATIONAL-UNIT-PRD-TEAM-03,LOC-PLANT,COST-CENTER-PRD,Yes,Yes,1.0,875000,175000,2020-07-01,2024-02-01,,,Not Frozen,2026,Regular Headcount
POS-612,Production Operator,Production Operator,Production & Manufacturing,Junior,POS-575,Production Manager,Contract,On-site,Night,Filled,Monitor,Medium,EMP626,Shahzaib Mughal,DEPARTMENT-014,Industrial Operations,ORGANIZATIONAL-UNIT-PRD-TEAM-01,LOC-PLANT,COST-CENTER-PRD,Yes,Yes,1.0,875000,175000,2022-05-01,2023-12-01,,,Not Frozen,2026,Contract Headcount
POS-613,Production Operator,Production Operator,Production & Manufacturing,Junior,POS-576,Production Manager,Permanent,On-site,Day,Filled,Monitor,Medium,EMP627,Mahnoor Ismail,DEPARTMENT-014,Industrial Operations,ORGANIZATIONAL-UNIT-PRD-TEAM-01,LOC-PLANT,COST-CENTER-PRD,Yes,Yes,1.0,875000,175000,2020-10-01,2023-05-01,,,Not Frozen,2026,Regular Headcount
POS-614,Production Intern,Production Intern,Production & Manufacturing,Intern,POS-577,Production Manager,Internship,On-site,Night,Filled,Monitor,Medium,EMP628,Raza Hameed,DEPARTMENT-014,Industrial Operations,ORGANIZATIONAL-UNIT-PRD-TEAM-03,LOC-PLANT,COST-CENTER-PRD,Yes,Yes,1.0,408000,81600,2022-11-01,2025-08-01,,,Not Frozen,2026,Internship Headcount
POS-615,Production Intern,Production Intern,Production & Manufacturing,Intern,POS-578,Production Manager,Internship,On-site,Day,Filled,Monitor,Medium,EMP629,Bilal Malik,DEPARTMENT-014,Industrial Operations,ORGANIZATIONAL-UNIT-PRD-TEAM-01,LOC-PLANT,COST-CENTER-PRD,Yes,Yes,1.0,408000,81600,2022-12-01,2026-02-01,,,Not Frozen,2026,Internship Headcount
POS-616,Production Intern,Production Intern,Production & Manufacturing,Intern,POS-579,Senior Production Supervisor,Internship,On-site,Night,Filled,Monitor,Medium,EMP630,Saba Dar,DEPARTMENT-014,Industrial Operations,ORGANIZATIONAL-UNIT-PRD-TEAM-02,LOC-PLANT,COST-CENTER-PRD,Yes,Yes,1.0,408000,81600,2021-03-01,2025-12-01,,,Not Frozen,2026,Internship Headcount
EXEC-QAS-HEAD,Head of Quality Assurance,Head of Quality Assurance,Quality Assurance,Executive,,Chief People and Operations Officer,Permanent,On-site,Evening,Filled,Successor Coverage Required,Critical,EMP631,Noman Tariq,DEPARTMENT-015,Industrial Operations,ORGANIZATIONAL-UNIT-QAS,LOC-PLANT,COST-CENTER-QAS,Yes,Yes,1.0,8424000,1684800,2019-02-01,2014-10-01,,,Not Frozen,2026,Regular Headcount
POS-617,Quality Assurance Manager,Quality Assurance Manager,Quality Assurance,Lead/Manager,EXEC-QAS-HEAD,Head of Quality Assurance,Permanent,On-site,Day,Filled,Successor Coverage Required,High,EMP632,Junaid Sultan,DEPARTMENT-015,Industrial Operations,ORGANIZATIONAL-UNIT-QAS,LOC-PLANT,COST-CENTER-QAS,Yes,Yes,1.0,4536000,907200,2022-12-01,2011-07-01,,,Not Frozen,2026,Regular Headcount
POS-618,Quality Assurance Manager,Quality Assurance Manager,Quality Assurance,Lead/Manager,EXEC-QAS-HEAD,Head of Quality Assurance,Permanent,On-site,Evening,Filled,Successor Coverage Required,High,EMP633,Sara Tariq,DEPARTMENT-015,Industrial Operations,ORGANIZATIONAL-UNIT-QAS,LOC-PLANT,COST-CENTER-QAS,Yes,Yes,1.0,4536000,907200,2024-02-01,2013-09-01,,,Not Frozen,2026,Regular Headcount
POS-619,Quality Assurance Manager,Quality Assurance Manager,Quality Assurance,Lead/Manager,EXEC-QAS-HEAD,Head of Quality Assurance,Permanent,On-site,Day,Filled,Successor Coverage Required,High,EMP634,Hira Nadeem,DEPARTMENT-015,Industrial Operations,ORGANIZATIONAL-UNIT-QAS,LOC-PLANT,COST-CENTER-QAS,Yes,Yes,1.0,4536000,907200,2021-08-01,2014-12-01,,,Not Frozen,2026,Regular Headcount
POS-620,Quality Assurance Manager,Quality Assurance Manager,Quality Assurance,Lead/Manager,EXEC-QAS-HEAD,Head of Quality Assurance,Permanent,On-site,Evening,Filled,Successor Coverage Required,High,EMP635,Ahmed Rashid,DEPARTMENT-015,Industrial Operations,ORGANIZATIONAL-UNIT-QAS,LOC-PLANT,COST-CENTER-QAS,Yes,Yes,1.0,4536000,907200,2018-09-01,2012-02-01,,,Not Frozen,2026,Regular Headcount
POS-621,Quality Assurance Manager,Quality Assurance Manager,Quality Assurance,Lead/Manager,EXEC-QAS-HEAD,Head of Quality Assurance,Permanent,On-site,Day,Filled,Successor Coverage Required,High,EMP636,Zainab Ejaz,DEPARTMENT-015,Industrial Operations,ORGANIZATIONAL-UNIT-QAS,LOC-PLANT,COST-CENTER-QAS,Yes,Yes,1.0,4536000,907200,2024-02-01,2013-12-01,,,Not Frozen,2026,Regular Headcount
POS-622,Quality Assurance Manager,Quality Assurance Manager,Quality Assurance,Lead/Manager,EXEC-QAS-HEAD,Head of Quality Assurance,Contract,On-site,Day,Filled,Successor Coverage Required,High,EMP637,Kamran Sheikh,DEPARTMENT-015,Industrial Operations,ORGANIZATIONAL-UNIT-QAS,LOC-PLANT,COST-CENTER-QAS,Yes,Yes,1.0,4536000,907200,2022-12-01,2019-07-01,,,Not Frozen,2026,Contract Headcount
POS-623,Senior Quality Engineer,Senior Quality Engineer,Quality Assurance,Senior,POS-619,Quality Assurance Manager,Permanent,On-site,Day,Filled,Monitor,High,EMP638,Laiba Hashmi,DEPARTMENT-015,Industrial Operations,ORGANIZATIONAL-UNIT-QAS-TEAM-03,LOC-PLANT,COST-CENTER-QAS,Yes,Yes,1.0,2851000,570200,2025-08-01,2018-04-01,,,Not Frozen,2026,Regular Headcount
POS-624,Senior Quality Engineer,Senior Quality Engineer,Quality Assurance,Senior,POS-620,Quality Assurance Manager,Permanent,On-site,Day,Filled,Monitor,High,EMP639,Sana Saeed,DEPARTMENT-015,Industrial Operations,ORGANIZATIONAL-UNIT-QAS-TEAM-03,LOC-PLANT,COST-CENTER-QAS,Yes,Yes,1.0,2851000,570200,2024-11-01,2017-11-01,,,Not Frozen,2026,Regular Headcount
POS-625,Senior Quality Engineer,Senior Quality Engineer,Quality Assurance,Senior,POS-621,Quality Assurance Manager,Permanent,On-site,Evening,Filled,Monitor,High,EMP640,Hamza Yousaf,DEPARTMENT-015,Industrial Operations,ORGANIZATIONAL-UNIT-QAS-TEAM-02,LOC-PLANT,COST-CENTER-QAS,Yes,Yes,1.0,2851000,570200,2020-11-01,2015-05-01,,,Not Frozen,2026,Regular Headcount
POS-626,Senior Quality Engineer,Senior Quality Engineer,Quality Assurance,Senior,POS-622,Quality Assurance Manager,Contract,On-site,Evening,Filled,Monitor,High,EMP641,Ahmed Awan,DEPARTMENT-015,Industrial Operations,ORGANIZATIONAL-UNIT-QAS-TEAM-01,LOC-PLANT,COST-CENTER-QAS,Yes,Yes,1.0,2851000,570200,2020-10-01,2023-05-01,,,Not Frozen,2026,Contract Headcount
POS-627,Senior Quality Engineer,Senior Quality Engineer,Quality Assurance,Senior,POS-617,Quality Assurance Manager,Permanent,On-site,Evening,Filled,Monitor,High,EMP642,Taha Zafar,DEPARTMENT-015,Industrial Operations,ORGANIZATIONAL-UNIT-QAS-TEAM-02,LOC-PLANT,COST-CENTER-QAS,Yes,Yes,1.0,2851000,570200,2022-08-01,2016-06-01,,,Not Frozen,2026,Regular Headcount
POS-628,Senior Quality Engineer,Senior Quality Engineer,Quality Assurance,Senior,POS-618,Quality Assurance Manager,Permanent,On-site,Day,Filled,Monitor,High,EMP643,Bilal Khan,DEPARTMENT-015,Industrial Operations,ORGANIZATIONAL-UNIT-QAS-TEAM-01,LOC-PLANT,COST-CENTER-QAS,Yes,Yes,1.0,2851000,570200,2023-11-01,2015-01-01,,,Not Frozen,2026,Regular Headcount
POS-629,Senior Quality Engineer,Senior Quality Engineer,Quality Assurance,Senior,POS-619,Quality Assurance Manager,Permanent,On-site,Day,Filled,Monitor,High,EMP644,Imran Hussain,DEPARTMENT-015,Industrial Operations,ORGANIZATIONAL-UNIT-QAS-TEAM-03,LOC-PLANT,COST-CENTER-QAS,Yes,Yes,1.0,2851000,570200,2020-05-01,2021-05-01,,,Not Frozen,2026,Regular Headcount
POS-630,Senior Quality Engineer,Senior Quality Engineer,Quality Assurance,Senior,POS-620,Quality Assurance Manager,Permanent,On-site,Evening,Filled,Monitor,High,EMP645,Kinza Rehman,DEPARTMENT-015,Industrial Operations,ORGANIZATIONAL-UNIT-QAS-TEAM-02,LOC-PLANT,COST-CENTER-QAS,Yes,Yes,1.0,2851000,570200,2022-10-01,2016-09-01,,,Not Frozen,2026,Regular Headcount
POS-631,Quality Analyst,Quality Analyst,Quality Assurance,Mid,POS-621,Quality Assurance Manager,Permanent,On-site,Evening,Filled,Monitor,Medium,EMP646,Junaid Yousaf,DEPARTMENT-015,Industrial Operations,ORGANIZATIONAL-UNIT-QAS-TEAM-01,LOC-PLANT,COST-CENTER-QAS,Yes,Yes,1.0,1750000,350000,2019-01-01,2023-09-01,,,Not Frozen,2026,Regular Headcount
POS-632,Quality Analyst,Quality Analyst,Quality Assurance,Mid,POS-622,Quality Assurance Manager,Contract,On-site,Evening,Filled,Monitor,Medium,EMP647,Amna Iqbal,DEPARTMENT-015,Industrial Operations,ORGANIZATIONAL-UNIT-QAS-TEAM-02,LOC-PLANT,COST-CENTER-QAS,Yes,Yes,1.0,1750000,350000,2019-12-01,2025-02-01,,,Not Frozen,2026,Contract Headcount
POS-633,Quality Analyst,Quality Analyst,Quality Assurance,Mid,POS-617,Quality Assurance Manager,Permanent,On-site,Day,Filled,Monitor,Medium,EMP648,Kashif Hashmi,DEPARTMENT-015,Industrial Operations,ORGANIZATIONAL-UNIT-QAS-TEAM-01,LOC-PLANT,COST-CENTER-QAS,Yes,Yes,1.0,1750000,350000,2022-02-01,2021-08-01,,,Not Frozen,2026,Regular Headcount
POS-634,Quality Analyst,Quality Analyst,Quality Assurance,Mid,POS-618,Quality Assurance Manager,Permanent,On-site,Day,Filled,Monitor,Medium,EMP649,Fatima Raza,DEPARTMENT-015,Industrial Operations,ORGANIZATIONAL-UNIT-QAS-TEAM-02,LOC-PLANT,COST-CENTER-QAS,Yes,Yes,1.0,1750000,350000,2024-01-01,2022-03-01,,,Not Frozen,2026,Regular Headcount
POS-635,Quality Analyst,Quality Analyst,Quality Assurance,Mid,POS-619,Quality Assurance Manager,Permanent,On-site,Evening,Filled,Monitor,Medium,EMP650,Hassan Akhtar,DEPARTMENT-015,Industrial Operations,ORGANIZATIONAL-UNIT-QAS-TEAM-03,LOC-PLANT,COST-CENTER-QAS,Yes,Yes,1.0,1750000,350000,2020-04-01,2021-10-01,,,Not Frozen,2026,Regular Headcount
POS-636,Quality Analyst,Quality Analyst,Quality Assurance,Mid,POS-620,Quality Assurance Manager,Contract,On-site,Day,Filled,Monitor,Medium,EMP651,Sana Habib,DEPARTMENT-015,Industrial Operations,ORGANIZATIONAL-UNIT-QAS-TEAM-02,LOC-PLANT,COST-CENTER-QAS,Yes,Yes,1.0,1750000,350000,2025-07-01,2019-08-01,,,Not Frozen,2026,Contract Headcount
POS-637,Quality Analyst,Quality Analyst,Quality Assurance,Mid,POS-621,Quality Assurance Manager,Permanent,On-site,Day,Filled,Monitor,Medium,EMP652,Kinza Waheed,DEPARTMENT-015,Industrial Operations,ORGANIZATIONAL-UNIT-QAS-TEAM-01,LOC-PLANT,COST-CENTER-QAS,Yes,Yes,1.0,1750000,350000,2022-08-01,2022-12-01,,,Not Frozen,2026,Regular Headcount
POS-638,Quality Analyst,Quality Analyst,Quality Assurance,Mid,POS-622,Quality Assurance Manager,Permanent,On-site,Evening,Filled,Monitor,Medium,EMP653,Laiba Hussain,DEPARTMENT-015,Industrial Operations,ORGANIZATIONAL-UNIT-QAS-TEAM-02,LOC-PLANT,COST-CENTER-QAS,Yes,Yes,1.0,1750000,350000,2024-12-01,2024-02-01,,,Not Frozen,2026,Regular Headcount
POS-639,Quality Analyst,Quality Analyst,Quality Assurance,Mid,POS-617,Quality Assurance Manager,Contract,On-site,Day,Filled,Monitor,Medium,EMP654,Kinza Javed,DEPARTMENT-015,Industrial Operations,ORGANIZATIONAL-UNIT-QAS-TEAM-01,LOC-PLANT,COST-CENTER-QAS,Yes,Yes,1.0,1750000,350000,2020-12-01,2020-12-01,,,Not Frozen,2026,Contract Headcount
POS-640,Quality Analyst,Quality Analyst,Quality Assurance,Mid,POS-618,Quality Assurance Manager,Contract,On-site,Evening,Filled,Monitor,Medium,EMP655,Taha Aslam,DEPARTMENT-015,Industrial Operations,ORGANIZATIONAL-UNIT-QAS-TEAM-01,LOC-PLANT,COST-CENTER-QAS,Yes,Yes,1.0,1750000,350000,2020-10-01,2024-03-01,,,Not Frozen,2026,Contract Headcount
POS-641,Quality Analyst,Quality Analyst,Quality Assurance,Mid,POS-619,Quality Assurance Manager,Permanent,On-site,Evening,Filled,Monitor,Medium,EMP656,Sara Hussain,DEPARTMENT-015,Industrial Operations,ORGANIZATIONAL-UNIT-QAS-TEAM-01,LOC-PLANT,COST-CENTER-QAS,Yes,Yes,1.0,1750000,350000,2021-08-01,2021-07-01,,,Not Frozen,2026,Regular Headcount
POS-642,Quality Analyst,Quality Analyst,Quality Assurance,Mid,POS-620,Quality Assurance Manager,Permanent,On-site,Evening,Filled,Monitor,Medium,EMP657,Mehwish Chaudhry,DEPARTMENT-015,Industrial Operations,ORGANIZATIONAL-UNIT-QAS-TEAM-01,LOC-PLANT,COST-CENTER-QAS,Yes,Yes,1.0,1750000,350000,2019-07-01,2024-01-01,,,Not Frozen,2026,Regular Headcount
POS-643,Quality Analyst,Quality Analyst,Quality Assurance,Mid,POS-621,Quality Assurance Manager,Permanent,On-site,Day,Filled,Monitor,Medium,EMP658,Kinza Latif,DEPARTMENT-015,Industrial Operations,ORGANIZATIONAL-UNIT-QAS-TEAM-03,LOC-PLANT,COST-CENTER-QAS,Yes,Yes,1.0,1750000,350000,2020-02-01,2020-08-01,,,Not Frozen,2026,Regular Headcount
POS-644,Quality Analyst,Quality Analyst,Quality Assurance,Mid,POS-622,Quality Assurance Manager,Permanent,On-site,Day,Filled,Monitor,Medium,EMP659,Fahad Sultan,DEPARTMENT-015,Industrial Operations,ORGANIZATIONAL-UNIT-QAS-TEAM-03,LOC-PLANT,COST-CENTER-QAS,Yes,Yes,1.0,1750000,350000,2022-11-01,2019-07-01,,,Not Frozen,2026,Regular Headcount
POS-645,Quality Inspector,Quality Inspector,Quality Assurance,Junior,POS-625,Senior Quality Engineer,Permanent,On-site,Day,Filled,Monitor,Medium,EMP660,Shahzaib Saleem,DEPARTMENT-015,Industrial Operations,ORGANIZATIONAL-UNIT-QAS-TEAM-03,LOC-PLANT,COST-CENTER-QAS,Yes,Yes,1.0,972000,194400,2020-10-01,2024-01-01,,,Not Frozen,2026,Regular Headcount
POS-646,Quality Inspector,Quality Inspector,Quality Assurance,Junior,POS-626,Senior Quality Engineer,Permanent,On-site,Day,Filled,Monitor,Medium,EMP661,Fatima Sheikh,DEPARTMENT-015,Industrial Operations,ORGANIZATIONAL-UNIT-QAS-TEAM-02,LOC-PLANT,COST-CENTER-QAS,Yes,Yes,1.0,972000,194400,2024-10-01,2025-05-01,,,Not Frozen,2026,Regular Headcount
POS-647,Quality Inspector,Quality Inspector,Quality Assurance,Junior,POS-627,Senior Quality Engineer,Permanent,On-site,Day,Filled,Monitor,Medium,EMP662,Areeba Awan,DEPARTMENT-015,Industrial Operations,ORGANIZATIONAL-UNIT-QAS-TEAM-03,LOC-PLANT,COST-CENTER-QAS,Yes,Yes,1.0,972000,194400,2020-10-01,2024-03-01,,,Not Frozen,2026,Regular Headcount
POS-648,Quality Inspector,Quality Inspector,Quality Assurance,Junior,POS-628,Senior Quality Engineer,Permanent,On-site,Evening,Filled,Monitor,Medium,EMP663,Eman Saleem,DEPARTMENT-015,Industrial Operations,ORGANIZATIONAL-UNIT-QAS-TEAM-01,LOC-PLANT,COST-CENTER-QAS,Yes,Yes,1.0,972000,194400,2018-10-01,2024-01-01,,,Not Frozen,2026,Regular Headcount
POS-649,Quality Inspector,Quality Inspector,Quality Assurance,Junior,POS-629,Senior Quality Engineer,Permanent,On-site,Day,Filled,Monitor,Medium,EMP664,Komal Shah,DEPARTMENT-015,Industrial Operations,ORGANIZATIONAL-UNIT-QAS-TEAM-03,LOC-PLANT,COST-CENTER-QAS,Yes,Yes,1.0,972000,194400,2023-01-01,2025-05-01,,,Not Frozen,2026,Regular Headcount
POS-650,Quality Inspector,Quality Inspector,Quality Assurance,Junior,POS-630,Senior Quality Engineer,Permanent,On-site,Day,Filled,Monitor,Medium,EMP665,Taha Waheed,DEPARTMENT-015,Industrial Operations,ORGANIZATIONAL-UNIT-QAS-TEAM-01,LOC-PLANT,COST-CENTER-QAS,Yes,Yes,1.0,972000,194400,2025-05-01,2024-09-01,,,Not Frozen,2026,Regular Headcount
POS-651,Quality Inspector,Quality Inspector,Quality Assurance,Junior,POS-617,Quality Assurance Manager,Permanent,On-site,Day,Filled,Monitor,Medium,EMP666,Saad Hashmi,DEPARTMENT-015,Industrial Operations,ORGANIZATIONAL-UNIT-QAS-TEAM-02,LOC-PLANT,COST-CENTER-QAS,Yes,Yes,1.0,972000,194400,2023-10-01,2025-04-01,,,Not Frozen,2026,Regular Headcount
POS-652,Quality Inspector,Quality Inspector,Quality Assurance,Junior,POS-618,Quality Assurance Manager,Permanent,On-site,Day,Filled,Monitor,Medium,EMP667,Nida Munir,DEPARTMENT-015,Industrial Operations,ORGANIZATIONAL-UNIT-QAS-TEAM-03,LOC-PLANT,COST-CENTER-QAS,Yes,Yes,1.0,972000,194400,2024-05-01,2025-09-01,,,Not Frozen,2026,Regular Headcount
POS-653,Quality Inspector,Quality Inspector,Quality Assurance,Junior,POS-619,Quality Assurance Manager,Permanent,On-site,Evening,Filled,Monitor,Medium,EMP668,Talha Nawaz,DEPARTMENT-015,Industrial Operations,ORGANIZATIONAL-UNIT-QAS-TEAM-03,LOC-PLANT,COST-CENTER-QAS,Yes,Yes,1.0,972000,194400,2020-12-01,2024-04-01,,,Not Frozen,2026,Regular Headcount
POS-654,Quality Inspector,Quality Inspector,Quality Assurance,Junior,POS-620,Quality Assurance Manager,Permanent,On-site,Evening,Filled,Monitor,Medium,EMP669,Saad Riaz,DEPARTMENT-015,Industrial Operations,ORGANIZATIONAL-UNIT-QAS-TEAM-01,LOC-PLANT,COST-CENTER-QAS,Yes,Yes,1.0,972000,194400,2023-04-01,2025-10-01,,,Not Frozen,2026,Regular Headcount
POS-655,Quality Inspector,Quality Inspector,Quality Assurance,Junior,POS-621,Quality Assurance Manager,Permanent,On-site,Day,Filled,Monitor,Medium,EMP670,Kinza Aziz,DEPARTMENT-015,Industrial Operations,ORGANIZATIONAL-UNIT-QAS-TEAM-02,LOC-PLANT,COST-CENTER-QAS,Yes,Yes,1.0,972000,194400,2022-06-01,2025-10-01,,,Not Frozen,2026,Regular Headcount
POS-656,Quality Inspector,Quality Inspector,Quality Assurance,Junior,POS-622,Quality Assurance Manager,Permanent,On-site,Day,Filled,Monitor,Medium,EMP671,Kashif Waheed,DEPARTMENT-015,Industrial Operations,ORGANIZATIONAL-UNIT-QAS-TEAM-03,LOC-PLANT,COST-CENTER-QAS,Yes,Yes,1.0,972000,194400,2022-06-01,2025-09-01,,,Not Frozen,2026,Regular Headcount
POS-657,Quality Inspector,Quality Inspector,Quality Assurance,Junior,POS-623,Senior Quality Engineer,Permanent,On-site,Evening,Filled,Monitor,Medium,EMP672,Taha Nawaz,DEPARTMENT-015,Industrial Operations,ORGANIZATIONAL-UNIT-QAS-TEAM-01,LOC-PLANT,COST-CENTER-QAS,Yes,Yes,1.0,972000,194400,2023-02-01,2026-02-01,,,Not Frozen,2026,Regular Headcount
POS-658,Quality Assurance Intern,Quality Assurance Intern,Quality Assurance,Intern,POS-624,Senior Quality Engineer,Internship,On-site,Evening,Filled,Monitor,Medium,EMP673,Noman Javed,DEPARTMENT-015,Industrial Operations,ORGANIZATIONAL-UNIT-QAS-TEAM-03,LOC-PLANT,COST-CENTER-QAS,Yes,Yes,0.5,227000,45400,2019-08-01,2026-02-01,,,Not Frozen,2026,Internship Headcount
POS-659,Quality Assurance Intern,Quality Assurance Intern,Quality Assurance,Intern,POS-625,Senior Quality Engineer,Internship,On-site,Evening,Filled,Monitor,Medium,EMP674,Rabia Ismail,DEPARTMENT-015,Industrial Operations,ORGANIZATIONAL-UNIT-QAS-TEAM-03,LOC-PLANT,COST-CENTER-QAS,Yes,Yes,1.0,454000,90800,2021-12-01,2025-11-01,,,Not Frozen,2026,Internship Headcount
POS-660,Quality Assurance Intern,Quality Assurance Intern,Quality Assurance,Intern,POS-626,Senior Quality Engineer,Internship,On-site,Day,Filled,Monitor,Medium,EMP675,Hira Munir,DEPARTMENT-015,Industrial Operations,ORGANIZATIONAL-UNIT-QAS-TEAM-02,LOC-PLANT,COST-CENTER-QAS,Yes,Yes,0.5,227000,45400,2023-01-01,2025-08-01,,,Not Frozen,2026,Internship Headcount
EXEC-RND-HEAD,Head of Research and Development,Head of Research and Development,Research & Development,Executive,,Chief People and Operations Officer,Permanent,Hybrid,Day,Filled,Successor Coverage Required,Critical,EMP676,Fahad Bukhari,DEPARTMENT-016,Technology and Innovation,ORGANIZATIONAL-UNIT-RND,LOC-HQ,COST-CENTER-RND,Yes,Yes,1.0,10109000,2021800,2024-09-01,2011-08-01,,,Not Frozen,2026,Regular Headcount
POS-661,Research and Development Manager,Research and Development Manager,Research & Development,Lead/Manager,EXEC-RND-HEAD,Head of Research and Development,Permanent,On-site,Day,Filled,Successor Coverage Required,High,EMP677,Eman Chaudhry,DEPARTMENT-016,Technology and Innovation,ORGANIZATIONAL-UNIT-RND,LOC-HQ,COST-CENTER-RND,Yes,Yes,1.0,5443000,1088600,2020-04-01,2014-06-01,,,Not Frozen,2026,Regular Headcount
POS-662,Research and Development Manager,Research and Development Manager,Research & Development,Lead/Manager,EXEC-RND-HEAD,Head of Research and Development,Permanent,Hybrid,Day,Filled,Successor Coverage Required,High,EMP678,Imran Akhtar,DEPARTMENT-016,Technology and Innovation,ORGANIZATIONAL-UNIT-RND,LOC-HQ,COST-CENTER-RND,Yes,Yes,1.0,5443000,1088600,2022-11-01,2012-07-01,,,Not Frozen,2026,Regular Headcount
POS-663,Research and Development Manager,Research and Development Manager,Research & Development,Lead/Manager,EXEC-RND-HEAD,Head of Research and Development,Permanent,Hybrid,Day,Filled,Successor Coverage Required,High,EMP679,Rabia Latif,DEPARTMENT-016,Technology and Innovation,ORGANIZATIONAL-UNIT-RND,LOC-HQ,COST-CENTER-RND,Yes,Yes,1.0,5443000,1088600,2025-01-01,2015-10-01,,,Not Frozen,2026,Regular Headcount
POS-664,Research and Development Manager,Research and Development Manager,Research & Development,Lead/Manager,EXEC-RND-HEAD,Head of Research and Development,Contract,Hybrid,Day,Filled,Successor Coverage Required,High,EMP680,Ayesha Dar,DEPARTMENT-016,Technology and Innovation,ORGANIZATIONAL-UNIT-RND,LOC-HQ,COST-CENTER-RND,Yes,Yes,1.0,5443000,1088600,2018-11-01,2014-09-01,,,Not Frozen,2026,Contract Headcount
POS-665,Research and Development Manager,Research and Development Manager,Research & Development,Lead/Manager,EXEC-RND-HEAD,Head of Research and Development,Permanent,On-site,Day,Filled,Successor Coverage Required,High,EMP681,Kashif Ejaz,DEPARTMENT-016,Technology and Innovation,ORGANIZATIONAL-UNIT-RND,LOC-HQ,COST-CENTER-RND,Yes,Yes,1.0,5443000,1088600,2019-01-01,2013-07-01,,,Not Frozen,2026,Regular Headcount
POS-666,Research and Development Manager,Research and Development Manager,Research & Development,Lead/Manager,EXEC-RND-HEAD,Head of Research and Development,Permanent,On-site,Day,Filled,Successor Coverage Required,High,EMP682,Hira Iqbal,DEPARTMENT-016,Technology and Innovation,ORGANIZATIONAL-UNIT-RND,LOC-HQ,COST-CENTER-RND,Yes,Yes,1.0,5443000,1088600,2023-02-01,2011-05-01,,,Not Frozen,2026,Regular Headcount
POS-667,Senior Research Scientist,Senior Research Scientist,Research & Development,Senior,POS-666,Research and Development Manager,Permanent,On-site,Day,Filled,Monitor,High,EMP683,Farhan Qureshi,DEPARTMENT-016,Technology and Innovation,ORGANIZATIONAL-UNIT-RND-TEAM-03,LOC-HQ,COST-CENTER-RND,Yes,Yes,1.0,3421000,684200,2025-01-01,2017-06-01,,,Not Frozen,2026,Regular Headcount
POS-668,Senior Research Scientist,Senior Research Scientist,Research & Development,Senior,POS-661,Research and Development Manager,Permanent,On-site,Day,Filled,Monitor,High,EMP684,Kamran Mirza,DEPARTMENT-016,Technology and Innovation,ORGANIZATIONAL-UNIT-RND-TEAM-01,LOC-HQ,COST-CENTER-RND,Yes,Yes,1.0,3421000,684200,2025-05-01,2023-04-01,,,Not Frozen,2026,Regular Headcount
POS-669,Senior Research Scientist,Senior Research Scientist,Research & Development,Senior,POS-662,Research and Development Manager,Permanent,Hybrid,Day,Filled,Monitor,High,EMP685,Kinza Dar,DEPARTMENT-016,Technology and Innovation,ORGANIZATIONAL-UNIT-RND-TEAM-02,LOC-HQ,COST-CENTER-RND,Yes,Yes,1.0,3421000,684200,2021-10-01,2018-12-01,,,Not Frozen,2026,Regular Headcount
POS-670,Senior Research Scientist,Senior Research Scientist,Research & Development,Senior,POS-663,Research and Development Manager,Permanent,On-site,Day,Filled,Monitor,High,EMP686,Usman Hussain,DEPARTMENT-016,Technology and Innovation,ORGANIZATIONAL-UNIT-RND-TEAM-03,LOC-HQ,COST-CENTER-RND,Yes,Yes,1.0,3421000,684200,2022-02-01,2023-03-01,,,Not Frozen,2026,Regular Headcount
POS-671,Senior Research Scientist,Senior Research Scientist,Research & Development,Senior,POS-664,Research and Development Manager,Contract,On-site,Day,Filled,Monitor,High,EMP687,Arham Khan,DEPARTMENT-016,Technology and Innovation,ORGANIZATIONAL-UNIT-RND-TEAM-03,LOC-HQ,COST-CENTER-RND,Yes,Yes,1.0,3421000,684200,2019-03-01,2020-12-01,,,Not Frozen,2026,Contract Headcount
POS-672,Senior Research Scientist,Senior Research Scientist,Research & Development,Senior,POS-665,Research and Development Manager,Permanent,On-site,Day,Filled,Monitor,High,EMP688,Hamza Saeed,DEPARTMENT-016,Technology and Innovation,ORGANIZATIONAL-UNIT-RND-TEAM-03,LOC-HQ,COST-CENTER-RND,Yes,Yes,1.0,3421000,684200,2021-09-01,2020-07-01,,,Not Frozen,2026,Regular Headcount
POS-673,Senior Research Scientist,Senior Research Scientist,Research & Development,Senior,POS-666,Research and Development Manager,Permanent,On-site,Day,Filled,Monitor,High,EMP689,Areeba Latif,DEPARTMENT-016,Technology and Innovation,ORGANIZATIONAL-UNIT-RND-TEAM-03,LOC-HQ,COST-CENTER-RND,Yes,Yes,1.0,3421000,684200,2019-12-01,2022-01-01,,,Not Frozen,2026,Regular Headcount
POS-674,Senior Research Scientist,Senior Research Scientist,Research & Development,Senior,POS-661,Research and Development Manager,Permanent,Hybrid,Day,Filled,Monitor,High,EMP690,Imran Dar,DEPARTMENT-016,Technology and Innovation,ORGANIZATIONAL-UNIT-RND-TEAM-02,LOC-HQ,COST-CENTER-RND,Yes,Yes,1.0,3421000,684200,2022-02-01,2020-03-01,,,Not Frozen,2026,Regular Headcount
POS-675,Research Analyst,Research Analyst,Research & Development,Mid,POS-662,Research and Development Manager,Permanent,On-site,Day,Filled,Monitor,Medium,EMP691,Raza Bukhari,DEPARTMENT-016,Technology and Innovation,ORGANIZATIONAL-UNIT-RND-TEAM-01,LOC-HQ,COST-CENTER-RND,Yes,Yes,1.0,2100000,420000,2022-10-01,2024-08-01,,,Not Frozen,2026,Regular Headcount
POS-676,Research Analyst,Research Analyst,Research & Development,Mid,POS-663,Research and Development Manager,Permanent,Hybrid,Day,Filled,Monitor,Medium,EMP692,Amna Yousaf,DEPARTMENT-016,Technology and Innovation,ORGANIZATIONAL-UNIT-RND-TEAM-03,LOC-HQ,COST-CENTER-RND,Yes,Yes,1.0,2100000,420000,2022-05-01,2023-05-01,,,Not Frozen,2026,Regular Headcount
POS-677,Research Analyst,Research Analyst,Research & Development,Mid,POS-664,Research and Development Manager,Contract,On-site,Day,Filled,Monitor,Medium,EMP693,Waqas Bukhari,DEPARTMENT-016,Technology and Innovation,ORGANIZATIONAL-UNIT-RND-TEAM-01,LOC-HQ,COST-CENTER-RND,Yes,Yes,1.0,2100000,420000,2019-05-01,2025-02-01,,,Not Frozen,2026,Contract Headcount
POS-678,Research Analyst,Research Analyst,Research & Development,Mid,POS-665,Research and Development Manager,Contract,On-site,Day,Filled,Monitor,Medium,EMP694,Omar Khan,DEPARTMENT-016,Technology and Innovation,ORGANIZATIONAL-UNIT-RND-TEAM-03,LOC-HQ,COST-CENTER-RND,Yes,Yes,1.0,2100000,420000,2020-02-01,2020-06-01,,,Not Frozen,2026,Contract Headcount
POS-679,Research Analyst,Research Analyst,Research & Development,Mid,POS-666,Research and Development Manager,Permanent,Hybrid,Day,Filled,Monitor,Medium,EMP695,Noman Hameed,DEPARTMENT-016,Technology and Innovation,ORGANIZATIONAL-UNIT-RND-TEAM-01,LOC-HQ,COST-CENTER-RND,Yes,Yes,1.0,2100000,420000,2025-02-01,2019-03-01,,,Not Frozen,2026,Regular Headcount
POS-680,Research Analyst,Research Analyst,Research & Development,Mid,POS-661,Research and Development Manager,Permanent,Hybrid,Day,Filled,Monitor,Medium,EMP696,Taha Baig,DEPARTMENT-016,Technology and Innovation,ORGANIZATIONAL-UNIT-RND-TEAM-02,LOC-HQ,COST-CENTER-RND,Yes,Yes,1.0,2100000,420000,2023-08-01,2024-08-01,,,Not Frozen,2026,Regular Headcount
POS-681,Research Analyst,Research Analyst,Research & Development,Mid,POS-662,Research and Development Manager,Contract,Hybrid,Day,Filled,Monitor,Medium,EMP697,Fahad Khalid,DEPARTMENT-016,Technology and Innovation,ORGANIZATIONAL-UNIT-RND-TEAM-03,LOC-HQ,COST-CENTER-RND,Yes,Yes,1.0,2100000,420000,2022-12-01,2020-09-01,,,Not Frozen,2026,Contract Headcount
POS-682,Research Analyst,Research Analyst,Research & Development,Mid,POS-663,Research and Development Manager,Permanent,Hybrid,Day,Filled,Monitor,Medium,EMP698,Amna Siddiqui,DEPARTMENT-016,Technology and Innovation,ORGANIZATIONAL-UNIT-RND-TEAM-01,LOC-HQ,COST-CENTER-RND,Yes,Yes,1.0,2100000,420000,2019-10-01,2019-10-01,,,Not Frozen,2026,Regular Headcount
POS-683,Research Analyst,Research Analyst,Research & Development,Mid,POS-664,Research and Development Manager,Permanent,On-site,Day,Filled,Monitor,Medium,EMP699,Maha Shah,DEPARTMENT-016,Technology and Innovation,ORGANIZATIONAL-UNIT-RND-TEAM-02,LOC-HQ,COST-CENTER-RND,Yes,Yes,1.0,2100000,420000,2021-01-01,2020-06-01,,,Not Frozen,2026,Regular Headcount
POS-684,Research Analyst,Research Analyst,Research & Development,Mid,POS-665,Research and Development Manager,Permanent,Hybrid,Day,Filled,Monitor,Medium,EMP700,Eman Ismail,DEPARTMENT-016,Technology and Innovation,ORGANIZATIONAL-UNIT-RND-TEAM-02,LOC-HQ,COST-CENTER-RND,Yes,Yes,1.0,2100000,420000,2022-02-01,2020-02-01,,,Not Frozen,2026,Regular Headcount
POS-685,Research Analyst,Research Analyst,Research & Development,Mid,POS-666,Research and Development Manager,Permanent,On-site,Day,Filled,Monitor,Medium,EMP701,Zainab Faisal,DEPARTMENT-016,Technology and Innovation,ORGANIZATIONAL-UNIT-RND-TEAM-02,LOC-HQ,COST-CENTER-RND,Yes,Yes,1.0,2100000,420000,2021-03-01,2019-04-01,,,Not Frozen,2026,Regular Headcount
POS-686,Research Analyst,Research Analyst,Research & Development,Mid,POS-661,Research and Development Manager,Permanent,On-site,Day,Filled,Monitor,Medium,EMP702,Laiba Sultan,DEPARTMENT-016,Technology and Innovation,ORGANIZATIONAL-UNIT-RND-TEAM-02,LOC-HQ,COST-CENTER-RND,Yes,Yes,1.0,2100000,420000,2019-09-01,2024-08-01,,,Not Frozen,2026,Regular Headcount
POS-687,Research Analyst,Research Analyst,Research & Development,Mid,POS-662,Research and Development Manager,Permanent,Hybrid,Day,Filled,Monitor,Medium,EMP703,Laiba Baig,DEPARTMENT-016,Technology and Innovation,ORGANIZATIONAL-UNIT-RND-TEAM-03,LOC-HQ,COST-CENTER-RND,Yes,Yes,1.0,2100000,420000,2023-07-01,2025-02-01,,,Not Frozen,2026,Regular Headcount
POS-688,Research Analyst,Research Analyst,Research & Development,Mid,POS-663,Research and Development Manager,Permanent,Hybrid,Day,Filled,Monitor,Medium,EMP704,Minal Sultan,DEPARTMENT-016,Technology and Innovation,ORGANIZATIONAL-UNIT-RND-TEAM-03,LOC-HQ,COST-CENTER-RND,Yes,Yes,1.0,2100000,420000,2024-03-01,2024-08-01,,,Not Frozen,2026,Regular Headcount
POS-689,Research Associate,Research Associate,Research & Development,Junior,POS-672,Senior Research Scientist,Permanent,Hybrid,Day,Filled,Monitor,Medium,EMP705,Taha Akhtar,DEPARTMENT-016,Technology and Innovation,ORGANIZATIONAL-UNIT-RND-TEAM-01,LOC-HQ,COST-CENTER-RND,Yes,Yes,1.0,1166000,233200,2021-03-01,2024-01-01,,,Not Frozen,2026,Regular Headcount
POS-690,Research Associate,Research Associate,Research & Development,Junior,POS-673,Senior Research Scientist,Permanent,On-site,Day,Filled,Monitor,Medium,EMP706,Sidra Mahmood,DEPARTMENT-016,Technology and Innovation,ORGANIZATIONAL-UNIT-RND-TEAM-01,LOC-HQ,COST-CENTER-RND,Yes,Yes,1.0,1166000,233200,2018-08-01,2025-02-01,,,Not Frozen,2026,Regular Headcount
POS-691,Research Associate,Research Associate,Research & Development,Junior,POS-674,Senior Research Scientist,Permanent,Hybrid,Day,Filled,Monitor,Medium,EMP707,Laiba Munir,DEPARTMENT-016,Technology and Innovation,ORGANIZATIONAL-UNIT-RND-TEAM-03,LOC-HQ,COST-CENTER-RND,Yes,Yes,1.0,1166000,233200,2024-12-01,2025-03-01,,,Not Frozen,2026,Regular Headcount
POS-692,Research Associate,Research Associate,Research & Development,Junior,POS-661,Research and Development Manager,Permanent,Hybrid,Day,Filled,Monitor,Medium,EMP708,Maryam Akhtar,DEPARTMENT-016,Technology and Innovation,ORGANIZATIONAL-UNIT-RND-TEAM-02,LOC-HQ,COST-CENTER-RND,Yes,Yes,1.0,1166000,233200,2018-08-01,2025-12-01,,,Not Frozen,2026,Regular Headcount
POS-693,Research Associate,Research Associate,Research & Development,Junior,POS-662,Research and Development Manager,Permanent,On-site,Day,Filled,Monitor,Medium,EMP709,Ayesha Tariq,DEPARTMENT-016,Technology and Innovation,ORGANIZATIONAL-UNIT-RND-TEAM-01,LOC-HQ,COST-CENTER-RND,Yes,Yes,1.0,1166000,233200,2024-11-01,2023-05-01,,,Not Frozen,2026,Regular Headcount
POS-694,Research Associate,Research Associate,Research & Development,Junior,POS-663,Research and Development Manager,Contract,On-site,Day,Filled,Monitor,Medium,EMP710,Sara Hameed,DEPARTMENT-016,Technology and Innovation,ORGANIZATIONAL-UNIT-RND-TEAM-01,LOC-HQ,COST-CENTER-RND,Yes,Yes,1.0,1166000,233200,2024-11-01,2024-01-01,,,Not Frozen,2026,Contract Headcount
POS-695,Research Associate,Research Associate,Research & Development,Junior,POS-664,Research and Development Manager,Permanent,On-site,Day,Filled,Monitor,Medium,EMP711,Shahzaib Siddiqui,DEPARTMENT-016,Technology and Innovation,ORGANIZATIONAL-UNIT-RND-TEAM-02,LOC-HQ,COST-CENTER-RND,Yes,Yes,1.0,1166000,233200,2024-12-01,2023-09-01,,,Not Frozen,2026,Regular Headcount
POS-696,Research Associate,Research Associate,Research & Development,Junior,POS-665,Research and Development Manager,Permanent,On-site,Day,Filled,Monitor,Medium,EMP712,Minal Hussain,DEPARTMENT-016,Technology and Innovation,ORGANIZATIONAL-UNIT-RND-TEAM-03,LOC-HQ,COST-CENTER-RND,Yes,Yes,1.0,1166000,233200,2022-07-01,2025-05-01,,,Not Frozen,2026,Regular Headcount
POS-697,Research Associate,Research Associate,Research & Development,Junior,POS-666,Research and Development Manager,Permanent,On-site,Day,Filled,Monitor,Medium,EMP713,Kashif Qureshi,DEPARTMENT-016,Technology and Innovation,ORGANIZATIONAL-UNIT-RND-TEAM-03,LOC-HQ,COST-CENTER-RND,Yes,Yes,1.0,1166000,233200,2023-05-01,2026-02-01,,,Not Frozen,2026,Regular Headcount
POS-698,Research Associate,Research Associate,Research & Development,Junior,POS-667,Senior Research Scientist,Contract,Hybrid,Day,Filled,Monitor,Medium,EMP714,Maryam Ejaz,DEPARTMENT-016,Technology and Innovation,ORGANIZATIONAL-UNIT-RND-TEAM-01,LOC-HQ,COST-CENTER-RND,Yes,Yes,1.0,1166000,233200,2025-05-01,2023-09-01,,,Not Frozen,2026,Contract Headcount
POS-699,Research Associate,Research Associate,Research & Development,Junior,POS-668,Senior Research Scientist,Contract,Hybrid,Day,Filled,Monitor,Medium,EMP715,Ali Munir,DEPARTMENT-016,Technology and Innovation,ORGANIZATIONAL-UNIT-RND-TEAM-01,LOC-HQ,COST-CENTER-RND,Yes,Yes,1.0,1166000,233200,2020-01-01,2024-09-01,,,Not Frozen,2026,Contract Headcount
POS-700,Research Associate,Research Associate,Research & Development,Junior,POS-669,Senior Research Scientist,Permanent,Hybrid,Day,Filled,Monitor,Medium,EMP716,Saba Awan,DEPARTMENT-016,Technology and Innovation,ORGANIZATIONAL-UNIT-RND-TEAM-03,LOC-HQ,COST-CENTER-RND,Yes,Yes,1.0,1166000,233200,2021-02-01,2024-09-01,,,Not Frozen,2026,Regular Headcount
POS-701,Research Associate,Research Associate,Research & Development,Junior,POS-670,Senior Research Scientist,Permanent,Hybrid,Day,Filled,Monitor,Medium,EMP717,Minal Hameed,DEPARTMENT-016,Technology and Innovation,ORGANIZATIONAL-UNIT-RND-TEAM-02,LOC-HQ,COST-CENTER-RND,Yes,Yes,1.0,1166000,233200,2023-01-01,2023-07-01,,,Not Frozen,2026,Regular Headcount
POS-702,Research Intern,Research Intern,Research & Development,Intern,POS-671,Senior Research Scientist,Internship,On-site,Day,Filled,Monitor,Medium,EMP718,Laiba Ansari,DEPARTMENT-016,Technology and Innovation,ORGANIZATIONAL-UNIT-RND-TEAM-03,LOC-HQ,COST-CENTER-RND,Yes,Yes,1.0,544000,108800,2019-10-01,2025-09-01,,,Not Frozen,2026,Internship Headcount
POS-703,Research Intern,Research Intern,Research & Development,Intern,POS-672,Senior Research Scientist,Internship,Hybrid,Day,Filled,Monitor,Medium,EMP719,Mahnoor Sultan,DEPARTMENT-016,Technology and Innovation,ORGANIZATIONAL-UNIT-RND-TEAM-02,LOC-HQ,COST-CENTER-RND,Yes,Yes,0.5,272000,54400,2019-05-01,2026-02-01,,,Not Frozen,2026,Internship Headcount
POS-704,Research Intern,Research Intern,Research & Development,Intern,POS-673,Senior Research Scientist,Internship,Hybrid,Day,Filled,Monitor,Medium,EMP720,Fahad Awan,DEPARTMENT-016,Technology and Innovation,ORGANIZATIONAL-UNIT-RND-TEAM-01,LOC-HQ,COST-CENTER-RND,Yes,Yes,0.5,272000,54400,2024-05-01,2026-02-01,,,Not Frozen,2026,Internship Headcount
POS-705,Accounts Assistant,Accounts Assistant,Finance,Junior,POS-008,Finance Manager,Permanent,On-site,Day,Vacant,Urgent Recruitment,Medium,,,DEPARTMENT-002,Corporate Services,ORGANIZATIONAL-UNIT-FIN,LOC-HQ,COST-CENTER-FIN,Yes,Yes,1.0,1069000,213800,2023-03-01,2022-03-01,,2025-09-01,Not Frozen,2026,Regular Headcount
POS-706,Financial Analyst,Financial Analyst,Finance,Mid,POS-226,Finance Manager,Permanent,On-site,Day,Vacant,Open Recruitment,Medium,,,DEPARTMENT-002,Corporate Services,ORGANIZATIONAL-UNIT-FIN,LOC-HQ,COST-CENTER-FIN,Yes,No,1.0,1925000,385000,2025-07-01,2024-04-01,,2026-06-01,Not Frozen,2026,Regular Headcount
POS-707,Senior Financial Analyst,Senior Financial Analyst,Finance,Senior,POS-227,Finance Manager,Permanent,Hybrid,Day,Vacant,Urgent Recruitment,High,,,DEPARTMENT-002,Corporate Services,ORGANIZATIONAL-UNIT-FIN,LOC-HQ,COST-CENTER-FIN,Yes,Yes,1.0,3136000,627200,2021-07-01,2023-09-01,,2025-04-01,Not Frozen,2026,Regular Headcount
POS-708,Sales Representative,Sales Representative,Sales,Junior,POS-011,Sales Manager,Permanent,Remote,Day,Vacant,Urgent Recruitment,Medium,,,DEPARTMENT-003,Commercial Services,ORGANIZATIONAL-UNIT-SAL,LOC-NORTH,COST-CENTER-SAL,Yes,Yes,1.0,1021000,204200,2024-07-01,2024-06-01,,2025-02-01,Not Frozen,2026,Regular Headcount
POS-709,Account Executive,Account Executive,Sales,Mid,POS-105,Sales Manager,Permanent,Remote,Day,Vacant,Urgent Recruitment,Medium,,,DEPARTMENT-003,Commercial Services,ORGANIZATIONAL-UNIT-SAL,LOC-NORTH,COST-CENTER-SAL,Yes,Yes,1.0,1837000,367400,2025-03-01,2024-01-01,,2025-07-01,Not Frozen,2026,Regular Headcount
POS-710,Senior Account Manager,Senior Account Manager,Sales,Senior,POS-166,Sales Manager,Permanent,On-site,Day,Vacant,Urgent Recruitment,High,,,DEPARTMENT-003,Commercial Services,ORGANIZATIONAL-UNIT-SAL,LOC-NORTH,COST-CENTER-SAL,Yes,Yes,1.0,2994000,598800,2024-07-01,2023-06-01,,2025-05-01,Not Frozen,2026,Regular Headcount
POS-711,Sales Representative,Sales Representative,Sales,Junior,POS-011,Sales Manager,Permanent,On-site,Day,Vacant,Urgent Recruitment,Medium,,,DEPARTMENT-003,Commercial Services,ORGANIZATIONAL-UNIT-SAL,LOC-NORTH,COST-CENTER-SAL,Yes,Yes,1.0,1021000,204200,2021-02-01,2025-07-01,,2025-03-01,Not Frozen,2026,Regular Headcount
POS-712,Account Executive,Account Executive,Sales,Mid,POS-105,Sales Manager,Permanent,Remote,Day,Vacant,Urgent Recruitment,Medium,,,DEPARTMENT-003,Commercial Services,ORGANIZATIONAL-UNIT-SAL,LOC-NORTH,COST-CENTER-SAL,Yes,No,1.0,1837000,367400,2023-06-01,2021-08-01,,2025-08-01,Not Frozen,2026,Regular Headcount
POS-713,Sales Manager,Sales Manager,Sales,Lead/Manager,EXEC-SAL-HEAD,Head of Sales,Permanent,On-site,Day,Vacant,Open Recruitment,High,,,DEPARTMENT-003,Commercial Services,ORGANIZATIONAL-UNIT-SAL,LOC-NORTH,COST-CENTER-SAL,Yes,Yes,1.0,4763000,952600,2024-10-01,2023-09-01,,2026-06-01,Not Frozen,2026,Regular Headcount
POS-714,Sales Representative,Sales Representative,Sales,Junior,POS-011,Sales Manager,Permanent,Remote,Day,Frozen,Frozen by Budget,Medium,,,DEPARTMENT-003,Commercial Services,ORGANIZATIONAL-UNIT-SAL,LOC-NORTH,COST-CENTER-SAL,Yes,No,1.0,1021000,204200,2022-03-01,2022-01-01,,2025-09-01,Budget Freeze,2026,Regular Headcount
POS-715,Customer Support Representative,Customer Support Representative,Customer Support,Junior,POS-009,Customer Support Manager,Permanent,On-site,Day,Vacant,Urgent Recruitment,Medium,,,DEPARTMENT-004,Commercial Services,ORGANIZATIONAL-UNIT-CS,LOC-CENTRAL,COST-CENTER-CS,Yes,Yes,1.0,826000,165200,2025-06-01,2023-05-01,,2025-12-01,Not Frozen,2026,Regular Headcount
POS-716,Customer Support Specialist,Customer Support Specialist,Customer Support,Mid,POS-068,Customer Support Manager,Permanent,Hybrid,Night,Vacant,Open Recruitment,Medium,,,DEPARTMENT-004,Commercial Services,ORGANIZATIONAL-UNIT-CS,LOC-CENTRAL,COST-CENTER-CS,Yes,Yes,1.0,1487000,297400,2022-12-01,2025-03-01,,2026-06-01,Not Frozen,2026,Regular Headcount
POS-717,Senior Customer Support Specialist,Senior Customer Support Specialist,Customer Support,Senior,POS-128,Customer Support Manager,Permanent,On-site,Evening,Vacant,Urgent Recruitment,High,,,DEPARTMENT-004,Commercial Services,ORGANIZATIONAL-UNIT-CS,LOC-CENTRAL,COST-CENTER-CS,Yes,Yes,1.0,2424000,484800,2023-01-01,2023-06-01,,2026-02-01,Not Frozen,2026,Regular Headcount
POS-718,Customer Support Representative,Customer Support Representative,Customer Support,Junior,POS-144,Customer Support Manager,Permanent,Hybrid,Evening,Vacant,Urgent Recruitment,Medium,,,DEPARTMENT-004,Commercial Services,ORGANIZATIONAL-UNIT-CS,LOC-CENTRAL,COST-CENTER-CS,Yes,Yes,1.0,826000,165200,2023-02-01,2021-11-01,,2025-11-01,Not Frozen,2026,Regular Headcount
POS-719,Customer Support Specialist,Customer Support Specialist,Customer Support,Mid,POS-147,Customer Support Manager,Permanent,Hybrid,Night,Vacant,Urgent Recruitment,Medium,,,DEPARTMENT-004,Commercial Services,ORGANIZATIONAL-UNIT-CS,LOC-CENTRAL,COST-CENTER-CS,Yes,No,1.0,1487000,297400,2023-10-01,2024-09-01,,2026-02-01,Not Frozen,2026,Regular Headcount
POS-720,Junior Software Engineer,Junior Software Engineer,Engineering,Junior,POS-015,Engineering Lead,Permanent,Remote,Day,Vacant,Open Recruitment,Medium,,,DEPARTMENT-005,Technology and Innovation,ORGANIZATIONAL-UNIT-ENG,LOC-HQ,COST-CENTER-ENG,Yes,Yes,1.0,1215000,243000,2024-10-01,2022-05-01,,2026-04-01,Not Frozen,2026,Regular Headcount
POS-721,Software Engineer,Software Engineer,Engineering,Mid,POS-070,Engineering Lead,Permanent,On-site,Day,Vacant,Urgent Recruitment,Medium,,,DEPARTMENT-005,Technology and Innovation,ORGANIZATIONAL-UNIT-ENG,LOC-HQ,COST-CENTER-ENG,Yes,Yes,1.0,2187000,437400,2022-12-01,2024-04-01,,2025-10-01,Not Frozen,2026,Regular Headcount
POS-722,Senior Software Engineer,Senior Software Engineer,Engineering,Senior,POS-080,Engineering Lead,Permanent,Hybrid,Day,Vacant,Urgent Recruitment,High,,,DEPARTMENT-005,Technology and Innovation,ORGANIZATIONAL-UNIT-ENG,LOC-HQ,COST-CENTER-ENG,Yes,Yes,1.0,3564000,712800,2024-04-01,2022-12-01,,2025-05-01,Not Frozen,2026,Regular Headcount
POS-723,Junior Software Engineer,Junior Software Engineer,Engineering,Junior,POS-129,Engineering Lead,Permanent,Hybrid,Day,Vacant,Urgent Recruitment,Medium,,,DEPARTMENT-005,Technology and Innovation,ORGANIZATIONAL-UNIT-ENG,LOC-HQ,COST-CENTER-ENG,Yes,Yes,1.0,1215000,243000,2025-08-01,2023-11-01,,2025-07-01,Not Frozen,2026,Regular Headcount
POS-724,Software Engineer,Software Engineer,Engineering,Mid,POS-142,Engineering Lead,Permanent,Hybrid,Day,Vacant,Open Recruitment,Medium,,,DEPARTMENT-005,Technology and Innovation,ORGANIZATIONAL-UNIT-ENG,LOC-HQ,COST-CENTER-ENG,Yes,No,1.0,2187000,437400,2020-08-01,2024-06-01,,2026-04-01,Not Frozen,2026,Regular Headcount
POS-725,Engineering Manager,Engineering Manager,Engineering,Lead/Manager,EXEC-ENG-HEAD,Head of Engineering,Permanent,Hybrid,Day,Vacant,Open Recruitment,High,,,DEPARTMENT-005,Technology and Innovation,ORGANIZATIONAL-UNIT-ENG,LOC-HQ,COST-CENTER-ENG,Yes,Yes,1.0,5670000,1134000,2024-10-01,2024-12-01,,2026-07-01,Not Frozen,2026,Regular Headcount
POS-726,Junior Software Engineer,Junior Software Engineer,Engineering,Junior,POS-195,Engineering Lead,Permanent,Hybrid,Day,Frozen,Frozen by Budget,Medium,,,DEPARTMENT-005,Technology and Innovation,ORGANIZATIONAL-UNIT-ENG,LOC-HQ,COST-CENTER-ENG,Yes,No,1.0,1215000,243000,2020-09-01,2025-08-01,,2026-05-01,Budget Freeze,2026,Regular Headcount
POS-727,Software Engineer,Software Engineer,Engineering,Mid,POS-015,Engineering Lead,Permanent,On-site,Day,Vacant,Open Recruitment,Medium,,,DEPARTMENT-005,Technology and Innovation,ORGANIZATIONAL-UNIT-ENG,LOC-HQ,COST-CENTER-ENG,Yes,No,1.0,2187000,437400,2021-06-01,2022-07-01,,2026-06-01,Not Frozen,2026,Regular Headcount
POS-728,Senior Software Engineer,Senior Software Engineer,Engineering,Senior,POS-070,Engineering Lead,Permanent,Remote,Day,Vacant,Open Recruitment,High,,,DEPARTMENT-005,Technology and Innovation,ORGANIZATIONAL-UNIT-ENG,LOC-HQ,COST-CENTER-ENG,Yes,Yes,1.0,3564000,712800,2021-06-01,2023-10-01,,2026-06-01,Not Frozen,2026,Regular Headcount
POS-729,Operations Assistant,Operations Assistant,Operations,Junior,POS-026,Operations Manager,Permanent,On-site,Day,Vacant,Urgent Recruitment,Medium,,,DEPARTMENT-006,Enterprise Operations,ORGANIZATIONAL-UNIT-OPS,LOC-CENTRAL,COST-CENTER-OPS,Yes,Yes,1.0,875000,175000,2023-05-01,2024-05-01,,2025-09-01,Not Frozen,2026,Regular Headcount
POS-730,Operations Officer,Operations Officer,Operations,Mid,POS-067,Operations Manager,Permanent,On-site,Evening,Vacant,Urgent Recruitment,Medium,,,DEPARTMENT-006,Enterprise Operations,ORGANIZATIONAL-UNIT-OPS,LOC-CENTRAL,COST-CENTER-OPS,Yes,Yes,1.0,1575000,315000,2023-11-01,2022-01-01,,2025-06-01,Not Frozen,2026,Regular Headcount
POS-731,Senior Operations Officer,Senior Operations Officer,Operations,Senior,POS-141,Operations Manager,Permanent,On-site,Evening,Vacant,Urgent Recruitment,High,,,DEPARTMENT-006,Enterprise Operations,ORGANIZATIONAL-UNIT-OPS,LOC-CENTRAL,COST-CENTER-OPS,Yes,Yes,1.0,2566000,513200,2020-08-01,2025-06-01,,2026-01-01,Not Frozen,2026,Regular Headcount
POS-732,Operations Assistant,Operations Assistant,Operations,Junior,POS-272,Operations Manager,Permanent,On-site,Evening,Vacant,Urgent Recruitment,Medium,,,DEPARTMENT-006,Enterprise Operations,ORGANIZATIONAL-UNIT-OPS,LOC-CENTRAL,COST-CENTER-OPS,Yes,No,1.0,875000,175000,2021-08-01,2023-08-01,,2025-04-01,Not Frozen,2026,Regular Headcount
POS-733,Operations Officer,Operations Officer,Operations,Mid,POS-026,Operations Manager,Permanent,On-site,Evening,Vacant,Urgent Recruitment,Medium,,,DEPARTMENT-006,Enterprise Operations,ORGANIZATIONAL-UNIT-OPS,LOC-CENTRAL,COST-CENTER-OPS,Yes,No,1.0,1575000,315000,2023-12-01,2023-09-01,,2025-08-01,Not Frozen,2026,Regular Headcount
POS-734,Operations Manager,Operations Manager,Operations,Lead/Manager,EXEC-OPS-HEAD,Head of Operations,Permanent,On-site,Day,Vacant,Open Recruitment,High,,,DEPARTMENT-006,Enterprise Operations,ORGANIZATIONAL-UNIT-OPS,LOC-CENTRAL,COST-CENTER-OPS,Yes,Yes,1.0,4082000,816400,2025-06-01,2023-04-01,,2026-04-01,Not Frozen,2026,Regular Headcount
POS-735,IT Support Technician,IT Support Technician,IT,Junior,POS-095,IT Operations Manager,Permanent,Remote,Day,Vacant,Urgent Recruitment,Medium,,,DEPARTMENT-007,Technology and Innovation,ORGANIZATIONAL-UNIT-IT,LOC-HQ,COST-CENTER-IT,Yes,Yes,1.0,1118000,223600,2023-10-01,2023-11-01,,2025-03-01,Not Frozen,2026,Regular Headcount
POS-736,Systems Administrator,Systems Administrator,IT,Mid,POS-169,IT Operations Manager,Permanent,Hybrid,Day,Vacant,Urgent Recruitment,Medium,,,DEPARTMENT-007,Technology and Innovation,ORGANIZATIONAL-UNIT-IT,LOC-HQ,COST-CENTER-IT,Yes,Yes,1.0,2012000,402400,2023-02-01,2022-06-01,,2025-03-01,Not Frozen,2026,Regular Headcount
POS-737,Senior Systems Engineer,Senior Systems Engineer,IT,Senior,POS-171,IT Operations Manager,Permanent,Remote,Day,Vacant,Urgent Recruitment,High,,,DEPARTMENT-007,Technology and Innovation,ORGANIZATIONAL-UNIT-IT,LOC-HQ,COST-CENTER-IT,Yes,Yes,1.0,3279000,655800,2023-06-01,2024-04-01,,2025-10-01,Not Frozen,2026,Regular Headcount
POS-738,IT Support Technician,IT Support Technician,IT,Junior,POS-286,IT Manager,Permanent,On-site,Day,Vacant,Urgent Recruitment,Medium,,,DEPARTMENT-007,Technology and Innovation,ORGANIZATIONAL-UNIT-IT,LOC-HQ,COST-CENTER-IT,Yes,No,1.0,1118000,223600,2022-09-01,2022-11-01,,2025-05-01,Not Frozen,2026,Regular Headcount
POS-739,Junior Medical Officer,Junior Medical Officer,Medical Care,Junior,POS-309,Medical Care Manager,Permanent,On-site,Day,Vacant,Urgent Recruitment,High,,,DEPARTMENT-008,Healthcare Services,ORGANIZATIONAL-UNIT-MED,LOC-MEDICAL,COST-CENTER-MED,Yes,Yes,1.0,1118000,223600,2025-04-01,2024-08-01,,2025-02-01,Not Frozen,2026,Regular Headcount
POS-740,Medical Officer,Medical Officer,Medical Care,Mid,POS-310,Medical Care Manager,Permanent,On-site,Night,Vacant,Urgent Recruitment,High,,,DEPARTMENT-008,Healthcare Services,ORGANIZATIONAL-UNIT-MED,LOC-MEDICAL,COST-CENTER-MED,Yes,Yes,1.0,2012000,402400,2022-06-01,2024-02-01,,2026-01-01,Not Frozen,2026,Regular Headcount
POS-741,Senior Medical Officer,Senior Medical Officer,Medical Care,Senior,POS-311,Medical Care Manager,Permanent,On-site,Day,Vacant,Urgent Recruitment,High,,,DEPARTMENT-008,Healthcare Services,ORGANIZATIONAL-UNIT-MED,LOC-MEDICAL,COST-CENTER-MED,Yes,Yes,1.0,3279000,655800,2021-12-01,2022-10-01,,2025-08-01,Not Frozen,2026,Regular Headcount
POS-742,Junior Medical Officer,Junior Medical Officer,Medical Care,Junior,POS-312,Medical Care Manager,Permanent,On-site,Evening,Vacant,Urgent Recruitment,High,,,DEPARTMENT-008,Healthcare Services,ORGANIZATIONAL-UNIT-MED,LOC-MEDICAL,COST-CENTER-MED,Yes,Yes,1.0,1118000,223600,2020-09-01,2021-12-01,,2025-05-01,Not Frozen,2026,Regular Headcount
POS-743,Medical Officer,Medical Officer,Medical Care,Mid,POS-313,Medical Care Manager,Permanent,On-site,Night,Vacant,Urgent Recruitment,High,,,DEPARTMENT-008,Healthcare Services,ORGANIZATIONAL-UNIT-MED,LOC-MEDICAL,COST-CENTER-MED,Yes,Yes,1.0,2012000,402400,2024-08-01,2024-09-01,,2025-08-01,Not Frozen,2026,Regular Headcount
POS-744,Medical Care Manager,Medical Care Manager,Medical Care,Lead/Manager,EXEC-MED-HEAD,Head of Medical Care,Permanent,On-site,Day,Vacant,Urgent Recruitment,High,,,DEPARTMENT-008,Healthcare Services,ORGANIZATIONAL-UNIT-MED,LOC-MEDICAL,COST-CENTER-MED,Yes,Yes,1.0,5216000,1043200,2022-05-01,2024-09-01,,2025-12-01,Not Frozen,2026,Regular Headcount
POS-745,Junior Medical Officer,Junior Medical Officer,Medical Care,Junior,POS-309,Medical Care Manager,Permanent,On-site,Night,Frozen,Frozen by Budget,High,,,DEPARTMENT-008,Healthcare Services,ORGANIZATIONAL-UNIT-MED,LOC-MEDICAL,COST-CENTER-MED,Yes,Yes,1.0,1118000,223600,2021-10-01,2022-09-01,,2025-12-01,Budget Freeze,2026,Regular Headcount
POS-746,Medical Officer,Medical Officer,Medical Care,Mid,POS-310,Medical Care Manager,Permanent,On-site,Evening,Vacant,Open Recruitment,High,,,DEPARTMENT-008,Healthcare Services,ORGANIZATIONAL-UNIT-MED,LOC-MEDICAL,COST-CENTER-MED,Yes,No,1.0,2012000,402400,2023-02-01,2023-07-01,,2026-06-01,Not Frozen,2026,Regular Headcount
POS-747,Senior Medical Officer,Senior Medical Officer,Medical Care,Senior,POS-311,Medical Care Manager,Permanent,On-site,Day,Vacant,Urgent Recruitment,High,,,DEPARTMENT-008,Healthcare Services,ORGANIZATIONAL-UNIT-MED,LOC-MEDICAL,COST-CENTER-MED,Yes,No,1.0,3279000,655800,2024-09-01,2023-05-01,,2025-12-01,Not Frozen,2026,Regular Headcount
POS-748,Junior Medical Officer,Junior Medical Officer,Medical Care,Junior,POS-312,Medical Care Manager,Permanent,On-site,Night,Vacant,Urgent Recruitment,High,,,DEPARTMENT-008,Healthcare Services,ORGANIZATIONAL-UNIT-MED,LOC-MEDICAL,COST-CENTER-MED,Yes,No,1.0,1118000,223600,2025-08-01,2021-11-01,,2025-09-01,Not Frozen,2026,Regular Headcount
POS-749,Training Coordinator,Training Coordinator,Training & Development,Junior,POS-353,Training Manager,Permanent,On-site,Day,Vacant,Urgent Recruitment,Medium,,,DEPARTMENT-009,Learning Services,ORGANIZATIONAL-UNIT-TRN,LOC-CAMPUS,COST-CENTER-TRN,Yes,Yes,1.0,923000,184600,2024-02-01,2025-02-01,,2025-05-01,Not Frozen,2026,Regular Headcount
POS-750,Learning and Development Specialist,Learning and Development Specialist,Training & Development,Mid,POS-354,Training Manager,Permanent,On-site,Day,Vacant,Open Recruitment,Medium,,,DEPARTMENT-009,Learning Services,ORGANIZATIONAL-UNIT-TRN,LOC-CAMPUS,COST-CENTER-TRN,Yes,Yes,1.0,1662000,332400,2024-03-01,2021-08-01,,2026-06-01,Not Frozen,2026,Regular Headcount
POS-751,Procurement Assistant,Procurement Assistant,Procurement & Supply Chain,Junior,POS-485,Procurement Manager,Permanent,On-site,Day,Vacant,Urgent Recruitment,Medium,,,DEPARTMENT-012,Enterprise Operations,ORGANIZATIONAL-UNIT-PRC,LOC-CENTRAL,COST-CENTER-PRC,Yes,Yes,1.0,972000,194400,2023-02-01,2022-07-01,,2025-09-01,Not Frozen,2026,Regular Headcount
POS-752,Procurement Officer,Procurement Officer,Procurement & Supply Chain,Mid,POS-486,Procurement Manager,Permanent,Hybrid,Day,Vacant,Urgent Recruitment,Medium,,,DEPARTMENT-012,Enterprise Operations,ORGANIZATIONAL-UNIT-PRC,LOC-CENTRAL,COST-CENTER-PRC,Yes,No,1.0,1750000,350000,2022-11-01,2022-10-01,,2026-02-01,Not Frozen,2026,Regular Headcount
POS-753,Senior Procurement Specialist,Senior Procurement Specialist,Procurement & Supply Chain,Senior,POS-487,Procurement Manager,Permanent,On-site,Day,Vacant,Open Recruitment,High,,,DEPARTMENT-012,Enterprise Operations,ORGANIZATIONAL-UNIT-PRC,LOC-CENTRAL,COST-CENTER-PRC,Yes,Yes,1.0,2851000,570200,2023-04-01,2023-03-01,,2026-05-01,Not Frozen,2026,Regular Headcount
POS-754,Warehouse Assistant,Warehouse Assistant,Logistics & Warehouse,Junior,POS-529,Logistics Manager,Permanent,On-site,Evening,Vacant,Urgent Recruitment,Medium,,,DEPARTMENT-013,Enterprise Operations,ORGANIZATIONAL-UNIT-LOG,LOC-HUB,COST-CENTER-LOG,Yes,Yes,1.0,855000,171000,2020-08-01,2022-10-01,,2025-02-01,Not Frozen,2026,Regular Headcount
POS-755,Logistics Coordinator,Logistics Coordinator,Logistics & Warehouse,Mid,POS-530,Logistics Manager,Permanent,On-site,Day,Vacant,Urgent Recruitment,Medium,,,DEPARTMENT-013,Enterprise Operations,ORGANIZATIONAL-UNIT-LOG,LOC-HUB,COST-CENTER-LOG,Yes,Yes,1.0,1540000,308000,2023-09-01,2024-11-01,,2026-01-01,Not Frozen,2026,Regular Headcount
POS-756,Senior Logistics Officer,Senior Logistics Officer,Logistics & Warehouse,Senior,POS-531,Logistics Manager,Permanent,On-site,Day,Vacant,Open Recruitment,High,,,DEPARTMENT-013,Enterprise Operations,ORGANIZATIONAL-UNIT-LOG,LOC-HUB,COST-CENTER-LOG,Yes,Yes,1.0,2509000,501800,2024-05-01,2023-07-01,,2026-06-01,Not Frozen,2026,Regular Headcount
POS-757,Warehouse Assistant,Warehouse Assistant,Logistics & Warehouse,Junior,POS-532,Logistics Manager,Permanent,On-site,Night,Vacant,Urgent Recruitment,Medium,,,DEPARTMENT-013,Enterprise Operations,ORGANIZATIONAL-UNIT-LOG,LOC-HUB,COST-CENTER-LOG,Yes,Yes,1.0,855000,171000,2024-09-01,2024-01-01,,2026-02-01,Not Frozen,2026,Regular Headcount
POS-758,Logistics Coordinator,Logistics Coordinator,Logistics & Warehouse,Mid,POS-533,Logistics Manager,Permanent,On-site,Day,Vacant,Urgent Recruitment,Medium,,,DEPARTMENT-013,Enterprise Operations,ORGANIZATIONAL-UNIT-LOG,LOC-HUB,COST-CENTER-LOG,Yes,No,1.0,1540000,308000,2022-04-01,2023-01-01,,2025-03-01,Not Frozen,2026,Regular Headcount
POS-759,Logistics Manager,Logistics Manager,Logistics & Warehouse,Lead/Manager,EXEC-LOG-HEAD,Head of Logistics and Warehouse,Permanent,On-site,Day,Vacant,Urgent Recruitment,High,,,DEPARTMENT-013,Enterprise Operations,ORGANIZATIONAL-UNIT-LOG,LOC-HUB,COST-CENTER-LOG,Yes,Yes,1.0,3992000,798400,2021-12-01,2023-09-01,,2025-12-01,Not Frozen,2026,Regular Headcount
POS-760,Warehouse Assistant,Warehouse Assistant,Logistics & Warehouse,Junior,POS-529,Logistics Manager,Permanent,On-site,Day,Frozen,Frozen by Budget,Medium,,,DEPARTMENT-013,Enterprise Operations,ORGANIZATIONAL-UNIT-LOG,LOC-HUB,COST-CENTER-LOG,Yes,No,1.0,855000,171000,2021-01-01,2022-12-01,,2025-12-01,Budget Freeze,2026,Regular Headcount
POS-761,Logistics Coordinator,Logistics Coordinator,Logistics & Warehouse,Mid,POS-530,Logistics Manager,Permanent,On-site,Day,Vacant,Open Recruitment,Medium,,,DEPARTMENT-013,Enterprise Operations,ORGANIZATIONAL-UNIT-LOG,LOC-HUB,COST-CENTER-LOG,Yes,No,1.0,1540000,308000,2025-04-01,2024-06-01,,2026-07-01,Not Frozen,2026,Regular Headcount
POS-762,Production Operator,Production Operator,Production & Manufacturing,Junior,POS-573,Production Manager,Permanent,On-site,Night,Vacant,Open Recruitment,High,,,DEPARTMENT-014,Industrial Operations,ORGANIZATIONAL-UNIT-PRD,LOC-PLANT,COST-CENTER-PRD,Yes,Yes,1.0,875000,175000,2022-02-01,2024-03-01,,2026-04-01,Not Frozen,2026,Regular Headcount
POS-763,Production Technician,Production Technician,Production & Manufacturing,Mid,POS-574,Production Manager,Permanent,On-site,Day,Vacant,Urgent Recruitment,High,,,DEPARTMENT-014,Industrial Operations,ORGANIZATIONAL-UNIT-PRD,LOC-PLANT,COST-CENTER-PRD,Yes,Yes,1.0,1575000,315000,2025-07-01,2024-01-01,,2025-11-01,Not Frozen,2026,Regular Headcount
POS-764,Senior Production Supervisor,Senior Production Supervisor,Production & Manufacturing,Senior,POS-575,Production Manager,Permanent,On-site,Night,Vacant,Open Recruitment,High,,,DEPARTMENT-014,Industrial Operations,ORGANIZATIONAL-UNIT-PRD,LOC-PLANT,COST-CENTER-PRD,Yes,Yes,1.0,2566000,513200,2023-11-01,2022-12-01,,2026-06-01,Not Frozen,2026,Regular Headcount
POS-765,Production Operator,Production Operator,Production & Manufacturing,Junior,POS-576,Production Manager,Permanent,On-site,Night,Vacant,Urgent Recruitment,High,,,DEPARTMENT-014,Industrial Operations,ORGANIZATIONAL-UNIT-PRD,LOC-PLANT,COST-CENTER-PRD,Yes,Yes,1.0,875000,175000,2021-04-01,2024-06-01,,2025-07-01,Not Frozen,2026,Regular Headcount
POS-766,Production Technician,Production Technician,Production & Manufacturing,Mid,POS-577,Production Manager,Permanent,On-site,Night,Vacant,Open Recruitment,High,,,DEPARTMENT-014,Industrial Operations,ORGANIZATIONAL-UNIT-PRD,LOC-PLANT,COST-CENTER-PRD,Yes,Yes,1.0,1575000,315000,2024-09-01,2022-08-01,,2026-06-01,Not Frozen,2026,Regular Headcount
POS-767,Production Manager,Production Manager,Production & Manufacturing,Lead/Manager,EXEC-PRD-HEAD,Head of Production and Manufacturing,Permanent,On-site,Evening,Vacant,Urgent Recruitment,High,,,DEPARTMENT-014,Industrial Operations,ORGANIZATIONAL-UNIT-PRD,LOC-PLANT,COST-CENTER-PRD,Yes,Yes,1.0,4082000,816400,2021-12-01,2022-06-01,,2025-11-01,Not Frozen,2026,Regular Headcount
POS-768,Production Operator,Production Operator,Production & Manufacturing,Junior,POS-573,Production Manager,Permanent,On-site,Evening,Frozen,Frozen by Budget,High,,,DEPARTMENT-014,Industrial Operations,ORGANIZATIONAL-UNIT-PRD,LOC-PLANT,COST-CENTER-PRD,Yes,Yes,1.0,875000,175000,2021-01-01,2023-09-01,,2025-02-01,Budget Freeze,2026,Regular Headcount
POS-769,Production Technician,Production Technician,Production & Manufacturing,Mid,POS-574,Production Manager,Permanent,On-site,Night,Vacant,Urgent Recruitment,High,,,DEPARTMENT-014,Industrial Operations,ORGANIZATIONAL-UNIT-PRD,LOC-PLANT,COST-CENTER-PRD,Yes,No,1.0,1575000,315000,2023-02-01,2024-07-01,,2026-02-01,Not Frozen,2026,Regular Headcount
POS-770,Senior Production Supervisor,Senior Production Supervisor,Production & Manufacturing,Senior,POS-575,Production Manager,Permanent,On-site,Evening,Vacant,Urgent Recruitment,High,,,DEPARTMENT-014,Industrial Operations,ORGANIZATIONAL-UNIT-PRD,LOC-PLANT,COST-CENTER-PRD,Yes,No,1.0,2566000,513200,2021-03-01,2023-03-01,,2025-12-01,Not Frozen,2026,Regular Headcount
POS-771,Production Operator,Production Operator,Production & Manufacturing,Junior,POS-576,Production Manager,Permanent,On-site,Day,Vacant,Open Recruitment,High,,,DEPARTMENT-014,Industrial Operations,ORGANIZATIONAL-UNIT-PRD,LOC-PLANT,COST-CENTER-PRD,Yes,No,1.0,875000,175000,2022-07-01,2024-07-01,,2026-06-01,Not Frozen,2026,Regular Headcount
POS-772,Production Technician,Production Technician,Production & Manufacturing,Mid,POS-577,Production Manager,Permanent,On-site,Night,Vacant,Urgent Recruitment,High,,,DEPARTMENT-014,Industrial Operations,ORGANIZATIONAL-UNIT-PRD,LOC-PLANT,COST-CENTER-PRD,Yes,No,1.0,1575000,315000,2022-08-01,2023-10-01,,2025-11-01,Not Frozen,2026,Regular Headcount
POS-773,Quality Inspector,Quality Inspector,Quality Assurance,Junior,POS-617,Quality Assurance Manager,Permanent,On-site,Day,Vacant,Open Recruitment,Medium,,,DEPARTMENT-015,Industrial Operations,ORGANIZATIONAL-UNIT-QAS,LOC-PLANT,COST-CENTER-QAS,Yes,Yes,1.0,972000,194400,2022-01-01,2025-01-01,,2026-07-01,Not Frozen,2026,Regular Headcount
POS-774,Quality Analyst,Quality Analyst,Quality Assurance,Mid,POS-618,Quality Assurance Manager,Permanent,On-site,Evening,Vacant,Urgent Recruitment,Medium,,,DEPARTMENT-015,Industrial Operations,ORGANIZATIONAL-UNIT-QAS,LOC-PLANT,COST-CENTER-QAS,Yes,Yes,1.0,1750000,350000,2023-03-01,2022-12-01,,2025-05-01,Not Frozen,2026,Regular Headcount
POS-775,Senior Quality Engineer,Senior Quality Engineer,Quality Assurance,Senior,POS-619,Quality Assurance Manager,Permanent,On-site,Day,Vacant,Open Recruitment,High,,,DEPARTMENT-015,Industrial Operations,ORGANIZATIONAL-UNIT-QAS,LOC-PLANT,COST-CENTER-QAS,Yes,Yes,1.0,2851000,570200,2020-09-01,2024-11-01,,2026-06-01,Not Frozen,2026,Regular Headcount
POS-776,Quality Inspector,Quality Inspector,Quality Assurance,Junior,POS-620,Quality Assurance Manager,Permanent,On-site,Evening,Vacant,Urgent Recruitment,Medium,,,DEPARTMENT-015,Industrial Operations,ORGANIZATIONAL-UNIT-QAS,LOC-PLANT,COST-CENTER-QAS,Yes,Yes,1.0,972000,194400,2021-11-01,2022-10-01,,2026-01-01,Not Frozen,2026,Regular Headcount
POS-777,Quality Analyst,Quality Analyst,Quality Assurance,Mid,POS-621,Quality Assurance Manager,Permanent,On-site,Evening,Vacant,Urgent Recruitment,Medium,,,DEPARTMENT-015,Industrial Operations,ORGANIZATIONAL-UNIT-QAS,LOC-PLANT,COST-CENTER-QAS,Yes,No,1.0,1750000,350000,2023-09-01,2023-06-01,,2025-09-01,Not Frozen,2026,Regular Headcount
POS-778,Research Associate,Research Associate,Research & Development,Junior,POS-661,Research and Development Manager,Permanent,Hybrid,Day,Vacant,Open Recruitment,Medium,,,DEPARTMENT-016,Technology and Innovation,ORGANIZATIONAL-UNIT-RND,LOC-HQ,COST-CENTER-RND,Yes,Yes,1.0,1166000,233200,2022-02-01,2024-08-01,,2026-06-01,Not Frozen,2026,Regular Headcount
POS-779,Research Analyst,Research Analyst,Research & Development,Mid,POS-662,Research and Development Manager,Permanent,On-site,Day,Vacant,Open Recruitment,Medium,,,DEPARTMENT-016,Technology and Innovation,ORGANIZATIONAL-UNIT-RND,LOC-HQ,COST-CENTER-RND,Yes,Yes,1.0,2100000,420000,2022-10-01,2022-05-01,,2026-06-01,Not Frozen,2026,Regular Headcount
POS-780,Senior Research Scientist,Senior Research Scientist,Research & Development,Senior,POS-663,Research and Development Manager,Permanent,Hybrid,Day,Vacant,Open Recruitment,High,,,DEPARTMENT-016,Technology and Innovation,ORGANIZATIONAL-UNIT-RND,LOC-HQ,COST-CENTER-RND,Yes,Yes,1.0,3421000,684200,2024-03-01,2022-03-01,,2026-03-01,Not Frozen,2026,Regular Headcount
POS-781,Research Associate,Research Associate,Research & Development,Junior,POS-664,Research and Development Manager,Permanent,On-site,Day,Vacant,Urgent Recruitment,Medium,,,DEPARTMENT-016,Technology and Innovation,ORGANIZATIONAL-UNIT-RND,LOC-HQ,COST-CENTER-RND,Yes,Yes,1.0,1166000,233200,2024-12-01,2023-09-01,,2025-07-01,Not Frozen,2026,Regular Headcount
POS-782,Research Analyst,Research Analyst,Research & Development,Mid,POS-665,Research and Development Manager,Permanent,On-site,Day,Vacant,Urgent Recruitment,Medium,,,DEPARTMENT-016,Technology and Innovation,ORGANIZATIONAL-UNIT-RND,LOC-HQ,COST-CENTER-RND,Yes,No,1.0,2100000,420000,2025-03-01,2024-11-01,,2025-07-01,Not Frozen,2026,Regular Headcount
POS-783,Research and Development Manager,Research and Development Manager,Research & Development,Lead/Manager,EXEC-RND-HEAD,Head of Research and Development,Permanent,On-site,Day,Vacant,Urgent Recruitment,High,,,DEPARTMENT-016,Technology and Innovation,ORGANIZATIONAL-UNIT-RND,LOC-HQ,COST-CENTER-RND,Yes,Yes,1.0,5443000,1088600,2023-02-01,2024-04-01,,2026-02-01,Not Frozen,2026,Regular Headcount
POS-784,Research Associate,Research Associate,Research & Development,Junior,POS-661,Research and Development Manager,Permanent,On-site,Day,Frozen,Frozen by Budget,Medium,,,DEPARTMENT-016,Technology and Innovation,ORGANIZATIONAL-UNIT-RND,LOC-HQ,COST-CENTER-RND,Yes,No,1.0,1166000,233200,2024-06-01,2022-05-01,,2026-05-01,Budget Freeze,2026,Regular Headcount
