Movement_ID,Employee_ID,Employee_Name,Movement_Type,Effective_Date,From_Department_ID,From_Department_Name,To_Department_ID,To_Department_Name,From_Organizational_Unit_ID,To_Organizational_Unit_ID,From_Position_ID,To_Position_ID,Movement_Reason,Voluntary_Movement,Employee_Record_Availability,Source_System
MOVEMENT-00001,EMP168,Akbar Saleem,Transfer,2024-09-11,DEPARTMENT-004,Customer Support,DEPARTMENT-010,Administration & Facilities,ORGANIZATIONAL-UNIT-CS,ORGANIZATIONAL-UNIT-ADM,POS-168,HISTORICAL-DESTINATION-ADM-01,Business requirement,Yes,Current Employee Record,Synthetic Workforce Movement Generator
MOVEMENT-00002,EMP537,Maryam Bukhari,Transfer,2024-09-15,DEPARTMENT-012,Procurement & Supply Chain,DEPARTMENT-007,IT,ORGANIZATIONAL-UNIT-PRC,ORGANIZATIONAL-UNIT-IT,POS-525,HISTORICAL-DESTINATION-IT-01,Employee request,Yes,Current Employee Record,Synthetic Workforce Movement Generator
MOVEMENT-00003,EMP492,Hamza Javed,Transfer,2024-09-19,DEPARTMENT-011,Legal & Compliance,DEPARTMENT-010,Administration & Facilities,ORGANIZATIONAL-UNIT-LGL,ORGANIZATIONAL-UNIT-ADM,POS-481,HISTORICAL-DESTINATION-ADM-01,Career development,Yes,Current Employee Record,Synthetic Workforce Movement Generator
MOVEMENT-00004,EMP247,Maha Aslam,Transfer,2024-09-08,DEPARTMENT-002,Finance,DEPARTMENT-015,Quality Assurance,ORGANIZATIONAL-UNIT-FIN,ORGANIZATIONAL-UNIT-QAS,POS-245,HISTORICAL-DESTINATION-QAS-01,Career development,Yes,Current Employee Record,Synthetic Workforce Movement Generator
MOVEMENT-00005,EMP368,Saba Hashmi,Transfer,2024-09-20,DEPARTMENT-009,Training & Development,DEPARTMENT-006,Operations,ORGANIZATIONAL-UNIT-TRN,ORGANIZATIONAL-UNIT-OPS,POS-359,HISTORICAL-DESTINATION-OPS-01,Career development,Yes,Current Employee Record,Synthetic Workforce Movement Generator
MOVEMENT-00006,EMP152,Mahnoor Tariq,Transfer,2024-09-13,DEPARTMENT-007,IT,DEPARTMENT-006,Operations,ORGANIZATIONAL-UNIT-IT,ORGANIZATIONAL-UNIT-OPS,POS-152,HISTORICAL-DESTINATION-OPS-01,Career development,Yes,Current Employee Record,Synthetic Workforce Movement Generator
MOVEMENT-00007,EMP036,Zoya Chaudhry,Transfer,2024-09-14,DEPARTMENT-003,Sales,DEPARTMENT-011,Legal & Compliance,ORGANIZATIONAL-UNIT-SAL,ORGANIZATIONAL-UNIT-LGL,POS-036,HISTORICAL-DESTINATION-LGL-01,Business requirement,Yes,Current Employee Record,Synthetic Workforce Movement Generator
MOVEMENT-00008,EMP223,Talha Mahmood,Join,2024-09-14,,,DEPARTMENT-001,HR,,ORGANIZATIONAL-UNIT-HR,,,Approved recruitment plan,No,Current Employee Record,Synthetic Workforce Movement Generator
MOVEMENT-00009,HISTORICAL-EMPLOYEE-0001,Historical HR Employee 0001,Join,2024-09-17,,,DEPARTMENT-001,HR,,ORGANIZATIONAL-UNIT-HR,,,Internship intake,No,Historical Movement Subject,Synthetic Workforce Movement Generator
MOVEMENT-00010,HISTORICAL-EMPLOYEE-0002,Historical HR Employee 0002,Leave,2024-09-02,DEPARTMENT-001,HR,,,ORGANIZATIONAL-UNIT-HR,,,,Retirement,No,Historical Movement Subject,Synthetic Workforce Movement Generator
MOVEMENT-00011,HISTORICAL-EMPLOYEE-0003,Historical HR Employee 0003,Leave,2024-09-06,DEPARTMENT-001,HR,,,ORGANIZATIONAL-UNIT-HR,,,,Resignation,No,Historical Movement Subject,Synthetic Workforce Movement Generator
MOVEMENT-00012,HISTORICAL-EMPLOYEE-0004,Historical Finance Employee 0004,Join,2024-09-07,,,DEPARTMENT-002,Finance,,ORGANIZATIONAL-UNIT-FIN,,,Growth hiring,No,Historical Movement Subject,Synthetic Workforce Movement Generator
MOVEMENT-00013,EMP049,Sara Aslam,Join,2024-09-05,,,DEPARTMENT-003,Sales,,ORGANIZATIONAL-UNIT-SAL,,,Approved recruitment plan,No,Current Employee Record,Synthetic Workforce Movement Generator
MOVEMENT-00014,EMP182,Waqas Ahmad,Join,2024-09-12,,,DEPARTMENT-003,Sales,,ORGANIZATIONAL-UNIT-SAL,,,Approved recruitment plan,No,Current Employee Record,Synthetic Workforce Movement Generator
MOVEMENT-00015,HISTORICAL-EMPLOYEE-0005,Historical Sales Employee 0005,Join,2024-09-18,,,DEPARTMENT-003,Sales,,ORGANIZATIONAL-UNIT-SAL,,,Approved recruitment plan,No,Historical Movement Subject,Synthetic Workforce Movement Generator
MOVEMENT-00016,HISTORICAL-EMPLOYEE-0006,Historical Sales Employee 0006,Leave,2024-09-03,DEPARTMENT-003,Sales,,,ORGANIZATIONAL-UNIT-SAL,,,,Career opportunity,Yes,Historical Movement Subject,Synthetic Workforce Movement Generator
MOVEMENT-00017,HISTORICAL-EMPLOYEE-0007,Historical Sales Employee 0007,Leave,2024-09-10,DEPARTMENT-003,Sales,,,ORGANIZATIONAL-UNIT-SAL,,,,Retirement,Yes,Historical Movement Subject,Synthetic Workforce Movement Generator
MOVEMENT-00018,HISTORICAL-EMPLOYEE-0008,Historical Customer Employee 0008,Join,2024-09-03,,,DEPARTMENT-004,Customer Support,,ORGANIZATIONAL-UNIT-CS,,,Replacement hire,No,Historical Movement Subject,Synthetic Workforce Movement Generator
MOVEMENT-00019,HISTORICAL-EMPLOYEE-0009,Historical Customer Employee 0009,Join,2024-09-07,,,DEPARTMENT-004,Customer Support,,ORGANIZATIONAL-UNIT-CS,,,Growth hiring,No,Historical Movement Subject,Synthetic Workforce Movement Generator
MOVEMENT-00020,HISTORICAL-EMPLOYEE-0010,Historical Customer Employee 0010,Leave,2024-09-13,DEPARTMENT-004,Customer Support,,,ORGANIZATIONAL-UNIT-CS,,,,Career opportunity,Yes,Historical Movement Subject,Synthetic Workforce Movement Generator
MOVEMENT-00021,EMP014,Shahid Ali,Join,2024-09-25,,,DEPARTMENT-005,Engineering,,ORGANIZATIONAL-UNIT-ENG,,,Approved recruitment plan,No,Current Employee Record,Synthetic Workforce Movement Generator
MOVEMENT-00022,HISTORICAL-EMPLOYEE-0011,Historical Engineering Employee 0011,Join,2024-09-03,,,DEPARTMENT-005,Engineering,,ORGANIZATIONAL-UNIT-ENG,,,Approved recruitment plan,No,Historical Movement Subject,Synthetic Workforce Movement Generator
MOVEMENT-00023,HISTORICAL-EMPLOYEE-0012,Historical Engineering Employee 0012,Leave,2024-09-19,DEPARTMENT-005,Engineering,,,ORGANIZATIONAL-UNIT-ENG,,,,Career opportunity,Yes,Historical Movement Subject,Synthetic Workforce Movement Generator
MOVEMENT-00024,HISTORICAL-EMPLOYEE-0013,Historical Engineering Employee 0013,Leave,2024-09-09,DEPARTMENT-005,Engineering,,,ORGANIZATIONAL-UNIT-ENG,,,,Resignation,Yes,Historical Movement Subject,Synthetic Workforce Movement Generator
MOVEMENT-00025,HISTORICAL-EMPLOYEE-0014,Historical Operations Employee 0014,Leave,2024-09-22,DEPARTMENT-006,Operations,,,ORGANIZATIONAL-UNIT-OPS,,,,Contract completion,No,Historical Movement Subject,Synthetic Workforce Movement Generator
MOVEMENT-00026,HISTORICAL-EMPLOYEE-0015,Historical Operations Employee 0015,Leave,2024-09-16,DEPARTMENT-006,Operations,,,ORGANIZATIONAL-UNIT-OPS,,,,Retirement,Yes,Historical Movement Subject,Synthetic Workforce Movement Generator
MOVEMENT-00027,HISTORICAL-EMPLOYEE-0016,Historical IT Employee 0016,Join,2024-09-23,,,DEPARTMENT-007,IT,,ORGANIZATIONAL-UNIT-IT,,,Replacement hire,No,Historical Movement Subject,Synthetic Workforce Movement Generator
MOVEMENT-00028,HISTORICAL-EMPLOYEE-0017,Historical IT Employee 0017,Join,2024-09-25,,,DEPARTMENT-007,IT,,ORGANIZATIONAL-UNIT-IT,,,Replacement hire,No,Historical Movement Subject,Synthetic Workforce Movement Generator
MOVEMENT-00029,HISTORICAL-EMPLOYEE-0018,Historical IT Employee 0018,Join,2024-09-02,,,DEPARTMENT-007,IT,,ORGANIZATIONAL-UNIT-IT,,,Replacement hire,No,Historical Movement Subject,Synthetic Workforce Movement Generator
MOVEMENT-00030,HISTORICAL-EMPLOYEE-0019,Historical IT Employee 0019,Leave,2024-09-04,DEPARTMENT-007,IT,,,ORGANIZATIONAL-UNIT-IT,,,,Career opportunity,Yes,Historical Movement Subject,Synthetic Workforce Movement Generator
MOVEMENT-00031,HISTORICAL-EMPLOYEE-0020,Historical IT Employee 0020,Leave,2024-09-15,DEPARTMENT-007,IT,,,ORGANIZATIONAL-UNIT-IT,,,,Retirement,No,Historical Movement Subject,Synthetic Workforce Movement Generator
MOVEMENT-00032,HISTORICAL-EMPLOYEE-0021,Historical IT Employee 0021,Leave,2024-09-17,DEPARTMENT-007,IT,,,ORGANIZATIONAL-UNIT-IT,,,,Career opportunity,Yes,Historical Movement Subject,Synthetic Workforce Movement Generator
MOVEMENT-00033,HISTORICAL-EMPLOYEE-0022,Historical Medical Employee 0022,Join,2024-09-08,,,DEPARTMENT-008,Medical Care,,ORGANIZATIONAL-UNIT-MED,,,Replacement hire,No,Historical Movement Subject,Synthetic Workforce Movement Generator
MOVEMENT-00034,HISTORICAL-EMPLOYEE-0023,Historical Medical Employee 0023,Leave,2024-09-13,DEPARTMENT-008,Medical Care,,,ORGANIZATIONAL-UNIT-MED,,,,Resignation,Yes,Historical Movement Subject,Synthetic Workforce Movement Generator
MOVEMENT-00035,HISTORICAL-EMPLOYEE-0024,Historical Training Employee 0024,Join,2024-09-06,,,DEPARTMENT-009,Training & Development,,ORGANIZATIONAL-UNIT-TRN,,,Replacement hire,No,Historical Movement Subject,Synthetic Workforce Movement Generator
MOVEMENT-00036,HISTORICAL-EMPLOYEE-0025,Historical Administration Employee 0025,Leave,2024-09-12,DEPARTMENT-010,Administration & Facilities,,,ORGANIZATIONAL-UNIT-ADM,,,,Resignation,No,Historical Movement Subject,Synthetic Workforce Movement Generator
MOVEMENT-00037,HISTORICAL-EMPLOYEE-0026,Historical Administration Employee 0026,Leave,2024-09-13,DEPARTMENT-010,Administration & Facilities,,,ORGANIZATIONAL-UNIT-ADM,,,,Retirement,Yes,Historical Movement Subject,Synthetic Workforce Movement Generator
MOVEMENT-00038,HISTORICAL-EMPLOYEE-0027,Historical Legal Employee 0027,Join,2024-09-13,,,DEPARTMENT-011,Legal & Compliance,,ORGANIZATIONAL-UNIT-LGL,,,Growth hiring,No,Historical Movement Subject,Synthetic Workforce Movement Generator
MOVEMENT-00039,HISTORICAL-EMPLOYEE-0028,Historical Legal Employee 0028,Join,2024-09-14,,,DEPARTMENT-011,Legal & Compliance,,ORGANIZATIONAL-UNIT-LGL,,,Replacement hire,No,Historical Movement Subject,Synthetic Workforce Movement Generator
MOVEMENT-00040,HISTORICAL-EMPLOYEE-0029,Historical Legal Employee 0029,Leave,2024-09-11,DEPARTMENT-011,Legal & Compliance,,,ORGANIZATIONAL-UNIT-LGL,,,,Retirement,No,Historical Movement Subject,Synthetic Workforce Movement Generator
MOVEMENT-00041,HISTORICAL-EMPLOYEE-0030,Historical Legal Employee 0030,Leave,2024-09-09,DEPARTMENT-011,Legal & Compliance,,,ORGANIZATIONAL-UNIT-LGL,,,,Retirement,No,Historical Movement Subject,Synthetic Workforce Movement Generator
MOVEMENT-00042,HISTORICAL-EMPLOYEE-0031,Historical Procurement Employee 0031,Join,2024-09-11,,,DEPARTMENT-012,Procurement & Supply Chain,,ORGANIZATIONAL-UNIT-PRC,,,Approved recruitment plan,No,Historical Movement Subject,Synthetic Workforce Movement Generator
MOVEMENT-00043,HISTORICAL-EMPLOYEE-0032,Historical Procurement Employee 0032,Join,2024-09-12,,,DEPARTMENT-012,Procurement & Supply Chain,,ORGANIZATIONAL-UNIT-PRC,,,Replacement hire,No,Historical Movement Subject,Synthetic Workforce Movement Generator
MOVEMENT-00044,HISTORICAL-EMPLOYEE-0033,Historical Procurement Employee 0033,Join,2024-09-02,,,DEPARTMENT-012,Procurement & Supply Chain,,ORGANIZATIONAL-UNIT-PRC,,,Growth hiring,No,Historical Movement Subject,Synthetic Workforce Movement Generator
MOVEMENT-00045,HISTORICAL-EMPLOYEE-0034,Historical Procurement Employee 0034,Leave,2024-09-15,DEPARTMENT-012,Procurement & Supply Chain,,,ORGANIZATIONAL-UNIT-PRC,,,,Contract completion,No,Historical Movement Subject,Synthetic Workforce Movement Generator
MOVEMENT-00046,HISTORICAL-EMPLOYEE-0035,Historical Procurement Employee 0035,Leave,2024-09-15,DEPARTMENT-012,Procurement & Supply Chain,,,ORGANIZATIONAL-UNIT-PRC,,,,Career opportunity,Yes,Historical Movement Subject,Synthetic Workforce Movement Generator
MOVEMENT-00047,HISTORICAL-EMPLOYEE-0036,Historical Logistics Employee 0036,Join,2024-09-15,,,DEPARTMENT-013,Logistics & Warehouse,,ORGANIZATIONAL-UNIT-LOG,,,Growth hiring,No,Historical Movement Subject,Synthetic Workforce Movement Generator
MOVEMENT-00048,HISTORICAL-EMPLOYEE-0037,Historical Logistics Employee 0037,Join,2024-09-24,,,DEPARTMENT-013,Logistics & Warehouse,,ORGANIZATIONAL-UNIT-LOG,,,Approved recruitment plan,No,Historical Movement Subject,Synthetic Workforce Movement Generator
MOVEMENT-00049,HISTORICAL-EMPLOYEE-0038,Historical Logistics Employee 0038,Leave,2024-09-14,DEPARTMENT-013,Logistics & Warehouse,,,ORGANIZATIONAL-UNIT-LOG,,,,Resignation,Yes,Historical Movement Subject,Synthetic Workforce Movement Generator
MOVEMENT-00050,HISTORICAL-EMPLOYEE-0039,Historical Logistics Employee 0039,Leave,2024-09-21,DEPARTMENT-013,Logistics & Warehouse,,,ORGANIZATIONAL-UNIT-LOG,,,,Contract completion,Yes,Historical Movement Subject,Synthetic Workforce Movement Generator
MOVEMENT-00051,HISTORICAL-EMPLOYEE-0040,Historical Production Employee 0040,Join,2024-09-13,,,DEPARTMENT-014,Production & Manufacturing,,ORGANIZATIONAL-UNIT-PRD,,,Approved recruitment plan,No,Historical Movement Subject,Synthetic Workforce Movement Generator
MOVEMENT-00052,HISTORICAL-EMPLOYEE-0041,Historical Production Employee 0041,Leave,2024-09-19,DEPARTMENT-014,Production & Manufacturing,,,ORGANIZATIONAL-UNIT-PRD,,,,Resignation,Yes,Historical Movement Subject,Synthetic Workforce Movement Generator
MOVEMENT-00053,HISTORICAL-EMPLOYEE-0042,Historical Quality Employee 0042,Leave,2024-09-20,DEPARTMENT-015,Quality Assurance,,,ORGANIZATIONAL-UNIT-QAS,,,,Retirement,No,Historical Movement Subject,Synthetic Workforce Movement Generator
MOVEMENT-00054,EMP715,Ali Munir,Join,2024-09-20,,,DEPARTMENT-016,Research & Development,,ORGANIZATIONAL-UNIT-RND,,,Replacement hire,No,Current Employee Record,Synthetic Workforce Movement Generator
MOVEMENT-00055,HISTORICAL-EMPLOYEE-0043,Historical Research Employee 0043,Leave,2024-09-08,DEPARTMENT-016,Research & Development,,,ORGANIZATIONAL-UNIT-RND,,,,Contract completion,Yes,Historical Movement Subject,Synthetic Workforce Movement Generator
MOVEMENT-00056,EMP200,Ahmad Abbasi,Transfer,2024-10-02,DEPARTMENT-004,Customer Support,DEPARTMENT-012,Procurement & Supply Chain,ORGANIZATIONAL-UNIT-CS,ORGANIZATIONAL-UNIT-PRC,POS-200,HISTORICAL-DESTINATION-PRC-02,Business requirement,Yes,Current Employee Record,Synthetic Workforce Movement Generator
MOVEMENT-00057,EMP439,Imran Shah,Transfer,2024-10-16,DEPARTMENT-010,Administration & Facilities,DEPARTMENT-004,Customer Support,ORGANIZATIONAL-UNIT-ADM,ORGANIZATIONAL-UNIT-CS,POS-429,HISTORICAL-DESTINATION-CS-02,Workforce balancing,Yes,Current Employee Record,Synthetic Workforce Movement Generator
MOVEMENT-00058,EMP716,Saba Awan,Transfer,2024-10-20,DEPARTMENT-016,Research & Development,DEPARTMENT-014,Production & Manufacturing,ORGANIZATIONAL-UNIT-RND,ORGANIZATIONAL-UNIT-PRD,POS-700,HISTORICAL-DESTINATION-PRD-02,Employee request,Yes,Current Employee Record,Synthetic Workforce Movement Generator
MOVEMENT-00059,EMP548,Maryam Faisal,Transfer,2024-10-05,DEPARTMENT-013,Logistics & Warehouse,DEPARTMENT-004,Customer Support,ORGANIZATIONAL-UNIT-LOG,ORGANIZATIONAL-UNIT-CS,POS-535,HISTORICAL-DESTINATION-CS-02,Employee request,Yes,Current Employee Record,Synthetic Workforce Movement Generator
MOVEMENT-00060,EMP101,Talha Dar,Transfer,2024-10-03,DEPARTMENT-007,IT,DEPARTMENT-003,Sales,ORGANIZATIONAL-UNIT-IT,ORGANIZATIONAL-UNIT-SAL,POS-101,HISTORICAL-DESTINATION-SAL-02,Career development,Yes,Current Employee Record,Synthetic Workforce Movement Generator
MOVEMENT-00061,EMP357,Kamran Ismail,Transfer,2024-10-25,DEPARTMENT-008,Medical Care,DEPARTMENT-003,Sales,ORGANIZATIONAL-UNIT-MED,ORGANIZATIONAL-UNIT-SAL,POS-349,HISTORICAL-DESTINATION-SAL-02,Career development,Yes,Current Employee Record,Synthetic Workforce Movement Generator
MOVEMENT-00062,HISTORICAL-EMPLOYEE-0044,Historical HR Employee 0044,Join,2024-10-16,,,DEPARTMENT-001,HR,,ORGANIZATIONAL-UNIT-HR,,,Replacement hire,No,Historical Movement Subject,Synthetic Workforce Movement Generator
MOVEMENT-00063,HISTORICAL-EMPLOYEE-0045,Historical HR Employee 0045,Leave,2024-10-07,DEPARTMENT-001,HR,,,ORGANIZATIONAL-UNIT-HR,,,,Retirement,No,Historical Movement Subject,Synthetic Workforce Movement Generator
MOVEMENT-00064,EMP084,Zara Ullah,Promotion,2024-10-23,DEPARTMENT-001,HR,DEPARTMENT-001,HR,ORGANIZATIONAL-UNIT-HR,ORGANIZATIONAL-UNIT-HR,POS-084,HISTORICAL-PROMOTION-HR-02-01,Annual promotion cycle,No,Current Employee Record,Synthetic Workforce Movement Generator
MOVEMENT-00065,HISTORICAL-EMPLOYEE-0046,Historical Finance Employee 0046,Leave,2024-10-20,DEPARTMENT-002,Finance,,,ORGANIZATIONAL-UNIT-FIN,,,,Career opportunity,Yes,Historical Movement Subject,Synthetic Workforce Movement Generator
MOVEMENT-00066,HISTORICAL-EMPLOYEE-0047,Historical Finance Employee 0047,Leave,2024-10-08,DEPARTMENT-002,Finance,,,ORGANIZATIONAL-UNIT-FIN,,,,Retirement,No,Historical Movement Subject,Synthetic Workforce Movement Generator
MOVEMENT-00067,EMP123,Sehrish Ullah,Promotion,2024-10-22,DEPARTMENT-002,Finance,DEPARTMENT-002,Finance,ORGANIZATIONAL-UNIT-FIN,ORGANIZATIONAL-UNIT-FIN,POS-123,HISTORICAL-PROMOTION-FIN-02-01,Merit promotion,No,Current Employee Record,Synthetic Workforce Movement Generator
MOVEMENT-00068,EMP160,Rabia Ullah,Promotion,2024-10-03,DEPARTMENT-002,Finance,DEPARTMENT-002,Finance,ORGANIZATIONAL-UNIT-FIN,ORGANIZATIONAL-UNIT-FIN,POS-160,HISTORICAL-PROMOTION-FIN-02-02,Merit promotion,No,Current Employee Record,Synthetic Workforce Movement Generator
MOVEMENT-00069,EMP173,Sidra Abbasi,Promotion,2024-10-15,DEPARTMENT-002,Finance,DEPARTMENT-002,Finance,ORGANIZATIONAL-UNIT-FIN,ORGANIZATIONAL-UNIT-FIN,POS-173,HISTORICAL-PROMOTION-FIN-02-03,Role expansion,No,Current Employee Record,Synthetic Workforce Movement Generator
MOVEMENT-00070,HISTORICAL-EMPLOYEE-0048,Historical Sales Employee 0048,Leave,2024-10-24,DEPARTMENT-003,Sales,,,ORGANIZATIONAL-UNIT-SAL,,,,Career opportunity,No,Historical Movement Subject,Synthetic Workforce Movement Generator
MOVEMENT-00071,EMP017,Amir Haider,Join,2024-10-03,,,DEPARTMENT-004,Customer Support,,ORGANIZATIONAL-UNIT-CS,,,Internship intake,No,Current Employee Record,Synthetic Workforce Movement Generator
MOVEMENT-00072,EMP199,Zara Tariq,Join,2024-10-13,,,DEPARTMENT-004,Customer Support,,ORGANIZATIONAL-UNIT-CS,,,Internship intake,No,Current Employee Record,Synthetic Workforce Movement Generator
MOVEMENT-00073,HISTORICAL-EMPLOYEE-0049,Historical Customer Employee 0049,Join,2024-10-02,,,DEPARTMENT-004,Customer Support,,ORGANIZATIONAL-UNIT-CS,,,Approved recruitment plan,No,Historical Movement Subject,Synthetic Workforce Movement Generator
MOVEMENT-00074,HISTORICAL-EMPLOYEE-0050,Historical Customer Employee 0050,Leave,2024-10-17,DEPARTMENT-004,Customer Support,,,ORGANIZATIONAL-UNIT-CS,,,,Resignation,Yes,Historical Movement Subject,Synthetic Workforce Movement Generator
MOVEMENT-00075,HISTORICAL-EMPLOYEE-0051,Historical Customer Employee 0051,Leave,2024-10-03,DEPARTMENT-004,Customer Support,,,ORGANIZATIONAL-UNIT-CS,,,,Resignation,Yes,Historical Movement Subject,Synthetic Workforce Movement Generator
MOVEMENT-00076,HISTORICAL-EMPLOYEE-0052,Historical Customer Employee 0052,Leave,2024-10-05,DEPARTMENT-004,Customer Support,,,ORGANIZATIONAL-UNIT-CS,,,,Retirement,Yes,Historical Movement Subject,Synthetic Workforce Movement Generator
MOVEMENT-00077,EMP042,Amna Aslam,Promotion,2024-10-23,DEPARTMENT-004,Customer Support,DEPARTMENT-004,Customer Support,ORGANIZATIONAL-UNIT-CS,ORGANIZATIONAL-UNIT-CS,POS-042,HISTORICAL-PROMOTION-CS-02-01,Role expansion,No,Current Employee Record,Synthetic Workforce Movement Generator
MOVEMENT-00078,EMP260,Rabia Farooq,Promotion,2024-10-07,DEPARTMENT-004,Customer Support,DEPARTMENT-004,Customer Support,ORGANIZATIONAL-UNIT-CS,ORGANIZATIONAL-UNIT-CS,POS-256,HISTORICAL-PROMOTION-CS-02-02,Role expansion,No,Current Employee Record,Synthetic Workforce Movement Generator
MOVEMENT-00079,EMP168,Akbar Saleem,Promotion,2024-10-16,DEPARTMENT-004,Customer Support,DEPARTMENT-004,Customer Support,ORGANIZATIONAL-UNIT-CS,ORGANIZATIONAL-UNIT-CS,POS-168,HISTORICAL-PROMOTION-CS-02-03,Role expansion,No,Current Employee Record,Synthetic Workforce Movement Generator
MOVEMENT-00080,HISTORICAL-EMPLOYEE-0053,Historical Engineering Employee 0053,Leave,2024-10-13,DEPARTMENT-005,Engineering,,,ORGANIZATIONAL-UNIT-ENG,,,,Resignation,No,Historical Movement Subject,Synthetic Workforce Movement Generator
MOVEMENT-00081,HISTORICAL-EMPLOYEE-0054,Historical Engineering Employee 0054,Leave,2024-10-16,DEPARTMENT-005,Engineering,,,ORGANIZATIONAL-UNIT-ENG,,,,Resignation,Yes,Historical Movement Subject,Synthetic Workforce Movement Generator
MOVEMENT-00082,HISTORICAL-EMPLOYEE-0055,Historical Operations Employee 0055,Join,2024-10-05,,,DEPARTMENT-006,Operations,,ORGANIZATIONAL-UNIT-OPS,,,Growth hiring,No,Historical Movement Subject,Synthetic Workforce Movement Generator
MOVEMENT-00083,EMP288,Hira Chaudhry,Promotion,2024-10-20,DEPARTMENT-006,Operations,DEPARTMENT-006,Operations,ORGANIZATIONAL-UNIT-OPS,ORGANIZATIONAL-UNIT-OPS,POS-282,HISTORICAL-PROMOTION-OPS-02-01,Annual promotion cycle,No,Current Employee Record,Synthetic Workforce Movement Generator
MOVEMENT-00084,EMP284,Hamza Aziz,Promotion,2024-10-11,DEPARTMENT-006,Operations,DEPARTMENT-006,Operations,ORGANIZATIONAL-UNIT-OPS,ORGANIZATIONAL-UNIT-OPS,POS-278,HISTORICAL-PROMOTION-OPS-02-02,Annual promotion cycle,No,Current Employee Record,Synthetic Workforce Movement Generator
MOVEMENT-00085,EMP122,Hafsa Ullah,Promotion,2024-10-12,DEPARTMENT-006,Operations,DEPARTMENT-006,Operations,ORGANIZATIONAL-UNIT-OPS,ORGANIZATIONAL-UNIT-OPS,POS-122,HISTORICAL-PROMOTION-OPS-02-03,Role expansion,No,Current Employee Record,Synthetic Workforce Movement Generator
MOVEMENT-00086,HISTORICAL-EMPLOYEE-0056,Historical IT Employee 0056,Join,2024-10-12,,,DEPARTMENT-007,IT,,ORGANIZATIONAL-UNIT-IT,,,Growth hiring,No,Historical Movement Subject,Synthetic Workforce Movement Generator
MOVEMENT-00087,HISTORICAL-EMPLOYEE-0057,Historical Medical Employee 0057,Join,2024-10-12,,,DEPARTMENT-008,Medical Care,,ORGANIZATIONAL-UNIT-MED,,,Replacement hire,No,Historical Movement Subject,Synthetic Workforce Movement Generator
MOVEMENT-00088,HISTORICAL-EMPLOYEE-0058,Historical Medical Employee 0058,Join,2024-10-11,,,DEPARTMENT-008,Medical Care,,ORGANIZATIONAL-UNIT-MED,,,Internship intake,No,Historical Movement Subject,Synthetic Workforce Movement Generator
MOVEMENT-00089,HISTORICAL-EMPLOYEE-0059,Historical Medical Employee 0059,Join,2024-10-13,,,DEPARTMENT-008,Medical Care,,ORGANIZATIONAL-UNIT-MED,,,Growth hiring,No,Historical Movement Subject,Synthetic Workforce Movement Generator
MOVEMENT-00090,HISTORICAL-EMPLOYEE-0060,Historical Medical Employee 0060,Leave,2024-10-20,DEPARTMENT-008,Medical Care,,,ORGANIZATIONAL-UNIT-MED,,,,Retirement,Yes,Historical Movement Subject,Synthetic Workforce Movement Generator
MOVEMENT-00091,HISTORICAL-EMPLOYEE-0061,Historical Medical Employee 0061,Leave,2024-10-17,DEPARTMENT-008,Medical Care,,,ORGANIZATIONAL-UNIT-MED,,,,Retirement,Yes,Historical Movement Subject,Synthetic Workforce Movement Generator
MOVEMENT-00092,EMP345,Sana Chaudhry,Promotion,2024-10-07,DEPARTMENT-008,Medical Care,DEPARTMENT-008,Medical Care,ORGANIZATIONAL-UNIT-MED,ORGANIZATIONAL-UNIT-MED,POS-337,HISTORICAL-PROMOTION-MED-02-01,Annual promotion cycle,No,Current Employee Record,Synthetic Workforce Movement Generator
MOVEMENT-00093,HISTORICAL-EMPLOYEE-0062,Historical Training Employee 0062,Join,2024-10-13,,,DEPARTMENT-009,Training & Development,,ORGANIZATIONAL-UNIT-TRN,,,Growth hiring,No,Historical Movement Subject,Synthetic Workforce Movement Generator
MOVEMENT-00094,HISTORICAL-EMPLOYEE-0063,Historical Training Employee 0063,Leave,2024-10-18,DEPARTMENT-009,Training & Development,,,ORGANIZATIONAL-UNIT-TRN,,,,Retirement,Yes,Historical Movement Subject,Synthetic Workforce Movement Generator
MOVEMENT-00095,HISTORICAL-EMPLOYEE-0064,Historical Training Employee 0064,Leave,2024-10-11,DEPARTMENT-009,Training & Development,,,ORGANIZATIONAL-UNIT-TRN,,,,Contract completion,Yes,Historical Movement Subject,Synthetic Workforce Movement Generator
MOVEMENT-00096,HISTORICAL-EMPLOYEE-0065,Historical Training Employee 0065,Leave,2024-10-04,DEPARTMENT-009,Training & Development,,,ORGANIZATIONAL-UNIT-TRN,,,,Contract completion,Yes,Historical Movement Subject,Synthetic Workforce Movement Generator
MOVEMENT-00097,EMP446,Nida Khan,Join,2024-10-14,,,DEPARTMENT-010,Administration & Facilities,,ORGANIZATIONAL-UNIT-ADM,,,Replacement hire,No,Current Employee Record,Synthetic Workforce Movement Generator
MOVEMENT-00098,HISTORICAL-EMPLOYEE-0066,Historical Administration Employee 0066,Leave,2024-10-15,DEPARTMENT-010,Administration & Facilities,,,ORGANIZATIONAL-UNIT-ADM,,,,Retirement,No,Historical Movement Subject,Synthetic Workforce Movement Generator
MOVEMENT-00099,EMP486,Junaid Nadeem,Join,2024-10-21,,,DEPARTMENT-011,Legal & Compliance,,ORGANIZATIONAL-UNIT-LGL,,,Internship intake,No,Current Employee Record,Synthetic Workforce Movement Generator
MOVEMENT-00100,HISTORICAL-EMPLOYEE-0067,Historical Legal Employee 0067,Join,2024-10-24,,,DEPARTMENT-011,Legal & Compliance,,ORGANIZATIONAL-UNIT-LGL,,,Internship intake,No,Historical Movement Subject,Synthetic Workforce Movement Generator
MOVEMENT-00101,HISTORICAL-EMPLOYEE-0068,Historical Legal Employee 0068,Join,2024-10-24,,,DEPARTMENT-011,Legal & Compliance,,ORGANIZATIONAL-UNIT-LGL,,,Growth hiring,No,Historical Movement Subject,Synthetic Workforce Movement Generator
MOVEMENT-00102,HISTORICAL-EMPLOYEE-0069,Historical Legal Employee 0069,Leave,2024-10-04,DEPARTMENT-011,Legal & Compliance,,,ORGANIZATIONAL-UNIT-LGL,,,,Career opportunity,Yes,Historical Movement Subject,Synthetic Workforce Movement Generator
MOVEMENT-00103,HISTORICAL-EMPLOYEE-0070,Historical Legal Employee 0070,Leave,2024-10-13,DEPARTMENT-011,Legal & Compliance,,,ORGANIZATIONAL-UNIT-LGL,,,,Contract completion,Yes,Historical Movement Subject,Synthetic Workforce Movement Generator
MOVEMENT-00104,EMP479,Noman Latif,Promotion,2024-10-09,DEPARTMENT-011,Legal & Compliance,DEPARTMENT-011,Legal & Compliance,ORGANIZATIONAL-UNIT-LGL,ORGANIZATIONAL-UNIT-LGL,POS-468,HISTORICAL-PROMOTION-LGL-02-01,Annual promotion cycle,No,Current Employee Record,Synthetic Workforce Movement Generator
MOVEMENT-00105,HISTORICAL-EMPLOYEE-0071,Historical Procurement Employee 0071,Join,2024-10-04,,,DEPARTMENT-012,Procurement & Supply Chain,,ORGANIZATIONAL-UNIT-PRC,,,Replacement hire,No,Historical Movement Subject,Synthetic Workforce Movement Generator
MOVEMENT-00106,HISTORICAL-EMPLOYEE-0072,Historical Procurement Employee 0072,Join,2024-10-20,,,DEPARTMENT-012,Procurement & Supply Chain,,ORGANIZATIONAL-UNIT-PRC,,,Replacement hire,No,Historical Movement Subject,Synthetic Workforce Movement Generator
MOVEMENT-00107,HISTORICAL-EMPLOYEE-0073,Historical Procurement Employee 0073,Leave,2024-10-09,DEPARTMENT-012,Procurement & Supply Chain,,,ORGANIZATIONAL-UNIT-PRC,,,,Contract completion,Yes,Historical Movement Subject,Synthetic Workforce Movement Generator
MOVEMENT-00108,HISTORICAL-EMPLOYEE-0074,Historical Procurement Employee 0074,Leave,2024-10-18,DEPARTMENT-012,Procurement & Supply Chain,,,ORGANIZATIONAL-UNIT-PRC,,,,Contract completion,No,Historical Movement Subject,Synthetic Workforce Movement Generator
MOVEMENT-00109,HISTORICAL-EMPLOYEE-0075,Historical Procurement Employee 0075,Leave,2024-10-17,DEPARTMENT-012,Procurement & Supply Chain,,,ORGANIZATIONAL-UNIT-PRC,,,,Career opportunity,Yes,Historical Movement Subject,Synthetic Workforce Movement Generator
MOVEMENT-00110,EMP520,Maryam Munir,Promotion,2024-10-21,DEPARTMENT-012,Procurement & Supply Chain,DEPARTMENT-012,Procurement & Supply Chain,ORGANIZATIONAL-UNIT-PRC,ORGANIZATIONAL-UNIT-PRC,POS-508,HISTORICAL-PROMOTION-PRC-02-01,Role expansion,No,Current Employee Record,Synthetic Workforce Movement Generator
MOVEMENT-00111,EMP529,Ayesha Waheed,Promotion,2024-10-19,DEPARTMENT-012,Procurement & Supply Chain,DEPARTMENT-012,Procurement & Supply Chain,ORGANIZATIONAL-UNIT-PRC,ORGANIZATIONAL-UNIT-PRC,POS-517,HISTORICAL-PROMOTION-PRC-02-02,Role expansion,No,Current Employee Record,Synthetic Workforce Movement Generator
MOVEMENT-00112,EMP528,Minal Aslam,Promotion,2024-10-17,DEPARTMENT-012,Procurement & Supply Chain,DEPARTMENT-012,Procurement & Supply Chain,ORGANIZATIONAL-UNIT-PRC,ORGANIZATIONAL-UNIT-PRC,POS-516,HISTORICAL-PROMOTION-PRC-02-03,Annual promotion cycle,No,Current Employee Record,Synthetic Workforce Movement Generator
MOVEMENT-00113,EMP571,Minal Saeed,Join,2024-10-13,,,DEPARTMENT-013,Logistics & Warehouse,,ORGANIZATIONAL-UNIT-LOG,,,Internship intake,No,Current Employee Record,Synthetic Workforce Movement Generator
MOVEMENT-00114,HISTORICAL-EMPLOYEE-0076,Historical Logistics Employee 0076,Join,2024-10-12,,,DEPARTMENT-013,Logistics & Warehouse,,ORGANIZATIONAL-UNIT-LOG,,,Internship intake,No,Historical Movement Subject,Synthetic Workforce Movement Generator
MOVEMENT-00115,HISTORICAL-EMPLOYEE-0077,Historical Logistics Employee 0077,Leave,2024-10-03,DEPARTMENT-013,Logistics & Warehouse,,,ORGANIZATIONAL-UNIT-LOG,,,,Career opportunity,Yes,Historical Movement Subject,Synthetic Workforce Movement Generator
MOVEMENT-00116,HISTORICAL-EMPLOYEE-0078,Historical Logistics Employee 0078,Leave,2024-10-03,DEPARTMENT-013,Logistics & Warehouse,,,ORGANIZATIONAL-UNIT-LOG,,,,Contract completion,Yes,Historical Movement Subject,Synthetic Workforce Movement Generator
MOVEMENT-00117,EMP568,Mehwish Javed,Promotion,2024-10-23,DEPARTMENT-013,Logistics & Warehouse,DEPARTMENT-013,Logistics & Warehouse,ORGANIZATIONAL-UNIT-LOG,ORGANIZATIONAL-UNIT-LOG,POS-555,HISTORICAL-PROMOTION-LOG-02-01,Annual promotion cycle,No,Current Employee Record,Synthetic Workforce Movement Generator
MOVEMENT-00118,EMP577,Iqra Hussain,Promotion,2024-10-12,DEPARTMENT-013,Logistics & Warehouse,DEPARTMENT-013,Logistics & Warehouse,ORGANIZATIONAL-UNIT-LOG,ORGANIZATIONAL-UNIT-LOG,POS-564,HISTORICAL-PROMOTION-LOG-02-02,Annual promotion cycle,No,Current Employee Record,Synthetic Workforce Movement Generator
MOVEMENT-00119,EMP563,Hira Ali,Promotion,2024-10-24,DEPARTMENT-013,Logistics & Warehouse,DEPARTMENT-013,Logistics & Warehouse,ORGANIZATIONAL-UNIT-LOG,ORGANIZATIONAL-UNIT-LOG,POS-550,HISTORICAL-PROMOTION-LOG-02-03,Merit promotion,No,Current Employee Record,Synthetic Workforce Movement Generator
MOVEMENT-00120,HISTORICAL-EMPLOYEE-0079,Historical Production Employee 0079,Leave,2024-10-11,DEPARTMENT-014,Production & Manufacturing,,,ORGANIZATIONAL-UNIT-PRD,,,,Retirement,Yes,Historical Movement Subject,Synthetic Workforce Movement Generator
MOVEMENT-00121,HISTORICAL-EMPLOYEE-0080,Historical Production Employee 0080,Leave,2024-10-06,DEPARTMENT-014,Production & Manufacturing,,,ORGANIZATIONAL-UNIT-PRD,,,,Career opportunity,Yes,Historical Movement Subject,Synthetic Workforce Movement Generator
MOVEMENT-00122,HISTORICAL-EMPLOYEE-0081,Historical Production Employee 0081,Leave,2024-10-06,DEPARTMENT-014,Production & Manufacturing,,,ORGANIZATIONAL-UNIT-PRD,,,,Career opportunity,No,Historical Movement Subject,Synthetic Workforce Movement Generator
MOVEMENT-00123,HISTORICAL-EMPLOYEE-0082,Historical Quality Employee 0082,Join,2024-10-20,,,DEPARTMENT-015,Quality Assurance,,ORGANIZATIONAL-UNIT-QAS,,,Replacement hire,No,Historical Movement Subject,Synthetic Workforce Movement Generator
MOVEMENT-00124,EMP669,Saad Riaz,Promotion,2024-10-12,DEPARTMENT-015,Quality Assurance,DEPARTMENT-015,Quality Assurance,ORGANIZATIONAL-UNIT-QAS,ORGANIZATIONAL-UNIT-QAS,POS-654,HISTORICAL-PROMOTION-QAS-02-01,Annual promotion cycle,No,Current Employee Record,Synthetic Workforce Movement Generator
MOVEMENT-00125,EMP644,Imran Hussain,Promotion,2024-10-22,DEPARTMENT-015,Quality Assurance,DEPARTMENT-015,Quality Assurance,ORGANIZATIONAL-UNIT-QAS,ORGANIZATIONAL-UNIT-QAS,POS-629,HISTORICAL-PROMOTION-QAS-02-02,Annual promotion cycle,No,Current Employee Record,Synthetic Workforce Movement Generator
MOVEMENT-00126,EMP645,Kinza Rehman,Promotion,2024-10-02,DEPARTMENT-015,Quality Assurance,DEPARTMENT-015,Quality Assurance,ORGANIZATIONAL-UNIT-QAS,ORGANIZATIONAL-UNIT-QAS,POS-630,HISTORICAL-PROMOTION-QAS-02-03,Role expansion,No,Current Employee Record,Synthetic Workforce Movement Generator
MOVEMENT-00127,HISTORICAL-EMPLOYEE-0083,Historical Research Employee 0083,Join,2024-10-08,,,DEPARTMENT-016,Research & Development,,ORGANIZATIONAL-UNIT-RND,,,Internship intake,No,Historical Movement Subject,Synthetic Workforce Movement Generator
MOVEMENT-00128,HISTORICAL-EMPLOYEE-0084,Historical Research Employee 0084,Join,2024-10-11,,,DEPARTMENT-016,Research & Development,,ORGANIZATIONAL-UNIT-RND,,,Growth hiring,No,Historical Movement Subject,Synthetic Workforce Movement Generator
MOVEMENT-00129,HISTORICAL-EMPLOYEE-0085,Historical Research Employee 0085,Join,2024-10-14,,,DEPARTMENT-016,Research & Development,,ORGANIZATIONAL-UNIT-RND,,,Replacement hire,No,Historical Movement Subject,Synthetic Workforce Movement Generator
MOVEMENT-00130,HISTORICAL-EMPLOYEE-0086,Historical Research Employee 0086,Leave,2024-10-06,DEPARTMENT-016,Research & Development,,,ORGANIZATIONAL-UNIT-RND,,,,Retirement,Yes,Historical Movement Subject,Synthetic Workforce Movement Generator
MOVEMENT-00131,HISTORICAL-EMPLOYEE-0087,Historical Research Employee 0087,Leave,2024-10-11,DEPARTMENT-016,Research & Development,,,ORGANIZATIONAL-UNIT-RND,,,,Contract completion,Yes,Historical Movement Subject,Synthetic Workforce Movement Generator
MOVEMENT-00132,EMP476,Shahzaib Mahmood,Transfer,2024-11-15,DEPARTMENT-011,Legal & Compliance,DEPARTMENT-016,Research & Development,ORGANIZATIONAL-UNIT-LGL,ORGANIZATIONAL-UNIT-RND,POS-465,HISTORICAL-DESTINATION-RND-03,Workforce balancing,Yes,Current Employee Record,Synthetic Workforce Movement Generator
MOVEMENT-00133,EMP002,Bilal Aziz,Transfer,2024-11-16,DEPARTMENT-003,Sales,DEPARTMENT-004,Customer Support,ORGANIZATIONAL-UNIT-SAL,ORGANIZATIONAL-UNIT-CS,POS-002,HISTORICAL-DESTINATION-CS-03,Workforce balancing,Yes,Current Employee Record,Synthetic Workforce Movement Generator
MOVEMENT-00134,EMP712,Minal Hussain,Transfer,2024-11-16,DEPARTMENT-016,Research & Development,DEPARTMENT-011,Legal & Compliance,ORGANIZATIONAL-UNIT-RND,ORGANIZATIONAL-UNIT-LGL,POS-696,HISTORICAL-DESTINATION-LGL-03,Business requirement,Yes,Current Employee Record,Synthetic Workforce Movement Generator
MOVEMENT-00135,EMP160,Rabia Ullah,Transfer,2024-11-07,DEPARTMENT-002,Finance,DEPARTMENT-013,Logistics & Warehouse,ORGANIZATIONAL-UNIT-FIN,ORGANIZATIONAL-UNIT-LOG,POS-160,HISTORICAL-DESTINATION-LOG-03,Workforce balancing,Yes,Current Employee Record,Synthetic Workforce Movement Generator
MOVEMENT-00136,EMP479,Noman Latif,Transfer,2024-11-19,DEPARTMENT-011,Legal & Compliance,DEPARTMENT-014,Production & Manufacturing,ORGANIZATIONAL-UNIT-LGL,ORGANIZATIONAL-UNIT-PRD,POS-468,HISTORICAL-DESTINATION-PRD-03,Workforce balancing,Yes,Current Employee Record,Synthetic Workforce Movement Generator
MOVEMENT-00137,EMP279,Minal Ali,Transfer,2024-11-13,DEPARTMENT-006,Operations,DEPARTMENT-001,HR,ORGANIZATIONAL-UNIT-OPS,ORGANIZATIONAL-UNIT-HR,POS-273,HISTORICAL-DESTINATION-HR-03,Workforce balancing,Yes,Current Employee Record,Synthetic Workforce Movement Generator
MOVEMENT-00138,EMP043,Amir Javed,Transfer,2024-11-20,DEPARTMENT-006,Operations,DEPARTMENT-004,Customer Support,ORGANIZATIONAL-UNIT-OPS,ORGANIZATIONAL-UNIT-CS,POS-043,HISTORICAL-DESTINATION-CS-03,Employee request,Yes,Current Employee Record,Synthetic Workforce Movement Generator
MOVEMENT-00139,EMP476,Shahzaib Mahmood,Transfer,2024-11-04,DEPARTMENT-011,Legal & Compliance,DEPARTMENT-006,Operations,ORGANIZATIONAL-UNIT-LGL,ORGANIZATIONAL-UNIT-OPS,POS-465,HISTORICAL-DESTINATION-OPS-03,Workforce balancing,Yes,Current Employee Record,Synthetic Workforce Movement Generator
MOVEMENT-00140,EMP237,Areeba Munir,Transfer,2024-11-17,DEPARTMENT-002,Finance,DEPARTMENT-005,Engineering,ORGANIZATIONAL-UNIT-FIN,ORGANIZATIONAL-UNIT-ENG,POS-235,HISTORICAL-DESTINATION-ENG-03,Business requirement,Yes,Current Employee Record,Synthetic Workforce Movement Generator
MOVEMENT-00141,HISTORICAL-EMPLOYEE-0088,Historical HR Employee 0088,Leave,2024-11-20,DEPARTMENT-001,HR,,,ORGANIZATIONAL-UNIT-HR,,,,Retirement,No,Historical Movement Subject,Synthetic Workforce Movement Generator
MOVEMENT-00142,HISTORICAL-EMPLOYEE-0089,Historical HR Employee 0089,Leave,2024-11-13,DEPARTMENT-001,HR,,,ORGANIZATIONAL-UNIT-HR,,,,Resignation,Yes,Historical Movement Subject,Synthetic Workforce Movement Generator
MOVEMENT-00143,EMP221,Anam Akhtar,Promotion,2024-11-15,DEPARTMENT-001,HR,DEPARTMENT-001,HR,ORGANIZATIONAL-UNIT-HR,ORGANIZATIONAL-UNIT-HR,POS-220,HISTORICAL-PROMOTION-HR-03-01,Annual promotion cycle,No,Current Employee Record,Synthetic Workforce Movement Generator
MOVEMENT-00144,EMP213,Talha Khalid,Promotion,2024-11-21,DEPARTMENT-001,HR,DEPARTMENT-001,HR,ORGANIZATIONAL-UNIT-HR,ORGANIZATIONAL-UNIT-HR,POS-212,HISTORICAL-PROMOTION-HR-03-02,Merit promotion,No,Current Employee Record,Synthetic Workforce Movement Generator
MOVEMENT-00145,EMP053,Zeeshan Abbasi,Promotion,2024-11-15,DEPARTMENT-001,HR,DEPARTMENT-001,HR,ORGANIZATIONAL-UNIT-HR,ORGANIZATIONAL-UNIT-HR,POS-053,HISTORICAL-PROMOTION-HR-03-03,Role expansion,No,Current Employee Record,Synthetic Workforce Movement Generator
MOVEMENT-00146,HISTORICAL-EMPLOYEE-0090,Historical Finance Employee 0090,Join,2024-11-19,,,DEPARTMENT-002,Finance,,ORGANIZATIONAL-UNIT-FIN,,,Approved recruitment plan,No,Historical Movement Subject,Synthetic Workforce Movement Generator
MOVEMENT-00147,HISTORICAL-EMPLOYEE-0091,Historical Finance Employee 0091,Join,2024-11-22,,,DEPARTMENT-002,Finance,,ORGANIZATIONAL-UNIT-FIN,,,Internship intake,No,Historical Movement Subject,Synthetic Workforce Movement Generator
MOVEMENT-00148,HISTORICAL-EMPLOYEE-0092,Historical Finance Employee 0092,Join,2024-11-22,,,DEPARTMENT-002,Finance,,ORGANIZATIONAL-UNIT-FIN,,,Internship intake,No,Historical Movement Subject,Synthetic Workforce Movement Generator
MOVEMENT-00149,HISTORICAL-EMPLOYEE-0093,Historical Finance Employee 0093,Join,2024-11-25,,,DEPARTMENT-002,Finance,,ORGANIZATIONAL-UNIT-FIN,,,Internship intake,No,Historical Movement Subject,Synthetic Workforce Movement Generator
MOVEMENT-00150,HISTORICAL-EMPLOYEE-0094,Historical Finance Employee 0094,Join,2024-11-11,,,DEPARTMENT-002,Finance,,ORGANIZATIONAL-UNIT-FIN,,,Internship intake,No,Historical Movement Subject,Synthetic Workforce Movement Generator
MOVEMENT-00151,HISTORICAL-EMPLOYEE-0095,Historical Finance Employee 0095,Leave,2024-11-16,DEPARTMENT-002,Finance,,,ORGANIZATIONAL-UNIT-FIN,,,,Career opportunity,Yes,Historical Movement Subject,Synthetic Workforce Movement Generator
MOVEMENT-00152,HISTORICAL-EMPLOYEE-0096,Historical Finance Employee 0096,Leave,2024-11-20,DEPARTMENT-002,Finance,,,ORGANIZATIONAL-UNIT-FIN,,,,Career opportunity,Yes,Historical Movement Subject,Synthetic Workforce Movement Generator
MOVEMENT-00153,EMP233,Eman Akhtar,Promotion,2024-11-18,DEPARTMENT-002,Finance,DEPARTMENT-002,Finance,ORGANIZATIONAL-UNIT-FIN,ORGANIZATIONAL-UNIT-FIN,POS-231,HISTORICAL-PROMOTION-FIN-03-01,Annual promotion cycle,No,Current Employee Record,Synthetic Workforce Movement Generator
MOVEMENT-00154,EMP044,Hafsa Khan,Promotion,2024-11-08,DEPARTMENT-002,Finance,DEPARTMENT-002,Finance,ORGANIZATIONAL-UNIT-FIN,ORGANIZATIONAL-UNIT-FIN,POS-044,HISTORICAL-PROMOTION-FIN-03-02,Role expansion,No,Current Employee Record,Synthetic Workforce Movement Generator
MOVEMENT-00155,EMP140,Noman Rehman,Promotion,2024-11-13,DEPARTMENT-002,Finance,DEPARTMENT-002,Finance,ORGANIZATIONAL-UNIT-FIN,ORGANIZATIONAL-UNIT-FIN,POS-140,HISTORICAL-PROMOTION-FIN-03-03,Merit promotion,No,Current Employee Record,Synthetic Workforce Movement Generator
MOVEMENT-00156,HISTORICAL-EMPLOYEE-0097,Historical Sales Employee 0097,Join,2024-11-14,,,DEPARTMENT-003,Sales,,ORGANIZATIONAL-UNIT-SAL,,,Internship intake,No,Historical Movement Subject,Synthetic Workforce Movement Generator
MOVEMENT-00157,HISTORICAL-EMPLOYEE-0098,Historical Sales Employee 0098,Join,2024-11-12,,,DEPARTMENT-003,Sales,,ORGANIZATIONAL-UNIT-SAL,,,Growth hiring,No,Historical Movement Subject,Synthetic Workforce Movement Generator
MOVEMENT-00158,HISTORICAL-EMPLOYEE-0099,Historical Sales Employee 0099,Join,2024-11-19,,,DEPARTMENT-003,Sales,,ORGANIZATIONAL-UNIT-SAL,,,Approved recruitment plan,No,Historical Movement Subject,Synthetic Workforce Movement Generator
MOVEMENT-00159,EMP176,Ahsan Aziz,Promotion,2024-11-07,DEPARTMENT-003,Sales,DEPARTMENT-003,Sales,ORGANIZATIONAL-UNIT-SAL,ORGANIZATIONAL-UNIT-SAL,POS-176,HISTORICAL-PROMOTION-SAL-03-01,Role expansion,No,Current Employee Record,Synthetic Workforce Movement Generator
MOVEMENT-00160,HISTORICAL-EMPLOYEE-0100,Historical Customer Employee 0100,Leave,2024-11-24,DEPARTMENT-004,Customer Support,,,ORGANIZATIONAL-UNIT-CS,,,,Contract completion,Yes,Historical Movement Subject,Synthetic Workforce Movement Generator
MOVEMENT-00161,EMP083,Raza Aziz,Promotion,2024-11-22,DEPARTMENT-004,Customer Support,DEPARTMENT-004,Customer Support,ORGANIZATIONAL-UNIT-CS,ORGANIZATIONAL-UNIT-CS,POS-083,HISTORICAL-PROMOTION-CS-03-01,Annual promotion cycle,No,Current Employee Record,Synthetic Workforce Movement Generator
MOVEMENT-00162,HISTORICAL-EMPLOYEE-0101,Historical Engineering Employee 0101,Join,2024-11-23,,,DEPARTMENT-005,Engineering,,ORGANIZATIONAL-UNIT-ENG,,,Replacement hire,No,Historical Movement Subject,Synthetic Workforce Movement Generator
MOVEMENT-00163,HISTORICAL-EMPLOYEE-0102,Historical Engineering Employee 0102,Join,2024-11-17,,,DEPARTMENT-005,Engineering,,ORGANIZATIONAL-UNIT-ENG,,,Approved recruitment plan,No,Historical Movement Subject,Synthetic Workforce Movement Generator
MOVEMENT-00164,HISTORICAL-EMPLOYEE-0103,Historical Engineering Employee 0103,Join,2024-11-09,,,DEPARTMENT-005,Engineering,,ORGANIZATIONAL-UNIT-ENG,,,Internship intake,No,Historical Movement Subject,Synthetic Workforce Movement Generator
MOVEMENT-00165,HISTORICAL-EMPLOYEE-0104,Historical Engineering Employee 0104,Leave,2024-11-25,DEPARTMENT-005,Engineering,,,ORGANIZATIONAL-UNIT-ENG,,,,Career opportunity,Yes,Historical Movement Subject,Synthetic Workforce Movement Generator
MOVEMENT-00166,HISTORICAL-EMPLOYEE-0105,Historical Engineering Employee 0105,Leave,2024-11-23,DEPARTMENT-005,Engineering,,,ORGANIZATIONAL-UNIT-ENG,,,,Retirement,Yes,Historical Movement Subject,Synthetic Workforce Movement Generator
MOVEMENT-00167,EMP014,Shahid Ali,Promotion,2024-11-20,DEPARTMENT-005,Engineering,DEPARTMENT-005,Engineering,ORGANIZATIONAL-UNIT-ENG,ORGANIZATIONAL-UNIT-ENG,POS-014,HISTORICAL-PROMOTION-ENG-03-01,Merit promotion,No,Current Employee Record,Synthetic Workforce Movement Generator
MOVEMENT-00168,EMP151,Farhan Rehman,Promotion,2024-11-18,DEPARTMENT-005,Engineering,DEPARTMENT-005,Engineering,ORGANIZATIONAL-UNIT-ENG,ORGANIZATIONAL-UNIT-ENG,POS-151,HISTORICAL-PROMOTION-ENG-03-02,Role expansion,No,Current Employee Record,Synthetic Workforce Movement Generator
MOVEMENT-00169,EMP163,Sidra Sheikh,Promotion,2024-11-11,DEPARTMENT-005,Engineering,DEPARTMENT-005,Engineering,ORGANIZATIONAL-UNIT-ENG,ORGANIZATIONAL-UNIT-ENG,POS-163,HISTORICAL-PROMOTION-ENG-03-03,Role expansion,No,Current Employee Record,Synthetic Workforce Movement Generator
MOVEMENT-00170,EMP075,Asad Raza,Join,2024-11-04,,,DEPARTMENT-006,Operations,,ORGANIZATIONAL-UNIT-OPS,,,Approved recruitment plan,No,Current Employee Record,Synthetic Workforce Movement Generator
MOVEMENT-00171,HISTORICAL-EMPLOYEE-0106,Historical Operations Employee 0106,Join,2024-11-19,,,DEPARTMENT-006,Operations,,ORGANIZATIONAL-UNIT-OPS,,,Replacement hire,No,Historical Movement Subject,Synthetic Workforce Movement Generator
MOVEMENT-00172,HISTORICAL-EMPLOYEE-0107,Historical Operations Employee 0107,Join,2024-11-04,,,DEPARTMENT-006,Operations,,ORGANIZATIONAL-UNIT-OPS,,,Replacement hire,No,Historical Movement Subject,Synthetic Workforce Movement Generator
MOVEMENT-00173,HISTORICAL-EMPLOYEE-0108,Historical Operations Employee 0108,Leave,2024-11-17,DEPARTMENT-006,Operations,,,ORGANIZATIONAL-UNIT-OPS,,,,Resignation,Yes,Historical Movement Subject,Synthetic Workforce Movement Generator
MOVEMENT-00174,EMP088,Sana Mughal,Promotion,2024-11-23,DEPARTMENT-006,Operations,DEPARTMENT-006,Operations,ORGANIZATIONAL-UNIT-OPS,ORGANIZATIONAL-UNIT-OPS,POS-088,HISTORICAL-PROMOTION-OPS-03-01,Annual promotion cycle,No,Current Employee Record,Synthetic Workforce Movement Generator
MOVEMENT-00175,EMP088,Sana Mughal,Promotion,2024-11-08,DEPARTMENT-006,Operations,DEPARTMENT-006,Operations,ORGANIZATIONAL-UNIT-OPS,ORGANIZATIONAL-UNIT-OPS,POS-088,HISTORICAL-PROMOTION-OPS-03-02,Role expansion,No,Current Employee Record,Synthetic Workforce Movement Generator
MOVEMENT-00176,EMP301,Talha Ali,Join,2024-11-10,,,DEPARTMENT-007,IT,,ORGANIZATIONAL-UNIT-IT,,,Internship intake,No,Current Employee Record,Synthetic Workforce Movement Generator
MOVEMENT-00177,HISTORICAL-EMPLOYEE-0109,Historical IT Employee 0109,Leave,2024-11-05,DEPARTMENT-007,IT,,,ORGANIZATIONAL-UNIT-IT,,,,Retirement,Yes,Historical Movement Subject,Synthetic Workforce Movement Generator
MOVEMENT-00178,EMP311,Junaid Zafar,Promotion,2024-11-06,DEPARTMENT-007,IT,DEPARTMENT-007,IT,ORGANIZATIONAL-UNIT-IT,ORGANIZATIONAL-UNIT-IT,POS-304,HISTORICAL-PROMOTION-IT-03-01,Role expansion,No,Current Employee Record,Synthetic Workforce Movement Generator
MOVEMENT-00179,HISTORICAL-EMPLOYEE-0110,Historical Medical Employee 0110,Join,2024-11-21,,,DEPARTMENT-008,Medical Care,,ORGANIZATIONAL-UNIT-MED,,,Growth hiring,No,Historical Movement Subject,Synthetic Workforce Movement Generator
MOVEMENT-00180,HISTORICAL-EMPLOYEE-0111,Historical Medical Employee 0111,Join,2024-11-25,,,DEPARTMENT-008,Medical Care,,ORGANIZATIONAL-UNIT-MED,,,Growth hiring,No,Historical Movement Subject,Synthetic Workforce Movement Generator
MOVEMENT-00181,HISTORICAL-EMPLOYEE-0112,Historical Medical Employee 0112,Leave,2024-11-24,DEPARTMENT-008,Medical Care,,,ORGANIZATIONAL-UNIT-MED,,,,Retirement,Yes,Historical Movement Subject,Synthetic Workforce Movement Generator
MOVEMENT-00182,HISTORICAL-EMPLOYEE-0113,Historical Medical Employee 0113,Leave,2024-11-22,DEPARTMENT-008,Medical Care,,,ORGANIZATIONAL-UNIT-MED,,,,Retirement,Yes,Historical Movement Subject,Synthetic Workforce Movement Generator
MOVEMENT-00183,HISTORICAL-EMPLOYEE-0114,Historical Medical Employee 0114,Leave,2024-11-24,DEPARTMENT-008,Medical Care,,,ORGANIZATIONAL-UNIT-MED,,,,Career opportunity,Yes,Historical Movement Subject,Synthetic Workforce Movement Generator
MOVEMENT-00184,EMP341,Kashif Latif,Promotion,2024-11-17,DEPARTMENT-008,Medical Care,DEPARTMENT-008,Medical Care,ORGANIZATIONAL-UNIT-MED,ORGANIZATIONAL-UNIT-MED,POS-333,HISTORICAL-PROMOTION-MED-03-01,Role expansion,No,Current Employee Record,Synthetic Workforce Movement Generator
MOVEMENT-00185,EMP329,Ali Aziz,Promotion,2024-11-10,DEPARTMENT-008,Medical Care,DEPARTMENT-008,Medical Care,ORGANIZATIONAL-UNIT-MED,ORGANIZATIONAL-UNIT-MED,POS-321,HISTORICAL-PROMOTION-MED-03-02,Merit promotion,No,Current Employee Record,Synthetic Workforce Movement Generator
MOVEMENT-00186,HISTORICAL-EMPLOYEE-0115,Historical Training Employee 0115,Join,2024-11-15,,,DEPARTMENT-009,Training & Development,,ORGANIZATIONAL-UNIT-TRN,,,Replacement hire,No,Historical Movement Subject,Synthetic Workforce Movement Generator
MOVEMENT-00187,HISTORICAL-EMPLOYEE-0116,Historical Training Employee 0116,Join,2024-11-19,,,DEPARTMENT-009,Training & Development,,ORGANIZATIONAL-UNIT-TRN,,,Internship intake,No,Historical Movement Subject,Synthetic Workforce Movement Generator
MOVEMENT-00188,HISTORICAL-EMPLOYEE-0117,Historical Training Employee 0117,Join,2024-11-08,,,DEPARTMENT-009,Training & Development,,ORGANIZATIONAL-UNIT-TRN,,,Internship intake,No,Historical Movement Subject,Synthetic Workforce Movement Generator
MOVEMENT-00189,HISTORICAL-EMPLOYEE-0118,Historical Training Employee 0118,Leave,2024-11-19,DEPARTMENT-009,Training & Development,,,ORGANIZATIONAL-UNIT-TRN,,,,Contract completion,No,Historical Movement Subject,Synthetic Workforce Movement Generator
MOVEMENT-00190,HISTORICAL-EMPLOYEE-0119,Historical Training Employee 0119,Leave,2024-11-11,DEPARTMENT-009,Training & Development,,,ORGANIZATIONAL-UNIT-TRN,,,,Resignation,Yes,Historical Movement Subject,Synthetic Workforce Movement Generator
MOVEMENT-00191,HISTORICAL-EMPLOYEE-0120,Historical Training Employee 0120,Leave,2024-11-07,DEPARTMENT-009,Training & Development,,,ORGANIZATIONAL-UNIT-TRN,,,,Contract completion,No,Historical Movement Subject,Synthetic Workforce Movement Generator
MOVEMENT-00192,EMP396,Minal Ahmed,Promotion,2024-11-22,DEPARTMENT-009,Training & Development,DEPARTMENT-009,Training & Development,ORGANIZATIONAL-UNIT-TRN,ORGANIZATIONAL-UNIT-TRN,POS-387,HISTORICAL-PROMOTION-TRN-03-01,Role expansion,No,Current Employee Record,Synthetic Workforce Movement Generator
MOVEMENT-00193,HISTORICAL-EMPLOYEE-0121,Historical Administration Employee 0121,Join,2024-11-15,,,DEPARTMENT-010,Administration & Facilities,,ORGANIZATIONAL-UNIT-ADM,,,Approved recruitment plan,No,Historical Movement Subject,Synthetic Workforce Movement Generator
MOVEMENT-00194,HISTORICAL-EMPLOYEE-0122,Historical Administration Employee 0122,Join,2024-11-13,,,DEPARTMENT-010,Administration & Facilities,,ORGANIZATIONAL-UNIT-ADM,,,Approved recruitment plan,No,Historical Movement Subject,Synthetic Workforce Movement Generator
MOVEMENT-00195,EMP447,Junaid Qureshi,Promotion,2024-11-24,DEPARTMENT-010,Administration & Facilities,DEPARTMENT-010,Administration & Facilities,ORGANIZATIONAL-UNIT-ADM,ORGANIZATIONAL-UNIT-ADM,POS-437,HISTORICAL-PROMOTION-ADM-03-01,Annual promotion cycle,No,Current Employee Record,Synthetic Workforce Movement Generator
MOVEMENT-00196,EMP492,Hamza Javed,Join,2024-11-05,,,DEPARTMENT-011,Legal & Compliance,,ORGANIZATIONAL-UNIT-LGL,,,Replacement hire,No,Current Employee Record,Synthetic Workforce Movement Generator
MOVEMENT-00197,HISTORICAL-EMPLOYEE-0123,Historical Legal Employee 0123,Join,2024-11-07,,,DEPARTMENT-011,Legal & Compliance,,ORGANIZATIONAL-UNIT-LGL,,,Internship intake,No,Historical Movement Subject,Synthetic Workforce Movement Generator
MOVEMENT-00198,HISTORICAL-EMPLOYEE-0124,Historical Procurement Employee 0124,Join,2024-11-23,,,DEPARTMENT-012,Procurement & Supply Chain,,ORGANIZATIONAL-UNIT-PRC,,,Replacement hire,No,Historical Movement Subject,Synthetic Workforce Movement Generator
MOVEMENT-00199,EMP532,Nida Habib,Promotion,2024-11-25,DEPARTMENT-012,Procurement & Supply Chain,DEPARTMENT-012,Procurement & Supply Chain,ORGANIZATIONAL-UNIT-PRC,ORGANIZATIONAL-UNIT-PRC,POS-520,HISTORICAL-PROMOTION-PRC-03-01,Merit promotion,No,Current Employee Record,Synthetic Workforce Movement Generator
MOVEMENT-00200,HISTORICAL-EMPLOYEE-0125,Historical Logistics Employee 0125,Join,2024-11-21,,,DEPARTMENT-013,Logistics & Warehouse,,ORGANIZATIONAL-UNIT-LOG,,,Approved recruitment plan,No,Historical Movement Subject,Synthetic Workforce Movement Generator
MOVEMENT-00201,HISTORICAL-EMPLOYEE-0126,Historical Logistics Employee 0126,Join,2024-11-19,,,DEPARTMENT-013,Logistics & Warehouse,,ORGANIZATIONAL-UNIT-LOG,,,Growth hiring,No,Historical Movement Subject,Synthetic Workforce Movement Generator
MOVEMENT-00202,EMP573,Junaid Javed,Promotion,2024-11-13,DEPARTMENT-013,Logistics & Warehouse,DEPARTMENT-013,Logistics & Warehouse,ORGANIZATIONAL-UNIT-LOG,ORGANIZATIONAL-UNIT-LOG,POS-560,HISTORICAL-PROMOTION-LOG-03-01,Annual promotion cycle,No,Current Employee Record,Synthetic Workforce Movement Generator
MOVEMENT-00203,EMP579,Farhan Aziz,Promotion,2024-11-08,DEPARTMENT-013,Logistics & Warehouse,DEPARTMENT-013,Logistics & Warehouse,ORGANIZATIONAL-UNIT-LOG,ORGANIZATIONAL-UNIT-LOG,POS-566,HISTORICAL-PROMOTION-LOG-03-02,Annual promotion cycle,No,Current Employee Record,Synthetic Workforce Movement Generator
MOVEMENT-00204,HISTORICAL-EMPLOYEE-0127,Historical Production Employee 0127,Join,2024-11-16,,,DEPARTMENT-014,Production & Manufacturing,,ORGANIZATIONAL-UNIT-PRD,,,Growth hiring,No,Historical Movement Subject,Synthetic Workforce Movement Generator
MOVEMENT-00205,HISTORICAL-EMPLOYEE-0128,Historical Production Employee 0128,Join,2024-11-18,,,DEPARTMENT-014,Production & Manufacturing,,ORGANIZATIONAL-UNIT-PRD,,,Replacement hire,No,Historical Movement Subject,Synthetic Workforce Movement Generator
MOVEMENT-00206,HISTORICAL-EMPLOYEE-0129,Historical Production Employee 0129,Join,2024-11-16,,,DEPARTMENT-014,Production & Manufacturing,,ORGANIZATIONAL-UNIT-PRD,,,Replacement hire,No,Historical Movement Subject,Synthetic Workforce Movement Generator
MOVEMENT-00207,HISTORICAL-EMPLOYEE-0130,Historical Production Employee 0130,Join,2024-11-23,,,DEPARTMENT-014,Production & Manufacturing,,ORGANIZATIONAL-UNIT-PRD,,,Growth hiring,No,Historical Movement Subject,Synthetic Workforce Movement Generator
MOVEMENT-00208,HISTORICAL-EMPLOYEE-0131,Historical Production Employee 0131,Join,2024-11-09,,,DEPARTMENT-014,Production & Manufacturing,,ORGANIZATIONAL-UNIT-PRD,,,Internship intake,No,Historical Movement Subject,Synthetic Workforce Movement Generator
MOVEMENT-00209,HISTORICAL-EMPLOYEE-0132,Historical Production Employee 0132,Leave,2024-11-10,DEPARTMENT-014,Production & Manufacturing,,,ORGANIZATIONAL-UNIT-PRD,,,,Resignation,Yes,Historical Movement Subject,Synthetic Workforce Movement Generator
MOVEMENT-00210,HISTORICAL-EMPLOYEE-0133,Historical Production Employee 0133,Leave,2024-11-11,DEPARTMENT-014,Production & Manufacturing,,,ORGANIZATIONAL-UNIT-PRD,,,,Career opportunity,Yes,Historical Movement Subject,Synthetic Workforce Movement Generator
MOVEMENT-00211,HISTORICAL-EMPLOYEE-0134,Historical Production Employee 0134,Leave,2024-11-25,DEPARTMENT-014,Production & Manufacturing,,,ORGANIZATIONAL-UNIT-PRD,,,,Contract completion,No,Historical Movement Subject,Synthetic Workforce Movement Generator
MOVEMENT-00212,EMP593,Maha Saeed,Promotion,2024-11-07,DEPARTMENT-014,Production & Manufacturing,DEPARTMENT-014,Production & Manufacturing,ORGANIZATIONAL-UNIT-PRD,ORGANIZATIONAL-UNIT-PRD,POS-579,HISTORICAL-PROMOTION-PRD-03-01,Role expansion,No,Current Employee Record,Synthetic Workforce Movement Generator
MOVEMENT-00213,EMP613,Sidra Saeed,Promotion,2024-11-17,DEPARTMENT-014,Production & Manufacturing,DEPARTMENT-014,Production & Manufacturing,ORGANIZATIONAL-UNIT-PRD,ORGANIZATIONAL-UNIT-PRD,POS-599,HISTORICAL-PROMOTION-PRD-03-02,Role expansion,No,Current Employee Record,Synthetic Workforce Movement Generator
MOVEMENT-00214,HISTORICAL-EMPLOYEE-0135,Historical Quality Employee 0135,Join,2024-11-16,,,DEPARTMENT-015,Quality Assurance,,ORGANIZATIONAL-UNIT-QAS,,,Growth hiring,No,Historical Movement Subject,Synthetic Workforce Movement Generator
MOVEMENT-00215,HISTORICAL-EMPLOYEE-0136,Historical Quality Employee 0136,Join,2024-11-14,,,DEPARTMENT-015,Quality Assurance,,ORGANIZATIONAL-UNIT-QAS,,,Growth hiring,No,Historical Movement Subject,Synthetic Workforce Movement Generator
MOVEMENT-00216,HISTORICAL-EMPLOYEE-0137,Historical Quality Employee 0137,Join,2024-11-22,,,DEPARTMENT-015,Quality Assurance,,ORGANIZATIONAL-UNIT-QAS,,,Internship intake,No,Historical Movement Subject,Synthetic Workforce Movement Generator
MOVEMENT-00217,HISTORICAL-EMPLOYEE-0138,Historical Quality Employee 0138,Join,2024-11-13,,,DEPARTMENT-015,Quality Assurance,,ORGANIZATIONAL-UNIT-QAS,,,Internship intake,No,Historical Movement Subject,Synthetic Workforce Movement Generator
MOVEMENT-00218,HISTORICAL-EMPLOYEE-0139,Historical Quality Employee 0139,Leave,2024-11-06,DEPARTMENT-015,Quality Assurance,,,ORGANIZATIONAL-UNIT-QAS,,,,Retirement,Yes,Historical Movement Subject,Synthetic Workforce Movement Generator
MOVEMENT-00219,HISTORICAL-EMPLOYEE-0140,Historical Quality Employee 0140,Leave,2024-11-11,DEPARTMENT-015,Quality Assurance,,,ORGANIZATIONAL-UNIT-QAS,,,,Contract completion,Yes,Historical Movement Subject,Synthetic Workforce Movement Generator
MOVEMENT-00220,HISTORICAL-EMPLOYEE-0141,Historical Quality Employee 0141,Leave,2024-11-24,DEPARTMENT-015,Quality Assurance,,,ORGANIZATIONAL-UNIT-QAS,,,,Retirement,Yes,Historical Movement Subject,Synthetic Workforce Movement Generator
MOVEMENT-00221,HISTORICAL-EMPLOYEE-0142,Historical Research Employee 0142,Join,2024-11-06,,,DEPARTMENT-016,Research & Development,,ORGANIZATIONAL-UNIT-RND,,,Internship intake,No,Historical Movement Subject,Synthetic Workforce Movement Generator
MOVEMENT-00222,HISTORICAL-EMPLOYEE-0143,Historical Research Employee 0143,Join,2024-11-06,,,DEPARTMENT-016,Research & Development,,ORGANIZATIONAL-UNIT-RND,,,Approved recruitment plan,No,Historical Movement Subject,Synthetic Workforce Movement Generator
MOVEMENT-00223,HISTORICAL-EMPLOYEE-0144,Historical Research Employee 0144,Join,2024-11-12,,,DEPARTMENT-016,Research & Development,,ORGANIZATIONAL-UNIT-RND,,,Growth hiring,No,Historical Movement Subject,Synthetic Workforce Movement Generator
MOVEMENT-00224,HISTORICAL-EMPLOYEE-0145,Historical Research Employee 0145,Join,2024-11-04,,,DEPARTMENT-016,Research & Development,,ORGANIZATIONAL-UNIT-RND,,,Growth hiring,No,Historical Movement Subject,Synthetic Workforce Movement Generator
MOVEMENT-00225,HISTORICAL-EMPLOYEE-0146,Historical Research Employee 0146,Leave,2024-11-03,DEPARTMENT-016,Research & Development,,,ORGANIZATIONAL-UNIT-RND,,,,Resignation,Yes,Historical Movement Subject,Synthetic Workforce Movement Generator
MOVEMENT-00226,HISTORICAL-EMPLOYEE-0147,Historical Research Employee 0147,Leave,2024-11-08,DEPARTMENT-016,Research & Development,,,ORGANIZATIONAL-UNIT-RND,,,,Career opportunity,Yes,Historical Movement Subject,Synthetic Workforce Movement Generator
MOVEMENT-00227,EMP712,Minal Hussain,Promotion,2024-11-23,DEPARTMENT-016,Research & Development,DEPARTMENT-016,Research & Development,ORGANIZATIONAL-UNIT-RND,ORGANIZATIONAL-UNIT-RND,POS-696,HISTORICAL-PROMOTION-RND-03-01,Annual promotion cycle,No,Current Employee Record,Synthetic Workforce Movement Generator
MOVEMENT-00228,EMP703,Laiba Baig,Promotion,2024-11-21,DEPARTMENT-016,Research & Development,DEPARTMENT-016,Research & Development,ORGANIZATIONAL-UNIT-RND,ORGANIZATIONAL-UNIT-RND,POS-687,HISTORICAL-PROMOTION-RND-03-02,Annual promotion cycle,No,Current Employee Record,Synthetic Workforce Movement Generator
MOVEMENT-00229,EMP715,Ali Munir,Promotion,2024-11-24,DEPARTMENT-016,Research & Development,DEPARTMENT-016,Research & Development,ORGANIZATIONAL-UNIT-RND,ORGANIZATIONAL-UNIT-RND,POS-699,HISTORICAL-PROMOTION-RND-03-03,Annual promotion cycle,No,Current Employee Record,Synthetic Workforce Movement Generator
MOVEMENT-00230,EMP428,Kinza Munir,Transfer,2024-12-20,DEPARTMENT-010,Administration & Facilities,DEPARTMENT-004,Customer Support,ORGANIZATIONAL-UNIT-ADM,ORGANIZATIONAL-UNIT-CS,POS-418,HISTORICAL-DESTINATION-CS-04,Employee request,Yes,Current Employee Record,Synthetic Workforce Movement Generator
MOVEMENT-00231,EMP111,Sadia Bashir,Transfer,2024-12-20,DEPARTMENT-003,Sales,DEPARTMENT-013,Logistics & Warehouse,ORGANIZATIONAL-UNIT-SAL,ORGANIZATIONAL-UNIT-LOG,POS-111,HISTORICAL-DESTINATION-LOG-04,Workforce balancing,Yes,Current Employee Record,Synthetic Workforce Movement Generator
MOVEMENT-00232,EMP123,Sehrish Ullah,Transfer,2024-12-11,DEPARTMENT-002,Finance,DEPARTMENT-003,Sales,ORGANIZATIONAL-UNIT-FIN,ORGANIZATIONAL-UNIT-SAL,POS-123,HISTORICAL-DESTINATION-SAL-04,Career development,Yes,Current Employee Record,Synthetic Workforce Movement Generator
MOVEMENT-00233,EMP581,Noor Khalid,Transfer,2024-12-09,DEPARTMENT-013,Logistics & Warehouse,DEPARTMENT-008,Medical Care,ORGANIZATIONAL-UNIT-LOG,ORGANIZATIONAL-UNIT-MED,POS-568,HISTORICAL-DESTINATION-MED-04,Employee request,Yes,Current Employee Record,Synthetic Workforce Movement Generator
MOVEMENT-00234,EMP392,Danish Zafar,Transfer,2024-12-25,DEPARTMENT-009,Training & Development,DEPARTMENT-016,Research & Development,ORGANIZATIONAL-UNIT-TRN,ORGANIZATIONAL-UNIT-RND,POS-383,HISTORICAL-DESTINATION-RND-04,Employee request,Yes,Current Employee Record,Synthetic Workforce Movement Generator
MOVEMENT-00235,EMP694,Omar Khan,Transfer,2024-12-18,DEPARTMENT-016,Research & Development,DEPARTMENT-009,Training & Development,ORGANIZATIONAL-UNIT-RND,ORGANIZATIONAL-UNIT-TRN,POS-678,HISTORICAL-DESTINATION-TRN-04,Employee request,Yes,Current Employee Record,Synthetic Workforce Movement Generator
MOVEMENT-00236,EMP002,Bilal Aziz,Transfer,2024-12-15,DEPARTMENT-003,Sales,DEPARTMENT-001,HR,ORGANIZATIONAL-UNIT-SAL,ORGANIZATIONAL-UNIT-HR,POS-002,HISTORICAL-DESTINATION-HR-04,Career development,Yes,Current Employee Record,Synthetic Workforce Movement Generator
MOVEMENT-00237,HISTORICAL-EMPLOYEE-0148,Historical HR Employee 0148,Join,2024-12-11,,,DEPARTMENT-001,HR,,ORGANIZATIONAL-UNIT-HR,,,Internship intake,No,Historical Movement Subject,Synthetic Workforce Movement Generator
MOVEMENT-00238,HISTORICAL-EMPLOYEE-0149,Historical HR Employee 0149,Join,2024-12-14,,,DEPARTMENT-001,HR,,ORGANIZATIONAL-UNIT-HR,,,Approved recruitment plan,No,Historical Movement Subject,Synthetic Workforce Movement Generator
MOVEMENT-00239,HISTORICAL-EMPLOYEE-0150,Historical HR Employee 0150,Join,2024-12-07,,,DEPARTMENT-001,HR,,ORGANIZATIONAL-UNIT-HR,,,Internship intake,No,Historical Movement Subject,Synthetic Workforce Movement Generator
MOVEMENT-00240,HISTORICAL-EMPLOYEE-0151,Historical HR Employee 0151,Leave,2024-12-19,DEPARTMENT-001,HR,,,ORGANIZATIONAL-UNIT-HR,,,,Career opportunity,Yes,Historical Movement Subject,Synthetic Workforce Movement Generator
MOVEMENT-00241,HISTORICAL-EMPLOYEE-0152,Historical HR Employee 0152,Leave,2024-12-13,DEPARTMENT-001,HR,,,ORGANIZATIONAL-UNIT-HR,,,,Contract completion,Yes,Historical Movement Subject,Synthetic Workforce Movement Generator
MOVEMENT-00242,HISTORICAL-EMPLOYEE-0153,Historical Finance Employee 0153,Join,2024-12-10,,,DEPARTMENT-002,Finance,,ORGANIZATIONAL-UNIT-FIN,,,Replacement hire,No,Historical Movement Subject,Synthetic Workforce Movement Generator
MOVEMENT-00243,HISTORICAL-EMPLOYEE-0154,Historical Finance Employee 0154,Join,2024-12-02,,,DEPARTMENT-002,Finance,,ORGANIZATIONAL-UNIT-FIN,,,Internship intake,No,Historical Movement Subject,Synthetic Workforce Movement Generator
MOVEMENT-00244,HISTORICAL-EMPLOYEE-0155,Historical Finance Employee 0155,Join,2024-12-11,,,DEPARTMENT-002,Finance,,ORGANIZATIONAL-UNIT-FIN,,,Internship intake,No,Historical Movement Subject,Synthetic Workforce Movement Generator
MOVEMENT-00245,HISTORICAL-EMPLOYEE-0156,Historical Finance Employee 0156,Join,2024-12-22,,,DEPARTMENT-002,Finance,,ORGANIZATIONAL-UNIT-FIN,,,Growth hiring,No,Historical Movement Subject,Synthetic Workforce Movement Generator
MOVEMENT-00246,HISTORICAL-EMPLOYEE-0157,Historical Finance Employee 0157,Leave,2024-12-02,DEPARTMENT-002,Finance,,,ORGANIZATIONAL-UNIT-FIN,,,,Resignation,Yes,Historical Movement Subject,Synthetic Workforce Movement Generator
MOVEMENT-00247,HISTORICAL-EMPLOYEE-0158,Historical Finance Employee 0158,Leave,2024-12-09,DEPARTMENT-002,Finance,,,ORGANIZATIONAL-UNIT-FIN,,,,Contract completion,No,Historical Movement Subject,Synthetic Workforce Movement Generator
MOVEMENT-00248,HISTORICAL-EMPLOYEE-0159,Historical Finance Employee 0159,Leave,2024-12-04,DEPARTMENT-002,Finance,,,ORGANIZATIONAL-UNIT-FIN,,,,Contract completion,No,Historical Movement Subject,Synthetic Workforce Movement Generator
MOVEMENT-00249,EMP243,Mehwish Khalid,Promotion,2024-12-21,DEPARTMENT-002,Finance,DEPARTMENT-002,Finance,ORGANIZATIONAL-UNIT-FIN,ORGANIZATIONAL-UNIT-FIN,POS-241,HISTORICAL-PROMOTION-FIN-04-01,Role expansion,No,Current Employee Record,Synthetic Workforce Movement Generator
MOVEMENT-00250,HISTORICAL-EMPLOYEE-0160,Historical Sales Employee 0160,Join,2024-12-06,,,DEPARTMENT-003,Sales,,ORGANIZATIONAL-UNIT-SAL,,,Growth hiring,No,Historical Movement Subject,Synthetic Workforce Movement Generator
MOVEMENT-00251,HISTORICAL-EMPLOYEE-0161,Historical Sales Employee 0161,Join,2024-12-16,,,DEPARTMENT-003,Sales,,ORGANIZATIONAL-UNIT-SAL,,,Growth hiring,No,Historical Movement Subject,Synthetic Workforce Movement Generator
MOVEMENT-00252,EMP063,Ahmad Tariq,Promotion,2024-12-02,DEPARTMENT-003,Sales,DEPARTMENT-003,Sales,ORGANIZATIONAL-UNIT-SAL,ORGANIZATIONAL-UNIT-SAL,POS-063,HISTORICAL-PROMOTION-SAL-04-01,Merit promotion,No,Current Employee Record,Synthetic Workforce Movement Generator
MOVEMENT-00253,EMP167,Bilal Raza,Promotion,2024-12-21,DEPARTMENT-003,Sales,DEPARTMENT-003,Sales,ORGANIZATIONAL-UNIT-SAL,ORGANIZATIONAL-UNIT-SAL,POS-167,HISTORICAL-PROMOTION-SAL-04-02,Merit promotion,No,Current Employee Record,Synthetic Workforce Movement Generator
MOVEMENT-00254,EMP118,Zoya Ali,Join,2024-12-24,,,DEPARTMENT-004,Customer Support,,ORGANIZATIONAL-UNIT-CS,,,Growth hiring,No,Current Employee Record,Synthetic Workforce Movement Generator
MOVEMENT-00255,HISTORICAL-EMPLOYEE-0162,Historical Customer Employee 0162,Join,2024-12-03,,,DEPARTMENT-004,Customer Support,,ORGANIZATIONAL-UNIT-CS,,,Growth hiring,No,Historical Movement Subject,Synthetic Workforce Movement Generator
MOVEMENT-00256,EMP018,Sidra Tariq,Promotion,2024-12-10,DEPARTMENT-005,Engineering,DEPARTMENT-005,Engineering,ORGANIZATIONAL-UNIT-ENG,ORGANIZATIONAL-UNIT-ENG,POS-018,HISTORICAL-PROMOTION-ENG-04-01,Merit promotion,No,Current Employee Record,Synthetic Workforce Movement Generator
MOVEMENT-00257,EMP054,Waqas Aslam,Promotion,2024-12-14,DEPARTMENT-005,Engineering,DEPARTMENT-005,Engineering,ORGANIZATIONAL-UNIT-ENG,ORGANIZATIONAL-UNIT-ENG,POS-054,HISTORICAL-PROMOTION-ENG-04-02,Annual promotion cycle,No,Current Employee Record,Synthetic Workforce Movement Generator
MOVEMENT-00258,HISTORICAL-EMPLOYEE-0163,Historical Operations Employee 0163,Join,2024-12-12,,,DEPARTMENT-006,Operations,,ORGANIZATIONAL-UNIT-OPS,,,Internship intake,No,Historical Movement Subject,Synthetic Workforce Movement Generator
MOVEMENT-00259,HISTORICAL-EMPLOYEE-0164,Historical Operations Employee 0164,Leave,2024-12-07,DEPARTMENT-006,Operations,,,ORGANIZATIONAL-UNIT-OPS,,,,Resignation,No,Historical Movement Subject,Synthetic Workforce Movement Generator
MOVEMENT-00260,EMP186,Zara Masood,Join,2024-12-19,,,DEPARTMENT-007,IT,,ORGANIZATIONAL-UNIT-IT,,,Growth hiring,No,Current Employee Record,Synthetic Workforce Movement Generator
MOVEMENT-00261,HISTORICAL-EMPLOYEE-0165,Historical IT Employee 0165,Join,2024-12-13,,,DEPARTMENT-007,IT,,ORGANIZATIONAL-UNIT-IT,,,Approved recruitment plan,No,Historical Movement Subject,Synthetic Workforce Movement Generator
MOVEMENT-00262,HISTORICAL-EMPLOYEE-0166,Historical IT Employee 0166,Join,2024-12-24,,,DEPARTMENT-007,IT,,ORGANIZATIONAL-UNIT-IT,,,Growth hiring,No,Historical Movement Subject,Synthetic Workforce Movement Generator
MOVEMENT-00263,HISTORICAL-EMPLOYEE-0167,Historical IT Employee 0167,Leave,2024-12-07,DEPARTMENT-007,IT,,,ORGANIZATIONAL-UNIT-IT,,,,Contract completion,Yes,Historical Movement Subject,Synthetic Workforce Movement Generator
MOVEMENT-00264,HISTORICAL-EMPLOYEE-0168,Historical IT Employee 0168,Leave,2024-12-23,DEPARTMENT-007,IT,,,ORGANIZATIONAL-UNIT-IT,,,,Retirement,No,Historical Movement Subject,Synthetic Workforce Movement Generator
MOVEMENT-00265,EMP134,Talha Awan,Promotion,2024-12-15,DEPARTMENT-007,IT,DEPARTMENT-007,IT,ORGANIZATIONAL-UNIT-IT,ORGANIZATIONAL-UNIT-IT,POS-134,HISTORICAL-PROMOTION-IT-04-01,Role expansion,No,Current Employee Record,Synthetic Workforce Movement Generator
MOVEMENT-00266,HISTORICAL-EMPLOYEE-0169,Historical Medical Employee 0169,Join,2024-12-17,,,DEPARTMENT-008,Medical Care,,ORGANIZATIONAL-UNIT-MED,,,Replacement hire,No,Historical Movement Subject,Synthetic Workforce Movement Generator
MOVEMENT-00267,HISTORICAL-EMPLOYEE-0170,Historical Medical Employee 0170,Join,2024-12-05,,,DEPARTMENT-008,Medical Care,,ORGANIZATIONAL-UNIT-MED,,,Approved recruitment plan,No,Historical Movement Subject,Synthetic Workforce Movement Generator
MOVEMENT-00268,HISTORICAL-EMPLOYEE-0171,Historical Medical Employee 0171,Join,2024-12-06,,,DEPARTMENT-008,Medical Care,,ORGANIZATIONAL-UNIT-MED,,,Growth hiring,No,Historical Movement Subject,Synthetic Workforce Movement Generator
MOVEMENT-00269,HISTORICAL-EMPLOYEE-0172,Historical Medical Employee 0172,Join,2024-12-14,,,DEPARTMENT-008,Medical Care,,ORGANIZATIONAL-UNIT-MED,,,Approved recruitment plan,No,Historical Movement Subject,Synthetic Workforce Movement Generator
MOVEMENT-00270,HISTORICAL-EMPLOYEE-0173,Historical Medical Employee 0173,Join,2024-12-14,,,DEPARTMENT-008,Medical Care,,ORGANIZATIONAL-UNIT-MED,,,Growth hiring,No,Historical Movement Subject,Synthetic Workforce Movement Generator
MOVEMENT-00271,HISTORICAL-EMPLOYEE-0174,Historical Medical Employee 0174,Leave,2024-12-12,DEPARTMENT-008,Medical Care,,,ORGANIZATIONAL-UNIT-MED,,,,Contract completion,No,Historical Movement Subject,Synthetic Workforce Movement Generator
MOVEMENT-00272,HISTORICAL-EMPLOYEE-0175,Historical Medical Employee 0175,Leave,2024-12-14,DEPARTMENT-008,Medical Care,,,ORGANIZATIONAL-UNIT-MED,,,,Resignation,Yes,Historical Movement Subject,Synthetic Workforce Movement Generator
MOVEMENT-00273,HISTORICAL-EMPLOYEE-0176,Historical Medical Employee 0176,Leave,2024-12-04,DEPARTMENT-008,Medical Care,,,ORGANIZATIONAL-UNIT-MED,,,,Retirement,Yes,Historical Movement Subject,Synthetic Workforce Movement Generator
MOVEMENT-00274,EMP347,Maryam Tariq,Promotion,2024-12-23,DEPARTMENT-008,Medical Care,DEPARTMENT-008,Medical Care,ORGANIZATIONAL-UNIT-MED,ORGANIZATIONAL-UNIT-MED,POS-339,HISTORICAL-PROMOTION-MED-04-01,Merit promotion,No,Current Employee Record,Synthetic Workforce Movement Generator
MOVEMENT-00275,HISTORICAL-EMPLOYEE-0177,Historical Training Employee 0177,Join,2024-12-13,,,DEPARTMENT-009,Training & Development,,ORGANIZATIONAL-UNIT-TRN,,,Internship intake,No,Historical Movement Subject,Synthetic Workforce Movement Generator
MOVEMENT-00276,HISTORICAL-EMPLOYEE-0178,Historical Training Employee 0178,Join,2024-12-06,,,DEPARTMENT-009,Training & Development,,ORGANIZATIONAL-UNIT-TRN,,,Internship intake,No,Historical Movement Subject,Synthetic Workforce Movement Generator
MOVEMENT-00277,HISTORICAL-EMPLOYEE-0179,Historical Training Employee 0179,Join,2024-12-07,,,DEPARTMENT-009,Training & Development,,ORGANIZATIONAL-UNIT-TRN,,,Replacement hire,No,Historical Movement Subject,Synthetic Workforce Movement Generator
MOVEMENT-00278,HISTORICAL-EMPLOYEE-0180,Historical Training Employee 0180,Leave,2024-12-21,DEPARTMENT-009,Training & Development,,,ORGANIZATIONAL-UNIT-TRN,,,,Resignation,Yes,Historical Movement Subject,Synthetic Workforce Movement Generator
MOVEMENT-00279,HISTORICAL-EMPLOYEE-0181,Historical Training Employee 0181,Leave,2024-12-25,DEPARTMENT-009,Training & Development,,,ORGANIZATIONAL-UNIT-TRN,,,,Retirement,No,Historical Movement Subject,Synthetic Workforce Movement Generator
MOVEMENT-00280,EMP368,Saba Hashmi,Promotion,2024-12-21,DEPARTMENT-009,Training & Development,DEPARTMENT-009,Training & Development,ORGANIZATIONAL-UNIT-TRN,ORGANIZATIONAL-UNIT-TRN,POS-359,HISTORICAL-PROMOTION-TRN-04-01,Role expansion,No,Current Employee Record,Synthetic Workforce Movement Generator
MOVEMENT-00281,EMP369,Maha Rauf,Promotion,2024-12-13,DEPARTMENT-009,Training & Development,DEPARTMENT-009,Training & Development,ORGANIZATIONAL-UNIT-TRN,ORGANIZATIONAL-UNIT-TRN,POS-360,HISTORICAL-PROMOTION-TRN-04-02,Role expansion,No,Current Employee Record,Synthetic Workforce Movement Generator
MOVEMENT-00282,EMP435,Kamran Sultan,Join,2024-12-21,,,DEPARTMENT-010,Administration & Facilities,,ORGANIZATIONAL-UNIT-ADM,,,Internship intake,No,Current Employee Record,Synthetic Workforce Movement Generator
MOVEMENT-00283,HISTORICAL-EMPLOYEE-0182,Historical Administration Employee 0182,Join,2024-12-13,,,DEPARTMENT-010,Administration & Facilities,,ORGANIZATIONAL-UNIT-ADM,,,Approved recruitment plan,No,Historical Movement Subject,Synthetic Workforce Movement Generator
MOVEMENT-00284,HISTORICAL-EMPLOYEE-0183,Historical Administration Employee 0183,Leave,2024-12-15,DEPARTMENT-010,Administration & Facilities,,,ORGANIZATIONAL-UNIT-ADM,,,,Career opportunity,Yes,Historical Movement Subject,Synthetic Workforce Movement Generator
MOVEMENT-00285,HISTORICAL-EMPLOYEE-0184,Historical Administration Employee 0184,Leave,2024-12-22,DEPARTMENT-010,Administration & Facilities,,,ORGANIZATIONAL-UNIT-ADM,,,,Retirement,Yes,Historical Movement Subject,Synthetic Workforce Movement Generator
MOVEMENT-00286,EMP441,Mahnoor Waheed,Promotion,2024-12-04,DEPARTMENT-010,Administration & Facilities,DEPARTMENT-010,Administration & Facilities,ORGANIZATIONAL-UNIT-ADM,ORGANIZATIONAL-UNIT-ADM,POS-431,HISTORICAL-PROMOTION-ADM-04-01,Merit promotion,No,Current Employee Record,Synthetic Workforce Movement Generator
MOVEMENT-00287,HISTORICAL-EMPLOYEE-0185,Historical Legal Employee 0185,Join,2024-12-09,,,DEPARTMENT-011,Legal & Compliance,,ORGANIZATIONAL-UNIT-LGL,,,Replacement hire,No,Historical Movement Subject,Synthetic Workforce Movement Generator
MOVEMENT-00288,HISTORICAL-EMPLOYEE-0186,Historical Legal Employee 0186,Join,2024-12-04,,,DEPARTMENT-011,Legal & Compliance,,ORGANIZATIONAL-UNIT-LGL,,,Approved recruitment plan,No,Historical Movement Subject,Synthetic Workforce Movement Generator
MOVEMENT-00289,HISTORICAL-EMPLOYEE-0187,Historical Legal Employee 0187,Leave,2024-12-08,DEPARTMENT-011,Legal & Compliance,,,ORGANIZATIONAL-UNIT-LGL,,,,Resignation,Yes,Historical Movement Subject,Synthetic Workforce Movement Generator
MOVEMENT-00290,HISTORICAL-EMPLOYEE-0188,Historical Legal Employee 0188,Leave,2024-12-22,DEPARTMENT-011,Legal & Compliance,,,ORGANIZATIONAL-UNIT-LGL,,,,Retirement,Yes,Historical Movement Subject,Synthetic Workforce Movement Generator
MOVEMENT-00291,HISTORICAL-EMPLOYEE-0189,Historical Legal Employee 0189,Leave,2024-12-21,DEPARTMENT-011,Legal & Compliance,,,ORGANIZATIONAL-UNIT-LGL,,,,Career opportunity,Yes,Historical Movement Subject,Synthetic Workforce Movement Generator
MOVEMENT-00292,EMP472,Sidra Iqbal,Promotion,2024-12-04,DEPARTMENT-011,Legal & Compliance,DEPARTMENT-011,Legal & Compliance,ORGANIZATIONAL-UNIT-LGL,ORGANIZATIONAL-UNIT-LGL,POS-461,HISTORICAL-PROMOTION-LGL-04-01,Merit promotion,No,Current Employee Record,Synthetic Workforce Movement Generator
MOVEMENT-00293,EMP481,Rabia Rehman,Promotion,2024-12-23,DEPARTMENT-011,Legal & Compliance,DEPARTMENT-011,Legal & Compliance,ORGANIZATIONAL-UNIT-LGL,ORGANIZATIONAL-UNIT-LGL,POS-470,HISTORICAL-PROMOTION-LGL-04-02,Role expansion,No,Current Employee Record,Synthetic Workforce Movement Generator
MOVEMENT-00294,HISTORICAL-EMPLOYEE-0190,Historical Procurement Employee 0190,Join,2024-12-03,,,DEPARTMENT-012,Procurement & Supply Chain,,ORGANIZATIONAL-UNIT-PRC,,,Internship intake,No,Historical Movement Subject,Synthetic Workforce Movement Generator
MOVEMENT-00295,HISTORICAL-EMPLOYEE-0191,Historical Procurement Employee 0191,Join,2024-12-13,,,DEPARTMENT-012,Procurement & Supply Chain,,ORGANIZATIONAL-UNIT-PRC,,,Replacement hire,No,Historical Movement Subject,Synthetic Workforce Movement Generator
MOVEMENT-00296,HISTORICAL-EMPLOYEE-0192,Historical Procurement Employee 0192,Leave,2024-12-07,DEPARTMENT-012,Procurement & Supply Chain,,,ORGANIZATIONAL-UNIT-PRC,,,,Career opportunity,Yes,Historical Movement Subject,Synthetic Workforce Movement Generator
MOVEMENT-00297,HISTORICAL-EMPLOYEE-0193,Historical Procurement Employee 0193,Leave,2024-12-03,DEPARTMENT-012,Procurement & Supply Chain,,,ORGANIZATIONAL-UNIT-PRC,,,,Retirement,Yes,Historical Movement Subject,Synthetic Workforce Movement Generator
MOVEMENT-00298,EMP518,Maryam Mughal,Promotion,2024-12-22,DEPARTMENT-012,Procurement & Supply Chain,DEPARTMENT-012,Procurement & Supply Chain,ORGANIZATIONAL-UNIT-PRC,ORGANIZATIONAL-UNIT-PRC,POS-506,HISTORICAL-PROMOTION-PRC-04-01,Annual promotion cycle,No,Current Employee Record,Synthetic Workforce Movement Generator
MOVEMENT-00299,EMP579,Farhan Aziz,Join,2024-12-25,,,DEPARTMENT-013,Logistics & Warehouse,,ORGANIZATIONAL-UNIT-LOG,,,Replacement hire,No,Current Employee Record,Synthetic Workforce Movement Generator
MOVEMENT-00300,HISTORICAL-EMPLOYEE-0194,Historical Logistics Employee 0194,Join,2024-12-08,,,DEPARTMENT-013,Logistics & Warehouse,,ORGANIZATIONAL-UNIT-LOG,,,Growth hiring,No,Historical Movement Subject,Synthetic Workforce Movement Generator
MOVEMENT-00301,HISTORICAL-EMPLOYEE-0195,Historical Logistics Employee 0195,Leave,2024-12-14,DEPARTMENT-013,Logistics & Warehouse,,,ORGANIZATIONAL-UNIT-LOG,,,,Contract completion,Yes,Historical Movement Subject,Synthetic Workforce Movement Generator
MOVEMENT-00302,EMP561,Maryam Waheed,Promotion,2024-12-10,DEPARTMENT-013,Logistics & Warehouse,DEPARTMENT-013,Logistics & Warehouse,ORGANIZATIONAL-UNIT-LOG,ORGANIZATIONAL-UNIT-LOG,POS-548,HISTORICAL-PROMOTION-LOG-04-01,Merit promotion,No,Current Employee Record,Synthetic Workforce Movement Generator
MOVEMENT-00303,EMP607,Maryam Saeed,Join,2024-12-25,,,DEPARTMENT-014,Production & Manufacturing,,ORGANIZATIONAL-UNIT-PRD,,,Internship intake,No,Current Employee Record,Synthetic Workforce Movement Generator
MOVEMENT-00304,HISTORICAL-EMPLOYEE-0196,Historical Production Employee 0196,Join,2024-12-22,,,DEPARTMENT-014,Production & Manufacturing,,ORGANIZATIONAL-UNIT-PRD,,,Internship intake,No,Historical Movement Subject,Synthetic Workforce Movement Generator
MOVEMENT-00305,HISTORICAL-EMPLOYEE-0197,Historical Quality Employee 0197,Join,2024-12-20,,,DEPARTMENT-015,Quality Assurance,,ORGANIZATIONAL-UNIT-QAS,,,Approved recruitment plan,No,Historical Movement Subject,Synthetic Workforce Movement Generator
MOVEMENT-00306,HISTORICAL-EMPLOYEE-0198,Historical Quality Employee 0198,Join,2024-12-22,,,DEPARTMENT-015,Quality Assurance,,ORGANIZATIONAL-UNIT-QAS,,,Internship intake,No,Historical Movement Subject,Synthetic Workforce Movement Generator
MOVEMENT-00307,HISTORICAL-EMPLOYEE-0199,Historical Quality Employee 0199,Join,2024-12-03,,,DEPARTMENT-015,Quality Assurance,,ORGANIZATIONAL-UNIT-QAS,,,Internship intake,No,Historical Movement Subject,Synthetic Workforce Movement Generator
MOVEMENT-00308,HISTORICAL-EMPLOYEE-0200,Historical Quality Employee 0200,Join,2024-12-14,,,DEPARTMENT-015,Quality Assurance,,ORGANIZATIONAL-UNIT-QAS,,,Internship intake,No,Historical Movement Subject,Synthetic Workforce Movement Generator
MOVEMENT-00309,HISTORICAL-EMPLOYEE-0201,Historical Quality Employee 0201,Leave,2024-12-04,DEPARTMENT-015,Quality Assurance,,,ORGANIZATIONAL-UNIT-QAS,,,,Career opportunity,No,Historical Movement Subject,Synthetic Workforce Movement Generator
MOVEMENT-00310,HISTORICAL-EMPLOYEE-0202,Historical Research Employee 0202,Join,2024-12-25,,,DEPARTMENT-016,Research & Development,,ORGANIZATIONAL-UNIT-RND,,,Internship intake,No,Historical Movement Subject,Synthetic Workforce Movement Generator
MOVEMENT-00311,HISTORICAL-EMPLOYEE-0203,Historical Research Employee 0203,Leave,2024-12-10,DEPARTMENT-016,Research & Development,,,ORGANIZATIONAL-UNIT-RND,,,,Contract completion,Yes,Historical Movement Subject,Synthetic Workforce Movement Generator
MOVEMENT-00312,HISTORICAL-EMPLOYEE-0204,Historical Research Employee 0204,Leave,2024-12-14,DEPARTMENT-016,Research & Development,,,ORGANIZATIONAL-UNIT-RND,,,,Career opportunity,No,Historical Movement Subject,Synthetic Workforce Movement Generator
MOVEMENT-00313,EMP715,Ali Munir,Promotion,2024-12-17,DEPARTMENT-016,Research & Development,DEPARTMENT-016,Research & Development,ORGANIZATIONAL-UNIT-RND,ORGANIZATIONAL-UNIT-RND,POS-699,HISTORICAL-PROMOTION-RND-04-01,Role expansion,No,Current Employee Record,Synthetic Workforce Movement Generator
MOVEMENT-00314,EMP708,Maryam Akhtar,Promotion,2024-12-02,DEPARTMENT-016,Research & Development,DEPARTMENT-016,Research & Development,ORGANIZATIONAL-UNIT-RND,ORGANIZATIONAL-UNIT-RND,POS-692,HISTORICAL-PROMOTION-RND-04-02,Role expansion,No,Current Employee Record,Synthetic Workforce Movement Generator
MOVEMENT-00315,EMP027,Akbar Hassan,Transfer,2025-01-19,DEPARTMENT-004,Customer Support,DEPARTMENT-005,Engineering,ORGANIZATIONAL-UNIT-CS,ORGANIZATIONAL-UNIT-ENG,POS-027,HISTORICAL-DESTINATION-ENG-05,Workforce balancing,Yes,Current Employee Record,Synthetic Workforce Movement Generator
MOVEMENT-00316,EMP072,Fahad Hassan,Transfer,2025-01-18,DEPARTMENT-004,Customer Support,DEPARTMENT-003,Sales,ORGANIZATIONAL-UNIT-CS,ORGANIZATIONAL-UNIT-SAL,POS-072,HISTORICAL-DESTINATION-SAL-05,Business requirement,Yes,Current Employee Record,Synthetic Workforce Movement Generator
MOVEMENT-00317,EMP552,Anam Rauf,Transfer,2025-01-06,DEPARTMENT-013,Logistics & Warehouse,DEPARTMENT-004,Customer Support,ORGANIZATIONAL-UNIT-LOG,ORGANIZATIONAL-UNIT-CS,POS-539,HISTORICAL-DESTINATION-CS-05,Business requirement,Yes,Current Employee Record,Synthetic Workforce Movement Generator
MOVEMENT-00318,EMP037,Zara Mahmood,Transfer,2025-01-25,DEPARTMENT-007,IT,DEPARTMENT-013,Logistics & Warehouse,ORGANIZATIONAL-UNIT-IT,ORGANIZATIONAL-UNIT-LOG,POS-037,HISTORICAL-DESTINATION-LOG-05,Business requirement,Yes,Current Employee Record,Synthetic Workforce Movement Generator
MOVEMENT-00319,EMP509,Iqra Abbasi,Transfer,2025-01-23,DEPARTMENT-012,Procurement & Supply Chain,DEPARTMENT-003,Sales,ORGANIZATIONAL-UNIT-PRC,ORGANIZATIONAL-UNIT-SAL,POS-497,HISTORICAL-DESTINATION-SAL-05,Employee request,Yes,Current Employee Record,Synthetic Workforce Movement Generator
MOVEMENT-00320,EMP098,Sidra Zafar,Transfer,2025-01-16,DEPARTMENT-004,Customer Support,DEPARTMENT-016,Research & Development,ORGANIZATIONAL-UNIT-CS,ORGANIZATIONAL-UNIT-RND,POS-098,HISTORICAL-DESTINATION-RND-05,Workforce balancing,Yes,Current Employee Record,Synthetic Workforce Movement Generator
MOVEMENT-00321,EMP248,Anam Zafar,Transfer,2025-01-02,DEPARTMENT-002,Finance,DEPARTMENT-001,HR,ORGANIZATIONAL-UNIT-FIN,ORGANIZATIONAL-UNIT-HR,POS-246,HISTORICAL-DESTINATION-HR-05,Workforce balancing,Yes,Current Employee Record,Synthetic Workforce Movement Generator
MOVEMENT-00322,EMP369,Maha Rauf,Transfer,2025-01-11,DEPARTMENT-009,Training & Development,DEPARTMENT-004,Customer Support,ORGANIZATIONAL-UNIT-TRN,ORGANIZATIONAL-UNIT-CS,POS-360,HISTORICAL-DESTINATION-CS-05,Employee request,Yes,Current Employee Record,Synthetic Workforce Movement Generator
MOVEMENT-00323,EMP075,Asad Raza,Transfer,2025-01-17,DEPARTMENT-006,Operations,DEPARTMENT-011,Legal & Compliance,ORGANIZATIONAL-UNIT-OPS,ORGANIZATIONAL-UNIT-LGL,POS-075,HISTORICAL-DESTINATION-LGL-05,Business requirement,Yes,Current Employee Record,Synthetic Workforce Movement Generator
MOVEMENT-00324,HISTORICAL-EMPLOYEE-0205,Historical HR Employee 0205,Leave,2025-01-05,DEPARTMENT-001,HR,,,ORGANIZATIONAL-UNIT-HR,,,,Resignation,Yes,Historical Movement Subject,Synthetic Workforce Movement Generator
MOVEMENT-00325,EMP218,Laiba Zafar,Promotion,2025-01-03,DEPARTMENT-001,HR,DEPARTMENT-001,HR,ORGANIZATIONAL-UNIT-HR,ORGANIZATIONAL-UNIT-HR,POS-217,HISTORICAL-PROMOTION-HR-05-01,Annual promotion cycle,No,Current Employee Record,Synthetic Workforce Movement Generator
MOVEMENT-00326,EMP218,Laiba Zafar,Promotion,2025-01-02,DEPARTMENT-001,HR,DEPARTMENT-001,HR,ORGANIZATIONAL-UNIT-HR,ORGANIZATIONAL-UNIT-HR,POS-217,HISTORICAL-PROMOTION-HR-05-02,Role expansion,No,Current Employee Record,Synthetic Workforce Movement Generator
MOVEMENT-00327,EMP209,Adnan Aziz,Promotion,2025-01-17,DEPARTMENT-001,HR,DEPARTMENT-001,HR,ORGANIZATIONAL-UNIT-HR,ORGANIZATIONAL-UNIT-HR,POS-208,HISTORICAL-PROMOTION-HR-05-03,Annual promotion cycle,No,Current Employee Record,Synthetic Workforce Movement Generator
MOVEMENT-00328,HISTORICAL-EMPLOYEE-0206,Historical Finance Employee 0206,Join,2025-01-09,,,DEPARTMENT-002,Finance,,ORGANIZATIONAL-UNIT-FIN,,,Internship intake,No,Historical Movement Subject,Synthetic Workforce Movement Generator
MOVEMENT-00329,HISTORICAL-EMPLOYEE-0207,Historical Finance Employee 0207,Join,2025-01-20,,,DEPARTMENT-002,Finance,,ORGANIZATIONAL-UNIT-FIN,,,Growth hiring,No,Historical Movement Subject,Synthetic Workforce Movement Generator
MOVEMENT-00330,HISTORICAL-EMPLOYEE-0208,Historical Finance Employee 0208,Join,2025-01-25,,,DEPARTMENT-002,Finance,,ORGANIZATIONAL-UNIT-FIN,,,Approved recruitment plan,No,Historical Movement Subject,Synthetic Workforce Movement Generator
MOVEMENT-00331,HISTORICAL-EMPLOYEE-0209,Historical Finance Employee 0209,Join,2025-01-25,,,DEPARTMENT-002,Finance,,ORGANIZATIONAL-UNIT-FIN,,,Replacement hire,No,Historical Movement Subject,Synthetic Workforce Movement Generator
MOVEMENT-00332,HISTORICAL-EMPLOYEE-0210,Historical Finance Employee 0210,Leave,2025-01-24,DEPARTMENT-002,Finance,,,ORGANIZATIONAL-UNIT-FIN,,,,Retirement,Yes,Historical Movement Subject,Synthetic Workforce Movement Generator
MOVEMENT-00333,HISTORICAL-EMPLOYEE-0211,Historical Finance Employee 0211,Leave,2025-01-02,DEPARTMENT-002,Finance,,,ORGANIZATIONAL-UNIT-FIN,,,,Contract completion,Yes,Historical Movement Subject,Synthetic Workforce Movement Generator
MOVEMENT-00334,EMP244,Saad Rauf,Promotion,2025-01-21,DEPARTMENT-002,Finance,DEPARTMENT-002,Finance,ORGANIZATIONAL-UNIT-FIN,ORGANIZATIONAL-UNIT-FIN,POS-242,HISTORICAL-PROMOTION-FIN-05-01,Merit promotion,No,Current Employee Record,Synthetic Workforce Movement Generator
MOVEMENT-00335,HISTORICAL-EMPLOYEE-0212,Historical Sales Employee 0212,Leave,2025-01-03,DEPARTMENT-003,Sales,,,ORGANIZATIONAL-UNIT-SAL,,,,Resignation,Yes,Historical Movement Subject,Synthetic Workforce Movement Generator
MOVEMENT-00336,HISTORICAL-EMPLOYEE-0213,Historical Sales Employee 0213,Leave,2025-01-24,DEPARTMENT-003,Sales,,,ORGANIZATIONAL-UNIT-SAL,,,,Contract completion,Yes,Historical Movement Subject,Synthetic Workforce Movement Generator
MOVEMENT-00337,HISTORICAL-EMPLOYEE-0214,Historical Sales Employee 0214,Leave,2025-01-15,DEPARTMENT-003,Sales,,,ORGANIZATIONAL-UNIT-SAL,,,,Retirement,Yes,Historical Movement Subject,Synthetic Workforce Movement Generator
MOVEMENT-00338,HISTORICAL-EMPLOYEE-0215,Historical Sales Employee 0215,Leave,2025-01-16,DEPARTMENT-003,Sales,,,ORGANIZATIONAL-UNIT-SAL,,,,Retirement,No,Historical Movement Subject,Synthetic Workforce Movement Generator
MOVEMENT-00339,HISTORICAL-EMPLOYEE-0216,Historical Sales Employee 0216,Leave,2025-01-03,DEPARTMENT-003,Sales,,,ORGANIZATIONAL-UNIT-SAL,,,,Career opportunity,Yes,Historical Movement Subject,Synthetic Workforce Movement Generator
MOVEMENT-00340,EMP112,Sara Javed,Promotion,2025-01-16,DEPARTMENT-003,Sales,DEPARTMENT-003,Sales,ORGANIZATIONAL-UNIT-SAL,ORGANIZATIONAL-UNIT-SAL,POS-112,HISTORICAL-PROMOTION-SAL-05-01,Merit promotion,No,Current Employee Record,Synthetic Workforce Movement Generator
MOVEMENT-00341,HISTORICAL-EMPLOYEE-0217,Historical Customer Employee 0217,Leave,2025-01-02,DEPARTMENT-004,Customer Support,,,ORGANIZATIONAL-UNIT-CS,,,,Contract completion,Yes,Historical Movement Subject,Synthetic Workforce Movement Generator
MOVEMENT-00342,HISTORICAL-EMPLOYEE-0218,Historical Customer Employee 0218,Leave,2025-01-10,DEPARTMENT-004,Customer Support,,,ORGANIZATIONAL-UNIT-CS,,,,Career opportunity,Yes,Historical Movement Subject,Synthetic Workforce Movement Generator
MOVEMENT-00343,HISTORICAL-EMPLOYEE-0219,Historical Engineering Employee 0219,Leave,2025-01-18,DEPARTMENT-005,Engineering,,,ORGANIZATIONAL-UNIT-ENG,,,,Career opportunity,Yes,Historical Movement Subject,Synthetic Workforce Movement Generator
MOVEMENT-00344,EMP273,Haris Ejaz,Promotion,2025-01-15,DEPARTMENT-005,Engineering,DEPARTMENT-005,Engineering,ORGANIZATIONAL-UNIT-ENG,ORGANIZATIONAL-UNIT-ENG,POS-268,HISTORICAL-PROMOTION-ENG-05-01,Role expansion,No,Current Employee Record,Synthetic Workforce Movement Generator
MOVEMENT-00345,EMP153,Kashif Abbasi,Promotion,2025-01-10,DEPARTMENT-005,Engineering,DEPARTMENT-005,Engineering,ORGANIZATIONAL-UNIT-ENG,ORGANIZATIONAL-UNIT-ENG,POS-153,HISTORICAL-PROMOTION-ENG-05-02,Annual promotion cycle,No,Current Employee Record,Synthetic Workforce Movement Generator
MOVEMENT-00346,HISTORICAL-EMPLOYEE-0220,Historical Operations Employee 0220,Join,2025-01-22,,,DEPARTMENT-006,Operations,,ORGANIZATIONAL-UNIT-OPS,,,Growth hiring,No,Historical Movement Subject,Synthetic Workforce Movement Generator
MOVEMENT-00347,HISTORICAL-EMPLOYEE-0221,Historical Operations Employee 0221,Join,2025-01-08,,,DEPARTMENT-006,Operations,,ORGANIZATIONAL-UNIT-OPS,,,Internship intake,No,Historical Movement Subject,Synthetic Workforce Movement Generator
MOVEMENT-00348,HISTORICAL-EMPLOYEE-0222,Historical Operations Employee 0222,Join,2025-01-09,,,DEPARTMENT-006,Operations,,ORGANIZATIONAL-UNIT-OPS,,,Internship intake,No,Historical Movement Subject,Synthetic Workforce Movement Generator
MOVEMENT-00349,HISTORICAL-EMPLOYEE-0223,Historical Operations Employee 0223,Leave,2025-01-11,DEPARTMENT-006,Operations,,,ORGANIZATIONAL-UNIT-OPS,,,,Resignation,No,Historical Movement Subject,Synthetic Workforce Movement Generator
MOVEMENT-00350,HISTORICAL-EMPLOYEE-0224,Historical Operations Employee 0224,Leave,2025-01-22,DEPARTMENT-006,Operations,,,ORGANIZATIONAL-UNIT-OPS,,,,Retirement,No,Historical Movement Subject,Synthetic Workforce Movement Generator
MOVEMENT-00351,EMP191,Danish Yousaf,Promotion,2025-01-11,DEPARTMENT-006,Operations,DEPARTMENT-006,Operations,ORGANIZATIONAL-UNIT-OPS,ORGANIZATIONAL-UNIT-OPS,POS-191,HISTORICAL-PROMOTION-OPS-05-01,Merit promotion,No,Current Employee Record,Synthetic Workforce Movement Generator
MOVEMENT-00352,EMP280,Noman Waheed,Promotion,2025-01-18,DEPARTMENT-006,Operations,DEPARTMENT-006,Operations,ORGANIZATIONAL-UNIT-OPS,ORGANIZATIONAL-UNIT-OPS,POS-274,HISTORICAL-PROMOTION-OPS-05-02,Merit promotion,No,Current Employee Record,Synthetic Workforce Movement Generator
MOVEMENT-00353,EMP308,Adnan Riaz,Join,2025-01-03,,,DEPARTMENT-007,IT,,ORGANIZATIONAL-UNIT-IT,,,Internship intake,No,Current Employee Record,Synthetic Workforce Movement Generator
MOVEMENT-00354,HISTORICAL-EMPLOYEE-0225,Historical IT Employee 0225,Join,2025-01-11,,,DEPARTMENT-007,IT,,ORGANIZATIONAL-UNIT-IT,,,Approved recruitment plan,No,Historical Movement Subject,Synthetic Workforce Movement Generator
MOVEMENT-00355,HISTORICAL-EMPLOYEE-0226,Historical IT Employee 0226,Join,2025-01-23,,,DEPARTMENT-007,IT,,ORGANIZATIONAL-UNIT-IT,,,Approved recruitment plan,No,Historical Movement Subject,Synthetic Workforce Movement Generator
MOVEMENT-00356,HISTORICAL-EMPLOYEE-0227,Historical IT Employee 0227,Leave,2025-01-16,DEPARTMENT-007,IT,,,ORGANIZATIONAL-UNIT-IT,,,,Contract completion,Yes,Historical Movement Subject,Synthetic Workforce Movement Generator
MOVEMENT-00357,HISTORICAL-EMPLOYEE-0228,Historical IT Employee 0228,Leave,2025-01-18,DEPARTMENT-007,IT,,,ORGANIZATIONAL-UNIT-IT,,,,Retirement,No,Historical Movement Subject,Synthetic Workforce Movement Generator
MOVEMENT-00358,EMP113,Shahbaz Gill,Promotion,2025-01-16,DEPARTMENT-007,IT,DEPARTMENT-007,IT,ORGANIZATIONAL-UNIT-IT,ORGANIZATIONAL-UNIT-IT,POS-113,HISTORICAL-PROMOTION-IT-05-01,Role expansion,No,Current Employee Record,Synthetic Workforce Movement Generator
MOVEMENT-00359,EMP033,Ali Chaudhry,Promotion,2025-01-21,DEPARTMENT-007,IT,DEPARTMENT-007,IT,ORGANIZATIONAL-UNIT-IT,ORGANIZATIONAL-UNIT-IT,POS-033,HISTORICAL-PROMOTION-IT-05-02,Role expansion,No,Current Employee Record,Synthetic Workforce Movement Generator
MOVEMENT-00360,EMP301,Talha Ali,Promotion,2025-01-18,DEPARTMENT-007,IT,DEPARTMENT-007,IT,ORGANIZATIONAL-UNIT-IT,ORGANIZATIONAL-UNIT-IT,POS-294,HISTORICAL-PROMOTION-IT-05-03,Merit promotion,No,Current Employee Record,Synthetic Workforce Movement Generator
MOVEMENT-00361,HISTORICAL-EMPLOYEE-0229,Historical Medical Employee 0229,Join,2025-01-07,,,DEPARTMENT-008,Medical Care,,ORGANIZATIONAL-UNIT-MED,,,Replacement hire,No,Historical Movement Subject,Synthetic Workforce Movement Generator
MOVEMENT-00362,HISTORICAL-EMPLOYEE-0230,Historical Medical Employee 0230,Join,2025-01-13,,,DEPARTMENT-008,Medical Care,,ORGANIZATIONAL-UNIT-MED,,,Growth hiring,No,Historical Movement Subject,Synthetic Workforce Movement Generator
MOVEMENT-00363,HISTORICAL-EMPLOYEE-0231,Historical Medical Employee 0231,Join,2025-01-14,,,DEPARTMENT-008,Medical Care,,ORGANIZATIONAL-UNIT-MED,,,Growth hiring,No,Historical Movement Subject,Synthetic Workforce Movement Generator
MOVEMENT-00364,HISTORICAL-EMPLOYEE-0232,Historical Medical Employee 0232,Leave,2025-01-15,DEPARTMENT-008,Medical Care,,,ORGANIZATIONAL-UNIT-MED,,,,Career opportunity,Yes,Historical Movement Subject,Synthetic Workforce Movement Generator
MOVEMENT-00365,HISTORICAL-EMPLOYEE-0233,Historical Training Employee 0233,Join,2025-01-07,,,DEPARTMENT-009,Training & Development,,ORGANIZATIONAL-UNIT-TRN,,,Internship intake,No,Historical Movement Subject,Synthetic Workforce Movement Generator
MOVEMENT-00366,HISTORICAL-EMPLOYEE-0234,Historical Training Employee 0234,Join,2025-01-20,,,DEPARTMENT-009,Training & Development,,ORGANIZATIONAL-UNIT-TRN,,,Internship intake,No,Historical Movement Subject,Synthetic Workforce Movement Generator
MOVEMENT-00367,HISTORICAL-EMPLOYEE-0235,Historical Training Employee 0235,Join,2025-01-03,,,DEPARTMENT-009,Training & Development,,ORGANIZATIONAL-UNIT-TRN,,,Approved recruitment plan,No,Historical Movement Subject,Synthetic Workforce Movement Generator
MOVEMENT-00368,HISTORICAL-EMPLOYEE-0236,Historical Training Employee 0236,Leave,2025-01-24,DEPARTMENT-009,Training & Development,,,ORGANIZATIONAL-UNIT-TRN,,,,Resignation,Yes,Historical Movement Subject,Synthetic Workforce Movement Generator
MOVEMENT-00369,EMP443,Noman Ismail,Join,2025-01-22,,,DEPARTMENT-010,Administration & Facilities,,ORGANIZATIONAL-UNIT-ADM,,,Growth hiring,No,Current Employee Record,Synthetic Workforce Movement Generator
MOVEMENT-00370,EMP421,Amna Mirza,Promotion,2025-01-06,DEPARTMENT-010,Administration & Facilities,DEPARTMENT-010,Administration & Facilities,ORGANIZATIONAL-UNIT-ADM,ORGANIZATIONAL-UNIT-ADM,POS-411,HISTORICAL-PROMOTION-ADM-05-01,Merit promotion,No,Current Employee Record,Synthetic Workforce Movement Generator
MOVEMENT-00371,EMP438,Fahad Habib,Promotion,2025-01-08,DEPARTMENT-010,Administration & Facilities,DEPARTMENT-010,Administration & Facilities,ORGANIZATIONAL-UNIT-ADM,ORGANIZATIONAL-UNIT-ADM,POS-428,HISTORICAL-PROMOTION-ADM-05-02,Role expansion,No,Current Employee Record,Synthetic Workforce Movement Generator
MOVEMENT-00372,EMP414,Zainab Tariq,Promotion,2025-01-11,DEPARTMENT-010,Administration & Facilities,DEPARTMENT-010,Administration & Facilities,ORGANIZATIONAL-UNIT-ADM,ORGANIZATIONAL-UNIT-ADM,POS-404,HISTORICAL-PROMOTION-ADM-05-03,Merit promotion,No,Current Employee Record,Synthetic Workforce Movement Generator
MOVEMENT-00373,EMP469,Sidra Mughal,Join,2025-01-17,,,DEPARTMENT-011,Legal & Compliance,,ORGANIZATIONAL-UNIT-LGL,,,Growth hiring,No,Current Employee Record,Synthetic Workforce Movement Generator
MOVEMENT-00374,EMP480,Ahmed Saeed,Join,2025-01-19,,,DEPARTMENT-011,Legal & Compliance,,ORGANIZATIONAL-UNIT-LGL,,,Replacement hire,No,Current Employee Record,Synthetic Workforce Movement Generator
MOVEMENT-00375,HISTORICAL-EMPLOYEE-0237,Historical Legal Employee 0237,Leave,2025-01-24,DEPARTMENT-011,Legal & Compliance,,,ORGANIZATIONAL-UNIT-LGL,,,,Contract completion,Yes,Historical Movement Subject,Synthetic Workforce Movement Generator
MOVEMENT-00376,HISTORICAL-EMPLOYEE-0238,Historical Legal Employee 0238,Leave,2025-01-05,DEPARTMENT-011,Legal & Compliance,,,ORGANIZATIONAL-UNIT-LGL,,,,Contract completion,No,Historical Movement Subject,Synthetic Workforce Movement Generator
MOVEMENT-00377,HISTORICAL-EMPLOYEE-0239,Historical Procurement Employee 0239,Join,2025-01-15,,,DEPARTMENT-012,Procurement & Supply Chain,,ORGANIZATIONAL-UNIT-PRC,,,Growth hiring,No,Historical Movement Subject,Synthetic Workforce Movement Generator
MOVEMENT-00378,EMP512,Asad Butt,Promotion,2025-01-07,DEPARTMENT-012,Procurement & Supply Chain,DEPARTMENT-012,Procurement & Supply Chain,ORGANIZATIONAL-UNIT-PRC,ORGANIZATIONAL-UNIT-PRC,POS-500,HISTORICAL-PROMOTION-PRC-05-01,Merit promotion,No,Current Employee Record,Synthetic Workforce Movement Generator
MOVEMENT-00379,EMP572,Farhan Iqbal,Join,2025-01-03,,,DEPARTMENT-013,Logistics & Warehouse,,ORGANIZATIONAL-UNIT-LOG,,,Growth hiring,No,Current Employee Record,Synthetic Workforce Movement Generator
MOVEMENT-00380,HISTORICAL-EMPLOYEE-0240,Historical Logistics Employee 0240,Leave,2025-01-25,DEPARTMENT-013,Logistics & Warehouse,,,ORGANIZATIONAL-UNIT-LOG,,,,Resignation,Yes,Historical Movement Subject,Synthetic Workforce Movement Generator
MOVEMENT-00381,HISTORICAL-EMPLOYEE-0241,Historical Logistics Employee 0241,Leave,2025-01-17,DEPARTMENT-013,Logistics & Warehouse,,,ORGANIZATIONAL-UNIT-LOG,,,,Resignation,No,Historical Movement Subject,Synthetic Workforce Movement Generator
MOVEMENT-00382,HISTORICAL-EMPLOYEE-0242,Historical Logistics Employee 0242,Leave,2025-01-20,DEPARTMENT-013,Logistics & Warehouse,,,ORGANIZATIONAL-UNIT-LOG,,,,Retirement,No,Historical Movement Subject,Synthetic Workforce Movement Generator
MOVEMENT-00383,EMP572,Farhan Iqbal,Promotion,2025-01-14,DEPARTMENT-013,Logistics & Warehouse,DEPARTMENT-013,Logistics & Warehouse,ORGANIZATIONAL-UNIT-LOG,ORGANIZATIONAL-UNIT-LOG,POS-559,HISTORICAL-PROMOTION-LOG-05-01,Role expansion,No,Current Employee Record,Synthetic Workforce Movement Generator
MOVEMENT-00384,HISTORICAL-EMPLOYEE-0243,Historical Production Employee 0243,Leave,2025-01-24,DEPARTMENT-014,Production & Manufacturing,,,ORGANIZATIONAL-UNIT-PRD,,,,Retirement,Yes,Historical Movement Subject,Synthetic Workforce Movement Generator
MOVEMENT-00385,EMP608,Sidra Khan,Promotion,2025-01-11,DEPARTMENT-014,Production & Manufacturing,DEPARTMENT-014,Production & Manufacturing,ORGANIZATIONAL-UNIT-PRD,ORGANIZATIONAL-UNIT-PRD,POS-594,HISTORICAL-PROMOTION-PRD-05-01,Annual promotion cycle,No,Current Employee Record,Synthetic Workforce Movement Generator
MOVEMENT-00386,EMP617,Anusha Hussain,Promotion,2025-01-08,DEPARTMENT-014,Production & Manufacturing,DEPARTMENT-014,Production & Manufacturing,ORGANIZATIONAL-UNIT-PRD,ORGANIZATIONAL-UNIT-PRD,POS-603,HISTORICAL-PROMOTION-PRD-05-02,Annual promotion cycle,No,Current Employee Record,Synthetic Workforce Movement Generator
MOVEMENT-00387,EMP614,Asad Rashid,Promotion,2025-01-08,DEPARTMENT-014,Production & Manufacturing,DEPARTMENT-014,Production & Manufacturing,ORGANIZATIONAL-UNIT-PRD,ORGANIZATIONAL-UNIT-PRD,POS-600,HISTORICAL-PROMOTION-PRD-05-03,Role expansion,No,Current Employee Record,Synthetic Workforce Movement Generator
MOVEMENT-00388,HISTORICAL-EMPLOYEE-0244,Historical Quality Employee 0244,Leave,2025-01-17,DEPARTMENT-015,Quality Assurance,,,ORGANIZATIONAL-UNIT-QAS,,,,Resignation,Yes,Historical Movement Subject,Synthetic Workforce Movement Generator
MOVEMENT-00389,HISTORICAL-EMPLOYEE-0245,Historical Quality Employee 0245,Leave,2025-01-05,DEPARTMENT-015,Quality Assurance,,,ORGANIZATIONAL-UNIT-QAS,,,,Retirement,No,Historical Movement Subject,Synthetic Workforce Movement Generator
MOVEMENT-00390,HISTORICAL-EMPLOYEE-0246,Historical Quality Employee 0246,Leave,2025-01-20,DEPARTMENT-015,Quality Assurance,,,ORGANIZATIONAL-UNIT-QAS,,,,Career opportunity,Yes,Historical Movement Subject,Synthetic Workforce Movement Generator
MOVEMENT-00391,EMP656,Sara Hussain,Promotion,2025-01-17,DEPARTMENT-015,Quality Assurance,DEPARTMENT-015,Quality Assurance,ORGANIZATIONAL-UNIT-QAS,ORGANIZATIONAL-UNIT-QAS,POS-641,HISTORICAL-PROMOTION-QAS-05-01,Annual promotion cycle,No,Current Employee Record,Synthetic Workforce Movement Generator
MOVEMENT-00392,HISTORICAL-EMPLOYEE-0247,Historical Research Employee 0247,Leave,2025-01-20,DEPARTMENT-016,Research & Development,,,ORGANIZATIONAL-UNIT-RND,,,,Contract completion,No,Historical Movement Subject,Synthetic Workforce Movement Generator
MOVEMENT-00393,EMP159,Raza Ahmad,Transfer,2025-02-11,DEPARTMENT-005,Engineering,DEPARTMENT-011,Legal & Compliance,ORGANIZATIONAL-UNIT-ENG,ORGANIZATIONAL-UNIT-LGL,POS-159,HISTORICAL-DESTINATION-LGL-06,Career development,Yes,Current Employee Record,Synthetic Workforce Movement Generator
MOVEMENT-00394,EMP042,Amna Aslam,Transfer,2025-02-17,DEPARTMENT-004,Customer Support,DEPARTMENT-007,IT,ORGANIZATIONAL-UNIT-CS,ORGANIZATIONAL-UNIT-IT,POS-042,HISTORICAL-DESTINATION-IT-06,Business requirement,Yes,Current Employee Record,Synthetic Workforce Movement Generator
MOVEMENT-00395,EMP704,Minal Sultan,Transfer,2025-02-24,DEPARTMENT-016,Research & Development,DEPARTMENT-006,Operations,ORGANIZATIONAL-UNIT-RND,ORGANIZATIONAL-UNIT-OPS,POS-688,HISTORICAL-DESTINATION-OPS-06,Business requirement,Yes,Current Employee Record,Synthetic Workforce Movement Generator
MOVEMENT-00396,EMP186,Zara Masood,Transfer,2025-02-14,DEPARTMENT-007,IT,DEPARTMENT-016,Research & Development,ORGANIZATIONAL-UNIT-IT,ORGANIZATIONAL-UNIT-RND,POS-186,HISTORICAL-DESTINATION-RND-06,Workforce balancing,Yes,Current Employee Record,Synthetic Workforce Movement Generator
MOVEMENT-00397,HISTORICAL-EMPLOYEE-0248,Historical Finance Employee 0248,Join,2025-02-11,,,DEPARTMENT-002,Finance,,ORGANIZATIONAL-UNIT-FIN,,,Approved recruitment plan,No,Historical Movement Subject,Synthetic Workforce Movement Generator
MOVEMENT-00398,HISTORICAL-EMPLOYEE-0249,Historical Finance Employee 0249,Join,2025-02-04,,,DEPARTMENT-002,Finance,,ORGANIZATIONAL-UNIT-FIN,,,Growth hiring,No,Historical Movement Subject,Synthetic Workforce Movement Generator
MOVEMENT-00399,HISTORICAL-EMPLOYEE-0250,Historical Finance Employee 0250,Leave,2025-02-07,DEPARTMENT-002,Finance,,,ORGANIZATIONAL-UNIT-FIN,,,,Contract completion,No,Historical Movement Subject,Synthetic Workforce Movement Generator
MOVEMENT-00400,HISTORICAL-EMPLOYEE-0251,Historical Finance Employee 0251,Leave,2025-02-25,DEPARTMENT-002,Finance,,,ORGANIZATIONAL-UNIT-FIN,,,,Career opportunity,Yes,Historical Movement Subject,Synthetic Workforce Movement Generator
MOVEMENT-00401,EMP248,Anam Zafar,Promotion,2025-02-22,DEPARTMENT-002,Finance,DEPARTMENT-002,Finance,ORGANIZATIONAL-UNIT-FIN,ORGANIZATIONAL-UNIT-FIN,POS-246,HISTORICAL-PROMOTION-FIN-06-01,Role expansion,No,Current Employee Record,Synthetic Workforce Movement Generator
MOVEMENT-00402,EMP242,Mehwish Dar,Promotion,2025-02-15,DEPARTMENT-002,Finance,DEPARTMENT-002,Finance,ORGANIZATIONAL-UNIT-FIN,ORGANIZATIONAL-UNIT-FIN,POS-240,HISTORICAL-PROMOTION-FIN-06-02,Role expansion,No,Current Employee Record,Synthetic Workforce Movement Generator
MOVEMENT-00403,EMP173,Sidra Abbasi,Promotion,2025-02-12,DEPARTMENT-002,Finance,DEPARTMENT-002,Finance,ORGANIZATIONAL-UNIT-FIN,ORGANIZATIONAL-UNIT-FIN,POS-173,HISTORICAL-PROMOTION-FIN-06-03,Annual promotion cycle,No,Current Employee Record,Synthetic Workforce Movement Generator
MOVEMENT-00404,EMP063,Ahmad Tariq,Join,2025-02-12,,,DEPARTMENT-003,Sales,,ORGANIZATIONAL-UNIT-SAL,,,Growth hiring,No,Current Employee Record,Synthetic Workforce Movement Generator
MOVEMENT-00405,HISTORICAL-EMPLOYEE-0252,Historical Sales Employee 0252,Join,2025-02-07,,,DEPARTMENT-003,Sales,,ORGANIZATIONAL-UNIT-SAL,,,Growth hiring,No,Historical Movement Subject,Synthetic Workforce Movement Generator
MOVEMENT-00406,HISTORICAL-EMPLOYEE-0253,Historical Sales Employee 0253,Leave,2025-02-19,DEPARTMENT-003,Sales,,,ORGANIZATIONAL-UNIT-SAL,,,,Career opportunity,Yes,Historical Movement Subject,Synthetic Workforce Movement Generator
MOVEMENT-00407,HISTORICAL-EMPLOYEE-0254,Historical Sales Employee 0254,Leave,2025-02-20,DEPARTMENT-003,Sales,,,ORGANIZATIONAL-UNIT-SAL,,,,Resignation,No,Historical Movement Subject,Synthetic Workforce Movement Generator
MOVEMENT-00408,EMP192,Kashif Hussain,Promotion,2025-02-02,DEPARTMENT-003,Sales,DEPARTMENT-003,Sales,ORGANIZATIONAL-UNIT-SAL,ORGANIZATIONAL-UNIT-SAL,POS-192,HISTORICAL-PROMOTION-SAL-06-01,Merit promotion,No,Current Employee Record,Synthetic Workforce Movement Generator
MOVEMENT-00409,EMP097,Sana Arif,Promotion,2025-02-22,DEPARTMENT-003,Sales,DEPARTMENT-003,Sales,ORGANIZATIONAL-UNIT-SAL,ORGANIZATIONAL-UNIT-SAL,POS-097,HISTORICAL-PROMOTION-SAL-06-02,Role expansion,No,Current Employee Record,Synthetic Workforce Movement Generator
MOVEMENT-00410,HISTORICAL-EMPLOYEE-0255,Historical Customer Employee 0255,Join,2025-02-08,,,DEPARTMENT-004,Customer Support,,ORGANIZATIONAL-UNIT-CS,,,Replacement hire,No,Historical Movement Subject,Synthetic Workforce Movement Generator
MOVEMENT-00411,HISTORICAL-EMPLOYEE-0256,Historical Customer Employee 0256,Leave,2025-02-03,DEPARTMENT-004,Customer Support,,,ORGANIZATIONAL-UNIT-CS,,,,Resignation,Yes,Historical Movement Subject,Synthetic Workforce Movement Generator
MOVEMENT-00412,EMP261,Anam Ahmed,Promotion,2025-02-23,DEPARTMENT-004,Customer Support,DEPARTMENT-004,Customer Support,ORGANIZATIONAL-UNIT-CS,ORGANIZATIONAL-UNIT-CS,POS-257,HISTORICAL-PROMOTION-CS-06-01,Annual promotion cycle,No,Current Employee Record,Synthetic Workforce Movement Generator
MOVEMENT-00413,EMP116,Ali Abbasi,Join,2025-02-17,,,DEPARTMENT-005,Engineering,,ORGANIZATIONAL-UNIT-ENG,,,Approved recruitment plan,No,Current Employee Record,Synthetic Workforce Movement Generator
MOVEMENT-00414,EMP138,Amir Saleem,Join,2025-02-03,,,DEPARTMENT-005,Engineering,,ORGANIZATIONAL-UNIT-ENG,,,Internship intake,No,Current Employee Record,Synthetic Workforce Movement Generator
MOVEMENT-00415,HISTORICAL-EMPLOYEE-0257,Historical Engineering Employee 0257,Join,2025-02-02,,,DEPARTMENT-005,Engineering,,ORGANIZATIONAL-UNIT-ENG,,,Internship intake,No,Historical Movement Subject,Synthetic Workforce Movement Generator
MOVEMENT-00416,HISTORICAL-EMPLOYEE-0258,Historical Engineering Employee 0258,Leave,2025-02-25,DEPARTMENT-005,Engineering,,,ORGANIZATIONAL-UNIT-ENG,,,,Career opportunity,Yes,Historical Movement Subject,Synthetic Workforce Movement Generator
MOVEMENT-00417,EMP151,Farhan Rehman,Promotion,2025-02-23,DEPARTMENT-005,Engineering,DEPARTMENT-005,Engineering,ORGANIZATIONAL-UNIT-ENG,ORGANIZATIONAL-UNIT-ENG,POS-151,HISTORICAL-PROMOTION-ENG-06-01,Role expansion,No,Current Employee Record,Synthetic Workforce Movement Generator
MOVEMENT-00418,EMP005,Farhan Shah,Promotion,2025-02-03,DEPARTMENT-005,Engineering,DEPARTMENT-005,Engineering,ORGANIZATIONAL-UNIT-ENG,ORGANIZATIONAL-UNIT-ENG,POS-005,HISTORICAL-PROMOTION-ENG-06-02,Annual promotion cycle,No,Current Employee Record,Synthetic Workforce Movement Generator
MOVEMENT-00419,HISTORICAL-EMPLOYEE-0259,Historical IT Employee 0259,Join,2025-02-04,,,DEPARTMENT-007,IT,,ORGANIZATIONAL-UNIT-IT,,,Internship intake,No,Historical Movement Subject,Synthetic Workforce Movement Generator
MOVEMENT-00420,HISTORICAL-EMPLOYEE-0260,Historical IT Employee 0260,Join,2025-02-06,,,DEPARTMENT-007,IT,,ORGANIZATIONAL-UNIT-IT,,,Growth hiring,No,Historical Movement Subject,Synthetic Workforce Movement Generator
MOVEMENT-00421,HISTORICAL-EMPLOYEE-0261,Historical IT Employee 0261,Leave,2025-02-24,DEPARTMENT-007,IT,,,ORGANIZATIONAL-UNIT-IT,,,,Resignation,Yes,Historical Movement Subject,Synthetic Workforce Movement Generator
MOVEMENT-00422,HISTORICAL-EMPLOYEE-0262,Historical IT Employee 0262,Leave,2025-02-05,DEPARTMENT-007,IT,,,ORGANIZATIONAL-UNIT-IT,,,,Career opportunity,Yes,Historical Movement Subject,Synthetic Workforce Movement Generator
MOVEMENT-00423,EMP134,Talha Awan,Promotion,2025-02-24,DEPARTMENT-007,IT,DEPARTMENT-007,IT,ORGANIZATIONAL-UNIT-IT,ORGANIZATIONAL-UNIT-IT,POS-134,HISTORICAL-PROMOTION-IT-06-01,Merit promotion,No,Current Employee Record,Synthetic Workforce Movement Generator
MOVEMENT-00424,EMP183,Zain Saleem,Promotion,2025-02-21,DEPARTMENT-007,IT,DEPARTMENT-007,IT,ORGANIZATIONAL-UNIT-IT,ORGANIZATIONAL-UNIT-IT,POS-183,HISTORICAL-PROMOTION-IT-06-02,Role expansion,No,Current Employee Record,Synthetic Workforce Movement Generator
MOVEMENT-00425,HISTORICAL-EMPLOYEE-0263,Historical Medical Employee 0263,Join,2025-02-23,,,DEPARTMENT-008,Medical Care,,ORGANIZATIONAL-UNIT-MED,,,Approved recruitment plan,No,Historical Movement Subject,Synthetic Workforce Movement Generator
MOVEMENT-00426,HISTORICAL-EMPLOYEE-0264,Historical Medical Employee 0264,Join,2025-02-06,,,DEPARTMENT-008,Medical Care,,ORGANIZATIONAL-UNIT-MED,,,Replacement hire,No,Historical Movement Subject,Synthetic Workforce Movement Generator
MOVEMENT-00427,HISTORICAL-EMPLOYEE-0265,Historical Medical Employee 0265,Leave,2025-02-20,DEPARTMENT-008,Medical Care,,,ORGANIZATIONAL-UNIT-MED,,,,Career opportunity,No,Historical Movement Subject,Synthetic Workforce Movement Generator
MOVEMENT-00428,HISTORICAL-EMPLOYEE-0266,Historical Medical Employee 0266,Leave,2025-02-19,DEPARTMENT-008,Medical Care,,,ORGANIZATIONAL-UNIT-MED,,,,Contract completion,No,Historical Movement Subject,Synthetic Workforce Movement Generator
MOVEMENT-00429,HISTORICAL-EMPLOYEE-0267,Historical Medical Employee 0267,Leave,2025-02-09,DEPARTMENT-008,Medical Care,,,ORGANIZATIONAL-UNIT-MED,,,,Resignation,No,Historical Movement Subject,Synthetic Workforce Movement Generator
MOVEMENT-00430,EMP344,Saba Latif,Promotion,2025-02-25,DEPARTMENT-008,Medical Care,DEPARTMENT-008,Medical Care,ORGANIZATIONAL-UNIT-MED,ORGANIZATIONAL-UNIT-MED,POS-336,HISTORICAL-PROMOTION-MED-06-01,Merit promotion,No,Current Employee Record,Synthetic Workforce Movement Generator
MOVEMENT-00431,EMP349,Iqra Nawaz,Promotion,2025-02-22,DEPARTMENT-008,Medical Care,DEPARTMENT-008,Medical Care,ORGANIZATIONAL-UNIT-MED,ORGANIZATIONAL-UNIT-MED,POS-341,HISTORICAL-PROMOTION-MED-06-02,Annual promotion cycle,No,Current Employee Record,Synthetic Workforce Movement Generator
MOVEMENT-00432,EMP348,Anusha Latif,Promotion,2025-02-03,DEPARTMENT-008,Medical Care,DEPARTMENT-008,Medical Care,ORGANIZATIONAL-UNIT-MED,ORGANIZATIONAL-UNIT-MED,POS-340,HISTORICAL-PROMOTION-MED-06-03,Annual promotion cycle,No,Current Employee Record,Synthetic Workforce Movement Generator
MOVEMENT-00433,EMP392,Danish Zafar,Join,2025-02-10,,,DEPARTMENT-009,Training & Development,,ORGANIZATIONAL-UNIT-TRN,,,Growth hiring,No,Current Employee Record,Synthetic Workforce Movement Generator
MOVEMENT-00434,HISTORICAL-EMPLOYEE-0268,Historical Training Employee 0268,Join,2025-02-12,,,DEPARTMENT-009,Training & Development,,ORGANIZATIONAL-UNIT-TRN,,,Growth hiring,No,Historical Movement Subject,Synthetic Workforce Movement Generator
MOVEMENT-00435,HISTORICAL-EMPLOYEE-0269,Historical Training Employee 0269,Join,2025-02-12,,,DEPARTMENT-009,Training & Development,,ORGANIZATIONAL-UNIT-TRN,,,Approved recruitment plan,No,Historical Movement Subject,Synthetic Workforce Movement Generator
MOVEMENT-00436,HISTORICAL-EMPLOYEE-0270,Historical Training Employee 0270,Leave,2025-02-07,DEPARTMENT-009,Training & Development,,,ORGANIZATIONAL-UNIT-TRN,,,,Resignation,No,Historical Movement Subject,Synthetic Workforce Movement Generator
MOVEMENT-00437,HISTORICAL-EMPLOYEE-0271,Historical Training Employee 0271,Leave,2025-02-03,DEPARTMENT-009,Training & Development,,,ORGANIZATIONAL-UNIT-TRN,,,,Contract completion,Yes,Historical Movement Subject,Synthetic Workforce Movement Generator
MOVEMENT-00438,EMP384,Ayesha Farooq,Promotion,2025-02-09,DEPARTMENT-009,Training & Development,DEPARTMENT-009,Training & Development,ORGANIZATIONAL-UNIT-TRN,ORGANIZATIONAL-UNIT-TRN,POS-375,HISTORICAL-PROMOTION-TRN-06-01,Merit promotion,No,Current Employee Record,Synthetic Workforce Movement Generator
MOVEMENT-00439,EMP384,Ayesha Farooq,Promotion,2025-02-02,DEPARTMENT-009,Training & Development,DEPARTMENT-009,Training & Development,ORGANIZATIONAL-UNIT-TRN,ORGANIZATIONAL-UNIT-TRN,POS-375,HISTORICAL-PROMOTION-TRN-06-02,Annual promotion cycle,No,Current Employee Record,Synthetic Workforce Movement Generator
MOVEMENT-00440,EMP427,Zainab Ahmed,Join,2025-02-02,,,DEPARTMENT-010,Administration & Facilities,,ORGANIZATIONAL-UNIT-ADM,,,Internship intake,No,Current Employee Record,Synthetic Workforce Movement Generator
MOVEMENT-00441,HISTORICAL-EMPLOYEE-0272,Historical Administration Employee 0272,Leave,2025-02-13,DEPARTMENT-010,Administration & Facilities,,,ORGANIZATIONAL-UNIT-ADM,,,,Resignation,Yes,Historical Movement Subject,Synthetic Workforce Movement Generator
MOVEMENT-00442,HISTORICAL-EMPLOYEE-0273,Historical Administration Employee 0273,Leave,2025-02-03,DEPARTMENT-010,Administration & Facilities,,,ORGANIZATIONAL-UNIT-ADM,,,,Resignation,Yes,Historical Movement Subject,Synthetic Workforce Movement Generator
MOVEMENT-00443,HISTORICAL-EMPLOYEE-0274,Historical Legal Employee 0274,Join,2025-02-05,,,DEPARTMENT-011,Legal & Compliance,,ORGANIZATIONAL-UNIT-LGL,,,Growth hiring,No,Historical Movement Subject,Synthetic Workforce Movement Generator
MOVEMENT-00444,HISTORICAL-EMPLOYEE-0275,Historical Legal Employee 0275,Join,2025-02-06,,,DEPARTMENT-011,Legal & Compliance,,ORGANIZATIONAL-UNIT-LGL,,,Growth hiring,No,Historical Movement Subject,Synthetic Workforce Movement Generator
MOVEMENT-00445,HISTORICAL-EMPLOYEE-0276,Historical Legal Employee 0276,Leave,2025-02-14,DEPARTMENT-011,Legal & Compliance,,,ORGANIZATIONAL-UNIT-LGL,,,,Retirement,Yes,Historical Movement Subject,Synthetic Workforce Movement Generator
MOVEMENT-00446,HISTORICAL-EMPLOYEE-0277,Historical Legal Employee 0277,Leave,2025-02-08,DEPARTMENT-011,Legal & Compliance,,,ORGANIZATIONAL-UNIT-LGL,,,,Resignation,No,Historical Movement Subject,Synthetic Workforce Movement Generator
MOVEMENT-00447,HISTORICAL-EMPLOYEE-0278,Historical Legal Employee 0278,Leave,2025-02-07,DEPARTMENT-011,Legal & Compliance,,,ORGANIZATIONAL-UNIT-LGL,,,,Career opportunity,No,Historical Movement Subject,Synthetic Workforce Movement Generator
MOVEMENT-00448,EMP481,Rabia Rehman,Promotion,2025-02-08,DEPARTMENT-011,Legal & Compliance,DEPARTMENT-011,Legal & Compliance,ORGANIZATIONAL-UNIT-LGL,ORGANIZATIONAL-UNIT-LGL,POS-470,HISTORICAL-PROMOTION-LGL-06-01,Role expansion,No,Current Employee Record,Synthetic Workforce Movement Generator
MOVEMENT-00449,EMP458,Taha Ansari,Promotion,2025-02-19,DEPARTMENT-011,Legal & Compliance,DEPARTMENT-011,Legal & Compliance,ORGANIZATIONAL-UNIT-LGL,ORGANIZATIONAL-UNIT-LGL,POS-447,HISTORICAL-PROMOTION-LGL-06-02,Role expansion,No,Current Employee Record,Synthetic Workforce Movement Generator
MOVEMENT-00450,EMP525,Imran Nasir,Join,2025-02-07,,,DEPARTMENT-012,Procurement & Supply Chain,,ORGANIZATIONAL-UNIT-PRC,,,Internship intake,No,Current Employee Record,Synthetic Workforce Movement Generator
MOVEMENT-00451,HISTORICAL-EMPLOYEE-0279,Historical Procurement Employee 0279,Join,2025-02-03,,,DEPARTMENT-012,Procurement & Supply Chain,,ORGANIZATIONAL-UNIT-PRC,,,Internship intake,No,Historical Movement Subject,Synthetic Workforce Movement Generator
MOVEMENT-00452,HISTORICAL-EMPLOYEE-0280,Historical Procurement Employee 0280,Leave,2025-02-11,DEPARTMENT-012,Procurement & Supply Chain,,,ORGANIZATIONAL-UNIT-PRC,,,,Resignation,Yes,Historical Movement Subject,Synthetic Workforce Movement Generator
MOVEMENT-00453,EMP569,Bilal Rauf,Join,2025-02-19,,,DEPARTMENT-013,Logistics & Warehouse,,ORGANIZATIONAL-UNIT-LOG,,,Internship intake,No,Current Employee Record,Synthetic Workforce Movement Generator
MOVEMENT-00454,HISTORICAL-EMPLOYEE-0281,Historical Logistics Employee 0281,Leave,2025-02-17,DEPARTMENT-013,Logistics & Warehouse,,,ORGANIZATIONAL-UNIT-LOG,,,,Contract completion,No,Historical Movement Subject,Synthetic Workforce Movement Generator
MOVEMENT-00455,HISTORICAL-EMPLOYEE-0282,Historical Logistics Employee 0282,Leave,2025-02-23,DEPARTMENT-013,Logistics & Warehouse,,,ORGANIZATIONAL-UNIT-LOG,,,,Resignation,Yes,Historical Movement Subject,Synthetic Workforce Movement Generator
MOVEMENT-00456,EMP616,Rabia Sheikh,Join,2025-02-20,,,DEPARTMENT-014,Production & Manufacturing,,ORGANIZATIONAL-UNIT-PRD,,,Internship intake,No,Current Employee Record,Synthetic Workforce Movement Generator
MOVEMENT-00457,EMP622,Omar Latif,Join,2025-02-18,,,DEPARTMENT-014,Production & Manufacturing,,ORGANIZATIONAL-UNIT-PRD,,,Growth hiring,No,Current Employee Record,Synthetic Workforce Movement Generator
MOVEMENT-00458,HISTORICAL-EMPLOYEE-0283,Historical Production Employee 0283,Leave,2025-02-22,DEPARTMENT-014,Production & Manufacturing,,,ORGANIZATIONAL-UNIT-PRD,,,,Career opportunity,No,Historical Movement Subject,Synthetic Workforce Movement Generator
MOVEMENT-00459,HISTORICAL-EMPLOYEE-0284,Historical Production Employee 0284,Leave,2025-02-15,DEPARTMENT-014,Production & Manufacturing,,,ORGANIZATIONAL-UNIT-PRD,,,,Retirement,Yes,Historical Movement Subject,Synthetic Workforce Movement Generator
MOVEMENT-00460,HISTORICAL-EMPLOYEE-0285,Historical Production Employee 0285,Leave,2025-02-03,DEPARTMENT-014,Production & Manufacturing,,,ORGANIZATIONAL-UNIT-PRD,,,,Career opportunity,No,Historical Movement Subject,Synthetic Workforce Movement Generator
MOVEMENT-00461,EMP609,Laiba Iqbal,Promotion,2025-02-02,DEPARTMENT-014,Production & Manufacturing,DEPARTMENT-014,Production & Manufacturing,ORGANIZATIONAL-UNIT-PRD,ORGANIZATIONAL-UNIT-PRD,POS-595,HISTORICAL-PROMOTION-PRD-06-01,Annual promotion cycle,No,Current Employee Record,Synthetic Workforce Movement Generator
MOVEMENT-00462,EMP647,Amna Iqbal,Join,2025-02-17,,,DEPARTMENT-015,Quality Assurance,,ORGANIZATIONAL-UNIT-QAS,,,Replacement hire,No,Current Employee Record,Synthetic Workforce Movement Generator
MOVEMENT-00463,HISTORICAL-EMPLOYEE-0286,Historical Quality Employee 0286,Join,2025-02-25,,,DEPARTMENT-015,Quality Assurance,,ORGANIZATIONAL-UNIT-QAS,,,Internship intake,No,Historical Movement Subject,Synthetic Workforce Movement Generator
MOVEMENT-00464,HISTORICAL-EMPLOYEE-0287,Historical Quality Employee 0287,Leave,2025-02-17,DEPARTMENT-015,Quality Assurance,,,ORGANIZATIONAL-UNIT-QAS,,,,Contract completion,No,Historical Movement Subject,Synthetic Workforce Movement Generator
MOVEMENT-00465,HISTORICAL-EMPLOYEE-0288,Historical Quality Employee 0288,Leave,2025-02-23,DEPARTMENT-015,Quality Assurance,,,ORGANIZATIONAL-UNIT-QAS,,,,Contract completion,No,Historical Movement Subject,Synthetic Workforce Movement Generator
MOVEMENT-00466,HISTORICAL-EMPLOYEE-0289,Historical Quality Employee 0289,Leave,2025-02-17,DEPARTMENT-015,Quality Assurance,,,ORGANIZATIONAL-UNIT-QAS,,,,Career opportunity,No,Historical Movement Subject,Synthetic Workforce Movement Generator
MOVEMENT-00467,EMP652,Kinza Waheed,Promotion,2025-02-14,DEPARTMENT-015,Quality Assurance,DEPARTMENT-015,Quality Assurance,ORGANIZATIONAL-UNIT-QAS,ORGANIZATIONAL-UNIT-QAS,POS-637,HISTORICAL-PROMOTION-QAS-06-01,Annual promotion cycle,No,Current Employee Record,Synthetic Workforce Movement Generator
MOVEMENT-00468,EMP643,Bilal Khan,Promotion,2025-02-09,DEPARTMENT-015,Quality Assurance,DEPARTMENT-015,Quality Assurance,ORGANIZATIONAL-UNIT-QAS,ORGANIZATIONAL-UNIT-QAS,POS-628,HISTORICAL-PROMOTION-QAS-06-02,Merit promotion,No,Current Employee Record,Synthetic Workforce Movement Generator
MOVEMENT-00469,EMP646,Junaid Yousaf,Promotion,2025-02-14,DEPARTMENT-015,Quality Assurance,DEPARTMENT-015,Quality Assurance,ORGANIZATIONAL-UNIT-QAS,ORGANIZATIONAL-UNIT-QAS,POS-631,HISTORICAL-PROMOTION-QAS-06-03,Role expansion,No,Current Employee Record,Synthetic Workforce Movement Generator
MOVEMENT-00470,EMP693,Waqas Bukhari,Join,2025-02-04,,,DEPARTMENT-016,Research & Development,,ORGANIZATIONAL-UNIT-RND,,,Growth hiring,No,Current Employee Record,Synthetic Workforce Movement Generator
MOVEMENT-00471,EMP703,Laiba Baig,Join,2025-02-24,,,DEPARTMENT-016,Research & Development,,ORGANIZATIONAL-UNIT-RND,,,Internship intake,No,Current Employee Record,Synthetic Workforce Movement Generator
MOVEMENT-00472,HISTORICAL-EMPLOYEE-0290,Historical Research Employee 0290,Leave,2025-02-20,DEPARTMENT-016,Research & Development,,,ORGANIZATIONAL-UNIT-RND,,,,Career opportunity,Yes,Historical Movement Subject,Synthetic Workforce Movement Generator
MOVEMENT-00473,EMP037,Zara Mahmood,Transfer,2025-03-16,DEPARTMENT-007,IT,DEPARTMENT-010,Administration & Facilities,ORGANIZATIONAL-UNIT-IT,ORGANIZATIONAL-UNIT-ADM,POS-037,HISTORICAL-DESTINATION-ADM-07,Business requirement,Yes,Current Employee Record,Synthetic Workforce Movement Generator
MOVEMENT-00474,EMP288,Hira Chaudhry,Transfer,2025-03-08,DEPARTMENT-006,Operations,DEPARTMENT-007,IT,ORGANIZATIONAL-UNIT-OPS,ORGANIZATIONAL-UNIT-IT,POS-282,HISTORICAL-DESTINATION-IT-07,Business requirement,Yes,Current Employee Record,Synthetic Workforce Movement Generator
MOVEMENT-00475,EMP615,Waqas Munir,Transfer,2025-03-23,DEPARTMENT-014,Production & Manufacturing,DEPARTMENT-004,Customer Support,ORGANIZATIONAL-UNIT-PRD,ORGANIZATIONAL-UNIT-CS,POS-601,HISTORICAL-DESTINATION-CS-07,Employee request,Yes,Current Employee Record,Synthetic Workforce Movement Generator
MOVEMENT-00476,EMP096,Ayesha Abbasi,Transfer,2025-03-07,DEPARTMENT-003,Sales,DEPARTMENT-010,Administration & Facilities,ORGANIZATIONAL-UNIT-SAL,ORGANIZATIONAL-UNIT-ADM,POS-096,HISTORICAL-DESTINATION-ADM-07,Employee request,Yes,Current Employee Record,Synthetic Workforce Movement Generator
MOVEMENT-00477,EMP595,Noman Dar,Transfer,2025-03-07,DEPARTMENT-014,Production & Manufacturing,DEPARTMENT-003,Sales,ORGANIZATIONAL-UNIT-PRD,ORGANIZATIONAL-UNIT-SAL,POS-581,HISTORICAL-DESTINATION-SAL-07,Workforce balancing,Yes,Current Employee Record,Synthetic Workforce Movement Generator
MOVEMENT-00478,EMP339,Saba Saleem,Transfer,2025-03-16,DEPARTMENT-008,Medical Care,DEPARTMENT-003,Sales,ORGANIZATIONAL-UNIT-MED,ORGANIZATIONAL-UNIT-SAL,POS-331,HISTORICAL-DESTINATION-SAL-07,Workforce balancing,Yes,Current Employee Record,Synthetic Workforce Movement Generator
MOVEMENT-00479,EMP684,Kamran Mirza,Transfer,2025-03-20,DEPARTMENT-016,Research & Development,DEPARTMENT-002,Finance,ORGANIZATIONAL-UNIT-RND,ORGANIZATIONAL-UNIT-FIN,POS-668,HISTORICAL-DESTINATION-FIN-07,Workforce balancing,Yes,Current Employee Record,Synthetic Workforce Movement Generator
MOVEMENT-00480,EMP687,Arham Khan,Transfer,2025-03-11,DEPARTMENT-016,Research & Development,DEPARTMENT-015,Quality Assurance,ORGANIZATIONAL-UNIT-RND,ORGANIZATIONAL-UNIT-QAS,POS-671,HISTORICAL-DESTINATION-QAS-07,Workforce balancing,Yes,Current Employee Record,Synthetic Workforce Movement Generator
MOVEMENT-00481,HISTORICAL-EMPLOYEE-0291,Historical HR Employee 0291,Join,2025-03-09,,,DEPARTMENT-001,HR,,ORGANIZATIONAL-UNIT-HR,,,Growth hiring,No,Historical Movement Subject,Synthetic Workforce Movement Generator
MOVEMENT-00482,HISTORICAL-EMPLOYEE-0292,Historical HR Employee 0292,Leave,2025-03-10,DEPARTMENT-001,HR,,,ORGANIZATIONAL-UNIT-HR,,,,Retirement,Yes,Historical Movement Subject,Synthetic Workforce Movement Generator
MOVEMENT-00483,HISTORICAL-EMPLOYEE-0293,Historical HR Employee 0293,Leave,2025-03-07,DEPARTMENT-001,HR,,,ORGANIZATIONAL-UNIT-HR,,,,Retirement,Yes,Historical Movement Subject,Synthetic Workforce Movement Generator
MOVEMENT-00484,HISTORICAL-EMPLOYEE-0294,Historical Finance Employee 0294,Join,2025-03-07,,,DEPARTMENT-002,Finance,,ORGANIZATIONAL-UNIT-FIN,,,Growth hiring,No,Historical Movement Subject,Synthetic Workforce Movement Generator
MOVEMENT-00485,HISTORICAL-EMPLOYEE-0295,Historical Finance Employee 0295,Join,2025-03-03,,,DEPARTMENT-002,Finance,,ORGANIZATIONAL-UNIT-FIN,,,Approved recruitment plan,No,Historical Movement Subject,Synthetic Workforce Movement Generator
MOVEMENT-00486,HISTORICAL-EMPLOYEE-0296,Historical Finance Employee 0296,Leave,2025-03-18,DEPARTMENT-002,Finance,,,ORGANIZATIONAL-UNIT-FIN,,,,Retirement,No,Historical Movement Subject,Synthetic Workforce Movement Generator
MOVEMENT-00487,HISTORICAL-EMPLOYEE-0297,Historical Finance Employee 0297,Leave,2025-03-14,DEPARTMENT-002,Finance,,,ORGANIZATIONAL-UNIT-FIN,,,,Career opportunity,No,Historical Movement Subject,Synthetic Workforce Movement Generator
MOVEMENT-00488,HISTORICAL-EMPLOYEE-0298,Historical Finance Employee 0298,Leave,2025-03-06,DEPARTMENT-002,Finance,,,ORGANIZATIONAL-UNIT-FIN,,,,Career opportunity,No,Historical Movement Subject,Synthetic Workforce Movement Generator
MOVEMENT-00489,EMP050,Mohsin Butt,Promotion,2025-03-14,DEPARTMENT-002,Finance,DEPARTMENT-002,Finance,ORGANIZATIONAL-UNIT-FIN,ORGANIZATIONAL-UNIT-FIN,POS-050,HISTORICAL-PROMOTION-FIN-07-01,Merit promotion,No,Current Employee Record,Synthetic Workforce Movement Generator
MOVEMENT-00490,HISTORICAL-EMPLOYEE-0299,Historical Sales Employee 0299,Leave,2025-03-20,DEPARTMENT-003,Sales,,,ORGANIZATIONAL-UNIT-SAL,,,,Contract completion,No,Historical Movement Subject,Synthetic Workforce Movement Generator
MOVEMENT-00491,EMP016,Khurram Gill,Promotion,2025-03-23,DEPARTMENT-003,Sales,DEPARTMENT-003,Sales,ORGANIZATIONAL-UNIT-SAL,ORGANIZATIONAL-UNIT-SAL,POS-016,HISTORICAL-PROMOTION-SAL-07-01,Merit promotion,No,Current Employee Record,Synthetic Workforce Movement Generator
MOVEMENT-00492,HISTORICAL-EMPLOYEE-0300,Historical Customer Employee 0300,Leave,2025-03-22,DEPARTMENT-004,Customer Support,,,ORGANIZATIONAL-UNIT-CS,,,,Resignation,Yes,Historical Movement Subject,Synthetic Workforce Movement Generator
MOVEMENT-00493,HISTORICAL-EMPLOYEE-0301,Historical Customer Employee 0301,Leave,2025-03-24,DEPARTMENT-004,Customer Support,,,ORGANIZATIONAL-UNIT-CS,,,,Career opportunity,No,Historical Movement Subject,Synthetic Workforce Movement Generator
MOVEMENT-00494,EMP262,Omar Riaz,Promotion,2025-03-19,DEPARTMENT-004,Customer Support,DEPARTMENT-004,Customer Support,ORGANIZATIONAL-UNIT-CS,ORGANIZATIONAL-UNIT-CS,POS-258,HISTORICAL-PROMOTION-CS-07-01,Annual promotion cycle,No,Current Employee Record,Synthetic Workforce Movement Generator
MOVEMENT-00495,EMP038,Ali Mahmood,Promotion,2025-03-18,DEPARTMENT-004,Customer Support,DEPARTMENT-004,Customer Support,ORGANIZATIONAL-UNIT-CS,ORGANIZATIONAL-UNIT-CS,POS-038,HISTORICAL-PROMOTION-CS-07-02,Merit promotion,No,Current Employee Record,Synthetic Workforce Movement Generator
MOVEMENT-00496,EMP073,Ali Yousaf,Promotion,2025-03-16,DEPARTMENT-004,Customer Support,DEPARTMENT-004,Customer Support,ORGANIZATIONAL-UNIT-CS,ORGANIZATIONAL-UNIT-CS,POS-073,HISTORICAL-PROMOTION-CS-07-03,Role expansion,No,Current Employee Record,Synthetic Workforce Movement Generator
MOVEMENT-00497,HISTORICAL-EMPLOYEE-0302,Historical Engineering Employee 0302,Join,2025-03-22,,,DEPARTMENT-005,Engineering,,ORGANIZATIONAL-UNIT-ENG,,,Replacement hire,No,Historical Movement Subject,Synthetic Workforce Movement Generator
MOVEMENT-00498,EMP133,Usman Raza,Promotion,2025-03-20,DEPARTMENT-005,Engineering,DEPARTMENT-005,Engineering,ORGANIZATIONAL-UNIT-ENG,ORGANIZATIONAL-UNIT-ENG,POS-133,HISTORICAL-PROMOTION-ENG-07-01,Role expansion,No,Current Employee Record,Synthetic Workforce Movement Generator
MOVEMENT-00499,EMP100,Rabia Javed,Promotion,2025-03-06,DEPARTMENT-005,Engineering,DEPARTMENT-005,Engineering,ORGANIZATIONAL-UNIT-ENG,ORGANIZATIONAL-UNIT-ENG,POS-100,HISTORICAL-PROMOTION-ENG-07-02,Annual promotion cycle,No,Current Employee Record,Synthetic Workforce Movement Generator
MOVEMENT-00500,EMP082,Ali Dar,Promotion,2025-03-14,DEPARTMENT-005,Engineering,DEPARTMENT-005,Engineering,ORGANIZATIONAL-UNIT-ENG,ORGANIZATIONAL-UNIT-ENG,POS-082,HISTORICAL-PROMOTION-ENG-07-03,Role expansion,No,Current Employee Record,Synthetic Workforce Movement Generator
MOVEMENT-00501,EMP172,Zoya Hassan,Promotion,2025-03-08,DEPARTMENT-006,Operations,DEPARTMENT-006,Operations,ORGANIZATIONAL-UNIT-OPS,ORGANIZATIONAL-UNIT-OPS,POS-172,HISTORICAL-PROMOTION-OPS-07-01,Role expansion,No,Current Employee Record,Synthetic Workforce Movement Generator
MOVEMENT-00502,EMP149,Muneeb Hameed,Promotion,2025-03-03,DEPARTMENT-006,Operations,DEPARTMENT-006,Operations,ORGANIZATIONAL-UNIT-OPS,ORGANIZATIONAL-UNIT-OPS,POS-149,HISTORICAL-PROMOTION-OPS-07-02,Role expansion,No,Current Employee Record,Synthetic Workforce Movement Generator
MOVEMENT-00503,EMP121,Mehwish Tariq,Promotion,2025-03-11,DEPARTMENT-006,Operations,DEPARTMENT-006,Operations,ORGANIZATIONAL-UNIT-OPS,ORGANIZATIONAL-UNIT-OPS,POS-121,HISTORICAL-PROMOTION-OPS-07-03,Role expansion,No,Current Employee Record,Synthetic Workforce Movement Generator
MOVEMENT-00504,EMP300,Talha Akhtar,Join,2025-03-15,,,DEPARTMENT-007,IT,,ORGANIZATIONAL-UNIT-IT,,,Replacement hire,No,Current Employee Record,Synthetic Workforce Movement Generator
MOVEMENT-00505,HISTORICAL-EMPLOYEE-0303,Historical IT Employee 0303,Join,2025-03-07,,,DEPARTMENT-007,IT,,ORGANIZATIONAL-UNIT-IT,,,Approved recruitment plan,No,Historical Movement Subject,Synthetic Workforce Movement Generator
MOVEMENT-00506,HISTORICAL-EMPLOYEE-0304,Historical IT Employee 0304,Leave,2025-03-23,DEPARTMENT-007,IT,,,ORGANIZATIONAL-UNIT-IT,,,,Resignation,Yes,Historical Movement Subject,Synthetic Workforce Movement Generator
MOVEMENT-00507,HISTORICAL-EMPLOYEE-0305,Historical IT Employee 0305,Leave,2025-03-16,DEPARTMENT-007,IT,,,ORGANIZATIONAL-UNIT-IT,,,,Career opportunity,Yes,Historical Movement Subject,Synthetic Workforce Movement Generator
MOVEMENT-00508,HISTORICAL-EMPLOYEE-0306,Historical IT Employee 0306,Leave,2025-03-19,DEPARTMENT-007,IT,,,ORGANIZATIONAL-UNIT-IT,,,,Resignation,Yes,Historical Movement Subject,Synthetic Workforce Movement Generator
MOVEMENT-00509,HISTORICAL-EMPLOYEE-0307,Historical Medical Employee 0307,Join,2025-03-13,,,DEPARTMENT-008,Medical Care,,ORGANIZATIONAL-UNIT-MED,,,Replacement hire,No,Historical Movement Subject,Synthetic Workforce Movement Generator
MOVEMENT-00510,HISTORICAL-EMPLOYEE-0308,Historical Medical Employee 0308,Join,2025-03-17,,,DEPARTMENT-008,Medical Care,,ORGANIZATIONAL-UNIT-MED,,,Replacement hire,No,Historical Movement Subject,Synthetic Workforce Movement Generator
MOVEMENT-00511,HISTORICAL-EMPLOYEE-0309,Historical Medical Employee 0309,Leave,2025-03-25,DEPARTMENT-008,Medical Care,,,ORGANIZATIONAL-UNIT-MED,,,,Contract completion,No,Historical Movement Subject,Synthetic Workforce Movement Generator
MOVEMENT-00512,HISTORICAL-EMPLOYEE-0310,Historical Medical Employee 0310,Leave,2025-03-19,DEPARTMENT-008,Medical Care,,,ORGANIZATIONAL-UNIT-MED,,,,Contract completion,Yes,Historical Movement Subject,Synthetic Workforce Movement Generator
MOVEMENT-00513,HISTORICAL-EMPLOYEE-0311,Historical Training Employee 0311,Join,2025-03-13,,,DEPARTMENT-009,Training & Development,,ORGANIZATIONAL-UNIT-TRN,,,Internship intake,No,Historical Movement Subject,Synthetic Workforce Movement Generator
MOVEMENT-00514,HISTORICAL-EMPLOYEE-0312,Historical Training Employee 0312,Join,2025-03-17,,,DEPARTMENT-009,Training & Development,,ORGANIZATIONAL-UNIT-TRN,,,Internship intake,No,Historical Movement Subject,Synthetic Workforce Movement Generator
MOVEMENT-00515,HISTORICAL-EMPLOYEE-0313,Historical Training Employee 0313,Join,2025-03-20,,,DEPARTMENT-009,Training & Development,,ORGANIZATIONAL-UNIT-TRN,,,Growth hiring,No,Historical Movement Subject,Synthetic Workforce Movement Generator
MOVEMENT-00516,HISTORICAL-EMPLOYEE-0314,Historical Training Employee 0314,Join,2025-03-14,,,DEPARTMENT-009,Training & Development,,ORGANIZATIONAL-UNIT-TRN,,,Growth hiring,No,Historical Movement Subject,Synthetic Workforce Movement Generator
MOVEMENT-00517,HISTORICAL-EMPLOYEE-0315,Historical Training Employee 0315,Leave,2025-03-05,DEPARTMENT-009,Training & Development,,,ORGANIZATIONAL-UNIT-TRN,,,,Contract completion,Yes,Historical Movement Subject,Synthetic Workforce Movement Generator
MOVEMENT-00518,HISTORICAL-EMPLOYEE-0316,Historical Training Employee 0316,Leave,2025-03-14,DEPARTMENT-009,Training & Development,,,ORGANIZATIONAL-UNIT-TRN,,,,Resignation,Yes,Historical Movement Subject,Synthetic Workforce Movement Generator
MOVEMENT-00519,HISTORICAL-EMPLOYEE-0317,Historical Training Employee 0317,Leave,2025-03-06,DEPARTMENT-009,Training & Development,,,ORGANIZATIONAL-UNIT-TRN,,,,Resignation,No,Historical Movement Subject,Synthetic Workforce Movement Generator
MOVEMENT-00520,EMP402,Asad Habib,Promotion,2025-03-21,DEPARTMENT-009,Training & Development,DEPARTMENT-009,Training & Development,ORGANIZATIONAL-UNIT-TRN,ORGANIZATIONAL-UNIT-TRN,POS-393,HISTORICAL-PROMOTION-TRN-07-01,Merit promotion,No,Current Employee Record,Synthetic Workforce Movement Generator
MOVEMENT-00521,EMP375,Sana Mirza,Promotion,2025-03-06,DEPARTMENT-009,Training & Development,DEPARTMENT-009,Training & Development,ORGANIZATIONAL-UNIT-TRN,ORGANIZATIONAL-UNIT-TRN,POS-366,HISTORICAL-PROMOTION-TRN-07-02,Merit promotion,No,Current Employee Record,Synthetic Workforce Movement Generator
MOVEMENT-00522,EMP372,Hassan Nadeem,Promotion,2025-03-04,DEPARTMENT-009,Training & Development,DEPARTMENT-009,Training & Development,ORGANIZATIONAL-UNIT-TRN,ORGANIZATIONAL-UNIT-TRN,POS-363,HISTORICAL-PROMOTION-TRN-07-03,Annual promotion cycle,No,Current Employee Record,Synthetic Workforce Movement Generator
MOVEMENT-00523,HISTORICAL-EMPLOYEE-0318,Historical Administration Employee 0318,Leave,2025-03-06,DEPARTMENT-010,Administration & Facilities,,,ORGANIZATIONAL-UNIT-ADM,,,,Resignation,No,Historical Movement Subject,Synthetic Workforce Movement Generator
MOVEMENT-00524,EMP432,Kinza Hashmi,Promotion,2025-03-08,DEPARTMENT-010,Administration & Facilities,DEPARTMENT-010,Administration & Facilities,ORGANIZATIONAL-UNIT-ADM,ORGANIZATIONAL-UNIT-ADM,POS-422,HISTORICAL-PROMOTION-ADM-07-01,Role expansion,No,Current Employee Record,Synthetic Workforce Movement Generator
MOVEMENT-00525,EMP442,Usman Riaz,Promotion,2025-03-05,DEPARTMENT-010,Administration & Facilities,DEPARTMENT-010,Administration & Facilities,ORGANIZATIONAL-UNIT-ADM,ORGANIZATIONAL-UNIT-ADM,POS-432,HISTORICAL-PROMOTION-ADM-07-02,Annual promotion cycle,No,Current Employee Record,Synthetic Workforce Movement Generator
MOVEMENT-00526,HISTORICAL-EMPLOYEE-0319,Historical Legal Employee 0319,Join,2025-03-23,,,DEPARTMENT-011,Legal & Compliance,,ORGANIZATIONAL-UNIT-LGL,,,Growth hiring,No,Historical Movement Subject,Synthetic Workforce Movement Generator
MOVEMENT-00527,HISTORICAL-EMPLOYEE-0320,Historical Legal Employee 0320,Join,2025-03-06,,,DEPARTMENT-011,Legal & Compliance,,ORGANIZATIONAL-UNIT-LGL,,,Replacement hire,No,Historical Movement Subject,Synthetic Workforce Movement Generator
MOVEMENT-00528,HISTORICAL-EMPLOYEE-0321,Historical Legal Employee 0321,Join,2025-03-17,,,DEPARTMENT-011,Legal & Compliance,,ORGANIZATIONAL-UNIT-LGL,,,Approved recruitment plan,No,Historical Movement Subject,Synthetic Workforce Movement Generator
MOVEMENT-00529,HISTORICAL-EMPLOYEE-0322,Historical Legal Employee 0322,Join,2025-03-24,,,DEPARTMENT-011,Legal & Compliance,,ORGANIZATIONAL-UNIT-LGL,,,Internship intake,No,Historical Movement Subject,Synthetic Workforce Movement Generator
MOVEMENT-00530,HISTORICAL-EMPLOYEE-0323,Historical Legal Employee 0323,Join,2025-03-17,,,DEPARTMENT-011,Legal & Compliance,,ORGANIZATIONAL-UNIT-LGL,,,Approved recruitment plan,No,Historical Movement Subject,Synthetic Workforce Movement Generator
MOVEMENT-00531,HISTORICAL-EMPLOYEE-0324,Historical Legal Employee 0324,Leave,2025-03-06,DEPARTMENT-011,Legal & Compliance,,,ORGANIZATIONAL-UNIT-LGL,,,,Career opportunity,Yes,Historical Movement Subject,Synthetic Workforce Movement Generator
MOVEMENT-00532,HISTORICAL-EMPLOYEE-0325,Historical Legal Employee 0325,Leave,2025-03-18,DEPARTMENT-011,Legal & Compliance,,,ORGANIZATIONAL-UNIT-LGL,,,,Career opportunity,Yes,Historical Movement Subject,Synthetic Workforce Movement Generator
MOVEMENT-00533,HISTORICAL-EMPLOYEE-0326,Historical Legal Employee 0326,Leave,2025-03-17,DEPARTMENT-011,Legal & Compliance,,,ORGANIZATIONAL-UNIT-LGL,,,,Resignation,Yes,Historical Movement Subject,Synthetic Workforce Movement Generator
MOVEMENT-00534,EMP472,Sidra Iqbal,Promotion,2025-03-24,DEPARTMENT-011,Legal & Compliance,DEPARTMENT-011,Legal & Compliance,ORGANIZATIONAL-UNIT-LGL,ORGANIZATIONAL-UNIT-LGL,POS-461,HISTORICAL-PROMOTION-LGL-07-01,Role expansion,No,Current Employee Record,Synthetic Workforce Movement Generator
MOVEMENT-00535,EMP489,Sara Zafar,Promotion,2025-03-23,DEPARTMENT-011,Legal & Compliance,DEPARTMENT-011,Legal & Compliance,ORGANIZATIONAL-UNIT-LGL,ORGANIZATIONAL-UNIT-LGL,POS-478,HISTORICAL-PROMOTION-LGL-07-02,Annual promotion cycle,No,Current Employee Record,Synthetic Workforce Movement Generator
MOVEMENT-00536,EMP472,Sidra Iqbal,Promotion,2025-03-25,DEPARTMENT-011,Legal & Compliance,DEPARTMENT-011,Legal & Compliance,ORGANIZATIONAL-UNIT-LGL,ORGANIZATIONAL-UNIT-LGL,POS-461,HISTORICAL-PROMOTION-LGL-07-03,Annual promotion cycle,No,Current Employee Record,Synthetic Workforce Movement Generator
MOVEMENT-00537,HISTORICAL-EMPLOYEE-0327,Historical Procurement Employee 0327,Join,2025-03-03,,,DEPARTMENT-012,Procurement & Supply Chain,,ORGANIZATIONAL-UNIT-PRC,,,Replacement hire,No,Historical Movement Subject,Synthetic Workforce Movement Generator
MOVEMENT-00538,HISTORICAL-EMPLOYEE-0328,Historical Procurement Employee 0328,Leave,2025-03-19,DEPARTMENT-012,Procurement & Supply Chain,,,ORGANIZATIONAL-UNIT-PRC,,,,Resignation,Yes,Historical Movement Subject,Synthetic Workforce Movement Generator
MOVEMENT-00539,HISTORICAL-EMPLOYEE-0329,Historical Procurement Employee 0329,Leave,2025-03-05,DEPARTMENT-012,Procurement & Supply Chain,,,ORGANIZATIONAL-UNIT-PRC,,,,Resignation,No,Historical Movement Subject,Synthetic Workforce Movement Generator
MOVEMENT-00540,EMP531,Kamran Iqbal,Promotion,2025-03-12,DEPARTMENT-012,Procurement & Supply Chain,DEPARTMENT-012,Procurement & Supply Chain,ORGANIZATIONAL-UNIT-PRC,ORGANIZATIONAL-UNIT-PRC,POS-519,HISTORICAL-PROMOTION-PRC-07-01,Role expansion,No,Current Employee Record,Synthetic Workforce Movement Generator
MOVEMENT-00541,HISTORICAL-EMPLOYEE-0330,Historical Logistics Employee 0330,Leave,2025-03-05,DEPARTMENT-013,Logistics & Warehouse,,,ORGANIZATIONAL-UNIT-LOG,,,,Contract completion,Yes,Historical Movement Subject,Synthetic Workforce Movement Generator
MOVEMENT-00542,EMP580,Minal Bukhari,Promotion,2025-03-13,DEPARTMENT-013,Logistics & Warehouse,DEPARTMENT-013,Logistics & Warehouse,ORGANIZATIONAL-UNIT-LOG,ORGANIZATIONAL-UNIT-LOG,POS-567,HISTORICAL-PROMOTION-LOG-07-01,Role expansion,No,Current Employee Record,Synthetic Workforce Movement Generator
MOVEMENT-00543,EMP623,Ayesha Hussain,Join,2025-03-13,,,DEPARTMENT-014,Production & Manufacturing,,ORGANIZATIONAL-UNIT-PRD,,,Internship intake,No,Current Employee Record,Synthetic Workforce Movement Generator
MOVEMENT-00544,HISTORICAL-EMPLOYEE-0331,Historical Production Employee 0331,Join,2025-03-19,,,DEPARTMENT-014,Production & Manufacturing,,ORGANIZATIONAL-UNIT-PRD,,,Approved recruitment plan,No,Historical Movement Subject,Synthetic Workforce Movement Generator
MOVEMENT-00545,HISTORICAL-EMPLOYEE-0332,Historical Production Employee 0332,Join,2025-03-06,,,DEPARTMENT-014,Production & Manufacturing,,ORGANIZATIONAL-UNIT-PRD,,,Approved recruitment plan,No,Historical Movement Subject,Synthetic Workforce Movement Generator
MOVEMENT-00546,HISTORICAL-EMPLOYEE-0333,Historical Production Employee 0333,Join,2025-03-20,,,DEPARTMENT-014,Production & Manufacturing,,ORGANIZATIONAL-UNIT-PRD,,,Approved recruitment plan,No,Historical Movement Subject,Synthetic Workforce Movement Generator
MOVEMENT-00547,HISTORICAL-EMPLOYEE-0334,Historical Production Employee 0334,Join,2025-03-11,,,DEPARTMENT-014,Production & Manufacturing,,ORGANIZATIONAL-UNIT-PRD,,,Internship intake,No,Historical Movement Subject,Synthetic Workforce Movement Generator
MOVEMENT-00548,HISTORICAL-EMPLOYEE-0335,Historical Production Employee 0335,Join,2025-03-06,,,DEPARTMENT-014,Production & Manufacturing,,ORGANIZATIONAL-UNIT-PRD,,,Internship intake,No,Historical Movement Subject,Synthetic Workforce Movement Generator
MOVEMENT-00549,HISTORICAL-EMPLOYEE-0336,Historical Production Employee 0336,Leave,2025-03-16,DEPARTMENT-014,Production & Manufacturing,,,ORGANIZATIONAL-UNIT-PRD,,,,Retirement,Yes,Historical Movement Subject,Synthetic Workforce Movement Generator
MOVEMENT-00550,HISTORICAL-EMPLOYEE-0337,Historical Production Employee 0337,Leave,2025-03-20,DEPARTMENT-014,Production & Manufacturing,,,ORGANIZATIONAL-UNIT-PRD,,,,Contract completion,Yes,Historical Movement Subject,Synthetic Workforce Movement Generator
MOVEMENT-00551,HISTORICAL-EMPLOYEE-0338,Historical Production Employee 0338,Leave,2025-03-09,DEPARTMENT-014,Production & Manufacturing,,,ORGANIZATIONAL-UNIT-PRD,,,,Retirement,Yes,Historical Movement Subject,Synthetic Workforce Movement Generator
MOVEMENT-00552,EMP611,Omar Mahmood,Promotion,2025-03-14,DEPARTMENT-014,Production & Manufacturing,DEPARTMENT-014,Production & Manufacturing,ORGANIZATIONAL-UNIT-PRD,ORGANIZATIONAL-UNIT-PRD,POS-597,HISTORICAL-PROMOTION-PRD-07-01,Role expansion,No,Current Employee Record,Synthetic Workforce Movement Generator
MOVEMENT-00553,EMP607,Maryam Saeed,Promotion,2025-03-21,DEPARTMENT-014,Production & Manufacturing,DEPARTMENT-014,Production & Manufacturing,ORGANIZATIONAL-UNIT-PRD,ORGANIZATIONAL-UNIT-PRD,POS-593,HISTORICAL-PROMOTION-PRD-07-02,Role expansion,No,Current Employee Record,Synthetic Workforce Movement Generator
MOVEMENT-00554,HISTORICAL-EMPLOYEE-0339,Historical Quality Employee 0339,Leave,2025-03-10,DEPARTMENT-015,Quality Assurance,,,ORGANIZATIONAL-UNIT-QAS,,,,Career opportunity,No,Historical Movement Subject,Synthetic Workforce Movement Generator
MOVEMENT-00555,EMP654,Kinza Javed,Promotion,2025-03-04,DEPARTMENT-015,Quality Assurance,DEPARTMENT-015,Quality Assurance,ORGANIZATIONAL-UNIT-QAS,ORGANIZATIONAL-UNIT-QAS,POS-639,HISTORICAL-PROMOTION-QAS-07-01,Annual promotion cycle,No,Current Employee Record,Synthetic Workforce Movement Generator
MOVEMENT-00556,EMP648,Kashif Hashmi,Promotion,2025-03-04,DEPARTMENT-015,Quality Assurance,DEPARTMENT-015,Quality Assurance,ORGANIZATIONAL-UNIT-QAS,ORGANIZATIONAL-UNIT-QAS,POS-633,HISTORICAL-PROMOTION-QAS-07-02,Role expansion,No,Current Employee Record,Synthetic Workforce Movement Generator
MOVEMENT-00557,EMP643,Bilal Khan,Promotion,2025-03-22,DEPARTMENT-015,Quality Assurance,DEPARTMENT-015,Quality Assurance,ORGANIZATIONAL-UNIT-QAS,ORGANIZATIONAL-UNIT-QAS,POS-628,HISTORICAL-PROMOTION-QAS-07-03,Annual promotion cycle,No,Current Employee Record,Synthetic Workforce Movement Generator
MOVEMENT-00558,EMP707,Laiba Munir,Join,2025-03-08,,,DEPARTMENT-016,Research & Development,,ORGANIZATIONAL-UNIT-RND,,,Replacement hire,No,Current Employee Record,Synthetic Workforce Movement Generator
MOVEMENT-00559,HISTORICAL-EMPLOYEE-0340,Historical Research Employee 0340,Join,2025-03-03,,,DEPARTMENT-016,Research & Development,,ORGANIZATIONAL-UNIT-RND,,,Growth hiring,No,Historical Movement Subject,Synthetic Workforce Movement Generator
MOVEMENT-00560,HISTORICAL-EMPLOYEE-0341,Historical Research Employee 0341,Join,2025-03-23,,,DEPARTMENT-016,Research & Development,,ORGANIZATIONAL-UNIT-RND,,,Replacement hire,No,Historical Movement Subject,Synthetic Workforce Movement Generator
MOVEMENT-00561,HISTORICAL-EMPLOYEE-0342,Historical Research Employee 0342,Join,2025-03-17,,,DEPARTMENT-016,Research & Development,,ORGANIZATIONAL-UNIT-RND,,,Internship intake,No,Historical Movement Subject,Synthetic Workforce Movement Generator
MOVEMENT-00562,HISTORICAL-EMPLOYEE-0343,Historical Research Employee 0343,Join,2025-03-09,,,DEPARTMENT-016,Research & Development,,ORGANIZATIONAL-UNIT-RND,,,Replacement hire,No,Historical Movement Subject,Synthetic Workforce Movement Generator
MOVEMENT-00563,HISTORICAL-EMPLOYEE-0344,Historical Research Employee 0344,Leave,2025-03-08,DEPARTMENT-016,Research & Development,,,ORGANIZATIONAL-UNIT-RND,,,,Contract completion,Yes,Historical Movement Subject,Synthetic Workforce Movement Generator
MOVEMENT-00564,HISTORICAL-EMPLOYEE-0345,Historical Research Employee 0345,Leave,2025-03-10,DEPARTMENT-016,Research & Development,,,ORGANIZATIONAL-UNIT-RND,,,,Retirement,No,Historical Movement Subject,Synthetic Workforce Movement Generator
MOVEMENT-00565,HISTORICAL-EMPLOYEE-0346,Historical Research Employee 0346,Leave,2025-03-20,DEPARTMENT-016,Research & Development,,,ORGANIZATIONAL-UNIT-RND,,,,Contract completion,No,Historical Movement Subject,Synthetic Workforce Movement Generator
MOVEMENT-00566,EMP701,Zainab Faisal,Promotion,2025-03-02,DEPARTMENT-016,Research & Development,DEPARTMENT-016,Research & Development,ORGANIZATIONAL-UNIT-RND,ORGANIZATIONAL-UNIT-RND,POS-685,HISTORICAL-PROMOTION-RND-07-01,Annual promotion cycle,No,Current Employee Record,Synthetic Workforce Movement Generator
MOVEMENT-00567,EMP383,Rabia Awan,Transfer,2025-04-10,DEPARTMENT-009,Training & Development,DEPARTMENT-015,Quality Assurance,ORGANIZATIONAL-UNIT-TRN,ORGANIZATIONAL-UNIT-QAS,POS-374,HISTORICAL-DESTINATION-QAS-08,Workforce balancing,Yes,Current Employee Record,Synthetic Workforce Movement Generator
MOVEMENT-00568,EMP645,Kinza Rehman,Transfer,2025-04-04,DEPARTMENT-015,Quality Assurance,DEPARTMENT-005,Engineering,ORGANIZATIONAL-UNIT-QAS,ORGANIZATIONAL-UNIT-ENG,POS-630,HISTORICAL-DESTINATION-ENG-08,Business requirement,Yes,Current Employee Record,Synthetic Workforce Movement Generator
MOVEMENT-00569,EMP055,Sadia Mahmood,Transfer,2025-04-09,DEPARTMENT-005,Engineering,DEPARTMENT-016,Research & Development,ORGANIZATIONAL-UNIT-ENG,ORGANIZATIONAL-UNIT-RND,POS-055,HISTORICAL-DESTINATION-RND-08,Business requirement,Yes,Current Employee Record,Synthetic Workforce Movement Generator
MOVEMENT-00570,EMP143,Hamza Awan,Transfer,2025-04-14,DEPARTMENT-002,Finance,DEPARTMENT-012,Procurement & Supply Chain,ORGANIZATIONAL-UNIT-FIN,ORGANIZATIONAL-UNIT-PRC,POS-143,HISTORICAL-DESTINATION-PRC-08,Employee request,Yes,Current Employee Record,Synthetic Workforce Movement Generator
MOVEMENT-00571,HISTORICAL-EMPLOYEE-0347,Historical HR Employee 0347,Join,2025-04-07,,,DEPARTMENT-001,HR,,ORGANIZATIONAL-UNIT-HR,,,Growth hiring,No,Historical Movement Subject,Synthetic Workforce Movement Generator
MOVEMENT-00572,HISTORICAL-EMPLOYEE-0348,Historical HR Employee 0348,Join,2025-04-12,,,DEPARTMENT-001,HR,,ORGANIZATIONAL-UNIT-HR,,,Growth hiring,No,Historical Movement Subject,Synthetic Workforce Movement Generator
MOVEMENT-00573,HISTORICAL-EMPLOYEE-0349,Historical HR Employee 0349,Join,2025-04-22,,,DEPARTMENT-001,HR,,ORGANIZATIONAL-UNIT-HR,,,Growth hiring,No,Historical Movement Subject,Synthetic Workforce Movement Generator
MOVEMENT-00574,HISTORICAL-EMPLOYEE-0350,Historical HR Employee 0350,Join,2025-04-22,,,DEPARTMENT-001,HR,,ORGANIZATIONAL-UNIT-HR,,,Approved recruitment plan,No,Historical Movement Subject,Synthetic Workforce Movement Generator
MOVEMENT-00575,HISTORICAL-EMPLOYEE-0351,Historical HR Employee 0351,Leave,2025-04-15,DEPARTMENT-001,HR,,,ORGANIZATIONAL-UNIT-HR,,,,Resignation,No,Historical Movement Subject,Synthetic Workforce Movement Generator
MOVEMENT-00576,HISTORICAL-EMPLOYEE-0352,Historical HR Employee 0352,Leave,2025-04-25,DEPARTMENT-001,HR,,,ORGANIZATIONAL-UNIT-HR,,,,Resignation,Yes,Historical Movement Subject,Synthetic Workforce Movement Generator
MOVEMENT-00577,HISTORICAL-EMPLOYEE-0353,Historical HR Employee 0353,Leave,2025-04-14,DEPARTMENT-001,HR,,,ORGANIZATIONAL-UNIT-HR,,,,Career opportunity,Yes,Historical Movement Subject,Synthetic Workforce Movement Generator
MOVEMENT-00578,EMP217,Laiba Qureshi,Promotion,2025-04-14,DEPARTMENT-001,HR,DEPARTMENT-001,HR,ORGANIZATIONAL-UNIT-HR,ORGANIZATIONAL-UNIT-HR,POS-216,HISTORICAL-PROMOTION-HR-08-01,Annual promotion cycle,No,Current Employee Record,Synthetic Workforce Movement Generator
MOVEMENT-00579,EMP081,Sonia Arif,Promotion,2025-04-19,DEPARTMENT-001,HR,DEPARTMENT-001,HR,ORGANIZATIONAL-UNIT-HR,ORGANIZATIONAL-UNIT-HR,POS-081,HISTORICAL-PROMOTION-HR-08-02,Merit promotion,No,Current Employee Record,Synthetic Workforce Movement Generator
MOVEMENT-00580,HISTORICAL-EMPLOYEE-0354,Historical Finance Employee 0354,Join,2025-04-04,,,DEPARTMENT-002,Finance,,ORGANIZATIONAL-UNIT-FIN,,,Growth hiring,No,Historical Movement Subject,Synthetic Workforce Movement Generator
MOVEMENT-00581,HISTORICAL-EMPLOYEE-0355,Historical Finance Employee 0355,Join,2025-04-17,,,DEPARTMENT-002,Finance,,ORGANIZATIONAL-UNIT-FIN,,,Replacement hire,No,Historical Movement Subject,Synthetic Workforce Movement Generator
MOVEMENT-00582,HISTORICAL-EMPLOYEE-0356,Historical Finance Employee 0356,Join,2025-04-03,,,DEPARTMENT-002,Finance,,ORGANIZATIONAL-UNIT-FIN,,,Replacement hire,No,Historical Movement Subject,Synthetic Workforce Movement Generator
MOVEMENT-00583,HISTORICAL-EMPLOYEE-0357,Historical Finance Employee 0357,Join,2025-04-12,,,DEPARTMENT-002,Finance,,ORGANIZATIONAL-UNIT-FIN,,,Growth hiring,No,Historical Movement Subject,Synthetic Workforce Movement Generator
MOVEMENT-00584,HISTORICAL-EMPLOYEE-0358,Historical Finance Employee 0358,Leave,2025-04-19,DEPARTMENT-002,Finance,,,ORGANIZATIONAL-UNIT-FIN,,,,Retirement,Yes,Historical Movement Subject,Synthetic Workforce Movement Generator
MOVEMENT-00585,HISTORICAL-EMPLOYEE-0359,Historical Finance Employee 0359,Leave,2025-04-18,DEPARTMENT-002,Finance,,,ORGANIZATIONAL-UNIT-FIN,,,,Career opportunity,Yes,Historical Movement Subject,Synthetic Workforce Movement Generator
MOVEMENT-00586,HISTORICAL-EMPLOYEE-0360,Historical Finance Employee 0360,Leave,2025-04-15,DEPARTMENT-002,Finance,,,ORGANIZATIONAL-UNIT-FIN,,,,Career opportunity,Yes,Historical Movement Subject,Synthetic Workforce Movement Generator
MOVEMENT-00587,EMP241,Mahnoor Hameed,Promotion,2025-04-17,DEPARTMENT-002,Finance,DEPARTMENT-002,Finance,ORGANIZATIONAL-UNIT-FIN,ORGANIZATIONAL-UNIT-FIN,POS-239,HISTORICAL-PROMOTION-FIN-08-01,Role expansion,No,Current Employee Record,Synthetic Workforce Movement Generator
MOVEMENT-00588,HISTORICAL-EMPLOYEE-0361,Historical Sales Employee 0361,Join,2025-04-22,,,DEPARTMENT-003,Sales,,ORGANIZATIONAL-UNIT-SAL,,,Replacement hire,No,Historical Movement Subject,Synthetic Workforce Movement Generator
MOVEMENT-00589,HISTORICAL-EMPLOYEE-0362,Historical Customer Employee 0362,Join,2025-04-10,,,DEPARTMENT-004,Customer Support,,ORGANIZATIONAL-UNIT-CS,,,Internship intake,No,Historical Movement Subject,Synthetic Workforce Movement Generator
MOVEMENT-00590,HISTORICAL-EMPLOYEE-0363,Historical Customer Employee 0363,Join,2025-04-20,,,DEPARTMENT-004,Customer Support,,ORGANIZATIONAL-UNIT-CS,,,Growth hiring,No,Historical Movement Subject,Synthetic Workforce Movement Generator
MOVEMENT-00591,HISTORICAL-EMPLOYEE-0364,Historical Customer Employee 0364,Join,2025-04-20,,,DEPARTMENT-004,Customer Support,,ORGANIZATIONAL-UNIT-CS,,,Growth hiring,No,Historical Movement Subject,Synthetic Workforce Movement Generator
MOVEMENT-00592,HISTORICAL-EMPLOYEE-0365,Historical Customer Employee 0365,Join,2025-04-22,,,DEPARTMENT-004,Customer Support,,ORGANIZATIONAL-UNIT-CS,,,Internship intake,No,Historical Movement Subject,Synthetic Workforce Movement Generator
MOVEMENT-00593,HISTORICAL-EMPLOYEE-0366,Historical Customer Employee 0366,Join,2025-04-18,,,DEPARTMENT-004,Customer Support,,ORGANIZATIONAL-UNIT-CS,,,Growth hiring,No,Historical Movement Subject,Synthetic Workforce Movement Generator
MOVEMENT-00594,HISTORICAL-EMPLOYEE-0367,Historical Customer Employee 0367,Leave,2025-04-05,DEPARTMENT-004,Customer Support,,,ORGANIZATIONAL-UNIT-CS,,,,Career opportunity,Yes,Historical Movement Subject,Synthetic Workforce Movement Generator
MOVEMENT-00595,HISTORICAL-EMPLOYEE-0368,Historical Customer Employee 0368,Leave,2025-04-05,DEPARTMENT-004,Customer Support,,,ORGANIZATIONAL-UNIT-CS,,,,Retirement,Yes,Historical Movement Subject,Synthetic Workforce Movement Generator
MOVEMENT-00596,HISTORICAL-EMPLOYEE-0369,Historical Customer Employee 0369,Leave,2025-04-12,DEPARTMENT-004,Customer Support,,,ORGANIZATIONAL-UNIT-CS,,,,Career opportunity,No,Historical Movement Subject,Synthetic Workforce Movement Generator
MOVEMENT-00597,EMP020,Waqas Khan,Promotion,2025-04-14,DEPARTMENT-004,Customer Support,DEPARTMENT-004,Customer Support,ORGANIZATIONAL-UNIT-CS,ORGANIZATIONAL-UNIT-CS,POS-020,HISTORICAL-PROMOTION-CS-08-01,Annual promotion cycle,No,Current Employee Record,Synthetic Workforce Movement Generator
MOVEMENT-00598,EMP264,Areeba Rauf,Promotion,2025-04-03,DEPARTMENT-004,Customer Support,DEPARTMENT-004,Customer Support,ORGANIZATIONAL-UNIT-CS,ORGANIZATIONAL-UNIT-CS,POS-260,HISTORICAL-PROMOTION-CS-08-02,Annual promotion cycle,No,Current Employee Record,Synthetic Workforce Movement Generator
MOVEMENT-00599,EMP200,Ahmad Abbasi,Promotion,2025-04-12,DEPARTMENT-004,Customer Support,DEPARTMENT-004,Customer Support,ORGANIZATIONAL-UNIT-CS,ORGANIZATIONAL-UNIT-CS,POS-200,HISTORICAL-PROMOTION-CS-08-03,Role expansion,No,Current Employee Record,Synthetic Workforce Movement Generator
MOVEMENT-00600,EMP005,Farhan Shah,Join,2025-04-12,,,DEPARTMENT-005,Engineering,,ORGANIZATIONAL-UNIT-ENG,,,Replacement hire,No,Current Employee Record,Synthetic Workforce Movement Generator
MOVEMENT-00601,HISTORICAL-EMPLOYEE-0370,Historical Engineering Employee 0370,Leave,2025-04-23,DEPARTMENT-005,Engineering,,,ORGANIZATIONAL-UNIT-ENG,,,,Retirement,Yes,Historical Movement Subject,Synthetic Workforce Movement Generator
MOVEMENT-00602,EMP117,Saad Ullah,Promotion,2025-04-10,DEPARTMENT-005,Engineering,DEPARTMENT-005,Engineering,ORGANIZATIONAL-UNIT-ENG,ORGANIZATIONAL-UNIT-ENG,POS-117,HISTORICAL-PROMOTION-ENG-08-01,Annual promotion cycle,No,Current Employee Record,Synthetic Workforce Movement Generator
MOVEMENT-00603,EMP010,Salman Shah,Promotion,2025-04-18,DEPARTMENT-005,Engineering,DEPARTMENT-005,Engineering,ORGANIZATIONAL-UNIT-ENG,ORGANIZATIONAL-UNIT-ENG,POS-010,HISTORICAL-PROMOTION-ENG-08-02,Role expansion,No,Current Employee Record,Synthetic Workforce Movement Generator
MOVEMENT-00604,EMP082,Ali Dar,Promotion,2025-04-13,DEPARTMENT-005,Engineering,DEPARTMENT-005,Engineering,ORGANIZATIONAL-UNIT-ENG,ORGANIZATIONAL-UNIT-ENG,POS-082,HISTORICAL-PROMOTION-ENG-08-03,Role expansion,No,Current Employee Record,Synthetic Workforce Movement Generator
MOVEMENT-00605,HISTORICAL-EMPLOYEE-0371,Historical Operations Employee 0371,Join,2025-04-18,,,DEPARTMENT-006,Operations,,ORGANIZATIONAL-UNIT-OPS,,,Growth hiring,No,Historical Movement Subject,Synthetic Workforce Movement Generator
MOVEMENT-00606,HISTORICAL-EMPLOYEE-0372,Historical Operations Employee 0372,Join,2025-04-24,,,DEPARTMENT-006,Operations,,ORGANIZATIONAL-UNIT-OPS,,,Growth hiring,No,Historical Movement Subject,Synthetic Workforce Movement Generator
MOVEMENT-00607,HISTORICAL-EMPLOYEE-0373,Historical Operations Employee 0373,Join,2025-04-09,,,DEPARTMENT-006,Operations,,ORGANIZATIONAL-UNIT-OPS,,,Internship intake,No,Historical Movement Subject,Synthetic Workforce Movement Generator
MOVEMENT-00608,HISTORICAL-EMPLOYEE-0374,Historical Operations Employee 0374,Leave,2025-04-24,DEPARTMENT-006,Operations,,,ORGANIZATIONAL-UNIT-OPS,,,,Resignation,No,Historical Movement Subject,Synthetic Workforce Movement Generator
MOVEMENT-00609,EMP113,Shahbaz Gill,Join,2025-04-08,,,DEPARTMENT-007,IT,,ORGANIZATIONAL-UNIT-IT,,,Internship intake,No,Current Employee Record,Synthetic Workforce Movement Generator
MOVEMENT-00610,HISTORICAL-EMPLOYEE-0375,Historical IT Employee 0375,Join,2025-04-09,,,DEPARTMENT-007,IT,,ORGANIZATIONAL-UNIT-IT,,,Approved recruitment plan,No,Historical Movement Subject,Synthetic Workforce Movement Generator
MOVEMENT-00611,HISTORICAL-EMPLOYEE-0376,Historical IT Employee 0376,Join,2025-04-03,,,DEPARTMENT-007,IT,,ORGANIZATIONAL-UNIT-IT,,,Replacement hire,No,Historical Movement Subject,Synthetic Workforce Movement Generator
MOVEMENT-00612,HISTORICAL-EMPLOYEE-0377,Historical IT Employee 0377,Leave,2025-04-14,DEPARTMENT-007,IT,,,ORGANIZATIONAL-UNIT-IT,,,,Retirement,No,Historical Movement Subject,Synthetic Workforce Movement Generator
MOVEMENT-00613,EMP037,Zara Mahmood,Promotion,2025-04-09,DEPARTMENT-007,IT,DEPARTMENT-007,IT,ORGANIZATIONAL-UNIT-IT,ORGANIZATIONAL-UNIT-IT,POS-037,HISTORICAL-PROMOTION-IT-08-01,Annual promotion cycle,No,Current Employee Record,Synthetic Workforce Movement Generator
MOVEMENT-00614,HISTORICAL-EMPLOYEE-0378,Historical Medical Employee 0378,Join,2025-04-25,,,DEPARTMENT-008,Medical Care,,ORGANIZATIONAL-UNIT-MED,,,Internship intake,No,Historical Movement Subject,Synthetic Workforce Movement Generator
MOVEMENT-00615,HISTORICAL-EMPLOYEE-0379,Historical Medical Employee 0379,Join,2025-04-23,,,DEPARTMENT-008,Medical Care,,ORGANIZATIONAL-UNIT-MED,,,Growth hiring,No,Historical Movement Subject,Synthetic Workforce Movement Generator
MOVEMENT-00616,HISTORICAL-EMPLOYEE-0380,Historical Medical Employee 0380,Leave,2025-04-04,DEPARTMENT-008,Medical Care,,,ORGANIZATIONAL-UNIT-MED,,,,Resignation,No,Historical Movement Subject,Synthetic Workforce Movement Generator
MOVEMENT-00617,HISTORICAL-EMPLOYEE-0381,Historical Medical Employee 0381,Leave,2025-04-12,DEPARTMENT-008,Medical Care,,,ORGANIZATIONAL-UNIT-MED,,,,Contract completion,Yes,Historical Movement Subject,Synthetic Workforce Movement Generator
MOVEMENT-00618,HISTORICAL-EMPLOYEE-0382,Historical Training Employee 0382,Leave,2025-04-21,DEPARTMENT-009,Training & Development,,,ORGANIZATIONAL-UNIT-TRN,,,,Contract completion,Yes,Historical Movement Subject,Synthetic Workforce Movement Generator
MOVEMENT-00619,HISTORICAL-EMPLOYEE-0383,Historical Training Employee 0383,Leave,2025-04-12,DEPARTMENT-009,Training & Development,,,ORGANIZATIONAL-UNIT-TRN,,,,Career opportunity,No,Historical Movement Subject,Synthetic Workforce Movement Generator
MOVEMENT-00620,EMP374,Iqra Habib,Promotion,2025-04-16,DEPARTMENT-009,Training & Development,DEPARTMENT-009,Training & Development,ORGANIZATIONAL-UNIT-TRN,ORGANIZATIONAL-UNIT-TRN,POS-365,HISTORICAL-PROMOTION-TRN-08-01,Annual promotion cycle,No,Current Employee Record,Synthetic Workforce Movement Generator
MOVEMENT-00621,EMP389,Amna Latif,Promotion,2025-04-08,DEPARTMENT-009,Training & Development,DEPARTMENT-009,Training & Development,ORGANIZATIONAL-UNIT-TRN,ORGANIZATIONAL-UNIT-TRN,POS-380,HISTORICAL-PROMOTION-TRN-08-02,Role expansion,No,Current Employee Record,Synthetic Workforce Movement Generator
MOVEMENT-00622,EMP423,Danish Latif,Join,2025-04-04,,,DEPARTMENT-010,Administration & Facilities,,ORGANIZATIONAL-UNIT-ADM,,,Approved recruitment plan,No,Current Employee Record,Synthetic Workforce Movement Generator
MOVEMENT-00623,HISTORICAL-EMPLOYEE-0384,Historical Administration Employee 0384,Join,2025-04-20,,,DEPARTMENT-010,Administration & Facilities,,ORGANIZATIONAL-UNIT-ADM,,,Internship intake,No,Historical Movement Subject,Synthetic Workforce Movement Generator
MOVEMENT-00624,HISTORICAL-EMPLOYEE-0385,Historical Administration Employee 0385,Join,2025-04-13,,,DEPARTMENT-010,Administration & Facilities,,ORGANIZATIONAL-UNIT-ADM,,,Replacement hire,No,Historical Movement Subject,Synthetic Workforce Movement Generator
MOVEMENT-00625,HISTORICAL-EMPLOYEE-0386,Historical Administration Employee 0386,Leave,2025-04-14,DEPARTMENT-010,Administration & Facilities,,,ORGANIZATIONAL-UNIT-ADM,,,,Contract completion,Yes,Historical Movement Subject,Synthetic Workforce Movement Generator
MOVEMENT-00626,HISTORICAL-EMPLOYEE-0387,Historical Administration Employee 0387,Leave,2025-04-05,DEPARTMENT-010,Administration & Facilities,,,ORGANIZATIONAL-UNIT-ADM,,,,Career opportunity,Yes,Historical Movement Subject,Synthetic Workforce Movement Generator
MOVEMENT-00627,HISTORICAL-EMPLOYEE-0388,Historical Legal Employee 0388,Leave,2025-04-09,DEPARTMENT-011,Legal & Compliance,,,ORGANIZATIONAL-UNIT-LGL,,,,Contract completion,Yes,Historical Movement Subject,Synthetic Workforce Movement Generator
MOVEMENT-00628,EMP512,Asad Butt,Promotion,2025-04-11,DEPARTMENT-012,Procurement & Supply Chain,DEPARTMENT-012,Procurement & Supply Chain,ORGANIZATIONAL-UNIT-PRC,ORGANIZATIONAL-UNIT-PRC,POS-500,HISTORICAL-PROMOTION-PRC-08-01,Annual promotion cycle,No,Current Employee Record,Synthetic Workforce Movement Generator
MOVEMENT-00629,EMP504,Omar Siddiqui,Promotion,2025-04-13,DEPARTMENT-012,Procurement & Supply Chain,DEPARTMENT-012,Procurement & Supply Chain,ORGANIZATIONAL-UNIT-PRC,ORGANIZATIONAL-UNIT-PRC,POS-492,HISTORICAL-PROMOTION-PRC-08-02,Annual promotion cycle,No,Current Employee Record,Synthetic Workforce Movement Generator
MOVEMENT-00630,HISTORICAL-EMPLOYEE-0389,Historical Logistics Employee 0389,Join,2025-04-06,,,DEPARTMENT-013,Logistics & Warehouse,,ORGANIZATIONAL-UNIT-LOG,,,Replacement hire,No,Historical Movement Subject,Synthetic Workforce Movement Generator
MOVEMENT-00631,HISTORICAL-EMPLOYEE-0390,Historical Logistics Employee 0390,Join,2025-04-23,,,DEPARTMENT-013,Logistics & Warehouse,,ORGANIZATIONAL-UNIT-LOG,,,Growth hiring,No,Historical Movement Subject,Synthetic Workforce Movement Generator
MOVEMENT-00632,EMP582,Noor Sheikh,Promotion,2025-04-18,DEPARTMENT-013,Logistics & Warehouse,DEPARTMENT-013,Logistics & Warehouse,ORGANIZATIONAL-UNIT-LOG,ORGANIZATIONAL-UNIT-LOG,POS-569,HISTORICAL-PROMOTION-LOG-08-01,Merit promotion,No,Current Employee Record,Synthetic Workforce Movement Generator
MOVEMENT-00633,EMP567,Hira Javed,Promotion,2025-04-23,DEPARTMENT-013,Logistics & Warehouse,DEPARTMENT-013,Logistics & Warehouse,ORGANIZATIONAL-UNIT-LOG,ORGANIZATIONAL-UNIT-LOG,POS-554,HISTORICAL-PROMOTION-LOG-08-02,Merit promotion,No,Current Employee Record,Synthetic Workforce Movement Generator
MOVEMENT-00634,EMP614,Asad Rashid,Join,2025-04-05,,,DEPARTMENT-014,Production & Manufacturing,,ORGANIZATIONAL-UNIT-PRD,,,Growth hiring,No,Current Employee Record,Synthetic Workforce Movement Generator
MOVEMENT-00635,EMP615,Waqas Munir,Join,2025-04-19,,,DEPARTMENT-014,Production & Manufacturing,,ORGANIZATIONAL-UNIT-PRD,,,Approved recruitment plan,No,Current Employee Record,Synthetic Workforce Movement Generator
MOVEMENT-00636,EMP620,Iqra Ansari,Join,2025-04-09,,,DEPARTMENT-014,Production & Manufacturing,,ORGANIZATIONAL-UNIT-PRD,,,Approved recruitment plan,No,Current Employee Record,Synthetic Workforce Movement Generator
MOVEMENT-00637,HISTORICAL-EMPLOYEE-0391,Historical Production Employee 0391,Leave,2025-04-24,DEPARTMENT-014,Production & Manufacturing,,,ORGANIZATIONAL-UNIT-PRD,,,,Career opportunity,Yes,Historical Movement Subject,Synthetic Workforce Movement Generator
MOVEMENT-00638,HISTORICAL-EMPLOYEE-0392,Historical Production Employee 0392,Leave,2025-04-18,DEPARTMENT-014,Production & Manufacturing,,,ORGANIZATIONAL-UNIT-PRD,,,,Retirement,Yes,Historical Movement Subject,Synthetic Workforce Movement Generator
MOVEMENT-00639,HISTORICAL-EMPLOYEE-0393,Historical Production Employee 0393,Leave,2025-04-03,DEPARTMENT-014,Production & Manufacturing,,,ORGANIZATIONAL-UNIT-PRD,,,,Resignation,Yes,Historical Movement Subject,Synthetic Workforce Movement Generator
MOVEMENT-00640,EMP616,Rabia Sheikh,Promotion,2025-04-07,DEPARTMENT-014,Production & Manufacturing,DEPARTMENT-014,Production & Manufacturing,ORGANIZATIONAL-UNIT-PRD,ORGANIZATIONAL-UNIT-PRD,POS-602,HISTORICAL-PROMOTION-PRD-08-01,Merit promotion,No,Current Employee Record,Synthetic Workforce Movement Generator
MOVEMENT-00641,EMP612,Hassan Khalid,Promotion,2025-04-04,DEPARTMENT-014,Production & Manufacturing,DEPARTMENT-014,Production & Manufacturing,ORGANIZATIONAL-UNIT-PRD,ORGANIZATIONAL-UNIT-PRD,POS-598,HISTORICAL-PROMOTION-PRD-08-02,Annual promotion cycle,No,Current Employee Record,Synthetic Workforce Movement Generator
MOVEMENT-00642,EMP666,Saad Hashmi,Join,2025-04-24,,,DEPARTMENT-015,Quality Assurance,,ORGANIZATIONAL-UNIT-QAS,,,Internship intake,No,Current Employee Record,Synthetic Workforce Movement Generator
MOVEMENT-00643,HISTORICAL-EMPLOYEE-0394,Historical Quality Employee 0394,Join,2025-04-06,,,DEPARTMENT-015,Quality Assurance,,ORGANIZATIONAL-UNIT-QAS,,,Replacement hire,No,Historical Movement Subject,Synthetic Workforce Movement Generator
MOVEMENT-00644,HISTORICAL-EMPLOYEE-0395,Historical Research Employee 0395,Leave,2025-04-15,DEPARTMENT-016,Research & Development,,,ORGANIZATIONAL-UNIT-RND,,,,Retirement,Yes,Historical Movement Subject,Synthetic Workforce Movement Generator
MOVEMENT-00645,EMP684,Kamran Mirza,Promotion,2025-04-05,DEPARTMENT-016,Research & Development,DEPARTMENT-016,Research & Development,ORGANIZATIONAL-UNIT-RND,ORGANIZATIONAL-UNIT-RND,POS-668,HISTORICAL-PROMOTION-RND-08-01,Role expansion,No,Current Employee Record,Synthetic Workforce Movement Generator
MOVEMENT-00646,EMP050,Mohsin Butt,Transfer,2025-05-10,DEPARTMENT-002,Finance,DEPARTMENT-016,Research & Development,ORGANIZATIONAL-UNIT-FIN,ORGANIZATIONAL-UNIT-RND,POS-050,HISTORICAL-DESTINATION-RND-09,Workforce balancing,Yes,Current Employee Record,Synthetic Workforce Movement Generator
MOVEMENT-00647,EMP569,Bilal Rauf,Transfer,2025-05-22,DEPARTMENT-013,Logistics & Warehouse,DEPARTMENT-001,HR,ORGANIZATIONAL-UNIT-LOG,ORGANIZATIONAL-UNIT-HR,POS-556,HISTORICAL-DESTINATION-HR-09,Business requirement,Yes,Current Employee Record,Synthetic Workforce Movement Generator
MOVEMENT-00648,EMP136,Fatima Saleem,Transfer,2025-05-26,DEPARTMENT-001,HR,DEPARTMENT-012,Procurement & Supply Chain,ORGANIZATIONAL-UNIT-HR,ORGANIZATIONAL-UNIT-PRC,POS-136,HISTORICAL-DESTINATION-PRC-09,Employee request,Yes,Current Employee Record,Synthetic Workforce Movement Generator
MOVEMENT-00649,EMP522,Nida Riaz,Transfer,2025-05-19,DEPARTMENT-012,Procurement & Supply Chain,DEPARTMENT-015,Quality Assurance,ORGANIZATIONAL-UNIT-PRC,ORGANIZATIONAL-UNIT-QAS,POS-510,HISTORICAL-DESTINATION-QAS-09,Career development,Yes,Current Employee Record,Synthetic Workforce Movement Generator
MOVEMENT-00650,HISTORICAL-EMPLOYEE-0396,Historical HR Employee 0396,Join,2025-05-21,,,DEPARTMENT-001,HR,,ORGANIZATIONAL-UNIT-HR,,,Growth hiring,No,Historical Movement Subject,Synthetic Workforce Movement Generator
MOVEMENT-00651,HISTORICAL-EMPLOYEE-0397,Historical HR Employee 0397,Leave,2025-05-16,DEPARTMENT-001,HR,,,ORGANIZATIONAL-UNIT-HR,,,,Contract completion,Yes,Historical Movement Subject,Synthetic Workforce Movement Generator
MOVEMENT-00652,HISTORICAL-EMPLOYEE-0398,Historical HR Employee 0398,Leave,2025-05-25,DEPARTMENT-001,HR,,,ORGANIZATIONAL-UNIT-HR,,,,Retirement,Yes,Historical Movement Subject,Synthetic Workforce Movement Generator
MOVEMENT-00653,EMP204,Mahnoor Khan,Promotion,2025-05-22,DEPARTMENT-001,HR,DEPARTMENT-001,HR,ORGANIZATIONAL-UNIT-HR,ORGANIZATIONAL-UNIT-HR,POS-203,HISTORICAL-PROMOTION-HR-09-01,Merit promotion,No,Current Employee Record,Synthetic Workforce Movement Generator
MOVEMENT-00654,EMP218,Laiba Zafar,Promotion,2025-05-07,DEPARTMENT-001,HR,DEPARTMENT-001,HR,ORGANIZATIONAL-UNIT-HR,ORGANIZATIONAL-UNIT-HR,POS-217,HISTORICAL-PROMOTION-HR-09-02,Merit promotion,No,Current Employee Record,Synthetic Workforce Movement Generator
MOVEMENT-00655,HISTORICAL-EMPLOYEE-0399,Historical Finance Employee 0399,Join,2025-05-24,,,DEPARTMENT-002,Finance,,ORGANIZATIONAL-UNIT-FIN,,,Approved recruitment plan,No,Historical Movement Subject,Synthetic Workforce Movement Generator
MOVEMENT-00656,HISTORICAL-EMPLOYEE-0400,Historical Finance Employee 0400,Join,2025-05-05,,,DEPARTMENT-002,Finance,,ORGANIZATIONAL-UNIT-FIN,,,Internship intake,No,Historical Movement Subject,Synthetic Workforce Movement Generator
MOVEMENT-00657,HISTORICAL-EMPLOYEE-0401,Historical Finance Employee 0401,Join,2025-05-03,,,DEPARTMENT-002,Finance,,ORGANIZATIONAL-UNIT-FIN,,,Growth hiring,No,Historical Movement Subject,Synthetic Workforce Movement Generator
MOVEMENT-00658,HISTORICAL-EMPLOYEE-0402,Historical Finance Employee 0402,Join,2025-05-05,,,DEPARTMENT-002,Finance,,ORGANIZATIONAL-UNIT-FIN,,,Replacement hire,No,Historical Movement Subject,Synthetic Workforce Movement Generator
MOVEMENT-00659,HISTORICAL-EMPLOYEE-0403,Historical Finance Employee 0403,Leave,2025-05-17,DEPARTMENT-002,Finance,,,ORGANIZATIONAL-UNIT-FIN,,,,Contract completion,No,Historical Movement Subject,Synthetic Workforce Movement Generator
MOVEMENT-00660,HISTORICAL-EMPLOYEE-0404,Historical Finance Employee 0404,Leave,2025-05-02,DEPARTMENT-002,Finance,,,ORGANIZATIONAL-UNIT-FIN,,,,Contract completion,Yes,Historical Movement Subject,Synthetic Workforce Movement Generator
MOVEMENT-00661,HISTORICAL-EMPLOYEE-0405,Historical Finance Employee 0405,Leave,2025-05-17,DEPARTMENT-002,Finance,,,ORGANIZATIONAL-UNIT-FIN,,,,Retirement,Yes,Historical Movement Subject,Synthetic Workforce Movement Generator
MOVEMENT-00662,EMP090,Noman Ahmad,Promotion,2025-05-03,DEPARTMENT-002,Finance,DEPARTMENT-002,Finance,ORGANIZATIONAL-UNIT-FIN,ORGANIZATIONAL-UNIT-FIN,POS-090,HISTORICAL-PROMOTION-FIN-09-01,Annual promotion cycle,No,Current Employee Record,Synthetic Workforce Movement Generator
MOVEMENT-00663,EMP243,Mehwish Khalid,Promotion,2025-05-05,DEPARTMENT-002,Finance,DEPARTMENT-002,Finance,ORGANIZATIONAL-UNIT-FIN,ORGANIZATIONAL-UNIT-FIN,POS-241,HISTORICAL-PROMOTION-FIN-09-02,Merit promotion,No,Current Employee Record,Synthetic Workforce Movement Generator
MOVEMENT-00664,EMP060,Mohsin Yousaf,Join,2025-05-12,,,DEPARTMENT-003,Sales,,ORGANIZATIONAL-UNIT-SAL,,,Replacement hire,No,Current Employee Record,Synthetic Workforce Movement Generator
MOVEMENT-00665,HISTORICAL-EMPLOYEE-0406,Historical Sales Employee 0406,Join,2025-05-03,,,DEPARTMENT-003,Sales,,ORGANIZATIONAL-UNIT-SAL,,,Growth hiring,No,Historical Movement Subject,Synthetic Workforce Movement Generator
MOVEMENT-00666,HISTORICAL-EMPLOYEE-0407,Historical Sales Employee 0407,Join,2025-05-13,,,DEPARTMENT-003,Sales,,ORGANIZATIONAL-UNIT-SAL,,,Replacement hire,No,Historical Movement Subject,Synthetic Workforce Movement Generator
MOVEMENT-00667,HISTORICAL-EMPLOYEE-0408,Historical Sales Employee 0408,Leave,2025-05-19,DEPARTMENT-003,Sales,,,ORGANIZATIONAL-UNIT-SAL,,,,Retirement,Yes,Historical Movement Subject,Synthetic Workforce Movement Generator
MOVEMENT-00668,HISTORICAL-EMPLOYEE-0409,Historical Sales Employee 0409,Leave,2025-05-14,DEPARTMENT-003,Sales,,,ORGANIZATIONAL-UNIT-SAL,,,,Contract completion,Yes,Historical Movement Subject,Synthetic Workforce Movement Generator
MOVEMENT-00669,EMP060,Mohsin Yousaf,Promotion,2025-05-15,DEPARTMENT-003,Sales,DEPARTMENT-003,Sales,ORGANIZATIONAL-UNIT-SAL,ORGANIZATIONAL-UNIT-SAL,POS-060,HISTORICAL-PROMOTION-SAL-09-01,Annual promotion cycle,No,Current Employee Record,Synthetic Workforce Movement Generator
MOVEMENT-00670,EMP074,Omer Hameed,Promotion,2025-05-04,DEPARTMENT-003,Sales,DEPARTMENT-003,Sales,ORGANIZATIONAL-UNIT-SAL,ORGANIZATIONAL-UNIT-SAL,POS-074,HISTORICAL-PROMOTION-SAL-09-02,Role expansion,No,Current Employee Record,Synthetic Workforce Movement Generator
MOVEMENT-00671,HISTORICAL-EMPLOYEE-0410,Historical Customer Employee 0410,Join,2025-05-08,,,DEPARTMENT-004,Customer Support,,ORGANIZATIONAL-UNIT-CS,,,Approved recruitment plan,No,Historical Movement Subject,Synthetic Workforce Movement Generator
MOVEMENT-00672,HISTORICAL-EMPLOYEE-0411,Historical Customer Employee 0411,Join,2025-05-22,,,DEPARTMENT-004,Customer Support,,ORGANIZATIONAL-UNIT-CS,,,Replacement hire,No,Historical Movement Subject,Synthetic Workforce Movement Generator
MOVEMENT-00673,HISTORICAL-EMPLOYEE-0412,Historical Customer Employee 0412,Leave,2025-05-12,DEPARTMENT-004,Customer Support,,,ORGANIZATIONAL-UNIT-CS,,,,Resignation,Yes,Historical Movement Subject,Synthetic Workforce Movement Generator
MOVEMENT-00674,HISTORICAL-EMPLOYEE-0413,Historical Customer Employee 0413,Leave,2025-05-03,DEPARTMENT-004,Customer Support,,,ORGANIZATIONAL-UNIT-CS,,,,Contract completion,Yes,Historical Movement Subject,Synthetic Workforce Movement Generator
MOVEMENT-00675,HISTORICAL-EMPLOYEE-0414,Historical Customer Employee 0414,Leave,2025-05-24,DEPARTMENT-004,Customer Support,,,ORGANIZATIONAL-UNIT-CS,,,,Contract completion,Yes,Historical Movement Subject,Synthetic Workforce Movement Generator
MOVEMENT-00676,EMP052,Raza Hassan,Promotion,2025-05-13,DEPARTMENT-004,Customer Support,DEPARTMENT-004,Customer Support,ORGANIZATIONAL-UNIT-CS,ORGANIZATIONAL-UNIT-CS,POS-052,HISTORICAL-PROMOTION-CS-09-01,Role expansion,No,Current Employee Record,Synthetic Workforce Movement Generator
MOVEMENT-00677,EMP194,Shahid Ahmad,Promotion,2025-05-23,DEPARTMENT-004,Customer Support,DEPARTMENT-004,Customer Support,ORGANIZATIONAL-UNIT-CS,ORGANIZATIONAL-UNIT-CS,POS-194,HISTORICAL-PROMOTION-CS-09-02,Annual promotion cycle,No,Current Employee Record,Synthetic Workforce Movement Generator
MOVEMENT-00678,EMP154,Hina Abbasi,Join,2025-05-09,,,DEPARTMENT-005,Engineering,,ORGANIZATIONAL-UNIT-ENG,,,Growth hiring,No,Current Employee Record,Synthetic Workforce Movement Generator
MOVEMENT-00679,HISTORICAL-EMPLOYEE-0415,Historical Engineering Employee 0415,Join,2025-05-11,,,DEPARTMENT-005,Engineering,,ORGANIZATIONAL-UNIT-ENG,,,Growth hiring,No,Historical Movement Subject,Synthetic Workforce Movement Generator
MOVEMENT-00680,HISTORICAL-EMPLOYEE-0416,Historical Engineering Employee 0416,Leave,2025-05-11,DEPARTMENT-005,Engineering,,,ORGANIZATIONAL-UNIT-ENG,,,,Career opportunity,No,Historical Movement Subject,Synthetic Workforce Movement Generator
MOVEMENT-00681,HISTORICAL-EMPLOYEE-0417,Historical Engineering Employee 0417,Leave,2025-05-18,DEPARTMENT-005,Engineering,,,ORGANIZATIONAL-UNIT-ENG,,,,Resignation,No,Historical Movement Subject,Synthetic Workforce Movement Generator
MOVEMENT-00682,EMP058,Shahid Malik,Promotion,2025-05-09,DEPARTMENT-005,Engineering,DEPARTMENT-005,Engineering,ORGANIZATIONAL-UNIT-ENG,ORGANIZATIONAL-UNIT-ENG,POS-058,HISTORICAL-PROMOTION-ENG-09-01,Annual promotion cycle,No,Current Employee Record,Synthetic Workforce Movement Generator
MOVEMENT-00683,EMP163,Sidra Sheikh,Promotion,2025-05-02,DEPARTMENT-005,Engineering,DEPARTMENT-005,Engineering,ORGANIZATIONAL-UNIT-ENG,ORGANIZATIONAL-UNIT-ENG,POS-163,HISTORICAL-PROMOTION-ENG-09-02,Role expansion,No,Current Employee Record,Synthetic Workforce Movement Generator
MOVEMENT-00684,HISTORICAL-EMPLOYEE-0418,Historical Operations Employee 0418,Leave,2025-05-19,DEPARTMENT-006,Operations,,,ORGANIZATIONAL-UNIT-OPS,,,,Retirement,Yes,Historical Movement Subject,Synthetic Workforce Movement Generator
MOVEMENT-00685,EMP288,Hira Chaudhry,Promotion,2025-05-15,DEPARTMENT-006,Operations,DEPARTMENT-006,Operations,ORGANIZATIONAL-UNIT-OPS,ORGANIZATIONAL-UNIT-OPS,POS-282,HISTORICAL-PROMOTION-OPS-09-01,Role expansion,No,Current Employee Record,Synthetic Workforce Movement Generator
MOVEMENT-00686,EMP122,Hafsa Ullah,Promotion,2025-05-24,DEPARTMENT-006,Operations,DEPARTMENT-006,Operations,ORGANIZATIONAL-UNIT-OPS,ORGANIZATIONAL-UNIT-OPS,POS-122,HISTORICAL-PROMOTION-OPS-09-02,Merit promotion,No,Current Employee Record,Synthetic Workforce Movement Generator
MOVEMENT-00687,EMP157,Saba Qureshi,Promotion,2025-05-13,DEPARTMENT-006,Operations,DEPARTMENT-006,Operations,ORGANIZATIONAL-UNIT-OPS,ORGANIZATIONAL-UNIT-OPS,POS-157,HISTORICAL-PROMOTION-OPS-09-03,Annual promotion cycle,No,Current Employee Record,Synthetic Workforce Movement Generator
MOVEMENT-00688,EMP019,Hina Hussain,Join,2025-05-21,,,DEPARTMENT-007,IT,,ORGANIZATIONAL-UNIT-IT,,,Growth hiring,No,Current Employee Record,Synthetic Workforce Movement Generator
MOVEMENT-00689,HISTORICAL-EMPLOYEE-0419,Historical IT Employee 0419,Join,2025-05-12,,,DEPARTMENT-007,IT,,ORGANIZATIONAL-UNIT-IT,,,Approved recruitment plan,No,Historical Movement Subject,Synthetic Workforce Movement Generator
MOVEMENT-00690,HISTORICAL-EMPLOYEE-0420,Historical IT Employee 0420,Join,2025-05-20,,,DEPARTMENT-007,IT,,ORGANIZATIONAL-UNIT-IT,,,Approved recruitment plan,No,Historical Movement Subject,Synthetic Workforce Movement Generator
MOVEMENT-00691,HISTORICAL-EMPLOYEE-0421,Historical IT Employee 0421,Leave,2025-05-08,DEPARTMENT-007,IT,,,ORGANIZATIONAL-UNIT-IT,,,,Retirement,Yes,Historical Movement Subject,Synthetic Workforce Movement Generator
MOVEMENT-00692,HISTORICAL-EMPLOYEE-0422,Historical IT Employee 0422,Leave,2025-05-03,DEPARTMENT-007,IT,,,ORGANIZATIONAL-UNIT-IT,,,,Retirement,Yes,Historical Movement Subject,Synthetic Workforce Movement Generator
MOVEMENT-00693,HISTORICAL-EMPLOYEE-0423,Historical IT Employee 0423,Leave,2025-05-13,DEPARTMENT-007,IT,,,ORGANIZATIONAL-UNIT-IT,,,,Resignation,No,Historical Movement Subject,Synthetic Workforce Movement Generator
MOVEMENT-00694,EMP312,Areeba Tariq,Promotion,2025-05-05,DEPARTMENT-007,IT,DEPARTMENT-007,IT,ORGANIZATIONAL-UNIT-IT,ORGANIZATIONAL-UNIT-IT,POS-305,HISTORICAL-PROMOTION-IT-09-01,Merit promotion,No,Current Employee Record,Synthetic Workforce Movement Generator
MOVEMENT-00695,EMP033,Ali Chaudhry,Promotion,2025-05-03,DEPARTMENT-007,IT,DEPARTMENT-007,IT,ORGANIZATIONAL-UNIT-IT,ORGANIZATIONAL-UNIT-IT,POS-033,HISTORICAL-PROMOTION-IT-09-02,Role expansion,No,Current Employee Record,Synthetic Workforce Movement Generator
MOVEMENT-00696,HISTORICAL-EMPLOYEE-0424,Historical Medical Employee 0424,Join,2025-05-20,,,DEPARTMENT-008,Medical Care,,ORGANIZATIONAL-UNIT-MED,,,Internship intake,No,Historical Movement Subject,Synthetic Workforce Movement Generator
MOVEMENT-00697,HISTORICAL-EMPLOYEE-0425,Historical Medical Employee 0425,Join,2025-05-11,,,DEPARTMENT-008,Medical Care,,ORGANIZATIONAL-UNIT-MED,,,Growth hiring,No,Historical Movement Subject,Synthetic Workforce Movement Generator
MOVEMENT-00698,HISTORICAL-EMPLOYEE-0426,Historical Medical Employee 0426,Join,2025-05-16,,,DEPARTMENT-008,Medical Care,,ORGANIZATIONAL-UNIT-MED,,,Growth hiring,No,Historical Movement Subject,Synthetic Workforce Movement Generator
MOVEMENT-00699,HISTORICAL-EMPLOYEE-0427,Historical Medical Employee 0427,Leave,2025-05-07,DEPARTMENT-008,Medical Care,,,ORGANIZATIONAL-UNIT-MED,,,,Contract completion,Yes,Historical Movement Subject,Synthetic Workforce Movement Generator
MOVEMENT-00700,HISTORICAL-EMPLOYEE-0428,Historical Medical Employee 0428,Leave,2025-05-06,DEPARTMENT-008,Medical Care,,,ORGANIZATIONAL-UNIT-MED,,,,Career opportunity,Yes,Historical Movement Subject,Synthetic Workforce Movement Generator
MOVEMENT-00701,EMP352,Bilal Mughal,Promotion,2025-05-09,DEPARTMENT-008,Medical Care,DEPARTMENT-008,Medical Care,ORGANIZATIONAL-UNIT-MED,ORGANIZATIONAL-UNIT-MED,POS-344,HISTORICAL-PROMOTION-MED-09-01,Merit promotion,No,Current Employee Record,Synthetic Workforce Movement Generator
MOVEMENT-00702,HISTORICAL-EMPLOYEE-0429,Historical Training Employee 0429,Join,2025-05-11,,,DEPARTMENT-009,Training & Development,,ORGANIZATIONAL-UNIT-TRN,,,Internship intake,No,Historical Movement Subject,Synthetic Workforce Movement Generator
MOVEMENT-00703,HISTORICAL-EMPLOYEE-0430,Historical Training Employee 0430,Leave,2025-05-22,DEPARTMENT-009,Training & Development,,,ORGANIZATIONAL-UNIT-TRN,,,,Career opportunity,Yes,Historical Movement Subject,Synthetic Workforce Movement Generator
MOVEMENT-00704,EMP384,Ayesha Farooq,Promotion,2025-05-03,DEPARTMENT-009,Training & Development,DEPARTMENT-009,Training & Development,ORGANIZATIONAL-UNIT-TRN,ORGANIZATIONAL-UNIT-TRN,POS-375,HISTORICAL-PROMOTION-TRN-09-01,Merit promotion,No,Current Employee Record,Synthetic Workforce Movement Generator
MOVEMENT-00705,EMP379,Anusha Qureshi,Promotion,2025-05-13,DEPARTMENT-009,Training & Development,DEPARTMENT-009,Training & Development,ORGANIZATIONAL-UNIT-TRN,ORGANIZATIONAL-UNIT-TRN,POS-370,HISTORICAL-PROMOTION-TRN-09-02,Role expansion,No,Current Employee Record,Synthetic Workforce Movement Generator
MOVEMENT-00706,EMP379,Anusha Qureshi,Promotion,2025-05-25,DEPARTMENT-009,Training & Development,DEPARTMENT-009,Training & Development,ORGANIZATIONAL-UNIT-TRN,ORGANIZATIONAL-UNIT-TRN,POS-370,HISTORICAL-PROMOTION-TRN-09-03,Annual promotion cycle,No,Current Employee Record,Synthetic Workforce Movement Generator
MOVEMENT-00707,EMP434,Ayesha Awan,Join,2025-05-13,,,DEPARTMENT-010,Administration & Facilities,,ORGANIZATIONAL-UNIT-ADM,,,Growth hiring,No,Current Employee Record,Synthetic Workforce Movement Generator
MOVEMENT-00708,HISTORICAL-EMPLOYEE-0431,Historical Administration Employee 0431,Leave,2025-05-02,DEPARTMENT-010,Administration & Facilities,,,ORGANIZATIONAL-UNIT-ADM,,,,Contract completion,Yes,Historical Movement Subject,Synthetic Workforce Movement Generator
MOVEMENT-00709,HISTORICAL-EMPLOYEE-0432,Historical Administration Employee 0432,Leave,2025-05-05,DEPARTMENT-010,Administration & Facilities,,,ORGANIZATIONAL-UNIT-ADM,,,,Resignation,Yes,Historical Movement Subject,Synthetic Workforce Movement Generator
MOVEMENT-00710,EMP482,Danish Malik,Join,2025-05-18,,,DEPARTMENT-011,Legal & Compliance,,ORGANIZATIONAL-UNIT-LGL,,,Approved recruitment plan,No,Current Employee Record,Synthetic Workforce Movement Generator
MOVEMENT-00711,HISTORICAL-EMPLOYEE-0433,Historical Legal Employee 0433,Leave,2025-05-14,DEPARTMENT-011,Legal & Compliance,,,ORGANIZATIONAL-UNIT-LGL,,,,Contract completion,Yes,Historical Movement Subject,Synthetic Workforce Movement Generator
MOVEMENT-00712,EMP483,Bilal Mahmood,Promotion,2025-05-24,DEPARTMENT-011,Legal & Compliance,DEPARTMENT-011,Legal & Compliance,ORGANIZATIONAL-UNIT-LGL,ORGANIZATIONAL-UNIT-LGL,POS-472,HISTORICAL-PROMOTION-LGL-09-01,Annual promotion cycle,No,Current Employee Record,Synthetic Workforce Movement Generator
MOVEMENT-00713,EMP472,Sidra Iqbal,Promotion,2025-05-18,DEPARTMENT-011,Legal & Compliance,DEPARTMENT-011,Legal & Compliance,ORGANIZATIONAL-UNIT-LGL,ORGANIZATIONAL-UNIT-LGL,POS-461,HISTORICAL-PROMOTION-LGL-09-02,Role expansion,No,Current Employee Record,Synthetic Workforce Movement Generator
MOVEMENT-00714,EMP487,Talha Hashmi,Promotion,2025-05-16,DEPARTMENT-011,Legal & Compliance,DEPARTMENT-011,Legal & Compliance,ORGANIZATIONAL-UNIT-LGL,ORGANIZATIONAL-UNIT-LGL,POS-476,HISTORICAL-PROMOTION-LGL-09-03,Annual promotion cycle,No,Current Employee Record,Synthetic Workforce Movement Generator
MOVEMENT-00715,EMP529,Ayesha Waheed,Join,2025-05-20,,,DEPARTMENT-012,Procurement & Supply Chain,,ORGANIZATIONAL-UNIT-PRC,,,Approved recruitment plan,No,Current Employee Record,Synthetic Workforce Movement Generator
MOVEMENT-00716,HISTORICAL-EMPLOYEE-0434,Historical Procurement Employee 0434,Join,2025-05-05,,,DEPARTMENT-012,Procurement & Supply Chain,,ORGANIZATIONAL-UNIT-PRC,,,Growth hiring,No,Historical Movement Subject,Synthetic Workforce Movement Generator
MOVEMENT-00717,HISTORICAL-EMPLOYEE-0435,Historical Procurement Employee 0435,Leave,2025-05-20,DEPARTMENT-012,Procurement & Supply Chain,,,ORGANIZATIONAL-UNIT-PRC,,,,Career opportunity,Yes,Historical Movement Subject,Synthetic Workforce Movement Generator
MOVEMENT-00718,EMP534,Hassan Siddiqui,Promotion,2025-05-02,DEPARTMENT-012,Procurement & Supply Chain,DEPARTMENT-012,Procurement & Supply Chain,ORGANIZATIONAL-UNIT-PRC,ORGANIZATIONAL-UNIT-PRC,POS-522,HISTORICAL-PROMOTION-PRC-09-01,Annual promotion cycle,No,Current Employee Record,Synthetic Workforce Movement Generator
MOVEMENT-00719,EMP523,Noor Siddiqui,Promotion,2025-05-16,DEPARTMENT-012,Procurement & Supply Chain,DEPARTMENT-012,Procurement & Supply Chain,ORGANIZATIONAL-UNIT-PRC,ORGANIZATIONAL-UNIT-PRC,POS-511,HISTORICAL-PROMOTION-PRC-09-02,Merit promotion,No,Current Employee Record,Synthetic Workforce Movement Generator
MOVEMENT-00720,HISTORICAL-EMPLOYEE-0436,Historical Logistics Employee 0436,Join,2025-05-10,,,DEPARTMENT-013,Logistics & Warehouse,,ORGANIZATIONAL-UNIT-LOG,,,Internship intake,No,Historical Movement Subject,Synthetic Workforce Movement Generator
MOVEMENT-00721,HISTORICAL-EMPLOYEE-0437,Historical Logistics Employee 0437,Join,2025-05-17,,,DEPARTMENT-013,Logistics & Warehouse,,ORGANIZATIONAL-UNIT-LOG,,,Internship intake,No,Historical Movement Subject,Synthetic Workforce Movement Generator
MOVEMENT-00722,HISTORICAL-EMPLOYEE-0438,Historical Logistics Employee 0438,Join,2025-05-21,,,DEPARTMENT-013,Logistics & Warehouse,,ORGANIZATIONAL-UNIT-LOG,,,Internship intake,No,Historical Movement Subject,Synthetic Workforce Movement Generator
MOVEMENT-00723,HISTORICAL-EMPLOYEE-0439,Historical Logistics Employee 0439,Join,2025-05-13,,,DEPARTMENT-013,Logistics & Warehouse,,ORGANIZATIONAL-UNIT-LOG,,,Replacement hire,No,Historical Movement Subject,Synthetic Workforce Movement Generator
MOVEMENT-00724,HISTORICAL-EMPLOYEE-0440,Historical Logistics Employee 0440,Leave,2025-05-04,DEPARTMENT-013,Logistics & Warehouse,,,ORGANIZATIONAL-UNIT-LOG,,,,Contract completion,Yes,Historical Movement Subject,Synthetic Workforce Movement Generator
MOVEMENT-00725,HISTORICAL-EMPLOYEE-0441,Historical Logistics Employee 0441,Leave,2025-05-18,DEPARTMENT-013,Logistics & Warehouse,,,ORGANIZATIONAL-UNIT-LOG,,,,Resignation,Yes,Historical Movement Subject,Synthetic Workforce Movement Generator
MOVEMENT-00726,EMP555,Danish Hashmi,Promotion,2025-05-19,DEPARTMENT-013,Logistics & Warehouse,DEPARTMENT-013,Logistics & Warehouse,ORGANIZATIONAL-UNIT-LOG,ORGANIZATIONAL-UNIT-LOG,POS-542,HISTORICAL-PROMOTION-LOG-09-01,Merit promotion,No,Current Employee Record,Synthetic Workforce Movement Generator
MOVEMENT-00727,HISTORICAL-EMPLOYEE-0442,Historical Production Employee 0442,Join,2025-05-10,,,DEPARTMENT-014,Production & Manufacturing,,ORGANIZATIONAL-UNIT-PRD,,,Approved recruitment plan,No,Historical Movement Subject,Synthetic Workforce Movement Generator
MOVEMENT-00728,HISTORICAL-EMPLOYEE-0443,Historical Production Employee 0443,Join,2025-05-14,,,DEPARTMENT-014,Production & Manufacturing,,ORGANIZATIONAL-UNIT-PRD,,,Growth hiring,No,Historical Movement Subject,Synthetic Workforce Movement Generator
MOVEMENT-00729,HISTORICAL-EMPLOYEE-0444,Historical Production Employee 0444,Leave,2025-05-12,DEPARTMENT-014,Production & Manufacturing,,,ORGANIZATIONAL-UNIT-PRD,,,,Retirement,No,Historical Movement Subject,Synthetic Workforce Movement Generator
MOVEMENT-00730,HISTORICAL-EMPLOYEE-0445,Historical Production Employee 0445,Leave,2025-05-07,DEPARTMENT-014,Production & Manufacturing,,,ORGANIZATIONAL-UNIT-PRD,,,,Career opportunity,No,Historical Movement Subject,Synthetic Workforce Movement Generator
MOVEMENT-00731,EMP615,Waqas Munir,Promotion,2025-05-13,DEPARTMENT-014,Production & Manufacturing,DEPARTMENT-014,Production & Manufacturing,ORGANIZATIONAL-UNIT-PRD,ORGANIZATIONAL-UNIT-PRD,POS-601,HISTORICAL-PROMOTION-PRD-09-01,Role expansion,No,Current Employee Record,Synthetic Workforce Movement Generator
MOVEMENT-00732,EMP661,Fatima Sheikh,Join,2025-05-23,,,DEPARTMENT-015,Quality Assurance,,ORGANIZATIONAL-UNIT-QAS,,,Replacement hire,No,Current Employee Record,Synthetic Workforce Movement Generator
MOVEMENT-00733,EMP664,Komal Shah,Join,2025-05-17,,,DEPARTMENT-015,Quality Assurance,,ORGANIZATIONAL-UNIT-QAS,,,Approved recruitment plan,No,Current Employee Record,Synthetic Workforce Movement Generator
MOVEMENT-00734,HISTORICAL-EMPLOYEE-0446,Historical Quality Employee 0446,Join,2025-05-07,,,DEPARTMENT-015,Quality Assurance,,ORGANIZATIONAL-UNIT-QAS,,,Growth hiring,No,Historical Movement Subject,Synthetic Workforce Movement Generator
MOVEMENT-00735,HISTORICAL-EMPLOYEE-0447,Historical Quality Employee 0447,Leave,2025-05-05,DEPARTMENT-015,Quality Assurance,,,ORGANIZATIONAL-UNIT-QAS,,,,Career opportunity,Yes,Historical Movement Subject,Synthetic Workforce Movement Generator
MOVEMENT-00736,HISTORICAL-EMPLOYEE-0448,Historical Quality Employee 0448,Leave,2025-05-20,DEPARTMENT-015,Quality Assurance,,,ORGANIZATIONAL-UNIT-QAS,,,,Career opportunity,Yes,Historical Movement Subject,Synthetic Workforce Movement Generator
MOVEMENT-00737,HISTORICAL-EMPLOYEE-0449,Historical Quality Employee 0449,Leave,2025-05-08,DEPARTMENT-015,Quality Assurance,,,ORGANIZATIONAL-UNIT-QAS,,,,Contract completion,Yes,Historical Movement Subject,Synthetic Workforce Movement Generator
MOVEMENT-00738,EMP648,Kashif Hashmi,Promotion,2025-05-07,DEPARTMENT-015,Quality Assurance,DEPARTMENT-015,Quality Assurance,ORGANIZATIONAL-UNIT-QAS,ORGANIZATIONAL-UNIT-QAS,POS-633,HISTORICAL-PROMOTION-QAS-09-01,Role expansion,No,Current Employee Record,Synthetic Workforce Movement Generator
MOVEMENT-00739,HISTORICAL-EMPLOYEE-0450,Historical Research Employee 0450,Leave,2025-05-13,DEPARTMENT-016,Research & Development,,,ORGANIZATIONAL-UNIT-RND,,,,Retirement,No,Historical Movement Subject,Synthetic Workforce Movement Generator
MOVEMENT-00740,EMP695,Noman Hameed,Promotion,2025-05-19,DEPARTMENT-016,Research & Development,DEPARTMENT-016,Research & Development,ORGANIZATIONAL-UNIT-RND,ORGANIZATIONAL-UNIT-RND,POS-679,HISTORICAL-PROMOTION-RND-09-01,Role expansion,No,Current Employee Record,Synthetic Workforce Movement Generator
MOVEMENT-00741,EMP716,Saba Awan,Promotion,2025-05-07,DEPARTMENT-016,Research & Development,DEPARTMENT-016,Research & Development,ORGANIZATIONAL-UNIT-RND,ORGANIZATIONAL-UNIT-RND,POS-700,HISTORICAL-PROMOTION-RND-09-02,Merit promotion,No,Current Employee Record,Synthetic Workforce Movement Generator
MOVEMENT-00742,EMP121,Mehwish Tariq,Transfer,2025-06-08,DEPARTMENT-006,Operations,DEPARTMENT-004,Customer Support,ORGANIZATIONAL-UNIT-OPS,ORGANIZATIONAL-UNIT-CS,POS-121,HISTORICAL-DESTINATION-CS-10,Employee request,Yes,Current Employee Record,Synthetic Workforce Movement Generator
MOVEMENT-00743,EMP042,Amna Aslam,Transfer,2025-06-11,DEPARTMENT-004,Customer Support,DEPARTMENT-002,Finance,ORGANIZATIONAL-UNIT-CS,ORGANIZATIONAL-UNIT-FIN,POS-042,HISTORICAL-DESTINATION-FIN-10,Workforce balancing,Yes,Current Employee Record,Synthetic Workforce Movement Generator
MOVEMENT-00744,EMP108,Ayesha Ahmad,Transfer,2025-06-10,DEPARTMENT-001,HR,DEPARTMENT-016,Research & Development,ORGANIZATIONAL-UNIT-HR,ORGANIZATIONAL-UNIT-RND,POS-108,HISTORICAL-DESTINATION-RND-10,Employee request,Yes,Current Employee Record,Synthetic Workforce Movement Generator
MOVEMENT-00745,EMP463,Talha Ansari,Transfer,2025-06-13,DEPARTMENT-011,Legal & Compliance,DEPARTMENT-003,Sales,ORGANIZATIONAL-UNIT-LGL,ORGANIZATIONAL-UNIT-SAL,POS-452,HISTORICAL-DESTINATION-SAL-10,Career development,Yes,Current Employee Record,Synthetic Workforce Movement Generator
MOVEMENT-00746,EMP659,Fahad Sultan,Transfer,2025-06-26,DEPARTMENT-015,Quality Assurance,DEPARTMENT-008,Medical Care,ORGANIZATIONAL-UNIT-QAS,ORGANIZATIONAL-UNIT-MED,POS-644,HISTORICAL-DESTINATION-MED-10,Career development,Yes,Current Employee Record,Synthetic Workforce Movement Generator
MOVEMENT-00747,EMP124,Fahad Javed,Transfer,2025-06-25,DEPARTMENT-003,Sales,DEPARTMENT-013,Logistics & Warehouse,ORGANIZATIONAL-UNIT-SAL,ORGANIZATIONAL-UNIT-LOG,POS-124,HISTORICAL-DESTINATION-LOG-10,Employee request,Yes,Current Employee Record,Synthetic Workforce Movement Generator
MOVEMENT-00748,EMP423,Danish Latif,Transfer,2025-06-23,DEPARTMENT-010,Administration & Facilities,DEPARTMENT-001,HR,ORGANIZATIONAL-UNIT-ADM,ORGANIZATIONAL-UNIT-HR,POS-413,HISTORICAL-DESTINATION-HR-10,Employee request,Yes,Current Employee Record,Synthetic Workforce Movement Generator
MOVEMENT-00749,EMP003,Kamran Ali,Transfer,2025-06-12,DEPARTMENT-002,Finance,DEPARTMENT-012,Procurement & Supply Chain,ORGANIZATIONAL-UNIT-FIN,ORGANIZATIONAL-UNIT-PRC,POS-003,HISTORICAL-DESTINATION-PRC-10,Workforce balancing,Yes,Current Employee Record,Synthetic Workforce Movement Generator
MOVEMENT-00750,EMP690,Imran Dar,Transfer,2025-06-04,DEPARTMENT-016,Research & Development,DEPARTMENT-003,Sales,ORGANIZATIONAL-UNIT-RND,ORGANIZATIONAL-UNIT-SAL,POS-674,HISTORICAL-DESTINATION-SAL-10,Employee request,Yes,Current Employee Record,Synthetic Workforce Movement Generator
MOVEMENT-00751,EMP297,Usman Mughal,Transfer,2025-06-04,DEPARTMENT-007,IT,DEPARTMENT-015,Quality Assurance,ORGANIZATIONAL-UNIT-IT,ORGANIZATIONAL-UNIT-QAS,POS-290,HISTORICAL-DESTINATION-QAS-10,Workforce balancing,Yes,Current Employee Record,Synthetic Workforce Movement Generator
MOVEMENT-00752,HISTORICAL-EMPLOYEE-0451,Historical HR Employee 0451,Join,2025-06-07,,,DEPARTMENT-001,HR,,ORGANIZATIONAL-UNIT-HR,,,Replacement hire,No,Historical Movement Subject,Synthetic Workforce Movement Generator
MOVEMENT-00753,HISTORICAL-EMPLOYEE-0452,Historical HR Employee 0452,Join,2025-06-03,,,DEPARTMENT-001,HR,,ORGANIZATIONAL-UNIT-HR,,,Growth hiring,No,Historical Movement Subject,Synthetic Workforce Movement Generator
MOVEMENT-00754,HISTORICAL-EMPLOYEE-0453,Historical HR Employee 0453,Join,2025-06-03,,,DEPARTMENT-001,HR,,ORGANIZATIONAL-UNIT-HR,,,Approved recruitment plan,No,Historical Movement Subject,Synthetic Workforce Movement Generator
MOVEMENT-00755,HISTORICAL-EMPLOYEE-0454,Historical HR Employee 0454,Join,2025-06-09,,,DEPARTMENT-001,HR,,ORGANIZATIONAL-UNIT-HR,,,Growth hiring,No,Historical Movement Subject,Synthetic Workforce Movement Generator
MOVEMENT-00756,HISTORICAL-EMPLOYEE-0455,Historical HR Employee 0455,Leave,2025-06-13,DEPARTMENT-001,HR,,,ORGANIZATIONAL-UNIT-HR,,,,Resignation,Yes,Historical Movement Subject,Synthetic Workforce Movement Generator
MOVEMENT-00757,HISTORICAL-EMPLOYEE-0456,Historical HR Employee 0456,Leave,2025-06-10,DEPARTMENT-001,HR,,,ORGANIZATIONAL-UNIT-HR,,,,Retirement,No,Historical Movement Subject,Synthetic Workforce Movement Generator
MOVEMENT-00758,HISTORICAL-EMPLOYEE-0457,Historical HR Employee 0457,Leave,2025-06-25,DEPARTMENT-001,HR,,,ORGANIZATIONAL-UNIT-HR,,,,Career opportunity,Yes,Historical Movement Subject,Synthetic Workforce Movement Generator
MOVEMENT-00759,EMP106,Hina Saleem,Promotion,2025-06-23,DEPARTMENT-001,HR,DEPARTMENT-001,HR,ORGANIZATIONAL-UNIT-HR,ORGANIZATIONAL-UNIT-HR,POS-106,HISTORICAL-PROMOTION-HR-10-01,Role expansion,No,Current Employee Record,Synthetic Workforce Movement Generator
MOVEMENT-00760,EMP003,Kamran Ali,Join,2025-06-06,,,DEPARTMENT-002,Finance,,ORGANIZATIONAL-UNIT-FIN,,,Approved recruitment plan,No,Current Employee Record,Synthetic Workforce Movement Generator
MOVEMENT-00761,HISTORICAL-EMPLOYEE-0458,Historical Finance Employee 0458,Join,2025-06-17,,,DEPARTMENT-002,Finance,,ORGANIZATIONAL-UNIT-FIN,,,Growth hiring,No,Historical Movement Subject,Synthetic Workforce Movement Generator
MOVEMENT-00762,HISTORICAL-EMPLOYEE-0459,Historical Finance Employee 0459,Join,2025-06-10,,,DEPARTMENT-002,Finance,,ORGANIZATIONAL-UNIT-FIN,,,Replacement hire,No,Historical Movement Subject,Synthetic Workforce Movement Generator
MOVEMENT-00763,HISTORICAL-EMPLOYEE-0460,Historical Finance Employee 0460,Join,2025-06-18,,,DEPARTMENT-002,Finance,,ORGANIZATIONAL-UNIT-FIN,,,Approved recruitment plan,No,Historical Movement Subject,Synthetic Workforce Movement Generator
MOVEMENT-00764,HISTORICAL-EMPLOYEE-0461,Historical Finance Employee 0461,Leave,2025-06-20,DEPARTMENT-002,Finance,,,ORGANIZATIONAL-UNIT-FIN,,,,Resignation,No,Historical Movement Subject,Synthetic Workforce Movement Generator
MOVEMENT-00765,HISTORICAL-EMPLOYEE-0462,Historical Finance Employee 0462,Leave,2025-06-15,DEPARTMENT-002,Finance,,,ORGANIZATIONAL-UNIT-FIN,,,,Contract completion,Yes,Historical Movement Subject,Synthetic Workforce Movement Generator
MOVEMENT-00766,HISTORICAL-EMPLOYEE-0463,Historical Finance Employee 0463,Leave,2025-06-20,DEPARTMENT-002,Finance,,,ORGANIZATIONAL-UNIT-FIN,,,,Resignation,Yes,Historical Movement Subject,Synthetic Workforce Movement Generator
MOVEMENT-00767,HISTORICAL-EMPLOYEE-0464,Historical Sales Employee 0464,Leave,2025-06-17,DEPARTMENT-003,Sales,,,ORGANIZATIONAL-UNIT-SAL,,,,Career opportunity,Yes,Historical Movement Subject,Synthetic Workforce Movement Generator
MOVEMENT-00768,EMP032,Laiba Mahmood,Promotion,2025-06-25,DEPARTMENT-003,Sales,DEPARTMENT-003,Sales,ORGANIZATIONAL-UNIT-SAL,ORGANIZATIONAL-UNIT-SAL,POS-032,HISTORICAL-PROMOTION-SAL-10-01,Merit promotion,No,Current Employee Record,Synthetic Workforce Movement Generator
MOVEMENT-00769,HISTORICAL-EMPLOYEE-0465,Historical Customer Employee 0465,Join,2025-06-04,,,DEPARTMENT-004,Customer Support,,ORGANIZATIONAL-UNIT-CS,,,Growth hiring,No,Historical Movement Subject,Synthetic Workforce Movement Generator
MOVEMENT-00770,HISTORICAL-EMPLOYEE-0466,Historical Customer Employee 0466,Join,2025-06-11,,,DEPARTMENT-004,Customer Support,,ORGANIZATIONAL-UNIT-CS,,,Internship intake,No,Historical Movement Subject,Synthetic Workforce Movement Generator
MOVEMENT-00771,HISTORICAL-EMPLOYEE-0467,Historical Customer Employee 0467,Join,2025-06-15,,,DEPARTMENT-004,Customer Support,,ORGANIZATIONAL-UNIT-CS,,,Approved recruitment plan,No,Historical Movement Subject,Synthetic Workforce Movement Generator
MOVEMENT-00772,HISTORICAL-EMPLOYEE-0468,Historical Customer Employee 0468,Join,2025-06-16,,,DEPARTMENT-004,Customer Support,,ORGANIZATIONAL-UNIT-CS,,,Replacement hire,No,Historical Movement Subject,Synthetic Workforce Movement Generator
MOVEMENT-00773,HISTORICAL-EMPLOYEE-0469,Historical Customer Employee 0469,Join,2025-06-02,,,DEPARTMENT-004,Customer Support,,ORGANIZATIONAL-UNIT-CS,,,Growth hiring,No,Historical Movement Subject,Synthetic Workforce Movement Generator
MOVEMENT-00774,HISTORICAL-EMPLOYEE-0470,Historical Customer Employee 0470,Leave,2025-06-05,DEPARTMENT-004,Customer Support,,,ORGANIZATIONAL-UNIT-CS,,,,Resignation,Yes,Historical Movement Subject,Synthetic Workforce Movement Generator
MOVEMENT-00775,HISTORICAL-EMPLOYEE-0471,Historical Customer Employee 0471,Leave,2025-06-10,DEPARTMENT-004,Customer Support,,,ORGANIZATIONAL-UNIT-CS,,,,Resignation,Yes,Historical Movement Subject,Synthetic Workforce Movement Generator
MOVEMENT-00776,EMP168,Akbar Saleem,Promotion,2025-06-17,DEPARTMENT-004,Customer Support,DEPARTMENT-004,Customer Support,ORGANIZATIONAL-UNIT-CS,ORGANIZATIONAL-UNIT-CS,POS-168,HISTORICAL-PROMOTION-CS-10-01,Annual promotion cycle,No,Current Employee Record,Synthetic Workforce Movement Generator
MOVEMENT-00777,HISTORICAL-EMPLOYEE-0472,Historical Engineering Employee 0472,Leave,2025-06-21,DEPARTMENT-005,Engineering,,,ORGANIZATIONAL-UNIT-ENG,,,,Retirement,Yes,Historical Movement Subject,Synthetic Workforce Movement Generator
MOVEMENT-00778,EMP054,Waqas Aslam,Promotion,2025-06-10,DEPARTMENT-005,Engineering,DEPARTMENT-005,Engineering,ORGANIZATIONAL-UNIT-ENG,ORGANIZATIONAL-UNIT-ENG,POS-054,HISTORICAL-PROMOTION-ENG-10-01,Merit promotion,No,Current Employee Record,Synthetic Workforce Movement Generator
MOVEMENT-00779,HISTORICAL-EMPLOYEE-0473,Historical Operations Employee 0473,Join,2025-06-05,,,DEPARTMENT-006,Operations,,ORGANIZATIONAL-UNIT-OPS,,,Approved recruitment plan,No,Historical Movement Subject,Synthetic Workforce Movement Generator
MOVEMENT-00780,HISTORICAL-EMPLOYEE-0474,Historical Operations Employee 0474,Leave,2025-06-10,DEPARTMENT-006,Operations,,,ORGANIZATIONAL-UNIT-OPS,,,,Career opportunity,Yes,Historical Movement Subject,Synthetic Workforce Movement Generator
MOVEMENT-00781,HISTORICAL-EMPLOYEE-0475,Historical IT Employee 0475,Join,2025-06-06,,,DEPARTMENT-007,IT,,ORGANIZATIONAL-UNIT-IT,,,Approved recruitment plan,No,Historical Movement Subject,Synthetic Workforce Movement Generator
MOVEMENT-00782,EMP113,Shahbaz Gill,Promotion,2025-06-12,DEPARTMENT-007,IT,DEPARTMENT-007,IT,ORGANIZATIONAL-UNIT-IT,ORGANIZATIONAL-UNIT-IT,POS-113,HISTORICAL-PROMOTION-IT-10-01,Merit promotion,No,Current Employee Record,Synthetic Workforce Movement Generator
MOVEMENT-00783,HISTORICAL-EMPLOYEE-0476,Historical Medical Employee 0476,Leave,2025-06-08,DEPARTMENT-008,Medical Care,,,ORGANIZATIONAL-UNIT-MED,,,,Resignation,No,Historical Movement Subject,Synthetic Workforce Movement Generator
MOVEMENT-00784,EMP323,Rabia Bukhari,Promotion,2025-06-25,DEPARTMENT-008,Medical Care,DEPARTMENT-008,Medical Care,ORGANIZATIONAL-UNIT-MED,ORGANIZATIONAL-UNIT-MED,POS-315,HISTORICAL-PROMOTION-MED-10-01,Role expansion,No,Current Employee Record,Synthetic Workforce Movement Generator
MOVEMENT-00785,EMP357,Kamran Ismail,Promotion,2025-06-07,DEPARTMENT-008,Medical Care,DEPARTMENT-008,Medical Care,ORGANIZATIONAL-UNIT-MED,ORGANIZATIONAL-UNIT-MED,POS-349,HISTORICAL-PROMOTION-MED-10-02,Role expansion,No,Current Employee Record,Synthetic Workforce Movement Generator
MOVEMENT-00786,EMP400,Hassan Shah,Join,2025-06-03,,,DEPARTMENT-009,Training & Development,,ORGANIZATIONAL-UNIT-TRN,,,Replacement hire,No,Current Employee Record,Synthetic Workforce Movement Generator
MOVEMENT-00787,HISTORICAL-EMPLOYEE-0477,Historical Training Employee 0477,Join,2025-06-17,,,DEPARTMENT-009,Training & Development,,ORGANIZATIONAL-UNIT-TRN,,,Internship intake,No,Historical Movement Subject,Synthetic Workforce Movement Generator
MOVEMENT-00788,HISTORICAL-EMPLOYEE-0478,Historical Training Employee 0478,Leave,2025-06-09,DEPARTMENT-009,Training & Development,,,ORGANIZATIONAL-UNIT-TRN,,,,Retirement,Yes,Historical Movement Subject,Synthetic Workforce Movement Generator
MOVEMENT-00789,EMP399,Nida Khalid,Promotion,2025-06-24,DEPARTMENT-009,Training & Development,DEPARTMENT-009,Training & Development,ORGANIZATIONAL-UNIT-TRN,ORGANIZATIONAL-UNIT-TRN,POS-390,HISTORICAL-PROMOTION-TRN-10-01,Role expansion,No,Current Employee Record,Synthetic Workforce Movement Generator
MOVEMENT-00790,EMP369,Maha Rauf,Promotion,2025-06-13,DEPARTMENT-009,Training & Development,DEPARTMENT-009,Training & Development,ORGANIZATIONAL-UNIT-TRN,ORGANIZATIONAL-UNIT-TRN,POS-360,HISTORICAL-PROMOTION-TRN-10-02,Annual promotion cycle,No,Current Employee Record,Synthetic Workforce Movement Generator
MOVEMENT-00791,HISTORICAL-EMPLOYEE-0479,Historical Administration Employee 0479,Join,2025-06-03,,,DEPARTMENT-010,Administration & Facilities,,ORGANIZATIONAL-UNIT-ADM,,,Approved recruitment plan,No,Historical Movement Subject,Synthetic Workforce Movement Generator
MOVEMENT-00792,HISTORICAL-EMPLOYEE-0480,Historical Administration Employee 0480,Join,2025-06-08,,,DEPARTMENT-010,Administration & Facilities,,ORGANIZATIONAL-UNIT-ADM,,,Growth hiring,No,Historical Movement Subject,Synthetic Workforce Movement Generator
MOVEMENT-00793,HISTORICAL-EMPLOYEE-0481,Historical Administration Employee 0481,Join,2025-06-21,,,DEPARTMENT-010,Administration & Facilities,,ORGANIZATIONAL-UNIT-ADM,,,Approved recruitment plan,No,Historical Movement Subject,Synthetic Workforce Movement Generator
MOVEMENT-00794,HISTORICAL-EMPLOYEE-0482,Historical Administration Employee 0482,Join,2025-06-16,,,DEPARTMENT-010,Administration & Facilities,,ORGANIZATIONAL-UNIT-ADM,,,Growth hiring,No,Historical Movement Subject,Synthetic Workforce Movement Generator
MOVEMENT-00795,HISTORICAL-EMPLOYEE-0483,Historical Administration Employee 0483,Leave,2025-06-17,DEPARTMENT-010,Administration & Facilities,,,ORGANIZATIONAL-UNIT-ADM,,,,Resignation,Yes,Historical Movement Subject,Synthetic Workforce Movement Generator
MOVEMENT-00796,HISTORICAL-EMPLOYEE-0484,Historical Administration Employee 0484,Leave,2025-06-06,DEPARTMENT-010,Administration & Facilities,,,ORGANIZATIONAL-UNIT-ADM,,,,Resignation,Yes,Historical Movement Subject,Synthetic Workforce Movement Generator
MOVEMENT-00797,EMP475,Amna Akhtar,Join,2025-06-06,,,DEPARTMENT-011,Legal & Compliance,,ORGANIZATIONAL-UNIT-LGL,,,Replacement hire,No,Current Employee Record,Synthetic Workforce Movement Generator
MOVEMENT-00798,HISTORICAL-EMPLOYEE-0485,Historical Procurement Employee 0485,Leave,2025-06-22,DEPARTMENT-012,Procurement & Supply Chain,,,ORGANIZATIONAL-UNIT-PRC,,,,Retirement,Yes,Historical Movement Subject,Synthetic Workforce Movement Generator
MOVEMENT-00799,HISTORICAL-EMPLOYEE-0486,Historical Procurement Employee 0486,Leave,2025-06-07,DEPARTMENT-012,Procurement & Supply Chain,,,ORGANIZATIONAL-UNIT-PRC,,,,Career opportunity,No,Historical Movement Subject,Synthetic Workforce Movement Generator
MOVEMENT-00800,HISTORICAL-EMPLOYEE-0487,Historical Procurement Employee 0487,Leave,2025-06-15,DEPARTMENT-012,Procurement & Supply Chain,,,ORGANIZATIONAL-UNIT-PRC,,,,Contract completion,Yes,Historical Movement Subject,Synthetic Workforce Movement Generator
MOVEMENT-00801,EMP514,Sana Saleem,Promotion,2025-06-22,DEPARTMENT-012,Procurement & Supply Chain,DEPARTMENT-012,Procurement & Supply Chain,ORGANIZATIONAL-UNIT-PRC,ORGANIZATIONAL-UNIT-PRC,POS-502,HISTORICAL-PROMOTION-PRC-10-01,Annual promotion cycle,No,Current Employee Record,Synthetic Workforce Movement Generator
MOVEMENT-00802,EMP536,Anusha Butt,Promotion,2025-06-22,DEPARTMENT-012,Procurement & Supply Chain,DEPARTMENT-012,Procurement & Supply Chain,ORGANIZATIONAL-UNIT-PRC,ORGANIZATIONAL-UNIT-PRC,POS-524,HISTORICAL-PROMOTION-PRC-10-02,Annual promotion cycle,No,Current Employee Record,Synthetic Workforce Movement Generator
MOVEMENT-00803,EMP515,Mehwish Ali,Promotion,2025-06-19,DEPARTMENT-012,Procurement & Supply Chain,DEPARTMENT-012,Procurement & Supply Chain,ORGANIZATIONAL-UNIT-PRC,ORGANIZATIONAL-UNIT-PRC,POS-503,HISTORICAL-PROMOTION-PRC-10-03,Merit promotion,No,Current Employee Record,Synthetic Workforce Movement Generator
MOVEMENT-00804,HISTORICAL-EMPLOYEE-0488,Historical Logistics Employee 0488,Join,2025-06-19,,,DEPARTMENT-013,Logistics & Warehouse,,ORGANIZATIONAL-UNIT-LOG,,,Approved recruitment plan,No,Historical Movement Subject,Synthetic Workforce Movement Generator
MOVEMENT-00805,HISTORICAL-EMPLOYEE-0489,Historical Logistics Employee 0489,Join,2025-06-02,,,DEPARTMENT-013,Logistics & Warehouse,,ORGANIZATIONAL-UNIT-LOG,,,Approved recruitment plan,No,Historical Movement Subject,Synthetic Workforce Movement Generator
MOVEMENT-00806,HISTORICAL-EMPLOYEE-0490,Historical Logistics Employee 0490,Join,2025-06-19,,,DEPARTMENT-013,Logistics & Warehouse,,ORGANIZATIONAL-UNIT-LOG,,,Approved recruitment plan,No,Historical Movement Subject,Synthetic Workforce Movement Generator
MOVEMENT-00807,HISTORICAL-EMPLOYEE-0491,Historical Logistics Employee 0491,Leave,2025-06-19,DEPARTMENT-013,Logistics & Warehouse,,,ORGANIZATIONAL-UNIT-LOG,,,,Career opportunity,Yes,Historical Movement Subject,Synthetic Workforce Movement Generator
MOVEMENT-00808,HISTORICAL-EMPLOYEE-0492,Historical Logistics Employee 0492,Leave,2025-06-18,DEPARTMENT-013,Logistics & Warehouse,,,ORGANIZATIONAL-UNIT-LOG,,,,Contract completion,No,Historical Movement Subject,Synthetic Workforce Movement Generator
MOVEMENT-00809,HISTORICAL-EMPLOYEE-0493,Historical Logistics Employee 0493,Leave,2025-06-15,DEPARTMENT-013,Logistics & Warehouse,,,ORGANIZATIONAL-UNIT-LOG,,,,Contract completion,Yes,Historical Movement Subject,Synthetic Workforce Movement Generator
MOVEMENT-00810,HISTORICAL-EMPLOYEE-0494,Historical Production Employee 0494,Join,2025-06-05,,,DEPARTMENT-014,Production & Manufacturing,,ORGANIZATIONAL-UNIT-PRD,,,Internship intake,No,Historical Movement Subject,Synthetic Workforce Movement Generator
MOVEMENT-00811,EMP605,Areeba Riaz,Promotion,2025-06-10,DEPARTMENT-014,Production & Manufacturing,DEPARTMENT-014,Production & Manufacturing,ORGANIZATIONAL-UNIT-PRD,ORGANIZATIONAL-UNIT-PRD,POS-591,HISTORICAL-PROMOTION-PRD-10-01,Role expansion,No,Current Employee Record,Synthetic Workforce Movement Generator
MOVEMENT-00812,EMP602,Noor Baig,Promotion,2025-06-16,DEPARTMENT-014,Production & Manufacturing,DEPARTMENT-014,Production & Manufacturing,ORGANIZATIONAL-UNIT-PRD,ORGANIZATIONAL-UNIT-PRD,POS-588,HISTORICAL-PROMOTION-PRD-10-02,Role expansion,No,Current Employee Record,Synthetic Workforce Movement Generator
MOVEMENT-00813,HISTORICAL-EMPLOYEE-0495,Historical Quality Employee 0495,Join,2025-06-19,,,DEPARTMENT-015,Quality Assurance,,ORGANIZATIONAL-UNIT-QAS,,,Approved recruitment plan,No,Historical Movement Subject,Synthetic Workforce Movement Generator
MOVEMENT-00814,HISTORICAL-EMPLOYEE-0496,Historical Quality Employee 0496,Join,2025-06-15,,,DEPARTMENT-015,Quality Assurance,,ORGANIZATIONAL-UNIT-QAS,,,Replacement hire,No,Historical Movement Subject,Synthetic Workforce Movement Generator
MOVEMENT-00815,HISTORICAL-EMPLOYEE-0497,Historical Quality Employee 0497,Leave,2025-06-02,DEPARTMENT-015,Quality Assurance,,,ORGANIZATIONAL-UNIT-QAS,,,,Contract completion,No,Historical Movement Subject,Synthetic Workforce Movement Generator
MOVEMENT-00816,HISTORICAL-EMPLOYEE-0498,Historical Quality Employee 0498,Leave,2025-06-11,DEPARTMENT-015,Quality Assurance,,,ORGANIZATIONAL-UNIT-QAS,,,,Contract completion,Yes,Historical Movement Subject,Synthetic Workforce Movement Generator
MOVEMENT-00817,HISTORICAL-EMPLOYEE-0499,Historical Quality Employee 0499,Leave,2025-06-10,DEPARTMENT-015,Quality Assurance,,,ORGANIZATIONAL-UNIT-QAS,,,,Resignation,Yes,Historical Movement Subject,Synthetic Workforce Movement Generator
MOVEMENT-00818,EMP651,Sana Habib,Promotion,2025-06-04,DEPARTMENT-015,Quality Assurance,DEPARTMENT-015,Quality Assurance,ORGANIZATIONAL-UNIT-QAS,ORGANIZATIONAL-UNIT-QAS,POS-636,HISTORICAL-PROMOTION-QAS-10-01,Merit promotion,No,Current Employee Record,Synthetic Workforce Movement Generator
MOVEMENT-00819,EMP659,Fahad Sultan,Promotion,2025-06-03,DEPARTMENT-015,Quality Assurance,DEPARTMENT-015,Quality Assurance,ORGANIZATIONAL-UNIT-QAS,ORGANIZATIONAL-UNIT-QAS,POS-644,HISTORICAL-PROMOTION-QAS-10-02,Annual promotion cycle,No,Current Employee Record,Synthetic Workforce Movement Generator
MOVEMENT-00820,EMP666,Saad Hashmi,Promotion,2025-06-05,DEPARTMENT-015,Quality Assurance,DEPARTMENT-015,Quality Assurance,ORGANIZATIONAL-UNIT-QAS,ORGANIZATIONAL-UNIT-QAS,POS-651,HISTORICAL-PROMOTION-QAS-10-03,Annual promotion cycle,No,Current Employee Record,Synthetic Workforce Movement Generator
MOVEMENT-00821,EMP711,Shahzaib Siddiqui,Promotion,2025-06-06,DEPARTMENT-016,Research & Development,DEPARTMENT-016,Research & Development,ORGANIZATIONAL-UNIT-RND,ORGANIZATIONAL-UNIT-RND,POS-695,HISTORICAL-PROMOTION-RND-10-01,Annual promotion cycle,No,Current Employee Record,Synthetic Workforce Movement Generator
MOVEMENT-00822,EMP685,Kinza Dar,Promotion,2025-06-13,DEPARTMENT-016,Research & Development,DEPARTMENT-016,Research & Development,ORGANIZATIONAL-UNIT-RND,ORGANIZATIONAL-UNIT-RND,POS-669,HISTORICAL-PROMOTION-RND-10-02,Merit promotion,No,Current Employee Record,Synthetic Workforce Movement Generator
MOVEMENT-00823,EMP532,Nida Habib,Transfer,2025-07-05,DEPARTMENT-012,Procurement & Supply Chain,DEPARTMENT-004,Customer Support,ORGANIZATIONAL-UNIT-PRC,ORGANIZATIONAL-UNIT-CS,POS-520,HISTORICAL-DESTINATION-CS-11,Workforce balancing,Yes,Current Employee Record,Synthetic Workforce Movement Generator
MOVEMENT-00824,EMP578,Maryam Rauf,Transfer,2025-07-02,DEPARTMENT-013,Logistics & Warehouse,DEPARTMENT-011,Legal & Compliance,ORGANIZATIONAL-UNIT-LOG,ORGANIZATIONAL-UNIT-LGL,POS-565,HISTORICAL-DESTINATION-LGL-11,Career development,Yes,Current Employee Record,Synthetic Workforce Movement Generator
MOVEMENT-00825,EMP556,Kinza Farooq,Transfer,2025-07-02,DEPARTMENT-013,Logistics & Warehouse,DEPARTMENT-001,HR,ORGANIZATIONAL-UNIT-LOG,ORGANIZATIONAL-UNIT-HR,POS-543,HISTORICAL-DESTINATION-HR-11,Employee request,Yes,Current Employee Record,Synthetic Workforce Movement Generator
MOVEMENT-00826,EMP437,Ali Ismail,Transfer,2025-07-03,DEPARTMENT-010,Administration & Facilities,DEPARTMENT-001,HR,ORGANIZATIONAL-UNIT-ADM,ORGANIZATIONAL-UNIT-HR,POS-427,HISTORICAL-DESTINATION-HR-11,Business requirement,Yes,Current Employee Record,Synthetic Workforce Movement Generator
MOVEMENT-00827,EMP428,Kinza Munir,Transfer,2025-07-03,DEPARTMENT-010,Administration & Facilities,DEPARTMENT-005,Engineering,ORGANIZATIONAL-UNIT-ADM,ORGANIZATIONAL-UNIT-ENG,POS-418,HISTORICAL-DESTINATION-ENG-11,Employee request,Yes,Current Employee Record,Synthetic Workforce Movement Generator
MOVEMENT-00828,EMP127,Khurram Yousaf,Join,2025-07-09,,,DEPARTMENT-001,HR,,ORGANIZATIONAL-UNIT-HR,,,Growth hiring,No,Current Employee Record,Synthetic Workforce Movement Generator
MOVEMENT-00829,HISTORICAL-EMPLOYEE-0500,Historical HR Employee 0500,Join,2025-07-17,,,DEPARTMENT-001,HR,,ORGANIZATIONAL-UNIT-HR,,,Approved recruitment plan,No,Historical Movement Subject,Synthetic Workforce Movement Generator
MOVEMENT-00830,HISTORICAL-EMPLOYEE-0501,Historical HR Employee 0501,Leave,2025-07-13,DEPARTMENT-001,HR,,,ORGANIZATIONAL-UNIT-HR,,,,Resignation,No,Historical Movement Subject,Synthetic Workforce Movement Generator
MOVEMENT-00831,HISTORICAL-EMPLOYEE-0502,Historical HR Employee 0502,Leave,2025-07-03,DEPARTMENT-001,HR,,,ORGANIZATIONAL-UNIT-HR,,,,Retirement,Yes,Historical Movement Subject,Synthetic Workforce Movement Generator
MOVEMENT-00832,HISTORICAL-EMPLOYEE-0503,Historical HR Employee 0503,Leave,2025-07-08,DEPARTMENT-001,HR,,,ORGANIZATIONAL-UNIT-HR,,,,Resignation,Yes,Historical Movement Subject,Synthetic Workforce Movement Generator
MOVEMENT-00833,EMP013,Anum Ahmad,Promotion,2025-07-21,DEPARTMENT-001,HR,DEPARTMENT-001,HR,ORGANIZATIONAL-UNIT-HR,ORGANIZATIONAL-UNIT-HR,POS-013,HISTORICAL-PROMOTION-HR-11-01,Annual promotion cycle,No,Current Employee Record,Synthetic Workforce Movement Generator
MOVEMENT-00834,EMP127,Khurram Yousaf,Promotion,2025-07-18,DEPARTMENT-001,HR,DEPARTMENT-001,HR,ORGANIZATIONAL-UNIT-HR,ORGANIZATIONAL-UNIT-HR,POS-127,HISTORICAL-PROMOTION-HR-11-02,Merit promotion,No,Current Employee Record,Synthetic Workforce Movement Generator
MOVEMENT-00835,EMP190,Noor Saeed,Promotion,2025-07-05,DEPARTMENT-001,HR,DEPARTMENT-001,HR,ORGANIZATIONAL-UNIT-HR,ORGANIZATIONAL-UNIT-HR,POS-190,HISTORICAL-PROMOTION-HR-11-03,Merit promotion,No,Current Employee Record,Synthetic Workforce Movement Generator
MOVEMENT-00836,HISTORICAL-EMPLOYEE-0504,Historical Finance Employee 0504,Leave,2025-07-12,DEPARTMENT-002,Finance,,,ORGANIZATIONAL-UNIT-FIN,,,,Career opportunity,Yes,Historical Movement Subject,Synthetic Workforce Movement Generator
MOVEMENT-00837,EMP185,Salman Hameed,Promotion,2025-07-09,DEPARTMENT-002,Finance,DEPARTMENT-002,Finance,ORGANIZATIONAL-UNIT-FIN,ORGANIZATIONAL-UNIT-FIN,POS-185,HISTORICAL-PROMOTION-FIN-11-01,Annual promotion cycle,No,Current Employee Record,Synthetic Workforce Movement Generator
MOVEMENT-00838,HISTORICAL-EMPLOYEE-0505,Historical Sales Employee 0505,Join,2025-07-04,,,DEPARTMENT-003,Sales,,ORGANIZATIONAL-UNIT-SAL,,,Replacement hire,No,Historical Movement Subject,Synthetic Workforce Movement Generator
MOVEMENT-00839,HISTORICAL-EMPLOYEE-0506,Historical Sales Employee 0506,Join,2025-07-12,,,DEPARTMENT-003,Sales,,ORGANIZATIONAL-UNIT-SAL,,,Internship intake,No,Historical Movement Subject,Synthetic Workforce Movement Generator
MOVEMENT-00840,HISTORICAL-EMPLOYEE-0507,Historical Sales Employee 0507,Join,2025-07-15,,,DEPARTMENT-003,Sales,,ORGANIZATIONAL-UNIT-SAL,,,Approved recruitment plan,No,Historical Movement Subject,Synthetic Workforce Movement Generator
MOVEMENT-00841,HISTORICAL-EMPLOYEE-0508,Historical Sales Employee 0508,Leave,2025-07-20,DEPARTMENT-003,Sales,,,ORGANIZATIONAL-UNIT-SAL,,,,Contract completion,No,Historical Movement Subject,Synthetic Workforce Movement Generator
MOVEMENT-00842,HISTORICAL-EMPLOYEE-0509,Historical Sales Employee 0509,Leave,2025-07-20,DEPARTMENT-003,Sales,,,ORGANIZATIONAL-UNIT-SAL,,,,Resignation,Yes,Historical Movement Subject,Synthetic Workforce Movement Generator
MOVEMENT-00843,HISTORICAL-EMPLOYEE-0510,Historical Sales Employee 0510,Leave,2025-07-10,DEPARTMENT-003,Sales,,,ORGANIZATIONAL-UNIT-SAL,,,,Career opportunity,Yes,Historical Movement Subject,Synthetic Workforce Movement Generator
MOVEMENT-00844,EMP112,Sara Javed,Promotion,2025-07-13,DEPARTMENT-003,Sales,DEPARTMENT-003,Sales,ORGANIZATIONAL-UNIT-SAL,ORGANIZATIONAL-UNIT-SAL,POS-112,HISTORICAL-PROMOTION-SAL-11-01,Annual promotion cycle,No,Current Employee Record,Synthetic Workforce Movement Generator
MOVEMENT-00845,EMP016,Khurram Gill,Promotion,2025-07-07,DEPARTMENT-003,Sales,DEPARTMENT-003,Sales,ORGANIZATIONAL-UNIT-SAL,ORGANIZATIONAL-UNIT-SAL,POS-016,HISTORICAL-PROMOTION-SAL-11-02,Role expansion,No,Current Employee Record,Synthetic Workforce Movement Generator
MOVEMENT-00846,EMP176,Ahsan Aziz,Promotion,2025-07-14,DEPARTMENT-003,Sales,DEPARTMENT-003,Sales,ORGANIZATIONAL-UNIT-SAL,ORGANIZATIONAL-UNIT-SAL,POS-176,HISTORICAL-PROMOTION-SAL-11-03,Role expansion,No,Current Employee Record,Synthetic Workforce Movement Generator
MOVEMENT-00847,HISTORICAL-EMPLOYEE-0511,Historical Customer Employee 0511,Leave,2025-07-15,DEPARTMENT-004,Customer Support,,,ORGANIZATIONAL-UNIT-CS,,,,Contract completion,No,Historical Movement Subject,Synthetic Workforce Movement Generator
MOVEMENT-00848,HISTORICAL-EMPLOYEE-0512,Historical Customer Employee 0512,Leave,2025-07-11,DEPARTMENT-004,Customer Support,,,ORGANIZATIONAL-UNIT-CS,,,,Resignation,No,Historical Movement Subject,Synthetic Workforce Movement Generator
MOVEMENT-00849,HISTORICAL-EMPLOYEE-0513,Historical Customer Employee 0513,Leave,2025-07-25,DEPARTMENT-004,Customer Support,,,ORGANIZATIONAL-UNIT-CS,,,,Retirement,Yes,Historical Movement Subject,Synthetic Workforce Movement Generator
MOVEMENT-00850,EMP040,Ahmad Sheikh,Promotion,2025-07-20,DEPARTMENT-004,Customer Support,DEPARTMENT-004,Customer Support,ORGANIZATIONAL-UNIT-CS,ORGANIZATIONAL-UNIT-CS,POS-040,HISTORICAL-PROMOTION-CS-11-01,Annual promotion cycle,No,Current Employee Record,Synthetic Workforce Movement Generator
MOVEMENT-00851,EMP117,Saad Ullah,Promotion,2025-07-20,DEPARTMENT-005,Engineering,DEPARTMENT-005,Engineering,ORGANIZATIONAL-UNIT-ENG,ORGANIZATIONAL-UNIT-ENG,POS-117,HISTORICAL-PROMOTION-ENG-11-01,Annual promotion cycle,No,Current Employee Record,Synthetic Workforce Movement Generator
MOVEMENT-00852,EMP115,Hafsa Abbasi,Promotion,2025-07-22,DEPARTMENT-005,Engineering,DEPARTMENT-005,Engineering,ORGANIZATIONAL-UNIT-ENG,ORGANIZATIONAL-UNIT-ENG,POS-115,HISTORICAL-PROMOTION-ENG-11-02,Merit promotion,No,Current Employee Record,Synthetic Workforce Movement Generator
MOVEMENT-00853,HISTORICAL-EMPLOYEE-0514,Historical Operations Employee 0514,Join,2025-07-24,,,DEPARTMENT-006,Operations,,ORGANIZATIONAL-UNIT-OPS,,,Approved recruitment plan,No,Historical Movement Subject,Synthetic Workforce Movement Generator
MOVEMENT-00854,HISTORICAL-EMPLOYEE-0515,Historical Operations Employee 0515,Join,2025-07-08,,,DEPARTMENT-006,Operations,,ORGANIZATIONAL-UNIT-OPS,,,Internship intake,No,Historical Movement Subject,Synthetic Workforce Movement Generator
MOVEMENT-00855,HISTORICAL-EMPLOYEE-0516,Historical Operations Employee 0516,Join,2025-07-16,,,DEPARTMENT-006,Operations,,ORGANIZATIONAL-UNIT-OPS,,,Internship intake,No,Historical Movement Subject,Synthetic Workforce Movement Generator
MOVEMENT-00856,HISTORICAL-EMPLOYEE-0517,Historical Operations Employee 0517,Leave,2025-07-19,DEPARTMENT-006,Operations,,,ORGANIZATIONAL-UNIT-OPS,,,,Retirement,Yes,Historical Movement Subject,Synthetic Workforce Movement Generator
MOVEMENT-00857,EMP158,Imran Zafar,Promotion,2025-07-06,DEPARTMENT-006,Operations,DEPARTMENT-006,Operations,ORGANIZATIONAL-UNIT-OPS,ORGANIZATIONAL-UNIT-OPS,POS-158,HISTORICAL-PROMOTION-OPS-11-01,Role expansion,No,Current Employee Record,Synthetic Workforce Movement Generator
MOVEMENT-00858,EMP187,Nida Mahmood,Promotion,2025-07-16,DEPARTMENT-006,Operations,DEPARTMENT-006,Operations,ORGANIZATIONAL-UNIT-OPS,ORGANIZATIONAL-UNIT-OPS,POS-187,HISTORICAL-PROMOTION-OPS-11-02,Annual promotion cycle,No,Current Employee Record,Synthetic Workforce Movement Generator
MOVEMENT-00859,EMP280,Noman Waheed,Promotion,2025-07-21,DEPARTMENT-006,Operations,DEPARTMENT-006,Operations,ORGANIZATIONAL-UNIT-OPS,ORGANIZATIONAL-UNIT-OPS,POS-274,HISTORICAL-PROMOTION-OPS-11-03,Merit promotion,No,Current Employee Record,Synthetic Workforce Movement Generator
MOVEMENT-00860,HISTORICAL-EMPLOYEE-0518,Historical IT Employee 0518,Join,2025-07-05,,,DEPARTMENT-007,IT,,ORGANIZATIONAL-UNIT-IT,,,Replacement hire,No,Historical Movement Subject,Synthetic Workforce Movement Generator
MOVEMENT-00861,HISTORICAL-EMPLOYEE-0519,Historical IT Employee 0519,Leave,2025-07-08,DEPARTMENT-007,IT,,,ORGANIZATIONAL-UNIT-IT,,,,Contract completion,Yes,Historical Movement Subject,Synthetic Workforce Movement Generator
MOVEMENT-00862,HISTORICAL-EMPLOYEE-0520,Historical IT Employee 0520,Leave,2025-07-17,DEPARTMENT-007,IT,,,ORGANIZATIONAL-UNIT-IT,,,,Retirement,No,Historical Movement Subject,Synthetic Workforce Movement Generator
MOVEMENT-00863,EMP051,Asad Ahmad,Promotion,2025-07-24,DEPARTMENT-007,IT,DEPARTMENT-007,IT,ORGANIZATIONAL-UNIT-IT,ORGANIZATIONAL-UNIT-IT,POS-051,HISTORICAL-PROMOTION-IT-11-01,Annual promotion cycle,No,Current Employee Record,Synthetic Workforce Movement Generator
MOVEMENT-00864,EMP131,Ahmad Yousaf,Promotion,2025-07-20,DEPARTMENT-007,IT,DEPARTMENT-007,IT,ORGANIZATIONAL-UNIT-IT,ORGANIZATIONAL-UNIT-IT,POS-131,HISTORICAL-PROMOTION-IT-11-02,Annual promotion cycle,No,Current Employee Record,Synthetic Workforce Movement Generator
MOVEMENT-00865,EMP188,Areeba Ahmad,Promotion,2025-07-13,DEPARTMENT-007,IT,DEPARTMENT-007,IT,ORGANIZATIONAL-UNIT-IT,ORGANIZATIONAL-UNIT-IT,POS-188,HISTORICAL-PROMOTION-IT-11-03,Annual promotion cycle,No,Current Employee Record,Synthetic Workforce Movement Generator
MOVEMENT-00866,EMP348,Anusha Latif,Join,2025-07-24,,,DEPARTMENT-008,Medical Care,,ORGANIZATIONAL-UNIT-MED,,,Approved recruitment plan,No,Current Employee Record,Synthetic Workforce Movement Generator
MOVEMENT-00867,HISTORICAL-EMPLOYEE-0521,Historical Medical Employee 0521,Leave,2025-07-04,DEPARTMENT-008,Medical Care,,,ORGANIZATIONAL-UNIT-MED,,,,Career opportunity,Yes,Historical Movement Subject,Synthetic Workforce Movement Generator
MOVEMENT-00868,EMP335,Haris Rauf,Promotion,2025-07-11,DEPARTMENT-008,Medical Care,DEPARTMENT-008,Medical Care,ORGANIZATIONAL-UNIT-MED,ORGANIZATIONAL-UNIT-MED,POS-327,HISTORICAL-PROMOTION-MED-11-01,Merit promotion,No,Current Employee Record,Synthetic Workforce Movement Generator
MOVEMENT-00869,EMP388,Kashif Mughal,Promotion,2025-07-09,DEPARTMENT-009,Training & Development,DEPARTMENT-009,Training & Development,ORGANIZATIONAL-UNIT-TRN,ORGANIZATIONAL-UNIT-TRN,POS-379,HISTORICAL-PROMOTION-TRN-11-01,Role expansion,No,Current Employee Record,Synthetic Workforce Movement Generator
MOVEMENT-00870,EMP391,Zainab Aslam,Promotion,2025-07-21,DEPARTMENT-009,Training & Development,DEPARTMENT-009,Training & Development,ORGANIZATIONAL-UNIT-TRN,ORGANIZATIONAL-UNIT-TRN,POS-382,HISTORICAL-PROMOTION-TRN-11-02,Role expansion,No,Current Employee Record,Synthetic Workforce Movement Generator
MOVEMENT-00871,EMP379,Anusha Qureshi,Promotion,2025-07-15,DEPARTMENT-009,Training & Development,DEPARTMENT-009,Training & Development,ORGANIZATIONAL-UNIT-TRN,ORGANIZATIONAL-UNIT-TRN,POS-370,HISTORICAL-PROMOTION-TRN-11-03,Merit promotion,No,Current Employee Record,Synthetic Workforce Movement Generator
MOVEMENT-00872,EMP433,Amna Mahmood,Promotion,2025-07-05,DEPARTMENT-010,Administration & Facilities,DEPARTMENT-010,Administration & Facilities,ORGANIZATIONAL-UNIT-ADM,ORGANIZATIONAL-UNIT-ADM,POS-423,HISTORICAL-PROMOTION-ADM-11-01,Merit promotion,No,Current Employee Record,Synthetic Workforce Movement Generator
MOVEMENT-00873,EMP430,Saad Raza,Promotion,2025-07-23,DEPARTMENT-010,Administration & Facilities,DEPARTMENT-010,Administration & Facilities,ORGANIZATIONAL-UNIT-ADM,ORGANIZATIONAL-UNIT-ADM,POS-420,HISTORICAL-PROMOTION-ADM-11-02,Role expansion,No,Current Employee Record,Synthetic Workforce Movement Generator
MOVEMENT-00874,EMP432,Kinza Hashmi,Promotion,2025-07-16,DEPARTMENT-010,Administration & Facilities,DEPARTMENT-010,Administration & Facilities,ORGANIZATIONAL-UNIT-ADM,ORGANIZATIONAL-UNIT-ADM,POS-422,HISTORICAL-PROMOTION-ADM-11-03,Merit promotion,No,Current Employee Record,Synthetic Workforce Movement Generator
MOVEMENT-00875,HISTORICAL-EMPLOYEE-0522,Historical Legal Employee 0522,Leave,2025-07-05,DEPARTMENT-011,Legal & Compliance,,,ORGANIZATIONAL-UNIT-LGL,,,,Resignation,Yes,Historical Movement Subject,Synthetic Workforce Movement Generator
MOVEMENT-00876,HISTORICAL-EMPLOYEE-0523,Historical Legal Employee 0523,Leave,2025-07-24,DEPARTMENT-011,Legal & Compliance,,,ORGANIZATIONAL-UNIT-LGL,,,,Contract completion,Yes,Historical Movement Subject,Synthetic Workforce Movement Generator
MOVEMENT-00877,EMP481,Rabia Rehman,Promotion,2025-07-05,DEPARTMENT-011,Legal & Compliance,DEPARTMENT-011,Legal & Compliance,ORGANIZATIONAL-UNIT-LGL,ORGANIZATIONAL-UNIT-LGL,POS-470,HISTORICAL-PROMOTION-LGL-11-01,Annual promotion cycle,No,Current Employee Record,Synthetic Workforce Movement Generator
MOVEMENT-00878,EMP491,Zainab Chaudhry,Promotion,2025-07-21,DEPARTMENT-011,Legal & Compliance,DEPARTMENT-011,Legal & Compliance,ORGANIZATIONAL-UNIT-LGL,ORGANIZATIONAL-UNIT-LGL,POS-480,HISTORICAL-PROMOTION-LGL-11-02,Role expansion,No,Current Employee Record,Synthetic Workforce Movement Generator
MOVEMENT-00879,HISTORICAL-EMPLOYEE-0524,Historical Procurement Employee 0524,Join,2025-07-07,,,DEPARTMENT-012,Procurement & Supply Chain,,ORGANIZATIONAL-UNIT-PRC,,,Replacement hire,No,Historical Movement Subject,Synthetic Workforce Movement Generator
MOVEMENT-00880,EMP570,Komal Farooq,Join,2025-07-12,,,DEPARTMENT-013,Logistics & Warehouse,,ORGANIZATIONAL-UNIT-LOG,,,Approved recruitment plan,No,Current Employee Record,Synthetic Workforce Movement Generator
MOVEMENT-00881,HISTORICAL-EMPLOYEE-0525,Historical Logistics Employee 0525,Join,2025-07-15,,,DEPARTMENT-013,Logistics & Warehouse,,ORGANIZATIONAL-UNIT-LOG,,,Internship intake,No,Historical Movement Subject,Synthetic Workforce Movement Generator
MOVEMENT-00882,HISTORICAL-EMPLOYEE-0526,Historical Logistics Employee 0526,Join,2025-07-10,,,DEPARTMENT-013,Logistics & Warehouse,,ORGANIZATIONAL-UNIT-LOG,,,Replacement hire,No,Historical Movement Subject,Synthetic Workforce Movement Generator
MOVEMENT-00883,HISTORICAL-EMPLOYEE-0527,Historical Logistics Employee 0527,Join,2025-07-11,,,DEPARTMENT-013,Logistics & Warehouse,,ORGANIZATIONAL-UNIT-LOG,,,Internship intake,No,Historical Movement Subject,Synthetic Workforce Movement Generator
MOVEMENT-00884,HISTORICAL-EMPLOYEE-0528,Historical Logistics Employee 0528,Leave,2025-07-21,DEPARTMENT-013,Logistics & Warehouse,,,ORGANIZATIONAL-UNIT-LOG,,,,Resignation,Yes,Historical Movement Subject,Synthetic Workforce Movement Generator
MOVEMENT-00885,HISTORICAL-EMPLOYEE-0529,Historical Logistics Employee 0529,Leave,2025-07-23,DEPARTMENT-013,Logistics & Warehouse,,,ORGANIZATIONAL-UNIT-LOG,,,,Retirement,Yes,Historical Movement Subject,Synthetic Workforce Movement Generator
MOVEMENT-00886,HISTORICAL-EMPLOYEE-0530,Historical Logistics Employee 0530,Leave,2025-07-17,DEPARTMENT-013,Logistics & Warehouse,,,ORGANIZATIONAL-UNIT-LOG,,,,Career opportunity,Yes,Historical Movement Subject,Synthetic Workforce Movement Generator
MOVEMENT-00887,EMP552,Anam Rauf,Promotion,2025-07-23,DEPARTMENT-013,Logistics & Warehouse,DEPARTMENT-013,Logistics & Warehouse,ORGANIZATIONAL-UNIT-LOG,ORGANIZATIONAL-UNIT-LOG,POS-539,HISTORICAL-PROMOTION-LOG-11-01,Merit promotion,No,Current Employee Record,Synthetic Workforce Movement Generator
MOVEMENT-00888,EMP549,Saba Saeed,Promotion,2025-07-22,DEPARTMENT-013,Logistics & Warehouse,DEPARTMENT-013,Logistics & Warehouse,ORGANIZATIONAL-UNIT-LOG,ORGANIZATIONAL-UNIT-LOG,POS-536,HISTORICAL-PROMOTION-LOG-11-02,Role expansion,No,Current Employee Record,Synthetic Workforce Movement Generator
MOVEMENT-00889,EMP564,Adnan Zafar,Promotion,2025-07-11,DEPARTMENT-013,Logistics & Warehouse,DEPARTMENT-013,Logistics & Warehouse,ORGANIZATIONAL-UNIT-LOG,ORGANIZATIONAL-UNIT-LOG,POS-551,HISTORICAL-PROMOTION-LOG-11-03,Annual promotion cycle,No,Current Employee Record,Synthetic Workforce Movement Generator
MOVEMENT-00890,HISTORICAL-EMPLOYEE-0531,Historical Production Employee 0531,Join,2025-07-12,,,DEPARTMENT-014,Production & Manufacturing,,ORGANIZATIONAL-UNIT-PRD,,,Internship intake,No,Historical Movement Subject,Synthetic Workforce Movement Generator
MOVEMENT-00891,HISTORICAL-EMPLOYEE-0532,Historical Production Employee 0532,Leave,2025-07-19,DEPARTMENT-014,Production & Manufacturing,,,ORGANIZATIONAL-UNIT-PRD,,,,Contract completion,Yes,Historical Movement Subject,Synthetic Workforce Movement Generator
MOVEMENT-00892,HISTORICAL-EMPLOYEE-0533,Historical Quality Employee 0533,Join,2025-07-20,,,DEPARTMENT-015,Quality Assurance,,ORGANIZATIONAL-UNIT-QAS,,,Replacement hire,No,Historical Movement Subject,Synthetic Workforce Movement Generator
MOVEMENT-00893,HISTORICAL-EMPLOYEE-0534,Historical Quality Employee 0534,Join,2025-07-13,,,DEPARTMENT-015,Quality Assurance,,ORGANIZATIONAL-UNIT-QAS,,,Replacement hire,No,Historical Movement Subject,Synthetic Workforce Movement Generator
MOVEMENT-00894,HISTORICAL-EMPLOYEE-0535,Historical Quality Employee 0535,Join,2025-07-21,,,DEPARTMENT-015,Quality Assurance,,ORGANIZATIONAL-UNIT-QAS,,,Replacement hire,No,Historical Movement Subject,Synthetic Workforce Movement Generator
MOVEMENT-00895,HISTORICAL-EMPLOYEE-0536,Historical Quality Employee 0536,Join,2025-07-20,,,DEPARTMENT-015,Quality Assurance,,ORGANIZATIONAL-UNIT-QAS,,,Growth hiring,No,Historical Movement Subject,Synthetic Workforce Movement Generator
MOVEMENT-00896,HISTORICAL-EMPLOYEE-0537,Historical Quality Employee 0537,Leave,2025-07-08,DEPARTMENT-015,Quality Assurance,,,ORGANIZATIONAL-UNIT-QAS,,,,Contract completion,Yes,Historical Movement Subject,Synthetic Workforce Movement Generator
MOVEMENT-00897,HISTORICAL-EMPLOYEE-0538,Historical Quality Employee 0538,Leave,2025-07-23,DEPARTMENT-015,Quality Assurance,,,ORGANIZATIONAL-UNIT-QAS,,,,Contract completion,Yes,Historical Movement Subject,Synthetic Workforce Movement Generator
MOVEMENT-00898,HISTORICAL-EMPLOYEE-0539,Historical Quality Employee 0539,Leave,2025-07-14,DEPARTMENT-015,Quality Assurance,,,ORGANIZATIONAL-UNIT-QAS,,,,Retirement,Yes,Historical Movement Subject,Synthetic Workforce Movement Generator
MOVEMENT-00899,EMP642,Taha Zafar,Promotion,2025-07-02,DEPARTMENT-015,Quality Assurance,DEPARTMENT-015,Quality Assurance,ORGANIZATIONAL-UNIT-QAS,ORGANIZATIONAL-UNIT-QAS,POS-627,HISTORICAL-PROMOTION-QAS-11-01,Merit promotion,No,Current Employee Record,Synthetic Workforce Movement Generator
MOVEMENT-00900,HISTORICAL-EMPLOYEE-0540,Historical Research Employee 0540,Join,2025-07-21,,,DEPARTMENT-016,Research & Development,,ORGANIZATIONAL-UNIT-RND,,,Growth hiring,No,Historical Movement Subject,Synthetic Workforce Movement Generator
MOVEMENT-00901,EMP716,Saba Awan,Promotion,2025-07-05,DEPARTMENT-016,Research & Development,DEPARTMENT-016,Research & Development,ORGANIZATIONAL-UNIT-RND,ORGANIZATIONAL-UNIT-RND,POS-700,HISTORICAL-PROMOTION-RND-11-01,Role expansion,No,Current Employee Record,Synthetic Workforce Movement Generator
MOVEMENT-00902,EMP710,Sara Hameed,Promotion,2025-07-17,DEPARTMENT-016,Research & Development,DEPARTMENT-016,Research & Development,ORGANIZATIONAL-UNIT-RND,ORGANIZATIONAL-UNIT-RND,POS-694,HISTORICAL-PROMOTION-RND-11-02,Merit promotion,No,Current Employee Record,Synthetic Workforce Movement Generator
MOVEMENT-00903,EMP049,Sara Aslam,Transfer,2025-08-14,DEPARTMENT-003,Sales,DEPARTMENT-009,Training & Development,ORGANIZATIONAL-UNIT-SAL,ORGANIZATIONAL-UNIT-TRN,POS-049,HISTORICAL-DESTINATION-TRN-12,Career development,Yes,Current Employee Record,Synthetic Workforce Movement Generator
MOVEMENT-00904,EMP692,Amna Yousaf,Transfer,2025-08-12,DEPARTMENT-016,Research & Development,DEPARTMENT-008,Medical Care,ORGANIZATIONAL-UNIT-RND,ORGANIZATIONAL-UNIT-MED,POS-676,HISTORICAL-DESTINATION-MED-12,Employee request,Yes,Current Employee Record,Synthetic Workforce Movement Generator
MOVEMENT-00905,EMP620,Iqra Ansari,Transfer,2025-08-06,DEPARTMENT-014,Production & Manufacturing,DEPARTMENT-005,Engineering,ORGANIZATIONAL-UNIT-PRD,ORGANIZATIONAL-UNIT-ENG,POS-606,HISTORICAL-DESTINATION-ENG-12,Business requirement,Yes,Current Employee Record,Synthetic Workforce Movement Generator
MOVEMENT-00906,EMP432,Kinza Hashmi,Transfer,2025-08-16,DEPARTMENT-010,Administration & Facilities,DEPARTMENT-009,Training & Development,ORGANIZATIONAL-UNIT-ADM,ORGANIZATIONAL-UNIT-TRN,POS-422,HISTORICAL-DESTINATION-TRN-12,Employee request,Yes,Current Employee Record,Synthetic Workforce Movement Generator
MOVEMENT-00907,EMP551,Saba Rehman,Transfer,2025-08-09,DEPARTMENT-013,Logistics & Warehouse,DEPARTMENT-014,Production & Manufacturing,ORGANIZATIONAL-UNIT-LOG,ORGANIZATIONAL-UNIT-PRD,POS-538,HISTORICAL-DESTINATION-PRD-12,Business requirement,Yes,Current Employee Record,Synthetic Workforce Movement Generator
MOVEMENT-00908,EMP208,Omar Rauf,Transfer,2025-08-20,DEPARTMENT-001,HR,DEPARTMENT-014,Production & Manufacturing,ORGANIZATIONAL-UNIT-HR,ORGANIZATIONAL-UNIT-PRD,POS-207,HISTORICAL-DESTINATION-PRD-12,Employee request,Yes,Current Employee Record,Synthetic Workforce Movement Generator
MOVEMENT-00909,EMP553,Iqra Mughal,Transfer,2025-08-25,DEPARTMENT-013,Logistics & Warehouse,DEPARTMENT-006,Operations,ORGANIZATIONAL-UNIT-LOG,ORGANIZATIONAL-UNIT-OPS,POS-540,HISTORICAL-DESTINATION-OPS-12,Career development,Yes,Current Employee Record,Synthetic Workforce Movement Generator
MOVEMENT-00910,EMP208,Omar Rauf,Transfer,2025-08-20,DEPARTMENT-001,HR,DEPARTMENT-004,Customer Support,ORGANIZATIONAL-UNIT-HR,ORGANIZATIONAL-UNIT-CS,POS-207,HISTORICAL-DESTINATION-CS-12,Workforce balancing,Yes,Current Employee Record,Synthetic Workforce Movement Generator
MOVEMENT-00911,EMP433,Amna Mahmood,Transfer,2025-08-02,DEPARTMENT-010,Administration & Facilities,DEPARTMENT-006,Operations,ORGANIZATIONAL-UNIT-ADM,ORGANIZATIONAL-UNIT-OPS,POS-423,HISTORICAL-DESTINATION-OPS-12,Workforce balancing,Yes,Current Employee Record,Synthetic Workforce Movement Generator
MOVEMENT-00912,EMP117,Saad Ullah,Transfer,2025-08-17,DEPARTMENT-005,Engineering,DEPARTMENT-008,Medical Care,ORGANIZATIONAL-UNIT-ENG,ORGANIZATIONAL-UNIT-MED,POS-117,HISTORICAL-DESTINATION-MED-12,Workforce balancing,Yes,Current Employee Record,Synthetic Workforce Movement Generator
MOVEMENT-00913,HISTORICAL-EMPLOYEE-0541,Historical HR Employee 0541,Join,2025-08-10,,,DEPARTMENT-001,HR,,ORGANIZATIONAL-UNIT-HR,,,Growth hiring,No,Historical Movement Subject,Synthetic Workforce Movement Generator
MOVEMENT-00914,EMP221,Anam Akhtar,Promotion,2025-08-11,DEPARTMENT-001,HR,DEPARTMENT-001,HR,ORGANIZATIONAL-UNIT-HR,ORGANIZATIONAL-UNIT-HR,POS-220,HISTORICAL-PROMOTION-HR-12-01,Role expansion,No,Current Employee Record,Synthetic Workforce Movement Generator
MOVEMENT-00915,HISTORICAL-EMPLOYEE-0542,Historical Finance Employee 0542,Leave,2025-08-14,DEPARTMENT-002,Finance,,,ORGANIZATIONAL-UNIT-FIN,,,,Career opportunity,Yes,Historical Movement Subject,Synthetic Workforce Movement Generator
MOVEMENT-00916,EMP140,Noman Rehman,Promotion,2025-08-11,DEPARTMENT-002,Finance,DEPARTMENT-002,Finance,ORGANIZATIONAL-UNIT-FIN,ORGANIZATIONAL-UNIT-FIN,POS-140,HISTORICAL-PROMOTION-FIN-12-01,Role expansion,No,Current Employee Record,Synthetic Workforce Movement Generator
MOVEMENT-00917,EMP239,Komal Sultan,Promotion,2025-08-08,DEPARTMENT-002,Finance,DEPARTMENT-002,Finance,ORGANIZATIONAL-UNIT-FIN,ORGANIZATIONAL-UNIT-FIN,POS-237,HISTORICAL-PROMOTION-FIN-12-02,Role expansion,No,Current Employee Record,Synthetic Workforce Movement Generator
MOVEMENT-00918,EMP258,Ayesha Khalid,Join,2025-08-06,,,DEPARTMENT-003,Sales,,ORGANIZATIONAL-UNIT-SAL,,,Approved recruitment plan,No,Current Employee Record,Synthetic Workforce Movement Generator
MOVEMENT-00919,EMP165,Waqas Butt,Join,2025-08-22,,,DEPARTMENT-003,Sales,,ORGANIZATIONAL-UNIT-SAL,,,Approved recruitment plan,No,Current Employee Record,Synthetic Workforce Movement Generator
MOVEMENT-00920,HISTORICAL-EMPLOYEE-0543,Historical Sales Employee 0543,Join,2025-08-04,,,DEPARTMENT-003,Sales,,ORGANIZATIONAL-UNIT-SAL,,,Growth hiring,No,Historical Movement Subject,Synthetic Workforce Movement Generator
MOVEMENT-00921,HISTORICAL-EMPLOYEE-0544,Historical Sales Employee 0544,Join,2025-08-23,,,DEPARTMENT-003,Sales,,ORGANIZATIONAL-UNIT-SAL,,,Growth hiring,No,Historical Movement Subject,Synthetic Workforce Movement Generator
MOVEMENT-00922,HISTORICAL-EMPLOYEE-0545,Historical Sales Employee 0545,Leave,2025-08-25,DEPARTMENT-003,Sales,,,ORGANIZATIONAL-UNIT-SAL,,,,Retirement,Yes,Historical Movement Subject,Synthetic Workforce Movement Generator
MOVEMENT-00923,HISTORICAL-EMPLOYEE-0546,Historical Sales Employee 0546,Leave,2025-08-22,DEPARTMENT-003,Sales,,,ORGANIZATIONAL-UNIT-SAL,,,,Resignation,Yes,Historical Movement Subject,Synthetic Workforce Movement Generator
MOVEMENT-00924,HISTORICAL-EMPLOYEE-0547,Historical Sales Employee 0547,Leave,2025-08-25,DEPARTMENT-003,Sales,,,ORGANIZATIONAL-UNIT-SAL,,,,Retirement,No,Historical Movement Subject,Synthetic Workforce Movement Generator
MOVEMENT-00925,EMP098,Sidra Zafar,Join,2025-08-21,,,DEPARTMENT-004,Customer Support,,ORGANIZATIONAL-UNIT-CS,,,Growth hiring,No,Current Employee Record,Synthetic Workforce Movement Generator
MOVEMENT-00926,HISTORICAL-EMPLOYEE-0548,Historical Customer Employee 0548,Leave,2025-08-18,DEPARTMENT-004,Customer Support,,,ORGANIZATIONAL-UNIT-CS,,,,Contract completion,Yes,Historical Movement Subject,Synthetic Workforce Movement Generator
MOVEMENT-00927,EMP261,Anam Ahmed,Promotion,2025-08-21,DEPARTMENT-004,Customer Support,DEPARTMENT-004,Customer Support,ORGANIZATIONAL-UNIT-CS,ORGANIZATIONAL-UNIT-CS,POS-257,HISTORICAL-PROMOTION-CS-12-01,Merit promotion,No,Current Employee Record,Synthetic Workforce Movement Generator
MOVEMENT-00928,EMP115,Hafsa Abbasi,Join,2025-08-07,,,DEPARTMENT-005,Engineering,,ORGANIZATIONAL-UNIT-ENG,,,Replacement hire,No,Current Employee Record,Synthetic Workforce Movement Generator
MOVEMENT-00929,EMP151,Farhan Rehman,Join,2025-08-09,,,DEPARTMENT-005,Engineering,,ORGANIZATIONAL-UNIT-ENG,,,Internship intake,No,Current Employee Record,Synthetic Workforce Movement Generator
MOVEMENT-00930,HISTORICAL-EMPLOYEE-0549,Historical Engineering Employee 0549,Join,2025-08-24,,,DEPARTMENT-005,Engineering,,ORGANIZATIONAL-UNIT-ENG,,,Internship intake,No,Historical Movement Subject,Synthetic Workforce Movement Generator
MOVEMENT-00931,HISTORICAL-EMPLOYEE-0550,Historical Engineering Employee 0550,Join,2025-08-03,,,DEPARTMENT-005,Engineering,,ORGANIZATIONAL-UNIT-ENG,,,Growth hiring,No,Historical Movement Subject,Synthetic Workforce Movement Generator
MOVEMENT-00932,HISTORICAL-EMPLOYEE-0551,Historical Engineering Employee 0551,Join,2025-08-22,,,DEPARTMENT-005,Engineering,,ORGANIZATIONAL-UNIT-ENG,,,Replacement hire,No,Historical Movement Subject,Synthetic Workforce Movement Generator
MOVEMENT-00933,HISTORICAL-EMPLOYEE-0552,Historical Engineering Employee 0552,Leave,2025-08-06,DEPARTMENT-005,Engineering,,,ORGANIZATIONAL-UNIT-ENG,,,,Resignation,No,Historical Movement Subject,Synthetic Workforce Movement Generator
MOVEMENT-00934,HISTORICAL-EMPLOYEE-0553,Historical Engineering Employee 0553,Leave,2025-08-07,DEPARTMENT-005,Engineering,,,ORGANIZATIONAL-UNIT-ENG,,,,Resignation,No,Historical Movement Subject,Synthetic Workforce Movement Generator
MOVEMENT-00935,HISTORICAL-EMPLOYEE-0554,Historical Engineering Employee 0554,Leave,2025-08-23,DEPARTMENT-005,Engineering,,,ORGANIZATIONAL-UNIT-ENG,,,,Career opportunity,Yes,Historical Movement Subject,Synthetic Workforce Movement Generator
MOVEMENT-00936,EMP082,Ali Dar,Promotion,2025-08-24,DEPARTMENT-005,Engineering,DEPARTMENT-005,Engineering,ORGANIZATIONAL-UNIT-ENG,ORGANIZATIONAL-UNIT-ENG,POS-082,HISTORICAL-PROMOTION-ENG-12-01,Merit promotion,No,Current Employee Record,Synthetic Workforce Movement Generator
MOVEMENT-00937,HISTORICAL-EMPLOYEE-0555,Historical Operations Employee 0555,Leave,2025-08-15,DEPARTMENT-006,Operations,,,ORGANIZATIONAL-UNIT-OPS,,,,Retirement,Yes,Historical Movement Subject,Synthetic Workforce Movement Generator
MOVEMENT-00938,HISTORICAL-EMPLOYEE-0556,Historical Operations Employee 0556,Leave,2025-08-25,DEPARTMENT-006,Operations,,,ORGANIZATIONAL-UNIT-OPS,,,,Career opportunity,No,Historical Movement Subject,Synthetic Workforce Movement Generator
MOVEMENT-00939,EMP086,Hina Tariq,Promotion,2025-08-05,DEPARTMENT-006,Operations,DEPARTMENT-006,Operations,ORGANIZATIONAL-UNIT-OPS,ORGANIZATIONAL-UNIT-OPS,POS-086,HISTORICAL-PROMOTION-OPS-12-01,Merit promotion,No,Current Employee Record,Synthetic Workforce Movement Generator
MOVEMENT-00940,EMP184,Iqra Hassan,Promotion,2025-08-25,DEPARTMENT-006,Operations,DEPARTMENT-006,Operations,ORGANIZATIONAL-UNIT-OPS,ORGANIZATIONAL-UNIT-OPS,POS-184,HISTORICAL-PROMOTION-OPS-12-02,Annual promotion cycle,No,Current Employee Record,Synthetic Workforce Movement Generator
MOVEMENT-00941,EMP120,Ahmad Aziz,Promotion,2025-08-09,DEPARTMENT-006,Operations,DEPARTMENT-006,Operations,ORGANIZATIONAL-UNIT-OPS,ORGANIZATIONAL-UNIT-OPS,POS-120,HISTORICAL-PROMOTION-OPS-12-03,Role expansion,No,Current Employee Record,Synthetic Workforce Movement Generator
MOVEMENT-00942,EMP314,Anam Hameed,Join,2025-08-16,,,DEPARTMENT-007,IT,,ORGANIZATIONAL-UNIT-IT,,,Approved recruitment plan,No,Current Employee Record,Synthetic Workforce Movement Generator
MOVEMENT-00943,HISTORICAL-EMPLOYEE-0557,Historical IT Employee 0557,Join,2025-08-18,,,DEPARTMENT-007,IT,,ORGANIZATIONAL-UNIT-IT,,,Growth hiring,No,Historical Movement Subject,Synthetic Workforce Movement Generator
MOVEMENT-00944,HISTORICAL-EMPLOYEE-0558,Historical IT Employee 0558,Join,2025-08-22,,,DEPARTMENT-007,IT,,ORGANIZATIONAL-UNIT-IT,,,Approved recruitment plan,No,Historical Movement Subject,Synthetic Workforce Movement Generator
MOVEMENT-00945,HISTORICAL-EMPLOYEE-0559,Historical IT Employee 0559,Leave,2025-08-11,DEPARTMENT-007,IT,,,ORGANIZATIONAL-UNIT-IT,,,,Contract completion,Yes,Historical Movement Subject,Synthetic Workforce Movement Generator
MOVEMENT-00946,HISTORICAL-EMPLOYEE-0560,Historical IT Employee 0560,Leave,2025-08-25,DEPARTMENT-007,IT,,,ORGANIZATIONAL-UNIT-IT,,,,Retirement,Yes,Historical Movement Subject,Synthetic Workforce Movement Generator
MOVEMENT-00947,EMP297,Usman Mughal,Promotion,2025-08-14,DEPARTMENT-007,IT,DEPARTMENT-007,IT,ORGANIZATIONAL-UNIT-IT,ORGANIZATIONAL-UNIT-IT,POS-290,HISTORICAL-PROMOTION-IT-12-01,Merit promotion,No,Current Employee Record,Synthetic Workforce Movement Generator
MOVEMENT-00948,EMP132,Arham Qureshi,Promotion,2025-08-13,DEPARTMENT-007,IT,DEPARTMENT-007,IT,ORGANIZATIONAL-UNIT-IT,ORGANIZATIONAL-UNIT-IT,POS-132,HISTORICAL-PROMOTION-IT-12-02,Merit promotion,No,Current Employee Record,Synthetic Workforce Movement Generator
MOVEMENT-00949,EMP310,Maryam Chaudhry,Promotion,2025-08-13,DEPARTMENT-007,IT,DEPARTMENT-007,IT,ORGANIZATIONAL-UNIT-IT,ORGANIZATIONAL-UNIT-IT,POS-303,HISTORICAL-PROMOTION-IT-12-03,Annual promotion cycle,No,Current Employee Record,Synthetic Workforce Movement Generator
MOVEMENT-00950,HISTORICAL-EMPLOYEE-0561,Historical Medical Employee 0561,Leave,2025-08-13,DEPARTMENT-008,Medical Care,,,ORGANIZATIONAL-UNIT-MED,,,,Retirement,Yes,Historical Movement Subject,Synthetic Workforce Movement Generator
MOVEMENT-00951,HISTORICAL-EMPLOYEE-0562,Historical Medical Employee 0562,Leave,2025-08-16,DEPARTMENT-008,Medical Care,,,ORGANIZATIONAL-UNIT-MED,,,,Contract completion,No,Historical Movement Subject,Synthetic Workforce Movement Generator
MOVEMENT-00952,EMP352,Bilal Mughal,Promotion,2025-08-04,DEPARTMENT-008,Medical Care,DEPARTMENT-008,Medical Care,ORGANIZATIONAL-UNIT-MED,ORGANIZATIONAL-UNIT-MED,POS-344,HISTORICAL-PROMOTION-MED-12-01,Annual promotion cycle,No,Current Employee Record,Synthetic Workforce Movement Generator
MOVEMENT-00953,EMP340,Eman Raza,Promotion,2025-08-16,DEPARTMENT-008,Medical Care,DEPARTMENT-008,Medical Care,ORGANIZATIONAL-UNIT-MED,ORGANIZATIONAL-UNIT-MED,POS-332,HISTORICAL-PROMOTION-MED-12-02,Annual promotion cycle,No,Current Employee Record,Synthetic Workforce Movement Generator
MOVEMENT-00954,HISTORICAL-EMPLOYEE-0563,Historical Training Employee 0563,Join,2025-08-25,,,DEPARTMENT-009,Training & Development,,ORGANIZATIONAL-UNIT-TRN,,,Replacement hire,No,Historical Movement Subject,Synthetic Workforce Movement Generator
MOVEMENT-00955,HISTORICAL-EMPLOYEE-0564,Historical Training Employee 0564,Join,2025-08-07,,,DEPARTMENT-009,Training & Development,,ORGANIZATIONAL-UNIT-TRN,,,Growth hiring,No,Historical Movement Subject,Synthetic Workforce Movement Generator
MOVEMENT-00956,HISTORICAL-EMPLOYEE-0565,Historical Training Employee 0565,Join,2025-08-12,,,DEPARTMENT-009,Training & Development,,ORGANIZATIONAL-UNIT-TRN,,,Approved recruitment plan,No,Historical Movement Subject,Synthetic Workforce Movement Generator
MOVEMENT-00957,HISTORICAL-EMPLOYEE-0566,Historical Training Employee 0566,Leave,2025-08-10,DEPARTMENT-009,Training & Development,,,ORGANIZATIONAL-UNIT-TRN,,,,Retirement,No,Historical Movement Subject,Synthetic Workforce Movement Generator
MOVEMENT-00958,HISTORICAL-EMPLOYEE-0567,Historical Training Employee 0567,Leave,2025-08-17,DEPARTMENT-009,Training & Development,,,ORGANIZATIONAL-UNIT-TRN,,,,Career opportunity,Yes,Historical Movement Subject,Synthetic Workforce Movement Generator
MOVEMENT-00959,HISTORICAL-EMPLOYEE-0568,Historical Training Employee 0568,Leave,2025-08-10,DEPARTMENT-009,Training & Development,,,ORGANIZATIONAL-UNIT-TRN,,,,Contract completion,Yes,Historical Movement Subject,Synthetic Workforce Movement Generator
MOVEMENT-00960,EMP371,Omar Tariq,Promotion,2025-08-18,DEPARTMENT-009,Training & Development,DEPARTMENT-009,Training & Development,ORGANIZATIONAL-UNIT-TRN,ORGANIZATIONAL-UNIT-TRN,POS-362,HISTORICAL-PROMOTION-TRN-12-01,Annual promotion cycle,No,Current Employee Record,Synthetic Workforce Movement Generator
MOVEMENT-00961,EMP386,Areeba Nasir,Promotion,2025-08-17,DEPARTMENT-009,Training & Development,DEPARTMENT-009,Training & Development,ORGANIZATIONAL-UNIT-TRN,ORGANIZATIONAL-UNIT-TRN,POS-377,HISTORICAL-PROMOTION-TRN-12-02,Annual promotion cycle,No,Current Employee Record,Synthetic Workforce Movement Generator
MOVEMENT-00962,HISTORICAL-EMPLOYEE-0569,Historical Administration Employee 0569,Join,2025-08-20,,,DEPARTMENT-010,Administration & Facilities,,ORGANIZATIONAL-UNIT-ADM,,,Growth hiring,No,Historical Movement Subject,Synthetic Workforce Movement Generator
MOVEMENT-00963,HISTORICAL-EMPLOYEE-0570,Historical Administration Employee 0570,Join,2025-08-04,,,DEPARTMENT-010,Administration & Facilities,,ORGANIZATIONAL-UNIT-ADM,,,Internship intake,No,Historical Movement Subject,Synthetic Workforce Movement Generator
MOVEMENT-00964,HISTORICAL-EMPLOYEE-0571,Historical Administration Employee 0571,Join,2025-08-22,,,DEPARTMENT-010,Administration & Facilities,,ORGANIZATIONAL-UNIT-ADM,,,Replacement hire,No,Historical Movement Subject,Synthetic Workforce Movement Generator
MOVEMENT-00965,HISTORICAL-EMPLOYEE-0572,Historical Administration Employee 0572,Join,2025-08-10,,,DEPARTMENT-010,Administration & Facilities,,ORGANIZATIONAL-UNIT-ADM,,,Approved recruitment plan,No,Historical Movement Subject,Synthetic Workforce Movement Generator
MOVEMENT-00966,HISTORICAL-EMPLOYEE-0573,Historical Administration Employee 0573,Leave,2025-08-19,DEPARTMENT-010,Administration & Facilities,,,ORGANIZATIONAL-UNIT-ADM,,,,Career opportunity,No,Historical Movement Subject,Synthetic Workforce Movement Generator
MOVEMENT-00967,EMP441,Mahnoor Waheed,Promotion,2025-08-06,DEPARTMENT-010,Administration & Facilities,DEPARTMENT-010,Administration & Facilities,ORGANIZATIONAL-UNIT-ADM,ORGANIZATIONAL-UNIT-ADM,POS-431,HISTORICAL-PROMOTION-ADM-12-01,Merit promotion,No,Current Employee Record,Synthetic Workforce Movement Generator
MOVEMENT-00968,EMP481,Rabia Rehman,Join,2025-08-05,,,DEPARTMENT-011,Legal & Compliance,,ORGANIZATIONAL-UNIT-LGL,,,Approved recruitment plan,No,Current Employee Record,Synthetic Workforce Movement Generator
MOVEMENT-00969,EMP492,Hamza Javed,Promotion,2025-08-21,DEPARTMENT-011,Legal & Compliance,DEPARTMENT-011,Legal & Compliance,ORGANIZATIONAL-UNIT-LGL,ORGANIZATIONAL-UNIT-LGL,POS-481,HISTORICAL-PROMOTION-LGL-12-01,Merit promotion,No,Current Employee Record,Synthetic Workforce Movement Generator
MOVEMENT-00970,EMP463,Talha Ansari,Promotion,2025-08-14,DEPARTMENT-011,Legal & Compliance,DEPARTMENT-011,Legal & Compliance,ORGANIZATIONAL-UNIT-LGL,ORGANIZATIONAL-UNIT-LGL,POS-452,HISTORICAL-PROMOTION-LGL-12-02,Merit promotion,No,Current Employee Record,Synthetic Workforce Movement Generator
MOVEMENT-00971,HISTORICAL-EMPLOYEE-0574,Historical Procurement Employee 0574,Join,2025-08-23,,,DEPARTMENT-012,Procurement & Supply Chain,,ORGANIZATIONAL-UNIT-PRC,,,Replacement hire,No,Historical Movement Subject,Synthetic Workforce Movement Generator
MOVEMENT-00972,HISTORICAL-EMPLOYEE-0575,Historical Procurement Employee 0575,Join,2025-08-19,,,DEPARTMENT-012,Procurement & Supply Chain,,ORGANIZATIONAL-UNIT-PRC,,,Replacement hire,No,Historical Movement Subject,Synthetic Workforce Movement Generator
MOVEMENT-00973,HISTORICAL-EMPLOYEE-0576,Historical Procurement Employee 0576,Leave,2025-08-02,DEPARTMENT-012,Procurement & Supply Chain,,,ORGANIZATIONAL-UNIT-PRC,,,,Career opportunity,Yes,Historical Movement Subject,Synthetic Workforce Movement Generator
MOVEMENT-00974,EMP510,Laiba Butt,Promotion,2025-08-25,DEPARTMENT-012,Procurement & Supply Chain,DEPARTMENT-012,Procurement & Supply Chain,ORGANIZATIONAL-UNIT-PRC,ORGANIZATIONAL-UNIT-PRC,POS-498,HISTORICAL-PROMOTION-PRC-12-01,Role expansion,No,Current Employee Record,Synthetic Workforce Movement Generator
MOVEMENT-00975,EMP536,Anusha Butt,Promotion,2025-08-10,DEPARTMENT-012,Procurement & Supply Chain,DEPARTMENT-012,Procurement & Supply Chain,ORGANIZATIONAL-UNIT-PRC,ORGANIZATIONAL-UNIT-PRC,POS-524,HISTORICAL-PROMOTION-PRC-12-02,Role expansion,No,Current Employee Record,Synthetic Workforce Movement Generator
MOVEMENT-00976,EMP573,Junaid Javed,Join,2025-08-22,,,DEPARTMENT-013,Logistics & Warehouse,,ORGANIZATIONAL-UNIT-LOG,,,Approved recruitment plan,No,Current Employee Record,Synthetic Workforce Movement Generator
MOVEMENT-00977,HISTORICAL-EMPLOYEE-0577,Historical Logistics Employee 0577,Join,2025-08-22,,,DEPARTMENT-013,Logistics & Warehouse,,ORGANIZATIONAL-UNIT-LOG,,,Growth hiring,No,Historical Movement Subject,Synthetic Workforce Movement Generator
MOVEMENT-00978,HISTORICAL-EMPLOYEE-0578,Historical Logistics Employee 0578,Join,2025-08-17,,,DEPARTMENT-013,Logistics & Warehouse,,ORGANIZATIONAL-UNIT-LOG,,,Growth hiring,No,Historical Movement Subject,Synthetic Workforce Movement Generator
MOVEMENT-00979,HISTORICAL-EMPLOYEE-0579,Historical Logistics Employee 0579,Join,2025-08-14,,,DEPARTMENT-013,Logistics & Warehouse,,ORGANIZATIONAL-UNIT-LOG,,,Internship intake,No,Historical Movement Subject,Synthetic Workforce Movement Generator
MOVEMENT-00980,HISTORICAL-EMPLOYEE-0580,Historical Logistics Employee 0580,Join,2025-08-20,,,DEPARTMENT-013,Logistics & Warehouse,,ORGANIZATIONAL-UNIT-LOG,,,Replacement hire,No,Historical Movement Subject,Synthetic Workforce Movement Generator
MOVEMENT-00981,HISTORICAL-EMPLOYEE-0581,Historical Logistics Employee 0581,Join,2025-08-19,,,DEPARTMENT-013,Logistics & Warehouse,,ORGANIZATIONAL-UNIT-LOG,,,Internship intake,No,Historical Movement Subject,Synthetic Workforce Movement Generator
MOVEMENT-00982,HISTORICAL-EMPLOYEE-0582,Historical Logistics Employee 0582,Leave,2025-08-06,DEPARTMENT-013,Logistics & Warehouse,,,ORGANIZATIONAL-UNIT-LOG,,,,Retirement,Yes,Historical Movement Subject,Synthetic Workforce Movement Generator
MOVEMENT-00983,HISTORICAL-EMPLOYEE-0583,Historical Logistics Employee 0583,Leave,2025-08-02,DEPARTMENT-013,Logistics & Warehouse,,,ORGANIZATIONAL-UNIT-LOG,,,,Career opportunity,Yes,Historical Movement Subject,Synthetic Workforce Movement Generator
MOVEMENT-00984,HISTORICAL-EMPLOYEE-0584,Historical Logistics Employee 0584,Leave,2025-08-08,DEPARTMENT-013,Logistics & Warehouse,,,ORGANIZATIONAL-UNIT-LOG,,,,Resignation,Yes,Historical Movement Subject,Synthetic Workforce Movement Generator
MOVEMENT-00985,EMP553,Iqra Mughal,Promotion,2025-08-23,DEPARTMENT-013,Logistics & Warehouse,DEPARTMENT-013,Logistics & Warehouse,ORGANIZATIONAL-UNIT-LOG,ORGANIZATIONAL-UNIT-LOG,POS-540,HISTORICAL-PROMOTION-LOG-12-01,Merit promotion,No,Current Employee Record,Synthetic Workforce Movement Generator
MOVEMENT-00986,EMP559,Minal Qureshi,Promotion,2025-08-18,DEPARTMENT-013,Logistics & Warehouse,DEPARTMENT-013,Logistics & Warehouse,ORGANIZATIONAL-UNIT-LOG,ORGANIZATIONAL-UNIT-LOG,POS-546,HISTORICAL-PROMOTION-LOG-12-02,Annual promotion cycle,No,Current Employee Record,Synthetic Workforce Movement Generator
MOVEMENT-00987,EMP580,Minal Bukhari,Promotion,2025-08-11,DEPARTMENT-013,Logistics & Warehouse,DEPARTMENT-013,Logistics & Warehouse,ORGANIZATIONAL-UNIT-LOG,ORGANIZATIONAL-UNIT-LOG,POS-567,HISTORICAL-PROMOTION-LOG-12-03,Annual promotion cycle,No,Current Employee Record,Synthetic Workforce Movement Generator
MOVEMENT-00988,EMP628,Raza Hameed,Join,2025-08-10,,,DEPARTMENT-014,Production & Manufacturing,,ORGANIZATIONAL-UNIT-PRD,,,Approved recruitment plan,No,Current Employee Record,Synthetic Workforce Movement Generator
MOVEMENT-00989,HISTORICAL-EMPLOYEE-0585,Historical Production Employee 0585,Join,2025-08-08,,,DEPARTMENT-014,Production & Manufacturing,,ORGANIZATIONAL-UNIT-PRD,,,Replacement hire,No,Historical Movement Subject,Synthetic Workforce Movement Generator
MOVEMENT-00990,HISTORICAL-EMPLOYEE-0586,Historical Production Employee 0586,Join,2025-08-02,,,DEPARTMENT-014,Production & Manufacturing,,ORGANIZATIONAL-UNIT-PRD,,,Internship intake,No,Historical Movement Subject,Synthetic Workforce Movement Generator
MOVEMENT-00991,HISTORICAL-EMPLOYEE-0587,Historical Production Employee 0587,Join,2025-08-22,,,DEPARTMENT-014,Production & Manufacturing,,ORGANIZATIONAL-UNIT-PRD,,,Internship intake,No,Historical Movement Subject,Synthetic Workforce Movement Generator
MOVEMENT-00992,HISTORICAL-EMPLOYEE-0588,Historical Production Employee 0588,Leave,2025-08-16,DEPARTMENT-014,Production & Manufacturing,,,ORGANIZATIONAL-UNIT-PRD,,,,Resignation,Yes,Historical Movement Subject,Synthetic Workforce Movement Generator
MOVEMENT-00993,HISTORICAL-EMPLOYEE-0589,Historical Production Employee 0589,Leave,2025-08-12,DEPARTMENT-014,Production & Manufacturing,,,ORGANIZATIONAL-UNIT-PRD,,,,Contract completion,No,Historical Movement Subject,Synthetic Workforce Movement Generator
MOVEMENT-00994,HISTORICAL-EMPLOYEE-0590,Historical Production Employee 0590,Leave,2025-08-10,DEPARTMENT-014,Production & Manufacturing,,,ORGANIZATIONAL-UNIT-PRD,,,,Resignation,No,Historical Movement Subject,Synthetic Workforce Movement Generator
MOVEMENT-00995,EMP598,Asad Riaz,Promotion,2025-08-25,DEPARTMENT-014,Production & Manufacturing,DEPARTMENT-014,Production & Manufacturing,ORGANIZATIONAL-UNIT-PRD,ORGANIZATIONAL-UNIT-PRD,POS-584,HISTORICAL-PROMOTION-PRD-12-01,Merit promotion,No,Current Employee Record,Synthetic Workforce Movement Generator
MOVEMENT-00996,EMP623,Ayesha Hussain,Promotion,2025-08-16,DEPARTMENT-014,Production & Manufacturing,DEPARTMENT-014,Production & Manufacturing,ORGANIZATIONAL-UNIT-PRD,ORGANIZATIONAL-UNIT-PRD,POS-609,HISTORICAL-PROMOTION-PRD-12-02,Role expansion,No,Current Employee Record,Synthetic Workforce Movement Generator
MOVEMENT-00997,HISTORICAL-EMPLOYEE-0591,Historical Quality Employee 0591,Leave,2025-08-11,DEPARTMENT-015,Quality Assurance,,,ORGANIZATIONAL-UNIT-QAS,,,,Resignation,No,Historical Movement Subject,Synthetic Workforce Movement Generator
MOVEMENT-00998,EMP672,Taha Nawaz,Promotion,2025-08-10,DEPARTMENT-015,Quality Assurance,DEPARTMENT-015,Quality Assurance,ORGANIZATIONAL-UNIT-QAS,ORGANIZATIONAL-UNIT-QAS,POS-657,HISTORICAL-PROMOTION-QAS-12-01,Merit promotion,No,Current Employee Record,Synthetic Workforce Movement Generator
MOVEMENT-00999,HISTORICAL-EMPLOYEE-0592,Historical Research Employee 0592,Join,2025-08-24,,,DEPARTMENT-016,Research & Development,,ORGANIZATIONAL-UNIT-RND,,,Internship intake,No,Historical Movement Subject,Synthetic Workforce Movement Generator
MOVEMENT-01000,HISTORICAL-EMPLOYEE-0593,Historical Research Employee 0593,Join,2025-08-12,,,DEPARTMENT-016,Research & Development,,ORGANIZATIONAL-UNIT-RND,,,Growth hiring,No,Historical Movement Subject,Synthetic Workforce Movement Generator
MOVEMENT-01001,EMP569,Bilal Rauf,Transfer,2025-09-02,DEPARTMENT-013,Logistics & Warehouse,DEPARTMENT-001,HR,ORGANIZATIONAL-UNIT-LOG,ORGANIZATIONAL-UNIT-HR,POS-556,HISTORICAL-DESTINATION-HR-13,Employee request,Yes,Current Employee Record,Synthetic Workforce Movement Generator
MOVEMENT-01002,EMP154,Hina Abbasi,Transfer,2025-09-20,DEPARTMENT-005,Engineering,DEPARTMENT-011,Legal & Compliance,ORGANIZATIONAL-UNIT-ENG,ORGANIZATIONAL-UNIT-LGL,POS-154,HISTORICAL-DESTINATION-LGL-13,Employee request,Yes,Current Employee Record,Synthetic Workforce Movement Generator
MOVEMENT-01003,EMP118,Zoya Ali,Transfer,2025-09-19,DEPARTMENT-004,Customer Support,DEPARTMENT-011,Legal & Compliance,ORGANIZATIONAL-UNIT-CS,ORGANIZATIONAL-UNIT-LGL,POS-118,HISTORICAL-DESTINATION-LGL-13,Business requirement,Yes,Current Employee Record,Synthetic Workforce Movement Generator
MOVEMENT-01004,EMP564,Adnan Zafar,Transfer,2025-09-09,DEPARTMENT-013,Logistics & Warehouse,DEPARTMENT-007,IT,ORGANIZATIONAL-UNIT-LOG,ORGANIZATIONAL-UNIT-IT,POS-551,HISTORICAL-DESTINATION-IT-13,Workforce balancing,Yes,Current Employee Record,Synthetic Workforce Movement Generator
MOVEMENT-01005,EMP619,Kashif Ansari,Transfer,2025-09-24,DEPARTMENT-014,Production & Manufacturing,DEPARTMENT-005,Engineering,ORGANIZATIONAL-UNIT-PRD,ORGANIZATIONAL-UNIT-ENG,POS-605,HISTORICAL-DESTINATION-ENG-13,Workforce balancing,Yes,Current Employee Record,Synthetic Workforce Movement Generator
MOVEMENT-01006,EMP033,Ali Chaudhry,Transfer,2025-09-04,DEPARTMENT-007,IT,DEPARTMENT-013,Logistics & Warehouse,ORGANIZATIONAL-UNIT-IT,ORGANIZATIONAL-UNIT-LOG,POS-033,HISTORICAL-DESTINATION-LOG-13,Business requirement,Yes,Current Employee Record,Synthetic Workforce Movement Generator
MOVEMENT-01007,EMP553,Iqra Mughal,Transfer,2025-09-04,DEPARTMENT-013,Logistics & Warehouse,DEPARTMENT-003,Sales,ORGANIZATIONAL-UNIT-LOG,ORGANIZATIONAL-UNIT-SAL,POS-540,HISTORICAL-DESTINATION-SAL-13,Business requirement,Yes,Current Employee Record,Synthetic Workforce Movement Generator
MOVEMENT-01008,HISTORICAL-EMPLOYEE-0594,Historical HR Employee 0594,Leave,2025-09-08,DEPARTMENT-001,HR,,,ORGANIZATIONAL-UNIT-HR,,,,Resignation,Yes,Historical Movement Subject,Synthetic Workforce Movement Generator
MOVEMENT-01009,HISTORICAL-EMPLOYEE-0595,Historical HR Employee 0595,Leave,2025-09-19,DEPARTMENT-001,HR,,,ORGANIZATIONAL-UNIT-HR,,,,Retirement,No,Historical Movement Subject,Synthetic Workforce Movement Generator
MOVEMENT-01010,EMP240,Eman Latif,Join,2025-09-14,,,DEPARTMENT-002,Finance,,ORGANIZATIONAL-UNIT-FIN,,,Growth hiring,No,Current Employee Record,Synthetic Workforce Movement Generator
MOVEMENT-01011,HISTORICAL-EMPLOYEE-0596,Historical Finance Employee 0596,Join,2025-09-17,,,DEPARTMENT-002,Finance,,ORGANIZATIONAL-UNIT-FIN,,,Internship intake,No,Historical Movement Subject,Synthetic Workforce Movement Generator
MOVEMENT-01012,HISTORICAL-EMPLOYEE-0597,Historical Finance Employee 0597,Join,2025-09-04,,,DEPARTMENT-002,Finance,,ORGANIZATIONAL-UNIT-FIN,,,Growth hiring,No,Historical Movement Subject,Synthetic Workforce Movement Generator
MOVEMENT-01013,HISTORICAL-EMPLOYEE-0598,Historical Finance Employee 0598,Join,2025-09-13,,,DEPARTMENT-002,Finance,,ORGANIZATIONAL-UNIT-FIN,,,Growth hiring,No,Historical Movement Subject,Synthetic Workforce Movement Generator
MOVEMENT-01014,HISTORICAL-EMPLOYEE-0599,Historical Finance Employee 0599,Join,2025-09-17,,,DEPARTMENT-002,Finance,,ORGANIZATIONAL-UNIT-FIN,,,Internship intake,No,Historical Movement Subject,Synthetic Workforce Movement Generator
MOVEMENT-01015,HISTORICAL-EMPLOYEE-0600,Historical Finance Employee 0600,Leave,2025-09-15,DEPARTMENT-002,Finance,,,ORGANIZATIONAL-UNIT-FIN,,,,Career opportunity,Yes,Historical Movement Subject,Synthetic Workforce Movement Generator
MOVEMENT-01016,HISTORICAL-EMPLOYEE-0601,Historical Finance Employee 0601,Leave,2025-09-05,DEPARTMENT-002,Finance,,,ORGANIZATIONAL-UNIT-FIN,,,,Career opportunity,No,Historical Movement Subject,Synthetic Workforce Movement Generator
MOVEMENT-01017,HISTORICAL-EMPLOYEE-0602,Historical Finance Employee 0602,Leave,2025-09-13,DEPARTMENT-002,Finance,,,ORGANIZATIONAL-UNIT-FIN,,,,Contract completion,Yes,Historical Movement Subject,Synthetic Workforce Movement Generator
MOVEMENT-01018,HISTORICAL-EMPLOYEE-0603,Historical Sales Employee 0603,Leave,2025-09-22,DEPARTMENT-003,Sales,,,ORGANIZATIONAL-UNIT-SAL,,,,Career opportunity,Yes,Historical Movement Subject,Synthetic Workforce Movement Generator
MOVEMENT-01019,EMP016,Khurram Gill,Promotion,2025-09-21,DEPARTMENT-003,Sales,DEPARTMENT-003,Sales,ORGANIZATIONAL-UNIT-SAL,ORGANIZATIONAL-UNIT-SAL,POS-016,HISTORICAL-PROMOTION-SAL-13-01,Merit promotion,No,Current Employee Record,Synthetic Workforce Movement Generator
MOVEMENT-01020,EMP060,Mohsin Yousaf,Promotion,2025-09-03,DEPARTMENT-003,Sales,DEPARTMENT-003,Sales,ORGANIZATIONAL-UNIT-SAL,ORGANIZATIONAL-UNIT-SAL,POS-060,HISTORICAL-PROMOTION-SAL-13-02,Merit promotion,No,Current Employee Record,Synthetic Workforce Movement Generator
MOVEMENT-01021,EMP254,Farhan Awan,Promotion,2025-09-16,DEPARTMENT-003,Sales,DEPARTMENT-003,Sales,ORGANIZATIONAL-UNIT-SAL,ORGANIZATIONAL-UNIT-SAL,POS-251,HISTORICAL-PROMOTION-SAL-13-03,Annual promotion cycle,No,Current Employee Record,Synthetic Workforce Movement Generator
MOVEMENT-01022,EMP073,Ali Yousaf,Join,2025-09-14,,,DEPARTMENT-004,Customer Support,,ORGANIZATIONAL-UNIT-CS,,,Internship intake,No,Current Employee Record,Synthetic Workforce Movement Generator
MOVEMENT-01023,EMP264,Areeba Rauf,Promotion,2025-09-11,DEPARTMENT-004,Customer Support,DEPARTMENT-004,Customer Support,ORGANIZATIONAL-UNIT-CS,ORGANIZATIONAL-UNIT-CS,POS-260,HISTORICAL-PROMOTION-CS-13-01,Role expansion,No,Current Employee Record,Synthetic Workforce Movement Generator
MOVEMENT-01024,EMP163,Sidra Sheikh,Join,2025-09-25,,,DEPARTMENT-005,Engineering,,ORGANIZATIONAL-UNIT-ENG,,,Replacement hire,No,Current Employee Record,Synthetic Workforce Movement Generator
MOVEMENT-01025,HISTORICAL-EMPLOYEE-0604,Historical Engineering Employee 0604,Join,2025-09-18,,,DEPARTMENT-005,Engineering,,ORGANIZATIONAL-UNIT-ENG,,,Growth hiring,No,Historical Movement Subject,Synthetic Workforce Movement Generator
MOVEMENT-01026,HISTORICAL-EMPLOYEE-0605,Historical Engineering Employee 0605,Leave,2025-09-21,DEPARTMENT-005,Engineering,,,ORGANIZATIONAL-UNIT-ENG,,,,Retirement,Yes,Historical Movement Subject,Synthetic Workforce Movement Generator
MOVEMENT-01027,HISTORICAL-EMPLOYEE-0606,Historical Engineering Employee 0606,Leave,2025-09-23,DEPARTMENT-005,Engineering,,,ORGANIZATIONAL-UNIT-ENG,,,,Resignation,No,Historical Movement Subject,Synthetic Workforce Movement Generator
MOVEMENT-01028,HISTORICAL-EMPLOYEE-0607,Historical Engineering Employee 0607,Leave,2025-09-12,DEPARTMENT-005,Engineering,,,ORGANIZATIONAL-UNIT-ENG,,,,Retirement,Yes,Historical Movement Subject,Synthetic Workforce Movement Generator
MOVEMENT-01029,EMP029,Ali Saleem,Promotion,2025-09-09,DEPARTMENT-005,Engineering,DEPARTMENT-005,Engineering,ORGANIZATIONAL-UNIT-ENG,ORGANIZATIONAL-UNIT-ENG,POS-029,HISTORICAL-PROMOTION-ENG-13-01,Merit promotion,No,Current Employee Record,Synthetic Workforce Movement Generator
MOVEMENT-01030,EMP045,Saad Ahmad,Join,2025-09-22,,,DEPARTMENT-006,Operations,,ORGANIZATIONAL-UNIT-OPS,,,Approved recruitment plan,No,Current Employee Record,Synthetic Workforce Movement Generator
MOVEMENT-01031,EMP157,Saba Qureshi,Join,2025-09-14,,,DEPARTMENT-006,Operations,,ORGANIZATIONAL-UNIT-OPS,,,Growth hiring,No,Current Employee Record,Synthetic Workforce Movement Generator
MOVEMENT-01032,HISTORICAL-EMPLOYEE-0608,Historical Operations Employee 0608,Join,2025-09-05,,,DEPARTMENT-006,Operations,,ORGANIZATIONAL-UNIT-OPS,,,Internship intake,No,Historical Movement Subject,Synthetic Workforce Movement Generator
MOVEMENT-01033,HISTORICAL-EMPLOYEE-0609,Historical Operations Employee 0609,Leave,2025-09-12,DEPARTMENT-006,Operations,,,ORGANIZATIONAL-UNIT-OPS,,,,Contract completion,No,Historical Movement Subject,Synthetic Workforce Movement Generator
MOVEMENT-01034,HISTORICAL-EMPLOYEE-0610,Historical Operations Employee 0610,Leave,2025-09-04,DEPARTMENT-006,Operations,,,ORGANIZATIONAL-UNIT-OPS,,,,Retirement,Yes,Historical Movement Subject,Synthetic Workforce Movement Generator
MOVEMENT-01035,HISTORICAL-EMPLOYEE-0611,Historical Operations Employee 0611,Leave,2025-09-11,DEPARTMENT-006,Operations,,,ORGANIZATIONAL-UNIT-OPS,,,,Career opportunity,Yes,Historical Movement Subject,Synthetic Workforce Movement Generator
MOVEMENT-01036,EMP033,Ali Chaudhry,Join,2025-09-24,,,DEPARTMENT-007,IT,,ORGANIZATIONAL-UNIT-IT,,,Approved recruitment plan,No,Current Employee Record,Synthetic Workforce Movement Generator
MOVEMENT-01037,HISTORICAL-EMPLOYEE-0612,Historical IT Employee 0612,Join,2025-09-07,,,DEPARTMENT-007,IT,,ORGANIZATIONAL-UNIT-IT,,,Growth hiring,No,Historical Movement Subject,Synthetic Workforce Movement Generator
MOVEMENT-01038,EMP183,Zain Saleem,Promotion,2025-09-08,DEPARTMENT-007,IT,DEPARTMENT-007,IT,ORGANIZATIONAL-UNIT-IT,ORGANIZATIONAL-UNIT-IT,POS-183,HISTORICAL-PROMOTION-IT-13-01,Merit promotion,No,Current Employee Record,Synthetic Workforce Movement Generator
MOVEMENT-01039,EMP304,Sana Akhtar,Promotion,2025-09-16,DEPARTMENT-007,IT,DEPARTMENT-007,IT,ORGANIZATIONAL-UNIT-IT,ORGANIZATIONAL-UNIT-IT,POS-297,HISTORICAL-PROMOTION-IT-13-02,Annual promotion cycle,No,Current Employee Record,Synthetic Workforce Movement Generator
MOVEMENT-01040,EMP033,Ali Chaudhry,Promotion,2025-09-11,DEPARTMENT-007,IT,DEPARTMENT-007,IT,ORGANIZATIONAL-UNIT-IT,ORGANIZATIONAL-UNIT-IT,POS-033,HISTORICAL-PROMOTION-IT-13-03,Merit promotion,No,Current Employee Record,Synthetic Workforce Movement Generator
MOVEMENT-01041,EMP358,Junaid Saeed,Join,2025-09-18,,,DEPARTMENT-008,Medical Care,,ORGANIZATIONAL-UNIT-MED,,,Approved recruitment plan,No,Current Employee Record,Synthetic Workforce Movement Generator
MOVEMENT-01042,HISTORICAL-EMPLOYEE-0613,Historical Medical Employee 0613,Join,2025-09-20,,,DEPARTMENT-008,Medical Care,,ORGANIZATIONAL-UNIT-MED,,,Approved recruitment plan,No,Historical Movement Subject,Synthetic Workforce Movement Generator
MOVEMENT-01043,HISTORICAL-EMPLOYEE-0614,Historical Medical Employee 0614,Join,2025-09-20,,,DEPARTMENT-008,Medical Care,,ORGANIZATIONAL-UNIT-MED,,,Approved recruitment plan,No,Historical Movement Subject,Synthetic Workforce Movement Generator
MOVEMENT-01044,HISTORICAL-EMPLOYEE-0615,Historical Medical Employee 0615,Leave,2025-09-19,DEPARTMENT-008,Medical Care,,,ORGANIZATIONAL-UNIT-MED,,,,Retirement,Yes,Historical Movement Subject,Synthetic Workforce Movement Generator
MOVEMENT-01045,HISTORICAL-EMPLOYEE-0616,Historical Medical Employee 0616,Leave,2025-09-17,DEPARTMENT-008,Medical Care,,,ORGANIZATIONAL-UNIT-MED,,,,Resignation,Yes,Historical Movement Subject,Synthetic Workforce Movement Generator
MOVEMENT-01046,HISTORICAL-EMPLOYEE-0617,Historical Medical Employee 0617,Leave,2025-09-13,DEPARTMENT-008,Medical Care,,,ORGANIZATIONAL-UNIT-MED,,,,Resignation,No,Historical Movement Subject,Synthetic Workforce Movement Generator
MOVEMENT-01047,EMP355,Saad Shah,Promotion,2025-09-23,DEPARTMENT-008,Medical Care,DEPARTMENT-008,Medical Care,ORGANIZATIONAL-UNIT-MED,ORGANIZATIONAL-UNIT-MED,POS-347,HISTORICAL-PROMOTION-MED-13-01,Role expansion,No,Current Employee Record,Synthetic Workforce Movement Generator
MOVEMENT-01048,HISTORICAL-EMPLOYEE-0618,Historical Training Employee 0618,Join,2025-09-09,,,DEPARTMENT-009,Training & Development,,ORGANIZATIONAL-UNIT-TRN,,,Internship intake,No,Historical Movement Subject,Synthetic Workforce Movement Generator
MOVEMENT-01049,HISTORICAL-EMPLOYEE-0619,Historical Training Employee 0619,Join,2025-09-07,,,DEPARTMENT-009,Training & Development,,ORGANIZATIONAL-UNIT-TRN,,,Growth hiring,No,Historical Movement Subject,Synthetic Workforce Movement Generator
MOVEMENT-01050,HISTORICAL-EMPLOYEE-0620,Historical Training Employee 0620,Leave,2025-09-14,DEPARTMENT-009,Training & Development,,,ORGANIZATIONAL-UNIT-TRN,,,,Resignation,Yes,Historical Movement Subject,Synthetic Workforce Movement Generator
MOVEMENT-01051,HISTORICAL-EMPLOYEE-0621,Historical Training Employee 0621,Leave,2025-09-25,DEPARTMENT-009,Training & Development,,,ORGANIZATIONAL-UNIT-TRN,,,,Retirement,Yes,Historical Movement Subject,Synthetic Workforce Movement Generator
MOVEMENT-01052,HISTORICAL-EMPLOYEE-0622,Historical Training Employee 0622,Leave,2025-09-07,DEPARTMENT-009,Training & Development,,,ORGANIZATIONAL-UNIT-TRN,,,,Retirement,No,Historical Movement Subject,Synthetic Workforce Movement Generator
MOVEMENT-01053,HISTORICAL-EMPLOYEE-0623,Historical Administration Employee 0623,Join,2025-09-19,,,DEPARTMENT-010,Administration & Facilities,,ORGANIZATIONAL-UNIT-ADM,,,Growth hiring,No,Historical Movement Subject,Synthetic Workforce Movement Generator
MOVEMENT-01054,HISTORICAL-EMPLOYEE-0624,Historical Administration Employee 0624,Join,2025-09-06,,,DEPARTMENT-010,Administration & Facilities,,ORGANIZATIONAL-UNIT-ADM,,,Approved recruitment plan,No,Historical Movement Subject,Synthetic Workforce Movement Generator
MOVEMENT-01055,HISTORICAL-EMPLOYEE-0625,Historical Administration Employee 0625,Join,2025-09-18,,,DEPARTMENT-010,Administration & Facilities,,ORGANIZATIONAL-UNIT-ADM,,,Replacement hire,No,Historical Movement Subject,Synthetic Workforce Movement Generator
MOVEMENT-01056,HISTORICAL-EMPLOYEE-0626,Historical Administration Employee 0626,Leave,2025-09-05,DEPARTMENT-010,Administration & Facilities,,,ORGANIZATIONAL-UNIT-ADM,,,,Contract completion,Yes,Historical Movement Subject,Synthetic Workforce Movement Generator
MOVEMENT-01057,HISTORICAL-EMPLOYEE-0627,Historical Administration Employee 0627,Leave,2025-09-09,DEPARTMENT-010,Administration & Facilities,,,ORGANIZATIONAL-UNIT-ADM,,,,Retirement,No,Historical Movement Subject,Synthetic Workforce Movement Generator
MOVEMENT-01058,HISTORICAL-EMPLOYEE-0628,Historical Administration Employee 0628,Leave,2025-09-24,DEPARTMENT-010,Administration & Facilities,,,ORGANIZATIONAL-UNIT-ADM,,,,Contract completion,Yes,Historical Movement Subject,Synthetic Workforce Movement Generator
MOVEMENT-01059,EMP417,Saba Ali,Promotion,2025-09-08,DEPARTMENT-010,Administration & Facilities,DEPARTMENT-010,Administration & Facilities,ORGANIZATIONAL-UNIT-ADM,ORGANIZATIONAL-UNIT-ADM,POS-407,HISTORICAL-PROMOTION-ADM-13-01,Annual promotion cycle,No,Current Employee Record,Synthetic Workforce Movement Generator
MOVEMENT-01060,EMP436,Anusha Chaudhry,Promotion,2025-09-05,DEPARTMENT-010,Administration & Facilities,DEPARTMENT-010,Administration & Facilities,ORGANIZATIONAL-UNIT-ADM,ORGANIZATIONAL-UNIT-ADM,POS-426,HISTORICAL-PROMOTION-ADM-13-02,Role expansion,No,Current Employee Record,Synthetic Workforce Movement Generator
MOVEMENT-01061,EMP415,Mahnoor Aziz,Promotion,2025-09-07,DEPARTMENT-010,Administration & Facilities,DEPARTMENT-010,Administration & Facilities,ORGANIZATIONAL-UNIT-ADM,ORGANIZATIONAL-UNIT-ADM,POS-405,HISTORICAL-PROMOTION-ADM-13-03,Merit promotion,No,Current Employee Record,Synthetic Workforce Movement Generator
MOVEMENT-01062,HISTORICAL-EMPLOYEE-0629,Historical Legal Employee 0629,Leave,2025-09-03,DEPARTMENT-011,Legal & Compliance,,,ORGANIZATIONAL-UNIT-LGL,,,,Retirement,Yes,Historical Movement Subject,Synthetic Workforce Movement Generator
MOVEMENT-01063,HISTORICAL-EMPLOYEE-0630,Historical Legal Employee 0630,Leave,2025-09-25,DEPARTMENT-011,Legal & Compliance,,,ORGANIZATIONAL-UNIT-LGL,,,,Career opportunity,Yes,Historical Movement Subject,Synthetic Workforce Movement Generator
MOVEMENT-01064,HISTORICAL-EMPLOYEE-0631,Historical Legal Employee 0631,Leave,2025-09-25,DEPARTMENT-011,Legal & Compliance,,,ORGANIZATIONAL-UNIT-LGL,,,,Resignation,Yes,Historical Movement Subject,Synthetic Workforce Movement Generator
MOVEMENT-01065,EMP474,Mehwish Riaz,Promotion,2025-09-20,DEPARTMENT-011,Legal & Compliance,DEPARTMENT-011,Legal & Compliance,ORGANIZATIONAL-UNIT-LGL,ORGANIZATIONAL-UNIT-LGL,POS-463,HISTORICAL-PROMOTION-LGL-13-01,Annual promotion cycle,No,Current Employee Record,Synthetic Workforce Movement Generator
MOVEMENT-01066,EMP460,Ayesha Javed,Promotion,2025-09-02,DEPARTMENT-011,Legal & Compliance,DEPARTMENT-011,Legal & Compliance,ORGANIZATIONAL-UNIT-LGL,ORGANIZATIONAL-UNIT-LGL,POS-449,HISTORICAL-PROMOTION-LGL-13-02,Role expansion,No,Current Employee Record,Synthetic Workforce Movement Generator
MOVEMENT-01067,EMP492,Hamza Javed,Promotion,2025-09-14,DEPARTMENT-011,Legal & Compliance,DEPARTMENT-011,Legal & Compliance,ORGANIZATIONAL-UNIT-LGL,ORGANIZATIONAL-UNIT-LGL,POS-481,HISTORICAL-PROMOTION-LGL-13-03,Annual promotion cycle,No,Current Employee Record,Synthetic Workforce Movement Generator
MOVEMENT-01068,HISTORICAL-EMPLOYEE-0632,Historical Procurement Employee 0632,Join,2025-09-19,,,DEPARTMENT-012,Procurement & Supply Chain,,ORGANIZATIONAL-UNIT-PRC,,,Growth hiring,No,Historical Movement Subject,Synthetic Workforce Movement Generator
MOVEMENT-01069,HISTORICAL-EMPLOYEE-0633,Historical Procurement Employee 0633,Join,2025-09-03,,,DEPARTMENT-012,Procurement & Supply Chain,,ORGANIZATIONAL-UNIT-PRC,,,Internship intake,No,Historical Movement Subject,Synthetic Workforce Movement Generator
MOVEMENT-01070,HISTORICAL-EMPLOYEE-0634,Historical Procurement Employee 0634,Join,2025-09-09,,,DEPARTMENT-012,Procurement & Supply Chain,,ORGANIZATIONAL-UNIT-PRC,,,Replacement hire,No,Historical Movement Subject,Synthetic Workforce Movement Generator
MOVEMENT-01071,HISTORICAL-EMPLOYEE-0635,Historical Procurement Employee 0635,Leave,2025-09-11,DEPARTMENT-012,Procurement & Supply Chain,,,ORGANIZATIONAL-UNIT-PRC,,,,Career opportunity,No,Historical Movement Subject,Synthetic Workforce Movement Generator
MOVEMENT-01072,HISTORICAL-EMPLOYEE-0636,Historical Procurement Employee 0636,Leave,2025-09-09,DEPARTMENT-012,Procurement & Supply Chain,,,ORGANIZATIONAL-UNIT-PRC,,,,Resignation,Yes,Historical Movement Subject,Synthetic Workforce Movement Generator
MOVEMENT-01073,EMP516,Maryam Yousaf,Promotion,2025-09-11,DEPARTMENT-012,Procurement & Supply Chain,DEPARTMENT-012,Procurement & Supply Chain,ORGANIZATIONAL-UNIT-PRC,ORGANIZATIONAL-UNIT-PRC,POS-504,HISTORICAL-PROMOTION-PRC-13-01,Role expansion,No,Current Employee Record,Synthetic Workforce Movement Generator
MOVEMENT-01074,EMP518,Maryam Mughal,Promotion,2025-09-19,DEPARTMENT-012,Procurement & Supply Chain,DEPARTMENT-012,Procurement & Supply Chain,ORGANIZATIONAL-UNIT-PRC,ORGANIZATIONAL-UNIT-PRC,POS-506,HISTORICAL-PROMOTION-PRC-13-02,Merit promotion,No,Current Employee Record,Synthetic Workforce Movement Generator
MOVEMENT-01075,HISTORICAL-EMPLOYEE-0637,Historical Logistics Employee 0637,Join,2025-09-25,,,DEPARTMENT-013,Logistics & Warehouse,,ORGANIZATIONAL-UNIT-LOG,,,Approved recruitment plan,No,Historical Movement Subject,Synthetic Workforce Movement Generator
MOVEMENT-01076,HISTORICAL-EMPLOYEE-0638,Historical Logistics Employee 0638,Join,2025-09-04,,,DEPARTMENT-013,Logistics & Warehouse,,ORGANIZATIONAL-UNIT-LOG,,,Approved recruitment plan,No,Historical Movement Subject,Synthetic Workforce Movement Generator
MOVEMENT-01077,HISTORICAL-EMPLOYEE-0639,Historical Logistics Employee 0639,Join,2025-09-21,,,DEPARTMENT-013,Logistics & Warehouse,,ORGANIZATIONAL-UNIT-LOG,,,Replacement hire,No,Historical Movement Subject,Synthetic Workforce Movement Generator
MOVEMENT-01078,HISTORICAL-EMPLOYEE-0640,Historical Logistics Employee 0640,Leave,2025-09-03,DEPARTMENT-013,Logistics & Warehouse,,,ORGANIZATIONAL-UNIT-LOG,,,,Resignation,Yes,Historical Movement Subject,Synthetic Workforce Movement Generator
MOVEMENT-01079,HISTORICAL-EMPLOYEE-0641,Historical Logistics Employee 0641,Leave,2025-09-06,DEPARTMENT-013,Logistics & Warehouse,,,ORGANIZATIONAL-UNIT-LOG,,,,Retirement,Yes,Historical Movement Subject,Synthetic Workforce Movement Generator
MOVEMENT-01080,EMP548,Maryam Faisal,Promotion,2025-09-17,DEPARTMENT-013,Logistics & Warehouse,DEPARTMENT-013,Logistics & Warehouse,ORGANIZATIONAL-UNIT-LOG,ORGANIZATIONAL-UNIT-LOG,POS-535,HISTORICAL-PROMOTION-LOG-13-01,Merit promotion,No,Current Employee Record,Synthetic Workforce Movement Generator
MOVEMENT-01081,EMP553,Iqra Mughal,Promotion,2025-09-17,DEPARTMENT-013,Logistics & Warehouse,DEPARTMENT-013,Logistics & Warehouse,ORGANIZATIONAL-UNIT-LOG,ORGANIZATIONAL-UNIT-LOG,POS-540,HISTORICAL-PROMOTION-LOG-13-02,Role expansion,No,Current Employee Record,Synthetic Workforce Movement Generator
MOVEMENT-01082,EMP572,Farhan Iqbal,Promotion,2025-09-13,DEPARTMENT-013,Logistics & Warehouse,DEPARTMENT-013,Logistics & Warehouse,ORGANIZATIONAL-UNIT-LOG,ORGANIZATIONAL-UNIT-LOG,POS-559,HISTORICAL-PROMOTION-LOG-13-03,Annual promotion cycle,No,Current Employee Record,Synthetic Workforce Movement Generator
MOVEMENT-01083,HISTORICAL-EMPLOYEE-0642,Historical Production Employee 0642,Join,2025-09-25,,,DEPARTMENT-014,Production & Manufacturing,,ORGANIZATIONAL-UNIT-PRD,,,Growth hiring,No,Historical Movement Subject,Synthetic Workforce Movement Generator
MOVEMENT-01084,HISTORICAL-EMPLOYEE-0643,Historical Production Employee 0643,Join,2025-09-08,,,DEPARTMENT-014,Production & Manufacturing,,ORGANIZATIONAL-UNIT-PRD,,,Replacement hire,No,Historical Movement Subject,Synthetic Workforce Movement Generator
MOVEMENT-01085,HISTORICAL-EMPLOYEE-0644,Historical Production Employee 0644,Leave,2025-09-11,DEPARTMENT-014,Production & Manufacturing,,,ORGANIZATIONAL-UNIT-PRD,,,,Resignation,Yes,Historical Movement Subject,Synthetic Workforce Movement Generator
MOVEMENT-01086,HISTORICAL-EMPLOYEE-0645,Historical Production Employee 0645,Leave,2025-09-20,DEPARTMENT-014,Production & Manufacturing,,,ORGANIZATIONAL-UNIT-PRD,,,,Career opportunity,No,Historical Movement Subject,Synthetic Workforce Movement Generator
MOVEMENT-01087,EMP623,Ayesha Hussain,Promotion,2025-09-18,DEPARTMENT-014,Production & Manufacturing,DEPARTMENT-014,Production & Manufacturing,ORGANIZATIONAL-UNIT-PRD,ORGANIZATIONAL-UNIT-PRD,POS-609,HISTORICAL-PROMOTION-PRD-13-01,Merit promotion,No,Current Employee Record,Synthetic Workforce Movement Generator
MOVEMENT-01088,EMP597,Raza Ali,Promotion,2025-09-11,DEPARTMENT-014,Production & Manufacturing,DEPARTMENT-014,Production & Manufacturing,ORGANIZATIONAL-UNIT-PRD,ORGANIZATIONAL-UNIT-PRD,POS-583,HISTORICAL-PROMOTION-PRD-13-02,Role expansion,No,Current Employee Record,Synthetic Workforce Movement Generator
MOVEMENT-01089,EMP667,Nida Munir,Join,2025-09-08,,,DEPARTMENT-015,Quality Assurance,,ORGANIZATIONAL-UNIT-QAS,,,Internship intake,No,Current Employee Record,Synthetic Workforce Movement Generator
MOVEMENT-01090,EMP671,Kashif Waheed,Join,2025-09-22,,,DEPARTMENT-015,Quality Assurance,,ORGANIZATIONAL-UNIT-QAS,,,Growth hiring,No,Current Employee Record,Synthetic Workforce Movement Generator
MOVEMENT-01091,HISTORICAL-EMPLOYEE-0646,Historical Quality Employee 0646,Leave,2025-09-09,DEPARTMENT-015,Quality Assurance,,,ORGANIZATIONAL-UNIT-QAS,,,,Contract completion,No,Historical Movement Subject,Synthetic Workforce Movement Generator
MOVEMENT-01092,HISTORICAL-EMPLOYEE-0647,Historical Research Employee 0647,Leave,2025-09-21,DEPARTMENT-016,Research & Development,,,ORGANIZATIONAL-UNIT-RND,,,,Resignation,Yes,Historical Movement Subject,Synthetic Workforce Movement Generator
MOVEMENT-01093,EMP711,Shahzaib Siddiqui,Transfer,2025-10-26,DEPARTMENT-016,Research & Development,DEPARTMENT-010,Administration & Facilities,ORGANIZATIONAL-UNIT-RND,ORGANIZATIONAL-UNIT-ADM,POS-695,HISTORICAL-DESTINATION-ADM-14,Employee request,Yes,Current Employee Record,Synthetic Workforce Movement Generator
MOVEMENT-01094,EMP623,Ayesha Hussain,Transfer,2025-10-06,DEPARTMENT-014,Production & Manufacturing,DEPARTMENT-006,Operations,ORGANIZATIONAL-UNIT-PRD,ORGANIZATIONAL-UNIT-OPS,POS-609,HISTORICAL-DESTINATION-OPS-14,Business requirement,Yes,Current Employee Record,Synthetic Workforce Movement Generator
MOVEMENT-01095,EMP623,Ayesha Hussain,Transfer,2025-10-12,DEPARTMENT-014,Production & Manufacturing,DEPARTMENT-006,Operations,ORGANIZATIONAL-UNIT-PRD,ORGANIZATIONAL-UNIT-OPS,POS-609,HISTORICAL-DESTINATION-OPS-14,Workforce balancing,Yes,Current Employee Record,Synthetic Workforce Movement Generator
MOVEMENT-01096,EMP690,Imran Dar,Transfer,2025-10-02,DEPARTMENT-016,Research & Development,DEPARTMENT-005,Engineering,ORGANIZATIONAL-UNIT-RND,ORGANIZATIONAL-UNIT-ENG,POS-674,HISTORICAL-DESTINATION-ENG-14,Workforce balancing,Yes,Current Employee Record,Synthetic Workforce Movement Generator
MOVEMENT-01097,EMP335,Haris Rauf,Transfer,2025-10-15,DEPARTMENT-008,Medical Care,DEPARTMENT-002,Finance,ORGANIZATIONAL-UNIT-MED,ORGANIZATIONAL-UNIT-FIN,POS-327,HISTORICAL-DESTINATION-FIN-14,Employee request,Yes,Current Employee Record,Synthetic Workforce Movement Generator
MOVEMENT-01098,EMP149,Muneeb Hameed,Transfer,2025-10-24,DEPARTMENT-006,Operations,DEPARTMENT-002,Finance,ORGANIZATIONAL-UNIT-OPS,ORGANIZATIONAL-UNIT-FIN,POS-149,HISTORICAL-DESTINATION-FIN-14,Workforce balancing,Yes,Current Employee Record,Synthetic Workforce Movement Generator
MOVEMENT-01099,HISTORICAL-EMPLOYEE-0648,Historical HR Employee 0648,Join,2025-10-02,,,DEPARTMENT-001,HR,,ORGANIZATIONAL-UNIT-HR,,,Replacement hire,No,Historical Movement Subject,Synthetic Workforce Movement Generator
MOVEMENT-01100,EMP213,Talha Khalid,Promotion,2025-10-06,DEPARTMENT-001,HR,DEPARTMENT-001,HR,ORGANIZATIONAL-UNIT-HR,ORGANIZATIONAL-UNIT-HR,POS-212,HISTORICAL-PROMOTION-HR-14-01,Role expansion,No,Current Employee Record,Synthetic Workforce Movement Generator
MOVEMENT-01101,EMP204,Mahnoor Khan,Promotion,2025-10-23,DEPARTMENT-001,HR,DEPARTMENT-001,HR,ORGANIZATIONAL-UNIT-HR,ORGANIZATIONAL-UNIT-HR,POS-203,HISTORICAL-PROMOTION-HR-14-02,Annual promotion cycle,No,Current Employee Record,Synthetic Workforce Movement Generator
MOVEMENT-01102,EMP238,Kinza Ali,Join,2025-10-25,,,DEPARTMENT-002,Finance,,ORGANIZATIONAL-UNIT-FIN,,,Internship intake,No,Current Employee Record,Synthetic Workforce Movement Generator
MOVEMENT-01103,HISTORICAL-EMPLOYEE-0649,Historical Finance Employee 0649,Leave,2025-10-04,DEPARTMENT-002,Finance,,,ORGANIZATIONAL-UNIT-FIN,,,,Retirement,Yes,Historical Movement Subject,Synthetic Workforce Movement Generator
MOVEMENT-01104,HISTORICAL-EMPLOYEE-0650,Historical Finance Employee 0650,Leave,2025-10-22,DEPARTMENT-002,Finance,,,ORGANIZATIONAL-UNIT-FIN,,,,Retirement,Yes,Historical Movement Subject,Synthetic Workforce Movement Generator
MOVEMENT-01105,HISTORICAL-EMPLOYEE-0651,Historical Finance Employee 0651,Leave,2025-10-09,DEPARTMENT-002,Finance,,,ORGANIZATIONAL-UNIT-FIN,,,,Career opportunity,Yes,Historical Movement Subject,Synthetic Workforce Movement Generator
MOVEMENT-01106,EMP239,Komal Sultan,Promotion,2025-10-14,DEPARTMENT-002,Finance,DEPARTMENT-002,Finance,ORGANIZATIONAL-UNIT-FIN,ORGANIZATIONAL-UNIT-FIN,POS-237,HISTORICAL-PROMOTION-FIN-14-01,Role expansion,No,Current Employee Record,Synthetic Workforce Movement Generator
MOVEMENT-01107,EMP112,Sara Javed,Join,2025-10-13,,,DEPARTMENT-003,Sales,,ORGANIZATIONAL-UNIT-SAL,,,Growth hiring,No,Current Employee Record,Synthetic Workforce Movement Generator
MOVEMENT-01108,HISTORICAL-EMPLOYEE-0652,Historical Sales Employee 0652,Join,2025-10-15,,,DEPARTMENT-003,Sales,,ORGANIZATIONAL-UNIT-SAL,,,Growth hiring,No,Historical Movement Subject,Synthetic Workforce Movement Generator
MOVEMENT-01109,HISTORICAL-EMPLOYEE-0653,Historical Sales Employee 0653,Leave,2025-10-09,DEPARTMENT-003,Sales,,,ORGANIZATIONAL-UNIT-SAL,,,,Contract completion,Yes,Historical Movement Subject,Synthetic Workforce Movement Generator
MOVEMENT-01110,EMP109,Ali Farooq,Promotion,2025-10-13,DEPARTMENT-003,Sales,DEPARTMENT-003,Sales,ORGANIZATIONAL-UNIT-SAL,ORGANIZATIONAL-UNIT-SAL,POS-109,HISTORICAL-PROMOTION-SAL-14-01,Annual promotion cycle,No,Current Employee Record,Synthetic Workforce Movement Generator
MOVEMENT-01111,EMP022,Laiba Raza,Promotion,2025-10-06,DEPARTMENT-003,Sales,DEPARTMENT-003,Sales,ORGANIZATIONAL-UNIT-SAL,ORGANIZATIONAL-UNIT-SAL,POS-022,HISTORICAL-PROMOTION-SAL-14-02,Merit promotion,No,Current Employee Record,Synthetic Workforce Movement Generator
MOVEMENT-01112,EMP174,Hassan Aslam,Promotion,2025-10-22,DEPARTMENT-003,Sales,DEPARTMENT-003,Sales,ORGANIZATIONAL-UNIT-SAL,ORGANIZATIONAL-UNIT-SAL,POS-174,HISTORICAL-PROMOTION-SAL-14-03,Role expansion,No,Current Employee Record,Synthetic Workforce Movement Generator
MOVEMENT-01113,HISTORICAL-EMPLOYEE-0654,Historical Customer Employee 0654,Join,2025-10-02,,,DEPARTMENT-004,Customer Support,,ORGANIZATIONAL-UNIT-CS,,,Replacement hire,No,Historical Movement Subject,Synthetic Workforce Movement Generator
MOVEMENT-01114,EMP055,Sadia Mahmood,Join,2025-10-22,,,DEPARTMENT-005,Engineering,,ORGANIZATIONAL-UNIT-ENG,,,Internship intake,No,Current Employee Record,Synthetic Workforce Movement Generator
MOVEMENT-01115,HISTORICAL-EMPLOYEE-0655,Historical Engineering Employee 0655,Join,2025-10-19,,,DEPARTMENT-005,Engineering,,ORGANIZATIONAL-UNIT-ENG,,,Replacement hire,No,Historical Movement Subject,Synthetic Workforce Movement Generator
MOVEMENT-01116,HISTORICAL-EMPLOYEE-0656,Historical Engineering Employee 0656,Leave,2025-10-19,DEPARTMENT-005,Engineering,,,ORGANIZATIONAL-UNIT-ENG,,,,Contract completion,Yes,Historical Movement Subject,Synthetic Workforce Movement Generator
MOVEMENT-01117,HISTORICAL-EMPLOYEE-0657,Historical Engineering Employee 0657,Leave,2025-10-08,DEPARTMENT-005,Engineering,,,ORGANIZATIONAL-UNIT-ENG,,,,Retirement,Yes,Historical Movement Subject,Synthetic Workforce Movement Generator
MOVEMENT-01118,HISTORICAL-EMPLOYEE-0658,Historical Engineering Employee 0658,Leave,2025-10-11,DEPARTMENT-005,Engineering,,,ORGANIZATIONAL-UNIT-ENG,,,,Contract completion,Yes,Historical Movement Subject,Synthetic Workforce Movement Generator
MOVEMENT-01119,EMP270,Laiba Saeed,Promotion,2025-10-18,DEPARTMENT-005,Engineering,DEPARTMENT-005,Engineering,ORGANIZATIONAL-UNIT-ENG,ORGANIZATIONAL-UNIT-ENG,POS-265,HISTORICAL-PROMOTION-ENG-14-01,Merit promotion,No,Current Employee Record,Synthetic Workforce Movement Generator
MOVEMENT-01120,EMP153,Kashif Abbasi,Promotion,2025-10-13,DEPARTMENT-005,Engineering,DEPARTMENT-005,Engineering,ORGANIZATIONAL-UNIT-ENG,ORGANIZATIONAL-UNIT-ENG,POS-153,HISTORICAL-PROMOTION-ENG-14-02,Role expansion,No,Current Employee Record,Synthetic Workforce Movement Generator
MOVEMENT-01121,EMP006,Sehrish Tariq,Promotion,2025-10-11,DEPARTMENT-005,Engineering,DEPARTMENT-005,Engineering,ORGANIZATIONAL-UNIT-ENG,ORGANIZATIONAL-UNIT-ENG,POS-006,HISTORICAL-PROMOTION-ENG-14-03,Role expansion,No,Current Employee Record,Synthetic Workforce Movement Generator
MOVEMENT-01122,EMP048,Sehrish Shah,Join,2025-10-16,,,DEPARTMENT-006,Operations,,ORGANIZATIONAL-UNIT-OPS,,,Approved recruitment plan,No,Current Employee Record,Synthetic Workforce Movement Generator
MOVEMENT-01123,HISTORICAL-EMPLOYEE-0659,Historical Operations Employee 0659,Leave,2025-10-18,DEPARTMENT-006,Operations,,,ORGANIZATIONAL-UNIT-OPS,,,,Resignation,Yes,Historical Movement Subject,Synthetic Workforce Movement Generator
MOVEMENT-01124,EMP023,Fatima Masood,Promotion,2025-10-05,DEPARTMENT-006,Operations,DEPARTMENT-006,Operations,ORGANIZATIONAL-UNIT-OPS,ORGANIZATIONAL-UNIT-OPS,POS-023,HISTORICAL-PROMOTION-OPS-14-01,Annual promotion cycle,No,Current Employee Record,Synthetic Workforce Movement Generator
MOVEMENT-01125,EMP175,Hassan Arif,Promotion,2025-10-05,DEPARTMENT-006,Operations,DEPARTMENT-006,Operations,ORGANIZATIONAL-UNIT-OPS,ORGANIZATIONAL-UNIT-OPS,POS-175,HISTORICAL-PROMOTION-OPS-14-02,Annual promotion cycle,No,Current Employee Record,Synthetic Workforce Movement Generator
MOVEMENT-01126,HISTORICAL-EMPLOYEE-0660,Historical IT Employee 0660,Leave,2025-10-21,DEPARTMENT-007,IT,,,ORGANIZATIONAL-UNIT-IT,,,,Contract completion,Yes,Historical Movement Subject,Synthetic Workforce Movement Generator
MOVEMENT-01127,EMP183,Zain Saleem,Promotion,2025-10-15,DEPARTMENT-007,IT,DEPARTMENT-007,IT,ORGANIZATIONAL-UNIT-IT,ORGANIZATIONAL-UNIT-IT,POS-183,HISTORICAL-PROMOTION-IT-14-01,Annual promotion cycle,No,Current Employee Record,Synthetic Workforce Movement Generator
MOVEMENT-01128,HISTORICAL-EMPLOYEE-0661,Historical Medical Employee 0661,Join,2025-10-15,,,DEPARTMENT-008,Medical Care,,ORGANIZATIONAL-UNIT-MED,,,Growth hiring,No,Historical Movement Subject,Synthetic Workforce Movement Generator
MOVEMENT-01129,HISTORICAL-EMPLOYEE-0662,Historical Medical Employee 0662,Join,2025-10-06,,,DEPARTMENT-008,Medical Care,,ORGANIZATIONAL-UNIT-MED,,,Replacement hire,No,Historical Movement Subject,Synthetic Workforce Movement Generator
MOVEMENT-01130,HISTORICAL-EMPLOYEE-0663,Historical Medical Employee 0663,Join,2025-10-23,,,DEPARTMENT-008,Medical Care,,ORGANIZATIONAL-UNIT-MED,,,Internship intake,No,Historical Movement Subject,Synthetic Workforce Movement Generator
MOVEMENT-01131,EMP398,Hassan Chaudhry,Promotion,2025-10-25,DEPARTMENT-009,Training & Development,DEPARTMENT-009,Training & Development,ORGANIZATIONAL-UNIT-TRN,ORGANIZATIONAL-UNIT-TRN,POS-389,HISTORICAL-PROMOTION-TRN-14-01,Annual promotion cycle,No,Current Employee Record,Synthetic Workforce Movement Generator
MOVEMENT-01132,EMP398,Hassan Chaudhry,Promotion,2025-10-15,DEPARTMENT-009,Training & Development,DEPARTMENT-009,Training & Development,ORGANIZATIONAL-UNIT-TRN,ORGANIZATIONAL-UNIT-TRN,POS-389,HISTORICAL-PROMOTION-TRN-14-02,Role expansion,No,Current Employee Record,Synthetic Workforce Movement Generator
MOVEMENT-01133,EMP448,Kashif Siddiqui,Join,2025-10-12,,,DEPARTMENT-010,Administration & Facilities,,ORGANIZATIONAL-UNIT-ADM,,,Approved recruitment plan,No,Current Employee Record,Synthetic Workforce Movement Generator
MOVEMENT-01134,HISTORICAL-EMPLOYEE-0664,Historical Administration Employee 0664,Leave,2025-10-21,DEPARTMENT-010,Administration & Facilities,,,ORGANIZATIONAL-UNIT-ADM,,,,Contract completion,Yes,Historical Movement Subject,Synthetic Workforce Movement Generator
MOVEMENT-01135,HISTORICAL-EMPLOYEE-0665,Historical Administration Employee 0665,Leave,2025-10-05,DEPARTMENT-010,Administration & Facilities,,,ORGANIZATIONAL-UNIT-ADM,,,,Career opportunity,Yes,Historical Movement Subject,Synthetic Workforce Movement Generator
MOVEMENT-01136,EMP416,Nida Raza,Promotion,2025-10-06,DEPARTMENT-010,Administration & Facilities,DEPARTMENT-010,Administration & Facilities,ORGANIZATIONAL-UNIT-ADM,ORGANIZATIONAL-UNIT-ADM,POS-406,HISTORICAL-PROMOTION-ADM-14-01,Annual promotion cycle,No,Current Employee Record,Synthetic Workforce Movement Generator
MOVEMENT-01137,EMP416,Nida Raza,Promotion,2025-10-13,DEPARTMENT-010,Administration & Facilities,DEPARTMENT-010,Administration & Facilities,ORGANIZATIONAL-UNIT-ADM,ORGANIZATIONAL-UNIT-ADM,POS-406,HISTORICAL-PROMOTION-ADM-14-02,Role expansion,No,Current Employee Record,Synthetic Workforce Movement Generator
MOVEMENT-01138,EMP491,Zainab Chaudhry,Join,2025-10-19,,,DEPARTMENT-011,Legal & Compliance,,ORGANIZATIONAL-UNIT-LGL,,,Replacement hire,No,Current Employee Record,Synthetic Workforce Movement Generator
MOVEMENT-01139,HISTORICAL-EMPLOYEE-0666,Historical Legal Employee 0666,Join,2025-10-16,,,DEPARTMENT-011,Legal & Compliance,,ORGANIZATIONAL-UNIT-LGL,,,Approved recruitment plan,No,Historical Movement Subject,Synthetic Workforce Movement Generator
MOVEMENT-01140,HISTORICAL-EMPLOYEE-0667,Historical Legal Employee 0667,Join,2025-10-15,,,DEPARTMENT-011,Legal & Compliance,,ORGANIZATIONAL-UNIT-LGL,,,Internship intake,No,Historical Movement Subject,Synthetic Workforce Movement Generator
MOVEMENT-01141,HISTORICAL-EMPLOYEE-0668,Historical Legal Employee 0668,Join,2025-10-20,,,DEPARTMENT-011,Legal & Compliance,,ORGANIZATIONAL-UNIT-LGL,,,Growth hiring,No,Historical Movement Subject,Synthetic Workforce Movement Generator
MOVEMENT-01142,HISTORICAL-EMPLOYEE-0669,Historical Legal Employee 0669,Leave,2025-10-17,DEPARTMENT-011,Legal & Compliance,,,ORGANIZATIONAL-UNIT-LGL,,,,Resignation,Yes,Historical Movement Subject,Synthetic Workforce Movement Generator
MOVEMENT-01143,HISTORICAL-EMPLOYEE-0670,Historical Legal Employee 0670,Leave,2025-10-10,DEPARTMENT-011,Legal & Compliance,,,ORGANIZATIONAL-UNIT-LGL,,,,Career opportunity,No,Historical Movement Subject,Synthetic Workforce Movement Generator
MOVEMENT-01144,HISTORICAL-EMPLOYEE-0671,Historical Legal Employee 0671,Leave,2025-10-17,DEPARTMENT-011,Legal & Compliance,,,ORGANIZATIONAL-UNIT-LGL,,,,Retirement,Yes,Historical Movement Subject,Synthetic Workforce Movement Generator
MOVEMENT-01145,HISTORICAL-EMPLOYEE-0672,Historical Procurement Employee 0672,Leave,2025-10-09,DEPARTMENT-012,Procurement & Supply Chain,,,ORGANIZATIONAL-UNIT-PRC,,,,Retirement,No,Historical Movement Subject,Synthetic Workforce Movement Generator
MOVEMENT-01146,EMP537,Maryam Bukhari,Promotion,2025-10-18,DEPARTMENT-012,Procurement & Supply Chain,DEPARTMENT-012,Procurement & Supply Chain,ORGANIZATIONAL-UNIT-PRC,ORGANIZATIONAL-UNIT-PRC,POS-525,HISTORICAL-PROMOTION-PRC-14-01,Annual promotion cycle,No,Current Employee Record,Synthetic Workforce Movement Generator
MOVEMENT-01147,EMP532,Nida Habib,Promotion,2025-10-15,DEPARTMENT-012,Procurement & Supply Chain,DEPARTMENT-012,Procurement & Supply Chain,ORGANIZATIONAL-UNIT-PRC,ORGANIZATIONAL-UNIT-PRC,POS-520,HISTORICAL-PROMOTION-PRC-14-02,Merit promotion,No,Current Employee Record,Synthetic Workforce Movement Generator
MOVEMENT-01148,EMP509,Iqra Abbasi,Promotion,2025-10-21,DEPARTMENT-012,Procurement & Supply Chain,DEPARTMENT-012,Procurement & Supply Chain,ORGANIZATIONAL-UNIT-PRC,ORGANIZATIONAL-UNIT-PRC,POS-497,HISTORICAL-PROMOTION-PRC-14-03,Merit promotion,No,Current Employee Record,Synthetic Workforce Movement Generator
MOVEMENT-01149,HISTORICAL-EMPLOYEE-0673,Historical Logistics Employee 0673,Join,2025-10-20,,,DEPARTMENT-013,Logistics & Warehouse,,ORGANIZATIONAL-UNIT-LOG,,,Replacement hire,No,Historical Movement Subject,Synthetic Workforce Movement Generator
MOVEMENT-01150,HISTORICAL-EMPLOYEE-0674,Historical Logistics Employee 0674,Join,2025-10-08,,,DEPARTMENT-013,Logistics & Warehouse,,ORGANIZATIONAL-UNIT-LOG,,,Replacement hire,No,Historical Movement Subject,Synthetic Workforce Movement Generator
MOVEMENT-01151,HISTORICAL-EMPLOYEE-0675,Historical Logistics Employee 0675,Join,2025-10-06,,,DEPARTMENT-013,Logistics & Warehouse,,ORGANIZATIONAL-UNIT-LOG,,,Internship intake,No,Historical Movement Subject,Synthetic Workforce Movement Generator
MOVEMENT-01152,HISTORICAL-EMPLOYEE-0676,Historical Logistics Employee 0676,Join,2025-10-11,,,DEPARTMENT-013,Logistics & Warehouse,,ORGANIZATIONAL-UNIT-LOG,,,Approved recruitment plan,No,Historical Movement Subject,Synthetic Workforce Movement Generator
MOVEMENT-01153,HISTORICAL-EMPLOYEE-0677,Historical Logistics Employee 0677,Join,2025-10-05,,,DEPARTMENT-013,Logistics & Warehouse,,ORGANIZATIONAL-UNIT-LOG,,,Internship intake,No,Historical Movement Subject,Synthetic Workforce Movement Generator
MOVEMENT-01154,HISTORICAL-EMPLOYEE-0678,Historical Logistics Employee 0678,Leave,2025-10-18,DEPARTMENT-013,Logistics & Warehouse,,,ORGANIZATIONAL-UNIT-LOG,,,,Career opportunity,No,Historical Movement Subject,Synthetic Workforce Movement Generator
MOVEMENT-01155,HISTORICAL-EMPLOYEE-0679,Historical Logistics Employee 0679,Leave,2025-10-02,DEPARTMENT-013,Logistics & Warehouse,,,ORGANIZATIONAL-UNIT-LOG,,,,Resignation,No,Historical Movement Subject,Synthetic Workforce Movement Generator
MOVEMENT-01156,EMP548,Maryam Faisal,Promotion,2025-10-24,DEPARTMENT-013,Logistics & Warehouse,DEPARTMENT-013,Logistics & Warehouse,ORGANIZATIONAL-UNIT-LOG,ORGANIZATIONAL-UNIT-LOG,POS-535,HISTORICAL-PROMOTION-LOG-14-01,Annual promotion cycle,No,Current Employee Record,Synthetic Workforce Movement Generator
MOVEMENT-01157,HISTORICAL-EMPLOYEE-0680,Historical Production Employee 0680,Join,2025-10-22,,,DEPARTMENT-014,Production & Manufacturing,,ORGANIZATIONAL-UNIT-PRD,,,Growth hiring,No,Historical Movement Subject,Synthetic Workforce Movement Generator
MOVEMENT-01158,HISTORICAL-EMPLOYEE-0681,Historical Production Employee 0681,Join,2025-10-18,,,DEPARTMENT-014,Production & Manufacturing,,ORGANIZATIONAL-UNIT-PRD,,,Growth hiring,No,Historical Movement Subject,Synthetic Workforce Movement Generator
MOVEMENT-01159,HISTORICAL-EMPLOYEE-0682,Historical Production Employee 0682,Join,2025-10-25,,,DEPARTMENT-014,Production & Manufacturing,,ORGANIZATIONAL-UNIT-PRD,,,Internship intake,No,Historical Movement Subject,Synthetic Workforce Movement Generator
MOVEMENT-01160,HISTORICAL-EMPLOYEE-0683,Historical Production Employee 0683,Join,2025-10-09,,,DEPARTMENT-014,Production & Manufacturing,,ORGANIZATIONAL-UNIT-PRD,,,Replacement hire,No,Historical Movement Subject,Synthetic Workforce Movement Generator
MOVEMENT-01161,HISTORICAL-EMPLOYEE-0684,Historical Production Employee 0684,Join,2025-10-07,,,DEPARTMENT-014,Production & Manufacturing,,ORGANIZATIONAL-UNIT-PRD,,,Replacement hire,No,Historical Movement Subject,Synthetic Workforce Movement Generator
MOVEMENT-01162,HISTORICAL-EMPLOYEE-0685,Historical Production Employee 0685,Join,2025-10-14,,,DEPARTMENT-014,Production & Manufacturing,,ORGANIZATIONAL-UNIT-PRD,,,Replacement hire,No,Historical Movement Subject,Synthetic Workforce Movement Generator
MOVEMENT-01163,HISTORICAL-EMPLOYEE-0686,Historical Production Employee 0686,Join,2025-10-14,,,DEPARTMENT-014,Production & Manufacturing,,ORGANIZATIONAL-UNIT-PRD,,,Growth hiring,No,Historical Movement Subject,Synthetic Workforce Movement Generator
MOVEMENT-01164,HISTORICAL-EMPLOYEE-0687,Historical Production Employee 0687,Leave,2025-10-05,DEPARTMENT-014,Production & Manufacturing,,,ORGANIZATIONAL-UNIT-PRD,,,,Career opportunity,Yes,Historical Movement Subject,Synthetic Workforce Movement Generator
MOVEMENT-01165,HISTORICAL-EMPLOYEE-0688,Historical Production Employee 0688,Leave,2025-10-14,DEPARTMENT-014,Production & Manufacturing,,,ORGANIZATIONAL-UNIT-PRD,,,,Career opportunity,Yes,Historical Movement Subject,Synthetic Workforce Movement Generator
MOVEMENT-01166,HISTORICAL-EMPLOYEE-0689,Historical Production Employee 0689,Leave,2025-10-04,DEPARTMENT-014,Production & Manufacturing,,,ORGANIZATIONAL-UNIT-PRD,,,,Career opportunity,Yes,Historical Movement Subject,Synthetic Workforce Movement Generator
MOVEMENT-01167,EMP608,Sidra Khan,Promotion,2025-10-12,DEPARTMENT-014,Production & Manufacturing,DEPARTMENT-014,Production & Manufacturing,ORGANIZATIONAL-UNIT-PRD,ORGANIZATIONAL-UNIT-PRD,POS-594,HISTORICAL-PROMOTION-PRD-14-01,Annual promotion cycle,No,Current Employee Record,Synthetic Workforce Movement Generator
MOVEMENT-01168,EMP655,Taha Aslam,Promotion,2025-10-23,DEPARTMENT-015,Quality Assurance,DEPARTMENT-015,Quality Assurance,ORGANIZATIONAL-UNIT-QAS,ORGANIZATIONAL-UNIT-QAS,POS-640,HISTORICAL-PROMOTION-QAS-14-01,Role expansion,No,Current Employee Record,Synthetic Workforce Movement Generator
MOVEMENT-01169,HISTORICAL-EMPLOYEE-0690,Historical Research Employee 0690,Join,2025-10-02,,,DEPARTMENT-016,Research & Development,,ORGANIZATIONAL-UNIT-RND,,,Approved recruitment plan,No,Historical Movement Subject,Synthetic Workforce Movement Generator
MOVEMENT-01170,HISTORICAL-EMPLOYEE-0691,Historical Research Employee 0691,Join,2025-10-12,,,DEPARTMENT-016,Research & Development,,ORGANIZATIONAL-UNIT-RND,,,Internship intake,No,Historical Movement Subject,Synthetic Workforce Movement Generator
MOVEMENT-01171,HISTORICAL-EMPLOYEE-0692,Historical Research Employee 0692,Join,2025-10-21,,,DEPARTMENT-016,Research & Development,,ORGANIZATIONAL-UNIT-RND,,,Internship intake,No,Historical Movement Subject,Synthetic Workforce Movement Generator
MOVEMENT-01172,HISTORICAL-EMPLOYEE-0693,Historical Research Employee 0693,Join,2025-10-21,,,DEPARTMENT-016,Research & Development,,ORGANIZATIONAL-UNIT-RND,,,Approved recruitment plan,No,Historical Movement Subject,Synthetic Workforce Movement Generator
MOVEMENT-01173,HISTORICAL-EMPLOYEE-0694,Historical Research Employee 0694,Join,2025-10-24,,,DEPARTMENT-016,Research & Development,,ORGANIZATIONAL-UNIT-RND,,,Growth hiring,No,Historical Movement Subject,Synthetic Workforce Movement Generator
MOVEMENT-01174,HISTORICAL-EMPLOYEE-0695,Historical Research Employee 0695,Join,2025-10-24,,,DEPARTMENT-016,Research & Development,,ORGANIZATIONAL-UNIT-RND,,,Growth hiring,No,Historical Movement Subject,Synthetic Workforce Movement Generator
MOVEMENT-01175,HISTORICAL-EMPLOYEE-0696,Historical Research Employee 0696,Leave,2025-10-16,DEPARTMENT-016,Research & Development,,,ORGANIZATIONAL-UNIT-RND,,,,Resignation,No,Historical Movement Subject,Synthetic Workforce Movement Generator
MOVEMENT-01176,HISTORICAL-EMPLOYEE-0697,Historical Research Employee 0697,Leave,2025-10-05,DEPARTMENT-016,Research & Development,,,ORGANIZATIONAL-UNIT-RND,,,,Contract completion,Yes,Historical Movement Subject,Synthetic Workforce Movement Generator
MOVEMENT-01177,EMP435,Kamran Sultan,Transfer,2025-11-16,DEPARTMENT-010,Administration & Facilities,DEPARTMENT-003,Sales,ORGANIZATIONAL-UNIT-ADM,ORGANIZATIONAL-UNIT-SAL,POS-425,HISTORICAL-DESTINATION-SAL-15,Career development,Yes,Current Employee Record,Synthetic Workforce Movement Generator
MOVEMENT-01178,EMP065,Amna Gill,Transfer,2025-11-12,DEPARTMENT-003,Sales,DEPARTMENT-013,Logistics & Warehouse,ORGANIZATIONAL-UNIT-SAL,ORGANIZATIONAL-UNIT-LOG,POS-065,HISTORICAL-DESTINATION-LOG-15,Career development,Yes,Current Employee Record,Synthetic Workforce Movement Generator
MOVEMENT-01179,EMP468,Eman Mirza,Transfer,2025-11-14,DEPARTMENT-011,Legal & Compliance,DEPARTMENT-005,Engineering,ORGANIZATIONAL-UNIT-LGL,ORGANIZATIONAL-UNIT-ENG,POS-457,HISTORICAL-DESTINATION-ENG-15,Career development,Yes,Current Employee Record,Synthetic Workforce Movement Generator
MOVEMENT-01180,EMP668,Talha Nawaz,Transfer,2025-11-09,DEPARTMENT-015,Quality Assurance,DEPARTMENT-007,IT,ORGANIZATIONAL-UNIT-QAS,ORGANIZATIONAL-UNIT-IT,POS-653,HISTORICAL-DESTINATION-IT-15,Workforce balancing,Yes,Current Employee Record,Synthetic Workforce Movement Generator
MOVEMENT-01181,EMP426,Hassan Khan,Transfer,2025-11-17,DEPARTMENT-010,Administration & Facilities,DEPARTMENT-012,Procurement & Supply Chain,ORGANIZATIONAL-UNIT-ADM,ORGANIZATIONAL-UNIT-PRC,POS-416,HISTORICAL-DESTINATION-PRC-15,Workforce balancing,Yes,Current Employee Record,Synthetic Workforce Movement Generator
MOVEMENT-01182,EMP434,Ayesha Awan,Transfer,2025-11-18,DEPARTMENT-010,Administration & Facilities,DEPARTMENT-016,Research & Development,ORGANIZATIONAL-UNIT-ADM,ORGANIZATIONAL-UNIT-RND,POS-424,HISTORICAL-DESTINATION-RND-15,Employee request,Yes,Current Employee Record,Synthetic Workforce Movement Generator
MOVEMENT-01183,EMP217,Laiba Qureshi,Promotion,2025-11-18,DEPARTMENT-001,HR,DEPARTMENT-001,HR,ORGANIZATIONAL-UNIT-HR,ORGANIZATIONAL-UNIT-HR,POS-216,HISTORICAL-PROMOTION-HR-15-01,Merit promotion,No,Current Employee Record,Synthetic Workforce Movement Generator
MOVEMENT-01184,EMP071,Eman Abbasi,Promotion,2025-11-10,DEPARTMENT-002,Finance,DEPARTMENT-002,Finance,ORGANIZATIONAL-UNIT-FIN,ORGANIZATIONAL-UNIT-FIN,POS-071,HISTORICAL-PROMOTION-FIN-15-01,Merit promotion,No,Current Employee Record,Synthetic Workforce Movement Generator
MOVEMENT-01185,EMP099,Bilal Aslam,Promotion,2025-11-07,DEPARTMENT-002,Finance,DEPARTMENT-002,Finance,ORGANIZATIONAL-UNIT-FIN,ORGANIZATIONAL-UNIT-FIN,POS-099,HISTORICAL-PROMOTION-FIN-15-02,Merit promotion,No,Current Employee Record,Synthetic Workforce Movement Generator
MOVEMENT-01186,HISTORICAL-EMPLOYEE-0698,Historical Sales Employee 0698,Join,2025-11-16,,,DEPARTMENT-003,Sales,,ORGANIZATIONAL-UNIT-SAL,,,Replacement hire,No,Historical Movement Subject,Synthetic Workforce Movement Generator
MOVEMENT-01187,HISTORICAL-EMPLOYEE-0699,Historical Sales Employee 0699,Join,2025-11-03,,,DEPARTMENT-003,Sales,,ORGANIZATIONAL-UNIT-SAL,,,Approved recruitment plan,No,Historical Movement Subject,Synthetic Workforce Movement Generator
MOVEMENT-01188,HISTORICAL-EMPLOYEE-0700,Historical Sales Employee 0700,Join,2025-11-24,,,DEPARTMENT-003,Sales,,ORGANIZATIONAL-UNIT-SAL,,,Approved recruitment plan,No,Historical Movement Subject,Synthetic Workforce Movement Generator
MOVEMENT-01189,HISTORICAL-EMPLOYEE-0701,Historical Sales Employee 0701,Leave,2025-11-09,DEPARTMENT-003,Sales,,,ORGANIZATIONAL-UNIT-SAL,,,,Contract completion,Yes,Historical Movement Subject,Synthetic Workforce Movement Generator
MOVEMENT-01190,HISTORICAL-EMPLOYEE-0702,Historical Sales Employee 0702,Leave,2025-11-08,DEPARTMENT-003,Sales,,,ORGANIZATIONAL-UNIT-SAL,,,,Career opportunity,Yes,Historical Movement Subject,Synthetic Workforce Movement Generator
MOVEMENT-01191,EMP064,Hassan Sheikh,Promotion,2025-11-12,DEPARTMENT-003,Sales,DEPARTMENT-003,Sales,ORGANIZATIONAL-UNIT-SAL,ORGANIZATIONAL-UNIT-SAL,POS-064,HISTORICAL-PROMOTION-SAL-15-01,Merit promotion,No,Current Employee Record,Synthetic Workforce Movement Generator
MOVEMENT-01192,HISTORICAL-EMPLOYEE-0703,Historical Customer Employee 0703,Join,2025-11-24,,,DEPARTMENT-004,Customer Support,,ORGANIZATIONAL-UNIT-CS,,,Internship intake,No,Historical Movement Subject,Synthetic Workforce Movement Generator
MOVEMENT-01193,HISTORICAL-EMPLOYEE-0704,Historical Customer Employee 0704,Join,2025-11-10,,,DEPARTMENT-004,Customer Support,,ORGANIZATIONAL-UNIT-CS,,,Replacement hire,No,Historical Movement Subject,Synthetic Workforce Movement Generator
MOVEMENT-01194,HISTORICAL-EMPLOYEE-0705,Historical Customer Employee 0705,Leave,2025-11-11,DEPARTMENT-004,Customer Support,,,ORGANIZATIONAL-UNIT-CS,,,,Career opportunity,Yes,Historical Movement Subject,Synthetic Workforce Movement Generator
MOVEMENT-01195,HISTORICAL-EMPLOYEE-0706,Historical Customer Employee 0706,Leave,2025-11-04,DEPARTMENT-004,Customer Support,,,ORGANIZATIONAL-UNIT-CS,,,,Retirement,Yes,Historical Movement Subject,Synthetic Workforce Movement Generator
MOVEMENT-01196,HISTORICAL-EMPLOYEE-0707,Historical Engineering Employee 0707,Join,2025-11-04,,,DEPARTMENT-005,Engineering,,ORGANIZATIONAL-UNIT-ENG,,,Approved recruitment plan,No,Historical Movement Subject,Synthetic Workforce Movement Generator
MOVEMENT-01197,HISTORICAL-EMPLOYEE-0708,Historical Engineering Employee 0708,Join,2025-11-09,,,DEPARTMENT-005,Engineering,,ORGANIZATIONAL-UNIT-ENG,,,Replacement hire,No,Historical Movement Subject,Synthetic Workforce Movement Generator
MOVEMENT-01198,HISTORICAL-EMPLOYEE-0709,Historical Engineering Employee 0709,Leave,2025-11-04,DEPARTMENT-005,Engineering,,,ORGANIZATIONAL-UNIT-ENG,,,,Contract completion,Yes,Historical Movement Subject,Synthetic Workforce Movement Generator
MOVEMENT-01199,EMP273,Haris Ejaz,Promotion,2025-11-17,DEPARTMENT-005,Engineering,DEPARTMENT-005,Engineering,ORGANIZATIONAL-UNIT-ENG,ORGANIZATIONAL-UNIT-ENG,POS-268,HISTORICAL-PROMOTION-ENG-15-01,Annual promotion cycle,No,Current Employee Record,Synthetic Workforce Movement Generator
MOVEMENT-01200,EMP269,Noor Bukhari,Promotion,2025-11-13,DEPARTMENT-005,Engineering,DEPARTMENT-005,Engineering,ORGANIZATIONAL-UNIT-ENG,ORGANIZATIONAL-UNIT-ENG,POS-264,HISTORICAL-PROMOTION-ENG-15-02,Role expansion,No,Current Employee Record,Synthetic Workforce Movement Generator
MOVEMENT-01201,EMP043,Amir Javed,Promotion,2025-11-18,DEPARTMENT-006,Operations,DEPARTMENT-006,Operations,ORGANIZATIONAL-UNIT-OPS,ORGANIZATIONAL-UNIT-OPS,POS-043,HISTORICAL-PROMOTION-OPS-15-01,Role expansion,No,Current Employee Record,Synthetic Workforce Movement Generator
MOVEMENT-01202,HISTORICAL-EMPLOYEE-0710,Historical IT Employee 0710,Leave,2025-11-09,DEPARTMENT-007,IT,,,ORGANIZATIONAL-UNIT-IT,,,,Retirement,Yes,Historical Movement Subject,Synthetic Workforce Movement Generator
MOVEMENT-01203,EMP300,Talha Akhtar,Promotion,2025-11-15,DEPARTMENT-007,IT,DEPARTMENT-007,IT,ORGANIZATIONAL-UNIT-IT,ORGANIZATIONAL-UNIT-IT,POS-293,HISTORICAL-PROMOTION-IT-15-01,Role expansion,No,Current Employee Record,Synthetic Workforce Movement Generator
MOVEMENT-01204,HISTORICAL-EMPLOYEE-0711,Historical Medical Employee 0711,Leave,2025-11-02,DEPARTMENT-008,Medical Care,,,ORGANIZATIONAL-UNIT-MED,,,,Retirement,No,Historical Movement Subject,Synthetic Workforce Movement Generator
MOVEMENT-01205,EMP357,Kamran Ismail,Promotion,2025-11-03,DEPARTMENT-008,Medical Care,DEPARTMENT-008,Medical Care,ORGANIZATIONAL-UNIT-MED,ORGANIZATIONAL-UNIT-MED,POS-349,HISTORICAL-PROMOTION-MED-15-01,Merit promotion,No,Current Employee Record,Synthetic Workforce Movement Generator
MOVEMENT-01206,EMP340,Eman Raza,Promotion,2025-11-03,DEPARTMENT-008,Medical Care,DEPARTMENT-008,Medical Care,ORGANIZATIONAL-UNIT-MED,ORGANIZATIONAL-UNIT-MED,POS-332,HISTORICAL-PROMOTION-MED-15-02,Merit promotion,No,Current Employee Record,Synthetic Workforce Movement Generator
MOVEMENT-01207,EMP351,Talha Shah,Promotion,2025-11-18,DEPARTMENT-008,Medical Care,DEPARTMENT-008,Medical Care,ORGANIZATIONAL-UNIT-MED,ORGANIZATIONAL-UNIT-MED,POS-343,HISTORICAL-PROMOTION-MED-15-03,Role expansion,No,Current Employee Record,Synthetic Workforce Movement Generator
MOVEMENT-01208,EMP394,Usman Ansari,Join,2025-11-20,,,DEPARTMENT-009,Training & Development,,ORGANIZATIONAL-UNIT-TRN,,,Internship intake,No,Current Employee Record,Synthetic Workforce Movement Generator
MOVEMENT-01209,HISTORICAL-EMPLOYEE-0712,Historical Training Employee 0712,Join,2025-11-19,,,DEPARTMENT-009,Training & Development,,ORGANIZATIONAL-UNIT-TRN,,,Approved recruitment plan,No,Historical Movement Subject,Synthetic Workforce Movement Generator
MOVEMENT-01210,HISTORICAL-EMPLOYEE-0713,Historical Training Employee 0713,Leave,2025-11-21,DEPARTMENT-009,Training & Development,,,ORGANIZATIONAL-UNIT-TRN,,,,Retirement,Yes,Historical Movement Subject,Synthetic Workforce Movement Generator
MOVEMENT-01211,HISTORICAL-EMPLOYEE-0714,Historical Training Employee 0714,Leave,2025-11-16,DEPARTMENT-009,Training & Development,,,ORGANIZATIONAL-UNIT-TRN,,,,Career opportunity,No,Historical Movement Subject,Synthetic Workforce Movement Generator
MOVEMENT-01212,HISTORICAL-EMPLOYEE-0715,Historical Training Employee 0715,Leave,2025-11-22,DEPARTMENT-009,Training & Development,,,ORGANIZATIONAL-UNIT-TRN,,,,Retirement,No,Historical Movement Subject,Synthetic Workforce Movement Generator
MOVEMENT-01213,EMP378,Anam Qureshi,Promotion,2025-11-21,DEPARTMENT-009,Training & Development,DEPARTMENT-009,Training & Development,ORGANIZATIONAL-UNIT-TRN,ORGANIZATIONAL-UNIT-TRN,POS-369,HISTORICAL-PROMOTION-TRN-15-01,Merit promotion,No,Current Employee Record,Synthetic Workforce Movement Generator
MOVEMENT-01214,EMP384,Ayesha Farooq,Promotion,2025-11-18,DEPARTMENT-009,Training & Development,DEPARTMENT-009,Training & Development,ORGANIZATIONAL-UNIT-TRN,ORGANIZATIONAL-UNIT-TRN,POS-375,HISTORICAL-PROMOTION-TRN-15-02,Annual promotion cycle,No,Current Employee Record,Synthetic Workforce Movement Generator
MOVEMENT-01215,HISTORICAL-EMPLOYEE-0716,Historical Administration Employee 0716,Join,2025-11-08,,,DEPARTMENT-010,Administration & Facilities,,ORGANIZATIONAL-UNIT-ADM,,,Approved recruitment plan,No,Historical Movement Subject,Synthetic Workforce Movement Generator
MOVEMENT-01216,HISTORICAL-EMPLOYEE-0717,Historical Administration Employee 0717,Join,2025-11-12,,,DEPARTMENT-010,Administration & Facilities,,ORGANIZATIONAL-UNIT-ADM,,,Replacement hire,No,Historical Movement Subject,Synthetic Workforce Movement Generator
MOVEMENT-01217,HISTORICAL-EMPLOYEE-0718,Historical Administration Employee 0718,Join,2025-11-07,,,DEPARTMENT-010,Administration & Facilities,,ORGANIZATIONAL-UNIT-ADM,,,Internship intake,No,Historical Movement Subject,Synthetic Workforce Movement Generator
MOVEMENT-01218,HISTORICAL-EMPLOYEE-0719,Historical Administration Employee 0719,Leave,2025-11-19,DEPARTMENT-010,Administration & Facilities,,,ORGANIZATIONAL-UNIT-ADM,,,,Resignation,Yes,Historical Movement Subject,Synthetic Workforce Movement Generator
MOVEMENT-01219,EMP447,Junaid Qureshi,Promotion,2025-11-05,DEPARTMENT-010,Administration & Facilities,DEPARTMENT-010,Administration & Facilities,ORGANIZATIONAL-UNIT-ADM,ORGANIZATIONAL-UNIT-ADM,POS-437,HISTORICAL-PROMOTION-ADM-15-01,Annual promotion cycle,No,Current Employee Record,Synthetic Workforce Movement Generator
MOVEMENT-01220,EMP434,Ayesha Awan,Promotion,2025-11-02,DEPARTMENT-010,Administration & Facilities,DEPARTMENT-010,Administration & Facilities,ORGANIZATIONAL-UNIT-ADM,ORGANIZATIONAL-UNIT-ADM,POS-424,HISTORICAL-PROMOTION-ADM-15-02,Merit promotion,No,Current Employee Record,Synthetic Workforce Movement Generator
MOVEMENT-01221,EMP432,Kinza Hashmi,Promotion,2025-11-02,DEPARTMENT-010,Administration & Facilities,DEPARTMENT-010,Administration & Facilities,ORGANIZATIONAL-UNIT-ADM,ORGANIZATIONAL-UNIT-ADM,POS-422,HISTORICAL-PROMOTION-ADM-15-03,Merit promotion,No,Current Employee Record,Synthetic Workforce Movement Generator
MOVEMENT-01222,EMP487,Talha Hashmi,Join,2025-11-12,,,DEPARTMENT-011,Legal & Compliance,,ORGANIZATIONAL-UNIT-LGL,,,Internship intake,No,Current Employee Record,Synthetic Workforce Movement Generator
MOVEMENT-01223,EMP462,Waqas Ali,Promotion,2025-11-11,DEPARTMENT-011,Legal & Compliance,DEPARTMENT-011,Legal & Compliance,ORGANIZATIONAL-UNIT-LGL,ORGANIZATIONAL-UNIT-LGL,POS-451,HISTORICAL-PROMOTION-LGL-15-01,Merit promotion,No,Current Employee Record,Synthetic Workforce Movement Generator
MOVEMENT-01224,EMP481,Rabia Rehman,Promotion,2025-11-08,DEPARTMENT-011,Legal & Compliance,DEPARTMENT-011,Legal & Compliance,ORGANIZATIONAL-UNIT-LGL,ORGANIZATIONAL-UNIT-LGL,POS-470,HISTORICAL-PROMOTION-LGL-15-02,Annual promotion cycle,No,Current Employee Record,Synthetic Workforce Movement Generator
MOVEMENT-01225,EMP467,Maryam Dar,Promotion,2025-11-03,DEPARTMENT-011,Legal & Compliance,DEPARTMENT-011,Legal & Compliance,ORGANIZATIONAL-UNIT-LGL,ORGANIZATIONAL-UNIT-LGL,POS-456,HISTORICAL-PROMOTION-LGL-15-03,Annual promotion cycle,No,Current Employee Record,Synthetic Workforce Movement Generator
MOVEMENT-01226,HISTORICAL-EMPLOYEE-0720,Historical Procurement Employee 0720,Join,2025-11-14,,,DEPARTMENT-012,Procurement & Supply Chain,,ORGANIZATIONAL-UNIT-PRC,,,Approved recruitment plan,No,Historical Movement Subject,Synthetic Workforce Movement Generator
MOVEMENT-01227,HISTORICAL-EMPLOYEE-0721,Historical Procurement Employee 0721,Leave,2025-11-19,DEPARTMENT-012,Procurement & Supply Chain,,,ORGANIZATIONAL-UNIT-PRC,,,,Career opportunity,No,Historical Movement Subject,Synthetic Workforce Movement Generator
MOVEMENT-01228,HISTORICAL-EMPLOYEE-0722,Historical Logistics Employee 0722,Join,2025-11-17,,,DEPARTMENT-013,Logistics & Warehouse,,ORGANIZATIONAL-UNIT-LOG,,,Replacement hire,No,Historical Movement Subject,Synthetic Workforce Movement Generator
MOVEMENT-01229,HISTORICAL-EMPLOYEE-0723,Historical Logistics Employee 0723,Join,2025-11-24,,,DEPARTMENT-013,Logistics & Warehouse,,ORGANIZATIONAL-UNIT-LOG,,,Approved recruitment plan,No,Historical Movement Subject,Synthetic Workforce Movement Generator
MOVEMENT-01230,HISTORICAL-EMPLOYEE-0724,Historical Logistics Employee 0724,Leave,2025-11-17,DEPARTMENT-013,Logistics & Warehouse,,,ORGANIZATIONAL-UNIT-LOG,,,,Contract completion,Yes,Historical Movement Subject,Synthetic Workforce Movement Generator
MOVEMENT-01231,HISTORICAL-EMPLOYEE-0725,Historical Production Employee 0725,Join,2025-11-02,,,DEPARTMENT-014,Production & Manufacturing,,ORGANIZATIONAL-UNIT-PRD,,,Replacement hire,No,Historical Movement Subject,Synthetic Workforce Movement Generator
MOVEMENT-01232,HISTORICAL-EMPLOYEE-0726,Historical Production Employee 0726,Join,2025-11-17,,,DEPARTMENT-014,Production & Manufacturing,,ORGANIZATIONAL-UNIT-PRD,,,Replacement hire,No,Historical Movement Subject,Synthetic Workforce Movement Generator
MOVEMENT-01233,HISTORICAL-EMPLOYEE-0727,Historical Production Employee 0727,Join,2025-11-09,,,DEPARTMENT-014,Production & Manufacturing,,ORGANIZATIONAL-UNIT-PRD,,,Internship intake,No,Historical Movement Subject,Synthetic Workforce Movement Generator
MOVEMENT-01234,HISTORICAL-EMPLOYEE-0728,Historical Production Employee 0728,Join,2025-11-18,,,DEPARTMENT-014,Production & Manufacturing,,ORGANIZATIONAL-UNIT-PRD,,,Replacement hire,No,Historical Movement Subject,Synthetic Workforce Movement Generator
MOVEMENT-01235,HISTORICAL-EMPLOYEE-0729,Historical Production Employee 0729,Leave,2025-11-21,DEPARTMENT-014,Production & Manufacturing,,,ORGANIZATIONAL-UNIT-PRD,,,,Retirement,Yes,Historical Movement Subject,Synthetic Workforce Movement Generator
MOVEMENT-01236,HISTORICAL-EMPLOYEE-0730,Historical Production Employee 0730,Leave,2025-11-17,DEPARTMENT-014,Production & Manufacturing,,,ORGANIZATIONAL-UNIT-PRD,,,,Retirement,Yes,Historical Movement Subject,Synthetic Workforce Movement Generator
MOVEMENT-01237,EMP601,Danish Javed,Promotion,2025-11-14,DEPARTMENT-014,Production & Manufacturing,DEPARTMENT-014,Production & Manufacturing,ORGANIZATIONAL-UNIT-PRD,ORGANIZATIONAL-UNIT-PRD,POS-587,HISTORICAL-PROMOTION-PRD-15-01,Annual promotion cycle,No,Current Employee Record,Synthetic Workforce Movement Generator
MOVEMENT-01238,EMP613,Sidra Saeed,Promotion,2025-11-02,DEPARTMENT-014,Production & Manufacturing,DEPARTMENT-014,Production & Manufacturing,ORGANIZATIONAL-UNIT-PRD,ORGANIZATIONAL-UNIT-PRD,POS-599,HISTORICAL-PROMOTION-PRD-15-02,Annual promotion cycle,No,Current Employee Record,Synthetic Workforce Movement Generator
MOVEMENT-01239,EMP593,Maha Saeed,Promotion,2025-11-19,DEPARTMENT-014,Production & Manufacturing,DEPARTMENT-014,Production & Manufacturing,ORGANIZATIONAL-UNIT-PRD,ORGANIZATIONAL-UNIT-PRD,POS-579,HISTORICAL-PROMOTION-PRD-15-03,Annual promotion cycle,No,Current Employee Record,Synthetic Workforce Movement Generator
MOVEMENT-01240,EMP674,Rabia Ismail,Join,2025-11-13,,,DEPARTMENT-015,Quality Assurance,,ORGANIZATIONAL-UNIT-QAS,,,Approved recruitment plan,No,Current Employee Record,Synthetic Workforce Movement Generator
MOVEMENT-01241,HISTORICAL-EMPLOYEE-0731,Historical Quality Employee 0731,Join,2025-11-09,,,DEPARTMENT-015,Quality Assurance,,ORGANIZATIONAL-UNIT-QAS,,,Approved recruitment plan,No,Historical Movement Subject,Synthetic Workforce Movement Generator
MOVEMENT-01242,HISTORICAL-EMPLOYEE-0732,Historical Quality Employee 0732,Join,2025-11-25,,,DEPARTMENT-015,Quality Assurance,,ORGANIZATIONAL-UNIT-QAS,,,Approved recruitment plan,No,Historical Movement Subject,Synthetic Workforce Movement Generator
MOVEMENT-01243,HISTORICAL-EMPLOYEE-0733,Historical Quality Employee 0733,Join,2025-11-08,,,DEPARTMENT-015,Quality Assurance,,ORGANIZATIONAL-UNIT-QAS,,,Approved recruitment plan,No,Historical Movement Subject,Synthetic Workforce Movement Generator
MOVEMENT-01244,HISTORICAL-EMPLOYEE-0734,Historical Quality Employee 0734,Join,2025-11-16,,,DEPARTMENT-015,Quality Assurance,,ORGANIZATIONAL-UNIT-QAS,,,Internship intake,No,Historical Movement Subject,Synthetic Workforce Movement Generator
MOVEMENT-01245,HISTORICAL-EMPLOYEE-0735,Historical Quality Employee 0735,Join,2025-11-12,,,DEPARTMENT-015,Quality Assurance,,ORGANIZATIONAL-UNIT-QAS,,,Internship intake,No,Historical Movement Subject,Synthetic Workforce Movement Generator
MOVEMENT-01246,HISTORICAL-EMPLOYEE-0736,Historical Quality Employee 0736,Leave,2025-11-22,DEPARTMENT-015,Quality Assurance,,,ORGANIZATIONAL-UNIT-QAS,,,,Career opportunity,Yes,Historical Movement Subject,Synthetic Workforce Movement Generator
MOVEMENT-01247,HISTORICAL-EMPLOYEE-0737,Historical Quality Employee 0737,Leave,2025-11-23,DEPARTMENT-015,Quality Assurance,,,ORGANIZATIONAL-UNIT-QAS,,,,Career opportunity,Yes,Historical Movement Subject,Synthetic Workforce Movement Generator
MOVEMENT-01248,HISTORICAL-EMPLOYEE-0738,Historical Quality Employee 0738,Leave,2025-11-10,DEPARTMENT-015,Quality Assurance,,,ORGANIZATIONAL-UNIT-QAS,,,,Retirement,No,Historical Movement Subject,Synthetic Workforce Movement Generator
MOVEMENT-01249,EMP668,Talha Nawaz,Promotion,2025-11-07,DEPARTMENT-015,Quality Assurance,DEPARTMENT-015,Quality Assurance,ORGANIZATIONAL-UNIT-QAS,ORGANIZATIONAL-UNIT-QAS,POS-653,HISTORICAL-PROMOTION-QAS-15-01,Role expansion,No,Current Employee Record,Synthetic Workforce Movement Generator
MOVEMENT-01250,EMP665,Taha Waheed,Promotion,2025-11-23,DEPARTMENT-015,Quality Assurance,DEPARTMENT-015,Quality Assurance,ORGANIZATIONAL-UNIT-QAS,ORGANIZATIONAL-UNIT-QAS,POS-650,HISTORICAL-PROMOTION-QAS-15-02,Annual promotion cycle,No,Current Employee Record,Synthetic Workforce Movement Generator
MOVEMENT-01251,HISTORICAL-EMPLOYEE-0739,Historical Research Employee 0739,Leave,2025-11-02,DEPARTMENT-016,Research & Development,,,ORGANIZATIONAL-UNIT-RND,,,,Career opportunity,Yes,Historical Movement Subject,Synthetic Workforce Movement Generator
MOVEMENT-01252,EMP698,Amna Siddiqui,Promotion,2025-11-08,DEPARTMENT-016,Research & Development,DEPARTMENT-016,Research & Development,ORGANIZATIONAL-UNIT-RND,ORGANIZATIONAL-UNIT-RND,POS-682,HISTORICAL-PROMOTION-RND-15-01,Merit promotion,No,Current Employee Record,Synthetic Workforce Movement Generator
MOVEMENT-01253,EMP694,Omar Khan,Promotion,2025-11-15,DEPARTMENT-016,Research & Development,DEPARTMENT-016,Research & Development,ORGANIZATIONAL-UNIT-RND,ORGANIZATIONAL-UNIT-RND,POS-678,HISTORICAL-PROMOTION-RND-15-02,Role expansion,No,Current Employee Record,Synthetic Workforce Movement Generator
MOVEMENT-01254,EMP686,Usman Hussain,Promotion,2025-11-11,DEPARTMENT-016,Research & Development,DEPARTMENT-016,Research & Development,ORGANIZATIONAL-UNIT-RND,ORGANIZATIONAL-UNIT-RND,POS-670,HISTORICAL-PROMOTION-RND-15-03,Annual promotion cycle,No,Current Employee Record,Synthetic Workforce Movement Generator
MOVEMENT-01255,EMP426,Hassan Khan,Transfer,2025-12-04,DEPARTMENT-010,Administration & Facilities,DEPARTMENT-002,Finance,ORGANIZATIONAL-UNIT-ADM,ORGANIZATIONAL-UNIT-FIN,POS-416,HISTORICAL-DESTINATION-FIN-16,Employee request,Yes,Current Employee Record,Synthetic Workforce Movement Generator
MOVEMENT-01256,EMP489,Sara Zafar,Transfer,2025-12-09,DEPARTMENT-011,Legal & Compliance,DEPARTMENT-002,Finance,ORGANIZATIONAL-UNIT-LGL,ORGANIZATIONAL-UNIT-FIN,POS-478,HISTORICAL-DESTINATION-FIN-16,Career development,Yes,Current Employee Record,Synthetic Workforce Movement Generator
MOVEMENT-01257,EMP084,Zara Ullah,Transfer,2025-12-10,DEPARTMENT-001,HR,DEPARTMENT-005,Engineering,ORGANIZATIONAL-UNIT-HR,ORGANIZATIONAL-UNIT-ENG,POS-084,HISTORICAL-DESTINATION-ENG-16,Workforce balancing,Yes,Current Employee Record,Synthetic Workforce Movement Generator
MOVEMENT-01258,EMP375,Sana Mirza,Transfer,2025-12-25,DEPARTMENT-009,Training & Development,DEPARTMENT-007,IT,ORGANIZATIONAL-UNIT-TRN,ORGANIZATIONAL-UNIT-IT,POS-366,HISTORICAL-DESTINATION-IT-16,Career development,Yes,Current Employee Record,Synthetic Workforce Movement Generator
MOVEMENT-01259,EMP191,Danish Yousaf,Transfer,2025-12-15,DEPARTMENT-006,Operations,DEPARTMENT-015,Quality Assurance,ORGANIZATIONAL-UNIT-OPS,ORGANIZATIONAL-UNIT-QAS,POS-191,HISTORICAL-DESTINATION-QAS-16,Career development,Yes,Current Employee Record,Synthetic Workforce Movement Generator
MOVEMENT-01260,EMP044,Hafsa Khan,Transfer,2025-12-16,DEPARTMENT-002,Finance,DEPARTMENT-015,Quality Assurance,ORGANIZATIONAL-UNIT-FIN,ORGANIZATIONAL-UNIT-QAS,POS-044,HISTORICAL-DESTINATION-QAS-16,Workforce balancing,Yes,Current Employee Record,Synthetic Workforce Movement Generator
MOVEMENT-01261,EMP400,Hassan Shah,Transfer,2025-12-15,DEPARTMENT-009,Training & Development,DEPARTMENT-001,HR,ORGANIZATIONAL-UNIT-TRN,ORGANIZATIONAL-UNIT-HR,POS-391,HISTORICAL-DESTINATION-HR-16,Workforce balancing,Yes,Current Employee Record,Synthetic Workforce Movement Generator
MOVEMENT-01262,EMP572,Farhan Iqbal,Transfer,2025-12-18,DEPARTMENT-013,Logistics & Warehouse,DEPARTMENT-010,Administration & Facilities,ORGANIZATIONAL-UNIT-LOG,ORGANIZATIONAL-UNIT-ADM,POS-559,HISTORICAL-DESTINATION-ADM-16,Career development,Yes,Current Employee Record,Synthetic Workforce Movement Generator
MOVEMENT-01263,EMP027,Akbar Hassan,Transfer,2025-12-05,DEPARTMENT-004,Customer Support,DEPARTMENT-006,Operations,ORGANIZATIONAL-UNIT-CS,ORGANIZATIONAL-UNIT-OPS,POS-027,HISTORICAL-DESTINATION-OPS-16,Business requirement,Yes,Current Employee Record,Synthetic Workforce Movement Generator
MOVEMENT-01264,EMP665,Taha Waheed,Transfer,2025-12-18,DEPARTMENT-015,Quality Assurance,DEPARTMENT-012,Procurement & Supply Chain,ORGANIZATIONAL-UNIT-QAS,ORGANIZATIONAL-UNIT-PRC,POS-650,HISTORICAL-DESTINATION-PRC-16,Business requirement,Yes,Current Employee Record,Synthetic Workforce Movement Generator
MOVEMENT-01265,HISTORICAL-EMPLOYEE-0740,Historical HR Employee 0740,Join,2025-12-07,,,DEPARTMENT-001,HR,,ORGANIZATIONAL-UNIT-HR,,,Growth hiring,No,Historical Movement Subject,Synthetic Workforce Movement Generator
MOVEMENT-01266,HISTORICAL-EMPLOYEE-0741,Historical HR Employee 0741,Join,2025-12-05,,,DEPARTMENT-001,HR,,ORGANIZATIONAL-UNIT-HR,,,Internship intake,No,Historical Movement Subject,Synthetic Workforce Movement Generator
MOVEMENT-01267,HISTORICAL-EMPLOYEE-0742,Historical HR Employee 0742,Leave,2025-12-23,DEPARTMENT-001,HR,,,ORGANIZATIONAL-UNIT-HR,,,,Contract completion,Yes,Historical Movement Subject,Synthetic Workforce Movement Generator
MOVEMENT-01268,HISTORICAL-EMPLOYEE-0743,Historical HR Employee 0743,Leave,2025-12-05,DEPARTMENT-001,HR,,,ORGANIZATIONAL-UNIT-HR,,,,Career opportunity,Yes,Historical Movement Subject,Synthetic Workforce Movement Generator
MOVEMENT-01269,EMP053,Zeeshan Abbasi,Promotion,2025-12-06,DEPARTMENT-001,HR,DEPARTMENT-001,HR,ORGANIZATIONAL-UNIT-HR,ORGANIZATIONAL-UNIT-HR,POS-053,HISTORICAL-PROMOTION-HR-16-01,Annual promotion cycle,No,Current Employee Record,Synthetic Workforce Movement Generator
MOVEMENT-01270,EMP222,Farhan Khan,Promotion,2025-12-17,DEPARTMENT-001,HR,DEPARTMENT-001,HR,ORGANIZATIONAL-UNIT-HR,ORGANIZATIONAL-UNIT-HR,POS-221,HISTORICAL-PROMOTION-HR-16-02,Annual promotion cycle,No,Current Employee Record,Synthetic Workforce Movement Generator
MOVEMENT-01271,EMP084,Zara Ullah,Promotion,2025-12-04,DEPARTMENT-001,HR,DEPARTMENT-001,HR,ORGANIZATIONAL-UNIT-HR,ORGANIZATIONAL-UNIT-HR,POS-084,HISTORICAL-PROMOTION-HR-16-03,Role expansion,No,Current Employee Record,Synthetic Workforce Movement Generator
MOVEMENT-01272,HISTORICAL-EMPLOYEE-0744,Historical Finance Employee 0744,Join,2025-12-19,,,DEPARTMENT-002,Finance,,ORGANIZATIONAL-UNIT-FIN,,,Growth hiring,No,Historical Movement Subject,Synthetic Workforce Movement Generator
MOVEMENT-01273,HISTORICAL-EMPLOYEE-0745,Historical Finance Employee 0745,Leave,2025-12-09,DEPARTMENT-002,Finance,,,ORGANIZATIONAL-UNIT-FIN,,,,Career opportunity,Yes,Historical Movement Subject,Synthetic Workforce Movement Generator
MOVEMENT-01274,EMP244,Saad Rauf,Promotion,2025-12-10,DEPARTMENT-002,Finance,DEPARTMENT-002,Finance,ORGANIZATIONAL-UNIT-FIN,ORGANIZATIONAL-UNIT-FIN,POS-242,HISTORICAL-PROMOTION-FIN-16-01,Annual promotion cycle,No,Current Employee Record,Synthetic Workforce Movement Generator
MOVEMENT-01275,EMP032,Laiba Mahmood,Join,2025-12-24,,,DEPARTMENT-003,Sales,,ORGANIZATIONAL-UNIT-SAL,,,Growth hiring,No,Current Employee Record,Synthetic Workforce Movement Generator
MOVEMENT-01276,HISTORICAL-EMPLOYEE-0746,Historical Sales Employee 0746,Join,2025-12-19,,,DEPARTMENT-003,Sales,,ORGANIZATIONAL-UNIT-SAL,,,Internship intake,No,Historical Movement Subject,Synthetic Workforce Movement Generator
MOVEMENT-01277,HISTORICAL-EMPLOYEE-0747,Historical Sales Employee 0747,Leave,2025-12-05,DEPARTMENT-003,Sales,,,ORGANIZATIONAL-UNIT-SAL,,,,Contract completion,No,Historical Movement Subject,Synthetic Workforce Movement Generator
MOVEMENT-01278,EMP061,Asad Bashir,Promotion,2025-12-14,DEPARTMENT-003,Sales,DEPARTMENT-003,Sales,ORGANIZATIONAL-UNIT-SAL,ORGANIZATIONAL-UNIT-SAL,POS-061,HISTORICAL-PROMOTION-SAL-16-01,Annual promotion cycle,No,Current Employee Record,Synthetic Workforce Movement Generator
MOVEMENT-01279,EMP061,Asad Bashir,Promotion,2025-12-25,DEPARTMENT-003,Sales,DEPARTMENT-003,Sales,ORGANIZATIONAL-UNIT-SAL,ORGANIZATIONAL-UNIT-SAL,POS-061,HISTORICAL-PROMOTION-SAL-16-02,Annual promotion cycle,No,Current Employee Record,Synthetic Workforce Movement Generator
MOVEMENT-01280,EMP194,Shahid Ahmad,Join,2025-12-17,,,DEPARTMENT-004,Customer Support,,ORGANIZATIONAL-UNIT-CS,,,Internship intake,No,Current Employee Record,Synthetic Workforce Movement Generator
MOVEMENT-01281,HISTORICAL-EMPLOYEE-0748,Historical Customer Employee 0748,Join,2025-12-04,,,DEPARTMENT-004,Customer Support,,ORGANIZATIONAL-UNIT-CS,,,Internship intake,No,Historical Movement Subject,Synthetic Workforce Movement Generator
MOVEMENT-01282,HISTORICAL-EMPLOYEE-0749,Historical Customer Employee 0749,Join,2025-12-12,,,DEPARTMENT-004,Customer Support,,ORGANIZATIONAL-UNIT-CS,,,Internship intake,No,Historical Movement Subject,Synthetic Workforce Movement Generator
MOVEMENT-01283,HISTORICAL-EMPLOYEE-0750,Historical Engineering Employee 0750,Leave,2025-12-10,DEPARTMENT-005,Engineering,,,ORGANIZATIONAL-UNIT-ENG,,,,Retirement,Yes,Historical Movement Subject,Synthetic Workforce Movement Generator
MOVEMENT-01284,HISTORICAL-EMPLOYEE-0751,Historical Engineering Employee 0751,Leave,2025-12-09,DEPARTMENT-005,Engineering,,,ORGANIZATIONAL-UNIT-ENG,,,,Retirement,No,Historical Movement Subject,Synthetic Workforce Movement Generator
MOVEMENT-01285,EMP010,Salman Shah,Promotion,2025-12-02,DEPARTMENT-005,Engineering,DEPARTMENT-005,Engineering,ORGANIZATIONAL-UNIT-ENG,ORGANIZATIONAL-UNIT-ENG,POS-010,HISTORICAL-PROMOTION-ENG-16-01,Annual promotion cycle,No,Current Employee Record,Synthetic Workforce Movement Generator
MOVEMENT-01286,EMP010,Salman Shah,Promotion,2025-12-08,DEPARTMENT-005,Engineering,DEPARTMENT-005,Engineering,ORGANIZATIONAL-UNIT-ENG,ORGANIZATIONAL-UNIT-ENG,POS-010,HISTORICAL-PROMOTION-ENG-16-02,Annual promotion cycle,No,Current Employee Record,Synthetic Workforce Movement Generator
MOVEMENT-01287,EMP100,Rabia Javed,Promotion,2025-12-11,DEPARTMENT-005,Engineering,DEPARTMENT-005,Engineering,ORGANIZATIONAL-UNIT-ENG,ORGANIZATIONAL-UNIT-ENG,POS-100,HISTORICAL-PROMOTION-ENG-16-03,Role expansion,No,Current Employee Record,Synthetic Workforce Movement Generator
MOVEMENT-01288,EMP039,Kamran Hussain,Join,2025-12-20,,,DEPARTMENT-006,Operations,,ORGANIZATIONAL-UNIT-OPS,,,Internship intake,No,Current Employee Record,Synthetic Workforce Movement Generator
MOVEMENT-01289,EMP193,Zain Qureshi,Join,2025-12-11,,,DEPARTMENT-006,Operations,,ORGANIZATIONAL-UNIT-OPS,,,Replacement hire,No,Current Employee Record,Synthetic Workforce Movement Generator
MOVEMENT-01290,HISTORICAL-EMPLOYEE-0752,Historical Operations Employee 0752,Join,2025-12-17,,,DEPARTMENT-006,Operations,,ORGANIZATIONAL-UNIT-OPS,,,Growth hiring,No,Historical Movement Subject,Synthetic Workforce Movement Generator
MOVEMENT-01291,HISTORICAL-EMPLOYEE-0753,Historical Operations Employee 0753,Leave,2025-12-22,DEPARTMENT-006,Operations,,,ORGANIZATIONAL-UNIT-OPS,,,,Career opportunity,Yes,Historical Movement Subject,Synthetic Workforce Movement Generator
MOVEMENT-01292,HISTORICAL-EMPLOYEE-0754,Historical Operations Employee 0754,Leave,2025-12-05,DEPARTMENT-006,Operations,,,ORGANIZATIONAL-UNIT-OPS,,,,Contract completion,Yes,Historical Movement Subject,Synthetic Workforce Movement Generator
MOVEMENT-01293,HISTORICAL-EMPLOYEE-0755,Historical Operations Employee 0755,Leave,2025-12-10,DEPARTMENT-006,Operations,,,ORGANIZATIONAL-UNIT-OPS,,,,Resignation,No,Historical Movement Subject,Synthetic Workforce Movement Generator
MOVEMENT-01294,EMP193,Zain Qureshi,Promotion,2025-12-03,DEPARTMENT-006,Operations,DEPARTMENT-006,Operations,ORGANIZATIONAL-UNIT-OPS,ORGANIZATIONAL-UNIT-OPS,POS-193,HISTORICAL-PROMOTION-OPS-16-01,Annual promotion cycle,No,Current Employee Record,Synthetic Workforce Movement Generator
MOVEMENT-01295,EMP057,Raza Haider,Promotion,2025-12-10,DEPARTMENT-007,IT,DEPARTMENT-007,IT,ORGANIZATIONAL-UNIT-IT,ORGANIZATIONAL-UNIT-IT,POS-057,HISTORICAL-PROMOTION-IT-16-01,Annual promotion cycle,No,Current Employee Record,Synthetic Workforce Movement Generator
MOVEMENT-01296,EMP311,Junaid Zafar,Promotion,2025-12-10,DEPARTMENT-007,IT,DEPARTMENT-007,IT,ORGANIZATIONAL-UNIT-IT,ORGANIZATIONAL-UNIT-IT,POS-304,HISTORICAL-PROMOTION-IT-16-02,Merit promotion,No,Current Employee Record,Synthetic Workforce Movement Generator
MOVEMENT-01297,HISTORICAL-EMPLOYEE-0756,Historical Medical Employee 0756,Join,2025-12-08,,,DEPARTMENT-008,Medical Care,,ORGANIZATIONAL-UNIT-MED,,,Growth hiring,No,Historical Movement Subject,Synthetic Workforce Movement Generator
MOVEMENT-01298,HISTORICAL-EMPLOYEE-0757,Historical Medical Employee 0757,Join,2025-12-11,,,DEPARTMENT-008,Medical Care,,ORGANIZATIONAL-UNIT-MED,,,Internship intake,No,Historical Movement Subject,Synthetic Workforce Movement Generator
MOVEMENT-01299,HISTORICAL-EMPLOYEE-0758,Historical Medical Employee 0758,Join,2025-12-02,,,DEPARTMENT-008,Medical Care,,ORGANIZATIONAL-UNIT-MED,,,Internship intake,No,Historical Movement Subject,Synthetic Workforce Movement Generator
MOVEMENT-01300,HISTORICAL-EMPLOYEE-0759,Historical Medical Employee 0759,Join,2025-12-19,,,DEPARTMENT-008,Medical Care,,ORGANIZATIONAL-UNIT-MED,,,Internship intake,No,Historical Movement Subject,Synthetic Workforce Movement Generator
MOVEMENT-01301,HISTORICAL-EMPLOYEE-0760,Historical Medical Employee 0760,Join,2025-12-22,,,DEPARTMENT-008,Medical Care,,ORGANIZATIONAL-UNIT-MED,,,Internship intake,No,Historical Movement Subject,Synthetic Workforce Movement Generator
MOVEMENT-01302,HISTORICAL-EMPLOYEE-0761,Historical Medical Employee 0761,Join,2025-12-14,,,DEPARTMENT-008,Medical Care,,ORGANIZATIONAL-UNIT-MED,,,Approved recruitment plan,No,Historical Movement Subject,Synthetic Workforce Movement Generator
MOVEMENT-01303,HISTORICAL-EMPLOYEE-0762,Historical Medical Employee 0762,Leave,2025-12-09,DEPARTMENT-008,Medical Care,,,ORGANIZATIONAL-UNIT-MED,,,,Retirement,Yes,Historical Movement Subject,Synthetic Workforce Movement Generator
MOVEMENT-01304,HISTORICAL-EMPLOYEE-0763,Historical Medical Employee 0763,Leave,2025-12-16,DEPARTMENT-008,Medical Care,,,ORGANIZATIONAL-UNIT-MED,,,,Contract completion,Yes,Historical Movement Subject,Synthetic Workforce Movement Generator
MOVEMENT-01305,HISTORICAL-EMPLOYEE-0764,Historical Medical Employee 0764,Leave,2025-12-17,DEPARTMENT-008,Medical Care,,,ORGANIZATIONAL-UNIT-MED,,,,Retirement,Yes,Historical Movement Subject,Synthetic Workforce Movement Generator
MOVEMENT-01306,EMP335,Haris Rauf,Promotion,2025-12-06,DEPARTMENT-008,Medical Care,DEPARTMENT-008,Medical Care,ORGANIZATIONAL-UNIT-MED,ORGANIZATIONAL-UNIT-MED,POS-327,HISTORICAL-PROMOTION-MED-16-01,Annual promotion cycle,No,Current Employee Record,Synthetic Workforce Movement Generator
MOVEMENT-01307,EMP343,Taha Butt,Promotion,2025-12-08,DEPARTMENT-008,Medical Care,DEPARTMENT-008,Medical Care,ORGANIZATIONAL-UNIT-MED,ORGANIZATIONAL-UNIT-MED,POS-335,HISTORICAL-PROMOTION-MED-16-02,Role expansion,No,Current Employee Record,Synthetic Workforce Movement Generator
MOVEMENT-01308,EMP335,Haris Rauf,Promotion,2025-12-15,DEPARTMENT-008,Medical Care,DEPARTMENT-008,Medical Care,ORGANIZATIONAL-UNIT-MED,ORGANIZATIONAL-UNIT-MED,POS-327,HISTORICAL-PROMOTION-MED-16-03,Annual promotion cycle,No,Current Employee Record,Synthetic Workforce Movement Generator
MOVEMENT-01309,EMP396,Minal Ahmed,Join,2025-12-07,,,DEPARTMENT-009,Training & Development,,ORGANIZATIONAL-UNIT-TRN,,,Growth hiring,No,Current Employee Record,Synthetic Workforce Movement Generator
MOVEMENT-01310,HISTORICAL-EMPLOYEE-0765,Historical Training Employee 0765,Join,2025-12-18,,,DEPARTMENT-009,Training & Development,,ORGANIZATIONAL-UNIT-TRN,,,Internship intake,No,Historical Movement Subject,Synthetic Workforce Movement Generator
MOVEMENT-01311,HISTORICAL-EMPLOYEE-0766,Historical Training Employee 0766,Join,2025-12-18,,,DEPARTMENT-009,Training & Development,,ORGANIZATIONAL-UNIT-TRN,,,Growth hiring,No,Historical Movement Subject,Synthetic Workforce Movement Generator
MOVEMENT-01312,HISTORICAL-EMPLOYEE-0767,Historical Training Employee 0767,Join,2025-12-07,,,DEPARTMENT-009,Training & Development,,ORGANIZATIONAL-UNIT-TRN,,,Approved recruitment plan,No,Historical Movement Subject,Synthetic Workforce Movement Generator
MOVEMENT-01313,HISTORICAL-EMPLOYEE-0768,Historical Training Employee 0768,Leave,2025-12-12,DEPARTMENT-009,Training & Development,,,ORGANIZATIONAL-UNIT-TRN,,,,Resignation,Yes,Historical Movement Subject,Synthetic Workforce Movement Generator
MOVEMENT-01314,EMP378,Anam Qureshi,Promotion,2025-12-03,DEPARTMENT-009,Training & Development,DEPARTMENT-009,Training & Development,ORGANIZATIONAL-UNIT-TRN,ORGANIZATIONAL-UNIT-TRN,POS-369,HISTORICAL-PROMOTION-TRN-16-01,Merit promotion,No,Current Employee Record,Synthetic Workforce Movement Generator
MOVEMENT-01315,EMP439,Imran Shah,Join,2025-12-14,,,DEPARTMENT-010,Administration & Facilities,,ORGANIZATIONAL-UNIT-ADM,,,Growth hiring,No,Current Employee Record,Synthetic Workforce Movement Generator
MOVEMENT-01316,EMP450,Sana Baig,Join,2025-12-03,,,DEPARTMENT-010,Administration & Facilities,,ORGANIZATIONAL-UNIT-ADM,,,Internship intake,No,Current Employee Record,Synthetic Workforce Movement Generator
MOVEMENT-01317,HISTORICAL-EMPLOYEE-0769,Historical Administration Employee 0769,Join,2025-12-14,,,DEPARTMENT-010,Administration & Facilities,,ORGANIZATIONAL-UNIT-ADM,,,Approved recruitment plan,No,Historical Movement Subject,Synthetic Workforce Movement Generator
MOVEMENT-01318,HISTORICAL-EMPLOYEE-0770,Historical Administration Employee 0770,Join,2025-12-18,,,DEPARTMENT-010,Administration & Facilities,,ORGANIZATIONAL-UNIT-ADM,,,Replacement hire,No,Historical Movement Subject,Synthetic Workforce Movement Generator
MOVEMENT-01319,HISTORICAL-EMPLOYEE-0771,Historical Administration Employee 0771,Join,2025-12-25,,,DEPARTMENT-010,Administration & Facilities,,ORGANIZATIONAL-UNIT-ADM,,,Growth hiring,No,Historical Movement Subject,Synthetic Workforce Movement Generator
MOVEMENT-01320,HISTORICAL-EMPLOYEE-0772,Historical Administration Employee 0772,Leave,2025-12-08,DEPARTMENT-010,Administration & Facilities,,,ORGANIZATIONAL-UNIT-ADM,,,,Contract completion,Yes,Historical Movement Subject,Synthetic Workforce Movement Generator
MOVEMENT-01321,HISTORICAL-EMPLOYEE-0773,Historical Administration Employee 0773,Leave,2025-12-10,DEPARTMENT-010,Administration & Facilities,,,ORGANIZATIONAL-UNIT-ADM,,,,Retirement,Yes,Historical Movement Subject,Synthetic Workforce Movement Generator
MOVEMENT-01322,HISTORICAL-EMPLOYEE-0774,Historical Administration Employee 0774,Leave,2025-12-13,DEPARTMENT-010,Administration & Facilities,,,ORGANIZATIONAL-UNIT-ADM,,,,Career opportunity,Yes,Historical Movement Subject,Synthetic Workforce Movement Generator
MOVEMENT-01323,EMP432,Kinza Hashmi,Promotion,2025-12-05,DEPARTMENT-010,Administration & Facilities,DEPARTMENT-010,Administration & Facilities,ORGANIZATIONAL-UNIT-ADM,ORGANIZATIONAL-UNIT-ADM,POS-422,HISTORICAL-PROMOTION-ADM-16-01,Merit promotion,No,Current Employee Record,Synthetic Workforce Movement Generator
MOVEMENT-01324,EMP435,Kamran Sultan,Promotion,2025-12-24,DEPARTMENT-010,Administration & Facilities,DEPARTMENT-010,Administration & Facilities,ORGANIZATIONAL-UNIT-ADM,ORGANIZATIONAL-UNIT-ADM,POS-425,HISTORICAL-PROMOTION-ADM-16-02,Role expansion,No,Current Employee Record,Synthetic Workforce Movement Generator
MOVEMENT-01325,EMP420,Imran Faisal,Promotion,2025-12-10,DEPARTMENT-010,Administration & Facilities,DEPARTMENT-010,Administration & Facilities,ORGANIZATIONAL-UNIT-ADM,ORGANIZATIONAL-UNIT-ADM,POS-410,HISTORICAL-PROMOTION-ADM-16-03,Merit promotion,No,Current Employee Record,Synthetic Workforce Movement Generator
MOVEMENT-01326,HISTORICAL-EMPLOYEE-0775,Historical Legal Employee 0775,Join,2025-12-02,,,DEPARTMENT-011,Legal & Compliance,,ORGANIZATIONAL-UNIT-LGL,,,Internship intake,No,Historical Movement Subject,Synthetic Workforce Movement Generator
MOVEMENT-01327,EMP486,Junaid Nadeem,Promotion,2025-12-21,DEPARTMENT-011,Legal & Compliance,DEPARTMENT-011,Legal & Compliance,ORGANIZATIONAL-UNIT-LGL,ORGANIZATIONAL-UNIT-LGL,POS-475,HISTORICAL-PROMOTION-LGL-16-01,Merit promotion,No,Current Employee Record,Synthetic Workforce Movement Generator
MOVEMENT-01328,HISTORICAL-EMPLOYEE-0776,Historical Procurement Employee 0776,Join,2025-12-21,,,DEPARTMENT-012,Procurement & Supply Chain,,ORGANIZATIONAL-UNIT-PRC,,,Internship intake,No,Historical Movement Subject,Synthetic Workforce Movement Generator
MOVEMENT-01329,HISTORICAL-EMPLOYEE-0777,Historical Procurement Employee 0777,Leave,2025-12-09,DEPARTMENT-012,Procurement & Supply Chain,,,ORGANIZATIONAL-UNIT-PRC,,,,Resignation,Yes,Historical Movement Subject,Synthetic Workforce Movement Generator
MOVEMENT-01330,HISTORICAL-EMPLOYEE-0778,Historical Procurement Employee 0778,Leave,2025-12-19,DEPARTMENT-012,Procurement & Supply Chain,,,ORGANIZATIONAL-UNIT-PRC,,,,Retirement,Yes,Historical Movement Subject,Synthetic Workforce Movement Generator
MOVEMENT-01331,HISTORICAL-EMPLOYEE-0779,Historical Procurement Employee 0779,Leave,2025-12-12,DEPARTMENT-012,Procurement & Supply Chain,,,ORGANIZATIONAL-UNIT-PRC,,,,Retirement,Yes,Historical Movement Subject,Synthetic Workforce Movement Generator
MOVEMENT-01332,EMP525,Imran Nasir,Promotion,2025-12-12,DEPARTMENT-012,Procurement & Supply Chain,DEPARTMENT-012,Procurement & Supply Chain,ORGANIZATIONAL-UNIT-PRC,ORGANIZATIONAL-UNIT-PRC,POS-513,HISTORICAL-PROMOTION-PRC-16-01,Role expansion,No,Current Employee Record,Synthetic Workforce Movement Generator
MOVEMENT-01333,HISTORICAL-EMPLOYEE-0780,Historical Logistics Employee 0780,Join,2025-12-12,,,DEPARTMENT-013,Logistics & Warehouse,,ORGANIZATIONAL-UNIT-LOG,,,Replacement hire,No,Historical Movement Subject,Synthetic Workforce Movement Generator
MOVEMENT-01334,HISTORICAL-EMPLOYEE-0781,Historical Logistics Employee 0781,Join,2025-12-21,,,DEPARTMENT-013,Logistics & Warehouse,,ORGANIZATIONAL-UNIT-LOG,,,Approved recruitment plan,No,Historical Movement Subject,Synthetic Workforce Movement Generator
MOVEMENT-01335,HISTORICAL-EMPLOYEE-0782,Historical Logistics Employee 0782,Join,2025-12-17,,,DEPARTMENT-013,Logistics & Warehouse,,ORGANIZATIONAL-UNIT-LOG,,,Internship intake,No,Historical Movement Subject,Synthetic Workforce Movement Generator
MOVEMENT-01336,HISTORICAL-EMPLOYEE-0783,Historical Logistics Employee 0783,Leave,2025-12-17,DEPARTMENT-013,Logistics & Warehouse,,,ORGANIZATIONAL-UNIT-LOG,,,,Career opportunity,No,Historical Movement Subject,Synthetic Workforce Movement Generator
MOVEMENT-01337,HISTORICAL-EMPLOYEE-0784,Historical Logistics Employee 0784,Leave,2025-12-08,DEPARTMENT-013,Logistics & Warehouse,,,ORGANIZATIONAL-UNIT-LOG,,,,Resignation,Yes,Historical Movement Subject,Synthetic Workforce Movement Generator
MOVEMENT-01338,EMP559,Minal Qureshi,Promotion,2025-12-21,DEPARTMENT-013,Logistics & Warehouse,DEPARTMENT-013,Logistics & Warehouse,ORGANIZATIONAL-UNIT-LOG,ORGANIZATIONAL-UNIT-LOG,POS-546,HISTORICAL-PROMOTION-LOG-16-01,Role expansion,No,Current Employee Record,Synthetic Workforce Movement Generator
MOVEMENT-01339,EMP566,Talha Ismail,Promotion,2025-12-14,DEPARTMENT-013,Logistics & Warehouse,DEPARTMENT-013,Logistics & Warehouse,ORGANIZATIONAL-UNIT-LOG,ORGANIZATIONAL-UNIT-LOG,POS-553,HISTORICAL-PROMOTION-LOG-16-02,Role expansion,No,Current Employee Record,Synthetic Workforce Movement Generator
MOVEMENT-01340,EMP630,Saba Dar,Join,2025-12-15,,,DEPARTMENT-014,Production & Manufacturing,,ORGANIZATIONAL-UNIT-PRD,,,Growth hiring,No,Current Employee Record,Synthetic Workforce Movement Generator
MOVEMENT-01341,HISTORICAL-EMPLOYEE-0785,Historical Quality Employee 0785,Leave,2025-12-21,DEPARTMENT-015,Quality Assurance,,,ORGANIZATIONAL-UNIT-QAS,,,,Career opportunity,Yes,Historical Movement Subject,Synthetic Workforce Movement Generator
MOVEMENT-01342,EMP670,Kinza Aziz,Promotion,2025-12-09,DEPARTMENT-015,Quality Assurance,DEPARTMENT-015,Quality Assurance,ORGANIZATIONAL-UNIT-QAS,ORGANIZATIONAL-UNIT-QAS,POS-655,HISTORICAL-PROMOTION-QAS-16-01,Merit promotion,No,Current Employee Record,Synthetic Workforce Movement Generator
MOVEMENT-01343,EMP708,Maryam Akhtar,Join,2025-12-07,,,DEPARTMENT-016,Research & Development,,ORGANIZATIONAL-UNIT-RND,,,Replacement hire,No,Current Employee Record,Synthetic Workforce Movement Generator
MOVEMENT-01344,HISTORICAL-EMPLOYEE-0786,Historical Research Employee 0786,Leave,2025-12-05,DEPARTMENT-016,Research & Development,,,ORGANIZATIONAL-UNIT-RND,,,,Retirement,Yes,Historical Movement Subject,Synthetic Workforce Movement Generator
MOVEMENT-01345,EMP704,Minal Sultan,Promotion,2025-12-12,DEPARTMENT-016,Research & Development,DEPARTMENT-016,Research & Development,ORGANIZATIONAL-UNIT-RND,ORGANIZATIONAL-UNIT-RND,POS-688,HISTORICAL-PROMOTION-RND-16-01,Annual promotion cycle,No,Current Employee Record,Synthetic Workforce Movement Generator
MOVEMENT-01346,EMP263,Anusha Rauf,Transfer,2026-01-06,DEPARTMENT-004,Customer Support,DEPARTMENT-010,Administration & Facilities,ORGANIZATIONAL-UNIT-CS,ORGANIZATIONAL-UNIT-ADM,POS-259,HISTORICAL-DESTINATION-ADM-17,Career development,Yes,Current Employee Record,Synthetic Workforce Movement Generator
MOVEMENT-01347,EMP394,Usman Ansari,Transfer,2026-01-23,DEPARTMENT-009,Training & Development,DEPARTMENT-010,Administration & Facilities,ORGANIZATIONAL-UNIT-TRN,ORGANIZATIONAL-UNIT-ADM,POS-385,HISTORICAL-DESTINATION-ADM-17,Career development,Yes,Current Employee Record,Synthetic Workforce Movement Generator
MOVEMENT-01348,EMP096,Ayesha Abbasi,Transfer,2026-01-14,DEPARTMENT-003,Sales,DEPARTMENT-015,Quality Assurance,ORGANIZATIONAL-UNIT-SAL,ORGANIZATIONAL-UNIT-QAS,POS-096,HISTORICAL-DESTINATION-QAS-17,Business requirement,Yes,Current Employee Record,Synthetic Workforce Movement Generator
MOVEMENT-01349,EMP444,Ahmed Latif,Transfer,2026-01-02,DEPARTMENT-010,Administration & Facilities,DEPARTMENT-008,Medical Care,ORGANIZATIONAL-UNIT-ADM,ORGANIZATIONAL-UNIT-MED,POS-434,HISTORICAL-DESTINATION-MED-17,Workforce balancing,Yes,Current Employee Record,Synthetic Workforce Movement Generator
MOVEMENT-01350,EMP466,Kashif Saleem,Transfer,2026-01-06,DEPARTMENT-011,Legal & Compliance,DEPARTMENT-004,Customer Support,ORGANIZATIONAL-UNIT-LGL,ORGANIZATIONAL-UNIT-CS,POS-455,HISTORICAL-DESTINATION-CS-17,Business requirement,Yes,Current Employee Record,Synthetic Workforce Movement Generator
MOVEMENT-01351,EMP351,Talha Shah,Transfer,2026-01-19,DEPARTMENT-008,Medical Care,DEPARTMENT-002,Finance,ORGANIZATIONAL-UNIT-MED,ORGANIZATIONAL-UNIT-FIN,POS-343,HISTORICAL-DESTINATION-FIN-17,Workforce balancing,Yes,Current Employee Record,Synthetic Workforce Movement Generator
MOVEMENT-01352,HISTORICAL-EMPLOYEE-0787,Historical HR Employee 0787,Join,2026-01-07,,,DEPARTMENT-001,HR,,ORGANIZATIONAL-UNIT-HR,,,Growth hiring,No,Historical Movement Subject,Synthetic Workforce Movement Generator
MOVEMENT-01353,HISTORICAL-EMPLOYEE-0788,Historical HR Employee 0788,Join,2026-01-14,,,DEPARTMENT-001,HR,,ORGANIZATIONAL-UNIT-HR,,,Replacement hire,No,Historical Movement Subject,Synthetic Workforce Movement Generator
MOVEMENT-01354,HISTORICAL-EMPLOYEE-0789,Historical HR Employee 0789,Leave,2026-01-15,DEPARTMENT-001,HR,,,ORGANIZATIONAL-UNIT-HR,,,,Resignation,Yes,Historical Movement Subject,Synthetic Workforce Movement Generator
MOVEMENT-01355,HISTORICAL-EMPLOYEE-0790,Historical HR Employee 0790,Leave,2026-01-20,DEPARTMENT-001,HR,,,ORGANIZATIONAL-UNIT-HR,,,,Resignation,No,Historical Movement Subject,Synthetic Workforce Movement Generator
MOVEMENT-01356,EMP130,Waqas Siddiqui,Promotion,2026-01-23,DEPARTMENT-001,HR,DEPARTMENT-001,HR,ORGANIZATIONAL-UNIT-HR,ORGANIZATIONAL-UNIT-HR,POS-130,HISTORICAL-PROMOTION-HR-17-01,Annual promotion cycle,No,Current Employee Record,Synthetic Workforce Movement Generator
MOVEMENT-01357,EMP066,Ali Gill,Promotion,2026-01-09,DEPARTMENT-001,HR,DEPARTMENT-001,HR,ORGANIZATIONAL-UNIT-HR,ORGANIZATIONAL-UNIT-HR,POS-066,HISTORICAL-PROMOTION-HR-17-02,Role expansion,No,Current Employee Record,Synthetic Workforce Movement Generator
MOVEMENT-01358,EMP106,Hina Saleem,Promotion,2026-01-05,DEPARTMENT-001,HR,DEPARTMENT-001,HR,ORGANIZATIONAL-UNIT-HR,ORGANIZATIONAL-UNIT-HR,POS-106,HISTORICAL-PROMOTION-HR-17-03,Merit promotion,No,Current Employee Record,Synthetic Workforce Movement Generator
MOVEMENT-01359,HISTORICAL-EMPLOYEE-0791,Historical Finance Employee 0791,Leave,2026-01-24,DEPARTMENT-002,Finance,,,ORGANIZATIONAL-UNIT-FIN,,,,Career opportunity,Yes,Historical Movement Subject,Synthetic Workforce Movement Generator
MOVEMENT-01360,EMP243,Mehwish Khalid,Promotion,2026-01-08,DEPARTMENT-002,Finance,DEPARTMENT-002,Finance,ORGANIZATIONAL-UNIT-FIN,ORGANIZATIONAL-UNIT-FIN,POS-241,HISTORICAL-PROMOTION-FIN-17-01,Merit promotion,No,Current Employee Record,Synthetic Workforce Movement Generator
MOVEMENT-01361,EMP237,Areeba Munir,Promotion,2026-01-04,DEPARTMENT-002,Finance,DEPARTMENT-002,Finance,ORGANIZATIONAL-UNIT-FIN,ORGANIZATIONAL-UNIT-FIN,POS-235,HISTORICAL-PROMOTION-FIN-17-02,Annual promotion cycle,No,Current Employee Record,Synthetic Workforce Movement Generator
MOVEMENT-01362,HISTORICAL-EMPLOYEE-0792,Historical Sales Employee 0792,Leave,2026-01-24,DEPARTMENT-003,Sales,,,ORGANIZATIONAL-UNIT-SAL,,,,Resignation,Yes,Historical Movement Subject,Synthetic Workforce Movement Generator
MOVEMENT-01363,HISTORICAL-EMPLOYEE-0793,Historical Sales Employee 0793,Leave,2026-01-02,DEPARTMENT-003,Sales,,,ORGANIZATIONAL-UNIT-SAL,,,,Resignation,Yes,Historical Movement Subject,Synthetic Workforce Movement Generator
MOVEMENT-01364,EMP255,Rabia Rashid,Promotion,2026-01-25,DEPARTMENT-003,Sales,DEPARTMENT-003,Sales,ORGANIZATIONAL-UNIT-SAL,ORGANIZATIONAL-UNIT-SAL,POS-252,HISTORICAL-PROMOTION-SAL-17-01,Merit promotion,No,Current Employee Record,Synthetic Workforce Movement Generator
MOVEMENT-01365,EMP109,Ali Farooq,Promotion,2026-01-04,DEPARTMENT-003,Sales,DEPARTMENT-003,Sales,ORGANIZATIONAL-UNIT-SAL,ORGANIZATIONAL-UNIT-SAL,POS-109,HISTORICAL-PROMOTION-SAL-17-02,Role expansion,No,Current Employee Record,Synthetic Workforce Movement Generator
MOVEMENT-01366,EMP255,Rabia Rashid,Promotion,2026-01-09,DEPARTMENT-003,Sales,DEPARTMENT-003,Sales,ORGANIZATIONAL-UNIT-SAL,ORGANIZATIONAL-UNIT-SAL,POS-252,HISTORICAL-PROMOTION-SAL-17-03,Annual promotion cycle,No,Current Employee Record,Synthetic Workforce Movement Generator
MOVEMENT-01367,EMP266,Maryam Khalid,Join,2026-01-16,,,DEPARTMENT-004,Customer Support,,ORGANIZATIONAL-UNIT-CS,,,Growth hiring,No,Current Employee Record,Synthetic Workforce Movement Generator
MOVEMENT-01368,HISTORICAL-EMPLOYEE-0794,Historical Customer Employee 0794,Leave,2026-01-14,DEPARTMENT-004,Customer Support,,,ORGANIZATIONAL-UNIT-CS,,,,Retirement,Yes,Historical Movement Subject,Synthetic Workforce Movement Generator
MOVEMENT-01369,HISTORICAL-EMPLOYEE-0795,Historical Customer Employee 0795,Leave,2026-01-15,DEPARTMENT-004,Customer Support,,,ORGANIZATIONAL-UNIT-CS,,,,Retirement,Yes,Historical Movement Subject,Synthetic Workforce Movement Generator
MOVEMENT-01370,HISTORICAL-EMPLOYEE-0796,Historical Customer Employee 0796,Leave,2026-01-19,DEPARTMENT-004,Customer Support,,,ORGANIZATIONAL-UNIT-CS,,,,Contract completion,Yes,Historical Movement Subject,Synthetic Workforce Movement Generator
MOVEMENT-01371,EMP262,Omar Riaz,Promotion,2026-01-22,DEPARTMENT-004,Customer Support,DEPARTMENT-004,Customer Support,ORGANIZATIONAL-UNIT-CS,ORGANIZATIONAL-UNIT-CS,POS-258,HISTORICAL-PROMOTION-CS-17-01,Merit promotion,No,Current Employee Record,Synthetic Workforce Movement Generator
MOVEMENT-01372,EMP017,Amir Haider,Promotion,2026-01-23,DEPARTMENT-004,Customer Support,DEPARTMENT-004,Customer Support,ORGANIZATIONAL-UNIT-CS,ORGANIZATIONAL-UNIT-CS,POS-017,HISTORICAL-PROMOTION-CS-17-02,Annual promotion cycle,No,Current Employee Record,Synthetic Workforce Movement Generator
MOVEMENT-01373,EMP150,Sana Nawaz,Promotion,2026-01-07,DEPARTMENT-004,Customer Support,DEPARTMENT-004,Customer Support,ORGANIZATIONAL-UNIT-CS,ORGANIZATIONAL-UNIT-CS,POS-150,HISTORICAL-PROMOTION-CS-17-03,Role expansion,No,Current Employee Record,Synthetic Workforce Movement Generator
MOVEMENT-01374,EMP275,Fatima Saeed,Join,2026-01-10,,,DEPARTMENT-005,Engineering,,ORGANIZATIONAL-UNIT-ENG,,,Growth hiring,No,Current Employee Record,Synthetic Workforce Movement Generator
MOVEMENT-01375,HISTORICAL-EMPLOYEE-0797,Historical Engineering Employee 0797,Join,2026-01-06,,,DEPARTMENT-005,Engineering,,ORGANIZATIONAL-UNIT-ENG,,,Internship intake,No,Historical Movement Subject,Synthetic Workforce Movement Generator
MOVEMENT-01376,EMP273,Haris Ejaz,Promotion,2026-01-05,DEPARTMENT-005,Engineering,DEPARTMENT-005,Engineering,ORGANIZATIONAL-UNIT-ENG,ORGANIZATIONAL-UNIT-ENG,POS-268,HISTORICAL-PROMOTION-ENG-17-01,Role expansion,No,Current Employee Record,Synthetic Workforce Movement Generator
MOVEMENT-01377,HISTORICAL-EMPLOYEE-0798,Historical Operations Employee 0798,Join,2026-01-17,,,DEPARTMENT-006,Operations,,ORGANIZATIONAL-UNIT-OPS,,,Growth hiring,No,Historical Movement Subject,Synthetic Workforce Movement Generator
MOVEMENT-01378,HISTORICAL-EMPLOYEE-0799,Historical Operations Employee 0799,Join,2026-01-08,,,DEPARTMENT-006,Operations,,ORGANIZATIONAL-UNIT-OPS,,,Replacement hire,No,Historical Movement Subject,Synthetic Workforce Movement Generator
MOVEMENT-01379,HISTORICAL-EMPLOYEE-0800,Historical Operations Employee 0800,Join,2026-01-11,,,DEPARTMENT-006,Operations,,ORGANIZATIONAL-UNIT-OPS,,,Internship intake,No,Historical Movement Subject,Synthetic Workforce Movement Generator
MOVEMENT-01380,HISTORICAL-EMPLOYEE-0801,Historical Operations Employee 0801,Join,2026-01-09,,,DEPARTMENT-006,Operations,,ORGANIZATIONAL-UNIT-OPS,,,Approved recruitment plan,No,Historical Movement Subject,Synthetic Workforce Movement Generator
MOVEMENT-01381,HISTORICAL-EMPLOYEE-0802,Historical Operations Employee 0802,Leave,2026-01-13,DEPARTMENT-006,Operations,,,ORGANIZATIONAL-UNIT-OPS,,,,Contract completion,No,Historical Movement Subject,Synthetic Workforce Movement Generator
MOVEMENT-01382,HISTORICAL-EMPLOYEE-0803,Historical Operations Employee 0803,Leave,2026-01-02,DEPARTMENT-006,Operations,,,ORGANIZATIONAL-UNIT-OPS,,,,Retirement,Yes,Historical Movement Subject,Synthetic Workforce Movement Generator
MOVEMENT-01383,HISTORICAL-EMPLOYEE-0804,Historical Operations Employee 0804,Leave,2026-01-10,DEPARTMENT-006,Operations,,,ORGANIZATIONAL-UNIT-OPS,,,,Career opportunity,Yes,Historical Movement Subject,Synthetic Workforce Movement Generator
MOVEMENT-01384,EMP181,Saad Yousaf,Promotion,2026-01-20,DEPARTMENT-006,Operations,DEPARTMENT-006,Operations,ORGANIZATIONAL-UNIT-OPS,ORGANIZATIONAL-UNIT-OPS,POS-181,HISTORICAL-PROMOTION-OPS-17-01,Role expansion,No,Current Employee Record,Synthetic Workforce Movement Generator
MOVEMENT-01385,EMP057,Raza Haider,Join,2026-01-18,,,DEPARTMENT-007,IT,,ORGANIZATIONAL-UNIT-IT,,,Internship intake,No,Current Employee Record,Synthetic Workforce Movement Generator
MOVEMENT-01386,HISTORICAL-EMPLOYEE-0805,Historical IT Employee 0805,Join,2026-01-14,,,DEPARTMENT-007,IT,,ORGANIZATIONAL-UNIT-IT,,,Approved recruitment plan,No,Historical Movement Subject,Synthetic Workforce Movement Generator
MOVEMENT-01387,HISTORICAL-EMPLOYEE-0806,Historical IT Employee 0806,Join,2026-01-03,,,DEPARTMENT-007,IT,,ORGANIZATIONAL-UNIT-IT,,,Approved recruitment plan,No,Historical Movement Subject,Synthetic Workforce Movement Generator
MOVEMENT-01388,HISTORICAL-EMPLOYEE-0807,Historical IT Employee 0807,Leave,2026-01-20,DEPARTMENT-007,IT,,,ORGANIZATIONAL-UNIT-IT,,,,Retirement,Yes,Historical Movement Subject,Synthetic Workforce Movement Generator
MOVEMENT-01389,HISTORICAL-EMPLOYEE-0808,Historical IT Employee 0808,Leave,2026-01-10,DEPARTMENT-007,IT,,,ORGANIZATIONAL-UNIT-IT,,,,Resignation,Yes,Historical Movement Subject,Synthetic Workforce Movement Generator
MOVEMENT-01390,HISTORICAL-EMPLOYEE-0809,Historical IT Employee 0809,Leave,2026-01-09,DEPARTMENT-007,IT,,,ORGANIZATIONAL-UNIT-IT,,,,Resignation,No,Historical Movement Subject,Synthetic Workforce Movement Generator
MOVEMENT-01391,EMP296,Fahad Aziz,Promotion,2026-01-03,DEPARTMENT-007,IT,DEPARTMENT-007,IT,ORGANIZATIONAL-UNIT-IT,ORGANIZATIONAL-UNIT-IT,POS-289,HISTORICAL-PROMOTION-IT-17-01,Annual promotion cycle,No,Current Employee Record,Synthetic Workforce Movement Generator
MOVEMENT-01392,EMP306,Imran Hameed,Promotion,2026-01-07,DEPARTMENT-007,IT,DEPARTMENT-007,IT,ORGANIZATIONAL-UNIT-IT,ORGANIZATIONAL-UNIT-IT,POS-299,HISTORICAL-PROMOTION-IT-17-02,Annual promotion cycle,No,Current Employee Record,Synthetic Workforce Movement Generator
MOVEMENT-01393,EMP353,Nida Latif,Join,2026-01-14,,,DEPARTMENT-008,Medical Care,,ORGANIZATIONAL-UNIT-MED,,,Growth hiring,No,Current Employee Record,Synthetic Workforce Movement Generator
MOVEMENT-01394,HISTORICAL-EMPLOYEE-0810,Historical Medical Employee 0810,Leave,2026-01-02,DEPARTMENT-008,Medical Care,,,ORGANIZATIONAL-UNIT-MED,,,,Resignation,Yes,Historical Movement Subject,Synthetic Workforce Movement Generator
MOVEMENT-01395,EMP328,Raza Javed,Promotion,2026-01-24,DEPARTMENT-008,Medical Care,DEPARTMENT-008,Medical Care,ORGANIZATIONAL-UNIT-MED,ORGANIZATIONAL-UNIT-MED,POS-320,HISTORICAL-PROMOTION-MED-17-01,Annual promotion cycle,No,Current Employee Record,Synthetic Workforce Movement Generator
MOVEMENT-01396,HISTORICAL-EMPLOYEE-0811,Historical Training Employee 0811,Join,2026-01-16,,,DEPARTMENT-009,Training & Development,,ORGANIZATIONAL-UNIT-TRN,,,Replacement hire,No,Historical Movement Subject,Synthetic Workforce Movement Generator
MOVEMENT-01397,EMP374,Iqra Habib,Promotion,2026-01-18,DEPARTMENT-009,Training & Development,DEPARTMENT-009,Training & Development,ORGANIZATIONAL-UNIT-TRN,ORGANIZATIONAL-UNIT-TRN,POS-365,HISTORICAL-PROMOTION-TRN-17-01,Merit promotion,No,Current Employee Record,Synthetic Workforce Movement Generator
MOVEMENT-01398,HISTORICAL-EMPLOYEE-0812,Historical Administration Employee 0812,Leave,2026-01-04,DEPARTMENT-010,Administration & Facilities,,,ORGANIZATIONAL-UNIT-ADM,,,,Contract completion,Yes,Historical Movement Subject,Synthetic Workforce Movement Generator
MOVEMENT-01399,HISTORICAL-EMPLOYEE-0813,Historical Administration Employee 0813,Leave,2026-01-07,DEPARTMENT-010,Administration & Facilities,,,ORGANIZATIONAL-UNIT-ADM,,,,Contract completion,Yes,Historical Movement Subject,Synthetic Workforce Movement Generator
MOVEMENT-01400,EMP485,Sana Nadeem,Join,2026-01-24,,,DEPARTMENT-011,Legal & Compliance,,ORGANIZATIONAL-UNIT-LGL,,,Approved recruitment plan,No,Current Employee Record,Synthetic Workforce Movement Generator
MOVEMENT-01401,HISTORICAL-EMPLOYEE-0814,Historical Legal Employee 0814,Join,2026-01-06,,,DEPARTMENT-011,Legal & Compliance,,ORGANIZATIONAL-UNIT-LGL,,,Approved recruitment plan,No,Historical Movement Subject,Synthetic Workforce Movement Generator
MOVEMENT-01402,HISTORICAL-EMPLOYEE-0815,Historical Legal Employee 0815,Join,2026-01-14,,,DEPARTMENT-011,Legal & Compliance,,ORGANIZATIONAL-UNIT-LGL,,,Growth hiring,No,Historical Movement Subject,Synthetic Workforce Movement Generator
MOVEMENT-01403,HISTORICAL-EMPLOYEE-0816,Historical Legal Employee 0816,Join,2026-01-24,,,DEPARTMENT-011,Legal & Compliance,,ORGANIZATIONAL-UNIT-LGL,,,Approved recruitment plan,No,Historical Movement Subject,Synthetic Workforce Movement Generator
MOVEMENT-01404,HISTORICAL-EMPLOYEE-0817,Historical Legal Employee 0817,Leave,2026-01-06,DEPARTMENT-011,Legal & Compliance,,,ORGANIZATIONAL-UNIT-LGL,,,,Retirement,Yes,Historical Movement Subject,Synthetic Workforce Movement Generator
MOVEMENT-01405,HISTORICAL-EMPLOYEE-0818,Historical Legal Employee 0818,Leave,2026-01-12,DEPARTMENT-011,Legal & Compliance,,,ORGANIZATIONAL-UNIT-LGL,,,,Retirement,No,Historical Movement Subject,Synthetic Workforce Movement Generator
MOVEMENT-01406,HISTORICAL-EMPLOYEE-0819,Historical Legal Employee 0819,Leave,2026-01-18,DEPARTMENT-011,Legal & Compliance,,,ORGANIZATIONAL-UNIT-LGL,,,,Retirement,Yes,Historical Movement Subject,Synthetic Workforce Movement Generator
MOVEMENT-01407,EMP485,Sana Nadeem,Promotion,2026-01-19,DEPARTMENT-011,Legal & Compliance,DEPARTMENT-011,Legal & Compliance,ORGANIZATIONAL-UNIT-LGL,ORGANIZATIONAL-UNIT-LGL,POS-474,HISTORICAL-PROMOTION-LGL-17-01,Role expansion,No,Current Employee Record,Synthetic Workforce Movement Generator
MOVEMENT-01408,EMP525,Imran Nasir,Promotion,2026-01-16,DEPARTMENT-012,Procurement & Supply Chain,DEPARTMENT-012,Procurement & Supply Chain,ORGANIZATIONAL-UNIT-PRC,ORGANIZATIONAL-UNIT-PRC,POS-513,HISTORICAL-PROMOTION-PRC-17-01,Role expansion,No,Current Employee Record,Synthetic Workforce Movement Generator
MOVEMENT-01409,HISTORICAL-EMPLOYEE-0820,Historical Logistics Employee 0820,Join,2026-01-18,,,DEPARTMENT-013,Logistics & Warehouse,,ORGANIZATIONAL-UNIT-LOG,,,Growth hiring,No,Historical Movement Subject,Synthetic Workforce Movement Generator
MOVEMENT-01410,HISTORICAL-EMPLOYEE-0821,Historical Logistics Employee 0821,Leave,2026-01-23,DEPARTMENT-013,Logistics & Warehouse,,,ORGANIZATIONAL-UNIT-LOG,,,,Retirement,No,Historical Movement Subject,Synthetic Workforce Movement Generator
MOVEMENT-01411,HISTORICAL-EMPLOYEE-0822,Historical Logistics Employee 0822,Leave,2026-01-19,DEPARTMENT-013,Logistics & Warehouse,,,ORGANIZATIONAL-UNIT-LOG,,,,Retirement,Yes,Historical Movement Subject,Synthetic Workforce Movement Generator
MOVEMENT-01412,EMP556,Kinza Farooq,Promotion,2026-01-14,DEPARTMENT-013,Logistics & Warehouse,DEPARTMENT-013,Logistics & Warehouse,ORGANIZATIONAL-UNIT-LOG,ORGANIZATIONAL-UNIT-LOG,POS-543,HISTORICAL-PROMOTION-LOG-17-01,Merit promotion,No,Current Employee Record,Synthetic Workforce Movement Generator
MOVEMENT-01413,HISTORICAL-EMPLOYEE-0823,Historical Production Employee 0823,Leave,2026-01-08,DEPARTMENT-014,Production & Manufacturing,,,ORGANIZATIONAL-UNIT-PRD,,,,Resignation,Yes,Historical Movement Subject,Synthetic Workforce Movement Generator
MOVEMENT-01414,HISTORICAL-EMPLOYEE-0824,Historical Production Employee 0824,Leave,2026-01-16,DEPARTMENT-014,Production & Manufacturing,,,ORGANIZATIONAL-UNIT-PRD,,,,Retirement,No,Historical Movement Subject,Synthetic Workforce Movement Generator
MOVEMENT-01415,EMP619,Kashif Ansari,Promotion,2026-01-24,DEPARTMENT-014,Production & Manufacturing,DEPARTMENT-014,Production & Manufacturing,ORGANIZATIONAL-UNIT-PRD,ORGANIZATIONAL-UNIT-PRD,POS-605,HISTORICAL-PROMOTION-PRD-17-01,Annual promotion cycle,No,Current Employee Record,Synthetic Workforce Movement Generator
MOVEMENT-01416,EMP617,Anusha Hussain,Promotion,2026-01-03,DEPARTMENT-014,Production & Manufacturing,DEPARTMENT-014,Production & Manufacturing,ORGANIZATIONAL-UNIT-PRD,ORGANIZATIONAL-UNIT-PRD,POS-603,HISTORICAL-PROMOTION-PRD-17-02,Merit promotion,No,Current Employee Record,Synthetic Workforce Movement Generator
MOVEMENT-01417,EMP601,Danish Javed,Promotion,2026-01-06,DEPARTMENT-014,Production & Manufacturing,DEPARTMENT-014,Production & Manufacturing,ORGANIZATIONAL-UNIT-PRD,ORGANIZATIONAL-UNIT-PRD,POS-587,HISTORICAL-PROMOTION-PRD-17-03,Merit promotion,No,Current Employee Record,Synthetic Workforce Movement Generator
MOVEMENT-01418,HISTORICAL-EMPLOYEE-0825,Historical Quality Employee 0825,Leave,2026-01-05,DEPARTMENT-015,Quality Assurance,,,ORGANIZATIONAL-UNIT-QAS,,,,Resignation,Yes,Historical Movement Subject,Synthetic Workforce Movement Generator
MOVEMENT-01419,HISTORICAL-EMPLOYEE-0826,Historical Quality Employee 0826,Leave,2026-01-14,DEPARTMENT-015,Quality Assurance,,,ORGANIZATIONAL-UNIT-QAS,,,,Retirement,Yes,Historical Movement Subject,Synthetic Workforce Movement Generator
MOVEMENT-01420,HISTORICAL-EMPLOYEE-0827,Historical Quality Employee 0827,Leave,2026-01-14,DEPARTMENT-015,Quality Assurance,,,ORGANIZATIONAL-UNIT-QAS,,,,Career opportunity,Yes,Historical Movement Subject,Synthetic Workforce Movement Generator
MOVEMENT-01421,HISTORICAL-EMPLOYEE-0828,Historical Quality Employee 0828,Leave,2026-01-25,DEPARTMENT-015,Quality Assurance,,,ORGANIZATIONAL-UNIT-QAS,,,,Retirement,Yes,Historical Movement Subject,Synthetic Workforce Movement Generator
MOVEMENT-01422,EMP670,Kinza Aziz,Promotion,2026-01-02,DEPARTMENT-015,Quality Assurance,DEPARTMENT-015,Quality Assurance,ORGANIZATIONAL-UNIT-QAS,ORGANIZATIONAL-UNIT-QAS,POS-655,HISTORICAL-PROMOTION-QAS-17-01,Annual promotion cycle,No,Current Employee Record,Synthetic Workforce Movement Generator
MOVEMENT-01423,HISTORICAL-EMPLOYEE-0829,Historical Research Employee 0829,Join,2026-01-07,,,DEPARTMENT-016,Research & Development,,ORGANIZATIONAL-UNIT-RND,,,Replacement hire,No,Historical Movement Subject,Synthetic Workforce Movement Generator
MOVEMENT-01424,HISTORICAL-EMPLOYEE-0830,Historical Research Employee 0830,Join,2026-01-06,,,DEPARTMENT-016,Research & Development,,ORGANIZATIONAL-UNIT-RND,,,Internship intake,No,Historical Movement Subject,Synthetic Workforce Movement Generator
MOVEMENT-01425,HISTORICAL-EMPLOYEE-0831,Historical Research Employee 0831,Leave,2026-01-08,DEPARTMENT-016,Research & Development,,,ORGANIZATIONAL-UNIT-RND,,,,Resignation,Yes,Historical Movement Subject,Synthetic Workforce Movement Generator
MOVEMENT-01426,HISTORICAL-EMPLOYEE-0832,Historical Research Employee 0832,Leave,2026-01-19,DEPARTMENT-016,Research & Development,,,ORGANIZATIONAL-UNIT-RND,,,,Resignation,Yes,Historical Movement Subject,Synthetic Workforce Movement Generator
MOVEMENT-01427,EMP708,Maryam Akhtar,Promotion,2026-01-14,DEPARTMENT-016,Research & Development,DEPARTMENT-016,Research & Development,ORGANIZATIONAL-UNIT-RND,ORGANIZATIONAL-UNIT-RND,POS-692,HISTORICAL-PROMOTION-RND-17-01,Merit promotion,No,Current Employee Record,Synthetic Workforce Movement Generator
MOVEMENT-01428,EMP706,Sidra Mahmood,Promotion,2026-01-15,DEPARTMENT-016,Research & Development,DEPARTMENT-016,Research & Development,ORGANIZATIONAL-UNIT-RND,ORGANIZATIONAL-UNIT-RND,POS-690,HISTORICAL-PROMOTION-RND-17-02,Role expansion,No,Current Employee Record,Synthetic Workforce Movement Generator
MOVEMENT-01429,EMP602,Noor Baig,Transfer,2026-02-03,DEPARTMENT-014,Production & Manufacturing,DEPARTMENT-011,Legal & Compliance,ORGANIZATIONAL-UNIT-PRD,ORGANIZATIONAL-UNIT-LGL,POS-588,HISTORICAL-DESTINATION-LGL-18,Employee request,Yes,Current Employee Record,Synthetic Workforce Movement Generator
MOVEMENT-01430,EMP126,Laiba Sheikh,Transfer,2026-02-06,DEPARTMENT-004,Customer Support,DEPARTMENT-012,Procurement & Supply Chain,ORGANIZATIONAL-UNIT-CS,ORGANIZATIONAL-UNIT-PRC,POS-126,HISTORICAL-DESTINATION-PRC-18,Employee request,Yes,Current Employee Record,Synthetic Workforce Movement Generator
MOVEMENT-01431,EMP200,Ahmad Abbasi,Transfer,2026-02-04,DEPARTMENT-004,Customer Support,DEPARTMENT-003,Sales,ORGANIZATIONAL-UNIT-CS,ORGANIZATIONAL-UNIT-SAL,POS-200,HISTORICAL-DESTINATION-SAL-18,Business requirement,Yes,Current Employee Record,Synthetic Workforce Movement Generator
MOVEMENT-01432,EMP094,Akbar Abbasi,Transfer,2026-02-25,DEPARTMENT-007,IT,DEPARTMENT-002,Finance,ORGANIZATIONAL-UNIT-IT,ORGANIZATIONAL-UNIT-FIN,POS-094,HISTORICAL-DESTINATION-FIN-18,Business requirement,Yes,Current Employee Record,Synthetic Workforce Movement Generator
MOVEMENT-01433,EMP109,Ali Farooq,Transfer,2026-02-25,DEPARTMENT-003,Sales,DEPARTMENT-011,Legal & Compliance,ORGANIZATIONAL-UNIT-SAL,ORGANIZATIONAL-UNIT-LGL,POS-109,HISTORICAL-DESTINATION-LGL-18,Workforce balancing,Yes,Current Employee Record,Synthetic Workforce Movement Generator
MOVEMENT-01434,EMP040,Ahmad Sheikh,Transfer,2026-02-10,DEPARTMENT-004,Customer Support,DEPARTMENT-007,IT,ORGANIZATIONAL-UNIT-CS,ORGANIZATIONAL-UNIT-IT,POS-040,HISTORICAL-DESTINATION-IT-18,Employee request,Yes,Current Employee Record,Synthetic Workforce Movement Generator
MOVEMENT-01435,EMP563,Hira Ali,Transfer,2026-02-07,DEPARTMENT-013,Logistics & Warehouse,DEPARTMENT-011,Legal & Compliance,ORGANIZATIONAL-UNIT-LOG,ORGANIZATIONAL-UNIT-LGL,POS-550,HISTORICAL-DESTINATION-LGL-18,Employee request,Yes,Current Employee Record,Synthetic Workforce Movement Generator
MOVEMENT-01436,EMP640,Hamza Yousaf,Transfer,2026-02-09,DEPARTMENT-015,Quality Assurance,DEPARTMENT-003,Sales,ORGANIZATIONAL-UNIT-QAS,ORGANIZATIONAL-UNIT-SAL,POS-625,HISTORICAL-DESTINATION-SAL-18,Business requirement,Yes,Current Employee Record,Synthetic Workforce Movement Generator
MOVEMENT-01437,EMP483,Bilal Mahmood,Transfer,2026-02-09,DEPARTMENT-011,Legal & Compliance,DEPARTMENT-008,Medical Care,ORGANIZATIONAL-UNIT-LGL,ORGANIZATIONAL-UNIT-MED,POS-472,HISTORICAL-DESTINATION-MED-18,Employee request,Yes,Current Employee Record,Synthetic Workforce Movement Generator
MOVEMENT-01438,EMP644,Imran Hussain,Transfer,2026-02-09,DEPARTMENT-015,Quality Assurance,DEPARTMENT-008,Medical Care,ORGANIZATIONAL-UNIT-QAS,ORGANIZATIONAL-UNIT-MED,POS-629,HISTORICAL-DESTINATION-MED-18,Employee request,Yes,Current Employee Record,Synthetic Workforce Movement Generator
MOVEMENT-01439,HISTORICAL-EMPLOYEE-0833,Historical HR Employee 0833,Join,2026-02-21,,,DEPARTMENT-001,HR,,ORGANIZATIONAL-UNIT-HR,,,Growth hiring,No,Historical Movement Subject,Synthetic Workforce Movement Generator
MOVEMENT-01440,HISTORICAL-EMPLOYEE-0834,Historical HR Employee 0834,Leave,2026-02-17,DEPARTMENT-001,HR,,,ORGANIZATIONAL-UNIT-HR,,,,Retirement,Yes,Historical Movement Subject,Synthetic Workforce Movement Generator
MOVEMENT-01441,EMP013,Anum Ahmad,Promotion,2026-02-04,DEPARTMENT-001,HR,DEPARTMENT-001,HR,ORGANIZATIONAL-UNIT-HR,ORGANIZATIONAL-UNIT-HR,POS-013,HISTORICAL-PROMOTION-HR-18-01,Merit promotion,No,Current Employee Record,Synthetic Workforce Movement Generator
MOVEMENT-01442,EMP053,Zeeshan Abbasi,Promotion,2026-02-08,DEPARTMENT-001,HR,DEPARTMENT-001,HR,ORGANIZATIONAL-UNIT-HR,ORGANIZATIONAL-UNIT-HR,POS-053,HISTORICAL-PROMOTION-HR-18-02,Annual promotion cycle,No,Current Employee Record,Synthetic Workforce Movement Generator
MOVEMENT-01443,HISTORICAL-EMPLOYEE-0835,Historical Finance Employee 0835,Leave,2026-02-24,DEPARTMENT-002,Finance,,,ORGANIZATIONAL-UNIT-FIN,,,,Retirement,Yes,Historical Movement Subject,Synthetic Workforce Movement Generator
MOVEMENT-01444,HISTORICAL-EMPLOYEE-0836,Historical Finance Employee 0836,Leave,2026-02-04,DEPARTMENT-002,Finance,,,ORGANIZATIONAL-UNIT-FIN,,,,Contract completion,No,Historical Movement Subject,Synthetic Workforce Movement Generator
MOVEMENT-01445,EMP247,Maha Aslam,Promotion,2026-02-25,DEPARTMENT-002,Finance,DEPARTMENT-002,Finance,ORGANIZATIONAL-UNIT-FIN,ORGANIZATIONAL-UNIT-FIN,POS-245,HISTORICAL-PROMOTION-FIN-18-01,Annual promotion cycle,No,Current Employee Record,Synthetic Workforce Movement Generator
MOVEMENT-01446,EMP235,Farhan Munir,Promotion,2026-02-11,DEPARTMENT-002,Finance,DEPARTMENT-002,Finance,ORGANIZATIONAL-UNIT-FIN,ORGANIZATIONAL-UNIT-FIN,POS-233,HISTORICAL-PROMOTION-FIN-18-02,Merit promotion,No,Current Employee Record,Synthetic Workforce Movement Generator
MOVEMENT-01447,EMP238,Kinza Ali,Promotion,2026-02-23,DEPARTMENT-002,Finance,DEPARTMENT-002,Finance,ORGANIZATIONAL-UNIT-FIN,ORGANIZATIONAL-UNIT-FIN,POS-236,HISTORICAL-PROMOTION-FIN-18-03,Annual promotion cycle,No,Current Employee Record,Synthetic Workforce Movement Generator
MOVEMENT-01448,HISTORICAL-EMPLOYEE-0837,Historical Sales Employee 0837,Leave,2026-02-22,DEPARTMENT-003,Sales,,,ORGANIZATIONAL-UNIT-SAL,,,,Resignation,Yes,Historical Movement Subject,Synthetic Workforce Movement Generator
MOVEMENT-01449,EMP065,Amna Gill,Promotion,2026-02-03,DEPARTMENT-003,Sales,DEPARTMENT-003,Sales,ORGANIZATIONAL-UNIT-SAL,ORGANIZATIONAL-UNIT-SAL,POS-065,HISTORICAL-PROMOTION-SAL-18-01,Role expansion,No,Current Employee Record,Synthetic Workforce Movement Generator
MOVEMENT-01450,EMP162,Bilal Shah,Join,2026-02-10,,,DEPARTMENT-004,Customer Support,,ORGANIZATIONAL-UNIT-CS,,,Approved recruitment plan,No,Current Employee Record,Synthetic Workforce Movement Generator
MOVEMENT-01451,HISTORICAL-EMPLOYEE-0838,Historical Customer Employee 0838,Join,2026-02-03,,,DEPARTMENT-004,Customer Support,,ORGANIZATIONAL-UNIT-CS,,,Growth hiring,No,Historical Movement Subject,Synthetic Workforce Movement Generator
MOVEMENT-01452,HISTORICAL-EMPLOYEE-0839,Historical Customer Employee 0839,Join,2026-02-16,,,DEPARTMENT-004,Customer Support,,ORGANIZATIONAL-UNIT-CS,,,Approved recruitment plan,No,Historical Movement Subject,Synthetic Workforce Movement Generator
MOVEMENT-01453,HISTORICAL-EMPLOYEE-0840,Historical Customer Employee 0840,Join,2026-02-24,,,DEPARTMENT-004,Customer Support,,ORGANIZATIONAL-UNIT-CS,,,Approved recruitment plan,No,Historical Movement Subject,Synthetic Workforce Movement Generator
MOVEMENT-01454,HISTORICAL-EMPLOYEE-0841,Historical Customer Employee 0841,Join,2026-02-04,,,DEPARTMENT-004,Customer Support,,ORGANIZATIONAL-UNIT-CS,,,Replacement hire,No,Historical Movement Subject,Synthetic Workforce Movement Generator
MOVEMENT-01455,HISTORICAL-EMPLOYEE-0842,Historical Customer Employee 0842,Join,2026-02-06,,,DEPARTMENT-004,Customer Support,,ORGANIZATIONAL-UNIT-CS,,,Growth hiring,No,Historical Movement Subject,Synthetic Workforce Movement Generator
MOVEMENT-01456,HISTORICAL-EMPLOYEE-0843,Historical Customer Employee 0843,Leave,2026-02-14,DEPARTMENT-004,Customer Support,,,ORGANIZATIONAL-UNIT-CS,,,,Retirement,Yes,Historical Movement Subject,Synthetic Workforce Movement Generator
MOVEMENT-01457,HISTORICAL-EMPLOYEE-0844,Historical Customer Employee 0844,Leave,2026-02-11,DEPARTMENT-004,Customer Support,,,ORGANIZATIONAL-UNIT-CS,,,,Career opportunity,Yes,Historical Movement Subject,Synthetic Workforce Movement Generator
MOVEMENT-01458,HISTORICAL-EMPLOYEE-0845,Historical Customer Employee 0845,Leave,2026-02-13,DEPARTMENT-004,Customer Support,,,ORGANIZATIONAL-UNIT-CS,,,,Resignation,Yes,Historical Movement Subject,Synthetic Workforce Movement Generator
MOVEMENT-01459,HISTORICAL-EMPLOYEE-0846,Historical Engineering Employee 0846,Leave,2026-02-08,DEPARTMENT-005,Engineering,,,ORGANIZATIONAL-UNIT-ENG,,,,Contract completion,Yes,Historical Movement Subject,Synthetic Workforce Movement Generator
MOVEMENT-01460,EMP153,Kashif Abbasi,Promotion,2026-02-10,DEPARTMENT-005,Engineering,DEPARTMENT-005,Engineering,ORGANIZATIONAL-UNIT-ENG,ORGANIZATIONAL-UNIT-ENG,POS-153,HISTORICAL-PROMOTION-ENG-18-01,Merit promotion,No,Current Employee Record,Synthetic Workforce Movement Generator
MOVEMENT-01461,EMP076,Fahad Shah,Promotion,2026-02-02,DEPARTMENT-005,Engineering,DEPARTMENT-005,Engineering,ORGANIZATIONAL-UNIT-ENG,ORGANIZATIONAL-UNIT-ENG,POS-076,HISTORICAL-PROMOTION-ENG-18-02,Annual promotion cycle,No,Current Employee Record,Synthetic Workforce Movement Generator
MOVEMENT-01462,HISTORICAL-EMPLOYEE-0847,Historical Operations Employee 0847,Leave,2026-02-19,DEPARTMENT-006,Operations,,,ORGANIZATIONAL-UNIT-OPS,,,,Resignation,Yes,Historical Movement Subject,Synthetic Workforce Movement Generator
MOVEMENT-01463,EMP132,Arham Qureshi,Join,2026-02-14,,,DEPARTMENT-007,IT,,ORGANIZATIONAL-UNIT-IT,,,Internship intake,No,Current Employee Record,Synthetic Workforce Movement Generator
MOVEMENT-01464,EMP131,Ahmad Yousaf,Promotion,2026-02-15,DEPARTMENT-007,IT,DEPARTMENT-007,IT,ORGANIZATIONAL-UNIT-IT,ORGANIZATIONAL-UNIT-IT,POS-131,HISTORICAL-PROMOTION-IT-18-01,Merit promotion,No,Current Employee Record,Synthetic Workforce Movement Generator
MOVEMENT-01465,EMP188,Areeba Ahmad,Promotion,2026-02-08,DEPARTMENT-007,IT,DEPARTMENT-007,IT,ORGANIZATIONAL-UNIT-IT,ORGANIZATIONAL-UNIT-IT,POS-188,HISTORICAL-PROMOTION-IT-18-02,Role expansion,No,Current Employee Record,Synthetic Workforce Movement Generator
MOVEMENT-01466,HISTORICAL-EMPLOYEE-0848,Historical Medical Employee 0848,Leave,2026-02-02,DEPARTMENT-008,Medical Care,,,ORGANIZATIONAL-UNIT-MED,,,,Retirement,Yes,Historical Movement Subject,Synthetic Workforce Movement Generator
MOVEMENT-01467,HISTORICAL-EMPLOYEE-0849,Historical Medical Employee 0849,Leave,2026-02-04,DEPARTMENT-008,Medical Care,,,ORGANIZATIONAL-UNIT-MED,,,,Contract completion,No,Historical Movement Subject,Synthetic Workforce Movement Generator
MOVEMENT-01468,EMP334,Fahad Hashmi,Promotion,2026-02-17,DEPARTMENT-008,Medical Care,DEPARTMENT-008,Medical Care,ORGANIZATIONAL-UNIT-MED,ORGANIZATIONAL-UNIT-MED,POS-326,HISTORICAL-PROMOTION-MED-18-01,Role expansion,No,Current Employee Record,Synthetic Workforce Movement Generator
MOVEMENT-01469,HISTORICAL-EMPLOYEE-0850,Historical Training Employee 0850,Join,2026-02-09,,,DEPARTMENT-009,Training & Development,,ORGANIZATIONAL-UNIT-TRN,,,Approved recruitment plan,No,Historical Movement Subject,Synthetic Workforce Movement Generator
MOVEMENT-01470,HISTORICAL-EMPLOYEE-0851,Historical Training Employee 0851,Join,2026-02-19,,,DEPARTMENT-009,Training & Development,,ORGANIZATIONAL-UNIT-TRN,,,Approved recruitment plan,No,Historical Movement Subject,Synthetic Workforce Movement Generator
MOVEMENT-01471,HISTORICAL-EMPLOYEE-0852,Historical Training Employee 0852,Join,2026-02-07,,,DEPARTMENT-009,Training & Development,,ORGANIZATIONAL-UNIT-TRN,,,Internship intake,No,Historical Movement Subject,Synthetic Workforce Movement Generator
MOVEMENT-01472,HISTORICAL-EMPLOYEE-0853,Historical Training Employee 0853,Join,2026-02-03,,,DEPARTMENT-009,Training & Development,,ORGANIZATIONAL-UNIT-TRN,,,Replacement hire,No,Historical Movement Subject,Synthetic Workforce Movement Generator
MOVEMENT-01473,HISTORICAL-EMPLOYEE-0854,Historical Training Employee 0854,Join,2026-02-05,,,DEPARTMENT-009,Training & Development,,ORGANIZATIONAL-UNIT-TRN,,,Internship intake,No,Historical Movement Subject,Synthetic Workforce Movement Generator
MOVEMENT-01474,HISTORICAL-EMPLOYEE-0855,Historical Training Employee 0855,Leave,2026-02-08,DEPARTMENT-009,Training & Development,,,ORGANIZATIONAL-UNIT-TRN,,,,Contract completion,Yes,Historical Movement Subject,Synthetic Workforce Movement Generator
MOVEMENT-01475,HISTORICAL-EMPLOYEE-0856,Historical Training Employee 0856,Leave,2026-02-08,DEPARTMENT-009,Training & Development,,,ORGANIZATIONAL-UNIT-TRN,,,,Resignation,Yes,Historical Movement Subject,Synthetic Workforce Movement Generator
MOVEMENT-01476,HISTORICAL-EMPLOYEE-0857,Historical Training Employee 0857,Leave,2026-02-20,DEPARTMENT-009,Training & Development,,,ORGANIZATIONAL-UNIT-TRN,,,,Resignation,Yes,Historical Movement Subject,Synthetic Workforce Movement Generator
MOVEMENT-01477,EMP389,Amna Latif,Promotion,2026-02-22,DEPARTMENT-009,Training & Development,DEPARTMENT-009,Training & Development,ORGANIZATIONAL-UNIT-TRN,ORGANIZATIONAL-UNIT-TRN,POS-380,HISTORICAL-PROMOTION-TRN-18-01,Annual promotion cycle,No,Current Employee Record,Synthetic Workforce Movement Generator
MOVEMENT-01478,EMP389,Amna Latif,Promotion,2026-02-17,DEPARTMENT-009,Training & Development,DEPARTMENT-009,Training & Development,ORGANIZATIONAL-UNIT-TRN,ORGANIZATIONAL-UNIT-TRN,POS-380,HISTORICAL-PROMOTION-TRN-18-02,Annual promotion cycle,No,Current Employee Record,Synthetic Workforce Movement Generator
MOVEMENT-01479,EMP395,Ayesha Raza,Promotion,2026-02-21,DEPARTMENT-009,Training & Development,DEPARTMENT-009,Training & Development,ORGANIZATIONAL-UNIT-TRN,ORGANIZATIONAL-UNIT-TRN,POS-386,HISTORICAL-PROMOTION-TRN-18-03,Annual promotion cycle,No,Current Employee Record,Synthetic Workforce Movement Generator
MOVEMENT-01480,HISTORICAL-EMPLOYEE-0858,Historical Administration Employee 0858,Leave,2026-02-15,DEPARTMENT-010,Administration & Facilities,,,ORGANIZATIONAL-UNIT-ADM,,,,Career opportunity,Yes,Historical Movement Subject,Synthetic Workforce Movement Generator
MOVEMENT-01481,EMP433,Amna Mahmood,Promotion,2026-02-11,DEPARTMENT-010,Administration & Facilities,DEPARTMENT-010,Administration & Facilities,ORGANIZATIONAL-UNIT-ADM,ORGANIZATIONAL-UNIT-ADM,POS-423,HISTORICAL-PROMOTION-ADM-18-01,Role expansion,No,Current Employee Record,Synthetic Workforce Movement Generator
MOVEMENT-01482,HISTORICAL-EMPLOYEE-0859,Historical Legal Employee 0859,Leave,2026-02-02,DEPARTMENT-011,Legal & Compliance,,,ORGANIZATIONAL-UNIT-LGL,,,,Retirement,Yes,Historical Movement Subject,Synthetic Workforce Movement Generator
MOVEMENT-01483,HISTORICAL-EMPLOYEE-0860,Historical Legal Employee 0860,Leave,2026-02-13,DEPARTMENT-011,Legal & Compliance,,,ORGANIZATIONAL-UNIT-LGL,,,,Resignation,No,Historical Movement Subject,Synthetic Workforce Movement Generator
MOVEMENT-01484,EMP485,Sana Nadeem,Promotion,2026-02-11,DEPARTMENT-011,Legal & Compliance,DEPARTMENT-011,Legal & Compliance,ORGANIZATIONAL-UNIT-LGL,ORGANIZATIONAL-UNIT-LGL,POS-474,HISTORICAL-PROMOTION-LGL-18-01,Merit promotion,No,Current Employee Record,Synthetic Workforce Movement Generator
MOVEMENT-01485,EMP466,Kashif Saleem,Promotion,2026-02-08,DEPARTMENT-011,Legal & Compliance,DEPARTMENT-011,Legal & Compliance,ORGANIZATIONAL-UNIT-LGL,ORGANIZATIONAL-UNIT-LGL,POS-455,HISTORICAL-PROMOTION-LGL-18-02,Merit promotion,No,Current Employee Record,Synthetic Workforce Movement Generator
MOVEMENT-01486,HISTORICAL-EMPLOYEE-0861,Historical Procurement Employee 0861,Join,2026-02-17,,,DEPARTMENT-012,Procurement & Supply Chain,,ORGANIZATIONAL-UNIT-PRC,,,Internship intake,No,Historical Movement Subject,Synthetic Workforce Movement Generator
MOVEMENT-01487,HISTORICAL-EMPLOYEE-0862,Historical Procurement Employee 0862,Join,2026-02-25,,,DEPARTMENT-012,Procurement & Supply Chain,,ORGANIZATIONAL-UNIT-PRC,,,Growth hiring,No,Historical Movement Subject,Synthetic Workforce Movement Generator
MOVEMENT-01488,HISTORICAL-EMPLOYEE-0863,Historical Procurement Employee 0863,Join,2026-02-19,,,DEPARTMENT-012,Procurement & Supply Chain,,ORGANIZATIONAL-UNIT-PRC,,,Internship intake,No,Historical Movement Subject,Synthetic Workforce Movement Generator
MOVEMENT-01489,HISTORICAL-EMPLOYEE-0864,Historical Procurement Employee 0864,Leave,2026-02-08,DEPARTMENT-012,Procurement & Supply Chain,,,ORGANIZATIONAL-UNIT-PRC,,,,Resignation,No,Historical Movement Subject,Synthetic Workforce Movement Generator
MOVEMENT-01490,HISTORICAL-EMPLOYEE-0865,Historical Procurement Employee 0865,Leave,2026-02-07,DEPARTMENT-012,Procurement & Supply Chain,,,ORGANIZATIONAL-UNIT-PRC,,,,Retirement,Yes,Historical Movement Subject,Synthetic Workforce Movement Generator
MOVEMENT-01491,HISTORICAL-EMPLOYEE-0866,Historical Logistics Employee 0866,Join,2026-02-14,,,DEPARTMENT-013,Logistics & Warehouse,,ORGANIZATIONAL-UNIT-LOG,,,Internship intake,No,Historical Movement Subject,Synthetic Workforce Movement Generator
MOVEMENT-01492,HISTORICAL-EMPLOYEE-0867,Historical Logistics Employee 0867,Leave,2026-02-03,DEPARTMENT-013,Logistics & Warehouse,,,ORGANIZATIONAL-UNIT-LOG,,,,Retirement,No,Historical Movement Subject,Synthetic Workforce Movement Generator
MOVEMENT-01493,HISTORICAL-EMPLOYEE-0868,Historical Logistics Employee 0868,Leave,2026-02-05,DEPARTMENT-013,Logistics & Warehouse,,,ORGANIZATIONAL-UNIT-LOG,,,,Career opportunity,Yes,Historical Movement Subject,Synthetic Workforce Movement Generator
MOVEMENT-01494,HISTORICAL-EMPLOYEE-0869,Historical Production Employee 0869,Leave,2026-02-04,DEPARTMENT-014,Production & Manufacturing,,,ORGANIZATIONAL-UNIT-PRD,,,,Career opportunity,Yes,Historical Movement Subject,Synthetic Workforce Movement Generator
MOVEMENT-01495,EMP623,Ayesha Hussain,Promotion,2026-02-08,DEPARTMENT-014,Production & Manufacturing,DEPARTMENT-014,Production & Manufacturing,ORGANIZATIONAL-UNIT-PRD,ORGANIZATIONAL-UNIT-PRD,POS-609,HISTORICAL-PROMOTION-PRD-18-01,Role expansion,No,Current Employee Record,Synthetic Workforce Movement Generator
MOVEMENT-01496,EMP599,Maryam Nawaz,Promotion,2026-02-09,DEPARTMENT-014,Production & Manufacturing,DEPARTMENT-014,Production & Manufacturing,ORGANIZATIONAL-UNIT-PRD,ORGANIZATIONAL-UNIT-PRD,POS-585,HISTORICAL-PROMOTION-PRD-18-02,Annual promotion cycle,No,Current Employee Record,Synthetic Workforce Movement Generator
MOVEMENT-01497,HISTORICAL-EMPLOYEE-0870,Historical Quality Employee 0870,Join,2026-02-17,,,DEPARTMENT-015,Quality Assurance,,ORGANIZATIONAL-UNIT-QAS,,,Approved recruitment plan,No,Historical Movement Subject,Synthetic Workforce Movement Generator
MOVEMENT-01498,HISTORICAL-EMPLOYEE-0871,Historical Quality Employee 0871,Join,2026-02-22,,,DEPARTMENT-015,Quality Assurance,,ORGANIZATIONAL-UNIT-QAS,,,Approved recruitment plan,No,Historical Movement Subject,Synthetic Workforce Movement Generator
MOVEMENT-01499,HISTORICAL-EMPLOYEE-0872,Historical Quality Employee 0872,Join,2026-02-06,,,DEPARTMENT-015,Quality Assurance,,ORGANIZATIONAL-UNIT-QAS,,,Replacement hire,No,Historical Movement Subject,Synthetic Workforce Movement Generator
MOVEMENT-01500,HISTORICAL-EMPLOYEE-0873,Historical Quality Employee 0873,Join,2026-02-16,,,DEPARTMENT-015,Quality Assurance,,ORGANIZATIONAL-UNIT-QAS,,,Approved recruitment plan,No,Historical Movement Subject,Synthetic Workforce Movement Generator
MOVEMENT-01501,EMP668,Talha Nawaz,Promotion,2026-02-20,DEPARTMENT-015,Quality Assurance,DEPARTMENT-015,Quality Assurance,ORGANIZATIONAL-UNIT-QAS,ORGANIZATIONAL-UNIT-QAS,POS-653,HISTORICAL-PROMOTION-QAS-18-01,Annual promotion cycle,No,Current Employee Record,Synthetic Workforce Movement Generator
MOVEMENT-01502,EMP654,Kinza Javed,Promotion,2026-02-14,DEPARTMENT-015,Quality Assurance,DEPARTMENT-015,Quality Assurance,ORGANIZATIONAL-UNIT-QAS,ORGANIZATIONAL-UNIT-QAS,POS-639,HISTORICAL-PROMOTION-QAS-18-02,Annual promotion cycle,No,Current Employee Record,Synthetic Workforce Movement Generator
MOVEMENT-01503,EMP655,Taha Aslam,Promotion,2026-02-11,DEPARTMENT-015,Quality Assurance,DEPARTMENT-015,Quality Assurance,ORGANIZATIONAL-UNIT-QAS,ORGANIZATIONAL-UNIT-QAS,POS-640,HISTORICAL-PROMOTION-QAS-18-03,Role expansion,No,Current Employee Record,Synthetic Workforce Movement Generator
MOVEMENT-01504,EMP713,Kashif Qureshi,Join,2026-02-12,,,DEPARTMENT-016,Research & Development,,ORGANIZATIONAL-UNIT-RND,,,Replacement hire,No,Current Employee Record,Synthetic Workforce Movement Generator
MOVEMENT-01505,HISTORICAL-EMPLOYEE-0874,Historical Research Employee 0874,Join,2026-02-14,,,DEPARTMENT-016,Research & Development,,ORGANIZATIONAL-UNIT-RND,,,Approved recruitment plan,No,Historical Movement Subject,Synthetic Workforce Movement Generator
MOVEMENT-01506,HISTORICAL-EMPLOYEE-0875,Historical Research Employee 0875,Leave,2026-02-20,DEPARTMENT-016,Research & Development,,,ORGANIZATIONAL-UNIT-RND,,,,Contract completion,Yes,Historical Movement Subject,Synthetic Workforce Movement Generator
MOVEMENT-01507,HISTORICAL-EMPLOYEE-0876,Historical Research Employee 0876,Leave,2026-02-11,DEPARTMENT-016,Research & Development,,,ORGANIZATIONAL-UNIT-RND,,,,Resignation,Yes,Historical Movement Subject,Synthetic Workforce Movement Generator
MOVEMENT-01508,EMP690,Imran Dar,Promotion,2026-02-17,DEPARTMENT-016,Research & Development,DEPARTMENT-016,Research & Development,ORGANIZATIONAL-UNIT-RND,ORGANIZATIONAL-UNIT-RND,POS-674,HISTORICAL-PROMOTION-RND-18-01,Role expansion,No,Current Employee Record,Synthetic Workforce Movement Generator
MOVEMENT-01509,EMP467,Maryam Dar,Transfer,2026-03-12,DEPARTMENT-011,Legal & Compliance,DEPARTMENT-012,Procurement & Supply Chain,ORGANIZATIONAL-UNIT-LGL,ORGANIZATIONAL-UNIT-PRC,POS-456,HISTORICAL-DESTINATION-PRC-19,Business requirement,Yes,Current Employee Record,Synthetic Workforce Movement Generator
MOVEMENT-01510,EMP705,Taha Akhtar,Transfer,2026-03-08,DEPARTMENT-016,Research & Development,DEPARTMENT-001,HR,ORGANIZATIONAL-UNIT-RND,ORGANIZATIONAL-UNIT-HR,POS-689,HISTORICAL-DESTINATION-HR-19,Employee request,Yes,Current Employee Record,Synthetic Workforce Movement Generator
MOVEMENT-01511,EMP458,Taha Ansari,Transfer,2026-03-14,DEPARTMENT-011,Legal & Compliance,DEPARTMENT-003,Sales,ORGANIZATIONAL-UNIT-LGL,ORGANIZATIONAL-UNIT-SAL,POS-447,HISTORICAL-DESTINATION-SAL-19,Workforce balancing,Yes,Current Employee Record,Synthetic Workforce Movement Generator
MOVEMENT-01512,EMP616,Rabia Sheikh,Transfer,2026-03-16,DEPARTMENT-014,Production & Manufacturing,DEPARTMENT-009,Training & Development,ORGANIZATIONAL-UNIT-PRD,ORGANIZATIONAL-UNIT-TRN,POS-602,HISTORICAL-DESTINATION-TRN-19,Workforce balancing,Yes,Current Employee Record,Synthetic Workforce Movement Generator
MOVEMENT-01513,EMP608,Sidra Khan,Transfer,2026-03-15,DEPARTMENT-014,Production & Manufacturing,DEPARTMENT-013,Logistics & Warehouse,ORGANIZATIONAL-UNIT-PRD,ORGANIZATIONAL-UNIT-LOG,POS-594,HISTORICAL-DESTINATION-LOG-19,Workforce balancing,Yes,Current Employee Record,Synthetic Workforce Movement Generator
MOVEMENT-01514,EMP222,Farhan Khan,Join,2026-03-02,,,DEPARTMENT-001,HR,,ORGANIZATIONAL-UNIT-HR,,,Internship intake,No,Current Employee Record,Synthetic Workforce Movement Generator
MOVEMENT-01515,HISTORICAL-EMPLOYEE-0877,Historical HR Employee 0877,Leave,2026-03-20,DEPARTMENT-001,HR,,,ORGANIZATIONAL-UNIT-HR,,,,Career opportunity,Yes,Historical Movement Subject,Synthetic Workforce Movement Generator
MOVEMENT-01516,EMP207,Nida Sultan,Promotion,2026-03-23,DEPARTMENT-001,HR,DEPARTMENT-001,HR,ORGANIZATIONAL-UNIT-HR,ORGANIZATIONAL-UNIT-HR,POS-206,HISTORICAL-PROMOTION-HR-19-01,Merit promotion,No,Current Employee Record,Synthetic Workforce Movement Generator
MOVEMENT-01517,HISTORICAL-EMPLOYEE-0878,Historical Finance Employee 0878,Join,2026-03-24,,,DEPARTMENT-002,Finance,,ORGANIZATIONAL-UNIT-FIN,,,Growth hiring,No,Historical Movement Subject,Synthetic Workforce Movement Generator
MOVEMENT-01518,HISTORICAL-EMPLOYEE-0879,Historical Finance Employee 0879,Join,2026-03-17,,,DEPARTMENT-002,Finance,,ORGANIZATIONAL-UNIT-FIN,,,Internship intake,No,Historical Movement Subject,Synthetic Workforce Movement Generator
MOVEMENT-01519,HISTORICAL-EMPLOYEE-0880,Historical Finance Employee 0880,Join,2026-03-13,,,DEPARTMENT-002,Finance,,ORGANIZATIONAL-UNIT-FIN,,,Approved recruitment plan,No,Historical Movement Subject,Synthetic Workforce Movement Generator
MOVEMENT-01520,HISTORICAL-EMPLOYEE-0881,Historical Finance Employee 0881,Leave,2026-03-25,DEPARTMENT-002,Finance,,,ORGANIZATIONAL-UNIT-FIN,,,,Career opportunity,No,Historical Movement Subject,Synthetic Workforce Movement Generator
MOVEMENT-01521,HISTORICAL-EMPLOYEE-0882,Historical Finance Employee 0882,Leave,2026-03-21,DEPARTMENT-002,Finance,,,ORGANIZATIONAL-UNIT-FIN,,,,Contract completion,Yes,Historical Movement Subject,Synthetic Workforce Movement Generator
MOVEMENT-01522,EMP099,Bilal Aslam,Promotion,2026-03-12,DEPARTMENT-002,Finance,DEPARTMENT-002,Finance,ORGANIZATIONAL-UNIT-FIN,ORGANIZATIONAL-UNIT-FIN,POS-099,HISTORICAL-PROMOTION-FIN-19-01,Merit promotion,No,Current Employee Record,Synthetic Workforce Movement Generator
MOVEMENT-01523,HISTORICAL-EMPLOYEE-0883,Historical Customer Employee 0883,Leave,2026-03-21,DEPARTMENT-004,Customer Support,,,ORGANIZATIONAL-UNIT-CS,,,,Resignation,Yes,Historical Movement Subject,Synthetic Workforce Movement Generator
MOVEMENT-01524,HISTORICAL-EMPLOYEE-0884,Historical Customer Employee 0884,Leave,2026-03-07,DEPARTMENT-004,Customer Support,,,ORGANIZATIONAL-UNIT-CS,,,,Resignation,Yes,Historical Movement Subject,Synthetic Workforce Movement Generator
MOVEMENT-01525,EMP103,Noor Masood,Promotion,2026-03-04,DEPARTMENT-004,Customer Support,DEPARTMENT-004,Customer Support,ORGANIZATIONAL-UNIT-CS,ORGANIZATIONAL-UNIT-CS,POS-103,HISTORICAL-PROMOTION-CS-19-01,Merit promotion,No,Current Employee Record,Synthetic Workforce Movement Generator
MOVEMENT-01526,EMP180,Arham Hussain,Promotion,2026-03-23,DEPARTMENT-004,Customer Support,DEPARTMENT-004,Customer Support,ORGANIZATIONAL-UNIT-CS,ORGANIZATIONAL-UNIT-CS,POS-180,HISTORICAL-PROMOTION-CS-19-02,Role expansion,No,Current Employee Record,Synthetic Workforce Movement Generator
MOVEMENT-01527,EMP155,Noman Malik,Promotion,2026-03-18,DEPARTMENT-004,Customer Support,DEPARTMENT-004,Customer Support,ORGANIZATIONAL-UNIT-CS,ORGANIZATIONAL-UNIT-CS,POS-155,HISTORICAL-PROMOTION-CS-19-03,Role expansion,No,Current Employee Record,Synthetic Workforce Movement Generator
MOVEMENT-01528,HISTORICAL-EMPLOYEE-0885,Historical Engineering Employee 0885,Join,2026-03-20,,,DEPARTMENT-005,Engineering,,ORGANIZATIONAL-UNIT-ENG,,,Approved recruitment plan,No,Historical Movement Subject,Synthetic Workforce Movement Generator
MOVEMENT-01529,HISTORICAL-EMPLOYEE-0886,Historical Engineering Employee 0886,Join,2026-03-25,,,DEPARTMENT-005,Engineering,,ORGANIZATIONAL-UNIT-ENG,,,Growth hiring,No,Historical Movement Subject,Synthetic Workforce Movement Generator
MOVEMENT-01530,HISTORICAL-EMPLOYEE-0887,Historical Engineering Employee 0887,Leave,2026-03-16,DEPARTMENT-005,Engineering,,,ORGANIZATIONAL-UNIT-ENG,,,,Resignation,Yes,Historical Movement Subject,Synthetic Workforce Movement Generator
MOVEMENT-01531,EMP117,Saad Ullah,Promotion,2026-03-05,DEPARTMENT-005,Engineering,DEPARTMENT-005,Engineering,ORGANIZATIONAL-UNIT-ENG,ORGANIZATIONAL-UNIT-ENG,POS-117,HISTORICAL-PROMOTION-ENG-19-01,Merit promotion,No,Current Employee Record,Synthetic Workforce Movement Generator
MOVEMENT-01532,EMP290,Sara Shah,Join,2026-03-20,,,DEPARTMENT-006,Operations,,ORGANIZATIONAL-UNIT-OPS,,,Growth hiring,No,Current Employee Record,Synthetic Workforce Movement Generator
MOVEMENT-01533,HISTORICAL-EMPLOYEE-0888,Historical Operations Employee 0888,Join,2026-03-04,,,DEPARTMENT-006,Operations,,ORGANIZATIONAL-UNIT-OPS,,,Internship intake,No,Historical Movement Subject,Synthetic Workforce Movement Generator
MOVEMENT-01534,HISTORICAL-EMPLOYEE-0889,Historical Operations Employee 0889,Join,2026-03-25,,,DEPARTMENT-006,Operations,,ORGANIZATIONAL-UNIT-OPS,,,Growth hiring,No,Historical Movement Subject,Synthetic Workforce Movement Generator
MOVEMENT-01535,HISTORICAL-EMPLOYEE-0890,Historical Operations Employee 0890,Join,2026-03-09,,,DEPARTMENT-006,Operations,,ORGANIZATIONAL-UNIT-OPS,,,Approved recruitment plan,No,Historical Movement Subject,Synthetic Workforce Movement Generator
MOVEMENT-01536,HISTORICAL-EMPLOYEE-0891,Historical Operations Employee 0891,Leave,2026-03-08,DEPARTMENT-006,Operations,,,ORGANIZATIONAL-UNIT-OPS,,,,Career opportunity,Yes,Historical Movement Subject,Synthetic Workforce Movement Generator
MOVEMENT-01537,HISTORICAL-EMPLOYEE-0892,Historical Operations Employee 0892,Leave,2026-03-04,DEPARTMENT-006,Operations,,,ORGANIZATIONAL-UNIT-OPS,,,,Career opportunity,Yes,Historical Movement Subject,Synthetic Workforce Movement Generator
MOVEMENT-01538,HISTORICAL-EMPLOYEE-0893,Historical Operations Employee 0893,Leave,2026-03-03,DEPARTMENT-006,Operations,,,ORGANIZATIONAL-UNIT-OPS,,,,Career opportunity,Yes,Historical Movement Subject,Synthetic Workforce Movement Generator
MOVEMENT-01539,EMP121,Mehwish Tariq,Promotion,2026-03-20,DEPARTMENT-006,Operations,DEPARTMENT-006,Operations,ORGANIZATIONAL-UNIT-OPS,ORGANIZATIONAL-UNIT-OPS,POS-121,HISTORICAL-PROMOTION-OPS-19-01,Annual promotion cycle,No,Current Employee Record,Synthetic Workforce Movement Generator
MOVEMENT-01540,HISTORICAL-EMPLOYEE-0894,Historical IT Employee 0894,Leave,2026-03-13,DEPARTMENT-007,IT,,,ORGANIZATIONAL-UNIT-IT,,,,Resignation,Yes,Historical Movement Subject,Synthetic Workforce Movement Generator
MOVEMENT-01541,EMP132,Arham Qureshi,Promotion,2026-03-16,DEPARTMENT-007,IT,DEPARTMENT-007,IT,ORGANIZATIONAL-UNIT-IT,ORGANIZATIONAL-UNIT-IT,POS-132,HISTORICAL-PROMOTION-IT-19-01,Annual promotion cycle,No,Current Employee Record,Synthetic Workforce Movement Generator
MOVEMENT-01542,EMP356,Hira Mirza,Join,2026-03-11,,,DEPARTMENT-008,Medical Care,,ORGANIZATIONAL-UNIT-MED,,,Growth hiring,No,Current Employee Record,Synthetic Workforce Movement Generator
MOVEMENT-01543,EMP359,Saba Mahmood,Join,2026-03-17,,,DEPARTMENT-008,Medical Care,,ORGANIZATIONAL-UNIT-MED,,,Internship intake,No,Current Employee Record,Synthetic Workforce Movement Generator
MOVEMENT-01544,HISTORICAL-EMPLOYEE-0895,Historical Medical Employee 0895,Leave,2026-03-20,DEPARTMENT-008,Medical Care,,,ORGANIZATIONAL-UNIT-MED,,,,Contract completion,Yes,Historical Movement Subject,Synthetic Workforce Movement Generator
MOVEMENT-01545,HISTORICAL-EMPLOYEE-0896,Historical Medical Employee 0896,Leave,2026-03-18,DEPARTMENT-008,Medical Care,,,ORGANIZATIONAL-UNIT-MED,,,,Retirement,No,Historical Movement Subject,Synthetic Workforce Movement Generator
MOVEMENT-01546,EMP355,Saad Shah,Promotion,2026-03-21,DEPARTMENT-008,Medical Care,DEPARTMENT-008,Medical Care,ORGANIZATIONAL-UNIT-MED,ORGANIZATIONAL-UNIT-MED,POS-347,HISTORICAL-PROMOTION-MED-19-01,Role expansion,No,Current Employee Record,Synthetic Workforce Movement Generator
MOVEMENT-01547,EMP333,Bilal Zafar,Promotion,2026-03-20,DEPARTMENT-008,Medical Care,DEPARTMENT-008,Medical Care,ORGANIZATIONAL-UNIT-MED,ORGANIZATIONAL-UNIT-MED,POS-325,HISTORICAL-PROMOTION-MED-19-02,Role expansion,No,Current Employee Record,Synthetic Workforce Movement Generator
MOVEMENT-01548,EMP336,Kinza Faisal,Promotion,2026-03-07,DEPARTMENT-008,Medical Care,DEPARTMENT-008,Medical Care,ORGANIZATIONAL-UNIT-MED,ORGANIZATIONAL-UNIT-MED,POS-328,HISTORICAL-PROMOTION-MED-19-03,Role expansion,No,Current Employee Record,Synthetic Workforce Movement Generator
MOVEMENT-01549,HISTORICAL-EMPLOYEE-0897,Historical Training Employee 0897,Leave,2026-03-05,DEPARTMENT-009,Training & Development,,,ORGANIZATIONAL-UNIT-TRN,,,,Retirement,Yes,Historical Movement Subject,Synthetic Workforce Movement Generator
MOVEMENT-01550,EMP382,Fahad Ahmed,Promotion,2026-03-06,DEPARTMENT-009,Training & Development,DEPARTMENT-009,Training & Development,ORGANIZATIONAL-UNIT-TRN,ORGANIZATIONAL-UNIT-TRN,POS-373,HISTORICAL-PROMOTION-TRN-19-01,Role expansion,No,Current Employee Record,Synthetic Workforce Movement Generator
MOVEMENT-01551,HISTORICAL-EMPLOYEE-0898,Historical Administration Employee 0898,Join,2026-03-11,,,DEPARTMENT-010,Administration & Facilities,,ORGANIZATIONAL-UNIT-ADM,,,Internship intake,No,Historical Movement Subject,Synthetic Workforce Movement Generator
MOVEMENT-01552,HISTORICAL-EMPLOYEE-0899,Historical Administration Employee 0899,Join,2026-03-12,,,DEPARTMENT-010,Administration & Facilities,,ORGANIZATIONAL-UNIT-ADM,,,Growth hiring,No,Historical Movement Subject,Synthetic Workforce Movement Generator
MOVEMENT-01553,HISTORICAL-EMPLOYEE-0900,Historical Administration Employee 0900,Join,2026-03-19,,,DEPARTMENT-010,Administration & Facilities,,ORGANIZATIONAL-UNIT-ADM,,,Internship intake,No,Historical Movement Subject,Synthetic Workforce Movement Generator
MOVEMENT-01554,HISTORICAL-EMPLOYEE-0901,Historical Administration Employee 0901,Join,2026-03-17,,,DEPARTMENT-010,Administration & Facilities,,ORGANIZATIONAL-UNIT-ADM,,,Replacement hire,No,Historical Movement Subject,Synthetic Workforce Movement Generator
MOVEMENT-01555,HISTORICAL-EMPLOYEE-0902,Historical Administration Employee 0902,Join,2026-03-25,,,DEPARTMENT-010,Administration & Facilities,,ORGANIZATIONAL-UNIT-ADM,,,Replacement hire,No,Historical Movement Subject,Synthetic Workforce Movement Generator
MOVEMENT-01556,HISTORICAL-EMPLOYEE-0903,Historical Administration Employee 0903,Join,2026-03-18,,,DEPARTMENT-010,Administration & Facilities,,ORGANIZATIONAL-UNIT-ADM,,,Internship intake,No,Historical Movement Subject,Synthetic Workforce Movement Generator
MOVEMENT-01557,HISTORICAL-EMPLOYEE-0904,Historical Administration Employee 0904,Leave,2026-03-06,DEPARTMENT-010,Administration & Facilities,,,ORGANIZATIONAL-UNIT-ADM,,,,Contract completion,No,Historical Movement Subject,Synthetic Workforce Movement Generator
MOVEMENT-01558,HISTORICAL-EMPLOYEE-0905,Historical Administration Employee 0905,Leave,2026-03-17,DEPARTMENT-010,Administration & Facilities,,,ORGANIZATIONAL-UNIT-ADM,,,,Contract completion,Yes,Historical Movement Subject,Synthetic Workforce Movement Generator
MOVEMENT-01559,HISTORICAL-EMPLOYEE-0906,Historical Administration Employee 0906,Leave,2026-03-21,DEPARTMENT-010,Administration & Facilities,,,ORGANIZATIONAL-UNIT-ADM,,,,Retirement,No,Historical Movement Subject,Synthetic Workforce Movement Generator
MOVEMENT-01560,EMP441,Mahnoor Waheed,Promotion,2026-03-10,DEPARTMENT-010,Administration & Facilities,DEPARTMENT-010,Administration & Facilities,ORGANIZATIONAL-UNIT-ADM,ORGANIZATIONAL-UNIT-ADM,POS-431,HISTORICAL-PROMOTION-ADM-19-01,Merit promotion,No,Current Employee Record,Synthetic Workforce Movement Generator
MOVEMENT-01561,HISTORICAL-EMPLOYEE-0907,Historical Legal Employee 0907,Join,2026-03-02,,,DEPARTMENT-011,Legal & Compliance,,ORGANIZATIONAL-UNIT-LGL,,,Internship intake,No,Historical Movement Subject,Synthetic Workforce Movement Generator
MOVEMENT-01562,HISTORICAL-EMPLOYEE-0908,Historical Legal Employee 0908,Join,2026-03-06,,,DEPARTMENT-011,Legal & Compliance,,ORGANIZATIONAL-UNIT-LGL,,,Approved recruitment plan,No,Historical Movement Subject,Synthetic Workforce Movement Generator
MOVEMENT-01563,HISTORICAL-EMPLOYEE-0909,Historical Legal Employee 0909,Join,2026-03-21,,,DEPARTMENT-011,Legal & Compliance,,ORGANIZATIONAL-UNIT-LGL,,,Approved recruitment plan,No,Historical Movement Subject,Synthetic Workforce Movement Generator
MOVEMENT-01564,HISTORICAL-EMPLOYEE-0910,Historical Legal Employee 0910,Join,2026-03-11,,,DEPARTMENT-011,Legal & Compliance,,ORGANIZATIONAL-UNIT-LGL,,,Approved recruitment plan,No,Historical Movement Subject,Synthetic Workforce Movement Generator
MOVEMENT-01565,EMP482,Danish Malik,Promotion,2026-03-11,DEPARTMENT-011,Legal & Compliance,DEPARTMENT-011,Legal & Compliance,ORGANIZATIONAL-UNIT-LGL,ORGANIZATIONAL-UNIT-LGL,POS-471,HISTORICAL-PROMOTION-LGL-19-01,Merit promotion,No,Current Employee Record,Synthetic Workforce Movement Generator
MOVEMENT-01566,EMP463,Talha Ansari,Promotion,2026-03-09,DEPARTMENT-011,Legal & Compliance,DEPARTMENT-011,Legal & Compliance,ORGANIZATIONAL-UNIT-LGL,ORGANIZATIONAL-UNIT-LGL,POS-452,HISTORICAL-PROMOTION-LGL-19-02,Role expansion,No,Current Employee Record,Synthetic Workforce Movement Generator
MOVEMENT-01567,EMP468,Eman Mirza,Promotion,2026-03-15,DEPARTMENT-011,Legal & Compliance,DEPARTMENT-011,Legal & Compliance,ORGANIZATIONAL-UNIT-LGL,ORGANIZATIONAL-UNIT-LGL,POS-457,HISTORICAL-PROMOTION-LGL-19-03,Annual promotion cycle,No,Current Employee Record,Synthetic Workforce Movement Generator
MOVEMENT-01568,HISTORICAL-EMPLOYEE-0911,Historical Procurement Employee 0911,Join,2026-03-18,,,DEPARTMENT-012,Procurement & Supply Chain,,ORGANIZATIONAL-UNIT-PRC,,,Internship intake,No,Historical Movement Subject,Synthetic Workforce Movement Generator
MOVEMENT-01569,HISTORICAL-EMPLOYEE-0912,Historical Procurement Employee 0912,Leave,2026-03-03,DEPARTMENT-012,Procurement & Supply Chain,,,ORGANIZATIONAL-UNIT-PRC,,,,Contract completion,Yes,Historical Movement Subject,Synthetic Workforce Movement Generator
MOVEMENT-01570,HISTORICAL-EMPLOYEE-0913,Historical Procurement Employee 0913,Leave,2026-03-24,DEPARTMENT-012,Procurement & Supply Chain,,,ORGANIZATIONAL-UNIT-PRC,,,,Retirement,Yes,Historical Movement Subject,Synthetic Workforce Movement Generator
MOVEMENT-01571,EMP574,Ahmed Javed,Join,2026-03-21,,,DEPARTMENT-013,Logistics & Warehouse,,ORGANIZATIONAL-UNIT-LOG,,,Approved recruitment plan,No,Current Employee Record,Synthetic Workforce Movement Generator
MOVEMENT-01572,HISTORICAL-EMPLOYEE-0914,Historical Logistics Employee 0914,Leave,2026-03-19,DEPARTMENT-013,Logistics & Warehouse,,,ORGANIZATIONAL-UNIT-LOG,,,,Resignation,Yes,Historical Movement Subject,Synthetic Workforce Movement Generator
MOVEMENT-01573,HISTORICAL-EMPLOYEE-0915,Historical Logistics Employee 0915,Leave,2026-03-23,DEPARTMENT-013,Logistics & Warehouse,,,ORGANIZATIONAL-UNIT-LOG,,,,Retirement,Yes,Historical Movement Subject,Synthetic Workforce Movement Generator
MOVEMENT-01574,EMP548,Maryam Faisal,Promotion,2026-03-09,DEPARTMENT-013,Logistics & Warehouse,DEPARTMENT-013,Logistics & Warehouse,ORGANIZATIONAL-UNIT-LOG,ORGANIZATIONAL-UNIT-LOG,POS-535,HISTORICAL-PROMOTION-LOG-19-01,Role expansion,No,Current Employee Record,Synthetic Workforce Movement Generator
MOVEMENT-01575,HISTORICAL-EMPLOYEE-0916,Historical Production Employee 0916,Join,2026-03-03,,,DEPARTMENT-014,Production & Manufacturing,,ORGANIZATIONAL-UNIT-PRD,,,Internship intake,No,Historical Movement Subject,Synthetic Workforce Movement Generator
MOVEMENT-01576,HISTORICAL-EMPLOYEE-0917,Historical Production Employee 0917,Join,2026-03-09,,,DEPARTMENT-014,Production & Manufacturing,,ORGANIZATIONAL-UNIT-PRD,,,Internship intake,No,Historical Movement Subject,Synthetic Workforce Movement Generator
MOVEMENT-01577,HISTORICAL-EMPLOYEE-0918,Historical Production Employee 0918,Join,2026-03-16,,,DEPARTMENT-014,Production & Manufacturing,,ORGANIZATIONAL-UNIT-PRD,,,Growth hiring,No,Historical Movement Subject,Synthetic Workforce Movement Generator
MOVEMENT-01578,EMP596,Laiba Yousaf,Promotion,2026-03-22,DEPARTMENT-014,Production & Manufacturing,DEPARTMENT-014,Production & Manufacturing,ORGANIZATIONAL-UNIT-PRD,ORGANIZATIONAL-UNIT-PRD,POS-582,HISTORICAL-PROMOTION-PRD-19-01,Merit promotion,No,Current Employee Record,Synthetic Workforce Movement Generator
MOVEMENT-01579,EMP612,Hassan Khalid,Promotion,2026-03-02,DEPARTMENT-014,Production & Manufacturing,DEPARTMENT-014,Production & Manufacturing,ORGANIZATIONAL-UNIT-PRD,ORGANIZATIONAL-UNIT-PRD,POS-598,HISTORICAL-PROMOTION-PRD-19-02,Role expansion,No,Current Employee Record,Synthetic Workforce Movement Generator
MOVEMENT-01580,EMP608,Sidra Khan,Promotion,2026-03-13,DEPARTMENT-014,Production & Manufacturing,DEPARTMENT-014,Production & Manufacturing,ORGANIZATIONAL-UNIT-PRD,ORGANIZATIONAL-UNIT-PRD,POS-594,HISTORICAL-PROMOTION-PRD-19-03,Annual promotion cycle,No,Current Employee Record,Synthetic Workforce Movement Generator
MOVEMENT-01581,HISTORICAL-EMPLOYEE-0919,Historical Quality Employee 0919,Join,2026-03-12,,,DEPARTMENT-015,Quality Assurance,,ORGANIZATIONAL-UNIT-QAS,,,Internship intake,No,Historical Movement Subject,Synthetic Workforce Movement Generator
MOVEMENT-01582,HISTORICAL-EMPLOYEE-0920,Historical Quality Employee 0920,Join,2026-03-21,,,DEPARTMENT-015,Quality Assurance,,ORGANIZATIONAL-UNIT-QAS,,,Replacement hire,No,Historical Movement Subject,Synthetic Workforce Movement Generator
MOVEMENT-01583,HISTORICAL-EMPLOYEE-0921,Historical Quality Employee 0921,Leave,2026-03-24,DEPARTMENT-015,Quality Assurance,,,ORGANIZATIONAL-UNIT-QAS,,,,Retirement,No,Historical Movement Subject,Synthetic Workforce Movement Generator
MOVEMENT-01584,HISTORICAL-EMPLOYEE-0922,Historical Quality Employee 0922,Leave,2026-03-23,DEPARTMENT-015,Quality Assurance,,,ORGANIZATIONAL-UNIT-QAS,,,,Resignation,No,Historical Movement Subject,Synthetic Workforce Movement Generator
MOVEMENT-01585,HISTORICAL-EMPLOYEE-0923,Historical Quality Employee 0923,Leave,2026-03-11,DEPARTMENT-015,Quality Assurance,,,ORGANIZATIONAL-UNIT-QAS,,,,Retirement,Yes,Historical Movement Subject,Synthetic Workforce Movement Generator
MOVEMENT-01586,HISTORICAL-EMPLOYEE-0924,Historical Research Employee 0924,Join,2026-03-11,,,DEPARTMENT-016,Research & Development,,ORGANIZATIONAL-UNIT-RND,,,Replacement hire,No,Historical Movement Subject,Synthetic Workforce Movement Generator
MOVEMENT-01587,HISTORICAL-EMPLOYEE-0925,Historical Research Employee 0925,Join,2026-03-12,,,DEPARTMENT-016,Research & Development,,ORGANIZATIONAL-UNIT-RND,,,Approved recruitment plan,No,Historical Movement Subject,Synthetic Workforce Movement Generator
MOVEMENT-01588,HISTORICAL-EMPLOYEE-0926,Historical Research Employee 0926,Join,2026-03-15,,,DEPARTMENT-016,Research & Development,,ORGANIZATIONAL-UNIT-RND,,,Approved recruitment plan,No,Historical Movement Subject,Synthetic Workforce Movement Generator
MOVEMENT-01589,HISTORICAL-EMPLOYEE-0927,Historical Research Employee 0927,Join,2026-03-04,,,DEPARTMENT-016,Research & Development,,ORGANIZATIONAL-UNIT-RND,,,Approved recruitment plan,No,Historical Movement Subject,Synthetic Workforce Movement Generator
MOVEMENT-01590,HISTORICAL-EMPLOYEE-0928,Historical Research Employee 0928,Leave,2026-03-25,DEPARTMENT-016,Research & Development,,,ORGANIZATIONAL-UNIT-RND,,,,Resignation,Yes,Historical Movement Subject,Synthetic Workforce Movement Generator
MOVEMENT-01591,HISTORICAL-EMPLOYEE-0929,Historical Research Employee 0929,Leave,2026-03-13,DEPARTMENT-016,Research & Development,,,ORGANIZATIONAL-UNIT-RND,,,,Resignation,No,Historical Movement Subject,Synthetic Workforce Movement Generator
MOVEMENT-01592,EMP217,Laiba Qureshi,Transfer,2026-04-09,DEPARTMENT-001,HR,DEPARTMENT-009,Training & Development,ORGANIZATIONAL-UNIT-HR,ORGANIZATIONAL-UNIT-TRN,POS-216,HISTORICAL-DESTINATION-TRN-20,Workforce balancing,Yes,Current Employee Record,Synthetic Workforce Movement Generator
MOVEMENT-01593,EMP299,Noor Nadeem,Transfer,2026-04-04,DEPARTMENT-007,IT,DEPARTMENT-009,Training & Development,ORGANIZATIONAL-UNIT-IT,ORGANIZATIONAL-UNIT-TRN,POS-292,HISTORICAL-DESTINATION-TRN-20,Workforce balancing,Yes,Current Employee Record,Synthetic Workforce Movement Generator
MOVEMENT-01594,EMP706,Sidra Mahmood,Transfer,2026-04-07,DEPARTMENT-016,Research & Development,DEPARTMENT-012,Procurement & Supply Chain,ORGANIZATIONAL-UNIT-RND,ORGANIZATIONAL-UNIT-PRC,POS-690,HISTORICAL-DESTINATION-PRC-20,Career development,Yes,Current Employee Record,Synthetic Workforce Movement Generator
MOVEMENT-01595,EMP135,Eman Butt,Transfer,2026-04-16,DEPARTMENT-004,Customer Support,DEPARTMENT-013,Logistics & Warehouse,ORGANIZATIONAL-UNIT-CS,ORGANIZATIONAL-UNIT-LOG,POS-135,HISTORICAL-DESTINATION-LOG-20,Employee request,Yes,Current Employee Record,Synthetic Workforce Movement Generator
MOVEMENT-01596,HISTORICAL-EMPLOYEE-0930,Historical HR Employee 0930,Join,2026-04-02,,,DEPARTMENT-001,HR,,ORGANIZATIONAL-UNIT-HR,,,Growth hiring,No,Historical Movement Subject,Synthetic Workforce Movement Generator
MOVEMENT-01597,HISTORICAL-EMPLOYEE-0931,Historical HR Employee 0931,Join,2026-04-07,,,DEPARTMENT-001,HR,,ORGANIZATIONAL-UNIT-HR,,,Growth hiring,No,Historical Movement Subject,Synthetic Workforce Movement Generator
MOVEMENT-01598,HISTORICAL-EMPLOYEE-0932,Historical HR Employee 0932,Join,2026-04-06,,,DEPARTMENT-001,HR,,ORGANIZATIONAL-UNIT-HR,,,Approved recruitment plan,No,Historical Movement Subject,Synthetic Workforce Movement Generator
MOVEMENT-01599,HISTORICAL-EMPLOYEE-0933,Historical HR Employee 0933,Leave,2026-04-09,DEPARTMENT-001,HR,,,ORGANIZATIONAL-UNIT-HR,,,,Contract completion,No,Historical Movement Subject,Synthetic Workforce Movement Generator
MOVEMENT-01600,EMP209,Adnan Aziz,Promotion,2026-04-04,DEPARTMENT-001,HR,DEPARTMENT-001,HR,ORGANIZATIONAL-UNIT-HR,ORGANIZATIONAL-UNIT-HR,POS-208,HISTORICAL-PROMOTION-HR-20-01,Annual promotion cycle,No,Current Employee Record,Synthetic Workforce Movement Generator
MOVEMENT-01601,EMP217,Laiba Qureshi,Promotion,2026-04-11,DEPARTMENT-001,HR,DEPARTMENT-001,HR,ORGANIZATIONAL-UNIT-HR,ORGANIZATIONAL-UNIT-HR,POS-216,HISTORICAL-PROMOTION-HR-20-02,Merit promotion,No,Current Employee Record,Synthetic Workforce Movement Generator
MOVEMENT-01602,EMP243,Mehwish Khalid,Join,2026-04-02,,,DEPARTMENT-002,Finance,,ORGANIZATIONAL-UNIT-FIN,,,Replacement hire,No,Current Employee Record,Synthetic Workforce Movement Generator
MOVEMENT-01603,HISTORICAL-EMPLOYEE-0934,Historical Finance Employee 0934,Leave,2026-04-25,DEPARTMENT-002,Finance,,,ORGANIZATIONAL-UNIT-FIN,,,,Retirement,Yes,Historical Movement Subject,Synthetic Workforce Movement Generator
MOVEMENT-01604,EMP148,Sadia Malik,Join,2026-04-16,,,DEPARTMENT-003,Sales,,ORGANIZATIONAL-UNIT-SAL,,,Replacement hire,No,Current Employee Record,Synthetic Workforce Movement Generator
MOVEMENT-01605,HISTORICAL-EMPLOYEE-0935,Historical Sales Employee 0935,Join,2026-04-12,,,DEPARTMENT-003,Sales,,ORGANIZATIONAL-UNIT-SAL,,,Internship intake,No,Historical Movement Subject,Synthetic Workforce Movement Generator
MOVEMENT-01606,EMP016,Khurram Gill,Promotion,2026-04-20,DEPARTMENT-003,Sales,DEPARTMENT-003,Sales,ORGANIZATIONAL-UNIT-SAL,ORGANIZATIONAL-UNIT-SAL,POS-016,HISTORICAL-PROMOTION-SAL-20-01,Merit promotion,No,Current Employee Record,Synthetic Workforce Movement Generator
MOVEMENT-01607,EMP061,Asad Bashir,Promotion,2026-04-18,DEPARTMENT-003,Sales,DEPARTMENT-003,Sales,ORGANIZATIONAL-UNIT-SAL,ORGANIZATIONAL-UNIT-SAL,POS-061,HISTORICAL-PROMOTION-SAL-20-02,Annual promotion cycle,No,Current Employee Record,Synthetic Workforce Movement Generator
MOVEMENT-01608,HISTORICAL-EMPLOYEE-0936,Historical Customer Employee 0936,Join,2026-04-25,,,DEPARTMENT-004,Customer Support,,ORGANIZATIONAL-UNIT-CS,,,Approved recruitment plan,No,Historical Movement Subject,Synthetic Workforce Movement Generator
MOVEMENT-01609,HISTORICAL-EMPLOYEE-0937,Historical Customer Employee 0937,Join,2026-04-24,,,DEPARTMENT-004,Customer Support,,ORGANIZATIONAL-UNIT-CS,,,Internship intake,No,Historical Movement Subject,Synthetic Workforce Movement Generator
MOVEMENT-01610,HISTORICAL-EMPLOYEE-0938,Historical Customer Employee 0938,Join,2026-04-07,,,DEPARTMENT-004,Customer Support,,ORGANIZATIONAL-UNIT-CS,,,Growth hiring,No,Historical Movement Subject,Synthetic Workforce Movement Generator
MOVEMENT-01611,HISTORICAL-EMPLOYEE-0939,Historical Customer Employee 0939,Join,2026-04-24,,,DEPARTMENT-004,Customer Support,,ORGANIZATIONAL-UNIT-CS,,,Growth hiring,No,Historical Movement Subject,Synthetic Workforce Movement Generator
MOVEMENT-01612,HISTORICAL-EMPLOYEE-0940,Historical Customer Employee 0940,Leave,2026-04-23,DEPARTMENT-004,Customer Support,,,ORGANIZATIONAL-UNIT-CS,,,,Contract completion,Yes,Historical Movement Subject,Synthetic Workforce Movement Generator
MOVEMENT-01613,EMP135,Eman Butt,Promotion,2026-04-18,DEPARTMENT-004,Customer Support,DEPARTMENT-004,Customer Support,ORGANIZATIONAL-UNIT-CS,ORGANIZATIONAL-UNIT-CS,POS-135,HISTORICAL-PROMOTION-CS-20-01,Annual promotion cycle,No,Current Employee Record,Synthetic Workforce Movement Generator
MOVEMENT-01614,EMP079,Hina Aslam,Promotion,2026-04-19,DEPARTMENT-004,Customer Support,DEPARTMENT-004,Customer Support,ORGANIZATIONAL-UNIT-CS,ORGANIZATIONAL-UNIT-CS,POS-079,HISTORICAL-PROMOTION-CS-20-02,Role expansion,No,Current Employee Record,Synthetic Workforce Movement Generator
MOVEMENT-01615,EMP038,Ali Mahmood,Promotion,2026-04-13,DEPARTMENT-004,Customer Support,DEPARTMENT-004,Customer Support,ORGANIZATIONAL-UNIT-CS,ORGANIZATIONAL-UNIT-CS,POS-038,HISTORICAL-PROMOTION-CS-20-03,Role expansion,No,Current Employee Record,Synthetic Workforce Movement Generator
MOVEMENT-01616,HISTORICAL-EMPLOYEE-0941,Historical Engineering Employee 0941,Join,2026-04-18,,,DEPARTMENT-005,Engineering,,ORGANIZATIONAL-UNIT-ENG,,,Approved recruitment plan,No,Historical Movement Subject,Synthetic Workforce Movement Generator
MOVEMENT-01617,HISTORICAL-EMPLOYEE-0942,Historical Engineering Employee 0942,Join,2026-04-08,,,DEPARTMENT-005,Engineering,,ORGANIZATIONAL-UNIT-ENG,,,Replacement hire,No,Historical Movement Subject,Synthetic Workforce Movement Generator
MOVEMENT-01618,HISTORICAL-EMPLOYEE-0943,Historical Engineering Employee 0943,Leave,2026-04-21,DEPARTMENT-005,Engineering,,,ORGANIZATIONAL-UNIT-ENG,,,,Retirement,No,Historical Movement Subject,Synthetic Workforce Movement Generator
MOVEMENT-01619,HISTORICAL-EMPLOYEE-0944,Historical Engineering Employee 0944,Leave,2026-04-16,DEPARTMENT-005,Engineering,,,ORGANIZATIONAL-UNIT-ENG,,,,Career opportunity,No,Historical Movement Subject,Synthetic Workforce Movement Generator
MOVEMENT-01620,HISTORICAL-EMPLOYEE-0945,Historical Engineering Employee 0945,Leave,2026-04-21,DEPARTMENT-005,Engineering,,,ORGANIZATIONAL-UNIT-ENG,,,,Retirement,Yes,Historical Movement Subject,Synthetic Workforce Movement Generator
MOVEMENT-01621,EMP116,Ali Abbasi,Promotion,2026-04-08,DEPARTMENT-005,Engineering,DEPARTMENT-005,Engineering,ORGANIZATIONAL-UNIT-ENG,ORGANIZATIONAL-UNIT-ENG,POS-116,HISTORICAL-PROMOTION-ENG-20-01,Annual promotion cycle,No,Current Employee Record,Synthetic Workforce Movement Generator
MOVEMENT-01622,EMP107,Zoya Mahmood,Promotion,2026-04-06,DEPARTMENT-005,Engineering,DEPARTMENT-005,Engineering,ORGANIZATIONAL-UNIT-ENG,ORGANIZATIONAL-UNIT-ENG,POS-107,HISTORICAL-PROMOTION-ENG-20-02,Role expansion,No,Current Employee Record,Synthetic Workforce Movement Generator
MOVEMENT-01623,EMP117,Saad Ullah,Promotion,2026-04-22,DEPARTMENT-005,Engineering,DEPARTMENT-005,Engineering,ORGANIZATIONAL-UNIT-ENG,ORGANIZATIONAL-UNIT-ENG,POS-117,HISTORICAL-PROMOTION-ENG-20-03,Merit promotion,No,Current Employee Record,Synthetic Workforce Movement Generator
MOVEMENT-01624,HISTORICAL-EMPLOYEE-0946,Historical IT Employee 0946,Join,2026-04-15,,,DEPARTMENT-007,IT,,ORGANIZATIONAL-UNIT-IT,,,Approved recruitment plan,No,Historical Movement Subject,Synthetic Workforce Movement Generator
MOVEMENT-01625,HISTORICAL-EMPLOYEE-0947,Historical IT Employee 0947,Join,2026-04-15,,,DEPARTMENT-007,IT,,ORGANIZATIONAL-UNIT-IT,,,Replacement hire,No,Historical Movement Subject,Synthetic Workforce Movement Generator
MOVEMENT-01626,HISTORICAL-EMPLOYEE-0948,Historical IT Employee 0948,Join,2026-04-25,,,DEPARTMENT-007,IT,,ORGANIZATIONAL-UNIT-IT,,,Replacement hire,No,Historical Movement Subject,Synthetic Workforce Movement Generator
MOVEMENT-01627,HISTORICAL-EMPLOYEE-0949,Historical IT Employee 0949,Leave,2026-04-16,DEPARTMENT-007,IT,,,ORGANIZATIONAL-UNIT-IT,,,,Career opportunity,Yes,Historical Movement Subject,Synthetic Workforce Movement Generator
MOVEMENT-01628,EMP311,Junaid Zafar,Promotion,2026-04-11,DEPARTMENT-007,IT,DEPARTMENT-007,IT,ORGANIZATIONAL-UNIT-IT,ORGANIZATIONAL-UNIT-IT,POS-304,HISTORICAL-PROMOTION-IT-20-01,Merit promotion,No,Current Employee Record,Synthetic Workforce Movement Generator
MOVEMENT-01629,EMP308,Adnan Riaz,Promotion,2026-04-13,DEPARTMENT-007,IT,DEPARTMENT-007,IT,ORGANIZATIONAL-UNIT-IT,ORGANIZATIONAL-UNIT-IT,POS-301,HISTORICAL-PROMOTION-IT-20-02,Annual promotion cycle,No,Current Employee Record,Synthetic Workforce Movement Generator
MOVEMENT-01630,EMP300,Talha Akhtar,Promotion,2026-04-11,DEPARTMENT-007,IT,DEPARTMENT-007,IT,ORGANIZATIONAL-UNIT-IT,ORGANIZATIONAL-UNIT-IT,POS-293,HISTORICAL-PROMOTION-IT-20-03,Role expansion,No,Current Employee Record,Synthetic Workforce Movement Generator
MOVEMENT-01631,HISTORICAL-EMPLOYEE-0950,Historical Medical Employee 0950,Join,2026-04-11,,,DEPARTMENT-008,Medical Care,,ORGANIZATIONAL-UNIT-MED,,,Internship intake,No,Historical Movement Subject,Synthetic Workforce Movement Generator
MOVEMENT-01632,HISTORICAL-EMPLOYEE-0951,Historical Medical Employee 0951,Join,2026-04-22,,,DEPARTMENT-008,Medical Care,,ORGANIZATIONAL-UNIT-MED,,,Approved recruitment plan,No,Historical Movement Subject,Synthetic Workforce Movement Generator
MOVEMENT-01633,HISTORICAL-EMPLOYEE-0952,Historical Medical Employee 0952,Leave,2026-04-14,DEPARTMENT-008,Medical Care,,,ORGANIZATIONAL-UNIT-MED,,,,Contract completion,Yes,Historical Movement Subject,Synthetic Workforce Movement Generator
MOVEMENT-01634,HISTORICAL-EMPLOYEE-0953,Historical Medical Employee 0953,Leave,2026-04-17,DEPARTMENT-008,Medical Care,,,ORGANIZATIONAL-UNIT-MED,,,,Contract completion,No,Historical Movement Subject,Synthetic Workforce Movement Generator
MOVEMENT-01635,HISTORICAL-EMPLOYEE-0954,Historical Medical Employee 0954,Leave,2026-04-25,DEPARTMENT-008,Medical Care,,,ORGANIZATIONAL-UNIT-MED,,,,Career opportunity,Yes,Historical Movement Subject,Synthetic Workforce Movement Generator
MOVEMENT-01636,HISTORICAL-EMPLOYEE-0955,Historical Training Employee 0955,Leave,2026-04-17,DEPARTMENT-009,Training & Development,,,ORGANIZATIONAL-UNIT-TRN,,,,Contract completion,Yes,Historical Movement Subject,Synthetic Workforce Movement Generator
MOVEMENT-01637,HISTORICAL-EMPLOYEE-0956,Historical Training Employee 0956,Leave,2026-04-20,DEPARTMENT-009,Training & Development,,,ORGANIZATIONAL-UNIT-TRN,,,,Retirement,No,Historical Movement Subject,Synthetic Workforce Movement Generator
MOVEMENT-01638,HISTORICAL-EMPLOYEE-0957,Historical Training Employee 0957,Leave,2026-04-23,DEPARTMENT-009,Training & Development,,,ORGANIZATIONAL-UNIT-TRN,,,,Resignation,Yes,Historical Movement Subject,Synthetic Workforce Movement Generator
MOVEMENT-01639,HISTORICAL-EMPLOYEE-0958,Historical Training Employee 0958,Leave,2026-04-03,DEPARTMENT-009,Training & Development,,,ORGANIZATIONAL-UNIT-TRN,,,,Retirement,Yes,Historical Movement Subject,Synthetic Workforce Movement Generator
MOVEMENT-01640,EMP400,Hassan Shah,Promotion,2026-04-15,DEPARTMENT-009,Training & Development,DEPARTMENT-009,Training & Development,ORGANIZATIONAL-UNIT-TRN,ORGANIZATIONAL-UNIT-TRN,POS-391,HISTORICAL-PROMOTION-TRN-20-01,Annual promotion cycle,No,Current Employee Record,Synthetic Workforce Movement Generator
MOVEMENT-01641,EMP436,Anusha Chaudhry,Join,2026-04-22,,,DEPARTMENT-010,Administration & Facilities,,ORGANIZATIONAL-UNIT-ADM,,,Growth hiring,No,Current Employee Record,Synthetic Workforce Movement Generator
MOVEMENT-01642,EMP442,Usman Riaz,Join,2026-04-02,,,DEPARTMENT-010,Administration & Facilities,,ORGANIZATIONAL-UNIT-ADM,,,Growth hiring,No,Current Employee Record,Synthetic Workforce Movement Generator
MOVEMENT-01643,HISTORICAL-EMPLOYEE-0959,Historical Administration Employee 0959,Leave,2026-04-13,DEPARTMENT-010,Administration & Facilities,,,ORGANIZATIONAL-UNIT-ADM,,,,Career opportunity,Yes,Historical Movement Subject,Synthetic Workforce Movement Generator
MOVEMENT-01644,HISTORICAL-EMPLOYEE-0960,Historical Administration Employee 0960,Leave,2026-04-18,DEPARTMENT-010,Administration & Facilities,,,ORGANIZATIONAL-UNIT-ADM,,,,Retirement,Yes,Historical Movement Subject,Synthetic Workforce Movement Generator
MOVEMENT-01645,HISTORICAL-EMPLOYEE-0961,Historical Administration Employee 0961,Leave,2026-04-19,DEPARTMENT-010,Administration & Facilities,,,ORGANIZATIONAL-UNIT-ADM,,,,Resignation,Yes,Historical Movement Subject,Synthetic Workforce Movement Generator
MOVEMENT-01646,EMP417,Saba Ali,Promotion,2026-04-21,DEPARTMENT-010,Administration & Facilities,DEPARTMENT-010,Administration & Facilities,ORGANIZATIONAL-UNIT-ADM,ORGANIZATIONAL-UNIT-ADM,POS-407,HISTORICAL-PROMOTION-ADM-20-01,Merit promotion,No,Current Employee Record,Synthetic Workforce Movement Generator
MOVEMENT-01647,EMP488,Omar Akhtar,Join,2026-04-05,,,DEPARTMENT-011,Legal & Compliance,,ORGANIZATIONAL-UNIT-LGL,,,Replacement hire,No,Current Employee Record,Synthetic Workforce Movement Generator
MOVEMENT-01648,HISTORICAL-EMPLOYEE-0962,Historical Legal Employee 0962,Leave,2026-04-23,DEPARTMENT-011,Legal & Compliance,,,ORGANIZATIONAL-UNIT-LGL,,,,Retirement,Yes,Historical Movement Subject,Synthetic Workforce Movement Generator
MOVEMENT-01649,HISTORICAL-EMPLOYEE-0963,Historical Legal Employee 0963,Leave,2026-04-19,DEPARTMENT-011,Legal & Compliance,,,ORGANIZATIONAL-UNIT-LGL,,,,Career opportunity,Yes,Historical Movement Subject,Synthetic Workforce Movement Generator
MOVEMENT-01650,EMP486,Junaid Nadeem,Promotion,2026-04-11,DEPARTMENT-011,Legal & Compliance,DEPARTMENT-011,Legal & Compliance,ORGANIZATIONAL-UNIT-LGL,ORGANIZATIONAL-UNIT-LGL,POS-475,HISTORICAL-PROMOTION-LGL-20-01,Merit promotion,No,Current Employee Record,Synthetic Workforce Movement Generator
MOVEMENT-01651,EMP475,Amna Akhtar,Promotion,2026-04-13,DEPARTMENT-011,Legal & Compliance,DEPARTMENT-011,Legal & Compliance,ORGANIZATIONAL-UNIT-LGL,ORGANIZATIONAL-UNIT-LGL,POS-464,HISTORICAL-PROMOTION-LGL-20-02,Annual promotion cycle,No,Current Employee Record,Synthetic Workforce Movement Generator
MOVEMENT-01652,EMP472,Sidra Iqbal,Promotion,2026-04-19,DEPARTMENT-011,Legal & Compliance,DEPARTMENT-011,Legal & Compliance,ORGANIZATIONAL-UNIT-LGL,ORGANIZATIONAL-UNIT-LGL,POS-461,HISTORICAL-PROMOTION-LGL-20-03,Role expansion,No,Current Employee Record,Synthetic Workforce Movement Generator
MOVEMENT-01653,EMP538,Saba Tariq,Join,2026-04-25,,,DEPARTMENT-012,Procurement & Supply Chain,,ORGANIZATIONAL-UNIT-PRC,,,Replacement hire,No,Current Employee Record,Synthetic Workforce Movement Generator
MOVEMENT-01654,HISTORICAL-EMPLOYEE-0964,Historical Procurement Employee 0964,Leave,2026-04-03,DEPARTMENT-012,Procurement & Supply Chain,,,ORGANIZATIONAL-UNIT-PRC,,,,Retirement,Yes,Historical Movement Subject,Synthetic Workforce Movement Generator
MOVEMENT-01655,HISTORICAL-EMPLOYEE-0965,Historical Procurement Employee 0965,Leave,2026-04-20,DEPARTMENT-012,Procurement & Supply Chain,,,ORGANIZATIONAL-UNIT-PRC,,,,Career opportunity,Yes,Historical Movement Subject,Synthetic Workforce Movement Generator
MOVEMENT-01656,HISTORICAL-EMPLOYEE-0966,Historical Procurement Employee 0966,Leave,2026-04-15,DEPARTMENT-012,Procurement & Supply Chain,,,ORGANIZATIONAL-UNIT-PRC,,,,Contract completion,Yes,Historical Movement Subject,Synthetic Workforce Movement Generator
MOVEMENT-01657,EMP533,Nida Nadeem,Promotion,2026-04-15,DEPARTMENT-012,Procurement & Supply Chain,DEPARTMENT-012,Procurement & Supply Chain,ORGANIZATIONAL-UNIT-PRC,ORGANIZATIONAL-UNIT-PRC,POS-521,HISTORICAL-PROMOTION-PRC-20-01,Annual promotion cycle,No,Current Employee Record,Synthetic Workforce Movement Generator
MOVEMENT-01658,EMP536,Anusha Butt,Promotion,2026-04-09,DEPARTMENT-012,Procurement & Supply Chain,DEPARTMENT-012,Procurement & Supply Chain,ORGANIZATIONAL-UNIT-PRC,ORGANIZATIONAL-UNIT-PRC,POS-524,HISTORICAL-PROMOTION-PRC-20-02,Annual promotion cycle,No,Current Employee Record,Synthetic Workforce Movement Generator
MOVEMENT-01659,EMP516,Maryam Yousaf,Promotion,2026-04-21,DEPARTMENT-012,Procurement & Supply Chain,DEPARTMENT-012,Procurement & Supply Chain,ORGANIZATIONAL-UNIT-PRC,ORGANIZATIONAL-UNIT-PRC,POS-504,HISTORICAL-PROMOTION-PRC-20-03,Annual promotion cycle,No,Current Employee Record,Synthetic Workforce Movement Generator
MOVEMENT-01660,HISTORICAL-EMPLOYEE-0967,Historical Logistics Employee 0967,Join,2026-04-08,,,DEPARTMENT-013,Logistics & Warehouse,,ORGANIZATIONAL-UNIT-LOG,,,Replacement hire,No,Historical Movement Subject,Synthetic Workforce Movement Generator
MOVEMENT-01661,HISTORICAL-EMPLOYEE-0968,Historical Logistics Employee 0968,Join,2026-04-21,,,DEPARTMENT-013,Logistics & Warehouse,,ORGANIZATIONAL-UNIT-LOG,,,Approved recruitment plan,No,Historical Movement Subject,Synthetic Workforce Movement Generator
MOVEMENT-01662,HISTORICAL-EMPLOYEE-0969,Historical Logistics Employee 0969,Join,2026-04-12,,,DEPARTMENT-013,Logistics & Warehouse,,ORGANIZATIONAL-UNIT-LOG,,,Growth hiring,No,Historical Movement Subject,Synthetic Workforce Movement Generator
MOVEMENT-01663,HISTORICAL-EMPLOYEE-0970,Historical Logistics Employee 0970,Join,2026-04-05,,,DEPARTMENT-013,Logistics & Warehouse,,ORGANIZATIONAL-UNIT-LOG,,,Replacement hire,No,Historical Movement Subject,Synthetic Workforce Movement Generator
MOVEMENT-01664,HISTORICAL-EMPLOYEE-0971,Historical Logistics Employee 0971,Leave,2026-04-22,DEPARTMENT-013,Logistics & Warehouse,,,ORGANIZATIONAL-UNIT-LOG,,,,Resignation,No,Historical Movement Subject,Synthetic Workforce Movement Generator
MOVEMENT-01665,HISTORICAL-EMPLOYEE-0972,Historical Logistics Employee 0972,Leave,2026-04-23,DEPARTMENT-013,Logistics & Warehouse,,,ORGANIZATIONAL-UNIT-LOG,,,,Contract completion,Yes,Historical Movement Subject,Synthetic Workforce Movement Generator
MOVEMENT-01666,HISTORICAL-EMPLOYEE-0973,Historical Logistics Employee 0973,Leave,2026-04-16,DEPARTMENT-013,Logistics & Warehouse,,,ORGANIZATIONAL-UNIT-LOG,,,,Resignation,No,Historical Movement Subject,Synthetic Workforce Movement Generator
MOVEMENT-01667,EMP617,Anusha Hussain,Join,2026-04-10,,,DEPARTMENT-014,Production & Manufacturing,,ORGANIZATIONAL-UNIT-PRD,,,Replacement hire,No,Current Employee Record,Synthetic Workforce Movement Generator
MOVEMENT-01668,HISTORICAL-EMPLOYEE-0974,Historical Production Employee 0974,Join,2026-04-06,,,DEPARTMENT-014,Production & Manufacturing,,ORGANIZATIONAL-UNIT-PRD,,,Approved recruitment plan,No,Historical Movement Subject,Synthetic Workforce Movement Generator
MOVEMENT-01669,HISTORICAL-EMPLOYEE-0975,Historical Production Employee 0975,Join,2026-04-07,,,DEPARTMENT-014,Production & Manufacturing,,ORGANIZATIONAL-UNIT-PRD,,,Internship intake,No,Historical Movement Subject,Synthetic Workforce Movement Generator
MOVEMENT-01670,HISTORICAL-EMPLOYEE-0976,Historical Production Employee 0976,Join,2026-04-02,,,DEPARTMENT-014,Production & Manufacturing,,ORGANIZATIONAL-UNIT-PRD,,,Approved recruitment plan,No,Historical Movement Subject,Synthetic Workforce Movement Generator
MOVEMENT-01671,HISTORICAL-EMPLOYEE-0977,Historical Production Employee 0977,Leave,2026-04-07,DEPARTMENT-014,Production & Manufacturing,,,ORGANIZATIONAL-UNIT-PRD,,,,Resignation,No,Historical Movement Subject,Synthetic Workforce Movement Generator
MOVEMENT-01672,HISTORICAL-EMPLOYEE-0978,Historical Production Employee 0978,Leave,2026-04-07,DEPARTMENT-014,Production & Manufacturing,,,ORGANIZATIONAL-UNIT-PRD,,,,Contract completion,Yes,Historical Movement Subject,Synthetic Workforce Movement Generator
MOVEMENT-01673,HISTORICAL-EMPLOYEE-0979,Historical Production Employee 0979,Leave,2026-04-25,DEPARTMENT-014,Production & Manufacturing,,,ORGANIZATIONAL-UNIT-PRD,,,,Contract completion,No,Historical Movement Subject,Synthetic Workforce Movement Generator
MOVEMENT-01674,EMP672,Taha Nawaz,Join,2026-04-02,,,DEPARTMENT-015,Quality Assurance,,ORGANIZATIONAL-UNIT-QAS,,,Approved recruitment plan,No,Current Employee Record,Synthetic Workforce Movement Generator
MOVEMENT-01675,EMP673,Noman Javed,Join,2026-04-25,,,DEPARTMENT-015,Quality Assurance,,ORGANIZATIONAL-UNIT-QAS,,,Approved recruitment plan,No,Current Employee Record,Synthetic Workforce Movement Generator
MOVEMENT-01676,HISTORICAL-EMPLOYEE-0980,Historical Quality Employee 0980,Join,2026-04-13,,,DEPARTMENT-015,Quality Assurance,,ORGANIZATIONAL-UNIT-QAS,,,Growth hiring,No,Historical Movement Subject,Synthetic Workforce Movement Generator
MOVEMENT-01677,HISTORICAL-EMPLOYEE-0981,Historical Quality Employee 0981,Leave,2026-04-06,DEPARTMENT-015,Quality Assurance,,,ORGANIZATIONAL-UNIT-QAS,,,,Resignation,Yes,Historical Movement Subject,Synthetic Workforce Movement Generator
MOVEMENT-01678,HISTORICAL-EMPLOYEE-0982,Historical Quality Employee 0982,Leave,2026-04-19,DEPARTMENT-015,Quality Assurance,,,ORGANIZATIONAL-UNIT-QAS,,,,Contract completion,No,Historical Movement Subject,Synthetic Workforce Movement Generator
MOVEMENT-01679,HISTORICAL-EMPLOYEE-0983,Historical Quality Employee 0983,Leave,2026-04-23,DEPARTMENT-015,Quality Assurance,,,ORGANIZATIONAL-UNIT-QAS,,,,Resignation,Yes,Historical Movement Subject,Synthetic Workforce Movement Generator
MOVEMENT-01680,EMP658,Kinza Latif,Promotion,2026-04-21,DEPARTMENT-015,Quality Assurance,DEPARTMENT-015,Quality Assurance,ORGANIZATIONAL-UNIT-QAS,ORGANIZATIONAL-UNIT-QAS,POS-643,HISTORICAL-PROMOTION-QAS-20-01,Role expansion,No,Current Employee Record,Synthetic Workforce Movement Generator
MOVEMENT-01681,EMP720,Fahad Awan,Join,2026-04-21,,,DEPARTMENT-016,Research & Development,,ORGANIZATIONAL-UNIT-RND,,,Internship intake,No,Current Employee Record,Synthetic Workforce Movement Generator
MOVEMENT-01682,HISTORICAL-EMPLOYEE-0984,Historical Research Employee 0984,Join,2026-04-02,,,DEPARTMENT-016,Research & Development,,ORGANIZATIONAL-UNIT-RND,,,Internship intake,No,Historical Movement Subject,Synthetic Workforce Movement Generator
MOVEMENT-01683,EMP086,Hina Tariq,Transfer,2026-05-25,DEPARTMENT-006,Operations,DEPARTMENT-011,Legal & Compliance,ORGANIZATIONAL-UNIT-OPS,ORGANIZATIONAL-UNIT-LGL,POS-086,HISTORICAL-DESTINATION-LGL-21,Employee request,Yes,Current Employee Record,Synthetic Workforce Movement Generator
MOVEMENT-01684,EMP689,Areeba Latif,Transfer,2026-05-15,DEPARTMENT-016,Research & Development,DEPARTMENT-015,Quality Assurance,ORGANIZATIONAL-UNIT-RND,ORGANIZATIONAL-UNIT-QAS,POS-673,HISTORICAL-DESTINATION-QAS-21,Employee request,Yes,Current Employee Record,Synthetic Workforce Movement Generator
MOVEMENT-01685,EMP579,Farhan Aziz,Transfer,2026-05-10,DEPARTMENT-013,Logistics & Warehouse,DEPARTMENT-001,HR,ORGANIZATIONAL-UNIT-LOG,ORGANIZATIONAL-UNIT-HR,POS-566,HISTORICAL-DESTINATION-HR-21,Workforce balancing,Yes,Current Employee Record,Synthetic Workforce Movement Generator
MOVEMENT-01686,EMP531,Kamran Iqbal,Transfer,2026-05-20,DEPARTMENT-012,Procurement & Supply Chain,DEPARTMENT-011,Legal & Compliance,ORGANIZATIONAL-UNIT-PRC,ORGANIZATIONAL-UNIT-LGL,POS-519,HISTORICAL-DESTINATION-LGL-21,Workforce balancing,Yes,Current Employee Record,Synthetic Workforce Movement Generator
MOVEMENT-01687,EMP190,Noor Saeed,Transfer,2026-05-23,DEPARTMENT-001,HR,DEPARTMENT-012,Procurement & Supply Chain,ORGANIZATIONAL-UNIT-HR,ORGANIZATIONAL-UNIT-PRC,POS-190,HISTORICAL-DESTINATION-PRC-21,Business requirement,Yes,Current Employee Record,Synthetic Workforce Movement Generator
MOVEMENT-01688,EMP619,Kashif Ansari,Transfer,2026-05-03,DEPARTMENT-014,Production & Manufacturing,DEPARTMENT-005,Engineering,ORGANIZATIONAL-UNIT-PRD,ORGANIZATIONAL-UNIT-ENG,POS-605,HISTORICAL-DESTINATION-ENG-21,Workforce balancing,Yes,Current Employee Record,Synthetic Workforce Movement Generator
MOVEMENT-01689,EMP159,Raza Ahmad,Transfer,2026-05-10,DEPARTMENT-005,Engineering,DEPARTMENT-012,Procurement & Supply Chain,ORGANIZATIONAL-UNIT-ENG,ORGANIZATIONAL-UNIT-PRC,POS-159,HISTORICAL-DESTINATION-PRC-21,Career development,Yes,Current Employee Record,Synthetic Workforce Movement Generator
MOVEMENT-01690,EMP395,Ayesha Raza,Transfer,2026-05-15,DEPARTMENT-009,Training & Development,DEPARTMENT-001,HR,ORGANIZATIONAL-UNIT-TRN,ORGANIZATIONAL-UNIT-HR,POS-386,HISTORICAL-DESTINATION-HR-21,Career development,Yes,Current Employee Record,Synthetic Workforce Movement Generator
MOVEMENT-01691,HISTORICAL-EMPLOYEE-0985,Historical HR Employee 0985,Leave,2026-05-09,DEPARTMENT-001,HR,,,ORGANIZATIONAL-UNIT-HR,,,,Contract completion,Yes,Historical Movement Subject,Synthetic Workforce Movement Generator
MOVEMENT-01692,EMP215,Mehwish Baig,Promotion,2026-05-11,DEPARTMENT-001,HR,DEPARTMENT-001,HR,ORGANIZATIONAL-UNIT-HR,ORGANIZATIONAL-UNIT-HR,POS-214,HISTORICAL-PROMOTION-HR-21-01,Role expansion,No,Current Employee Record,Synthetic Workforce Movement Generator
MOVEMENT-01693,EMP223,Talha Mahmood,Promotion,2026-05-20,DEPARTMENT-001,HR,DEPARTMENT-001,HR,ORGANIZATIONAL-UNIT-HR,ORGANIZATIONAL-UNIT-HR,POS-222,HISTORICAL-PROMOTION-HR-21-02,Annual promotion cycle,No,Current Employee Record,Synthetic Workforce Movement Generator
MOVEMENT-01694,EMP114,Hamza Hussain,Promotion,2026-05-05,DEPARTMENT-001,HR,DEPARTMENT-001,HR,ORGANIZATIONAL-UNIT-HR,ORGANIZATIONAL-UNIT-HR,POS-114,HISTORICAL-PROMOTION-HR-21-03,Role expansion,No,Current Employee Record,Synthetic Workforce Movement Generator
MOVEMENT-01695,EMP249,Noor Qureshi,Join,2026-05-21,,,DEPARTMENT-002,Finance,,ORGANIZATIONAL-UNIT-FIN,,,Approved recruitment plan,No,Current Employee Record,Synthetic Workforce Movement Generator
MOVEMENT-01696,HISTORICAL-EMPLOYEE-0986,Historical Finance Employee 0986,Join,2026-05-23,,,DEPARTMENT-002,Finance,,ORGANIZATIONAL-UNIT-FIN,,,Internship intake,No,Historical Movement Subject,Synthetic Workforce Movement Generator
MOVEMENT-01697,HISTORICAL-EMPLOYEE-0987,Historical Finance Employee 0987,Join,2026-05-20,,,DEPARTMENT-002,Finance,,ORGANIZATIONAL-UNIT-FIN,,,Replacement hire,No,Historical Movement Subject,Synthetic Workforce Movement Generator
MOVEMENT-01698,HISTORICAL-EMPLOYEE-0988,Historical Finance Employee 0988,Leave,2026-05-16,DEPARTMENT-002,Finance,,,ORGANIZATIONAL-UNIT-FIN,,,,Resignation,Yes,Historical Movement Subject,Synthetic Workforce Movement Generator
MOVEMENT-01699,HISTORICAL-EMPLOYEE-0989,Historical Finance Employee 0989,Leave,2026-05-21,DEPARTMENT-002,Finance,,,ORGANIZATIONAL-UNIT-FIN,,,,Contract completion,Yes,Historical Movement Subject,Synthetic Workforce Movement Generator
MOVEMENT-01700,HISTORICAL-EMPLOYEE-0990,Historical Finance Employee 0990,Leave,2026-05-11,DEPARTMENT-002,Finance,,,ORGANIZATIONAL-UNIT-FIN,,,,Resignation,Yes,Historical Movement Subject,Synthetic Workforce Movement Generator
MOVEMENT-01701,EMP237,Areeba Munir,Promotion,2026-05-18,DEPARTMENT-002,Finance,DEPARTMENT-002,Finance,ORGANIZATIONAL-UNIT-FIN,ORGANIZATIONAL-UNIT-FIN,POS-235,HISTORICAL-PROMOTION-FIN-21-01,Merit promotion,No,Current Employee Record,Synthetic Workforce Movement Generator
MOVEMENT-01702,HISTORICAL-EMPLOYEE-0991,Historical Sales Employee 0991,Leave,2026-05-10,DEPARTMENT-003,Sales,,,ORGANIZATIONAL-UNIT-SAL,,,,Contract completion,Yes,Historical Movement Subject,Synthetic Workforce Movement Generator
MOVEMENT-01703,EMP182,Waqas Ahmad,Promotion,2026-05-08,DEPARTMENT-003,Sales,DEPARTMENT-003,Sales,ORGANIZATIONAL-UNIT-SAL,ORGANIZATIONAL-UNIT-SAL,POS-182,HISTORICAL-PROMOTION-SAL-21-01,Annual promotion cycle,No,Current Employee Record,Synthetic Workforce Movement Generator
MOVEMENT-01704,EMP022,Laiba Raza,Promotion,2026-05-24,DEPARTMENT-003,Sales,DEPARTMENT-003,Sales,ORGANIZATIONAL-UNIT-SAL,ORGANIZATIONAL-UNIT-SAL,POS-022,HISTORICAL-PROMOTION-SAL-21-02,Role expansion,No,Current Employee Record,Synthetic Workforce Movement Generator
MOVEMENT-01705,HISTORICAL-EMPLOYEE-0992,Historical Customer Employee 0992,Join,2026-05-15,,,DEPARTMENT-004,Customer Support,,ORGANIZATIONAL-UNIT-CS,,,Internship intake,No,Historical Movement Subject,Synthetic Workforce Movement Generator
MOVEMENT-01706,HISTORICAL-EMPLOYEE-0993,Historical Customer Employee 0993,Join,2026-05-03,,,DEPARTMENT-004,Customer Support,,ORGANIZATIONAL-UNIT-CS,,,Replacement hire,No,Historical Movement Subject,Synthetic Workforce Movement Generator
MOVEMENT-01707,HISTORICAL-EMPLOYEE-0994,Historical Customer Employee 0994,Join,2026-05-06,,,DEPARTMENT-004,Customer Support,,ORGANIZATIONAL-UNIT-CS,,,Internship intake,No,Historical Movement Subject,Synthetic Workforce Movement Generator
MOVEMENT-01708,HISTORICAL-EMPLOYEE-0995,Historical Customer Employee 0995,Leave,2026-05-15,DEPARTMENT-004,Customer Support,,,ORGANIZATIONAL-UNIT-CS,,,,Contract completion,Yes,Historical Movement Subject,Synthetic Workforce Movement Generator
MOVEMENT-01709,HISTORICAL-EMPLOYEE-0996,Historical Customer Employee 0996,Leave,2026-05-05,DEPARTMENT-004,Customer Support,,,ORGANIZATIONAL-UNIT-CS,,,,Contract completion,Yes,Historical Movement Subject,Synthetic Workforce Movement Generator
MOVEMENT-01710,HISTORICAL-EMPLOYEE-0997,Historical Customer Employee 0997,Leave,2026-05-12,DEPARTMENT-004,Customer Support,,,ORGANIZATIONAL-UNIT-CS,,,,Retirement,No,Historical Movement Subject,Synthetic Workforce Movement Generator
MOVEMENT-01711,EMP194,Shahid Ahmad,Promotion,2026-05-17,DEPARTMENT-004,Customer Support,DEPARTMENT-004,Customer Support,ORGANIZATIONAL-UNIT-CS,ORGANIZATIONAL-UNIT-CS,POS-194,HISTORICAL-PROMOTION-CS-21-01,Role expansion,No,Current Employee Record,Synthetic Workforce Movement Generator
MOVEMENT-01712,EMP072,Fahad Hassan,Promotion,2026-05-10,DEPARTMENT-004,Customer Support,DEPARTMENT-004,Customer Support,ORGANIZATIONAL-UNIT-CS,ORGANIZATIONAL-UNIT-CS,POS-072,HISTORICAL-PROMOTION-CS-21-02,Role expansion,No,Current Employee Record,Synthetic Workforce Movement Generator
MOVEMENT-01713,EMP126,Laiba Sheikh,Promotion,2026-05-14,DEPARTMENT-004,Customer Support,DEPARTMENT-004,Customer Support,ORGANIZATIONAL-UNIT-CS,ORGANIZATIONAL-UNIT-CS,POS-126,HISTORICAL-PROMOTION-CS-21-03,Annual promotion cycle,No,Current Employee Record,Synthetic Workforce Movement Generator
MOVEMENT-01714,HISTORICAL-EMPLOYEE-0998,Historical Engineering Employee 0998,Join,2026-05-07,,,DEPARTMENT-005,Engineering,,ORGANIZATIONAL-UNIT-ENG,,,Internship intake,No,Historical Movement Subject,Synthetic Workforce Movement Generator
MOVEMENT-01715,EMP006,Sehrish Tariq,Promotion,2026-05-15,DEPARTMENT-005,Engineering,DEPARTMENT-005,Engineering,ORGANIZATIONAL-UNIT-ENG,ORGANIZATIONAL-UNIT-ENG,POS-006,HISTORICAL-PROMOTION-ENG-21-01,Merit promotion,No,Current Employee Record,Synthetic Workforce Movement Generator
MOVEMENT-01716,EMP116,Ali Abbasi,Promotion,2026-05-16,DEPARTMENT-005,Engineering,DEPARTMENT-005,Engineering,ORGANIZATIONAL-UNIT-ENG,ORGANIZATIONAL-UNIT-ENG,POS-116,HISTORICAL-PROMOTION-ENG-21-02,Merit promotion,No,Current Employee Record,Synthetic Workforce Movement Generator
MOVEMENT-01717,HISTORICAL-EMPLOYEE-0999,Historical Operations Employee 0999,Join,2026-05-04,,,DEPARTMENT-006,Operations,,ORGANIZATIONAL-UNIT-OPS,,,Approved recruitment plan,No,Historical Movement Subject,Synthetic Workforce Movement Generator
MOVEMENT-01718,HISTORICAL-EMPLOYEE-1000,Historical Operations Employee 1000,Join,2026-05-25,,,DEPARTMENT-006,Operations,,ORGANIZATIONAL-UNIT-OPS,,,Growth hiring,No,Historical Movement Subject,Synthetic Workforce Movement Generator
MOVEMENT-01719,HISTORICAL-EMPLOYEE-1001,Historical Operations Employee 1001,Leave,2026-05-11,DEPARTMENT-006,Operations,,,ORGANIZATIONAL-UNIT-OPS,,,,Retirement,Yes,Historical Movement Subject,Synthetic Workforce Movement Generator
MOVEMENT-01720,EMP075,Asad Raza,Promotion,2026-05-08,DEPARTMENT-006,Operations,DEPARTMENT-006,Operations,ORGANIZATIONAL-UNIT-OPS,ORGANIZATIONAL-UNIT-OPS,POS-075,HISTORICAL-PROMOTION-OPS-21-01,Merit promotion,No,Current Employee Record,Synthetic Workforce Movement Generator
MOVEMENT-01721,EMP191,Danish Yousaf,Promotion,2026-05-23,DEPARTMENT-006,Operations,DEPARTMENT-006,Operations,ORGANIZATIONAL-UNIT-OPS,ORGANIZATIONAL-UNIT-OPS,POS-191,HISTORICAL-PROMOTION-OPS-21-02,Role expansion,No,Current Employee Record,Synthetic Workforce Movement Generator
MOVEMENT-01722,EMP158,Imran Zafar,Promotion,2026-05-07,DEPARTMENT-006,Operations,DEPARTMENT-006,Operations,ORGANIZATIONAL-UNIT-OPS,ORGANIZATIONAL-UNIT-OPS,POS-158,HISTORICAL-PROMOTION-OPS-21-03,Merit promotion,No,Current Employee Record,Synthetic Workforce Movement Generator
MOVEMENT-01723,HISTORICAL-EMPLOYEE-1002,Historical IT Employee 1002,Leave,2026-05-10,DEPARTMENT-007,IT,,,ORGANIZATIONAL-UNIT-IT,,,,Resignation,Yes,Historical Movement Subject,Synthetic Workforce Movement Generator
MOVEMENT-01724,EMP183,Zain Saleem,Promotion,2026-05-04,DEPARTMENT-007,IT,DEPARTMENT-007,IT,ORGANIZATIONAL-UNIT-IT,ORGANIZATIONAL-UNIT-IT,POS-183,HISTORICAL-PROMOTION-IT-21-01,Annual promotion cycle,No,Current Employee Record,Synthetic Workforce Movement Generator
MOVEMENT-01725,EMP033,Ali Chaudhry,Promotion,2026-05-07,DEPARTMENT-007,IT,DEPARTMENT-007,IT,ORGANIZATIONAL-UNIT-IT,ORGANIZATIONAL-UNIT-IT,POS-033,HISTORICAL-PROMOTION-IT-21-02,Merit promotion,No,Current Employee Record,Synthetic Workforce Movement Generator
MOVEMENT-01726,HISTORICAL-EMPLOYEE-1003,Historical Medical Employee 1003,Join,2026-05-18,,,DEPARTMENT-008,Medical Care,,ORGANIZATIONAL-UNIT-MED,,,Approved recruitment plan,No,Historical Movement Subject,Synthetic Workforce Movement Generator
MOVEMENT-01727,HISTORICAL-EMPLOYEE-1004,Historical Medical Employee 1004,Join,2026-05-22,,,DEPARTMENT-008,Medical Care,,ORGANIZATIONAL-UNIT-MED,,,Internship intake,No,Historical Movement Subject,Synthetic Workforce Movement Generator
MOVEMENT-01728,HISTORICAL-EMPLOYEE-1005,Historical Medical Employee 1005,Join,2026-05-09,,,DEPARTMENT-008,Medical Care,,ORGANIZATIONAL-UNIT-MED,,,Internship intake,No,Historical Movement Subject,Synthetic Workforce Movement Generator
MOVEMENT-01729,HISTORICAL-EMPLOYEE-1006,Historical Medical Employee 1006,Leave,2026-05-19,DEPARTMENT-008,Medical Care,,,ORGANIZATIONAL-UNIT-MED,,,,Resignation,Yes,Historical Movement Subject,Synthetic Workforce Movement Generator
MOVEMENT-01730,EMP352,Bilal Mughal,Promotion,2026-05-21,DEPARTMENT-008,Medical Care,DEPARTMENT-008,Medical Care,ORGANIZATIONAL-UNIT-MED,ORGANIZATIONAL-UNIT-MED,POS-344,HISTORICAL-PROMOTION-MED-21-01,Merit promotion,No,Current Employee Record,Synthetic Workforce Movement Generator
MOVEMENT-01731,EMP403,Ayesha Khan,Join,2026-05-12,,,DEPARTMENT-009,Training & Development,,ORGANIZATIONAL-UNIT-TRN,,,Approved recruitment plan,No,Current Employee Record,Synthetic Workforce Movement Generator
MOVEMENT-01732,HISTORICAL-EMPLOYEE-1007,Historical Training Employee 1007,Join,2026-05-17,,,DEPARTMENT-009,Training & Development,,ORGANIZATIONAL-UNIT-TRN,,,Approved recruitment plan,No,Historical Movement Subject,Synthetic Workforce Movement Generator
MOVEMENT-01733,HISTORICAL-EMPLOYEE-1008,Historical Training Employee 1008,Join,2026-05-23,,,DEPARTMENT-009,Training & Development,,ORGANIZATIONAL-UNIT-TRN,,,Internship intake,No,Historical Movement Subject,Synthetic Workforce Movement Generator
MOVEMENT-01734,HISTORICAL-EMPLOYEE-1009,Historical Training Employee 1009,Leave,2026-05-17,DEPARTMENT-009,Training & Development,,,ORGANIZATIONAL-UNIT-TRN,,,,Career opportunity,Yes,Historical Movement Subject,Synthetic Workforce Movement Generator
MOVEMENT-01735,HISTORICAL-EMPLOYEE-1010,Historical Training Employee 1010,Leave,2026-05-03,DEPARTMENT-009,Training & Development,,,ORGANIZATIONAL-UNIT-TRN,,,,Resignation,Yes,Historical Movement Subject,Synthetic Workforce Movement Generator
MOVEMENT-01736,EMP393,Nida Awan,Promotion,2026-05-15,DEPARTMENT-009,Training & Development,DEPARTMENT-009,Training & Development,ORGANIZATIONAL-UNIT-TRN,ORGANIZATIONAL-UNIT-TRN,POS-384,HISTORICAL-PROMOTION-TRN-21-01,Annual promotion cycle,No,Current Employee Record,Synthetic Workforce Movement Generator
MOVEMENT-01737,EMP449,Rabia Mahmood,Join,2026-05-14,,,DEPARTMENT-010,Administration & Facilities,,ORGANIZATIONAL-UNIT-ADM,,,Replacement hire,No,Current Employee Record,Synthetic Workforce Movement Generator
MOVEMENT-01738,EMP494,Anam Mahmood,Join,2026-05-18,,,DEPARTMENT-011,Legal & Compliance,,ORGANIZATIONAL-UNIT-LGL,,,Growth hiring,No,Current Employee Record,Synthetic Workforce Movement Generator
MOVEMENT-01739,HISTORICAL-EMPLOYEE-1011,Historical Legal Employee 1011,Leave,2026-05-25,DEPARTMENT-011,Legal & Compliance,,,ORGANIZATIONAL-UNIT-LGL,,,,Contract completion,Yes,Historical Movement Subject,Synthetic Workforce Movement Generator
MOVEMENT-01740,HISTORICAL-EMPLOYEE-1012,Historical Legal Employee 1012,Leave,2026-05-20,DEPARTMENT-011,Legal & Compliance,,,ORGANIZATIONAL-UNIT-LGL,,,,Career opportunity,Yes,Historical Movement Subject,Synthetic Workforce Movement Generator
MOVEMENT-01741,EMP527,Mehwish Nasir,Join,2026-05-09,,,DEPARTMENT-012,Procurement & Supply Chain,,ORGANIZATIONAL-UNIT-PRC,,,Growth hiring,No,Current Employee Record,Synthetic Workforce Movement Generator
MOVEMENT-01742,HISTORICAL-EMPLOYEE-1013,Historical Procurement Employee 1013,Join,2026-05-16,,,DEPARTMENT-012,Procurement & Supply Chain,,ORGANIZATIONAL-UNIT-PRC,,,Growth hiring,No,Historical Movement Subject,Synthetic Workforce Movement Generator
MOVEMENT-01743,HISTORICAL-EMPLOYEE-1014,Historical Procurement Employee 1014,Leave,2026-05-22,DEPARTMENT-012,Procurement & Supply Chain,,,ORGANIZATIONAL-UNIT-PRC,,,,Contract completion,Yes,Historical Movement Subject,Synthetic Workforce Movement Generator
MOVEMENT-01744,HISTORICAL-EMPLOYEE-1015,Historical Procurement Employee 1015,Leave,2026-05-02,DEPARTMENT-012,Procurement & Supply Chain,,,ORGANIZATIONAL-UNIT-PRC,,,,Retirement,Yes,Historical Movement Subject,Synthetic Workforce Movement Generator
MOVEMENT-01745,EMP503,Sara Khan,Promotion,2026-05-06,DEPARTMENT-012,Procurement & Supply Chain,DEPARTMENT-012,Procurement & Supply Chain,ORGANIZATIONAL-UNIT-PRC,ORGANIZATIONAL-UNIT-PRC,POS-491,HISTORICAL-PROMOTION-PRC-21-01,Merit promotion,No,Current Employee Record,Synthetic Workforce Movement Generator
MOVEMENT-01746,EMP522,Nida Riaz,Promotion,2026-05-14,DEPARTMENT-012,Procurement & Supply Chain,DEPARTMENT-012,Procurement & Supply Chain,ORGANIZATIONAL-UNIT-PRC,ORGANIZATIONAL-UNIT-PRC,POS-510,HISTORICAL-PROMOTION-PRC-21-02,Merit promotion,No,Current Employee Record,Synthetic Workforce Movement Generator
MOVEMENT-01747,EMP583,Noman Aziz,Join,2026-05-05,,,DEPARTMENT-013,Logistics & Warehouse,,ORGANIZATIONAL-UNIT-LOG,,,Growth hiring,No,Current Employee Record,Synthetic Workforce Movement Generator
MOVEMENT-01748,HISTORICAL-EMPLOYEE-1016,Historical Logistics Employee 1016,Join,2026-05-20,,,DEPARTMENT-013,Logistics & Warehouse,,ORGANIZATIONAL-UNIT-LOG,,,Internship intake,No,Historical Movement Subject,Synthetic Workforce Movement Generator
MOVEMENT-01749,HISTORICAL-EMPLOYEE-1017,Historical Logistics Employee 1017,Join,2026-05-20,,,DEPARTMENT-013,Logistics & Warehouse,,ORGANIZATIONAL-UNIT-LOG,,,Internship intake,No,Historical Movement Subject,Synthetic Workforce Movement Generator
MOVEMENT-01750,HISTORICAL-EMPLOYEE-1018,Historical Logistics Employee 1018,Join,2026-05-19,,,DEPARTMENT-013,Logistics & Warehouse,,ORGANIZATIONAL-UNIT-LOG,,,Replacement hire,No,Historical Movement Subject,Synthetic Workforce Movement Generator
MOVEMENT-01751,HISTORICAL-EMPLOYEE-1019,Historical Logistics Employee 1019,Leave,2026-05-18,DEPARTMENT-013,Logistics & Warehouse,,,ORGANIZATIONAL-UNIT-LOG,,,,Retirement,Yes,Historical Movement Subject,Synthetic Workforce Movement Generator
MOVEMENT-01752,HISTORICAL-EMPLOYEE-1020,Historical Logistics Employee 1020,Leave,2026-05-05,DEPARTMENT-013,Logistics & Warehouse,,,ORGANIZATIONAL-UNIT-LOG,,,,Contract completion,Yes,Historical Movement Subject,Synthetic Workforce Movement Generator
MOVEMENT-01753,EMP570,Komal Farooq,Promotion,2026-05-19,DEPARTMENT-013,Logistics & Warehouse,DEPARTMENT-013,Logistics & Warehouse,ORGANIZATIONAL-UNIT-LOG,ORGANIZATIONAL-UNIT-LOG,POS-557,HISTORICAL-PROMOTION-LOG-21-01,Annual promotion cycle,No,Current Employee Record,Synthetic Workforce Movement Generator
MOVEMENT-01754,EMP565,Rabia Tariq,Promotion,2026-05-12,DEPARTMENT-013,Logistics & Warehouse,DEPARTMENT-013,Logistics & Warehouse,ORGANIZATIONAL-UNIT-LOG,ORGANIZATIONAL-UNIT-LOG,POS-552,HISTORICAL-PROMOTION-LOG-21-02,Annual promotion cycle,No,Current Employee Record,Synthetic Workforce Movement Generator
MOVEMENT-01755,EMP573,Junaid Javed,Promotion,2026-05-25,DEPARTMENT-013,Logistics & Warehouse,DEPARTMENT-013,Logistics & Warehouse,ORGANIZATIONAL-UNIT-LOG,ORGANIZATIONAL-UNIT-LOG,POS-560,HISTORICAL-PROMOTION-LOG-21-03,Role expansion,No,Current Employee Record,Synthetic Workforce Movement Generator
MOVEMENT-01756,EMP629,Bilal Malik,Join,2026-05-23,,,DEPARTMENT-014,Production & Manufacturing,,ORGANIZATIONAL-UNIT-PRD,,,Replacement hire,No,Current Employee Record,Synthetic Workforce Movement Generator
MOVEMENT-01757,HISTORICAL-EMPLOYEE-1021,Historical Production Employee 1021,Join,2026-05-19,,,DEPARTMENT-014,Production & Manufacturing,,ORGANIZATIONAL-UNIT-PRD,,,Internship intake,No,Historical Movement Subject,Synthetic Workforce Movement Generator
MOVEMENT-01758,HISTORICAL-EMPLOYEE-1022,Historical Production Employee 1022,Join,2026-05-16,,,DEPARTMENT-014,Production & Manufacturing,,ORGANIZATIONAL-UNIT-PRD,,,Growth hiring,No,Historical Movement Subject,Synthetic Workforce Movement Generator
MOVEMENT-01759,HISTORICAL-EMPLOYEE-1023,Historical Production Employee 1023,Join,2026-05-15,,,DEPARTMENT-014,Production & Manufacturing,,ORGANIZATIONAL-UNIT-PRD,,,Growth hiring,No,Historical Movement Subject,Synthetic Workforce Movement Generator
MOVEMENT-01760,HISTORICAL-EMPLOYEE-1024,Historical Production Employee 1024,Join,2026-05-18,,,DEPARTMENT-014,Production & Manufacturing,,ORGANIZATIONAL-UNIT-PRD,,,Internship intake,No,Historical Movement Subject,Synthetic Workforce Movement Generator
MOVEMENT-01761,HISTORICAL-EMPLOYEE-1025,Historical Production Employee 1025,Leave,2026-05-11,DEPARTMENT-014,Production & Manufacturing,,,ORGANIZATIONAL-UNIT-PRD,,,,Career opportunity,Yes,Historical Movement Subject,Synthetic Workforce Movement Generator
MOVEMENT-01762,HISTORICAL-EMPLOYEE-1026,Historical Production Employee 1026,Leave,2026-05-06,DEPARTMENT-014,Production & Manufacturing,,,ORGANIZATIONAL-UNIT-PRD,,,,Retirement,No,Historical Movement Subject,Synthetic Workforce Movement Generator
MOVEMENT-01763,EMP595,Noman Dar,Promotion,2026-05-15,DEPARTMENT-014,Production & Manufacturing,DEPARTMENT-014,Production & Manufacturing,ORGANIZATIONAL-UNIT-PRD,ORGANIZATIONAL-UNIT-PRD,POS-581,HISTORICAL-PROMOTION-PRD-21-01,Annual promotion cycle,No,Current Employee Record,Synthetic Workforce Movement Generator
MOVEMENT-01764,HISTORICAL-EMPLOYEE-1027,Historical Research Employee 1027,Join,2026-05-22,,,DEPARTMENT-016,Research & Development,,ORGANIZATIONAL-UNIT-RND,,,Replacement hire,No,Historical Movement Subject,Synthetic Workforce Movement Generator
MOVEMENT-01765,HISTORICAL-EMPLOYEE-1028,Historical Research Employee 1028,Join,2026-05-17,,,DEPARTMENT-016,Research & Development,,ORGANIZATIONAL-UNIT-RND,,,Internship intake,No,Historical Movement Subject,Synthetic Workforce Movement Generator
MOVEMENT-01766,HISTORICAL-EMPLOYEE-1029,Historical Research Employee 1029,Join,2026-05-04,,,DEPARTMENT-016,Research & Development,,ORGANIZATIONAL-UNIT-RND,,,Internship intake,No,Historical Movement Subject,Synthetic Workforce Movement Generator
MOVEMENT-01767,HISTORICAL-EMPLOYEE-1030,Historical Research Employee 1030,Join,2026-05-10,,,DEPARTMENT-016,Research & Development,,ORGANIZATIONAL-UNIT-RND,,,Growth hiring,No,Historical Movement Subject,Synthetic Workforce Movement Generator
MOVEMENT-01768,HISTORICAL-EMPLOYEE-1031,Historical Research Employee 1031,Leave,2026-05-20,DEPARTMENT-016,Research & Development,,,ORGANIZATIONAL-UNIT-RND,,,,Resignation,No,Historical Movement Subject,Synthetic Workforce Movement Generator
MOVEMENT-01769,HISTORICAL-EMPLOYEE-1032,Historical Research Employee 1032,Leave,2026-05-02,DEPARTMENT-016,Research & Development,,,ORGANIZATIONAL-UNIT-RND,,,,Retirement,Yes,Historical Movement Subject,Synthetic Workforce Movement Generator
MOVEMENT-01770,HISTORICAL-EMPLOYEE-1033,Historical Research Employee 1033,Leave,2026-05-11,DEPARTMENT-016,Research & Development,,,ORGANIZATIONAL-UNIT-RND,,,,Retirement,Yes,Historical Movement Subject,Synthetic Workforce Movement Generator
MOVEMENT-01771,EMP339,Saba Saleem,Transfer,2026-06-08,DEPARTMENT-008,Medical Care,DEPARTMENT-012,Procurement & Supply Chain,ORGANIZATIONAL-UNIT-MED,ORGANIZATIONAL-UNIT-PRC,POS-331,HISTORICAL-DESTINATION-PRC-22,Business requirement,Yes,Current Employee Record,Synthetic Workforce Movement Generator
MOVEMENT-01772,EMP596,Laiba Yousaf,Transfer,2026-06-09,DEPARTMENT-014,Production & Manufacturing,DEPARTMENT-008,Medical Care,ORGANIZATIONAL-UNIT-PRD,ORGANIZATIONAL-UNIT-MED,POS-582,HISTORICAL-DESTINATION-MED-22,Business requirement,Yes,Current Employee Record,Synthetic Workforce Movement Generator
MOVEMENT-01773,EMP303,Saba Hameed,Transfer,2026-06-04,DEPARTMENT-007,IT,DEPARTMENT-010,Administration & Facilities,ORGANIZATIONAL-UNIT-IT,ORGANIZATIONAL-UNIT-ADM,POS-296,HISTORICAL-DESTINATION-ADM-22,Employee request,Yes,Current Employee Record,Synthetic Workforce Movement Generator
MOVEMENT-01774,EMP193,Zain Qureshi,Transfer,2026-06-14,DEPARTMENT-006,Operations,DEPARTMENT-010,Administration & Facilities,ORGANIZATIONAL-UNIT-OPS,ORGANIZATIONAL-UNIT-ADM,POS-193,HISTORICAL-DESTINATION-ADM-22,Workforce balancing,Yes,Current Employee Record,Synthetic Workforce Movement Generator
MOVEMENT-01775,HISTORICAL-EMPLOYEE-1034,Historical HR Employee 1034,Join,2026-06-17,,,DEPARTMENT-001,HR,,ORGANIZATIONAL-UNIT-HR,,,Replacement hire,No,Historical Movement Subject,Synthetic Workforce Movement Generator
MOVEMENT-01776,HISTORICAL-EMPLOYEE-1035,Historical HR Employee 1035,Join,2026-06-10,,,DEPARTMENT-001,HR,,ORGANIZATIONAL-UNIT-HR,,,Approved recruitment plan,No,Historical Movement Subject,Synthetic Workforce Movement Generator
MOVEMENT-01777,HISTORICAL-EMPLOYEE-1036,Historical HR Employee 1036,Leave,2026-06-15,DEPARTMENT-001,HR,,,ORGANIZATIONAL-UNIT-HR,,,,Resignation,No,Historical Movement Subject,Synthetic Workforce Movement Generator
MOVEMENT-01778,HISTORICAL-EMPLOYEE-1037,Historical HR Employee 1037,Leave,2026-06-11,DEPARTMENT-001,HR,,,ORGANIZATIONAL-UNIT-HR,,,,Career opportunity,Yes,Historical Movement Subject,Synthetic Workforce Movement Generator
MOVEMENT-01779,HISTORICAL-EMPLOYEE-1038,Historical HR Employee 1038,Leave,2026-06-17,DEPARTMENT-001,HR,,,ORGANIZATIONAL-UNIT-HR,,,,Resignation,Yes,Historical Movement Subject,Synthetic Workforce Movement Generator
MOVEMENT-01780,EMP089,Muneeb Haider,Promotion,2026-06-12,DEPARTMENT-001,HR,DEPARTMENT-001,HR,ORGANIZATIONAL-UNIT-HR,ORGANIZATIONAL-UNIT-HR,POS-089,HISTORICAL-PROMOTION-HR-22-01,Role expansion,No,Current Employee Record,Synthetic Workforce Movement Generator
MOVEMENT-01781,EMP013,Anum Ahmad,Promotion,2026-06-14,DEPARTMENT-001,HR,DEPARTMENT-001,HR,ORGANIZATIONAL-UNIT-HR,ORGANIZATIONAL-UNIT-HR,POS-013,HISTORICAL-PROMOTION-HR-22-02,Role expansion,No,Current Employee Record,Synthetic Workforce Movement Generator
MOVEMENT-01782,EMP213,Talha Khalid,Promotion,2026-06-08,DEPARTMENT-001,HR,DEPARTMENT-001,HR,ORGANIZATIONAL-UNIT-HR,ORGANIZATIONAL-UNIT-HR,POS-212,HISTORICAL-PROMOTION-HR-22-03,Annual promotion cycle,No,Current Employee Record,Synthetic Workforce Movement Generator
MOVEMENT-01783,HISTORICAL-EMPLOYEE-1039,Historical Finance Employee 1039,Join,2026-06-07,,,DEPARTMENT-002,Finance,,ORGANIZATIONAL-UNIT-FIN,,,Approved recruitment plan,No,Historical Movement Subject,Synthetic Workforce Movement Generator
MOVEMENT-01784,HISTORICAL-EMPLOYEE-1040,Historical Finance Employee 1040,Leave,2026-06-03,DEPARTMENT-002,Finance,,,ORGANIZATIONAL-UNIT-FIN,,,,Retirement,No,Historical Movement Subject,Synthetic Workforce Movement Generator
MOVEMENT-01785,EMP091,Nida Mughal,Promotion,2026-06-13,DEPARTMENT-002,Finance,DEPARTMENT-002,Finance,ORGANIZATIONAL-UNIT-FIN,ORGANIZATIONAL-UNIT-FIN,POS-091,HISTORICAL-PROMOTION-FIN-22-01,Annual promotion cycle,No,Current Employee Record,Synthetic Workforce Movement Generator
MOVEMENT-01786,HISTORICAL-EMPLOYEE-1041,Historical Sales Employee 1041,Join,2026-06-18,,,DEPARTMENT-003,Sales,,ORGANIZATIONAL-UNIT-SAL,,,Approved recruitment plan,No,Historical Movement Subject,Synthetic Workforce Movement Generator
MOVEMENT-01787,EMP254,Farhan Awan,Promotion,2026-06-07,DEPARTMENT-003,Sales,DEPARTMENT-003,Sales,ORGANIZATIONAL-UNIT-SAL,ORGANIZATIONAL-UNIT-SAL,POS-251,HISTORICAL-PROMOTION-SAL-22-01,Role expansion,No,Current Employee Record,Synthetic Workforce Movement Generator
MOVEMENT-01788,EMP063,Ahmad Tariq,Promotion,2026-06-05,DEPARTMENT-003,Sales,DEPARTMENT-003,Sales,ORGANIZATIONAL-UNIT-SAL,ORGANIZATIONAL-UNIT-SAL,POS-063,HISTORICAL-PROMOTION-SAL-22-02,Merit promotion,No,Current Employee Record,Synthetic Workforce Movement Generator
MOVEMENT-01789,EMP192,Kashif Hussain,Promotion,2026-06-22,DEPARTMENT-003,Sales,DEPARTMENT-003,Sales,ORGANIZATIONAL-UNIT-SAL,ORGANIZATIONAL-UNIT-SAL,POS-192,HISTORICAL-PROMOTION-SAL-22-03,Annual promotion cycle,No,Current Employee Record,Synthetic Workforce Movement Generator
MOVEMENT-01790,EMP265,Danish Saleem,Join,2026-06-14,,,DEPARTMENT-004,Customer Support,,ORGANIZATIONAL-UNIT-CS,,,Growth hiring,No,Current Employee Record,Synthetic Workforce Movement Generator
MOVEMENT-01791,EMP072,Fahad Hassan,Promotion,2026-06-22,DEPARTMENT-004,Customer Support,DEPARTMENT-004,Customer Support,ORGANIZATIONAL-UNIT-CS,ORGANIZATIONAL-UNIT-CS,POS-072,HISTORICAL-PROMOTION-CS-22-01,Role expansion,No,Current Employee Record,Synthetic Workforce Movement Generator
MOVEMENT-01792,EMP263,Anusha Rauf,Promotion,2026-06-09,DEPARTMENT-004,Customer Support,DEPARTMENT-004,Customer Support,ORGANIZATIONAL-UNIT-CS,ORGANIZATIONAL-UNIT-CS,POS-259,HISTORICAL-PROMOTION-CS-22-02,Role expansion,No,Current Employee Record,Synthetic Workforce Movement Generator
MOVEMENT-01793,EMP262,Omar Riaz,Promotion,2026-06-03,DEPARTMENT-004,Customer Support,DEPARTMENT-004,Customer Support,ORGANIZATIONAL-UNIT-CS,ORGANIZATIONAL-UNIT-CS,POS-258,HISTORICAL-PROMOTION-CS-22-03,Annual promotion cycle,No,Current Employee Record,Synthetic Workforce Movement Generator
MOVEMENT-01794,EMP274,Adnan Awan,Join,2026-06-24,,,DEPARTMENT-005,Engineering,,ORGANIZATIONAL-UNIT-ENG,,,Approved recruitment plan,No,Current Employee Record,Synthetic Workforce Movement Generator
MOVEMENT-01795,HISTORICAL-EMPLOYEE-1042,Historical Engineering Employee 1042,Join,2026-06-12,,,DEPARTMENT-005,Engineering,,ORGANIZATIONAL-UNIT-ENG,,,Internship intake,No,Historical Movement Subject,Synthetic Workforce Movement Generator
MOVEMENT-01796,HISTORICAL-EMPLOYEE-1043,Historical Engineering Employee 1043,Join,2026-06-11,,,DEPARTMENT-005,Engineering,,ORGANIZATIONAL-UNIT-ENG,,,Replacement hire,No,Historical Movement Subject,Synthetic Workforce Movement Generator
MOVEMENT-01797,HISTORICAL-EMPLOYEE-1044,Historical Engineering Employee 1044,Leave,2026-06-07,DEPARTMENT-005,Engineering,,,ORGANIZATIONAL-UNIT-ENG,,,,Retirement,Yes,Historical Movement Subject,Synthetic Workforce Movement Generator
MOVEMENT-01798,HISTORICAL-EMPLOYEE-1045,Historical Engineering Employee 1045,Leave,2026-06-07,DEPARTMENT-005,Engineering,,,ORGANIZATIONAL-UNIT-ENG,,,,Resignation,Yes,Historical Movement Subject,Synthetic Workforce Movement Generator
MOVEMENT-01799,HISTORICAL-EMPLOYEE-1046,Historical Engineering Employee 1046,Leave,2026-06-16,DEPARTMENT-005,Engineering,,,ORGANIZATIONAL-UNIT-ENG,,,,Contract completion,Yes,Historical Movement Subject,Synthetic Workforce Movement Generator
MOVEMENT-01800,EMP273,Haris Ejaz,Promotion,2026-06-22,DEPARTMENT-005,Engineering,DEPARTMENT-005,Engineering,ORGANIZATIONAL-UNIT-ENG,ORGANIZATIONAL-UNIT-ENG,POS-268,HISTORICAL-PROMOTION-ENG-22-01,Role expansion,No,Current Employee Record,Synthetic Workforce Movement Generator
MOVEMENT-01801,EMP076,Fahad Shah,Promotion,2026-06-07,DEPARTMENT-005,Engineering,DEPARTMENT-005,Engineering,ORGANIZATIONAL-UNIT-ENG,ORGANIZATIONAL-UNIT-ENG,POS-076,HISTORICAL-PROMOTION-ENG-22-02,Annual promotion cycle,No,Current Employee Record,Synthetic Workforce Movement Generator
MOVEMENT-01802,EMP010,Salman Shah,Promotion,2026-06-22,DEPARTMENT-005,Engineering,DEPARTMENT-005,Engineering,ORGANIZATIONAL-UNIT-ENG,ORGANIZATIONAL-UNIT-ENG,POS-010,HISTORICAL-PROMOTION-ENG-22-03,Role expansion,No,Current Employee Record,Synthetic Workforce Movement Generator
MOVEMENT-01803,HISTORICAL-EMPLOYEE-1047,Historical Operations Employee 1047,Join,2026-06-10,,,DEPARTMENT-006,Operations,,ORGANIZATIONAL-UNIT-OPS,,,Replacement hire,No,Historical Movement Subject,Synthetic Workforce Movement Generator
MOVEMENT-01804,HISTORICAL-EMPLOYEE-1048,Historical Operations Employee 1048,Join,2026-06-14,,,DEPARTMENT-006,Operations,,ORGANIZATIONAL-UNIT-OPS,,,Growth hiring,No,Historical Movement Subject,Synthetic Workforce Movement Generator
MOVEMENT-01805,EMP187,Nida Mahmood,Promotion,2026-06-19,DEPARTMENT-006,Operations,DEPARTMENT-006,Operations,ORGANIZATIONAL-UNIT-OPS,ORGANIZATIONAL-UNIT-OPS,POS-187,HISTORICAL-PROMOTION-OPS-22-01,Merit promotion,No,Current Employee Record,Synthetic Workforce Movement Generator
MOVEMENT-01806,EMP075,Asad Raza,Promotion,2026-06-04,DEPARTMENT-006,Operations,DEPARTMENT-006,Operations,ORGANIZATIONAL-UNIT-OPS,ORGANIZATIONAL-UNIT-OPS,POS-075,HISTORICAL-PROMOTION-OPS-22-02,Annual promotion cycle,No,Current Employee Record,Synthetic Workforce Movement Generator
MOVEMENT-01807,HISTORICAL-EMPLOYEE-1049,Historical IT Employee 1049,Join,2026-06-04,,,DEPARTMENT-007,IT,,ORGANIZATIONAL-UNIT-IT,,,Internship intake,No,Historical Movement Subject,Synthetic Workforce Movement Generator
MOVEMENT-01808,HISTORICAL-EMPLOYEE-1050,Historical IT Employee 1050,Join,2026-06-05,,,DEPARTMENT-007,IT,,ORGANIZATIONAL-UNIT-IT,,,Replacement hire,No,Historical Movement Subject,Synthetic Workforce Movement Generator
MOVEMENT-01809,HISTORICAL-EMPLOYEE-1051,Historical IT Employee 1051,Join,2026-06-16,,,DEPARTMENT-007,IT,,ORGANIZATIONAL-UNIT-IT,,,Internship intake,No,Historical Movement Subject,Synthetic Workforce Movement Generator
MOVEMENT-01810,HISTORICAL-EMPLOYEE-1052,Historical IT Employee 1052,Leave,2026-06-24,DEPARTMENT-007,IT,,,ORGANIZATIONAL-UNIT-IT,,,,Retirement,Yes,Historical Movement Subject,Synthetic Workforce Movement Generator
MOVEMENT-01811,EMP360,Omar Qureshi,Join,2026-06-22,,,DEPARTMENT-008,Medical Care,,ORGANIZATIONAL-UNIT-MED,,,Internship intake,No,Current Employee Record,Synthetic Workforce Movement Generator
MOVEMENT-01812,HISTORICAL-EMPLOYEE-1053,Historical Medical Employee 1053,Join,2026-06-13,,,DEPARTMENT-008,Medical Care,,ORGANIZATIONAL-UNIT-MED,,,Growth hiring,No,Historical Movement Subject,Synthetic Workforce Movement Generator
MOVEMENT-01813,HISTORICAL-EMPLOYEE-1054,Historical Medical Employee 1054,Join,2026-06-16,,,DEPARTMENT-008,Medical Care,,ORGANIZATIONAL-UNIT-MED,,,Approved recruitment plan,No,Historical Movement Subject,Synthetic Workforce Movement Generator
MOVEMENT-01814,HISTORICAL-EMPLOYEE-1055,Historical Medical Employee 1055,Leave,2026-06-03,DEPARTMENT-008,Medical Care,,,ORGANIZATIONAL-UNIT-MED,,,,Career opportunity,Yes,Historical Movement Subject,Synthetic Workforce Movement Generator
MOVEMENT-01815,HISTORICAL-EMPLOYEE-1056,Historical Medical Employee 1056,Leave,2026-06-07,DEPARTMENT-008,Medical Care,,,ORGANIZATIONAL-UNIT-MED,,,,Contract completion,Yes,Historical Movement Subject,Synthetic Workforce Movement Generator
MOVEMENT-01816,HISTORICAL-EMPLOYEE-1057,Historical Medical Employee 1057,Leave,2026-06-25,DEPARTMENT-008,Medical Care,,,ORGANIZATIONAL-UNIT-MED,,,,Resignation,Yes,Historical Movement Subject,Synthetic Workforce Movement Generator
MOVEMENT-01817,EMP323,Rabia Bukhari,Promotion,2026-06-22,DEPARTMENT-008,Medical Care,DEPARTMENT-008,Medical Care,ORGANIZATIONAL-UNIT-MED,ORGANIZATIONAL-UNIT-MED,POS-315,HISTORICAL-PROMOTION-MED-22-01,Role expansion,No,Current Employee Record,Synthetic Workforce Movement Generator
MOVEMENT-01818,EMP331,Iqra Saleem,Promotion,2026-06-05,DEPARTMENT-008,Medical Care,DEPARTMENT-008,Medical Care,ORGANIZATIONAL-UNIT-MED,ORGANIZATIONAL-UNIT-MED,POS-323,HISTORICAL-PROMOTION-MED-22-02,Annual promotion cycle,No,Current Employee Record,Synthetic Workforce Movement Generator
MOVEMENT-01819,EMP388,Kashif Mughal,Promotion,2026-06-04,DEPARTMENT-009,Training & Development,DEPARTMENT-009,Training & Development,ORGANIZATIONAL-UNIT-TRN,ORGANIZATIONAL-UNIT-TRN,POS-379,HISTORICAL-PROMOTION-TRN-22-01,Annual promotion cycle,No,Current Employee Record,Synthetic Workforce Movement Generator
MOVEMENT-01820,EMP378,Anam Qureshi,Promotion,2026-06-15,DEPARTMENT-009,Training & Development,DEPARTMENT-009,Training & Development,ORGANIZATIONAL-UNIT-TRN,ORGANIZATIONAL-UNIT-TRN,POS-369,HISTORICAL-PROMOTION-TRN-22-02,Role expansion,No,Current Employee Record,Synthetic Workforce Movement Generator
MOVEMENT-01821,HISTORICAL-EMPLOYEE-1058,Historical Administration Employee 1058,Leave,2026-06-05,DEPARTMENT-010,Administration & Facilities,,,ORGANIZATIONAL-UNIT-ADM,,,,Retirement,No,Historical Movement Subject,Synthetic Workforce Movement Generator
MOVEMENT-01822,HISTORICAL-EMPLOYEE-1059,Historical Administration Employee 1059,Leave,2026-06-11,DEPARTMENT-010,Administration & Facilities,,,ORGANIZATIONAL-UNIT-ADM,,,,Retirement,Yes,Historical Movement Subject,Synthetic Workforce Movement Generator
MOVEMENT-01823,EMP435,Kamran Sultan,Promotion,2026-06-04,DEPARTMENT-010,Administration & Facilities,DEPARTMENT-010,Administration & Facilities,ORGANIZATIONAL-UNIT-ADM,ORGANIZATIONAL-UNIT-ADM,POS-425,HISTORICAL-PROMOTION-ADM-22-01,Merit promotion,No,Current Employee Record,Synthetic Workforce Movement Generator
MOVEMENT-01824,EMP438,Fahad Habib,Promotion,2026-06-11,DEPARTMENT-010,Administration & Facilities,DEPARTMENT-010,Administration & Facilities,ORGANIZATIONAL-UNIT-ADM,ORGANIZATIONAL-UNIT-ADM,POS-428,HISTORICAL-PROMOTION-ADM-22-02,Merit promotion,No,Current Employee Record,Synthetic Workforce Movement Generator
MOVEMENT-01825,HISTORICAL-EMPLOYEE-1060,Historical Legal Employee 1060,Leave,2026-06-10,DEPARTMENT-011,Legal & Compliance,,,ORGANIZATIONAL-UNIT-LGL,,,,Contract completion,Yes,Historical Movement Subject,Synthetic Workforce Movement Generator
MOVEMENT-01826,HISTORICAL-EMPLOYEE-1061,Historical Legal Employee 1061,Leave,2026-06-03,DEPARTMENT-011,Legal & Compliance,,,ORGANIZATIONAL-UNIT-LGL,,,,Contract completion,Yes,Historical Movement Subject,Synthetic Workforce Movement Generator
MOVEMENT-01827,EMP464,Nida Ismail,Promotion,2026-06-15,DEPARTMENT-011,Legal & Compliance,DEPARTMENT-011,Legal & Compliance,ORGANIZATIONAL-UNIT-LGL,ORGANIZATIONAL-UNIT-LGL,POS-453,HISTORICAL-PROMOTION-LGL-22-01,Merit promotion,No,Current Employee Record,Synthetic Workforce Movement Generator
MOVEMENT-01828,EMP486,Junaid Nadeem,Promotion,2026-06-02,DEPARTMENT-011,Legal & Compliance,DEPARTMENT-011,Legal & Compliance,ORGANIZATIONAL-UNIT-LGL,ORGANIZATIONAL-UNIT-LGL,POS-475,HISTORICAL-PROMOTION-LGL-22-02,Role expansion,No,Current Employee Record,Synthetic Workforce Movement Generator
MOVEMENT-01829,EMP539,Noman Ali,Join,2026-06-05,,,DEPARTMENT-012,Procurement & Supply Chain,,ORGANIZATIONAL-UNIT-PRC,,,Internship intake,No,Current Employee Record,Synthetic Workforce Movement Generator
MOVEMENT-01830,HISTORICAL-EMPLOYEE-1062,Historical Procurement Employee 1062,Join,2026-06-21,,,DEPARTMENT-012,Procurement & Supply Chain,,ORGANIZATIONAL-UNIT-PRC,,,Internship intake,No,Historical Movement Subject,Synthetic Workforce Movement Generator
MOVEMENT-01831,HISTORICAL-EMPLOYEE-1063,Historical Procurement Employee 1063,Join,2026-06-18,,,DEPARTMENT-012,Procurement & Supply Chain,,ORGANIZATIONAL-UNIT-PRC,,,Growth hiring,No,Historical Movement Subject,Synthetic Workforce Movement Generator
MOVEMENT-01832,HISTORICAL-EMPLOYEE-1064,Historical Procurement Employee 1064,Leave,2026-06-04,DEPARTMENT-012,Procurement & Supply Chain,,,ORGANIZATIONAL-UNIT-PRC,,,,Resignation,No,Historical Movement Subject,Synthetic Workforce Movement Generator
MOVEMENT-01833,HISTORICAL-EMPLOYEE-1065,Historical Procurement Employee 1065,Leave,2026-06-19,DEPARTMENT-012,Procurement & Supply Chain,,,ORGANIZATIONAL-UNIT-PRC,,,,Retirement,Yes,Historical Movement Subject,Synthetic Workforce Movement Generator
MOVEMENT-01834,HISTORICAL-EMPLOYEE-1066,Historical Procurement Employee 1066,Leave,2026-06-05,DEPARTMENT-012,Procurement & Supply Chain,,,ORGANIZATIONAL-UNIT-PRC,,,,Contract completion,Yes,Historical Movement Subject,Synthetic Workforce Movement Generator
MOVEMENT-01835,EMP518,Maryam Mughal,Promotion,2026-06-07,DEPARTMENT-012,Procurement & Supply Chain,DEPARTMENT-012,Procurement & Supply Chain,ORGANIZATIONAL-UNIT-PRC,ORGANIZATIONAL-UNIT-PRC,POS-506,HISTORICAL-PROMOTION-PRC-22-01,Annual promotion cycle,No,Current Employee Record,Synthetic Workforce Movement Generator
MOVEMENT-01836,HISTORICAL-EMPLOYEE-1067,Historical Logistics Employee 1067,Join,2026-06-08,,,DEPARTMENT-013,Logistics & Warehouse,,ORGANIZATIONAL-UNIT-LOG,,,Growth hiring,No,Historical Movement Subject,Synthetic Workforce Movement Generator
MOVEMENT-01837,HISTORICAL-EMPLOYEE-1068,Historical Logistics Employee 1068,Leave,2026-06-09,DEPARTMENT-013,Logistics & Warehouse,,,ORGANIZATIONAL-UNIT-LOG,,,,Resignation,Yes,Historical Movement Subject,Synthetic Workforce Movement Generator
MOVEMENT-01838,HISTORICAL-EMPLOYEE-1069,Historical Logistics Employee 1069,Leave,2026-06-06,DEPARTMENT-013,Logistics & Warehouse,,,ORGANIZATIONAL-UNIT-LOG,,,,Resignation,Yes,Historical Movement Subject,Synthetic Workforce Movement Generator
MOVEMENT-01839,EMP576,Fatima Sultan,Promotion,2026-06-05,DEPARTMENT-013,Logistics & Warehouse,DEPARTMENT-013,Logistics & Warehouse,ORGANIZATIONAL-UNIT-LOG,ORGANIZATIONAL-UNIT-LOG,POS-563,HISTORICAL-PROMOTION-LOG-22-01,Annual promotion cycle,No,Current Employee Record,Synthetic Workforce Movement Generator
MOVEMENT-01840,EMP574,Ahmed Javed,Promotion,2026-06-15,DEPARTMENT-013,Logistics & Warehouse,DEPARTMENT-013,Logistics & Warehouse,ORGANIZATIONAL-UNIT-LOG,ORGANIZATIONAL-UNIT-LOG,POS-561,HISTORICAL-PROMOTION-LOG-22-02,Annual promotion cycle,No,Current Employee Record,Synthetic Workforce Movement Generator
MOVEMENT-01841,EMP550,Hira Faisal,Promotion,2026-06-19,DEPARTMENT-013,Logistics & Warehouse,DEPARTMENT-013,Logistics & Warehouse,ORGANIZATIONAL-UNIT-LOG,ORGANIZATIONAL-UNIT-LOG,POS-537,HISTORICAL-PROMOTION-LOG-22-03,Annual promotion cycle,No,Current Employee Record,Synthetic Workforce Movement Generator
MOVEMENT-01842,HISTORICAL-EMPLOYEE-1070,Historical Production Employee 1070,Join,2026-06-17,,,DEPARTMENT-014,Production & Manufacturing,,ORGANIZATIONAL-UNIT-PRD,,,Growth hiring,No,Historical Movement Subject,Synthetic Workforce Movement Generator
MOVEMENT-01843,EMP596,Laiba Yousaf,Promotion,2026-06-19,DEPARTMENT-014,Production & Manufacturing,DEPARTMENT-014,Production & Manufacturing,ORGANIZATIONAL-UNIT-PRD,ORGANIZATIONAL-UNIT-PRD,POS-582,HISTORICAL-PROMOTION-PRD-22-01,Annual promotion cycle,No,Current Employee Record,Synthetic Workforce Movement Generator
MOVEMENT-01844,EMP611,Omar Mahmood,Promotion,2026-06-06,DEPARTMENT-014,Production & Manufacturing,DEPARTMENT-014,Production & Manufacturing,ORGANIZATIONAL-UNIT-PRD,ORGANIZATIONAL-UNIT-PRD,POS-597,HISTORICAL-PROMOTION-PRD-22-02,Merit promotion,No,Current Employee Record,Synthetic Workforce Movement Generator
MOVEMENT-01845,EMP622,Omar Latif,Promotion,2026-06-09,DEPARTMENT-014,Production & Manufacturing,DEPARTMENT-014,Production & Manufacturing,ORGANIZATIONAL-UNIT-PRD,ORGANIZATIONAL-UNIT-PRD,POS-608,HISTORICAL-PROMOTION-PRD-22-03,Annual promotion cycle,No,Current Employee Record,Synthetic Workforce Movement Generator
MOVEMENT-01846,HISTORICAL-EMPLOYEE-1071,Historical Quality Employee 1071,Join,2026-06-25,,,DEPARTMENT-015,Quality Assurance,,ORGANIZATIONAL-UNIT-QAS,,,Internship intake,No,Historical Movement Subject,Synthetic Workforce Movement Generator
MOVEMENT-01847,HISTORICAL-EMPLOYEE-1072,Historical Quality Employee 1072,Join,2026-06-11,,,DEPARTMENT-015,Quality Assurance,,ORGANIZATIONAL-UNIT-QAS,,,Replacement hire,No,Historical Movement Subject,Synthetic Workforce Movement Generator
MOVEMENT-01848,HISTORICAL-EMPLOYEE-1073,Historical Quality Employee 1073,Leave,2026-06-07,DEPARTMENT-015,Quality Assurance,,,ORGANIZATIONAL-UNIT-QAS,,,,Resignation,Yes,Historical Movement Subject,Synthetic Workforce Movement Generator
MOVEMENT-01849,HISTORICAL-EMPLOYEE-1074,Historical Quality Employee 1074,Leave,2026-06-05,DEPARTMENT-015,Quality Assurance,,,ORGANIZATIONAL-UNIT-QAS,,,,Contract completion,Yes,Historical Movement Subject,Synthetic Workforce Movement Generator
MOVEMENT-01850,EMP668,Talha Nawaz,Promotion,2026-06-02,DEPARTMENT-015,Quality Assurance,DEPARTMENT-015,Quality Assurance,ORGANIZATIONAL-UNIT-QAS,ORGANIZATIONAL-UNIT-QAS,POS-653,HISTORICAL-PROMOTION-QAS-22-01,Annual promotion cycle,No,Current Employee Record,Synthetic Workforce Movement Generator
MOVEMENT-01851,EMP665,Taha Waheed,Promotion,2026-06-25,DEPARTMENT-015,Quality Assurance,DEPARTMENT-015,Quality Assurance,ORGANIZATIONAL-UNIT-QAS,ORGANIZATIONAL-UNIT-QAS,POS-650,HISTORICAL-PROMOTION-QAS-22-02,Role expansion,No,Current Employee Record,Synthetic Workforce Movement Generator
MOVEMENT-01852,EMP670,Kinza Aziz,Promotion,2026-06-20,DEPARTMENT-015,Quality Assurance,DEPARTMENT-015,Quality Assurance,ORGANIZATIONAL-UNIT-QAS,ORGANIZATIONAL-UNIT-QAS,POS-655,HISTORICAL-PROMOTION-QAS-22-03,Role expansion,No,Current Employee Record,Synthetic Workforce Movement Generator
MOVEMENT-01853,HISTORICAL-EMPLOYEE-1075,Historical Research Employee 1075,Leave,2026-06-06,DEPARTMENT-016,Research & Development,,,ORGANIZATIONAL-UNIT-RND,,,,Contract completion,Yes,Historical Movement Subject,Synthetic Workforce Movement Generator
MOVEMENT-01854,EMP689,Areeba Latif,Promotion,2026-06-07,DEPARTMENT-016,Research & Development,DEPARTMENT-016,Research & Development,ORGANIZATIONAL-UNIT-RND,ORGANIZATIONAL-UNIT-RND,POS-673,HISTORICAL-PROMOTION-RND-22-01,Role expansion,No,Current Employee Record,Synthetic Workforce Movement Generator
MOVEMENT-01855,EMP694,Omar Khan,Promotion,2026-06-10,DEPARTMENT-016,Research & Development,DEPARTMENT-016,Research & Development,ORGANIZATIONAL-UNIT-RND,ORGANIZATIONAL-UNIT-RND,POS-678,HISTORICAL-PROMOTION-RND-22-02,Merit promotion,No,Current Employee Record,Synthetic Workforce Movement Generator
MOVEMENT-01856,EMP699,Maha Shah,Promotion,2026-06-07,DEPARTMENT-016,Research & Development,DEPARTMENT-016,Research & Development,ORGANIZATIONAL-UNIT-RND,ORGANIZATIONAL-UNIT-RND,POS-683,HISTORICAL-PROMOTION-RND-22-03,Role expansion,No,Current Employee Record,Synthetic Workforce Movement Generator
MOVEMENT-01857,EMP086,Hina Tariq,Transfer,2026-07-10,DEPARTMENT-006,Operations,DEPARTMENT-007,IT,ORGANIZATIONAL-UNIT-OPS,ORGANIZATIONAL-UNIT-IT,POS-086,HISTORICAL-DESTINATION-IT-23,Business requirement,Yes,Current Employee Record,Synthetic Workforce Movement Generator
MOVEMENT-01858,EMP488,Omar Akhtar,Transfer,2026-07-17,DEPARTMENT-011,Legal & Compliance,DEPARTMENT-015,Quality Assurance,ORGANIZATIONAL-UNIT-LGL,ORGANIZATIONAL-UNIT-QAS,POS-477,HISTORICAL-DESTINATION-QAS-23,Career development,Yes,Current Employee Record,Synthetic Workforce Movement Generator
MOVEMENT-01859,EMP004,Ali Masood,Transfer,2026-07-02,DEPARTMENT-002,Finance,DEPARTMENT-009,Training & Development,ORGANIZATIONAL-UNIT-FIN,ORGANIZATIONAL-UNIT-TRN,POS-004,HISTORICAL-DESTINATION-TRN-23,Workforce balancing,Yes,Current Employee Record,Synthetic Workforce Movement Generator
MOVEMENT-01860,EMP157,Saba Qureshi,Transfer,2026-07-06,DEPARTMENT-006,Operations,DEPARTMENT-015,Quality Assurance,ORGANIZATIONAL-UNIT-OPS,ORGANIZATIONAL-UNIT-QAS,POS-157,HISTORICAL-DESTINATION-QAS-23,Business requirement,Yes,Current Employee Record,Synthetic Workforce Movement Generator
MOVEMENT-01861,EMP333,Bilal Zafar,Transfer,2026-07-06,DEPARTMENT-008,Medical Care,DEPARTMENT-005,Engineering,ORGANIZATIONAL-UNIT-MED,ORGANIZATIONAL-UNIT-ENG,POS-325,HISTORICAL-DESTINATION-ENG-23,Career development,Yes,Current Employee Record,Synthetic Workforce Movement Generator
MOVEMENT-01862,HISTORICAL-EMPLOYEE-1076,Historical HR Employee 1076,Join,2026-07-10,,,DEPARTMENT-001,HR,,ORGANIZATIONAL-UNIT-HR,,,Replacement hire,No,Historical Movement Subject,Synthetic Workforce Movement Generator
MOVEMENT-01863,HISTORICAL-EMPLOYEE-1077,Historical HR Employee 1077,Leave,2026-07-18,DEPARTMENT-001,HR,,,ORGANIZATIONAL-UNIT-HR,,,,Contract completion,Yes,Historical Movement Subject,Synthetic Workforce Movement Generator
MOVEMENT-01864,EMP130,Waqas Siddiqui,Promotion,2026-07-16,DEPARTMENT-001,HR,DEPARTMENT-001,HR,ORGANIZATIONAL-UNIT-HR,ORGANIZATIONAL-UNIT-HR,POS-130,HISTORICAL-PROMOTION-HR-23-01,Role expansion,No,Current Employee Record,Synthetic Workforce Movement Generator
MOVEMENT-01865,EMP221,Anam Akhtar,Promotion,2026-07-15,DEPARTMENT-001,HR,DEPARTMENT-001,HR,ORGANIZATIONAL-UNIT-HR,ORGANIZATIONAL-UNIT-HR,POS-220,HISTORICAL-PROMOTION-HR-23-02,Annual promotion cycle,No,Current Employee Record,Synthetic Workforce Movement Generator
MOVEMENT-01866,EMP207,Nida Sultan,Promotion,2026-07-21,DEPARTMENT-001,HR,DEPARTMENT-001,HR,ORGANIZATIONAL-UNIT-HR,ORGANIZATIONAL-UNIT-HR,POS-206,HISTORICAL-PROMOTION-HR-23-03,Role expansion,No,Current Employee Record,Synthetic Workforce Movement Generator
MOVEMENT-01867,HISTORICAL-EMPLOYEE-1078,Historical Finance Employee 1078,Join,2026-07-03,,,DEPARTMENT-002,Finance,,ORGANIZATIONAL-UNIT-FIN,,,Internship intake,No,Historical Movement Subject,Synthetic Workforce Movement Generator
MOVEMENT-01868,HISTORICAL-EMPLOYEE-1079,Historical Finance Employee 1079,Join,2026-07-25,,,DEPARTMENT-002,Finance,,ORGANIZATIONAL-UNIT-FIN,,,Internship intake,No,Historical Movement Subject,Synthetic Workforce Movement Generator
MOVEMENT-01869,HISTORICAL-EMPLOYEE-1080,Historical Finance Employee 1080,Join,2026-07-19,,,DEPARTMENT-002,Finance,,ORGANIZATIONAL-UNIT-FIN,,,Replacement hire,No,Historical Movement Subject,Synthetic Workforce Movement Generator
MOVEMENT-01870,HISTORICAL-EMPLOYEE-1081,Historical Finance Employee 1081,Join,2026-07-22,,,DEPARTMENT-002,Finance,,ORGANIZATIONAL-UNIT-FIN,,,Internship intake,No,Historical Movement Subject,Synthetic Workforce Movement Generator
MOVEMENT-01871,HISTORICAL-EMPLOYEE-1082,Historical Finance Employee 1082,Leave,2026-07-19,DEPARTMENT-002,Finance,,,ORGANIZATIONAL-UNIT-FIN,,,,Contract completion,Yes,Historical Movement Subject,Synthetic Workforce Movement Generator
MOVEMENT-01872,HISTORICAL-EMPLOYEE-1083,Historical Finance Employee 1083,Leave,2026-07-18,DEPARTMENT-002,Finance,,,ORGANIZATIONAL-UNIT-FIN,,,,Resignation,Yes,Historical Movement Subject,Synthetic Workforce Movement Generator
MOVEMENT-01873,EMP025,Raza Mughal,Promotion,2026-07-11,DEPARTMENT-002,Finance,DEPARTMENT-002,Finance,ORGANIZATIONAL-UNIT-FIN,ORGANIZATIONAL-UNIT-FIN,POS-025,HISTORICAL-PROMOTION-FIN-23-01,Role expansion,No,Current Employee Record,Synthetic Workforce Movement Generator
MOVEMENT-01874,EMP050,Mohsin Butt,Promotion,2026-07-21,DEPARTMENT-002,Finance,DEPARTMENT-002,Finance,ORGANIZATIONAL-UNIT-FIN,ORGANIZATIONAL-UNIT-FIN,POS-050,HISTORICAL-PROMOTION-FIN-23-02,Role expansion,No,Current Employee Record,Synthetic Workforce Movement Generator
MOVEMENT-01875,HISTORICAL-EMPLOYEE-1084,Historical Sales Employee 1084,Leave,2026-07-15,DEPARTMENT-003,Sales,,,ORGANIZATIONAL-UNIT-SAL,,,,Career opportunity,Yes,Historical Movement Subject,Synthetic Workforce Movement Generator
MOVEMENT-01876,EMP032,Laiba Mahmood,Promotion,2026-07-09,DEPARTMENT-003,Sales,DEPARTMENT-003,Sales,ORGANIZATIONAL-UNIT-SAL,ORGANIZATIONAL-UNIT-SAL,POS-032,HISTORICAL-PROMOTION-SAL-23-01,Role expansion,No,Current Employee Record,Synthetic Workforce Movement Generator
MOVEMENT-01877,EMP002,Bilal Aziz,Promotion,2026-07-17,DEPARTMENT-003,Sales,DEPARTMENT-003,Sales,ORGANIZATIONAL-UNIT-SAL,ORGANIZATIONAL-UNIT-SAL,POS-002,HISTORICAL-PROMOTION-SAL-23-02,Annual promotion cycle,No,Current Employee Record,Synthetic Workforce Movement Generator
MOVEMENT-01878,EMP028,Salman Aziz,Promotion,2026-07-02,DEPARTMENT-003,Sales,DEPARTMENT-003,Sales,ORGANIZATIONAL-UNIT-SAL,ORGANIZATIONAL-UNIT-SAL,POS-028,HISTORICAL-PROMOTION-SAL-23-03,Annual promotion cycle,No,Current Employee Record,Synthetic Workforce Movement Generator
MOVEMENT-01879,EMP267,Haris Awan,Join,2026-07-20,,,DEPARTMENT-004,Customer Support,,ORGANIZATIONAL-UNIT-CS,,,Growth hiring,No,Current Employee Record,Synthetic Workforce Movement Generator
MOVEMENT-01880,HISTORICAL-EMPLOYEE-1085,Historical Customer Employee 1085,Leave,2026-07-03,DEPARTMENT-004,Customer Support,,,ORGANIZATIONAL-UNIT-CS,,,,Retirement,Yes,Historical Movement Subject,Synthetic Workforce Movement Generator
MOVEMENT-01881,EMP135,Eman Butt,Promotion,2026-07-02,DEPARTMENT-004,Customer Support,DEPARTMENT-004,Customer Support,ORGANIZATIONAL-UNIT-CS,ORGANIZATIONAL-UNIT-CS,POS-135,HISTORICAL-PROMOTION-CS-23-01,Merit promotion,No,Current Employee Record,Synthetic Workforce Movement Generator
MOVEMENT-01882,EMP276,Ali Riaz,Join,2026-07-06,,,DEPARTMENT-005,Engineering,,ORGANIZATIONAL-UNIT-ENG,,,Growth hiring,No,Current Employee Record,Synthetic Workforce Movement Generator
MOVEMENT-01883,HISTORICAL-EMPLOYEE-1086,Historical Engineering Employee 1086,Join,2026-07-24,,,DEPARTMENT-005,Engineering,,ORGANIZATIONAL-UNIT-ENG,,,Growth hiring,No,Historical Movement Subject,Synthetic Workforce Movement Generator
MOVEMENT-01884,HISTORICAL-EMPLOYEE-1087,Historical Engineering Employee 1087,Leave,2026-07-03,DEPARTMENT-005,Engineering,,,ORGANIZATIONAL-UNIT-ENG,,,,Retirement,No,Historical Movement Subject,Synthetic Workforce Movement Generator
MOVEMENT-01885,HISTORICAL-EMPLOYEE-1088,Historical Engineering Employee 1088,Leave,2026-07-16,DEPARTMENT-005,Engineering,,,ORGANIZATIONAL-UNIT-ENG,,,,Retirement,Yes,Historical Movement Subject,Synthetic Workforce Movement Generator
MOVEMENT-01886,EMP018,Sidra Tariq,Promotion,2026-07-19,DEPARTMENT-005,Engineering,DEPARTMENT-005,Engineering,ORGANIZATIONAL-UNIT-ENG,ORGANIZATIONAL-UNIT-ENG,POS-018,HISTORICAL-PROMOTION-ENG-23-01,Merit promotion,No,Current Employee Record,Synthetic Workforce Movement Generator
MOVEMENT-01887,EMP055,Sadia Mahmood,Promotion,2026-07-03,DEPARTMENT-005,Engineering,DEPARTMENT-005,Engineering,ORGANIZATIONAL-UNIT-ENG,ORGANIZATIONAL-UNIT-ENG,POS-055,HISTORICAL-PROMOTION-ENG-23-02,Merit promotion,No,Current Employee Record,Synthetic Workforce Movement Generator
MOVEMENT-01888,EMP018,Sidra Tariq,Promotion,2026-07-05,DEPARTMENT-005,Engineering,DEPARTMENT-005,Engineering,ORGANIZATIONAL-UNIT-ENG,ORGANIZATIONAL-UNIT-ENG,POS-018,HISTORICAL-PROMOTION-ENG-23-03,Merit promotion,No,Current Employee Record,Synthetic Workforce Movement Generator
MOVEMENT-01889,HISTORICAL-EMPLOYEE-1089,Historical Operations Employee 1089,Join,2026-07-14,,,DEPARTMENT-006,Operations,,ORGANIZATIONAL-UNIT-OPS,,,Replacement hire,No,Historical Movement Subject,Synthetic Workforce Movement Generator
MOVEMENT-01890,HISTORICAL-EMPLOYEE-1090,Historical Operations Employee 1090,Join,2026-07-20,,,DEPARTMENT-006,Operations,,ORGANIZATIONAL-UNIT-OPS,,,Approved recruitment plan,No,Historical Movement Subject,Synthetic Workforce Movement Generator
MOVEMENT-01891,HISTORICAL-EMPLOYEE-1091,Historical Operations Employee 1091,Join,2026-07-06,,,DEPARTMENT-006,Operations,,ORGANIZATIONAL-UNIT-OPS,,,Growth hiring,No,Historical Movement Subject,Synthetic Workforce Movement Generator
MOVEMENT-01892,HISTORICAL-EMPLOYEE-1092,Historical Operations Employee 1092,Join,2026-07-17,,,DEPARTMENT-006,Operations,,ORGANIZATIONAL-UNIT-OPS,,,Approved recruitment plan,No,Historical Movement Subject,Synthetic Workforce Movement Generator
MOVEMENT-01893,HISTORICAL-EMPLOYEE-1093,Historical Operations Employee 1093,Join,2026-07-21,,,DEPARTMENT-006,Operations,,ORGANIZATIONAL-UNIT-OPS,,,Replacement hire,No,Historical Movement Subject,Synthetic Workforce Movement Generator
MOVEMENT-01894,HISTORICAL-EMPLOYEE-1094,Historical Operations Employee 1094,Leave,2026-07-08,DEPARTMENT-006,Operations,,,ORGANIZATIONAL-UNIT-OPS,,,,Contract completion,Yes,Historical Movement Subject,Synthetic Workforce Movement Generator
MOVEMENT-01895,HISTORICAL-EMPLOYEE-1095,Historical Operations Employee 1095,Leave,2026-07-15,DEPARTMENT-006,Operations,,,ORGANIZATIONAL-UNIT-OPS,,,,Career opportunity,No,Historical Movement Subject,Synthetic Workforce Movement Generator
MOVEMENT-01896,HISTORICAL-EMPLOYEE-1096,Historical Operations Employee 1096,Leave,2026-07-08,DEPARTMENT-006,Operations,,,ORGANIZATIONAL-UNIT-OPS,,,,Retirement,Yes,Historical Movement Subject,Synthetic Workforce Movement Generator
MOVEMENT-01897,EMP043,Amir Javed,Promotion,2026-07-24,DEPARTMENT-006,Operations,DEPARTMENT-006,Operations,ORGANIZATIONAL-UNIT-OPS,ORGANIZATIONAL-UNIT-OPS,POS-043,HISTORICAL-PROMOTION-OPS-23-01,Merit promotion,No,Current Employee Record,Synthetic Workforce Movement Generator
MOVEMENT-01898,EMP191,Danish Yousaf,Promotion,2026-07-15,DEPARTMENT-006,Operations,DEPARTMENT-006,Operations,ORGANIZATIONAL-UNIT-OPS,ORGANIZATIONAL-UNIT-OPS,POS-191,HISTORICAL-PROMOTION-OPS-23-02,Role expansion,No,Current Employee Record,Synthetic Workforce Movement Generator
MOVEMENT-01899,HISTORICAL-EMPLOYEE-1097,Historical IT Employee 1097,Join,2026-07-24,,,DEPARTMENT-007,IT,,ORGANIZATIONAL-UNIT-IT,,,Replacement hire,No,Historical Movement Subject,Synthetic Workforce Movement Generator
MOVEMENT-01900,HISTORICAL-EMPLOYEE-1098,Historical IT Employee 1098,Join,2026-07-07,,,DEPARTMENT-007,IT,,ORGANIZATIONAL-UNIT-IT,,,Approved recruitment plan,No,Historical Movement Subject,Synthetic Workforce Movement Generator
MOVEMENT-01901,HISTORICAL-EMPLOYEE-1099,Historical IT Employee 1099,Leave,2026-07-09,DEPARTMENT-007,IT,,,ORGANIZATIONAL-UNIT-IT,,,,Contract completion,Yes,Historical Movement Subject,Synthetic Workforce Movement Generator
MOVEMENT-01902,HISTORICAL-EMPLOYEE-1100,Historical IT Employee 1100,Leave,2026-07-17,DEPARTMENT-007,IT,,,ORGANIZATIONAL-UNIT-IT,,,,Retirement,Yes,Historical Movement Subject,Synthetic Workforce Movement Generator
MOVEMENT-01903,HISTORICAL-EMPLOYEE-1101,Historical IT Employee 1101,Leave,2026-07-21,DEPARTMENT-007,IT,,,ORGANIZATIONAL-UNIT-IT,,,,Retirement,Yes,Historical Movement Subject,Synthetic Workforce Movement Generator
MOVEMENT-01904,EMP183,Zain Saleem,Promotion,2026-07-02,DEPARTMENT-007,IT,DEPARTMENT-007,IT,ORGANIZATIONAL-UNIT-IT,ORGANIZATIONAL-UNIT-IT,POS-183,HISTORICAL-PROMOTION-IT-23-01,Annual promotion cycle,No,Current Employee Record,Synthetic Workforce Movement Generator
MOVEMENT-01905,HISTORICAL-EMPLOYEE-1102,Historical Medical Employee 1102,Join,2026-07-21,,,DEPARTMENT-008,Medical Care,,ORGANIZATIONAL-UNIT-MED,,,Replacement hire,No,Historical Movement Subject,Synthetic Workforce Movement Generator
MOVEMENT-01906,HISTORICAL-EMPLOYEE-1103,Historical Medical Employee 1103,Join,2026-07-18,,,DEPARTMENT-008,Medical Care,,ORGANIZATIONAL-UNIT-MED,,,Replacement hire,No,Historical Movement Subject,Synthetic Workforce Movement Generator
MOVEMENT-01907,HISTORICAL-EMPLOYEE-1104,Historical Medical Employee 1104,Join,2026-07-02,,,DEPARTMENT-008,Medical Care,,ORGANIZATIONAL-UNIT-MED,,,Internship intake,No,Historical Movement Subject,Synthetic Workforce Movement Generator
MOVEMENT-01908,HISTORICAL-EMPLOYEE-1105,Historical Medical Employee 1105,Join,2026-07-05,,,DEPARTMENT-008,Medical Care,,ORGANIZATIONAL-UNIT-MED,,,Replacement hire,No,Historical Movement Subject,Synthetic Workforce Movement Generator
MOVEMENT-01909,HISTORICAL-EMPLOYEE-1106,Historical Medical Employee 1106,Join,2026-07-04,,,DEPARTMENT-008,Medical Care,,ORGANIZATIONAL-UNIT-MED,,,Approved recruitment plan,No,Historical Movement Subject,Synthetic Workforce Movement Generator
MOVEMENT-01910,HISTORICAL-EMPLOYEE-1107,Historical Medical Employee 1107,Leave,2026-07-02,DEPARTMENT-008,Medical Care,,,ORGANIZATIONAL-UNIT-MED,,,,Contract completion,No,Historical Movement Subject,Synthetic Workforce Movement Generator
MOVEMENT-01911,HISTORICAL-EMPLOYEE-1108,Historical Medical Employee 1108,Leave,2026-07-25,DEPARTMENT-008,Medical Care,,,ORGANIZATIONAL-UNIT-MED,,,,Retirement,No,Historical Movement Subject,Synthetic Workforce Movement Generator
MOVEMENT-01912,EMP404,Adnan Aslam,Join,2026-07-13,,,DEPARTMENT-009,Training & Development,,ORGANIZATIONAL-UNIT-TRN,,,Replacement hire,No,Current Employee Record,Synthetic Workforce Movement Generator
MOVEMENT-01913,EMP393,Nida Awan,Promotion,2026-07-22,DEPARTMENT-009,Training & Development,DEPARTMENT-009,Training & Development,ORGANIZATIONAL-UNIT-TRN,ORGANIZATIONAL-UNIT-TRN,POS-384,HISTORICAL-PROMOTION-TRN-23-01,Role expansion,No,Current Employee Record,Synthetic Workforce Movement Generator
MOVEMENT-01914,EMP427,Zainab Ahmed,Promotion,2026-07-14,DEPARTMENT-010,Administration & Facilities,DEPARTMENT-010,Administration & Facilities,ORGANIZATIONAL-UNIT-ADM,ORGANIZATIONAL-UNIT-ADM,POS-417,HISTORICAL-PROMOTION-ADM-23-01,Role expansion,No,Current Employee Record,Synthetic Workforce Movement Generator
MOVEMENT-01915,EMP421,Amna Mirza,Promotion,2026-07-08,DEPARTMENT-010,Administration & Facilities,DEPARTMENT-010,Administration & Facilities,ORGANIZATIONAL-UNIT-ADM,ORGANIZATIONAL-UNIT-ADM,POS-411,HISTORICAL-PROMOTION-ADM-23-02,Annual promotion cycle,No,Current Employee Record,Synthetic Workforce Movement Generator
MOVEMENT-01916,EMP434,Ayesha Awan,Promotion,2026-07-17,DEPARTMENT-010,Administration & Facilities,DEPARTMENT-010,Administration & Facilities,ORGANIZATIONAL-UNIT-ADM,ORGANIZATIONAL-UNIT-ADM,POS-424,HISTORICAL-PROMOTION-ADM-23-03,Annual promotion cycle,No,Current Employee Record,Synthetic Workforce Movement Generator
MOVEMENT-01917,HISTORICAL-EMPLOYEE-1109,Historical Legal Employee 1109,Join,2026-07-13,,,DEPARTMENT-011,Legal & Compliance,,ORGANIZATIONAL-UNIT-LGL,,,Growth hiring,No,Historical Movement Subject,Synthetic Workforce Movement Generator
MOVEMENT-01918,HISTORICAL-EMPLOYEE-1110,Historical Legal Employee 1110,Join,2026-07-02,,,DEPARTMENT-011,Legal & Compliance,,ORGANIZATIONAL-UNIT-LGL,,,Approved recruitment plan,No,Historical Movement Subject,Synthetic Workforce Movement Generator
MOVEMENT-01919,HISTORICAL-EMPLOYEE-1111,Historical Legal Employee 1111,Join,2026-07-13,,,DEPARTMENT-011,Legal & Compliance,,ORGANIZATIONAL-UNIT-LGL,,,Growth hiring,No,Historical Movement Subject,Synthetic Workforce Movement Generator
MOVEMENT-01920,HISTORICAL-EMPLOYEE-1112,Historical Legal Employee 1112,Join,2026-07-17,,,DEPARTMENT-011,Legal & Compliance,,ORGANIZATIONAL-UNIT-LGL,,,Growth hiring,No,Historical Movement Subject,Synthetic Workforce Movement Generator
MOVEMENT-01921,HISTORICAL-EMPLOYEE-1113,Historical Legal Employee 1113,Leave,2026-07-12,DEPARTMENT-011,Legal & Compliance,,,ORGANIZATIONAL-UNIT-LGL,,,,Retirement,No,Historical Movement Subject,Synthetic Workforce Movement Generator
MOVEMENT-01922,HISTORICAL-EMPLOYEE-1114,Historical Procurement Employee 1114,Join,2026-07-08,,,DEPARTMENT-012,Procurement & Supply Chain,,ORGANIZATIONAL-UNIT-PRC,,,Replacement hire,No,Historical Movement Subject,Synthetic Workforce Movement Generator
MOVEMENT-01923,HISTORICAL-EMPLOYEE-1115,Historical Procurement Employee 1115,Join,2026-07-08,,,DEPARTMENT-012,Procurement & Supply Chain,,ORGANIZATIONAL-UNIT-PRC,,,Internship intake,No,Historical Movement Subject,Synthetic Workforce Movement Generator
MOVEMENT-01924,HISTORICAL-EMPLOYEE-1116,Historical Procurement Employee 1116,Join,2026-07-21,,,DEPARTMENT-012,Procurement & Supply Chain,,ORGANIZATIONAL-UNIT-PRC,,,Internship intake,No,Historical Movement Subject,Synthetic Workforce Movement Generator
MOVEMENT-01925,HISTORICAL-EMPLOYEE-1117,Historical Procurement Employee 1117,Leave,2026-07-17,DEPARTMENT-012,Procurement & Supply Chain,,,ORGANIZATIONAL-UNIT-PRC,,,,Retirement,Yes,Historical Movement Subject,Synthetic Workforce Movement Generator
MOVEMENT-01926,HISTORICAL-EMPLOYEE-1118,Historical Procurement Employee 1118,Leave,2026-07-25,DEPARTMENT-012,Procurement & Supply Chain,,,ORGANIZATIONAL-UNIT-PRC,,,,Career opportunity,Yes,Historical Movement Subject,Synthetic Workforce Movement Generator
MOVEMENT-01927,HISTORICAL-EMPLOYEE-1119,Historical Procurement Employee 1119,Leave,2026-07-06,DEPARTMENT-012,Procurement & Supply Chain,,,ORGANIZATIONAL-UNIT-PRC,,,,Career opportunity,No,Historical Movement Subject,Synthetic Workforce Movement Generator
MOVEMENT-01928,EMP530,Kamran Rauf,Promotion,2026-07-08,DEPARTMENT-012,Procurement & Supply Chain,DEPARTMENT-012,Procurement & Supply Chain,ORGANIZATIONAL-UNIT-PRC,ORGANIZATIONAL-UNIT-PRC,POS-518,HISTORICAL-PROMOTION-PRC-23-01,Merit promotion,No,Current Employee Record,Synthetic Workforce Movement Generator
MOVEMENT-01929,EMP513,Noor Iqbal,Promotion,2026-07-02,DEPARTMENT-012,Procurement & Supply Chain,DEPARTMENT-012,Procurement & Supply Chain,ORGANIZATIONAL-UNIT-PRC,ORGANIZATIONAL-UNIT-PRC,POS-501,HISTORICAL-PROMOTION-PRC-23-02,Role expansion,No,Current Employee Record,Synthetic Workforce Movement Generator
MOVEMENT-01930,EMP521,Noman Zafar,Promotion,2026-07-16,DEPARTMENT-012,Procurement & Supply Chain,DEPARTMENT-012,Procurement & Supply Chain,ORGANIZATIONAL-UNIT-PRC,ORGANIZATIONAL-UNIT-PRC,POS-509,HISTORICAL-PROMOTION-PRC-23-03,Annual promotion cycle,No,Current Employee Record,Synthetic Workforce Movement Generator
MOVEMENT-01931,HISTORICAL-EMPLOYEE-1120,Historical Logistics Employee 1120,Join,2026-07-14,,,DEPARTMENT-013,Logistics & Warehouse,,ORGANIZATIONAL-UNIT-LOG,,,Replacement hire,No,Historical Movement Subject,Synthetic Workforce Movement Generator
MOVEMENT-01932,HISTORICAL-EMPLOYEE-1121,Historical Logistics Employee 1121,Join,2026-07-17,,,DEPARTMENT-013,Logistics & Warehouse,,ORGANIZATIONAL-UNIT-LOG,,,Replacement hire,No,Historical Movement Subject,Synthetic Workforce Movement Generator
MOVEMENT-01933,HISTORICAL-EMPLOYEE-1122,Historical Logistics Employee 1122,Join,2026-07-11,,,DEPARTMENT-013,Logistics & Warehouse,,ORGANIZATIONAL-UNIT-LOG,,,Replacement hire,No,Historical Movement Subject,Synthetic Workforce Movement Generator
MOVEMENT-01934,HISTORICAL-EMPLOYEE-1123,Historical Logistics Employee 1123,Join,2026-07-23,,,DEPARTMENT-013,Logistics & Warehouse,,ORGANIZATIONAL-UNIT-LOG,,,Replacement hire,No,Historical Movement Subject,Synthetic Workforce Movement Generator
MOVEMENT-01935,HISTORICAL-EMPLOYEE-1124,Historical Logistics Employee 1124,Leave,2026-07-17,DEPARTMENT-013,Logistics & Warehouse,,,ORGANIZATIONAL-UNIT-LOG,,,,Retirement,Yes,Historical Movement Subject,Synthetic Workforce Movement Generator
MOVEMENT-01936,HISTORICAL-EMPLOYEE-1125,Historical Logistics Employee 1125,Leave,2026-07-17,DEPARTMENT-013,Logistics & Warehouse,,,ORGANIZATIONAL-UNIT-LOG,,,,Career opportunity,Yes,Historical Movement Subject,Synthetic Workforce Movement Generator
MOVEMENT-01937,HISTORICAL-EMPLOYEE-1126,Historical Logistics Employee 1126,Leave,2026-07-06,DEPARTMENT-013,Logistics & Warehouse,,,ORGANIZATIONAL-UNIT-LOG,,,,Contract completion,Yes,Historical Movement Subject,Synthetic Workforce Movement Generator
MOVEMENT-01938,EMP551,Saba Rehman,Promotion,2026-07-10,DEPARTMENT-013,Logistics & Warehouse,DEPARTMENT-013,Logistics & Warehouse,ORGANIZATIONAL-UNIT-LOG,ORGANIZATIONAL-UNIT-LOG,POS-538,HISTORICAL-PROMOTION-LOG-23-01,Role expansion,No,Current Employee Record,Synthetic Workforce Movement Generator
MOVEMENT-01939,EMP554,Sana Rauf,Promotion,2026-07-23,DEPARTMENT-013,Logistics & Warehouse,DEPARTMENT-013,Logistics & Warehouse,ORGANIZATIONAL-UNIT-LOG,ORGANIZATIONAL-UNIT-LOG,POS-541,HISTORICAL-PROMOTION-LOG-23-02,Role expansion,No,Current Employee Record,Synthetic Workforce Movement Generator
MOVEMENT-01940,HISTORICAL-EMPLOYEE-1127,Historical Production Employee 1127,Join,2026-07-16,,,DEPARTMENT-014,Production & Manufacturing,,ORGANIZATIONAL-UNIT-PRD,,,Growth hiring,No,Historical Movement Subject,Synthetic Workforce Movement Generator
MOVEMENT-01941,HISTORICAL-EMPLOYEE-1128,Historical Production Employee 1128,Leave,2026-07-08,DEPARTMENT-014,Production & Manufacturing,,,ORGANIZATIONAL-UNIT-PRD,,,,Retirement,Yes,Historical Movement Subject,Synthetic Workforce Movement Generator
MOVEMENT-01942,EMP601,Danish Javed,Promotion,2026-07-24,DEPARTMENT-014,Production & Manufacturing,DEPARTMENT-014,Production & Manufacturing,ORGANIZATIONAL-UNIT-PRD,ORGANIZATIONAL-UNIT-PRD,POS-587,HISTORICAL-PROMOTION-PRD-23-01,Merit promotion,No,Current Employee Record,Synthetic Workforce Movement Generator
MOVEMENT-01943,EMP626,Shahzaib Mughal,Promotion,2026-07-19,DEPARTMENT-014,Production & Manufacturing,DEPARTMENT-014,Production & Manufacturing,ORGANIZATIONAL-UNIT-PRD,ORGANIZATIONAL-UNIT-PRD,POS-612,HISTORICAL-PROMOTION-PRD-23-02,Role expansion,No,Current Employee Record,Synthetic Workforce Movement Generator
MOVEMENT-01944,HISTORICAL-EMPLOYEE-1129,Historical Quality Employee 1129,Join,2026-07-05,,,DEPARTMENT-015,Quality Assurance,,ORGANIZATIONAL-UNIT-QAS,,,Replacement hire,No,Historical Movement Subject,Synthetic Workforce Movement Generator
MOVEMENT-01945,HISTORICAL-EMPLOYEE-1130,Historical Quality Employee 1130,Join,2026-07-08,,,DEPARTMENT-015,Quality Assurance,,ORGANIZATIONAL-UNIT-QAS,,,Growth hiring,No,Historical Movement Subject,Synthetic Workforce Movement Generator
MOVEMENT-01946,HISTORICAL-EMPLOYEE-1131,Historical Quality Employee 1131,Join,2026-07-16,,,DEPARTMENT-015,Quality Assurance,,ORGANIZATIONAL-UNIT-QAS,,,Replacement hire,No,Historical Movement Subject,Synthetic Workforce Movement Generator
MOVEMENT-01947,HISTORICAL-EMPLOYEE-1132,Historical Quality Employee 1132,Leave,2026-07-13,DEPARTMENT-015,Quality Assurance,,,ORGANIZATIONAL-UNIT-QAS,,,,Career opportunity,Yes,Historical Movement Subject,Synthetic Workforce Movement Generator
MOVEMENT-01948,HISTORICAL-EMPLOYEE-1133,Historical Quality Employee 1133,Leave,2026-07-08,DEPARTMENT-015,Quality Assurance,,,ORGANIZATIONAL-UNIT-QAS,,,,Retirement,No,Historical Movement Subject,Synthetic Workforce Movement Generator
MOVEMENT-01949,HISTORICAL-EMPLOYEE-1134,Historical Quality Employee 1134,Leave,2026-07-17,DEPARTMENT-015,Quality Assurance,,,ORGANIZATIONAL-UNIT-QAS,,,,Resignation,Yes,Historical Movement Subject,Synthetic Workforce Movement Generator
MOVEMENT-01950,HISTORICAL-EMPLOYEE-1135,Historical Research Employee 1135,Join,2026-07-07,,,DEPARTMENT-016,Research & Development,,ORGANIZATIONAL-UNIT-RND,,,Replacement hire,No,Historical Movement Subject,Synthetic Workforce Movement Generator
MOVEMENT-01951,HISTORICAL-EMPLOYEE-1136,Historical Research Employee 1136,Join,2026-07-11,,,DEPARTMENT-016,Research & Development,,ORGANIZATIONAL-UNIT-RND,,,Growth hiring,No,Historical Movement Subject,Synthetic Workforce Movement Generator
MOVEMENT-01952,EMP690,Imran Dar,Promotion,2026-07-06,DEPARTMENT-016,Research & Development,DEPARTMENT-016,Research & Development,ORGANIZATIONAL-UNIT-RND,ORGANIZATIONAL-UNIT-RND,POS-674,HISTORICAL-PROMOTION-RND-23-01,Role expansion,No,Current Employee Record,Synthetic Workforce Movement Generator
MOVEMENT-01953,EMP717,Minal Hameed,Promotion,2026-07-08,DEPARTMENT-016,Research & Development,DEPARTMENT-016,Research & Development,ORGANIZATIONAL-UNIT-RND,ORGANIZATIONAL-UNIT-RND,POS-701,HISTORICAL-PROMOTION-RND-23-02,Annual promotion cycle,No,Current Employee Record,Synthetic Workforce Movement Generator
MOVEMENT-01954,EMP700,Eman Ismail,Promotion,2026-07-08,DEPARTMENT-016,Research & Development,DEPARTMENT-016,Research & Development,ORGANIZATIONAL-UNIT-RND,ORGANIZATIONAL-UNIT-RND,POS-684,HISTORICAL-PROMOTION-RND-23-03,Role expansion,No,Current Employee Record,Synthetic Workforce Movement Generator
MOVEMENT-01955,EMP372,Hassan Nadeem,Transfer,2026-08-06,DEPARTMENT-009,Training & Development,DEPARTMENT-011,Legal & Compliance,ORGANIZATIONAL-UNIT-TRN,ORGANIZATIONAL-UNIT-LGL,POS-363,HISTORICAL-DESTINATION-LGL-24,Workforce balancing,Yes,Current Employee Record,Synthetic Workforce Movement Generator
MOVEMENT-01956,EMP099,Bilal Aslam,Transfer,2026-08-03,DEPARTMENT-002,Finance,DEPARTMENT-003,Sales,ORGANIZATIONAL-UNIT-FIN,ORGANIZATIONAL-UNIT-SAL,POS-099,HISTORICAL-DESTINATION-SAL-24,Business requirement,Yes,Current Employee Record,Synthetic Workforce Movement Generator
MOVEMENT-01957,EMP445,Areeba Baig,Transfer,2026-08-10,DEPARTMENT-010,Administration & Facilities,DEPARTMENT-001,HR,ORGANIZATIONAL-UNIT-ADM,ORGANIZATIONAL-UNIT-HR,POS-435,HISTORICAL-DESTINATION-HR-24,Business requirement,Yes,Current Employee Record,Synthetic Workforce Movement Generator
MOVEMENT-01958,EMP357,Kamran Ismail,Transfer,2026-08-17,DEPARTMENT-008,Medical Care,DEPARTMENT-014,Production & Manufacturing,ORGANIZATIONAL-UNIT-MED,ORGANIZATIONAL-UNIT-PRD,POS-349,HISTORICAL-DESTINATION-PRD-24,Workforce balancing,Yes,Current Employee Record,Synthetic Workforce Movement Generator
MOVEMENT-01959,EMP595,Noman Dar,Transfer,2026-08-26,DEPARTMENT-014,Production & Manufacturing,DEPARTMENT-008,Medical Care,ORGANIZATIONAL-UNIT-PRD,ORGANIZATIONAL-UNIT-MED,POS-581,HISTORICAL-DESTINATION-MED-24,Career development,Yes,Current Employee Record,Synthetic Workforce Movement Generator
MOVEMENT-01960,EMP423,Danish Latif,Transfer,2026-08-16,DEPARTMENT-010,Administration & Facilities,DEPARTMENT-005,Engineering,ORGANIZATIONAL-UNIT-ADM,ORGANIZATIONAL-UNIT-ENG,POS-413,HISTORICAL-DESTINATION-ENG-24,Employee request,Yes,Current Employee Record,Synthetic Workforce Movement Generator
MOVEMENT-01961,EMP113,Shahbaz Gill,Transfer,2026-08-16,DEPARTMENT-007,IT,DEPARTMENT-011,Legal & Compliance,ORGANIZATIONAL-UNIT-IT,ORGANIZATIONAL-UNIT-LGL,POS-113,HISTORICAL-DESTINATION-LGL-24,Employee request,Yes,Current Employee Record,Synthetic Workforce Movement Generator
MOVEMENT-01962,EMP032,Laiba Mahmood,Transfer,2026-08-23,DEPARTMENT-003,Sales,DEPARTMENT-014,Production & Manufacturing,ORGANIZATIONAL-UNIT-SAL,ORGANIZATIONAL-UNIT-PRD,POS-032,HISTORICAL-DESTINATION-PRD-24,Business requirement,Yes,Current Employee Record,Synthetic Workforce Movement Generator
MOVEMENT-01963,HISTORICAL-EMPLOYEE-1137,Historical HR Employee 1137,Join,2026-08-15,,,DEPARTMENT-001,HR,,ORGANIZATIONAL-UNIT-HR,,,Internship intake,No,Historical Movement Subject,Synthetic Workforce Movement Generator
MOVEMENT-01964,HISTORICAL-EMPLOYEE-1138,Historical HR Employee 1138,Leave,2026-08-21,DEPARTMENT-001,HR,,,ORGANIZATIONAL-UNIT-HR,,,,Contract completion,Yes,Historical Movement Subject,Synthetic Workforce Movement Generator
MOVEMENT-01965,HISTORICAL-EMPLOYEE-1139,Historical HR Employee 1139,Leave,2026-08-21,DEPARTMENT-001,HR,,,ORGANIZATIONAL-UNIT-HR,,,,Retirement,No,Historical Movement Subject,Synthetic Workforce Movement Generator
MOVEMENT-01966,EMP211,Adnan Abbasi,Promotion,2026-08-02,DEPARTMENT-001,HR,DEPARTMENT-001,HR,ORGANIZATIONAL-UNIT-HR,ORGANIZATIONAL-UNIT-HR,POS-210,HISTORICAL-PROMOTION-HR-24-01,Merit promotion,No,Current Employee Record,Synthetic Workforce Movement Generator
MOVEMENT-01967,EMP221,Anam Akhtar,Promotion,2026-08-05,DEPARTMENT-001,HR,DEPARTMENT-001,HR,ORGANIZATIONAL-UNIT-HR,ORGANIZATIONAL-UNIT-HR,POS-220,HISTORICAL-PROMOTION-HR-24-02,Merit promotion,No,Current Employee Record,Synthetic Workforce Movement Generator
MOVEMENT-01968,EMP212,Talha Saleem,Promotion,2026-08-11,DEPARTMENT-001,HR,DEPARTMENT-001,HR,ORGANIZATIONAL-UNIT-HR,ORGANIZATIONAL-UNIT-HR,POS-211,HISTORICAL-PROMOTION-HR-24-03,Merit promotion,No,Current Employee Record,Synthetic Workforce Movement Generator
MOVEMENT-01969,HISTORICAL-EMPLOYEE-1140,Historical Finance Employee 1140,Join,2026-08-02,,,DEPARTMENT-002,Finance,,ORGANIZATIONAL-UNIT-FIN,,,Replacement hire,No,Historical Movement Subject,Synthetic Workforce Movement Generator
MOVEMENT-01970,HISTORICAL-EMPLOYEE-1141,Historical Finance Employee 1141,Join,2026-08-07,,,DEPARTMENT-002,Finance,,ORGANIZATIONAL-UNIT-FIN,,,Replacement hire,No,Historical Movement Subject,Synthetic Workforce Movement Generator
MOVEMENT-01971,HISTORICAL-EMPLOYEE-1142,Historical Finance Employee 1142,Join,2026-08-07,,,DEPARTMENT-002,Finance,,ORGANIZATIONAL-UNIT-FIN,,,Internship intake,No,Historical Movement Subject,Synthetic Workforce Movement Generator
MOVEMENT-01972,HISTORICAL-EMPLOYEE-1143,Historical Finance Employee 1143,Leave,2026-08-15,DEPARTMENT-002,Finance,,,ORGANIZATIONAL-UNIT-FIN,,,,Retirement,No,Historical Movement Subject,Synthetic Workforce Movement Generator
MOVEMENT-01973,HISTORICAL-EMPLOYEE-1144,Historical Finance Employee 1144,Leave,2026-08-05,DEPARTMENT-002,Finance,,,ORGANIZATIONAL-UNIT-FIN,,,,Retirement,Yes,Historical Movement Subject,Synthetic Workforce Movement Generator
MOVEMENT-01974,HISTORICAL-EMPLOYEE-1145,Historical Finance Employee 1145,Leave,2026-08-06,DEPARTMENT-002,Finance,,,ORGANIZATIONAL-UNIT-FIN,,,,Career opportunity,Yes,Historical Movement Subject,Synthetic Workforce Movement Generator
MOVEMENT-01975,HISTORICAL-EMPLOYEE-1146,Historical Sales Employee 1146,Join,2026-08-12,,,DEPARTMENT-003,Sales,,ORGANIZATIONAL-UNIT-SAL,,,Approved recruitment plan,No,Historical Movement Subject,Synthetic Workforce Movement Generator
MOVEMENT-01976,HISTORICAL-EMPLOYEE-1147,Historical Customer Employee 1147,Join,2026-08-23,,,DEPARTMENT-004,Customer Support,,ORGANIZATIONAL-UNIT-CS,,,Growth hiring,No,Historical Movement Subject,Synthetic Workforce Movement Generator
MOVEMENT-01977,HISTORICAL-EMPLOYEE-1148,Historical Customer Employee 1148,Leave,2026-08-25,DEPARTMENT-004,Customer Support,,,ORGANIZATIONAL-UNIT-CS,,,,Contract completion,Yes,Historical Movement Subject,Synthetic Workforce Movement Generator
MOVEMENT-01978,HISTORICAL-EMPLOYEE-1149,Historical Engineering Employee 1149,Join,2026-08-14,,,DEPARTMENT-005,Engineering,,ORGANIZATIONAL-UNIT-ENG,,,Internship intake,No,Historical Movement Subject,Synthetic Workforce Movement Generator
MOVEMENT-01979,HISTORICAL-EMPLOYEE-1150,Historical Engineering Employee 1150,Join,2026-08-03,,,DEPARTMENT-005,Engineering,,ORGANIZATIONAL-UNIT-ENG,,,Growth hiring,No,Historical Movement Subject,Synthetic Workforce Movement Generator
MOVEMENT-01980,HISTORICAL-EMPLOYEE-1151,Historical Engineering Employee 1151,Leave,2026-08-11,DEPARTMENT-005,Engineering,,,ORGANIZATIONAL-UNIT-ENG,,,,Resignation,No,Historical Movement Subject,Synthetic Workforce Movement Generator
MOVEMENT-01981,HISTORICAL-EMPLOYEE-1152,Historical Engineering Employee 1152,Leave,2026-08-17,DEPARTMENT-005,Engineering,,,ORGANIZATIONAL-UNIT-ENG,,,,Resignation,Yes,Historical Movement Subject,Synthetic Workforce Movement Generator
MOVEMENT-01982,HISTORICAL-EMPLOYEE-1153,Historical Engineering Employee 1153,Leave,2026-08-03,DEPARTMENT-005,Engineering,,,ORGANIZATIONAL-UNIT-ENG,,,,Contract completion,Yes,Historical Movement Subject,Synthetic Workforce Movement Generator
MOVEMENT-01983,EMP023,Fatima Masood,Promotion,2026-08-16,DEPARTMENT-006,Operations,DEPARTMENT-006,Operations,ORGANIZATIONAL-UNIT-OPS,ORGANIZATIONAL-UNIT-OPS,POS-023,HISTORICAL-PROMOTION-OPS-24-01,Annual promotion cycle,No,Current Employee Record,Synthetic Workforce Movement Generator
MOVEMENT-01984,EMP193,Zain Qureshi,Promotion,2026-08-21,DEPARTMENT-006,Operations,DEPARTMENT-006,Operations,ORGANIZATIONAL-UNIT-OPS,ORGANIZATIONAL-UNIT-OPS,POS-193,HISTORICAL-PROMOTION-OPS-24-02,Role expansion,No,Current Employee Record,Synthetic Workforce Movement Generator
MOVEMENT-01985,EMP175,Hassan Arif,Promotion,2026-08-07,DEPARTMENT-006,Operations,DEPARTMENT-006,Operations,ORGANIZATIONAL-UNIT-OPS,ORGANIZATIONAL-UNIT-OPS,POS-175,HISTORICAL-PROMOTION-OPS-24-03,Merit promotion,No,Current Employee Record,Synthetic Workforce Movement Generator
MOVEMENT-01986,HISTORICAL-EMPLOYEE-1154,Historical IT Employee 1154,Join,2026-08-05,,,DEPARTMENT-007,IT,,ORGANIZATIONAL-UNIT-IT,,,Internship intake,No,Historical Movement Subject,Synthetic Workforce Movement Generator
MOVEMENT-01987,EMP306,Imran Hameed,Promotion,2026-08-12,DEPARTMENT-007,IT,DEPARTMENT-007,IT,ORGANIZATIONAL-UNIT-IT,ORGANIZATIONAL-UNIT-IT,POS-299,HISTORICAL-PROMOTION-IT-24-01,Annual promotion cycle,No,Current Employee Record,Synthetic Workforce Movement Generator
MOVEMENT-01988,EMP302,Zainab Mahmood,Promotion,2026-08-25,DEPARTMENT-007,IT,DEPARTMENT-007,IT,ORGANIZATIONAL-UNIT-IT,ORGANIZATIONAL-UNIT-IT,POS-295,HISTORICAL-PROMOTION-IT-24-02,Annual promotion cycle,No,Current Employee Record,Synthetic Workforce Movement Generator
MOVEMENT-01989,EMP300,Talha Akhtar,Promotion,2026-08-13,DEPARTMENT-007,IT,DEPARTMENT-007,IT,ORGANIZATIONAL-UNIT-IT,ORGANIZATIONAL-UNIT-IT,POS-293,HISTORICAL-PROMOTION-IT-24-03,Merit promotion,No,Current Employee Record,Synthetic Workforce Movement Generator
MOVEMENT-01990,HISTORICAL-EMPLOYEE-1155,Historical Medical Employee 1155,Leave,2026-08-10,DEPARTMENT-008,Medical Care,,,ORGANIZATIONAL-UNIT-MED,,,,Resignation,No,Historical Movement Subject,Synthetic Workforce Movement Generator
MOVEMENT-01991,EMP325,Eman Iqbal,Promotion,2026-08-25,DEPARTMENT-008,Medical Care,DEPARTMENT-008,Medical Care,ORGANIZATIONAL-UNIT-MED,ORGANIZATIONAL-UNIT-MED,POS-317,HISTORICAL-PROMOTION-MED-24-01,Annual promotion cycle,No,Current Employee Record,Synthetic Workforce Movement Generator
MOVEMENT-01992,EMP331,Iqra Saleem,Promotion,2026-08-14,DEPARTMENT-008,Medical Care,DEPARTMENT-008,Medical Care,ORGANIZATIONAL-UNIT-MED,ORGANIZATIONAL-UNIT-MED,POS-323,HISTORICAL-PROMOTION-MED-24-02,Merit promotion,No,Current Employee Record,Synthetic Workforce Movement Generator
MOVEMENT-01993,EMP356,Hira Mirza,Promotion,2026-08-06,DEPARTMENT-008,Medical Care,DEPARTMENT-008,Medical Care,ORGANIZATIONAL-UNIT-MED,ORGANIZATIONAL-UNIT-MED,POS-348,HISTORICAL-PROMOTION-MED-24-03,Merit promotion,No,Current Employee Record,Synthetic Workforce Movement Generator
MOVEMENT-01994,EMP379,Anusha Qureshi,Promotion,2026-08-09,DEPARTMENT-009,Training & Development,DEPARTMENT-009,Training & Development,ORGANIZATIONAL-UNIT-TRN,ORGANIZATIONAL-UNIT-TRN,POS-370,HISTORICAL-PROMOTION-TRN-24-01,Merit promotion,No,Current Employee Record,Synthetic Workforce Movement Generator
MOVEMENT-01995,EMP402,Asad Habib,Promotion,2026-08-22,DEPARTMENT-009,Training & Development,DEPARTMENT-009,Training & Development,ORGANIZATIONAL-UNIT-TRN,ORGANIZATIONAL-UNIT-TRN,POS-393,HISTORICAL-PROMOTION-TRN-24-02,Role expansion,No,Current Employee Record,Synthetic Workforce Movement Generator
MOVEMENT-01996,HISTORICAL-EMPLOYEE-1156,Historical Administration Employee 1156,Join,2026-08-05,,,DEPARTMENT-010,Administration & Facilities,,ORGANIZATIONAL-UNIT-ADM,,,Replacement hire,No,Historical Movement Subject,Synthetic Workforce Movement Generator
MOVEMENT-01997,EMP431,Noman Iqbal,Promotion,2026-08-04,DEPARTMENT-010,Administration & Facilities,DEPARTMENT-010,Administration & Facilities,ORGANIZATIONAL-UNIT-ADM,ORGANIZATIONAL-UNIT-ADM,POS-421,HISTORICAL-PROMOTION-ADM-24-01,Merit promotion,No,Current Employee Record,Synthetic Workforce Movement Generator
MOVEMENT-01998,EMP437,Ali Ismail,Promotion,2026-08-03,DEPARTMENT-010,Administration & Facilities,DEPARTMENT-010,Administration & Facilities,ORGANIZATIONAL-UNIT-ADM,ORGANIZATIONAL-UNIT-ADM,POS-427,HISTORICAL-PROMOTION-ADM-24-02,Annual promotion cycle,No,Current Employee Record,Synthetic Workforce Movement Generator
MOVEMENT-01999,EMP440,Iqra Zafar,Promotion,2026-08-25,DEPARTMENT-010,Administration & Facilities,DEPARTMENT-010,Administration & Facilities,ORGANIZATIONAL-UNIT-ADM,ORGANIZATIONAL-UNIT-ADM,POS-430,HISTORICAL-PROMOTION-ADM-24-03,Merit promotion,No,Current Employee Record,Synthetic Workforce Movement Generator
MOVEMENT-02000,HISTORICAL-EMPLOYEE-1157,Historical Legal Employee 1157,Leave,2026-08-23,DEPARTMENT-011,Legal & Compliance,,,ORGANIZATIONAL-UNIT-LGL,,,,Resignation,Yes,Historical Movement Subject,Synthetic Workforce Movement Generator
MOVEMENT-02001,HISTORICAL-EMPLOYEE-1158,Historical Legal Employee 1158,Leave,2026-08-10,DEPARTMENT-011,Legal & Compliance,,,ORGANIZATIONAL-UNIT-LGL,,,,Retirement,No,Historical Movement Subject,Synthetic Workforce Movement Generator
MOVEMENT-02002,HISTORICAL-EMPLOYEE-1159,Historical Legal Employee 1159,Leave,2026-08-13,DEPARTMENT-011,Legal & Compliance,,,ORGANIZATIONAL-UNIT-LGL,,,,Career opportunity,Yes,Historical Movement Subject,Synthetic Workforce Movement Generator
MOVEMENT-02003,EMP507,Minal Malik,Promotion,2026-08-09,DEPARTMENT-012,Procurement & Supply Chain,DEPARTMENT-012,Procurement & Supply Chain,ORGANIZATIONAL-UNIT-PRC,ORGANIZATIONAL-UNIT-PRC,POS-495,HISTORICAL-PROMOTION-PRC-24-01,Merit promotion,No,Current Employee Record,Synthetic Workforce Movement Generator
MOVEMENT-02004,EMP506,Komal Munir,Promotion,2026-08-17,DEPARTMENT-012,Procurement & Supply Chain,DEPARTMENT-012,Procurement & Supply Chain,ORGANIZATIONAL-UNIT-PRC,ORGANIZATIONAL-UNIT-PRC,POS-494,HISTORICAL-PROMOTION-PRC-24-02,Annual promotion cycle,No,Current Employee Record,Synthetic Workforce Movement Generator
MOVEMENT-02005,HISTORICAL-EMPLOYEE-1160,Historical Logistics Employee 1160,Join,2026-08-13,,,DEPARTMENT-013,Logistics & Warehouse,,ORGANIZATIONAL-UNIT-LOG,,,Growth hiring,No,Historical Movement Subject,Synthetic Workforce Movement Generator
MOVEMENT-02006,HISTORICAL-EMPLOYEE-1161,Historical Logistics Employee 1161,Join,2026-08-22,,,DEPARTMENT-013,Logistics & Warehouse,,ORGANIZATIONAL-UNIT-LOG,,,Growth hiring,No,Historical Movement Subject,Synthetic Workforce Movement Generator
MOVEMENT-02007,HISTORICAL-EMPLOYEE-1162,Historical Logistics Employee 1162,Join,2026-08-04,,,DEPARTMENT-013,Logistics & Warehouse,,ORGANIZATIONAL-UNIT-LOG,,,Replacement hire,No,Historical Movement Subject,Synthetic Workforce Movement Generator
MOVEMENT-02008,HISTORICAL-EMPLOYEE-1163,Historical Logistics Employee 1163,Leave,2026-08-15,DEPARTMENT-013,Logistics & Warehouse,,,ORGANIZATIONAL-UNIT-LOG,,,,Retirement,Yes,Historical Movement Subject,Synthetic Workforce Movement Generator
MOVEMENT-02009,HISTORICAL-EMPLOYEE-1164,Historical Logistics Employee 1164,Leave,2026-08-16,DEPARTMENT-013,Logistics & Warehouse,,,ORGANIZATIONAL-UNIT-LOG,,,,Retirement,No,Historical Movement Subject,Synthetic Workforce Movement Generator
MOVEMENT-02010,HISTORICAL-EMPLOYEE-1165,Historical Logistics Employee 1165,Leave,2026-08-19,DEPARTMENT-013,Logistics & Warehouse,,,ORGANIZATIONAL-UNIT-LOG,,,,Career opportunity,Yes,Historical Movement Subject,Synthetic Workforce Movement Generator
MOVEMENT-02011,EMP570,Komal Farooq,Promotion,2026-08-10,DEPARTMENT-013,Logistics & Warehouse,DEPARTMENT-013,Logistics & Warehouse,ORGANIZATIONAL-UNIT-LOG,ORGANIZATIONAL-UNIT-LOG,POS-557,HISTORICAL-PROMOTION-LOG-24-01,Annual promotion cycle,No,Current Employee Record,Synthetic Workforce Movement Generator
MOVEMENT-02012,EMP565,Rabia Tariq,Promotion,2026-08-17,DEPARTMENT-013,Logistics & Warehouse,DEPARTMENT-013,Logistics & Warehouse,ORGANIZATIONAL-UNIT-LOG,ORGANIZATIONAL-UNIT-LOG,POS-552,HISTORICAL-PROMOTION-LOG-24-02,Annual promotion cycle,No,Current Employee Record,Synthetic Workforce Movement Generator
MOVEMENT-02013,HISTORICAL-EMPLOYEE-1166,Historical Production Employee 1166,Join,2026-08-14,,,DEPARTMENT-014,Production & Manufacturing,,ORGANIZATIONAL-UNIT-PRD,,,Approved recruitment plan,No,Historical Movement Subject,Synthetic Workforce Movement Generator
MOVEMENT-02014,HISTORICAL-EMPLOYEE-1167,Historical Production Employee 1167,Leave,2026-08-14,DEPARTMENT-014,Production & Manufacturing,,,ORGANIZATIONAL-UNIT-PRD,,,,Career opportunity,No,Historical Movement Subject,Synthetic Workforce Movement Generator
MOVEMENT-02015,HISTORICAL-EMPLOYEE-1168,Historical Production Employee 1168,Leave,2026-08-06,DEPARTMENT-014,Production & Manufacturing,,,ORGANIZATIONAL-UNIT-PRD,,,,Contract completion,No,Historical Movement Subject,Synthetic Workforce Movement Generator
MOVEMENT-02016,EMP616,Rabia Sheikh,Promotion,2026-08-15,DEPARTMENT-014,Production & Manufacturing,DEPARTMENT-014,Production & Manufacturing,ORGANIZATIONAL-UNIT-PRD,ORGANIZATIONAL-UNIT-PRD,POS-602,HISTORICAL-PROMOTION-PRD-24-01,Merit promotion,No,Current Employee Record,Synthetic Workforce Movement Generator
MOVEMENT-02017,EMP619,Kashif Ansari,Promotion,2026-08-24,DEPARTMENT-014,Production & Manufacturing,DEPARTMENT-014,Production & Manufacturing,ORGANIZATIONAL-UNIT-PRD,ORGANIZATIONAL-UNIT-PRD,POS-605,HISTORICAL-PROMOTION-PRD-24-02,Annual promotion cycle,No,Current Employee Record,Synthetic Workforce Movement Generator
MOVEMENT-02018,EMP594,Raza Mirza,Promotion,2026-08-03,DEPARTMENT-014,Production & Manufacturing,DEPARTMENT-014,Production & Manufacturing,ORGANIZATIONAL-UNIT-PRD,ORGANIZATIONAL-UNIT-PRD,POS-580,HISTORICAL-PROMOTION-PRD-24-03,Annual promotion cycle,No,Current Employee Record,Synthetic Workforce Movement Generator
MOVEMENT-02019,HISTORICAL-EMPLOYEE-1169,Historical Quality Employee 1169,Leave,2026-08-08,DEPARTMENT-015,Quality Assurance,,,ORGANIZATIONAL-UNIT-QAS,,,,Contract completion,Yes,Historical Movement Subject,Synthetic Workforce Movement Generator
MOVEMENT-02020,EMP661,Fatima Sheikh,Promotion,2026-08-13,DEPARTMENT-015,Quality Assurance,DEPARTMENT-015,Quality Assurance,ORGANIZATIONAL-UNIT-QAS,ORGANIZATIONAL-UNIT-QAS,POS-646,HISTORICAL-PROMOTION-QAS-24-01,Role expansion,No,Current Employee Record,Synthetic Workforce Movement Generator
MOVEMENT-02021,EMP695,Noman Hameed,Promotion,2026-08-15,DEPARTMENT-016,Research & Development,DEPARTMENT-016,Research & Development,ORGANIZATIONAL-UNIT-RND,ORGANIZATIONAL-UNIT-RND,POS-679,HISTORICAL-PROMOTION-RND-24-01,Annual promotion cycle,No,Current Employee Record,Synthetic Workforce Movement Generator
